DB_DrugID,DB_DrugName,CTD_ChemicalName,CTD_ChemicalID,DiseaseID,DiseaseName
DB14509,Lithium carbonate,Lithium Carbonate,D016651,MESH:D001008,Anxiety Disorders
DB14509,Lithium carbonate,Lithium Carbonate,D016651,MESH:D001037,Aphasia
DB14509,Lithium carbonate,Lithium Carbonate,D016651,MESH:D001714,Bipolar Disorder
DB14509,Lithium carbonate,Lithium Carbonate,D016651,MESH:D003866,Depressive Disorder
DB14509,Lithium carbonate,Lithium Carbonate,D016651,MESH:D020820,Dyskinesias
DB14509,Lithium carbonate,Lithium Carbonate,D016651,MESH:D006212,Hallucinations
DB14509,Lithium carbonate,Lithium Carbonate,D016651,MESH:D006561,Herpes Simplex
DB14509,Lithium carbonate,Lithium Carbonate,D016651,MESH:D006948,Hyperkinesis
DB14509,Lithium carbonate,Lithium Carbonate,D016651,MESH:D007970,Leukopenia
DB14509,Lithium carbonate,Lithium Carbonate,D016651,MESH:D003865,Major Depressive Disorder
DB14509,Lithium carbonate,Lithium Carbonate,D016651,MESH:D008569,Memory Disorders
DB14509,Lithium carbonate,Lithium Carbonate,D016651,MESH:D001523,Mental Disorders
DB14509,Lithium carbonate,Lithium Carbonate,D016651,MESH:D008881,Migraine Disorders
DB14509,Lithium carbonate,Lithium Carbonate,D016651,MESH:D019964,Mood Disorders
DB14509,Lithium carbonate,Lithium Carbonate,D016651,MESH:D010259,Paranoid Disorders
DB14509,Lithium carbonate,Lithium Carbonate,D016651,MESH:D020795,Photophobia
DB14509,Lithium carbonate,Lithium Carbonate,D016651,MESH:D011507,Proteinuria
DB14509,Lithium carbonate,Lithium Carbonate,D016651,MESH:D011595,Psychomotor Agitation
DB14509,Lithium carbonate,Lithium Carbonate,D016651,MESH:D011618,Psychotic Disorders
DB14509,Lithium carbonate,Lithium Carbonate,D016651,MESH:D012559,Schizophrenia
DB14509,Lithium carbonate,Lithium Carbonate,D016651,MESH:D007319,Sleep Initiation and Maintenance Disorders
DB14509,Lithium carbonate,Lithium Carbonate,D016651,MESH:D013971,Thyrotoxicosis
DB00996,Gabapentin,Gabapentin,D000077206,MESH:D000437,Alcoholism
DB00996,Gabapentin,Gabapentin,D000077206,MESH:D018771,Arthralgia
DB00996,Gabapentin,Gabapentin,D000077206,MESH:D001259,Ataxia
DB00996,Gabapentin,Gabapentin,D000077206,MESH:D001714,Bipolar Disorder
DB00996,Gabapentin,Gabapentin,D000077206,MESH:D002524,Cerebellar Ataxia
DB00996,Gabapentin,Gabapentin,D000077206,MESH:D019970,Cocaine-Related Disorders
DB00996,Gabapentin,Gabapentin,D000077206,MESH:D003928,Diabetic Nephropathies
DB00996,Gabapentin,Gabapentin,D000077206,MESH:D003929,Diabetic Neuropathies
DB00996,Gabapentin,Gabapentin,D000077206,MESH:D004421,Dystonia
DB00996,Gabapentin,Gabapentin,D000077206,MESH:D004827,Epilepsy
DB00996,Gabapentin,Gabapentin,D000077206,MESH:D004916,Erythromelalgia
DB00996,Gabapentin,Gabapentin,D000077206,MESH:D020329,Essential Tremor
DB00996,Gabapentin,Gabapentin,D000077206,MESH:D006930,Hyperalgesia
DB00996,Gabapentin,Gabapentin,D000077206,MESH:D006965,Hyperplasia
DB00996,Gabapentin,Gabapentin,D000077206,MESH:D000860,Hypoxia
DB00996,Gabapentin,Gabapentin,D000077206,MESH:D007249,Inflammation
DB00996,Gabapentin,Gabapentin,D000077206,MESH:D043183,Irritable Bowel Syndrome
DB00996,Gabapentin,Gabapentin,D000077206,MESH:D007889,Leiomyoma
DB00996,Gabapentin,Gabapentin,D000077206,MESH:D008881,Migraine Disorders
DB00996,Gabapentin,Gabapentin,D000077206,MESH:D009135,Muscular Diseases
DB00996,Gabapentin,Gabapentin,D000077206,MESH:D009410,Nerve Degeneration
DB00996,Gabapentin,Gabapentin,D000077206,MESH:D009437,Neuralgia
DB00996,Gabapentin,Gabapentin,D000077206,MESH:D010146,Pain
DB00996,Gabapentin,Gabapentin,D000077206,MESH:D010243,Paralysis
DB00996,Gabapentin,Gabapentin,D000077206,MESH:D010292,Paresthesia
DB00996,Gabapentin,Gabapentin,D000077206,MESH:D010300,Parkinson Disease
DB00996,Gabapentin,Gabapentin,D000077206,MESH:D011115,Polyneuropathies
DB00996,Gabapentin,Gabapentin,D000077206,MESH:D011164,Porphyrias
DB00996,Gabapentin,Gabapentin,D000077206,MESH:D010149,Postoperative Pain
DB00996,Gabapentin,Gabapentin,D000077206,MESH:D012148,Restless Legs Syndrome
DB00996,Gabapentin,Gabapentin,D000077206,MESH:D012640,Seizures
DB00996,Gabapentin,Gabapentin,D000077206,MESH:D020886,Somatosensory Disorders
DB00996,Gabapentin,Gabapentin,D000077206,MESH:D020754,Spinocerebellar Ataxias
DB00996,Gabapentin,Gabapentin,D000077206,MESH:D014202,Tremor
DB00996,Gabapentin,Gabapentin,D000077206,MESH:D014277,Trigeminal Neuralgia
DB00740,Riluzole,Riluzole,D019782,MESH:D000690,Amyotrophic Lateral Sclerosis
DB00740,Riluzole,Riluzole,D019782,MESH:D006948,Hyperkinesis
DB00740,Riluzole,Riluzole,D019782,MESH:D007511,Ischemia
DB00740,Riluzole,Riluzole,D019782,MESH:D020149,Manganese Poisoning
DB00740,Riluzole,Riluzole,D019782,MESH:D009069,Movement Disorders
DB00740,Riluzole,Riluzole,D019782,MESH:D009336,Necrosis
DB00740,Riluzole,Riluzole,D019782,MESH:D009410,Nerve Degeneration
DB00740,Riluzole,Riluzole,D019782,MESH:D010146,Pain
DB00740,Riluzole,Riluzole,D019782,MESH:D012164,Retinal Diseases
DB00740,Riluzole,Riluzole,D019782,MESH:D012178,Retinopathy of Prematurity
DB00740,Riluzole,Riluzole,D019782,MESH:D012640,Seizures
DB01083,Orlistat,Orlistat,D000077403,MESH:D050197,Atherosclerosis
DB01083,Orlistat,Orlistat,D000077403,MESH:D001943,Breast Neoplasms
DB01083,Orlistat,Orlistat,D000077403,MESH:D063646,Carcinogenesis
DB01083,Orlistat,Orlistat,D000077403,MESH:D002277,Carcinoma
DB01083,Orlistat,Orlistat,D000077403,MESH:D015179,Colorectal Neoplasms
DB01083,Orlistat,Orlistat,D000077403,MESH:D048909,Diabetes Complications
DB01083,Orlistat,Orlistat,D000077403,MESH:D005234,Fatty Liver
DB01083,Orlistat,Orlistat,D000077403,MESH:D006333,Heart Failure
DB01083,Orlistat,Orlistat,D000077403,MESH:D006529,Hepatomegaly
DB01083,Orlistat,Orlistat,D000077403,MESH:D006932,Hyperbilirubinemia
DB01083,Orlistat,Orlistat,D000077403,MESH:D006937,Hypercholesterolemia
DB01083,Orlistat,Orlistat,D000077403,MESH:D006949,Hyperlipidemias
DB01083,Orlistat,Orlistat,D000077403,MESH:D006973,Hypertension
DB01083,Orlistat,Orlistat,D000077403,MESH:D015228,Hypertriglyceridemia
DB01083,Orlistat,Orlistat,D000077403,MESH:D007249,Inflammation
DB01083,Orlistat,Orlistat,D000077403,MESH:D007333,Insulin Resistance
DB01083,Orlistat,Orlistat,D000077403,MESH:D008103,Liver Cirrhosis
DB01083,Orlistat,Orlistat,D000077403,MESH:D008207,Lymphatic Metastasis
DB01083,Orlistat,Orlistat,D000077403,MESH:D008545,Melanoma
DB01083,Orlistat,Orlistat,D000077403,MESH:D024821,Metabolic Syndrome
DB01083,Orlistat,Orlistat,D000077403,MESH:D009164,Mycobacterium Infections
DB01083,Orlistat,Orlistat,D000077403,MESH:D009369,Neoplasms
DB01083,Orlistat,Orlistat,D000077403,MESH:D065626,Non-alcoholic Fatty Liver Disease
DB01083,Orlistat,Orlistat,D000077403,MESH:D009765,Obesity
DB01083,Orlistat,Orlistat,D000077403,MESH:D011085,Polycystic Ovary Syndrome
DB01083,Orlistat,Orlistat,D000077403,MESH:D011471,Prostatic Neoplasms
DB01083,Orlistat,Orlistat,D000077403,MESH:D012035,Refsum Disease
DB01083,Orlistat,Orlistat,D000077403,MESH:D012769,Shock
DB01083,Orlistat,Orlistat,D000077403,MESH:D013274,Stomach Neoplasms
DB01083,Orlistat,Orlistat,D000077403,MESH:D015430,Weight Gain
DB00759,Tetracycline,Tetracycline,D013752,MESH:D000152,Acne Vulgaris
DB00759,Tetracycline,Tetracycline,D013752,MESH:D050197,Atherosclerosis
DB00759,Tetracycline,Tetracycline,D013752,MESH:D002006,Brucellosis
DB00759,Tetracycline,Tetracycline,D013752,MESH:D003560,Cysts
DB00759,Tetracycline,Tetracycline,D013752,MESH:D003967,Diarrhea
DB00759,Tetracycline,Tetracycline,D013752,MESH:D004927,Escherichia coli Infections
DB00759,Tetracycline,Tetracycline,D013752,MESH:D016481,Helicobacter Infections
DB00759,Tetracycline,Tetracycline,D013752,MESH:D006965,Hyperplasia
DB00759,Tetracycline,Tetracycline,D013752,MESH:D007249,Inflammation
DB00759,Tetracycline,Tetracycline,D013752,MESH:D008288,Malaria
DB00759,Tetracycline,Tetracycline,D013752,MESH:D008679,Metaplasia
DB00759,Tetracycline,Tetracycline,D013752,MESH:D009336,Necrosis
DB00759,Tetracycline,Tetracycline,D013752,MESH:D010518,Periodontitis
DB00759,Tetracycline,Tetracycline,D013752,MESH:D010996,Pleural Effusion
DB00759,Tetracycline,Tetracycline,D013752,MESH:D011008,Pneumococcal Infections
DB00759,Tetracycline,Tetracycline,D013752,MESH:D011230,Precancerous Conditions
DB00759,Tetracycline,Tetracycline,D013752,MESH:D017096,Prion Diseases
DB00759,Tetracycline,Tetracycline,D013752,MESH:D011565,Psoriasis
DB00759,Tetracycline,Tetracycline,D013752,MESH:D011704,Pyelonephritis
DB00759,Tetracycline,Tetracycline,D013752,MESH:D012141,Respiratory Tract Infections
DB00759,Tetracycline,Tetracycline,D013752,MESH:D012393,Rosacea
DB00759,Tetracycline,Tetracycline,D013752,MESH:D013203,Staphylococcal Infections
DB00759,Tetracycline,Tetracycline,D013752,MESH:D013959,Thyroid Diseases
DB00819,Acetazolamide,Acetazolamide,D000086,MESH:D000471,Alkalosis
DB00819,Acetazolamide,Acetazolamide,D000086,MESH:D001259,Ataxia
DB00819,Acetazolamide,Acetazolamide,D000086,MESH:D001929,Brain Edema
DB00819,Acetazolamide,Acetazolamide,D000086,MESH:D002524,Cerebellar Ataxia
DB00819,Acetazolamide,Acetazolamide,D000086,MESH:D002543,Cerebral Hemorrhage
DB00819,Acetazolamide,Acetazolamide,D000086,MESH:D006259,Craniocerebral Trauma
DB00819,Acetazolamide,Acetazolamide,D000086,MESH:D004421,Dystonia
DB00819,Acetazolamide,Acetazolamide,D000086,MESH:D004827,Epilepsy
DB00819,Acetazolamide,Acetazolamide,D000086,MESH:D005131,Eye Injuries
DB00819,Acetazolamide,Acetazolamide,D000086,MESH:D005901,Glaucoma
DB00819,Acetazolamide,Acetazolamide,D000086,MESH:D006261,Headache
DB00819,Acetazolamide,Acetazolamide,D000086,MESH:D006849,Hydrocephalus
DB00819,Acetazolamide,Acetazolamide,D000086,MESH:D006930,Hyperalgesia
DB00819,Acetazolamide,Acetazolamide,D000086,MESH:D020514,Hypokalemic Periodic Paralysis
DB00819,Acetazolamide,Acetazolamide,D000086,MESH:D000860,Hypoxia
DB00819,Acetazolamide,Acetazolamide,D000086,MESH:D019586,Intracranial Hypertension
DB00819,Acetazolamide,Acetazolamide,D000086,MESH:D009222,Myotonia
DB00819,Acetazolamide,Acetazolamide,D000086,MESH:D009224,Myotonia Congenita
DB00819,Acetazolamide,Acetazolamide,D000086,MESH:D020967,Myotonic Disorders
DB00819,Acetazolamide,Acetazolamide,D000086,MESH:D009798,Ocular Hypertension
DB00819,Acetazolamide,Acetazolamide,D000086,MESH:D010243,Paralysis
DB00819,Acetazolamide,Acetazolamide,D000086,MESH:D011595,Psychomotor Agitation
DB00819,Acetazolamide,Acetazolamide,D000086,MESH:D012640,Seizures
DB00819,Acetazolamide,Acetazolamide,D000086,MESH:D020521,Stroke
DB00819,Acetazolamide,Acetazolamide,D000086,MESH:D014202,Tremor
DB00819,Acetazolamide,Acetazolamide,D000086,MESH:D014839,Vomiting
DB00162,Vitamin A,Vitamin A,D014801,MESH:D000152,Acne Vulgaris
DB00162,Vitamin A,Vitamin A,D014801,MESH:D000740,Anemia
DB00162,Vitamin A,Vitamin A,D014801,MESH:D001008,Anxiety Disorders
DB00162,Vitamin A,Vitamin A,D014801,MESH:D001997,Bronchopulmonary Dysplasia
DB00162,Vitamin A,Vitamin A,D014801,MESH:D009202,Cardiomyopathies
DB00162,Vitamin A,Vitamin A,D014801,MESH:D002386,Cataract
DB00162,Vitamin A,Vitamin A,D014801,MESH:D056486,Chemical and Drug Induced Liver Injury
DB00162,Vitamin A,Vitamin A,D014801,MESH:D003110,Colonic Neoplasms
DB00162,Vitamin A,Vitamin A,D014801,MESH:D003316,Corneal Diseases
DB00162,Vitamin A,Vitamin A,D014801,MESH:D015658,HIV Infections
DB00162,Vitamin A,Vitamin A,D014801,MESH:D007057,Ichthyosis
DB00162,Vitamin A,Vitamin A,D014801,MESH:D007414,Intestinal Neoplasms
DB00162,Vitamin A,Vitamin A,D014801,MESH:D008103,Liver Cirrhosis
DB00162,Vitamin A,Vitamin A,D014801,MESH:D008171,Lung Diseases
DB00162,Vitamin A,Vitamin A,D014801,MESH:D009369,Neoplasms
DB00162,Vitamin A,Vitamin A,D014801,MESH:D010859,Pigmentation Disorders
DB00162,Vitamin A,Vitamin A,D014801,MESH:D011565,Psoriasis
DB00162,Vitamin A,Vitamin A,D014801,MESH:D012871,Skin Diseases
DB00162,Vitamin A,Vitamin A,D014801,MESH:D014802,Vitamin A Deficiency
DB00795,Sulfasalazine,Sulfasalazine,D012460,MESH:D000361,Agammaglobulinemia
DB00795,Sulfasalazine,Sulfasalazine,D012460,MESH:D000707,Anaphylaxis
DB00795,Sulfasalazine,Sulfasalazine,D012460,MESH:D001168,Arthritis
DB00795,Sulfasalazine,Sulfasalazine,D012460,MESH:D001528,Behcet Syndrome
DB00795,Sulfasalazine,Sulfasalazine,D012460,MESH:D001943,Breast Neoplasms
DB00795,Sulfasalazine,Sulfasalazine,D012460,MESH:D056486,Chemical and Drug Induced Liver Injury
DB00795,Sulfasalazine,Sulfasalazine,D012460,MESH:D003092,Colitis
DB00795,Sulfasalazine,Sulfasalazine,D012460,MESH:D003424,Crohn Disease
DB00795,Sulfasalazine,Sulfasalazine,D012460,MESH:D003967,Diarrhea
DB00795,Sulfasalazine,Sulfasalazine,D012460,MESH:D004487,Edema
DB00795,Sulfasalazine,Sulfasalazine,D012460,MESH:D019446,Endotoxemia
DB00795,Sulfasalazine,Sulfasalazine,D012460,MESH:D005909,Glioblastoma
DB00795,Sulfasalazine,Sulfasalazine,D012460,MESH:D006470,Hemorrhage
DB00795,Sulfasalazine,Sulfasalazine,D012460,MESH:D006940,Hyperemia
DB00795,Sulfasalazine,Sulfasalazine,D012460,MESH:D006965,Hyperplasia
DB00795,Sulfasalazine,Sulfasalazine,D012460,MESH:D007249,Inflammation
DB00795,Sulfasalazine,Sulfasalazine,D012460,MESH:D015212,Inflammatory Bowel Diseases
DB00795,Sulfasalazine,Sulfasalazine,D012460,MESH:D007592,Joint Diseases
DB00795,Sulfasalazine,Sulfasalazine,D012460,MESH:D009336,Necrosis
DB00795,Sulfasalazine,Sulfasalazine,D012460,MESH:D009362,Neoplasm Metastasis
DB00795,Sulfasalazine,Sulfasalazine,D012460,MESH:D010212,Papilloma
DB00795,Sulfasalazine,Sulfasalazine,D012460,MESH:D011565,Psoriasis
DB00795,Sulfasalazine,Sulfasalazine,D012460,MESH:D012008,Recurrence
DB00795,Sulfasalazine,Sulfasalazine,D012460,MESH:D013163,Splenomegaly
DB00795,Sulfasalazine,Sulfasalazine,D012460,MESH:D013276,Stomach Ulcer
DB00795,Sulfasalazine,Sulfasalazine,D012460,MESH:D013585,Synovitis
DB00795,Sulfasalazine,Sulfasalazine,D012460,MESH:D000072660,Teratozoospermia
DB00795,Sulfasalazine,Sulfasalazine,D012460,MESH:D013733,Testicular Diseases
DB00795,Sulfasalazine,Sulfasalazine,D012460,MESH:D014456,Ulcer
DB00795,Sulfasalazine,Sulfasalazine,D012460,MESH:D057772,Vascular System Injuries
DB00795,Sulfasalazine,Sulfasalazine,D012460,MESH:D015431,Weight Loss
DB00982,Isotretinoin,Isotretinoin,D015474,MESH:D000152,Acne Vulgaris
DB00982,Isotretinoin,Isotretinoin,D015474,MESH:D002481,Cellulitis
DB00982,Isotretinoin,Isotretinoin,D015474,MESH:D003866,Depressive Disorder
DB00982,Isotretinoin,Isotretinoin,D015474,MESH:D003872,Dermatitis
DB00982,Isotretinoin,Isotretinoin,D015474,MESH:D008175,Lung Neoplasms
DB00982,Isotretinoin,Isotretinoin,D015474,MESH:D008223,Lymphoma
DB00982,Isotretinoin,Isotretinoin,D015474,MESH:D008545,Melanoma
DB00982,Isotretinoin,Isotretinoin,D015474,MESH:D009369,Neoplasms
DB00982,Isotretinoin,Isotretinoin,D015474,MESH:D009447,Neuroblastoma
DB00982,Isotretinoin,Isotretinoin,D015474,MESH:D011230,Precancerous Conditions
DB00982,Isotretinoin,Isotretinoin,D015474,MESH:D011565,Psoriasis
DB00982,Isotretinoin,Isotretinoin,D015474,MESH:D012393,Rosacea
DB00982,Isotretinoin,Isotretinoin,D015474,MESH:D012868,Skin Abnormalities
DB00982,Isotretinoin,Isotretinoin,D015474,MESH:D012871,Skin Diseases
DB00982,Isotretinoin,Isotretinoin,D015474,MESH:D012878,Skin Neoplasms
DB01017,Minocycline,Minocycline,D008911,MESH:D000152,Acne Vulgaris
DB01017,Minocycline,Minocycline,D008911,MESH:D000544,Alzheimer Disease
DB01017,Minocycline,Minocycline,D008911,MESH:D000690,Amyotrophic Lateral Sclerosis
DB01017,Minocycline,Minocycline,D008911,MESH:D000855,Anorexia
DB01017,Minocycline,Minocycline,D008911,MESH:D001008,Anxiety Disorders
DB01017,Minocycline,Minocycline,D008911,MESH:D050197,Atherosclerosis
DB01017,Minocycline,Minocycline,D008911,MESH:D016470,Bacteremia
DB01017,Minocycline,Minocycline,D008911,MESH:D001927,Brain Diseases
DB01017,Minocycline,Minocycline,D008911,MESH:D001929,Brain Edema
DB01017,Minocycline,Minocycline,D008911,MESH:D001930,Brain Injuries
DB01017,Minocycline,Minocycline,D008911,MESH:D002545,Brain Ischemia
DB01017,Minocycline,Minocycline,D008911,MESH:D002544,Cerebral Infarction
DB01017,Minocycline,Minocycline,D008911,MESH:D002690,Chlamydia Infections
DB01017,Minocycline,Minocycline,D008911,MESH:D019970,Cocaine-Related Disorders
DB01017,Minocycline,Minocycline,D008911,MESH:D003072,Cognition Disorders
DB01017,Minocycline,Minocycline,D008911,MESH:D060825,Cognitive Dysfunction
DB01017,Minocycline,Minocycline,D008911,MESH:D003092,Colitis
DB01017,Minocycline,Minocycline,D008911,MESH:D003866,Depressive Disorder
DB01017,Minocycline,Minocycline,D008911,MESH:D003929,Diabetic Neuropathies
DB01017,Minocycline,Minocycline,D008911,MESH:D005600,Fragile X Syndrome
DB01017,Minocycline,Minocycline,D008911,MESH:D005910,Glioma
DB01017,Minocycline,Minocycline,D008911,MESH:D016908,Gram-Positive Bacterial Infections
DB01017,Minocycline,Minocycline,D008911,MESH:D017497,Hidradenitis Suppurativa
DB01017,Minocycline,Minocycline,D008911,MESH:D006816,Huntington Disease
DB01017,Minocycline,Minocycline,D008911,MESH:D006930,Hyperalgesia
DB01017,Minocycline,Minocycline,D008911,MESH:D006948,Hyperkinesis
DB01017,Minocycline,Minocycline,D008911,MESH:D007249,Inflammation
DB01017,Minocycline,Minocycline,D008911,MESH:D007511,Ischemia
DB01017,Minocycline,Minocycline,D008911,MESH:D007674,Kidney Diseases
DB01017,Minocycline,Minocycline,D008911,MESH:D008589,Meningococcal Infections
DB01017,Minocycline,Minocycline,D008911,MESH:D008924,Mite Infestations
DB01017,Minocycline,Minocycline,D008911,MESH:D009069,Movement Disorders
DB01017,Minocycline,Minocycline,D008911,MESH:D015428,Myocardial Reperfusion Injury
DB01017,Minocycline,Minocycline,D008911,MESH:D009336,Necrosis
DB01017,Minocycline,Minocycline,D008911,MESH:D058426,Neointima
DB01017,Minocycline,Minocycline,D008911,MESH:D009410,Nerve Degeneration
DB01017,Minocycline,Minocycline,D008911,MESH:D019954,Neurobehavioral Manifestations
DB01017,Minocycline,Minocycline,D008911,MESH:D019636,Neurodegenerative Diseases
DB01017,Minocycline,Minocycline,D008911,MESH:D000857,Olfaction Disorders
DB01017,Minocycline,Minocycline,D008911,MESH:D010300,Parkinson Disease
DB01017,Minocycline,Minocycline,D008911,MESH:D011008,Pneumococcal Infections
DB01017,Minocycline,Minocycline,D008911,MESH:D011014,Pneumonia
DB01017,Minocycline,Minocycline,D008911,MESH:D011183,Postoperative Complications
DB01017,Minocycline,Minocycline,D008911,MESH:D011565,Psoriasis
DB01017,Minocycline,Minocycline,D008911,MESH:D015427,Reperfusion Injury
DB01017,Minocycline,Minocycline,D008911,MESH:D012131,Respiratory Insufficiency
DB01017,Minocycline,Minocycline,D008911,MESH:D012141,Respiratory Tract Infections
DB01017,Minocycline,Minocycline,D008911,MESH:D012393,Rosacea
DB01017,Minocycline,Minocycline,D008911,MESH:D012559,Schizophrenia
DB01017,Minocycline,Minocycline,D008911,MESH:D012852,Sinusitis
DB01017,Minocycline,Minocycline,D008911,MESH:D013119,Spinal Cord Injuries
DB01017,Minocycline,Minocycline,D008911,MESH:D013203,Staphylococcal Infections
DB01017,Minocycline,Minocycline,D008911,MESH:D020521,Stroke
DB01017,Minocycline,Minocycline,D008911,MESH:D014552,Urinary Tract Infections
DB01017,Minocycline,Minocycline,D008911,MESH:D015431,Weight Loss
DB01017,Minocycline,Minocycline,D008911,MESH:D014901,West Nile Fever
DB01406,Danazol,Danazol,D003613,MESH:D000799,Angioedema
DB01406,Danazol,Danazol,D003613,MESH:D001943,Breast Neoplasms
DB01406,Danazol,Danazol,D003613,MESH:D004715,Endometriosis
DB01406,Danazol,Danazol,D003613,MESH:D005350,Fibroma
DB01406,Danazol,Danazol,D003613,MESH:D056829,Hereditary Angioedema Types I and II
DB01406,Danazol,Danazol,D003613,MESH:D006966,Hyperprolactinemia
DB01406,Danazol,Danazol,D003613,MESH:D007889,Leiomyoma
DB01406,Danazol,Danazol,D003613,MESH:D009503,Neutropenia
DB01406,Danazol,Danazol,D003613,MESH:D010146,Pain
DB01406,Danazol,Danazol,D003613,MESH:D010198,Pancytopenia
DB01406,Danazol,Danazol,D003613,MESH:D055728,Primary Myelofibrosis
DB01406,Danazol,Danazol,D003613,MESH:D011656,Pulmonary Emphysema
DB01406,Danazol,Danazol,D003613,MESH:D013921,Thrombocytopenia
DB00997,Doxorubicin,Doxorubicin,D004317,MESH:D000230,Adenocarcinoma
DB00997,Doxorubicin,Doxorubicin,D004317,MESH:D018268,Adrenocortical Carcinoma
DB00997,Doxorubicin,Doxorubicin,D004317,MESH:D002280,Basal Cell Carcinoma
DB00997,Doxorubicin,Doxorubicin,D004317,MESH:D019046,Bone Marrow Neoplasms
DB00997,Doxorubicin,Doxorubicin,D004317,MESH:D001932,Brain Neoplasms
DB00997,Doxorubicin,Doxorubicin,D004317,MESH:D001943,Breast Neoplasms
DB00997,Doxorubicin,Doxorubicin,D004317,MESH:D002051,Burkitt Lymphoma
DB00997,Doxorubicin,Doxorubicin,D004317,MESH:D002276,Carcinoid Tumor
DB00997,Doxorubicin,Doxorubicin,D004317,MESH:D002277,Carcinoma
DB00997,Doxorubicin,Doxorubicin,D004317,MESH:D002779,Cholestasis
DB00997,Doxorubicin,Doxorubicin,D004317,MESH:D003110,Colonic Neoplasms
DB00997,Doxorubicin,Doxorubicin,D004317,MESH:D015179,Colorectal Neoplasms
DB00997,Doxorubicin,Doxorubicin,D004317,MESH:D065306,Corneal Injuries
DB00997,Doxorubicin,Doxorubicin,D004317,MESH:D018222,Desmoid Tumors
DB00997,Doxorubicin,Doxorubicin,D004317,MESH:D016889,Endometrial Neoplasms
DB00997,Doxorubicin,Doxorubicin,D004317,MESH:D004938,Esophageal Neoplasms
DB00997,Doxorubicin,Doxorubicin,D004317,MESH:D005909,Glioblastoma
DB00997,Doxorubicin,Doxorubicin,D004317,MESH:D006258,Head and Neck Neoplasms
DB00997,Doxorubicin,Doxorubicin,D004317,MESH:D006331,Heart Diseases
DB00997,Doxorubicin,Doxorubicin,D004317,MESH:D006394,Hemangiosarcoma
DB00997,Doxorubicin,Doxorubicin,D004317,MESH:D019337,Hematologic Neoplasms
DB00997,Doxorubicin,Doxorubicin,D004317,MESH:D006529,Hepatomegaly
DB00997,Doxorubicin,Doxorubicin,D004317,MESH:D006689,Hodgkin Disease
DB00997,Doxorubicin,Doxorubicin,D004317,MESH:D058922,Inflammatory Breast Neoplasms
DB00997,Doxorubicin,Doxorubicin,D004317,MESH:D007674,Kidney Diseases
DB00997,Doxorubicin,Doxorubicin,D004317,MESH:D007890,Leiomyosarcoma
DB00997,Doxorubicin,Doxorubicin,D004317,MESH:D007938,Leukemia
DB00997,Doxorubicin,Doxorubicin,D004317,MESH:D008103,Liver Cirrhosis
DB00997,Doxorubicin,Doxorubicin,D004317,MESH:D008113,Liver Neoplasms
DB00997,Doxorubicin,Doxorubicin,D004317,MESH:D008175,Lung Neoplasms
DB00997,Doxorubicin,Doxorubicin,D004317,MESH:D008223,Lymphoma
DB00997,Doxorubicin,Doxorubicin,D004317,MESH:D008545,Melanoma
DB00997,Doxorubicin,Doxorubicin,D004317,MESH:D008654,Mesothelioma
DB00997,Doxorubicin,Doxorubicin,D004317,MESH:D009101,Multiple Myeloma
DB00997,Doxorubicin,Doxorubicin,D004317,MESH:D009361,Neoplasm Invasiveness
DB00997,Doxorubicin,Doxorubicin,D004317,MESH:D009362,Neoplasm Metastasis
DB00997,Doxorubicin,Doxorubicin,D004317,MESH:D009369,Neoplasms
DB00997,Doxorubicin,Doxorubicin,D004317,MESH:D009447,Neuroblastoma
DB00997,Doxorubicin,Doxorubicin,D004317,MESH:D012516,Osteosarcoma
DB00997,Doxorubicin,Doxorubicin,D004317,MESH:D010051,Ovarian Neoplasms
DB00997,Doxorubicin,Doxorubicin,D004317,MESH:D010190,Pancreatic Neoplasms
DB00997,Doxorubicin,Doxorubicin,D004317,MESH:D003557,Phyllodes Tumor
DB00997,Doxorubicin,Doxorubicin,D004317,MESH:D010997,Pleural Neoplasms
DB00997,Doxorubicin,Doxorubicin,D004317,MESH:D015452,Precursor B-Cell Lymphoblastic Leukemia-Lymphoma
DB00997,Doxorubicin,Doxorubicin,D004317,MESH:D054198,Precursor Cell Lymphoblastic Leukemia-Lymphoma
DB00997,Doxorubicin,Doxorubicin,D004317,MESH:D054218,Precursor T-Cell Lymphoblastic Leukemia-Lymphoma
DB00997,Doxorubicin,Doxorubicin,D004317,MESH:D011471,Prostatic Neoplasms
DB00997,Doxorubicin,Doxorubicin,D004317,MESH:D051437,Renal Insufficiency
DB00997,Doxorubicin,Doxorubicin,D004317,MESH:D012208,Rhabdomyosarcoma
DB00997,Doxorubicin,Doxorubicin,D004317,MESH:D012468,Salivary Gland Neoplasms
DB00997,Doxorubicin,Doxorubicin,D004317,MESH:D012509,Sarcoma
DB00997,Doxorubicin,Doxorubicin,D004317,MESH:D012878,Skin Neoplasms
DB00997,Doxorubicin,Doxorubicin,D004317,MESH:D055752,Small Cell Lung Carcinoma
DB00997,Doxorubicin,Doxorubicin,D004317,MESH:D012983,Soft Tissue Neoplasms
DB00997,Doxorubicin,Doxorubicin,D004317,MESH:D000077195,Squamous Cell Carcinoma of Head and Neck
DB00997,Doxorubicin,Doxorubicin,D004317,MESH:D013274,Stomach Neoplasms
DB00997,Doxorubicin,Doxorubicin,D004317,MESH:D013479,Superior Vena Cava Syndrome
DB00997,Doxorubicin,Doxorubicin,D004317,MESH:D013736,Testicular Neoplasms
DB00997,Doxorubicin,Doxorubicin,D004317,MESH:D013964,Thyroid Neoplasms
DB00997,Doxorubicin,Doxorubicin,D004317,MESH:D001749,Urinary Bladder Neoplasms
DB00997,Doxorubicin,Doxorubicin,D004317,MESH:D014565,Urogenital Neoplasms
DB00997,Doxorubicin,Doxorubicin,D004317,MESH:D014571,Urologic Neoplasms
DB00997,Doxorubicin,Doxorubicin,D004317,MESH:D002583,Uterine Cervical Neoplasms
DB00997,Doxorubicin,Doxorubicin,D004317,MESH:D014594,Uterine Neoplasms
DB00997,Doxorubicin,Doxorubicin,D004317,MESH:D008258,Waldenstrom Macroglobulinemia
DB00997,Doxorubicin,Doxorubicin,D004317,MESH:D009396,Wilms Tumor
DB00993,Azathioprine,Azathioprine,D001379,MESH:D000799,Angioedema
DB00993,Azathioprine,Azathioprine,D001379,MESH:D001168,Arthritis
DB00993,Azathioprine,Azathioprine,D001379,MESH:D001327,Autoimmune Diseases
DB00993,Azathioprine,Azathioprine,D001379,MESH:D001528,Behcet Syndrome
DB00993,Azathioprine,Azathioprine,D001379,MESH:D002446,Celiac Disease
DB00993,Azathioprine,Azathioprine,D001379,MESH:D056486,Chemical and Drug Induced Liver Injury
DB00993,Azathioprine,Azathioprine,D001379,MESH:D003424,Crohn Disease
DB00993,Azathioprine,Azathioprine,D001379,MESH:D003480,Cushing Syndrome
DB00993,Azathioprine,Azathioprine,D001379,MESH:D003882,Dermatomyositis
DB00993,Azathioprine,Azathioprine,D001379,MESH:D010505,Familial Mediterranean Fever
DB00993,Azathioprine,Azathioprine,D001379,MESH:D005921,Glomerulonephritis
DB00993,Azathioprine,Azathioprine,D001379,MESH:D006086,Graft vs Host Disease
DB00993,Azathioprine,Azathioprine,D001379,MESH:D014890,Granulomatosis with Polyangiitis
DB00993,Azathioprine,Azathioprine,D001379,MESH:D006333,Heart Failure
DB00993,Azathioprine,Azathioprine,D001379,MESH:D006526,Hepatitis C
DB00993,Azathioprine,Azathioprine,D001379,MESH:D007154,Immune System Diseases
DB00993,Azathioprine,Azathioprine,D001379,MESH:D007249,Inflammation
DB00993,Azathioprine,Azathioprine,D001379,MESH:D015212,Inflammatory Bowel Diseases
DB00993,Azathioprine,Azathioprine,D001379,MESH:D007674,Kidney Diseases
DB00993,Azathioprine,Azathioprine,D001379,MESH:D007938,Leukemia
DB00993,Azathioprine,Azathioprine,D001379,MESH:D008181,Lupus Nephritis
DB00993,Azathioprine,Azathioprine,D001379,MESH:D008286,Malabsorption Syndromes
DB00993,Azathioprine,Azathioprine,D001379,MESH:D009103,Multiple Sclerosis
DB00993,Azathioprine,Azathioprine,D001379,MESH:D018908,Muscle Weakness
DB00993,Azathioprine,Azathioprine,D001379,MESH:D009157,Myasthenia Gravis
DB00993,Azathioprine,Azathioprine,D001379,MESH:D009205,Myocarditis
DB00993,Azathioprine,Azathioprine,D001379,MESH:D009369,Neoplasms
DB00993,Azathioprine,Azathioprine,D001379,MESH:D009393,Nephritis
DB00993,Azathioprine,Azathioprine,D001379,MESH:D010392,Pemphigus
DB00993,Azathioprine,Azathioprine,D001379,MESH:D017285,Polymyositis
DB00993,Azathioprine,Azathioprine,D001379,MESH:D011183,Postoperative Complications
DB00993,Azathioprine,Azathioprine,D001379,MESH:D011507,Proteinuria
DB00993,Azathioprine,Azathioprine,D001379,MESH:D011565,Psoriasis
DB00993,Azathioprine,Azathioprine,D001379,MESH:D051437,Renal Insufficiency
DB00993,Azathioprine,Azathioprine,D001379,MESH:D013585,Synovitis
DB00993,Azathioprine,Azathioprine,D001379,MESH:D014657,Vasculitis
DB00993,Azathioprine,Azathioprine,D001379,MESH:D018754,Ventricular Dysfunction
DB00480,Lenalidomide,Lenalidomide,D000077269,MESH:D000690,Amyotrophic Lateral Sclerosis
DB00480,Lenalidomide,Lenalidomide,D000077269,MESH:D009101,Multiple Myeloma
DB00480,Lenalidomide,Lenalidomide,D000077269,MESH:D009190,Myelodysplastic Syndromes
DB00480,Lenalidomide,Lenalidomide,D000077269,MESH:D055728,Primary Myelofibrosis
DB00480,Lenalidomide,Lenalidomide,D000077269,MESH:D011471,Prostatic Neoplasms
DB00480,Lenalidomide,Lenalidomide,D000077269,MESH:D012008,Recurrence
DB00871,Terbutaline,Terbutaline,D013726,MESH:D000402,Airway Obstruction
DB00871,Terbutaline,Terbutaline,D013726,MESH:D000686,Amyloidosis
DB00871,Terbutaline,Terbutaline,D013726,MESH:D001249,Asthma
DB00871,Terbutaline,Terbutaline,D013726,MESH:D001919,Bradycardia
DB00871,Terbutaline,Terbutaline,D013726,MESH:D016535,Bronchial Hyperreactivity
DB00871,Terbutaline,Terbutaline,D013726,MESH:D003371,Cough
DB00871,Terbutaline,Terbutaline,D013726,MESH:D004412,Dysmenorrhea
DB00871,Terbutaline,Terbutaline,D013726,MESH:D004487,Edema
DB00871,Terbutaline,Terbutaline,D013726,MESH:D005316,Fetal Distress
DB00871,Terbutaline,Terbutaline,D013726,MESH:D011654,Pulmonary Edema
DB00871,Terbutaline,Terbutaline,D013726,MESH:D012128,Respiratory Distress Syndrome
DB00871,Terbutaline,Terbutaline,D013726,MESH:D014202,Tremor
DB00871,Terbutaline,Terbutaline,D013726,MESH:D014581,Urticaria
DB14001,alpha-Tocopherol succinate,alpha-Tocopherol,D024502,MESH:D058186,Acute Kidney Injury
DB14001,alpha-Tocopherol succinate,alpha-Tocopherol,D024502,MESH:D001284,Atrophy
DB14001,alpha-Tocopherol succinate,alpha-Tocopherol,D024502,MESH:D001930,Brain Injuries
DB14001,alpha-Tocopherol succinate,alpha-Tocopherol,D024502,MESH:D063646,Carcinogenesis
DB14001,alpha-Tocopherol succinate,alpha-Tocopherol,D024502,MESH:D002318,Cardiovascular Diseases
DB14001,alpha-Tocopherol succinate,alpha-Tocopherol,D024502,MESH:D056486,Chemical and Drug Induced Liver Injury
DB14001,alpha-Tocopherol succinate,alpha-Tocopherol,D024502,MESH:D019457,Chromosome Breakage
DB14001,alpha-Tocopherol succinate,alpha-Tocopherol,D024502,MESH:D003072,Cognition Disorders
DB14001,alpha-Tocopherol succinate,alpha-Tocopherol,D024502,MESH:D003556,Cystitis
DB14001,alpha-Tocopherol succinate,alpha-Tocopherol,D024502,MESH:D018450,Disease Progression
DB14001,alpha-Tocopherol succinate,alpha-Tocopherol,D024502,MESH:D005334,Fever
DB14001,alpha-Tocopherol succinate,alpha-Tocopherol,D024502,MESH:D005355,Fibrosis
DB14001,alpha-Tocopherol succinate,alpha-Tocopherol,D024502,MESH:D005910,Glioma
DB14001,alpha-Tocopherol succinate,alpha-Tocopherol,D024502,MESH:D006461,Hemolysis
DB14001,alpha-Tocopherol succinate,alpha-Tocopherol,D024502,MESH:D006948,Hyperkinesis
DB14001,alpha-Tocopherol succinate,alpha-Tocopherol,D024502,MESH:D006949,Hyperlipidemias
DB14001,alpha-Tocopherol succinate,alpha-Tocopherol,D024502,MESH:D006965,Hyperplasia
DB14001,alpha-Tocopherol succinate,alpha-Tocopherol,D024502,MESH:D006973,Hypertension
DB14001,alpha-Tocopherol succinate,alpha-Tocopherol,D024502,MESH:D007003,Hypoglycemia
DB14001,alpha-Tocopherol succinate,alpha-Tocopherol,D024502,MESH:D017496,Hypopigmentation
DB14001,alpha-Tocopherol succinate,alpha-Tocopherol,D024502,MESH:D007511,Ischemia
DB14001,alpha-Tocopherol succinate,alpha-Tocopherol,D024502,MESH:D007674,Kidney Diseases
DB14001,alpha-Tocopherol succinate,alpha-Tocopherol,D024502,MESH:D008113,Liver Neoplasms
DB14001,alpha-Tocopherol succinate,alpha-Tocopherol,D024502,MESH:D055370,Lung Injury
DB14001,alpha-Tocopherol succinate,alpha-Tocopherol,D024502,MESH:D008175,Lung Neoplasms
DB14001,alpha-Tocopherol succinate,alpha-Tocopherol,D024502,MESH:D008569,Memory Disorders
DB14001,alpha-Tocopherol succinate,alpha-Tocopherol,D024502,MESH:D009135,Muscular Diseases
DB14001,alpha-Tocopherol succinate,alpha-Tocopherol,D024502,MESH:D009139,Musculoskeletal Abnormalities
DB14001,alpha-Tocopherol succinate,alpha-Tocopherol,D024502,MESH:D009203,Myocardial Infarction
DB14001,alpha-Tocopherol succinate,alpha-Tocopherol,D024502,MESH:D009336,Necrosis
DB14001,alpha-Tocopherol succinate,alpha-Tocopherol,D024502,MESH:D009362,Neoplasm Metastasis
DB14001,alpha-Tocopherol succinate,alpha-Tocopherol,D024502,MESH:D009410,Nerve Degeneration
DB14001,alpha-Tocopherol succinate,alpha-Tocopherol,D024502,MESH:D009422,Nervous System Diseases
DB14001,alpha-Tocopherol succinate,alpha-Tocopherol,D024502,MESH:D009436,Neural Tube Defects
DB14001,alpha-Tocopherol succinate,alpha-Tocopherol,D024502,MESH:D009845,Oligospermia
DB14001,alpha-Tocopherol succinate,alpha-Tocopherol,D024502,MESH:D010014,Osteolysis
DB14001,alpha-Tocopherol succinate,alpha-Tocopherol,D024502,MESH:D010049,Ovarian Diseases
DB14001,alpha-Tocopherol succinate,alpha-Tocopherol,D024502,MESH:D010146,Pain
DB14001,alpha-Tocopherol succinate,alpha-Tocopherol,D024502,MESH:D010490,Pericardial Effusion
DB14001,alpha-Tocopherol succinate,alpha-Tocopherol,D024502,MESH:D011230,Precancerous Conditions
DB14001,alpha-Tocopherol succinate,alpha-Tocopherol,D024502,MESH:D011507,Proteinuria
DB14001,alpha-Tocopherol succinate,alpha-Tocopherol,D024502,MESH:D011561,Pseudoxanthoma Elasticum
DB14001,alpha-Tocopherol succinate,alpha-Tocopherol,D024502,MESH:D011654,Pulmonary Edema
DB14001,alpha-Tocopherol succinate,alpha-Tocopherol,D024502,MESH:D011657,Pulmonary Eosinophilia
DB14001,alpha-Tocopherol succinate,alpha-Tocopherol,D024502,MESH:D011832,Radiation Injuries
DB14001,alpha-Tocopherol succinate,alpha-Tocopherol,D024502,MESH:D051437,Renal Insufficiency
DB14001,alpha-Tocopherol succinate,alpha-Tocopherol,D024502,MESH:D015427,Reperfusion Injury
DB14001,alpha-Tocopherol succinate,alpha-Tocopherol,D024502,MESH:D012130,Respiratory Hypersensitivity
DB14001,alpha-Tocopherol succinate,alpha-Tocopherol,D024502,MESH:D012174,Retinitis Pigmentosa
DB14001,alpha-Tocopherol succinate,alpha-Tocopherol,D024502,MESH:D012640,Seizures
DB14001,alpha-Tocopherol succinate,alpha-Tocopherol,D024502,MESH:D013733,Testicular Diseases
DB14001,alpha-Tocopherol succinate,alpha-Tocopherol,D024502,MESH:D014591,Uterine Diseases
DB14001,alpha-Tocopherol succinate,alpha-Tocopherol,D024502,MESH:D015430,Weight Gain
DB14001,alpha-Tocopherol succinate,alpha-tocopherol phosphate,C012552,MESH:D013375,Substance Withdrawal Syndrome
DB00370,Mirtazapine,Mirtazapine,D000078785,MESH:D000647,Amnesia
DB00370,Mirtazapine,Mirtazapine,D000078785,MESH:D019969,Amphetamine-Related Disorders
DB00370,Mirtazapine,Mirtazapine,D000078785,MESH:D001321,Autistic Disorder
DB00370,Mirtazapine,Mirtazapine,D000078785,MESH:D002375,Catalepsy
DB00370,Mirtazapine,Mirtazapine,D000078785,MESH:D056486,Chemical and Drug Induced Liver Injury
DB00370,Mirtazapine,Mirtazapine,D000078785,MESH:D019970,Cocaine-Related Disorders
DB00370,Mirtazapine,Mirtazapine,D000078785,MESH:D003866,Depressive Disorder
DB00370,Mirtazapine,Mirtazapine,D000078785,MESH:D020820,Dyskinesias
DB00370,Mirtazapine,Mirtazapine,D000078785,MESH:D048550,Hepatic Insufficiency
DB00370,Mirtazapine,Mirtazapine,D000078785,MESH:D006529,Hepatomegaly
DB00370,Mirtazapine,Mirtazapine,D000078785,MESH:D003865,Major Depressive Disorder
DB00370,Mirtazapine,Mirtazapine,D000078785,MESH:D001523,Mental Disorders
DB00370,Mirtazapine,Mirtazapine,D000078785,MESH:D019964,Mood Disorders
DB00370,Mirtazapine,Mirtazapine,D000078785,MESH:D009771,Obsessive-Compulsive Disorder
DB00370,Mirtazapine,Mirtazapine,D000078785,MESH:D009845,Oligospermia
DB00370,Mirtazapine,Mirtazapine,D000078785,MESH:D010300,Parkinson Disease
DB00370,Mirtazapine,Mirtazapine,D000078785,MESH:D011230,Precancerous Conditions
DB00370,Mirtazapine,Mirtazapine,D000078785,MESH:D012891,Sleep Apnea Syndromes
DB00370,Mirtazapine,Mirtazapine,D000078785,MESH:D013276,Stomach Ulcer
DB00370,Mirtazapine,Mirtazapine,D000078785,MESH:D013375,Substance Withdrawal Syndrome
DB00370,Mirtazapine,Mirtazapine,D000078785,MESH:D000072660,Teratozoospermia
DB00370,Mirtazapine,Mirtazapine,D000078785,MESH:D013733,Testicular Diseases
DB00370,Mirtazapine,Mirtazapine,D000078785,MESH:D015431,Weight Loss
DB00476,Duloxetine,Duloxetine Hydrochloride,D000068736,MESH:D003866,Depressive Disorder
DB00476,Duloxetine,Duloxetine Hydrochloride,D000068736,MESH:D003928,Diabetic Nephropathies
DB00476,Duloxetine,Duloxetine Hydrochloride,D000068736,MESH:D006930,Hyperalgesia
DB00476,Duloxetine,Duloxetine Hydrochloride,D000068736,MESH:D003865,Major Depressive Disorder
DB00476,Duloxetine,Duloxetine Hydrochloride,D000068736,MESH:D019954,Neurobehavioral Manifestations
DB00476,Duloxetine,Duloxetine Hydrochloride,D000068736,MESH:D016584,Panic Disorder
DB00476,Duloxetine,Duloxetine Hydrochloride,D000068736,MESH:D013276,Stomach Ulcer
DB00285,Venlafaxine,Venlafaxine Hydrochloride,D000069470,MESH:D000437,Alcoholism
DB00285,Venlafaxine,Venlafaxine Hydrochloride,D000069470,MESH:D001008,Anxiety Disorders
DB00285,Venlafaxine,Venlafaxine Hydrochloride,D000069470,MESH:D001259,Ataxia
DB00285,Venlafaxine,Venlafaxine Hydrochloride,D000069470,MESH:D001281,Atrial Fibrillation
DB00285,Venlafaxine,Venlafaxine Hydrochloride,D000069470,MESH:D001289,Attention Deficit Disorder with Hyperactivity
DB00285,Venlafaxine,Venlafaxine Hydrochloride,D000069470,MESH:D001480,Basal Ganglia Diseases
DB00285,Venlafaxine,Venlafaxine Hydrochloride,D000069470,MESH:D001714,Bipolar Disorder
DB00285,Venlafaxine,Venlafaxine Hydrochloride,D000069470,MESH:D019970,Cocaine-Related Disorders
DB00285,Venlafaxine,Venlafaxine Hydrochloride,D000069470,MESH:D003866,Depressive Disorder
DB00285,Venlafaxine,Venlafaxine Hydrochloride,D000069470,MESH:D006930,Hyperalgesia
DB00285,Venlafaxine,Venlafaxine Hydrochloride,D000069470,MESH:D006948,Hyperkinesis
DB00285,Venlafaxine,Venlafaxine Hydrochloride,D000069470,MESH:D007035,Hypothermia
DB00285,Venlafaxine,Venlafaxine Hydrochloride,D000069470,MESH:D003865,Major Depressive Disorder
DB00285,Venlafaxine,Venlafaxine Hydrochloride,D000069470,MESH:D001523,Mental Disorders
DB00285,Venlafaxine,Venlafaxine Hydrochloride,D000069470,MESH:D008881,Migraine Disorders
DB00285,Venlafaxine,Venlafaxine Hydrochloride,D000069470,MESH:D000068079,Motor Disorders
DB00285,Venlafaxine,Venlafaxine Hydrochloride,D000069470,MESH:D018908,Muscle Weakness
DB00285,Venlafaxine,Venlafaxine Hydrochloride,D000069470,MESH:D009410,Nerve Degeneration
DB00285,Venlafaxine,Venlafaxine Hydrochloride,D000069470,MESH:D009437,Neuralgia
DB00285,Venlafaxine,Venlafaxine Hydrochloride,D000069470,MESH:D020258,Neurotoxicity Syndromes
DB00285,Venlafaxine,Venlafaxine Hydrochloride,D000069470,MESH:D009771,Obsessive-Compulsive Disorder
DB00285,Venlafaxine,Venlafaxine Hydrochloride,D000069470,MESH:D016584,Panic Disorder
DB00285,Venlafaxine,Venlafaxine Hydrochloride,D000069470,MESH:D010292,Paresthesia
DB00285,Venlafaxine,Venlafaxine Hydrochloride,D000069470,MESH:D010698,Phobic Disorders
DB00285,Venlafaxine,Venlafaxine Hydrochloride,D000069470,MESH:D012559,Schizophrenia
DB00285,Venlafaxine,Venlafaxine Hydrochloride,D000069470,MESH:D019956,Stereotypic Movement Disorder
DB00285,Venlafaxine,Venlafaxine Hydrochloride,D000069470,MESH:D013375,Substance Withdrawal Syndrome
DB00285,Venlafaxine,Venlafaxine Hydrochloride,D000069470,MESH:D014029,Tobacco Use Disorder
DB00285,Venlafaxine,Venlafaxine Hydrochloride,D000069470,MESH:D014202,Tremor
DB00285,Venlafaxine,Venlafaxine Hydrochloride,D000069470,MESH:D016055,Urinary Retention
DB00285,Venlafaxine,Venlafaxine Hydrochloride,D000069470,MESH:D015431,Weight Loss
DB00968,Methyldopa,Methyldopa,D008750,MESH:D001929,Brain Edema
DB00968,Methyldopa,Methyldopa,D008750,MESH:D006335,Heart Injuries
DB00968,Methyldopa,Methyldopa,D008750,MESH:D006973,Hypertension
DB00968,Methyldopa,Methyldopa,D008750,MESH:D009127,Muscle Rigidity
DB00968,Methyldopa,Methyldopa,D008750,MESH:D011225,Pre-Eclampsia
DB00968,Methyldopa,Methyldopa,D008750,MESH:D011507,Proteinuria
DB00968,Methyldopa,Methyldopa,D008750,MESH:D051437,Renal Insufficiency
DB00968,Methyldopa,Methyldopa,D008750,MESH:D013610,Tachycardia
DB00968,Methyldopa,Methyldopa,D008750,MESH:D014202,Tremor
DB00338,Omeprazole,Omeprazole,D009853,MESH:D015746,Abdominal Pain
DB00338,Omeprazole,Omeprazole,D009853,MESH:D001471,Barrett Esophagus
DB00338,Omeprazole,Omeprazole,D009853,MESH:D002637,Chest Pain
DB00338,Omeprazole,Omeprazole,D009853,MESH:D003680,Deglutition Disorders
DB00338,Omeprazole,Omeprazole,D009853,MESH:D003967,Diarrhea
DB00338,Omeprazole,Omeprazole,D009853,MESH:D004381,Duodenal Ulcer
DB00338,Omeprazole,Omeprazole,D009853,MESH:D004487,Edema
DB00338,Omeprazole,Omeprazole,D009853,MESH:D004646,Emphysema
DB00338,Omeprazole,Omeprazole,D009853,MESH:D004941,Esophagitis
DB00338,Omeprazole,Omeprazole,D009853,MESH:D005764,Gastroesophageal Reflux
DB00338,Omeprazole,Omeprazole,D009853,MESH:D005767,Gastrointestinal Diseases
DB00338,Omeprazole,Omeprazole,D009853,MESH:D006471,Gastrointestinal Hemorrhage
DB00338,Omeprazole,Omeprazole,D009853,MESH:D006356,Heartburn
DB00338,Omeprazole,Omeprazole,D009853,MESH:D016481,Helicobacter Infections
DB00338,Omeprazole,Omeprazole,D009853,MESH:D006470,Hemorrhage
DB00338,Omeprazole,Omeprazole,D009853,MESH:D015212,Inflammatory Bowel Diseases
DB00338,Omeprazole,Omeprazole,D009853,MESH:D007674,Kidney Diseases
DB00338,Omeprazole,Omeprazole,D009853,MESH:D009336,Necrosis
DB00338,Omeprazole,Omeprazole,D009853,MESH:D009361,Neoplasm Invasiveness
DB00338,Omeprazole,Omeprazole,D009853,MESH:D010437,Peptic Ulcer
DB00338,Omeprazole,Omeprazole,D009853,MESH:D010438,Peptic Ulcer Hemorrhage
DB00338,Omeprazole,Omeprazole,D009853,MESH:D013272,Stomach Diseases
DB00338,Omeprazole,Omeprazole,D009853,MESH:D013276,Stomach Ulcer
DB00338,Omeprazole,Omeprazole,D009853,MESH:D014456,Ulcer
DB00338,Omeprazole,Omeprazole,D009853,MESH:D014839,Vomiting
DB00333,Methadone,Methadone,D008691,MESH:D015746,Abdominal Pain
DB00333,Methadone,Methadone,D008691,MESH:D001416,Back Pain
DB00333,Methadone,Methadone,D008691,MESH:D002561,Cerebrovascular Disorders
DB00333,Methadone,Methadone,D008691,MESH:D019970,Cocaine-Related Disorders
DB00333,Methadone,Methadone,D008691,MESH:D006556,Heroin Dependence
DB00333,Methadone,Methadone,D008691,MESH:D015658,HIV Infections
DB00333,Methadone,Methadone,D008691,MESH:D006930,Hyperalgesia
DB00333,Methadone,Methadone,D008691,MESH:D009325,Nausea
DB00333,Methadone,Methadone,D008691,MESH:D009293,Opioid-Related Disorders
DB00333,Methadone,Methadone,D008691,MESH:D010146,Pain
DB00333,Methadone,Methadone,D008691,MESH:D010523,Peripheral Nervous System Diseases
DB00333,Methadone,Methadone,D008691,MESH:D011183,Postoperative Complications
DB00333,Methadone,Methadone,D008691,MESH:D010149,Postoperative Pain
DB00333,Methadone,Methadone,D008691,MESH:D019966,Substance-Related Disorders
DB00333,Methadone,Methadone,D008691,MESH:D013375,Substance Withdrawal Syndrome
DB01233,Metoclopramide,Metoclopramide,D008787,MESH:D000855,Anorexia
DB01233,Metoclopramide,Metoclopramide,D008787,MESH:D001480,Basal Ganglia Diseases
DB01233,Metoclopramide,Metoclopramide,D008787,MESH:D001919,Bradycardia
DB01233,Metoclopramide,Metoclopramide,D008787,MESH:D048909,Diabetes Complications
DB01233,Metoclopramide,Metoclopramide,D008787,MESH:D003967,Diarrhea
DB01233,Metoclopramide,Metoclopramide,D008787,MESH:D004381,Duodenal Ulcer
DB01233,Metoclopramide,Metoclopramide,D008787,MESH:D004487,Edema
DB01233,Metoclopramide,Metoclopramide,D008787,MESH:D004941,Esophagitis
DB01233,Metoclopramide,Metoclopramide,D008787,MESH:D005759,Gastroenteritis
DB01233,Metoclopramide,Metoclopramide,D008787,MESH:D005764,Gastroesophageal Reflux
DB01233,Metoclopramide,Metoclopramide,D008787,MESH:D005767,Gastrointestinal Diseases
DB01233,Metoclopramide,Metoclopramide,D008787,MESH:D018589,Gastroparesis
DB01233,Metoclopramide,Metoclopramide,D008787,MESH:D006948,Hyperkinesis
DB01233,Metoclopramide,Metoclopramide,D008787,MESH:D007022,Hypotension
DB01233,Metoclopramide,Metoclopramide,D008787,MESH:D007035,Hypothermia
DB01233,Metoclopramide,Metoclopramide,D008787,MESH:D008881,Migraine Disorders
DB01233,Metoclopramide,Metoclopramide,D008787,MESH:D009325,Nausea
DB01233,Metoclopramide,Metoclopramide,D008787,MESH:D010146,Pain
DB01233,Metoclopramide,Metoclopramide,D008787,MESH:D010437,Peptic Ulcer
DB01233,Metoclopramide,Metoclopramide,D008787,MESH:D011183,Postoperative Complications
DB01233,Metoclopramide,Metoclopramide,D008787,MESH:D011248,Pregnancy Complications
DB01233,Metoclopramide,Metoclopramide,D008787,MESH:D011832,Radiation Injuries
DB01233,Metoclopramide,Metoclopramide,D008787,MESH:D012559,Schizophrenia
DB01233,Metoclopramide,Metoclopramide,D008787,MESH:D055752,Small Cell Lung Carcinoma
DB01233,Metoclopramide,Metoclopramide,D008787,MESH:D013272,Stomach Diseases
DB01233,Metoclopramide,Metoclopramide,D008787,MESH:D013276,Stomach Ulcer
DB01233,Metoclopramide,Metoclopramide,D008787,MESH:D014456,Ulcer
DB01233,Metoclopramide,Metoclopramide,D008787,MESH:D014839,Vomiting
DB00281,Lidocaine,Lidocaine,D008012,MESH:D001919,Bradycardia
DB00281,Lidocaine,Lidocaine,D008012,MESH:D002545,Brain Ischemia
DB00281,Lidocaine,Lidocaine,D008012,MESH:D002318,Cardiovascular Diseases
DB00281,Lidocaine,Lidocaine,D008012,MESH:D019970,Cocaine-Related Disorders
DB00281,Lidocaine,Lidocaine,D008012,MESH:D003371,Cough
DB00281,Lidocaine,Lidocaine,D008012,MESH:D003929,Diabetic Neuropathies
DB00281,Lidocaine,Lidocaine,D008012,MESH:D003875,Drug Eruptions
DB00281,Lidocaine,Lidocaine,D008012,MESH:D007172,Erectile Dysfunction
DB00281,Lidocaine,Lidocaine,D008012,MESH:D004890,Erythema
DB00281,Lidocaine,Lidocaine,D008012,MESH:D004916,Erythromelalgia
DB00281,Lidocaine,Lidocaine,D008012,MESH:D005207,Fasciculation
DB00281,Lidocaine,Lidocaine,D008012,MESH:D006261,Headache
DB00281,Lidocaine,Lidocaine,D008012,MESH:D006311,Hearing Disorders
DB00281,Lidocaine,Lidocaine,D008012,MESH:D006323,Heart Arrest
DB00281,Lidocaine,Lidocaine,D008012,MESH:D006327,Heart Block
DB00281,Lidocaine,Lidocaine,D008012,MESH:D006930,Hyperalgesia
DB00281,Lidocaine,Lidocaine,D008012,MESH:D006973,Hypertension
DB00281,Lidocaine,Lidocaine,D008012,MESH:D007022,Hypotension
DB00281,Lidocaine,Lidocaine,D008012,MESH:D010148,Intractable Pain
DB00281,Lidocaine,Lidocaine,D008012,MESH:D008133,Long QT Syndrome
DB00281,Lidocaine,Lidocaine,D008012,MESH:D017116,Low Back Pain
DB00281,Lidocaine,Lidocaine,D008012,MESH:D009128,Muscle Spasticity
DB00281,Lidocaine,Lidocaine,D008012,MESH:D009135,Muscular Diseases
DB00281,Lidocaine,Lidocaine,D008012,MESH:D009203,Myocardial Infarction
DB00281,Lidocaine,Lidocaine,D008012,MESH:D009325,Nausea
DB00281,Lidocaine,Lidocaine,D008012,MESH:D009336,Necrosis
DB00281,Lidocaine,Lidocaine,D008012,MESH:D009422,Nervous System Diseases
DB00281,Lidocaine,Lidocaine,D008012,MESH:D009437,Neuralgia
DB00281,Lidocaine,Lidocaine,D008012,MESH:D010009,Osteochondrodysplasias
DB00281,Lidocaine,Lidocaine,D008012,MESH:D010146,Pain
DB00281,Lidocaine,Lidocaine,D008012,MESH:D010243,Paralysis
DB00281,Lidocaine,Lidocaine,D008012,MESH:D010291,Paresis
DB00281,Lidocaine,Lidocaine,D008012,MESH:D010292,Paresthesia
DB00281,Lidocaine,Lidocaine,D008012,MESH:D016491,Peripheral Vascular Diseases
DB00281,Lidocaine,Lidocaine,D008012,MESH:D010554,Personality Disorders
DB00281,Lidocaine,Lidocaine,D008012,MESH:D011183,Postoperative Complications
DB00281,Lidocaine,Lidocaine,D008012,MESH:D010149,Postoperative Pain
DB00281,Lidocaine,Lidocaine,D008012,MESH:D012640,Seizures
DB00281,Lidocaine,Lidocaine,D008012,MESH:D012678,Sensation Disorders
DB00281,Lidocaine,Lidocaine,D008012,MESH:D013035,Spasm
DB00281,Lidocaine,Lidocaine,D008012,MESH:D013226,Status Epilepticus
DB00281,Lidocaine,Lidocaine,D008012,MESH:D013610,Tachycardia
DB00281,Lidocaine,Lidocaine,D008012,MESH:D014012,Tinnitus
DB00281,Lidocaine,Lidocaine,D008012,MESH:D016171,Torsades de Pointes
DB00281,Lidocaine,Lidocaine,D008012,MESH:D018754,Ventricular Dysfunction
DB00281,Lidocaine,Lidocaine,D008012,MESH:D014693,Ventricular Fibrillation
DB00281,Lidocaine,Lidocaine,D008012,MESH:D018879,Ventricular Premature Complexes
DB00281,Lidocaine,Lidocaine,D008012,MESH:D014839,Vomiting
DB01396,Digitoxin,Digitoxin,D004074,MESH:D001281,Atrial Fibrillation
DB01396,Digitoxin,Digitoxin,D004074,MESH:D006332,Cardiomegaly
DB01396,Digitoxin,Digitoxin,D004074,MESH:D002318,Cardiovascular Diseases
DB01396,Digitoxin,Digitoxin,D004074,MESH:D015179,Colorectal Neoplasms
DB01396,Digitoxin,Digitoxin,D004074,MESH:D006331,Heart Diseases
DB01396,Digitoxin,Digitoxin,D004074,MESH:D006333,Heart Failure
DB01396,Digitoxin,Digitoxin,D004074,MESH:D006530,Hepatorenal Syndrome
DB01396,Digitoxin,Digitoxin,D004074,MESH:D006973,Hypertension
DB00390,Digoxin,Digoxin,D004077,MESH:D000787,Angina Pectoris
DB00390,Digoxin,Digoxin,D004077,MESH:D001281,Atrial Fibrillation
DB00390,Digoxin,Digoxin,D004077,MESH:D001327,Autoimmune Diseases
DB00390,Digoxin,Digoxin,D004077,MESH:D009202,Cardiomyopathies
DB00390,Digoxin,Digoxin,D004077,MESH:D002318,Cardiovascular Diseases
DB00390,Digoxin,Digoxin,D004077,MESH:D003324,Coronary Artery Disease
DB00390,Digoxin,Digoxin,D004077,MESH:D005315,Fetal Diseases
DB00390,Digoxin,Digoxin,D004077,MESH:D006331,Heart Diseases
DB00390,Digoxin,Digoxin,D004077,MESH:D006333,Heart Failure
DB00390,Digoxin,Digoxin,D004077,MESH:D006973,Hypertension
DB00390,Digoxin,Digoxin,D004077,MESH:D008944,Mitral Valve Insufficiency
DB00390,Digoxin,Digoxin,D004077,MESH:D009369,Neoplasms
DB00390,Digoxin,Digoxin,D004077,MESH:D011654,Pulmonary Edema
DB00390,Digoxin,Digoxin,D004077,MESH:D013610,Tachycardia
DB00390,Digoxin,Digoxin,D004077,MESH:D018754,Ventricular Dysfunction
DB01426,Ajmaline,Ajmaline,D000404,MESH:D014693,Ventricular Fibrillation
DB01426,Ajmaline,Ajmaline,D000404,MESH:D018879,Ventricular Premature Complexes
DB00898,Ethanol,Ethanol,D000431,MESH:D000138,Acidosis
DB00898,Ethanol,Ethanol,D000431,MESH:D001008,Anxiety Disorders
DB00898,Ethanol,Ethanol,D000431,MESH:D001247,Asthenia
DB00898,Ethanol,Ethanol,D000431,MESH:D001281,Atrial Fibrillation
DB00898,Ethanol,Ethanol,D000431,MESH:D001342,Autonomic Nervous System Diseases
DB00898,Ethanol,Ethanol,D000431,MESH:D001919,Bradycardia
DB00898,Ethanol,Ethanol,D000431,MESH:D001929,Brain Edema
DB00898,Ethanol,Ethanol,D000431,MESH:D002056,Burns
DB00898,Ethanol,Ethanol,D000431,MESH:D002543,Cerebral Hemorrhage
DB00898,Ethanol,Ethanol,D000431,MESH:D019970,Cocaine-Related Disorders
DB00898,Ethanol,Ethanol,D000431,MESH:D048909,Diabetes Complications
DB00898,Ethanol,Ethanol,D000431,MESH:D020329,Essential Tremor
DB00898,Ethanol,Ethanol,D000431,MESH:D006335,Heart Injuries
DB00898,Ethanol,Ethanol,D000431,MESH:D007022,Hypotension
DB00898,Ethanol,Ethanol,D000431,MESH:D009422,Nervous System Diseases
DB00898,Ethanol,Ethanol,D000431,MESH:D010146,Pain
DB00898,Ethanol,Ethanol,D000431,MESH:D017119,Porphyria Cutanea Tarda
DB00898,Ethanol,Ethanol,D000431,MESH:D011507,Proteinuria
DB00898,Ethanol,Ethanol,D000431,MESH:D015427,Reperfusion Injury
DB00898,Ethanol,Ethanol,D000431,MESH:D012640,Seizures
DB00898,Ethanol,Ethanol,D000431,MESH:D014202,Tremor
DB00898,Ethanol,Ethanol,D000431,MESH:D054079,Vascular Malformations
DB00898,Ethanol,Ethanol,D000431,MESH:D018754,Ventricular Dysfunction
DB00898,Ethanol,Ethanol,D000431,MESH:D015430,Weight Gain
DB00454,Meperidine,Meperidine,D008614,MESH:D015746,Abdominal Pain
DB00454,Meperidine,Meperidine,D008614,MESH:D003371,Cough
DB00454,Meperidine,Meperidine,D008614,MESH:D006261,Headache
DB00454,Meperidine,Meperidine,D008614,MESH:D008881,Migraine Disorders
DB00454,Meperidine,Meperidine,D008614,MESH:D009437,Neuralgia
DB00454,Meperidine,Meperidine,D008614,MESH:D010146,Pain
DB00454,Meperidine,Meperidine,D008614,MESH:D010195,Pancreatitis
DB00454,Meperidine,Meperidine,D008614,MESH:D010149,Postoperative Pain
DB00454,Meperidine,Meperidine,D008614,MESH:D013375,Substance Withdrawal Syndrome
DB00182,Amphetamine,Amphetamine,D000661,MESH:D000647,Amnesia
DB00182,Amphetamine,Amphetamine,D000661,MESH:D001289,Attention Deficit Disorder with Hyperactivity
DB00182,Amphetamine,Amphetamine,D000661,MESH:D001714,Bipolar Disorder
DB00182,Amphetamine,Amphetamine,D000661,MESH:D001919,Bradycardia
DB00182,Amphetamine,Amphetamine,D000661,MESH:D004827,Epilepsy
DB00182,Amphetamine,Amphetamine,D000661,MESH:D005221,Fatigue
DB00182,Amphetamine,Amphetamine,D000661,MESH:D006948,Hyperkinesis
DB00182,Amphetamine,Amphetamine,D000661,MESH:D018476,Hypokinesia
DB00182,Amphetamine,Amphetamine,D000661,MESH:D007022,Hypotension
DB00182,Amphetamine,Amphetamine,D000661,MESH:D008569,Memory Disorders
DB00182,Amphetamine,Amphetamine,D000661,MESH:D009290,Narcolepsy
DB00182,Amphetamine,Amphetamine,D000661,MESH:D009369,Neoplasms
DB00182,Amphetamine,Amphetamine,D000661,MESH:D010146,Pain
DB00182,Amphetamine,Amphetamine,D000661,MESH:D011230,Precancerous Conditions
DB00182,Amphetamine,Amphetamine,D000661,MESH:D012559,Schizophrenia
DB00182,Amphetamine,Amphetamine,D000661,MESH:D012640,Seizures
DB01202,Levetiracetam,Levetiracetam,D000077287,MESH:D000647,Amnesia
DB01202,Levetiracetam,Levetiracetam,D000077287,MESH:D001008,Anxiety Disorders
DB01202,Levetiracetam,Levetiracetam,D000077287,MESH:D001321,Autistic Disorder
DB01202,Levetiracetam,Levetiracetam,D000077287,MESH:D001714,Bipolar Disorder
DB01202,Levetiracetam,Levetiracetam,D000077287,MESH:D001930,Brain Injuries
DB01202,Levetiracetam,Levetiracetam,D000077287,MESH:D002819,Chorea
DB01202,Levetiracetam,Levetiracetam,D000077287,MESH:D004827,Epilepsy
DB01202,Levetiracetam,Levetiracetam,D000077287,MESH:D019964,Mood Disorders
DB01202,Levetiracetam,Levetiracetam,D000077287,MESH:D009069,Movement Disorders
DB01202,Levetiracetam,Levetiracetam,D000077287,MESH:D016584,Panic Disorder
DB01202,Levetiracetam,Levetiracetam,D000077287,MESH:D012640,Seizures
DB01202,Levetiracetam,Levetiracetam,D000077287,MESH:D013226,Status Epilepticus
DB01202,Levetiracetam,Levetiracetam,D000077287,MESH:D013375,Substance Withdrawal Syndrome
DB01202,Levetiracetam,Levetiracetam,D000077287,MESH:D005879,Tourette Syndrome
DB01202,Levetiracetam,Levetiracetam,D000077287,MESH:D014202,Tremor
DB01202,Levetiracetam,Levetiracetam,D000077287,MESH:D020194,Unverricht-Lundborg Syndrome
DB01202,Levetiracetam,Levetiracetam,D000077287,MESH:D014839,Vomiting
DB00949,Felbamate,Felbamate,D000078328,MESH:D002545,Brain Ischemia
DB00949,Felbamate,Felbamate,D000078328,MESH:D002375,Catalepsy
DB00949,Felbamate,Felbamate,D000078328,MESH:D004827,Epilepsy
DB00949,Felbamate,Felbamate,D000078328,MESH:D000860,Hypoxia
DB00949,Felbamate,Felbamate,D000078328,MESH:D009336,Necrosis
DB00949,Felbamate,Felbamate,D000078328,MESH:D009410,Nerve Degeneration
DB00949,Felbamate,Felbamate,D000078328,MESH:D010146,Pain
DB00949,Felbamate,Felbamate,D000078328,MESH:D020734,Parkinsonian Disorders
DB00949,Felbamate,Felbamate,D000078328,MESH:D012640,Seizures
DB00949,Felbamate,Felbamate,D000078328,MESH:D013226,Status Epilepticus
DB00949,Felbamate,Felbamate,D000078328,MESH:D013345,Subarachnoid Hemorrhage
DB00949,Felbamate,Felbamate,D000078328,MESH:D013375,Substance Withdrawal Syndrome
DB00860,Prednisolone,Prednisolone,D011239,MESH:D000152,Acne Vulgaris
DB00860,Prednisolone,Prednisolone,D011239,MESH:D020083,Acquired Hyperostosis Syndrome
DB00860,Prednisolone,Prednisolone,D011239,MESH:D054058,Acute Coronary Syndrome
DB00860,Prednisolone,Prednisolone,D011239,MESH:D058186,Acute Kidney Injury
DB00860,Prednisolone,Prednisolone,D011239,MESH:D055371,Acute Lung Injury
DB00860,Prednisolone,Prednisolone,D011239,MESH:D000506,Alopecia Areata
DB00860,Prednisolone,Prednisolone,D011239,MESH:D000799,Angioedema
DB00860,Prednisolone,Prednisolone,D011239,MESH:D000855,Anorexia
DB00860,Prednisolone,Prednisolone,D011239,MESH:D018771,Arthralgia
DB00860,Prednisolone,Prednisolone,D011239,MESH:D001249,Asthma
DB00860,Prednisolone,Prednisolone,D011239,MESH:D001327,Autoimmune Diseases
DB00860,Prednisolone,Prednisolone,D011239,MESH:D001528,Behcet Syndrome
DB00860,Prednisolone,Prednisolone,D011239,MESH:D019046,Bone Marrow Neoplasms
DB00860,Prednisolone,Prednisolone,D011239,MESH:D001943,Breast Neoplasms
DB00860,Prednisolone,Prednisolone,D011239,MESH:D016535,Bronchial Hyperreactivity
DB00860,Prednisolone,Prednisolone,D011239,MESH:D002051,Burkitt Lymphoma
DB00860,Prednisolone,Prednisolone,D011239,MESH:D056486,Chemical and Drug Induced Liver Injury
DB00860,Prednisolone,Prednisolone,D011239,MESH:D002779,Cholestasis
DB00860,Prednisolone,Prednisolone,D011239,MESH:D003424,Crohn Disease
DB00860,Prednisolone,Prednisolone,D011239,MESH:D003882,Dermatomyositis
DB00860,Prednisolone,Prednisolone,D011239,MESH:D003967,Diarrhea
DB00860,Prednisolone,Prednisolone,D011239,MESH:D004487,Edema
DB00860,Prednisolone,Prednisolone,D011239,MESH:D004802,Eosinophilia
DB00860,Prednisolone,Prednisolone,D011239,MESH:D004892,Erythema Multiforme
DB00860,Prednisolone,Prednisolone,D011239,MESH:D005076,Exanthema
DB00860,Prednisolone,Prednisolone,D011239,MESH:D005334,Fever
DB00860,Prednisolone,Prednisolone,D011239,MESH:D005767,Gastrointestinal Diseases
DB00860,Prednisolone,Prednisolone,D011239,MESH:D005921,Glomerulonephritis
DB00860,Prednisolone,Prednisolone,D011239,MESH:D006086,Graft vs Host Disease
DB00860,Prednisolone,Prednisolone,D011239,MESH:D014890,Granulomatosis with Polyangiitis
DB00860,Prednisolone,Prednisolone,D011239,MESH:D006111,Graves Disease
DB00860,Prednisolone,Prednisolone,D011239,MESH:D034381,Hearing Loss
DB00860,Prednisolone,Prednisolone,D011239,MESH:D006327,Heart Block
DB00860,Prednisolone,Prednisolone,D011239,MESH:D006391,Hemangioma
DB00860,Prednisolone,Prednisolone,D011239,MESH:D006463,Hemolytic-Uremic Syndrome
DB00860,Prednisolone,Prednisolone,D011239,MESH:D006470,Hemorrhage
DB00860,Prednisolone,Prednisolone,D011239,MESH:D006501,Hepatic Encephalopathy
DB00860,Prednisolone,Prednisolone,D011239,MESH:D006689,Hodgkin Disease
DB00860,Prednisolone,Prednisolone,D011239,MESH:D006930,Hyperalgesia
DB00860,Prednisolone,Prednisolone,D011239,MESH:D006934,Hypercalcemia
DB00860,Prednisolone,Prednisolone,D011239,MESH:D006937,Hypercholesterolemia
DB00860,Prednisolone,Prednisolone,D011239,MESH:D006980,Hyperthyroidism
DB00860,Prednisolone,Prednisolone,D011239,MESH:D007249,Inflammation
DB00860,Prednisolone,Prednisolone,D011239,MESH:D015212,Inflammatory Bowel Diseases
DB00860,Prednisolone,Prednisolone,D011239,MESH:D007674,Kidney Diseases
DB00860,Prednisolone,Prednisolone,D011239,MESH:D007918,Leprosy
DB00860,Prednisolone,Prednisolone,D011239,MESH:D053609,Lethargy
DB00860,Prednisolone,Prednisolone,D011239,MESH:D055370,Lung Injury
DB00860,Prednisolone,Prednisolone,D011239,MESH:D008181,Lupus Nephritis
DB00860,Prednisolone,Prednisolone,D011239,MESH:D008581,Meningitis
DB00860,Prednisolone,Prednisolone,D011239,MESH:D020326,Migraine without Aura
DB00860,Prednisolone,Prednisolone,D011239,MESH:D009101,Multiple Myeloma
DB00860,Prednisolone,Prednisolone,D011239,MESH:D009103,Multiple Sclerosis
DB00860,Prednisolone,Prednisolone,D011239,MESH:D009135,Muscular Diseases
DB00860,Prednisolone,Prednisolone,D011239,MESH:D009157,Myasthenia Gravis
DB00860,Prednisolone,Prednisolone,D011239,MESH:D009190,Myelodysplastic Syndromes
DB00860,Prednisolone,Prednisolone,D011239,MESH:D009203,Myocardial Infarction
DB00860,Prednisolone,Prednisolone,D011239,MESH:D009205,Myocarditis
DB00860,Prednisolone,Prednisolone,D011239,MESH:D009220,Myositis
DB00860,Prednisolone,Prednisolone,D011239,MESH:D009325,Nausea
DB00860,Prednisolone,Prednisolone,D011239,MESH:D009404,Nephrotic Syndrome
DB00860,Prednisolone,Prednisolone,D011239,MESH:D009468,Neuromuscular Diseases
DB00860,Prednisolone,Prednisolone,D011239,MESH:D009902,Optic Neuritis
DB00860,Prednisolone,Prednisolone,D011239,MESH:D019226,Oral Ulcer
DB00860,Prednisolone,Prednisolone,D011239,MESH:D010392,Pemphigus
DB00860,Prednisolone,Prednisolone,D011239,MESH:D010490,Pericardial Effusion
DB00860,Prednisolone,Prednisolone,D011239,MESH:D010523,Peripheral Nervous System Diseases
DB00860,Prednisolone,Prednisolone,D011239,MESH:D010996,Pleural Effusion
DB00860,Prednisolone,Prednisolone,D011239,MESH:D011014,Pneumonia
DB00860,Prednisolone,Prednisolone,D011239,MESH:D017285,Polymyositis
DB00860,Prednisolone,Prednisolone,D011239,MESH:D011183,Postoperative Complications
DB00860,Prednisolone,Prednisolone,D011239,MESH:D015452,Precursor B-Cell Lymphoblastic Leukemia-Lymphoma
DB00860,Prednisolone,Prednisolone,D011239,MESH:D054198,Precursor Cell Lymphoblastic Leukemia-Lymphoma
DB00860,Prednisolone,Prednisolone,D011239,MESH:D054218,Precursor T-Cell Lymphoblastic Leukemia-Lymphoma
DB00860,Prednisolone,Prednisolone,D011239,MESH:D055728,Primary Myelofibrosis
DB00860,Prednisolone,Prednisolone,D011239,MESH:D011471,Prostatic Neoplasms
DB00860,Prednisolone,Prednisolone,D011239,MESH:D011507,Proteinuria
DB00860,Prednisolone,Prednisolone,D011239,MESH:D011537,Pruritus
DB00860,Prednisolone,Prednisolone,D011239,MESH:D011565,Psoriasis
DB00860,Prednisolone,Prednisolone,D011239,MESH:D011658,Pulmonary Fibrosis
DB00860,Prednisolone,Prednisolone,D011239,MESH:D012008,Recurrence
DB00860,Prednisolone,Prednisolone,D011239,MESH:D051437,Renal Insufficiency
DB00860,Prednisolone,Prednisolone,D011239,MESH:D012130,Respiratory Hypersensitivity
DB00860,Prednisolone,Prednisolone,D011239,MESH:D012131,Respiratory Insufficiency
DB00860,Prednisolone,Prednisolone,D011239,MESH:D012206,Rhabdomyolysis
DB00860,Prednisolone,Prednisolone,D011239,MESH:D012507,Sarcoidosis
DB00860,Prednisolone,Prednisolone,D011239,MESH:D012859,Sjogren's Syndrome
DB00860,Prednisolone,Prednisolone,D011239,MESH:D013262,Stevens-Johnson Syndrome
DB00860,Prednisolone,Prednisolone,D011239,MESH:D013276,Stomach Ulcer
DB00860,Prednisolone,Prednisolone,D011239,MESH:D013375,Substance Withdrawal Syndrome
DB00860,Prednisolone,Prednisolone,D011239,MESH:D013479,Superior Vena Cava Syndrome
DB00860,Prednisolone,Prednisolone,D011239,MESH:D013585,Synovitis
DB00860,Prednisolone,Prednisolone,D011239,MESH:D014376,Tuberculosis
DB00860,Prednisolone,Prednisolone,D011239,MESH:D014456,Ulcer
DB00860,Prednisolone,Prednisolone,D011239,MESH:D014511,Uremia
DB00860,Prednisolone,Prednisolone,D011239,MESH:D014605,Uveitis
DB00860,Prednisolone,Prednisolone,D011239,MESH:D014657,Vasculitis
DB00860,Prednisolone,Prednisolone,D011239,MESH:D015431,Weight Loss
DB01041,Thalidomide,Thalidomide,D013792,MESH:D055371,Acute Lung Injury
DB01041,Thalidomide,Thalidomide,D013792,MESH:D000690,Amyotrophic Lateral Sclerosis
DB01041,Thalidomide,Thalidomide,D013792,MESH:D016736,Antiphospholipid Syndrome
DB01041,Thalidomide,Thalidomide,D013792,MESH:D001528,Behcet Syndrome
DB01041,Thalidomide,Thalidomide,D013792,MESH:D020520,Brain Infarction
DB01041,Thalidomide,Thalidomide,D013792,MESH:D005871,Castleman Disease
DB01041,Thalidomide,Thalidomide,D013792,MESH:D018281,Cholangiocarcinoma
DB01041,Thalidomide,Thalidomide,D013792,MESH:D002779,Cholestasis
DB01041,Thalidomide,Thalidomide,D013792,MESH:D003092,Colitis
DB01041,Thalidomide,Thalidomide,D013792,MESH:D003110,Colonic Neoplasms
DB01041,Thalidomide,Thalidomide,D013792,MESH:D016510,Corneal Neovascularization
DB01041,Thalidomide,Thalidomide,D013792,MESH:D003424,Crohn Disease
DB01041,Thalidomide,Thalidomide,D013792,MESH:D004806,Ependymoma
DB01041,Thalidomide,Thalidomide,D013792,MESH:D004892,Erythema Multiforme
DB01041,Thalidomide,Thalidomide,D013792,MESH:D005909,Glioblastoma
DB01041,Thalidomide,Thalidomide,D013792,MESH:D005910,Glioma
DB01041,Thalidomide,Thalidomide,D013792,MESH:D006086,Graft vs Host Disease
DB01041,Thalidomide,Thalidomide,D013792,MESH:D006333,Heart Failure
DB01041,Thalidomide,Thalidomide,D013792,MESH:D006402,Hematologic Diseases
DB01041,Thalidomide,Thalidomide,D013792,MESH:D015658,HIV Infections
DB01041,Thalidomide,Thalidomide,D013792,MESH:D006930,Hyperalgesia
DB01041,Thalidomide,Thalidomide,D013792,MESH:D007249,Inflammation
DB01041,Thalidomide,Thalidomide,D013792,MESH:D007918,Leprosy
DB01041,Thalidomide,Thalidomide,D013792,MESH:D008103,Liver Cirrhosis
DB01041,Thalidomide,Thalidomide,D013792,MESH:D008175,Lung Neoplasms
DB01041,Thalidomide,Thalidomide,D013792,MESH:D008223,Lymphoma
DB01041,Thalidomide,Thalidomide,D013792,MESH:D008545,Melanoma
DB01041,Thalidomide,Thalidomide,D013792,MESH:D008654,Mesothelioma
DB01041,Thalidomide,Thalidomide,D013792,MESH:D009101,Multiple Myeloma
DB01041,Thalidomide,Thalidomide,D013792,MESH:D009190,Myelodysplastic Syndromes
DB01041,Thalidomide,Thalidomide,D013792,MESH:D009336,Necrosis
DB01041,Thalidomide,Thalidomide,D013792,MESH:D009404,Nephrotic Syndrome
DB01041,Thalidomide,Thalidomide,D013792,MESH:D019226,Oral Ulcer
DB01041,Thalidomide,Thalidomide,D013792,MESH:D010014,Osteolysis
DB01041,Thalidomide,Thalidomide,D013792,MESH:D010051,Ovarian Neoplasms
DB01041,Thalidomide,Thalidomide,D013792,MESH:D054198,Precursor Cell Lymphoblastic Leukemia-Lymphoma
DB01041,Thalidomide,Thalidomide,D013792,MESH:D055728,Primary Myelofibrosis
DB01041,Thalidomide,Thalidomide,D013792,MESH:D011471,Prostatic Neoplasms
DB01041,Thalidomide,Thalidomide,D013792,MESH:D011537,Pruritus
DB01041,Thalidomide,Thalidomide,D013792,MESH:D011654,Pulmonary Edema
DB01041,Thalidomide,Thalidomide,D013792,MESH:D017511,Pyoderma Gangrenosum
DB01041,Thalidomide,Thalidomide,D013792,MESH:D012507,Sarcoidosis
DB01041,Thalidomide,Thalidomide,D013792,MESH:D019873,Schnitzler Syndrome
DB01041,Thalidomide,Thalidomide,D013792,MESH:D012871,Skin Diseases
DB01041,Thalidomide,Thalidomide,D013792,MESH:D007319,Sleep Initiation and Maintenance Disorders
DB01041,Thalidomide,Thalidomide,D013792,MESH:D055752,Small Cell Lung Carcinoma
DB01041,Thalidomide,Thalidomide,D013792,MESH:D013276,Stomach Ulcer
DB01041,Thalidomide,Thalidomide,D013792,MESH:D014456,Ulcer
DB01041,Thalidomide,Thalidomide,D013792,MESH:D008258,Waldenstrom Macroglobulinemia
DB00915,Amantadine,Amantadine,D000547,MESH:D001321,Autistic Disorder
DB00915,Amantadine,Amantadine,D000547,MESH:D001480,Basal Ganglia Diseases
DB00915,Amantadine,Amantadine,D000547,MESH:D001930,Brain Injuries
DB00915,Amantadine,Amantadine,D000547,MESH:D002375,Catalepsy
DB00915,Amantadine,Amantadine,D000547,MESH:D002389,Catatonia
DB00915,Amantadine,Amantadine,D000547,MESH:D002524,Cerebellar Ataxia
DB00915,Amantadine,Amantadine,D000547,MESH:D019970,Cocaine-Related Disorders
DB00915,Amantadine,Amantadine,D000547,MESH:D003704,Dementia
DB00915,Amantadine,Amantadine,D000547,MESH:D020820,Dyskinesias
DB00915,Amantadine,Amantadine,D000547,MESH:D005221,Fatigue
DB00915,Amantadine,Amantadine,D000547,MESH:D005334,Fever
DB00915,Amantadine,Amantadine,D000547,MESH:D005715,Gambling
DB00915,Amantadine,Amantadine,D000547,MESH:D006509,Hepatitis B
DB00915,Amantadine,Amantadine,D000547,MESH:D006526,Hepatitis C
DB00915,Amantadine,Amantadine,D000547,MESH:D006816,Huntington Disease
DB00915,Amantadine,Amantadine,D000547,MESH:D006948,Hyperkinesis
DB00915,Amantadine,Amantadine,D000547,MESH:D018476,Hypokinesia
DB00915,Amantadine,Amantadine,D000547,MESH:D009069,Movement Disorders
DB00915,Amantadine,Amantadine,D000547,MESH:D009103,Multiple Sclerosis
DB00915,Amantadine,Amantadine,D000547,MESH:D009127,Muscle Rigidity
DB00915,Amantadine,Amantadine,D000547,MESH:D018908,Muscle Weakness
DB00915,Amantadine,Amantadine,D000547,MESH:D009976,Orthomyxoviridae Infections
DB00915,Amantadine,Amantadine,D000547,MESH:D010259,Paranoid Disorders
DB00915,Amantadine,Amantadine,D000547,MESH:D010300,Parkinson Disease
DB00915,Amantadine,Amantadine,D000547,MESH:D020734,Parkinsonian Disorders
DB00915,Amantadine,Amantadine,D000547,MESH:D010554,Personality Disorders
DB00915,Amantadine,Amantadine,D000547,MESH:D010149,Postoperative Pain
DB00915,Amantadine,Amantadine,D000547,MESH:D019956,Stereotypic Movement Disorder
DB00915,Amantadine,Amantadine,D000547,MESH:D013375,Substance Withdrawal Syndrome
DB00915,Amantadine,Amantadine,D000547,MESH:D014202,Tremor
DB00584,Enalapril,Enalapril,D004656,MESH:D058186,Acute Kidney Injury
DB00584,Enalapril,Enalapril,D004656,MESH:D000419,Albuminuria
DB00584,Enalapril,Enalapril,D004656,MESH:D050197,Atherosclerosis
DB00584,Enalapril,Enalapril,D004656,MESH:D020520,Brain Infarction
DB00584,Enalapril,Enalapril,D004656,MESH:D002545,Brain Ischemia
DB00584,Enalapril,Enalapril,D004656,MESH:D006332,Cardiomegaly
DB00584,Enalapril,Enalapril,D004656,MESH:D009202,Cardiomyopathies
DB00584,Enalapril,Enalapril,D004656,MESH:D002318,Cardiovascular Diseases
DB00584,Enalapril,Enalapril,D004656,MESH:D056486,Chemical and Drug Induced Liver Injury
DB00584,Enalapril,Enalapril,D004656,MESH:D003324,Coronary Artery Disease
DB00584,Enalapril,Enalapril,D004656,MESH:D003925,Diabetic Angiopathies
DB00584,Enalapril,Enalapril,D004656,MESH:D058065,Diabetic Cardiomyopathies
DB00584,Enalapril,Enalapril,D004656,MESH:D003928,Diabetic Nephropathies
DB00584,Enalapril,Enalapril,D004656,MESH:D003929,Diabetic Neuropathies
DB00584,Enalapril,Enalapril,D004656,MESH:D018450,Disease Progression
DB00584,Enalapril,Enalapril,D004656,MESH:D004487,Edema
DB00584,Enalapril,Enalapril,D004656,MESH:D004719,Endomyocardial Fibrosis
DB00584,Enalapril,Enalapril,D004656,MESH:D005355,Fibrosis
DB00584,Enalapril,Enalapril,D004656,MESH:D005921,Glomerulonephritis
DB00584,Enalapril,Enalapril,D004656,MESH:D006331,Heart Diseases
DB00584,Enalapril,Enalapril,D004656,MESH:D006333,Heart Failure
DB00584,Enalapril,Enalapril,D004656,MESH:D006470,Hemorrhage
DB00584,Enalapril,Enalapril,D004656,MESH:D006937,Hypercholesterolemia
DB00584,Enalapril,Enalapril,D004656,MESH:D006943,Hyperglycemia
DB00584,Enalapril,Enalapril,D004656,MESH:D006965,Hyperplasia
DB00584,Enalapril,Enalapril,D004656,MESH:D006973,Hypertension
DB00584,Enalapril,Enalapril,D004656,MESH:D007008,Hypokalemia
DB00584,Enalapril,Enalapril,D004656,MESH:D007249,Inflammation
DB00584,Enalapril,Enalapril,D004656,MESH:D007674,Kidney Diseases
DB00584,Enalapril,Enalapril,D004656,MESH:D008103,Liver Cirrhosis
DB00584,Enalapril,Enalapril,D004656,MESH:D008944,Mitral Valve Insufficiency
DB00584,Enalapril,Enalapril,D004656,MESH:D009069,Movement Disorders
DB00584,Enalapril,Enalapril,D004656,MESH:D009203,Myocardial Infarction
DB00584,Enalapril,Enalapril,D004656,MESH:D009336,Necrosis
DB00584,Enalapril,Enalapril,D004656,MESH:D058426,Neointima
DB00584,Enalapril,Enalapril,D004656,MESH:D009369,Neoplasms
DB00584,Enalapril,Enalapril,D004656,MESH:D009393,Nephritis
DB00584,Enalapril,Enalapril,D004656,MESH:D009400,Nephrosclerosis
DB00584,Enalapril,Enalapril,D004656,MESH:D009765,Obesity
DB00584,Enalapril,Enalapril,D004656,MESH:D010024,Osteoporosis
DB00584,Enalapril,Enalapril,D004656,MESH:D010190,Pancreatic Neoplasms
DB00584,Enalapril,Enalapril,D004656,MESH:D010523,Peripheral Nervous System Diseases
DB00584,Enalapril,Enalapril,D004656,MESH:D016491,Peripheral Vascular Diseases
DB00584,Enalapril,Enalapril,D004656,MESH:D011014,Pneumonia
DB00584,Enalapril,Enalapril,D004656,MESH:D011086,Polycythemia
DB00584,Enalapril,Enalapril,D004656,MESH:D011507,Proteinuria
DB00584,Enalapril,Enalapril,D004656,MESH:D011658,Pulmonary Fibrosis
DB00584,Enalapril,Enalapril,D004656,MESH:D051437,Renal Insufficiency
DB00584,Enalapril,Enalapril,D004656,MESH:D012598,Sclerosis
DB00584,Enalapril,Enalapril,D004656,MESH:D012640,Seizures
DB00584,Enalapril,Enalapril,D004656,MESH:D020521,Stroke
DB00584,Enalapril,Enalapril,D004656,MESH:D013375,Substance Withdrawal Syndrome
DB00584,Enalapril,Enalapril,D004656,MESH:D013610,Tachycardia
DB00584,Enalapril,Enalapril,D004656,MESH:D014511,Uremia
DB00584,Enalapril,Enalapril,D004656,MESH:D014517,Ureteral Obstruction
DB00584,Enalapril,Enalapril,D004656,MESH:D018754,Ventricular Dysfunction
DB00584,Enalapril,Enalapril,D004656,MESH:D020257,Ventricular Remodeling
DB00584,Enalapril,Enalapril,D004656,MESH:D015431,Weight Loss
DB01118,Amiodarone,Amiodarone,D000638,MESH:D000787,Angina Pectoris
DB01118,Amiodarone,Amiodarone,D000638,MESH:D001281,Atrial Fibrillation
DB01118,Amiodarone,Amiodarone,D000638,MESH:D001327,Autoimmune Diseases
DB01118,Amiodarone,Amiodarone,D000638,MESH:D001919,Bradycardia
DB01118,Amiodarone,Amiodarone,D000638,MESH:D006332,Cardiomegaly
DB01118,Amiodarone,Amiodarone,D000638,MESH:D009202,Cardiomyopathies
DB01118,Amiodarone,Amiodarone,D000638,MESH:D002341,Carotid Artery Thrombosis
DB01118,Amiodarone,Amiodarone,D000638,MESH:D005315,Fetal Diseases
DB01118,Amiodarone,Amiodarone,D000638,MESH:D006331,Heart Diseases
DB01118,Amiodarone,Amiodarone,D000638,MESH:D006333,Heart Failure
DB01118,Amiodarone,Amiodarone,D000638,MESH:D006980,Hyperthyroidism
DB01118,Amiodarone,Amiodarone,D000638,MESH:D008171,Lung Diseases
DB01118,Amiodarone,Amiodarone,D000638,MESH:D009203,Myocardial Infarction
DB01118,Amiodarone,Amiodarone,D000638,MESH:D017202,Myocardial Ischemia
DB01118,Amiodarone,Amiodarone,D000638,MESH:D009205,Myocarditis
DB01118,Amiodarone,Amiodarone,D000638,MESH:D009362,Neoplasm Metastasis
DB01118,Amiodarone,Amiodarone,D000638,MESH:D011183,Postoperative Complications
DB01118,Amiodarone,Amiodarone,D000638,MESH:D012804,Sick Sinus Syndrome
DB01118,Amiodarone,Amiodarone,D000638,MESH:D013276,Stomach Ulcer
DB01118,Amiodarone,Amiodarone,D000638,MESH:D013610,Tachycardia
DB01118,Amiodarone,Amiodarone,D000638,MESH:D013971,Thyrotoxicosis
DB01118,Amiodarone,Amiodarone,D000638,MESH:D016171,Torsades de Pointes
DB01118,Amiodarone,Amiodarone,D000638,MESH:D018754,Ventricular Dysfunction
DB01118,Amiodarone,Amiodarone,D000638,MESH:D014693,Ventricular Fibrillation
DB01118,Amiodarone,Amiodarone,D000638,MESH:D018879,Ventricular Premature Complexes
DB01118,Amiodarone,Amiodarone,D000638,MESH:D014927,Wolff-Parkinson-White Syndrome
DB01136,Carvedilol,Carvedilol,D000077261,MESH:D054058,Acute Coronary Syndrome
DB01136,Carvedilol,Carvedilol,D000077261,MESH:D058186,Acute Kidney Injury
DB01136,Carvedilol,Carvedilol,D000077261,MESH:D000419,Albuminuria
DB01136,Carvedilol,Carvedilol,D000077261,MESH:D000787,Angina Pectoris
DB01136,Carvedilol,Carvedilol,D000077261,MESH:D001022,Aortic Valve Insufficiency
DB01136,Carvedilol,Carvedilol,D000077261,MESH:D001281,Atrial Fibrillation
DB01136,Carvedilol,Carvedilol,D000077261,MESH:D001342,Autonomic Nervous System Diseases
DB01136,Carvedilol,Carvedilol,D000077261,MESH:D002100,Cachexia
DB01136,Carvedilol,Carvedilol,D000077261,MESH:D006332,Cardiomegaly
DB01136,Carvedilol,Carvedilol,D000077261,MESH:D009202,Cardiomyopathies
DB01136,Carvedilol,Carvedilol,D000077261,MESH:D066126,Cardiotoxicity
DB01136,Carvedilol,Carvedilol,D000077261,MESH:D056486,Chemical and Drug Induced Liver Injury
DB01136,Carvedilol,Carvedilol,D000077261,MESH:D019970,Cocaine-Related Disorders
DB01136,Carvedilol,Carvedilol,D000077261,MESH:D003072,Cognition Disorders
DB01136,Carvedilol,Carvedilol,D000077261,MESH:D023921,Coronary Stenosis
DB01136,Carvedilol,Carvedilol,D000077261,MESH:D003704,Dementia
DB01136,Carvedilol,Carvedilol,D000077261,MESH:D003925,Diabetic Angiopathies
DB01136,Carvedilol,Carvedilol,D000077261,MESH:D004719,Endomyocardial Fibrosis
DB01136,Carvedilol,Carvedilol,D000077261,MESH:D005334,Fever
DB01136,Carvedilol,Carvedilol,D000077261,MESH:D005910,Glioma
DB01136,Carvedilol,Carvedilol,D000077261,MESH:D006323,Heart Arrest
DB01136,Carvedilol,Carvedilol,D000077261,MESH:D006331,Heart Diseases
DB01136,Carvedilol,Carvedilol,D000077261,MESH:D006333,Heart Failure
DB01136,Carvedilol,Carvedilol,D000077261,MESH:D006940,Hyperemia
DB01136,Carvedilol,Carvedilol,D000077261,MESH:D006973,Hypertension
DB01136,Carvedilol,Carvedilol,D000077261,MESH:D007022,Hypotension
DB01136,Carvedilol,Carvedilol,D000077261,MESH:D007249,Inflammation
DB01136,Carvedilol,Carvedilol,D000077261,MESH:D007333,Insulin Resistance
DB01136,Carvedilol,Carvedilol,D000077261,MESH:D007674,Kidney Diseases
DB01136,Carvedilol,Carvedilol,D000077261,MESH:D008569,Memory Disorders
DB01136,Carvedilol,Carvedilol,D000077261,MESH:D009069,Movement Disorders
DB01136,Carvedilol,Carvedilol,D000077261,MESH:D009203,Myocardial Infarction
DB01136,Carvedilol,Carvedilol,D000077261,MESH:D017202,Myocardial Ischemia
DB01136,Carvedilol,Carvedilol,D000077261,MESH:D015428,Myocardial Reperfusion Injury
DB01136,Carvedilol,Carvedilol,D000077261,MESH:D009205,Myocarditis
DB01136,Carvedilol,Carvedilol,D000077261,MESH:D009336,Necrosis
DB01136,Carvedilol,Carvedilol,D000077261,MESH:D065626,Non-alcoholic Fatty Liver Disease
DB01136,Carvedilol,Carvedilol,D000077261,MESH:D054318,No-Reflow Phenomenon
DB01136,Carvedilol,Carvedilol,D000077261,MESH:D011183,Postoperative Complications
DB01136,Carvedilol,Carvedilol,D000077261,MESH:D011507,Proteinuria
DB01136,Carvedilol,Carvedilol,D000077261,MESH:D051437,Renal Insufficiency
DB01136,Carvedilol,Carvedilol,D000077261,MESH:D015427,Reperfusion Injury
DB01136,Carvedilol,Carvedilol,D000077261,MESH:D012206,Rhabdomyolysis
DB01136,Carvedilol,Carvedilol,D000077261,MESH:D013276,Stomach Ulcer
DB01136,Carvedilol,Carvedilol,D000077261,MESH:D020521,Stroke
DB01136,Carvedilol,Carvedilol,D000077261,MESH:D013610,Tachycardia
DB01136,Carvedilol,Carvedilol,D000077261,MESH:D066253,Vascular Remodeling
DB01136,Carvedilol,Carvedilol,D000077261,MESH:D018754,Ventricular Dysfunction
DB01136,Carvedilol,Carvedilol,D000077261,MESH:D014693,Ventricular Fibrillation
DB01136,Carvedilol,Carvedilol,D000077261,MESH:D020257,Ventricular Remodeling
DB01136,Carvedilol,Carvedilol,D000077261,MESH:D015431,Weight Loss
DB00148,Creatine,Creatine,D003401,MESH:D003866,Depressive Disorder
DB00148,Creatine,Creatine,D003401,MESH:D006816,Huntington Disease
DB00148,Creatine,Creatine,D003401,MESH:D009133,Muscular Atrophy
DB00148,Creatine,Creatine,D003401,MESH:D009135,Muscular Diseases
DB00148,Creatine,Creatine,D003401,MESH:D020734,Parkinsonian Disorders
DB00583,Levocarnitine,Carnitine,D002331,MESH:D058186,Acute Kidney Injury
DB00583,Levocarnitine,Carnitine,D002331,MESH:D053627,Asthenozoospermia
DB00583,Levocarnitine,Carnitine,D002331,MESH:D006332,Cardiomegaly
DB00583,Levocarnitine,Carnitine,D002331,MESH:D009202,Cardiomyopathies
DB00583,Levocarnitine,Carnitine,D002331,MESH:D066126,Cardiotoxicity
DB00583,Levocarnitine,Carnitine,D002331,MESH:D056486,Chemical and Drug Induced Liver Injury
DB00583,Levocarnitine,Carnitine,D002331,MESH:D019457,Chromosome Breakage
DB00583,Levocarnitine,Carnitine,D002331,MESH:D062787,Drug Overdose
DB00583,Levocarnitine,Carnitine,D002331,MESH:D005198,Fanconi Syndrome
DB00583,Levocarnitine,Carnitine,D002331,MESH:D005234,Fatty Liver
DB00583,Levocarnitine,Carnitine,D002331,MESH:D005355,Fibrosis
DB00583,Levocarnitine,Carnitine,D002331,MESH:D006311,Hearing Disorders
DB00583,Levocarnitine,Carnitine,D002331,MESH:D006331,Heart Diseases
DB00583,Levocarnitine,Carnitine,D002331,MESH:D006501,Hepatic Encephalopathy
DB00583,Levocarnitine,Carnitine,D002331,MESH:D022124,Hyperammonemia
DB00583,Levocarnitine,Carnitine,D002331,MESH:D006949,Hyperlipidemias
DB00583,Levocarnitine,Carnitine,D002331,MESH:D006973,Hypertension
DB00583,Levocarnitine,Carnitine,D002331,MESH:D007333,Insulin Resistance
DB00583,Levocarnitine,Carnitine,D002331,MESH:D007674,Kidney Diseases
DB00583,Levocarnitine,Carnitine,D002331,MESH:D008113,Liver Neoplasms
DB00583,Levocarnitine,Carnitine,D002331,MESH:D024821,Metabolic Syndrome
DB00583,Levocarnitine,Carnitine,D002331,MESH:D028361,Mitochondrial Diseases
DB00583,Levocarnitine,Carnitine,D002331,MESH:D017240,Mitochondrial Myopathies
DB00583,Levocarnitine,Carnitine,D002331,MESH:D009135,Muscular Diseases
DB00583,Levocarnitine,Carnitine,D002331,MESH:D009203,Myocardial Infarction
DB00583,Levocarnitine,Carnitine,D002331,MESH:D015428,Myocardial Reperfusion Injury
DB00583,Levocarnitine,Carnitine,D002331,MESH:D009845,Oligospermia
DB00583,Levocarnitine,Carnitine,D002331,MESH:D010243,Paralysis
DB00583,Levocarnitine,Carnitine,D002331,MESH:D010523,Peripheral Nervous System Diseases
DB00583,Levocarnitine,Carnitine,D002331,MESH:D011297,Prenatal Exposure Delayed Effects
DB00583,Levocarnitine,Carnitine,D002331,MESH:D049188,Prenatal Injuries
DB00583,Levocarnitine,Carnitine,D002331,MESH:D013158,Splenic Diseases
DB00583,Levocarnitine,Carnitine,D002331,MESH:D000072660,Teratozoospermia
DB00583,Levocarnitine,Carnitine,D002331,MESH:D013733,Testicular Diseases
DB00583,Levocarnitine,Carnitine,D002331,MESH:D015430,Weight Gain
DB00583,Levocarnitine,Carnitine,D002331,MESH:D015431,Weight Loss
DB00641,Simvastatin,Simvastatin,D019821,MESH:D055371,Acute Lung Injury
DB00641,Simvastatin,Simvastatin,D019821,MESH:D000419,Albuminuria
DB00641,Simvastatin,Simvastatin,D019821,MESH:D001014,Aortic Aneurysm
DB00641,Simvastatin,Simvastatin,D019821,MESH:D050197,Atherosclerosis
DB00641,Simvastatin,Simvastatin,D019821,MESH:D001281,Atrial Fibrillation
DB00641,Simvastatin,Simvastatin,D019821,MESH:D001929,Brain Edema
DB00641,Simvastatin,Simvastatin,D019821,MESH:D020520,Brain Infarction
DB00641,Simvastatin,Simvastatin,D019821,MESH:D001930,Brain Injuries
DB00641,Simvastatin,Simvastatin,D019821,MESH:D002545,Brain Ischemia
DB00641,Simvastatin,Simvastatin,D019821,MESH:D006332,Cardiomegaly
DB00641,Simvastatin,Simvastatin,D019821,MESH:D066126,Cardiotoxicity
DB00641,Simvastatin,Simvastatin,D019821,MESH:D056486,Chemical and Drug Induced Liver Injury
DB00641,Simvastatin,Simvastatin,D019821,MESH:D003072,Cognition Disorders
DB00641,Simvastatin,Simvastatin,D019821,MESH:D003092,Colitis
DB00641,Simvastatin,Simvastatin,D019821,MESH:D015179,Colorectal Neoplasms
DB00641,Simvastatin,Simvastatin,D019821,MESH:D003324,Coronary Artery Disease
DB00641,Simvastatin,Simvastatin,D019821,MESH:D003327,Coronary Disease
DB00641,Simvastatin,Simvastatin,D019821,MESH:D023921,Coronary Stenosis
DB00641,Simvastatin,Simvastatin,D019821,MESH:D003550,Cystic Fibrosis
DB00641,Simvastatin,Simvastatin,D019821,MESH:D003967,Diarrhea
DB00641,Simvastatin,Simvastatin,D019821,MESH:D050171,Dyslipidemias
DB00641,Simvastatin,Simvastatin,D019821,MESH:D004487,Edema
DB00641,Simvastatin,Simvastatin,D019821,MESH:D004715,Endometriosis
DB00641,Simvastatin,Simvastatin,D019821,MESH:D005119,Extravasation of Diagnostic and Therapeutic Materials
DB00641,Simvastatin,Simvastatin,D019821,MESH:D005234,Fatty Liver
DB00641,Simvastatin,Simvastatin,D019821,MESH:D005355,Fibrosis
DB00641,Simvastatin,Simvastatin,D019821,MESH:D005910,Glioma
DB00641,Simvastatin,Simvastatin,D019821,MESH:D006333,Heart Failure
DB00641,Simvastatin,Simvastatin,D019821,MESH:D006470,Hemorrhage
DB00641,Simvastatin,Simvastatin,D019821,MESH:D006529,Hepatomegaly
DB00641,Simvastatin,Simvastatin,D019821,MESH:D006937,Hypercholesterolemia
DB00641,Simvastatin,Simvastatin,D019821,MESH:D006940,Hyperemia
DB00641,Simvastatin,Simvastatin,D019821,MESH:D020138,Hyperhomocysteinemia
DB00641,Simvastatin,Simvastatin,D019821,MESH:D006949,Hyperlipidemias
DB00641,Simvastatin,Simvastatin,D019821,MESH:D006951,Hyperlipoproteinemias
DB00641,Simvastatin,Simvastatin,D019821,MESH:D006938,Hyperlipoproteinemia Type II
DB00641,Simvastatin,Simvastatin,D019821,MESH:D006965,Hyperplasia
DB00641,Simvastatin,Simvastatin,D019821,MESH:D006973,Hypertension
DB00641,Simvastatin,Simvastatin,D019821,MESH:D015228,Hypertriglyceridemia
DB00641,Simvastatin,Simvastatin,D019821,MESH:D052456,Hypoalphalipoproteinemias
DB00641,Simvastatin,Simvastatin,D019821,MESH:D007249,Inflammation
DB00641,Simvastatin,Simvastatin,D019821,MESH:D055959,Intervertebral Disc Degeneration
DB00641,Simvastatin,Simvastatin,D019821,MESH:D002532,Intracranial Aneurysm
DB00641,Simvastatin,Simvastatin,D019821,MESH:D007511,Ischemia
DB00641,Simvastatin,Simvastatin,D019821,MESH:D007674,Kidney Diseases
DB00641,Simvastatin,Simvastatin,D019821,MESH:D056784,Leukoencephalopathies
DB00641,Simvastatin,Simvastatin,D019821,MESH:D008107,Liver Diseases
DB00641,Simvastatin,Simvastatin,D019821,MESH:D008133,Long QT Syndrome
DB00641,Simvastatin,Simvastatin,D019821,MESH:D008679,Metaplasia
DB00641,Simvastatin,Simvastatin,D019821,MESH:D009069,Movement Disorders
DB00641,Simvastatin,Simvastatin,D019821,MESH:D009203,Myocardial Infarction
DB00641,Simvastatin,Simvastatin,D019821,MESH:D015428,Myocardial Reperfusion Injury
DB00641,Simvastatin,Simvastatin,D019821,MESH:D009362,Neoplasm Metastasis
DB00641,Simvastatin,Simvastatin,D019821,MESH:D009404,Nephrotic Syndrome
DB00641,Simvastatin,Simvastatin,D019821,MESH:D009503,Neutropenia
DB00641,Simvastatin,Simvastatin,D019821,MESH:D010014,Osteolysis
DB00641,Simvastatin,Simvastatin,D019821,MESH:D011085,Polycystic Ovary Syndrome
DB00641,Simvastatin,Simvastatin,D019821,MESH:D011507,Proteinuria
DB00641,Simvastatin,Simvastatin,D019821,MESH:D011654,Pulmonary Edema
DB00641,Simvastatin,Simvastatin,D019821,MESH:D011658,Pulmonary Fibrosis
DB00641,Simvastatin,Simvastatin,D019821,MESH:D015427,Reperfusion Injury
DB00641,Simvastatin,Simvastatin,D019821,MESH:D013119,Spinal Cord Injuries
DB00641,Simvastatin,Simvastatin,D019821,MESH:D020521,Stroke
DB00641,Simvastatin,Simvastatin,D019821,MESH:D013927,Thrombosis
DB00641,Simvastatin,Simvastatin,D019821,MESH:D001745,Urinary Bladder Diseases
DB00641,Simvastatin,Simvastatin,D019821,MESH:D015430,Weight Gain
DB01181,Ifosfamide,Ifosfamide,D007069,MESH:D058186,Acute Kidney Injury
DB01181,Ifosfamide,Ifosfamide,D007069,MESH:D000230,Adenocarcinoma
DB01181,Ifosfamide,Ifosfamide,D007069,MESH:D001424,Bacterial Infections
DB01181,Ifosfamide,Ifosfamide,D007069,MESH:D001859,Bone Neoplasms
DB01181,Ifosfamide,Ifosfamide,D007069,MESH:D001932,Brain Neoplasms
DB01181,Ifosfamide,Ifosfamide,D007069,MESH:D001943,Breast Neoplasms
DB01181,Ifosfamide,Ifosfamide,D007069,MESH:D002051,Burkitt Lymphoma
DB01181,Ifosfamide,Ifosfamide,D007069,MESH:D002277,Carcinoma
DB01181,Ifosfamide,Ifosfamide,D007069,MESH:D003110,Colonic Neoplasms
DB01181,Ifosfamide,Ifosfamide,D007069,MESH:D016889,Endometrial Neoplasms
DB01181,Ifosfamide,Ifosfamide,D007069,MESH:D019337,Hematologic Neoplasms
DB01181,Ifosfamide,Ifosfamide,D007069,MESH:D006417,Hematuria
DB01181,Ifosfamide,Ifosfamide,D007069,MESH:D006689,Hodgkin Disease
DB01181,Ifosfamide,Ifosfamide,D007069,MESH:D007680,Kidney Neoplasms
DB01181,Ifosfamide,Ifosfamide,D007069,MESH:D007890,Leiomyosarcoma
DB01181,Ifosfamide,Ifosfamide,D007069,MESH:D008175,Lung Neoplasms
DB01181,Ifosfamide,Ifosfamide,D007069,MESH:D008223,Lymphoma
DB01181,Ifosfamide,Ifosfamide,D007069,MESH:D009362,Neoplasm Metastasis
DB01181,Ifosfamide,Ifosfamide,D007069,MESH:D009369,Neoplasms
DB01181,Ifosfamide,Ifosfamide,D007069,MESH:D009442,Neurilemmoma
DB01181,Ifosfamide,Ifosfamide,D007069,MESH:D009447,Neuroblastoma
DB01181,Ifosfamide,Ifosfamide,D007069,MESH:D012516,Osteosarcoma
DB01181,Ifosfamide,Ifosfamide,D007069,MESH:D010051,Ovarian Neoplasms
DB01181,Ifosfamide,Ifosfamide,D007069,MESH:D010190,Pancreatic Neoplasms
DB01181,Ifosfamide,Ifosfamide,D007069,MESH:D011471,Prostatic Neoplasms
DB01181,Ifosfamide,Ifosfamide,D007069,MESH:D012208,Rhabdomyosarcoma
DB01181,Ifosfamide,Ifosfamide,D007069,MESH:D012509,Sarcoma
DB01181,Ifosfamide,Ifosfamide,D007069,MESH:D055752,Small Cell Lung Carcinoma
DB01181,Ifosfamide,Ifosfamide,D007069,MESH:D012983,Soft Tissue Neoplasms
DB01181,Ifosfamide,Ifosfamide,D007069,MESH:D013736,Testicular Neoplasms
DB01181,Ifosfamide,Ifosfamide,D007069,MESH:D001749,Urinary Bladder Neoplasms
DB01181,Ifosfamide,Ifosfamide,D007069,MESH:D002583,Uterine Cervical Neoplasms
DB01181,Ifosfamide,Ifosfamide,D007069,MESH:D009396,Wilms Tumor
DB00091,Cyclosporine,Cyclosporine,D016572,MESH:D058186,Acute Kidney Injury
DB00091,Cyclosporine,Cyclosporine,D016572,MESH:D001327,Autoimmune Diseases
DB00091,Cyclosporine,Cyclosporine,D016572,MESH:D001528,Behcet Syndrome
DB00091,Cyclosporine,Cyclosporine,D016572,MESH:D001943,Breast Neoplasms
DB00091,Cyclosporine,Cyclosporine,D016572,MESH:D009202,Cardiomyopathies
DB00091,Cyclosporine,Cyclosporine,D016572,MESH:D002779,Cholestasis
DB00091,Cyclosporine,Cyclosporine,D016572,MESH:D003092,Colitis
DB00091,Cyclosporine,Cyclosporine,D016572,MESH:D003967,Diarrhea
DB00091,Cyclosporine,Cyclosporine,D016572,MESH:D005076,Exanthema
DB00091,Cyclosporine,Cyclosporine,D016572,MESH:D005128,Eye Diseases
DB00091,Cyclosporine,Cyclosporine,D016572,MESH:D006086,Graft vs Host Disease
DB00091,Cyclosporine,Cyclosporine,D016572,MESH:D014890,Granulomatosis with Polyangiitis
DB00091,Cyclosporine,Cyclosporine,D016572,MESH:D006402,Hematologic Diseases
DB00091,Cyclosporine,Cyclosporine,D016572,MESH:D006526,Hepatitis C
DB00091,Cyclosporine,Cyclosporine,D016572,MESH:D007154,Immune System Diseases
DB00091,Cyclosporine,Cyclosporine,D016572,MESH:D007249,Inflammation
DB00091,Cyclosporine,Cyclosporine,D016572,MESH:D007410,Intestinal Diseases
DB00091,Cyclosporine,Cyclosporine,D016572,MESH:D007674,Kidney Diseases
DB00091,Cyclosporine,Cyclosporine,D016572,MESH:D009069,Movement Disorders
DB00091,Cyclosporine,Cyclosporine,D016572,MESH:D009157,Myasthenia Gravis
DB00091,Cyclosporine,Cyclosporine,D016572,MESH:D009336,Necrosis
DB00091,Cyclosporine,Cyclosporine,D016572,MESH:D009404,Nephrotic Syndrome
DB00091,Cyclosporine,Cyclosporine,D016572,MESH:D009410,Nerve Degeneration
DB00091,Cyclosporine,Cyclosporine,D016572,MESH:D012516,Osteosarcoma
DB00091,Cyclosporine,Cyclosporine,D016572,MESH:D010051,Ovarian Neoplasms
DB00091,Cyclosporine,Cyclosporine,D016572,MESH:D010392,Pemphigus
DB00091,Cyclosporine,Cyclosporine,D016572,MESH:D011183,Postoperative Complications
DB00091,Cyclosporine,Cyclosporine,D016572,MESH:D054198,Precursor Cell Lymphoblastic Leukemia-Lymphoma
DB00091,Cyclosporine,Cyclosporine,D016572,MESH:D054218,Precursor T-Cell Lymphoblastic Leukemia-Lymphoma
DB00091,Cyclosporine,Cyclosporine,D016572,MESH:D011507,Proteinuria
DB00091,Cyclosporine,Cyclosporine,D016572,MESH:D011565,Psoriasis
DB00091,Cyclosporine,Cyclosporine,D016572,MESH:D051437,Renal Insufficiency
DB00091,Cyclosporine,Cyclosporine,D016572,MESH:D012640,Seizures
DB00091,Cyclosporine,Cyclosporine,D016572,MESH:D012769,Shock
DB00091,Cyclosporine,Cyclosporine,D016572,MESH:D013226,Status Epilepticus
DB00091,Cyclosporine,Cyclosporine,D016572,MESH:D013262,Stevens-Johnson Syndrome
DB00091,Cyclosporine,Cyclosporine,D016572,MESH:D013375,Substance Withdrawal Syndrome
DB00091,Cyclosporine,Cyclosporine,D016572,MESH:D013921,Thrombocytopenia
DB00091,Cyclosporine,Cyclosporine,D016572,MESH:D014456,Ulcer
DB00091,Cyclosporine,Cyclosporine,D016572,MESH:D014605,Uveitis
DB00635,Prednisone,Prednisone,D011241,MESH:D058186,Acute Kidney Injury
DB00635,Prednisone,Prednisone,D011241,MESH:D000506,Alopecia Areata
DB00635,Prednisone,Prednisone,D011241,MESH:D000707,Anaphylaxis
DB00635,Prednisone,Prednisone,D011241,MESH:D000799,Angioedema
DB00635,Prednisone,Prednisone,D011241,MESH:D018771,Arthralgia
DB00635,Prednisone,Prednisone,D011241,MESH:D001249,Asthma
DB00635,Prednisone,Prednisone,D011241,MESH:D053099,Azotemia
DB00635,Prednisone,Prednisone,D011241,MESH:D001528,Behcet Syndrome
DB00635,Prednisone,Prednisone,D011241,MESH:D001607,Berylliosis
DB00635,Prednisone,Prednisone,D011241,MESH:D001752,Blast Crisis
DB00635,Prednisone,Prednisone,D011241,MESH:D001943,Breast Neoplasms
DB00635,Prednisone,Prednisone,D011241,MESH:D002051,Burkitt Lymphoma
DB00635,Prednisone,Prednisone,D011241,MESH:D009202,Cardiomyopathies
DB00635,Prednisone,Prednisone,D011241,MESH:D002446,Celiac Disease
DB00635,Prednisone,Prednisone,D011241,MESH:D056486,Chemical and Drug Induced Liver Injury
DB00635,Prednisone,Prednisone,D011241,MESH:D002779,Cholestasis
DB00635,Prednisone,Prednisone,D011241,MESH:D002972,Cleft Palate
DB00635,Prednisone,Prednisone,D011241,MESH:D003424,Crohn Disease
DB00635,Prednisone,Prednisone,D011241,MESH:D003882,Dermatomyositis
DB00635,Prednisone,Prednisone,D011241,MESH:D003875,Drug Eruptions
DB00635,Prednisone,Prednisone,D011241,MESH:D004646,Emphysema
DB00635,Prednisone,Prednisone,D011241,MESH:D004802,Eosinophilia
DB00635,Prednisone,Prednisone,D011241,MESH:D016603,Eosinophilia-Myalgia Syndrome
DB00635,Prednisone,Prednisone,D011241,MESH:D005076,Exanthema
DB00635,Prednisone,Prednisone,D011241,MESH:D005198,Fanconi Syndrome
DB00635,Prednisone,Prednisone,D011241,MESH:D005334,Fever
DB00635,Prednisone,Prednisone,D011241,MESH:D005767,Gastrointestinal Diseases
DB00635,Prednisone,Prednisone,D011241,MESH:D005921,Glomerulonephritis
DB00635,Prednisone,Prednisone,D011241,MESH:D006086,Graft vs Host Disease
DB00635,Prednisone,Prednisone,D011241,MESH:D006111,Graves Disease
DB00635,Prednisone,Prednisone,D011241,MESH:D049970,Graves Ophthalmopathy
DB00635,Prednisone,Prednisone,D011241,MESH:D006333,Heart Failure
DB00635,Prednisone,Prednisone,D011241,MESH:D006391,Hemangioma
DB00635,Prednisone,Prednisone,D011241,MESH:D006505,Hepatitis
DB00635,Prednisone,Prednisone,D011241,MESH:D056829,Hereditary Angioedema Types I and II
DB00635,Prednisone,Prednisone,D011241,MESH:D019247,HIV Wasting Syndrome
DB00635,Prednisone,Prednisone,D011241,MESH:D006689,Hodgkin Disease
DB00635,Prednisone,Prednisone,D011241,MESH:D006934,Hypercalcemia
DB00635,Prednisone,Prednisone,D011241,MESH:D017681,Hypereosinophilic Syndrome
DB00635,Prednisone,Prednisone,D011241,MESH:D006947,Hyperkalemia
DB00635,Prednisone,Prednisone,D011241,MESH:D006996,Hypocalcemia
DB00635,Prednisone,Prednisone,D011241,MESH:D007154,Immune System Diseases
DB00635,Prednisone,Prednisone,D011241,MESH:D007249,Inflammation
DB00635,Prednisone,Prednisone,D011241,MESH:D015212,Inflammatory Bowel Diseases
DB00635,Prednisone,Prednisone,D011241,MESH:D019586,Intracranial Hypertension
DB00635,Prednisone,Prednisone,D011241,MESH:D007674,Kidney Diseases
DB00635,Prednisone,Prednisone,D011241,MESH:D007938,Leukemia
DB00635,Prednisone,Prednisone,D011241,MESH:D056784,Leukoencephalopathies
DB00635,Prednisone,Prednisone,D011241,MESH:D008107,Liver Diseases
DB00635,Prednisone,Prednisone,D011241,MESH:D008113,Liver Neoplasms
DB00635,Prednisone,Prednisone,D011241,MESH:D008181,Lupus Nephritis
DB00635,Prednisone,Prednisone,D011241,MESH:D017240,Mitochondrial Myopathies
DB00635,Prednisone,Prednisone,D011241,MESH:D009101,Multiple Myeloma
DB00635,Prednisone,Prednisone,D011241,MESH:D009103,Multiple Sclerosis
DB00635,Prednisone,Prednisone,D011241,MESH:D018908,Muscle Weakness
DB00635,Prednisone,Prednisone,D011241,MESH:D009135,Muscular Diseases
DB00635,Prednisone,Prednisone,D011241,MESH:D009157,Myasthenia Gravis
DB00635,Prednisone,Prednisone,D011241,MESH:D009205,Myocarditis
DB00635,Prednisone,Prednisone,D011241,MESH:D009212,Myoglobinuria
DB00635,Prednisone,Prednisone,D011241,MESH:D009220,Myositis
DB00635,Prednisone,Prednisone,D011241,MESH:D009401,Nephrosis
DB00635,Prednisone,Prednisone,D011241,MESH:D009404,Nephrotic Syndrome
DB00635,Prednisone,Prednisone,D011241,MESH:D009437,Neuralgia
DB00635,Prednisone,Prednisone,D011241,MESH:D009902,Optic Neuritis
DB00635,Prednisone,Prednisone,D011241,MESH:D010026,Osteosclerosis
DB00635,Prednisone,Prednisone,D011241,MESH:D010146,Pain
DB00635,Prednisone,Prednisone,D011241,MESH:D010198,Pancytopenia
DB00635,Prednisone,Prednisone,D011241,MESH:D010392,Pemphigus
DB00635,Prednisone,Prednisone,D011241,MESH:D010523,Peripheral Nervous System Diseases
DB00635,Prednisone,Prednisone,D011241,MESH:D010996,Pleural Effusion
DB00635,Prednisone,Prednisone,D011241,MESH:D017285,Polymyositis
DB00635,Prednisone,Prednisone,D011241,MESH:D011115,Polyneuropathies
DB00635,Prednisone,Prednisone,D011241,MESH:D011183,Postoperative Complications
DB00635,Prednisone,Prednisone,D011241,MESH:D015452,Precursor B-Cell Lymphoblastic Leukemia-Lymphoma
DB00635,Prednisone,Prednisone,D011241,MESH:D054198,Precursor Cell Lymphoblastic Leukemia-Lymphoma
DB00635,Prednisone,Prednisone,D011241,MESH:D054218,Precursor T-Cell Lymphoblastic Leukemia-Lymphoma
DB00635,Prednisone,Prednisone,D011241,MESH:D055728,Primary Myelofibrosis
DB00635,Prednisone,Prednisone,D011241,MESH:D011471,Prostatic Neoplasms
DB00635,Prednisone,Prednisone,D011241,MESH:D011507,Proteinuria
DB00635,Prednisone,Prednisone,D011241,MESH:D011658,Pulmonary Fibrosis
DB00635,Prednisone,Prednisone,D011241,MESH:D051437,Renal Insufficiency
DB00635,Prednisone,Prednisone,D011241,MESH:D012507,Sarcoidosis
DB00635,Prednisone,Prednisone,D011241,MESH:D012852,Sinusitis
DB00635,Prednisone,Prednisone,D011241,MESH:D012871,Skin Diseases
DB00635,Prednisone,Prednisone,D011241,MESH:D013262,Stevens-Johnson Syndrome
DB00635,Prednisone,Prednisone,D011241,MESH:D013375,Substance Withdrawal Syndrome
DB00635,Prednisone,Prednisone,D011241,MESH:D013921,Thrombocytopenia
DB00635,Prednisone,Prednisone,D011241,MESH:D014555,Urination Disorders
DB00635,Prednisone,Prednisone,D011241,MESH:D014581,Urticaria
DB00635,Prednisone,Prednisone,D011241,MESH:D014607,Uveomeningoencephalitic Syndrome
DB00635,Prednisone,Prednisone,D011241,MESH:D014657,Vasculitis
DB00635,Prednisone,Prednisone,D011241,MESH:D018754,Ventricular Dysfunction
DB01080,Vigabatrin,Vigabatrin,D020888,MESH:D020751,Alcohol-Induced Disorders
DB01080,Vigabatrin,Vigabatrin,D020888,MESH:D038261,Alexander Disease
DB01080,Vigabatrin,Vigabatrin,D020888,MESH:D019969,Amphetamine-Related Disorders
DB01080,Vigabatrin,Vigabatrin,D020888,MESH:D001930,Brain Injuries
DB01080,Vigabatrin,Vigabatrin,D020888,MESH:D002547,Cerebral Palsy
DB01080,Vigabatrin,Vigabatrin,D020888,MESH:D019970,Cocaine-Related Disorders
DB01080,Vigabatrin,Vigabatrin,D020888,MESH:D020820,Dyskinesias
DB01080,Vigabatrin,Vigabatrin,D020888,MESH:D020821,Dystonic Disorders
DB01080,Vigabatrin,Vigabatrin,D020888,MESH:D004827,Epilepsy
DB01080,Vigabatrin,Vigabatrin,D020888,MESH:D006556,Heroin Dependence
DB01080,Vigabatrin,Vigabatrin,D020888,MESH:D054220,Malformations of Cortical Development
DB01080,Vigabatrin,Vigabatrin,D020888,MESH:D009021,Morphine Dependence
DB01080,Vigabatrin,Vigabatrin,D020888,MESH:D012640,Seizures
DB01080,Vigabatrin,Vigabatrin,D020888,MESH:D014402,Tuberous Sclerosis
DB00937,Diethylpropion,Diethylpropion,D004053,MESH:D001068,Feeding and Eating Disorders
DB00937,Diethylpropion,Diethylpropion,D004053,MESH:D009765,Obesity
DB00574,Fenfluramine,Fenfluramine,D005277,MESH:D001321,Autistic Disorder
DB00574,Fenfluramine,Fenfluramine,D005277,MESH:D056912,Binge-Eating Disorder
DB00574,Fenfluramine,Fenfluramine,D005277,MESH:D002375,Catalepsy
DB00574,Fenfluramine,Fenfluramine,D005277,MESH:D002389,Catatonia
DB00574,Fenfluramine,Fenfluramine,D005277,MESH:D019970,Cocaine-Related Disorders
DB00574,Fenfluramine,Fenfluramine,D005277,MESH:D006948,Hyperkinesis
DB00574,Fenfluramine,Fenfluramine,D005277,MESH:D006973,Hypertension
DB00574,Fenfluramine,Fenfluramine,D005277,MESH:D007333,Insulin Resistance
DB00574,Fenfluramine,Fenfluramine,D005277,MESH:D009069,Movement Disorders
DB00574,Fenfluramine,Fenfluramine,D005277,MESH:D009765,Obesity
DB00574,Fenfluramine,Fenfluramine,D005277,MESH:D010146,Pain
DB00574,Fenfluramine,Fenfluramine,D005277,MESH:D010554,Personality Disorders
DB01586,Ursodeoxycholic acid,Ursodeoxycholic Acid,D014580,MESH:D058739,Aberrant Crypt Foci
DB01586,Ursodeoxycholic acid,Ursodeoxycholic Acid,D014580,MESH:D001649,Bile Duct Diseases
DB01586,Ursodeoxycholic acid,Ursodeoxycholic Acid,D014580,MESH:D056486,Chemical and Drug Induced Liver Injury
DB01586,Ursodeoxycholic acid,Ursodeoxycholic Acid,D014580,MESH:D002761,Cholangitis
DB01586,Ursodeoxycholic acid,Ursodeoxycholic Acid,D014580,MESH:D002769,Cholelithiasis
DB01586,Ursodeoxycholic acid,Ursodeoxycholic Acid,D014580,MESH:D002779,Cholestasis
DB01586,Ursodeoxycholic acid,Ursodeoxycholic Acid,D014580,MESH:D003110,Colonic Neoplasms
DB01586,Ursodeoxycholic acid,Ursodeoxycholic Acid,D014580,MESH:D003550,Cystic Fibrosis
DB01586,Ursodeoxycholic acid,Ursodeoxycholic Acid,D014580,MESH:D005221,Fatigue
DB01586,Ursodeoxycholic acid,Ursodeoxycholic Acid,D014580,MESH:D005234,Fatty Liver
DB01586,Ursodeoxycholic acid,Ursodeoxycholic Acid,D014580,MESH:D005355,Fibrosis
DB01586,Ursodeoxycholic acid,Ursodeoxycholic Acid,D014580,MESH:D042882,Gallstones
DB01586,Ursodeoxycholic acid,Ursodeoxycholic Acid,D014580,MESH:D006943,Hyperglycemia
DB01586,Ursodeoxycholic acid,Ursodeoxycholic Acid,D014580,MESH:D006980,Hyperthyroidism
DB01586,Ursodeoxycholic acid,Ursodeoxycholic Acid,D014580,MESH:D007037,Hypothyroidism
DB01586,Ursodeoxycholic acid,Ursodeoxycholic Acid,D014580,MESH:D007249,Inflammation
DB01586,Ursodeoxycholic acid,Ursodeoxycholic Acid,D014580,MESH:D007333,Insulin Resistance
DB01586,Ursodeoxycholic acid,Ursodeoxycholic Acid,D014580,MESH:D008103,Liver Cirrhosis
DB01586,Ursodeoxycholic acid,Ursodeoxycholic Acid,D014580,MESH:D008107,Liver Diseases
DB01586,Ursodeoxycholic acid,Ursodeoxycholic Acid,D014580,MESH:D009069,Movement Disorders
DB01586,Ursodeoxycholic acid,Ursodeoxycholic Acid,D014580,MESH:D009336,Necrosis
DB01586,Ursodeoxycholic acid,Ursodeoxycholic Acid,D014580,MESH:D009369,Neoplasms
DB01586,Ursodeoxycholic acid,Ursodeoxycholic Acid,D014580,MESH:D010195,Pancreatitis
DB01586,Ursodeoxycholic acid,Ursodeoxycholic Acid,D014580,MESH:D011183,Postoperative Complications
DB01586,Ursodeoxycholic acid,Ursodeoxycholic Acid,D014580,MESH:D011537,Pruritus
DB00851,Dacarbazine,Dacarbazine,D003606,MESH:D000230,Adenocarcinoma
DB00851,Dacarbazine,Dacarbazine,D003606,MESH:D001005,Anus Neoplasms
DB00851,Dacarbazine,Dacarbazine,D003606,MESH:D001943,Breast Neoplasms
DB00851,Dacarbazine,Dacarbazine,D003606,MESH:D002276,Carcinoid Tumor
DB00851,Dacarbazine,Dacarbazine,D003606,MESH:D015179,Colorectal Neoplasms
DB00851,Dacarbazine,Dacarbazine,D003606,MESH:D018222,Desmoid Tumors
DB00851,Dacarbazine,Dacarbazine,D003606,MESH:D005909,Glioblastoma
DB00851,Dacarbazine,Dacarbazine,D003606,MESH:D006689,Hodgkin Disease
DB00851,Dacarbazine,Dacarbazine,D003606,MESH:D007890,Leiomyosarcoma
DB00851,Dacarbazine,Dacarbazine,D003606,MESH:D008545,Melanoma
DB00851,Dacarbazine,Dacarbazine,D003606,MESH:D009362,Neoplasm Metastasis
DB00851,Dacarbazine,Dacarbazine,D003606,MESH:D009447,Neuroblastoma
DB00851,Dacarbazine,Dacarbazine,D003606,MESH:D010190,Pancreatic Neoplasms
DB00851,Dacarbazine,Dacarbazine,D003606,MESH:D003557,Phyllodes Tumor
DB00851,Dacarbazine,Dacarbazine,D003606,MESH:D011471,Prostatic Neoplasms
DB00851,Dacarbazine,Dacarbazine,D003606,MESH:D012208,Rhabdomyosarcoma
DB00851,Dacarbazine,Dacarbazine,D003606,MESH:D012509,Sarcoma
DB00851,Dacarbazine,Dacarbazine,D003606,MESH:D012878,Skin Neoplasms
DB00851,Dacarbazine,Dacarbazine,D003606,MESH:D013964,Thyroid Neoplasms
DB00851,Dacarbazine,Dacarbazine,D003606,MESH:D014625,Vaginal Neoplasms
DB09130,Copper,Copper,D003300,MESH:D000740,Anemia
DB09130,Copper,Copper,D003300,MESH:D001259,Ataxia
DB09130,Copper,Copper,D003300,MESH:D006332,Cardiomegaly
DB09130,Copper,Copper,D003300,MESH:D015179,Colorectal Neoplasms
DB09130,Copper,Copper,D003300,MESH:D003930,Diabetic Retinopathy
DB09130,Copper,Copper,D003300,MESH:D006130,Growth Disorders
DB09130,Copper,Copper,D003300,MESH:D006333,Heart Failure
DB09130,Copper,Copper,D003300,MESH:D006527,Hepatolenticular Degeneration
DB09130,Copper,Copper,D003300,MESH:D006943,Hyperglycemia
DB09130,Copper,Copper,D003300,MESH:D006984,Hypertrophy
DB09130,Copper,Copper,D003300,MESH:D007706,Menkes Kinky Hair Syndrome
DB09130,Copper,Copper,D003300,MESH:D009461,Neurologic Manifestations
DB09130,Copper,Copper,D003300,MESH:D010243,Paralysis
DB09130,Copper,Copper,D003300,MESH:D010523,Peripheral Nervous System Diseases
DB09130,Copper,Copper,D003300,MESH:D011230,Precancerous Conditions
DB09130,Copper,Copper,D003300,MESH:D011552,Pseudomonas Infections
DB09130,Copper,Copper,D003300,MESH:D013118,Spinal Cord Diseases
DB09130,Copper,Copper,D003300,MESH:D013964,Thyroid Neoplasms
DB09130,Copper,Copper,D003300,MESH:D018754,Ventricular Dysfunction
DB09130,Copper,Copper Sulfate,D019327,MESH:D034381,Hearing Loss
DB09130,Copper,Copper Sulfate,D019327,MESH:D006461,Hemolysis
DB09130,Copper,Copper Sulfate,D019327,MESH:D006984,Hypertrophy
DB09130,Copper,Copper Sulfate,D019327,MESH:D018476,Hypokinesia
DB09130,Copper,Copper Sulfate,D019327,MESH:D020258,Neurotoxicity Syndromes
DB09130,Copper,Copper Sulfate,D019327,MESH:D011471,Prostatic Neoplasms
DB01592,Iron,Iron,D007501,MESH:D000740,Anemia
DB01592,Iron,Iron,D007501,MESH:D001321,Autistic Disorder
DB01592,Iron,Iron,D007501,MESH:D002779,Cholestasis
DB01592,Iron,Iron,D007501,MESH:D006948,Hyperkinesis
DB00358,Mefloquine,Mefloquine,D015767,MESH:D008288,Malaria
DB00358,Mefloquine,Mefloquine,D015767,MESH:D001523,Mental Disorders
DB00358,Mefloquine,Mefloquine,D015767,MESH:D012893,Sleep Wake Disorders
DB00282,Pamidronic acid,Pamidronate,D000077268,MESH:D000471,Alkalosis
DB00282,Pamidronic acid,Pamidronate,D000077268,MESH:D001847,Bone Diseases
DB00282,Pamidronic acid,Pamidronate,D000077268,MESH:D001859,Bone Neoplasms
DB00282,Pamidronic acid,Pamidronate,D000077268,MESH:D001862,Bone Resorption
DB00282,Pamidronic acid,Pamidronate,D000077268,MESH:D001943,Breast Neoplasms
DB00282,Pamidronic acid,Pamidronate,D000077268,MESH:D005357,Fibrous Dysplasia of Bone
DB00282,Pamidronic acid,Pamidronate,D000077268,MESH:D018212,Giant Cell Tumor of Bone
DB00282,Pamidronic acid,Pamidronate,D000077268,MESH:D006934,Hypercalcemia
DB00282,Pamidronic acid,Pamidronate,D000077268,MESH:D054559,Hyperphosphatemia
DB00282,Pamidronic acid,Pamidronate,D000077268,MESH:D008545,Melanoma
DB00282,Pamidronic acid,Pamidronate,D000077268,MESH:D009101,Multiple Myeloma
DB00282,Pamidronic acid,Pamidronate,D000077268,MESH:D009362,Neoplasm Metastasis
DB00282,Pamidronic acid,Pamidronate,D000077268,MESH:D010001,Osteitis Deformans
DB00282,Pamidronic acid,Pamidronate,D000077268,MESH:D010014,Osteolysis
DB00282,Pamidronic acid,Pamidronate,D000077268,MESH:D010024,Osteoporosis
DB00282,Pamidronic acid,Pamidronate,D000077268,MESH:D012516,Osteosarcoma
DB00282,Pamidronic acid,Pamidronate,D000077268,MESH:D010146,Pain
DB00282,Pamidronic acid,Pamidronate,D000077268,MESH:D012008,Recurrence
DB00282,Pamidronic acid,Pamidronate,D000077268,MESH:D051437,Renal Insufficiency
DB00282,Pamidronic acid,Pamidronate,D000077268,MESH:D015431,Weight Loss
DB01026,Ketoconazole,Ketoconazole,D007654,MESH:D018268,Adrenocortical Carcinoma
DB01026,Ketoconazole,Ketoconazole,D007654,MESH:D001228,Aspergillosis
DB01026,Ketoconazole,Ketoconazole,D007654,MESH:D056889,Barth Syndrome
DB01026,Ketoconazole,Ketoconazole,D007654,MESH:D002006,Brucellosis
DB01026,Ketoconazole,Ketoconazole,D007654,MESH:D002114,Calcinosis
DB01026,Ketoconazole,Ketoconazole,D007654,MESH:D002177,Candidiasis
DB01026,Ketoconazole,Ketoconazole,D007654,MESH:D056486,Chemical and Drug Induced Liver Injury
DB01026,Ketoconazole,Ketoconazole,D007654,MESH:D019457,Chromosome Breakage
DB01026,Ketoconazole,Ketoconazole,D007654,MESH:D019970,Cocaine-Related Disorders
DB01026,Ketoconazole,Ketoconazole,D007654,MESH:D003316,Corneal Diseases
DB01026,Ketoconazole,Ketoconazole,D007654,MESH:D003480,Cushing Syndrome
DB01026,Ketoconazole,Ketoconazole,D007654,MESH:D004283,Dog Diseases
DB01026,Ketoconazole,Ketoconazole,D007654,MESH:D006628,Hirsutism
DB01026,Ketoconazole,Ketoconazole,D007654,MESH:D006930,Hyperalgesia
DB01026,Ketoconazole,Ketoconazole,D007654,MESH:D053565,Hypercalciuria
DB01026,Ketoconazole,Ketoconazole,D007654,MESH:D007634,Keratitis
DB01026,Ketoconazole,Ketoconazole,D007654,MESH:D055370,Lung Injury
DB01026,Ketoconazole,Ketoconazole,D007654,MESH:D009437,Neuralgia
DB01026,Ketoconazole,Ketoconazole,D007654,MESH:D010146,Pain
DB01026,Ketoconazole,Ketoconazole,D007654,MESH:D010300,Parkinson Disease
DB01026,Ketoconazole,Ketoconazole,D007654,MESH:D020734,Parkinsonian Disorders
DB01026,Ketoconazole,Ketoconazole,D007654,MESH:D011183,Postoperative Complications
DB01026,Ketoconazole,Ketoconazole,D007654,MESH:D011471,Prostatic Neoplasms
DB01026,Ketoconazole,Ketoconazole,D007654,MESH:D011778,Q Fever
DB01115,Nifedipine,Nifedipine,D009543,MESH:D000419,Albuminuria
DB01115,Nifedipine,Nifedipine,D009543,MESH:D000647,Amnesia
DB01115,Nifedipine,Nifedipine,D009543,MESH:D000787,Angina Pectoris
DB01115,Nifedipine,Nifedipine,D009543,MESH:D001022,Aortic Valve Insufficiency
DB01115,Nifedipine,Nifedipine,D009543,MESH:D001157,Arterial Occlusive Diseases
DB01115,Nifedipine,Nifedipine,D009543,MESH:D001161,Arteriosclerosis
DB01115,Nifedipine,Nifedipine,D009543,MESH:D001249,Asthma
DB01115,Nifedipine,Nifedipine,D009543,MESH:D050197,Atherosclerosis
DB01115,Nifedipine,Nifedipine,D009543,MESH:D001919,Bradycardia
DB01115,Nifedipine,Nifedipine,D009543,MESH:D001982,Bronchial Diseases
DB01115,Nifedipine,Nifedipine,D009543,MESH:D006332,Cardiomegaly
DB01115,Nifedipine,Nifedipine,D009543,MESH:D002318,Cardiovascular Diseases
DB01115,Nifedipine,Nifedipine,D009543,MESH:D002544,Cerebral Infarction
DB01115,Nifedipine,Nifedipine,D009543,MESH:D002561,Cerebrovascular Disorders
DB01115,Nifedipine,Nifedipine,D009543,MESH:D002637,Chest Pain
DB01115,Nifedipine,Nifedipine,D009543,MESH:D019970,Cocaine-Related Disorders
DB01115,Nifedipine,Nifedipine,D009543,MESH:D003324,Coronary Artery Disease
DB01115,Nifedipine,Nifedipine,D009543,MESH:D003327,Coronary Disease
DB01115,Nifedipine,Nifedipine,D009543,MESH:D003329,Coronary Vasospasm
DB01115,Nifedipine,Nifedipine,D009543,MESH:D003550,Cystic Fibrosis
DB01115,Nifedipine,Nifedipine,D009543,MESH:D058065,Diabetic Cardiomyopathies
DB01115,Nifedipine,Nifedipine,D009543,MESH:D003928,Diabetic Nephropathies
DB01115,Nifedipine,Nifedipine,D009543,MESH:D020820,Dyskinesias
DB01115,Nifedipine,Nifedipine,D009543,MESH:D004417,Dyspnea
DB01115,Nifedipine,Nifedipine,D009543,MESH:D001068,Feeding and Eating Disorders
DB01115,Nifedipine,Nifedipine,D009543,MESH:D005334,Fever
DB01115,Nifedipine,Nifedipine,D009543,MESH:D005909,Glioblastoma
DB01115,Nifedipine,Nifedipine,D009543,MESH:D006261,Headache
DB01115,Nifedipine,Nifedipine,D009543,MESH:D006327,Heart Block
DB01115,Nifedipine,Nifedipine,D009543,MESH:D006333,Heart Failure
DB01115,Nifedipine,Nifedipine,D009543,MESH:D006417,Hematuria
DB01115,Nifedipine,Nifedipine,D009543,MESH:D006505,Hepatitis
DB01115,Nifedipine,Nifedipine,D009543,MESH:D006930,Hyperalgesia
DB01115,Nifedipine,Nifedipine,D009543,MESH:D006937,Hypercholesterolemia
DB01115,Nifedipine,Nifedipine,D009543,MESH:D006940,Hyperemia
DB01115,Nifedipine,Nifedipine,D009543,MESH:D006948,Hyperkinesis
DB01115,Nifedipine,Nifedipine,D009543,MESH:D006949,Hyperlipidemias
DB01115,Nifedipine,Nifedipine,D009543,MESH:D006965,Hyperplasia
DB01115,Nifedipine,Nifedipine,D009543,MESH:D006973,Hypertension
DB01115,Nifedipine,Nifedipine,D009543,MESH:D018476,Hypokinesia
DB01115,Nifedipine,Nifedipine,D009543,MESH:D007037,Hypothyroidism
DB01115,Nifedipine,Nifedipine,D009543,MESH:D007333,Insulin Resistance
DB01115,Nifedipine,Nifedipine,D009543,MESH:D007511,Ischemia
DB01115,Nifedipine,Nifedipine,D009543,MESH:D007674,Kidney Diseases
DB01115,Nifedipine,Nifedipine,D009543,MESH:D007889,Leiomyoma
DB01115,Nifedipine,Nifedipine,D009543,MESH:D008107,Liver Diseases
DB01115,Nifedipine,Nifedipine,D009543,MESH:D024821,Metabolic Syndrome
DB01115,Nifedipine,Nifedipine,D009543,MESH:D009203,Myocardial Infarction
DB01115,Nifedipine,Nifedipine,D009543,MESH:D017202,Myocardial Ischemia
DB01115,Nifedipine,Nifedipine,D009543,MESH:D009223,Myotonic Dystrophy
DB01115,Nifedipine,Nifedipine,D009543,MESH:D009336,Necrosis
DB01115,Nifedipine,Nifedipine,D009543,MESH:D009361,Neoplasm Invasiveness
DB01115,Nifedipine,Nifedipine,D009543,MESH:D010673,Pheochromocytoma
DB01115,Nifedipine,Nifedipine,D009543,MESH:D010922,Placenta Diseases
DB01115,Nifedipine,Nifedipine,D009543,MESH:D011141,Polyuria
DB01115,Nifedipine,Nifedipine,D009543,MESH:D054038,Posterior Leukoencephalopathy Syndrome
DB01115,Nifedipine,Nifedipine,D009543,MESH:D011183,Postoperative Complications
DB01115,Nifedipine,Nifedipine,D009543,MESH:D011225,Pre-Eclampsia
DB01115,Nifedipine,Nifedipine,D009543,MESH:D011507,Proteinuria
DB01115,Nifedipine,Nifedipine,D009543,MESH:D011654,Pulmonary Edema
DB01115,Nifedipine,Nifedipine,D009543,MESH:D011655,Pulmonary Embolism
DB01115,Nifedipine,Nifedipine,D009543,MESH:D011928,Raynaud Disease
DB01115,Nifedipine,Nifedipine,D009543,MESH:D012640,Seizures
DB01115,Nifedipine,Nifedipine,D009543,MESH:D013035,Spasm
DB01115,Nifedipine,Nifedipine,D009543,MESH:D013276,Stomach Ulcer
DB01115,Nifedipine,Nifedipine,D009543,MESH:D019966,Substance-Related Disorders
DB01115,Nifedipine,Nifedipine,D009543,MESH:D013375,Substance Withdrawal Syndrome
DB01115,Nifedipine,Nifedipine,D009543,MESH:D013610,Tachycardia
DB01115,Nifedipine,Nifedipine,D009543,MESH:D013736,Testicular Neoplasms
DB01115,Nifedipine,Nifedipine,D009543,MESH:D013927,Thrombosis
DB01115,Nifedipine,Nifedipine,D009543,MESH:D014514,Ureteral Calculi
DB01115,Nifedipine,Nifedipine,D009543,MESH:D014652,Vascular Diseases
DB01115,Nifedipine,Nifedipine,D009543,MESH:D014693,Ventricular Fibrillation
DB01115,Nifedipine,Nifedipine,D009543,MESH:D015431,Weight Loss
DB00661,Verapamil,Verapamil,D014700,MESH:D000419,Albuminuria
DB00661,Verapamil,Verapamil,D014700,MESH:D000647,Amnesia
DB00661,Verapamil,Verapamil,D014700,MESH:D000787,Angina Pectoris
DB00661,Verapamil,Verapamil,D014700,MESH:D001008,Anxiety Disorders
DB00661,Verapamil,Verapamil,D014700,MESH:D001281,Atrial Fibrillation
DB00661,Verapamil,Verapamil,D014700,MESH:D001714,Bipolar Disorder
DB00661,Verapamil,Verapamil,D014700,MESH:D001919,Bradycardia
DB00661,Verapamil,Verapamil,D014700,MESH:D001943,Breast Neoplasms
DB00661,Verapamil,Verapamil,D014700,MESH:D006332,Cardiomegaly
DB00661,Verapamil,Verapamil,D014700,MESH:D009202,Cardiomyopathies
DB00661,Verapamil,Verapamil,D014700,MESH:D002375,Catalepsy
DB00661,Verapamil,Verapamil,D014700,MESH:D056486,Chemical and Drug Induced Liver Injury
DB00661,Verapamil,Verapamil,D014700,MESH:D002637,Chest Pain
DB00661,Verapamil,Verapamil,D014700,MESH:D003324,Coronary Artery Disease
DB00661,Verapamil,Verapamil,D014700,MESH:D003327,Coronary Disease
DB00661,Verapamil,Verapamil,D014700,MESH:D003329,Coronary Vasospasm
DB00661,Verapamil,Verapamil,D014700,MESH:D004417,Dyspnea
DB00661,Verapamil,Verapamil,D014700,MESH:D004487,Edema
DB00661,Verapamil,Verapamil,D014700,MESH:D007172,Erectile Dysfunction
DB00661,Verapamil,Verapamil,D014700,MESH:D005334,Fever
DB00661,Verapamil,Verapamil,D014700,MESH:D005355,Fibrosis
DB00661,Verapamil,Verapamil,D014700,MESH:D006471,Gastrointestinal Hemorrhage
DB00661,Verapamil,Verapamil,D014700,MESH:D006323,Heart Arrest
DB00661,Verapamil,Verapamil,D014700,MESH:D006333,Heart Failure
DB00661,Verapamil,Verapamil,D014700,MESH:D018197,Hepatoblastoma
DB00661,Verapamil,Verapamil,D014700,MESH:D006529,Hepatomegaly
DB00661,Verapamil,Verapamil,D014700,MESH:D006930,Hyperalgesia
DB00661,Verapamil,Verapamil,D014700,MESH:D006943,Hyperglycemia
DB00661,Verapamil,Verapamil,D014700,MESH:D006948,Hyperkinesis
DB00661,Verapamil,Verapamil,D014700,MESH:D006973,Hypertension
DB00661,Verapamil,Verapamil,D014700,MESH:D007022,Hypotension
DB00661,Verapamil,Verapamil,D014700,MESH:D000860,Hypoxia
DB00661,Verapamil,Verapamil,D014700,MESH:D007333,Insulin Resistance
DB00661,Verapamil,Verapamil,D014700,MESH:D007511,Ischemia
DB00661,Verapamil,Verapamil,D014700,MESH:D007674,Kidney Diseases
DB00661,Verapamil,Verapamil,D014700,MESH:D008103,Liver Cirrhosis
DB00661,Verapamil,Verapamil,D014700,MESH:D020325,Migraine with Aura
DB00661,Verapamil,Verapamil,D014700,MESH:D009203,Myocardial Infarction
DB00661,Verapamil,Verapamil,D014700,MESH:D017202,Myocardial Ischemia
DB00661,Verapamil,Verapamil,D014700,MESH:D015428,Myocardial Reperfusion Injury
DB00661,Verapamil,Verapamil,D014700,MESH:D009336,Necrosis
DB00661,Verapamil,Verapamil,D014700,MESH:D009422,Nervous System Diseases
DB00661,Verapamil,Verapamil,D014700,MESH:D012516,Osteosarcoma
DB00661,Verapamil,Verapamil,D014700,MESH:D010146,Pain
DB00661,Verapamil,Verapamil,D014700,MESH:D010411,Penile Induration
DB00661,Verapamil,Verapamil,D014700,MESH:D010554,Personality Disorders
DB00661,Verapamil,Verapamil,D014700,MESH:D054198,Precursor Cell Lymphoblastic Leukemia-Lymphoma
DB00661,Verapamil,Verapamil,D014700,MESH:D011507,Proteinuria
DB00661,Verapamil,Verapamil,D014700,MESH:D051437,Renal Insufficiency
DB00661,Verapamil,Verapamil,D014700,MESH:D015427,Reperfusion Injury
DB00661,Verapamil,Verapamil,D014700,MESH:D012640,Seizures
DB00661,Verapamil,Verapamil,D014700,MESH:D012804,Sick Sinus Syndrome
DB00661,Verapamil,Verapamil,D014700,MESH:D013118,Spinal Cord Diseases
DB00661,Verapamil,Verapamil,D014700,MESH:D013226,Status Epilepticus
DB00661,Verapamil,Verapamil,D014700,MESH:D019956,Stereotypic Movement Disorder
DB00661,Verapamil,Verapamil,D014700,MESH:D020521,Stroke
DB00661,Verapamil,Verapamil,D014700,MESH:D013375,Substance Withdrawal Syndrome
DB00661,Verapamil,Verapamil,D014700,MESH:D013610,Tachycardia
DB00661,Verapamil,Verapamil,D014700,MESH:D016171,Torsades de Pointes
DB00661,Verapamil,Verapamil,D014700,MESH:D014376,Tuberculosis
DB00661,Verapamil,Verapamil,D014700,MESH:D014456,Ulcer
DB00661,Verapamil,Verapamil,D014700,MESH:D014693,Ventricular Fibrillation
DB00661,Verapamil,Verapamil,D014700,MESH:D018879,Ventricular Premature Complexes
DB00818,Propofol,Propofol,D015742,MESH:D055371,Acute Lung Injury
DB00818,Propofol,Propofol,D015742,MESH:D001930,Brain Injuries
DB00818,Propofol,Propofol,D015742,MESH:D002545,Brain Ischemia
DB00818,Propofol,Propofol,D015742,MESH:D066126,Cardiotoxicity
DB00818,Propofol,Propofol,D015742,MESH:D002318,Cardiovascular Diseases
DB00818,Propofol,Propofol,D015742,MESH:D002493,Central Nervous System Diseases
DB00818,Propofol,Propofol,D015742,MESH:D003072,Cognition Disorders
DB00818,Propofol,Propofol,D015742,MESH:D004827,Epilepsy
DB00818,Propofol,Propofol,D015742,MESH:D005207,Fasciculation
DB00818,Propofol,Propofol,D015742,MESH:D006212,Hallucinations
DB00818,Propofol,Propofol,D015742,MESH:D006323,Heart Arrest
DB00818,Propofol,Propofol,D015742,MESH:D006930,Hyperalgesia
DB00818,Propofol,Propofol,D015742,MESH:D006984,Hypertrophy
DB00818,Propofol,Propofol,D015742,MESH:D007249,Inflammation
DB00818,Propofol,Propofol,D015742,MESH:D008107,Liver Diseases
DB00818,Propofol,Propofol,D015742,MESH:D009127,Muscle Rigidity
DB00818,Propofol,Propofol,D015742,MESH:D009135,Muscular Diseases
DB00818,Propofol,Propofol,D015742,MESH:D015428,Myocardial Reperfusion Injury
DB00818,Propofol,Propofol,D015742,MESH:D009325,Nausea
DB00818,Propofol,Propofol,D015742,MESH:D009336,Necrosis
DB00818,Propofol,Propofol,D015742,MESH:D009422,Nervous System Diseases
DB00818,Propofol,Propofol,D015742,MESH:D020258,Neurotoxicity Syndromes
DB00818,Propofol,Propofol,D015742,MESH:D009293,Opioid-Related Disorders
DB00818,Propofol,Propofol,D015742,MESH:D010146,Pain
DB00818,Propofol,Propofol,D015742,MESH:D011183,Postoperative Complications
DB00818,Propofol,Propofol,D015742,MESH:D010149,Postoperative Pain
DB00818,Propofol,Propofol,D015742,MESH:D011537,Pruritus
DB00818,Propofol,Propofol,D015742,MESH:D011595,Psychomotor Agitation
DB00818,Propofol,Propofol,D015742,MESH:D015427,Reperfusion Injury
DB00818,Propofol,Propofol,D015742,MESH:D012640,Seizures
DB00818,Propofol,Propofol,D015742,MESH:D013226,Status Epilepticus
DB00818,Propofol,Propofol,D015742,MESH:D014839,Vomiting
DB00252,Phenytoin,Phenytoin,D010672,MESH:D000430,Alcohol Withdrawal Delirium
DB00252,Phenytoin,Phenytoin,D010672,MESH:D020270,Alcohol Withdrawal Seizures
DB00252,Phenytoin,Phenytoin,D010672,MESH:D000647,Amnesia
DB00252,Phenytoin,Phenytoin,D010672,MESH:D050197,Atherosclerosis
DB00252,Phenytoin,Phenytoin,D010672,MESH:D001480,Basal Ganglia Diseases
DB00252,Phenytoin,Phenytoin,D010672,MESH:D001714,Bipolar Disorder
DB00252,Phenytoin,Phenytoin,D010672,MESH:D001847,Bone Diseases
DB00252,Phenytoin,Phenytoin,D010672,MESH:D001927,Brain Diseases
DB00252,Phenytoin,Phenytoin,D010672,MESH:D020520,Brain Infarction
DB00252,Phenytoin,Phenytoin,D010672,MESH:D002375,Catalepsy
DB00252,Phenytoin,Phenytoin,D010672,MESH:D003072,Cognition Disorders
DB00252,Phenytoin,Phenytoin,D010672,MESH:D020820,Dyskinesias
DB00252,Phenytoin,Phenytoin,D010672,MESH:D004820,Epidermolysis Bullosa
DB00252,Phenytoin,Phenytoin,D010672,MESH:D004827,Epilepsy
DB00252,Phenytoin,Phenytoin,D010672,MESH:D005207,Fasciculation
DB00252,Phenytoin,Phenytoin,D010672,MESH:D006327,Heart Block
DB00252,Phenytoin,Phenytoin,D010672,MESH:D006527,Hepatolenticular Degeneration
DB00252,Phenytoin,Phenytoin,D010672,MESH:D007177,Inappropriate ADH Syndrome
DB00252,Phenytoin,Phenytoin,D010672,MESH:D008133,Long QT Syndrome
DB00252,Phenytoin,Phenytoin,D010672,MESH:D001523,Mental Disorders
DB00252,Phenytoin,Phenytoin,D010672,MESH:D009069,Movement Disorders
DB00252,Phenytoin,Phenytoin,D010672,MESH:D009135,Muscular Diseases
DB00252,Phenytoin,Phenytoin,D010672,MESH:D009223,Myotonic Dystrophy
DB00252,Phenytoin,Phenytoin,D010672,MESH:D009410,Nerve Degeneration
DB00252,Phenytoin,Phenytoin,D010672,MESH:D010146,Pain
DB00252,Phenytoin,Phenytoin,D010672,MESH:D010243,Paralysis
DB00252,Phenytoin,Phenytoin,D010672,MESH:D017119,Porphyria Cutanea Tarda
DB00252,Phenytoin,Phenytoin,D010672,MESH:D054038,Posterior Leukoencephalopathy Syndrome
DB00252,Phenytoin,Phenytoin,D010672,MESH:D010149,Postoperative Pain
DB00252,Phenytoin,Phenytoin,D010672,MESH:D011225,Pre-Eclampsia
DB00252,Phenytoin,Phenytoin,D010672,MESH:D011297,Prenatal Exposure Delayed Effects
DB00252,Phenytoin,Phenytoin,D010672,MESH:D011595,Psychomotor Agitation
DB00252,Phenytoin,Phenytoin,D010672,MESH:D012640,Seizures
DB00252,Phenytoin,Phenytoin,D010672,MESH:D013064,Speech Disorders
DB00252,Phenytoin,Phenytoin,D010672,MESH:D013226,Status Epilepticus
DB00252,Phenytoin,Phenytoin,D010672,MESH:D013345,Subarachnoid Hemorrhage
DB00252,Phenytoin,Phenytoin,D010672,MESH:D013375,Substance Withdrawal Syndrome
DB00252,Phenytoin,Phenytoin,D010672,MESH:D014202,Tremor
DB00252,Phenytoin,Phenytoin,D010672,MESH:D014277,Trigeminal Neuralgia
DB00252,Phenytoin,Phenytoin,D010672,MESH:D014693,Ventricular Fibrillation
DB00252,Phenytoin,Phenytoin,D010672,MESH:D018879,Ventricular Premature Complexes
DB00500,Tolmetin,Tolmetin,D014046,MESH:D001168,Arthritis
DB00500,Tolmetin,Tolmetin,D014046,MESH:D007249,Inflammation
DB00500,Tolmetin,Tolmetin,D014046,MESH:D008569,Memory Disorders
DB00500,Tolmetin,Tolmetin,D014046,MESH:D019636,Neurodegenerative Diseases
DB00500,Tolmetin,Tolmetin,D014046,MESH:D010003,Osteoarthritis
DB00500,Tolmetin,Tolmetin,D014046,MESH:D010146,Pain
DB00788,Naproxen,Naproxen,D009288,MESH:D001168,Arthritis
DB00788,Naproxen,Naproxen,D009288,MESH:D001416,Back Pain
DB00788,Naproxen,Naproxen,D009288,MESH:D001424,Bacterial Infections
DB00788,Naproxen,Naproxen,D009288,MESH:D001768,Blister
DB00788,Naproxen,Naproxen,D009288,MESH:D002375,Catalepsy
DB00788,Naproxen,Naproxen,D009288,MESH:D002389,Catatonia
DB00788,Naproxen,Naproxen,D009288,MESH:D003072,Cognition Disorders
DB00788,Naproxen,Naproxen,D009288,MESH:D004487,Edema
DB00788,Naproxen,Naproxen,D009288,MESH:D004715,Endometriosis
DB00788,Naproxen,Naproxen,D009288,MESH:D005076,Exanthema
DB00788,Naproxen,Naproxen,D009288,MESH:D006261,Headache
DB00788,Naproxen,Naproxen,D009288,MESH:D007249,Inflammation
DB00788,Naproxen,Naproxen,D009288,MESH:D007592,Joint Diseases
DB00788,Naproxen,Naproxen,D009288,MESH:D017116,Low Back Pain
DB00788,Naproxen,Naproxen,D009288,MESH:D008881,Migraine Disorders
DB00788,Naproxen,Naproxen,D009288,MESH:D009765,Obesity
DB00788,Naproxen,Naproxen,D009288,MESH:D010003,Osteoarthritis
DB00788,Naproxen,Naproxen,D009288,MESH:D010146,Pain
DB00788,Naproxen,Naproxen,D009288,MESH:D010292,Paresthesia
DB00788,Naproxen,Naproxen,D009288,MESH:D010149,Postoperative Pain
DB00788,Naproxen,Naproxen,D009288,MESH:D047928,Premature Birth
DB00788,Naproxen,Naproxen,D009288,MESH:D013035,Spasm
DB00788,Naproxen,Naproxen,D009288,MESH:D013375,Substance Withdrawal Syndrome
DB00788,Naproxen,Naproxen,D009288,MESH:D013585,Synovitis
DB08889,Carfilzomib,carfilzomib,C524865,MESH:D009101,Multiple Myeloma
DB00388,Phenylephrine,Phenylephrine,D010656,MESH:D000647,Amnesia
DB00388,Phenylephrine,Phenylephrine,D010656,MESH:D016470,Bacteremia
DB00388,Phenylephrine,Phenylephrine,D010656,MESH:D001929,Brain Edema
DB00388,Phenylephrine,Phenylephrine,D010656,MESH:D001930,Brain Injuries
DB00388,Phenylephrine,Phenylephrine,D010656,MESH:D002545,Brain Ischemia
DB00388,Phenylephrine,Phenylephrine,D010656,MESH:D007172,Erectile Dysfunction
DB00388,Phenylephrine,Phenylephrine,D010656,MESH:D006323,Heart Arrest
DB00388,Phenylephrine,Phenylephrine,D010656,MESH:D007022,Hypotension
DB00388,Phenylephrine,Phenylephrine,D010656,MESH:D000860,Hypoxia
DB00388,Phenylephrine,Phenylephrine,D010656,MESH:D009461,Neurologic Manifestations
DB00388,Phenylephrine,Phenylephrine,D010656,MESH:D010146,Pain
DB00388,Phenylephrine,Phenylephrine,D010656,MESH:D012852,Sinusitis
DB00388,Phenylephrine,Phenylephrine,D010656,MESH:D013771,Tetralogy of Fallot
DB00388,Phenylephrine,Phenylephrine,D010656,MESH:D014693,Ventricular Fibrillation
DB00489,Sotalol,Sotalol,D013015,MESH:D000787,Angina Pectoris
DB00489,Sotalol,Sotalol,D013015,MESH:D001281,Atrial Fibrillation
DB00489,Sotalol,Sotalol,D013015,MESH:D003327,Coronary Disease
DB00489,Sotalol,Sotalol,D013015,MESH:D003329,Coronary Vasospasm
DB00489,Sotalol,Sotalol,D013015,MESH:D006333,Heart Failure
DB00489,Sotalol,Sotalol,D013015,MESH:D006943,Hyperglycemia
DB00489,Sotalol,Sotalol,D013015,MESH:D007008,Hypokalemia
DB00489,Sotalol,Sotalol,D013015,MESH:D009203,Myocardial Infarction
DB00489,Sotalol,Sotalol,D013015,MESH:D017202,Myocardial Ischemia
DB00489,Sotalol,Sotalol,D013015,MESH:D012804,Sick Sinus Syndrome
DB00489,Sotalol,Sotalol,D013015,MESH:D013610,Tachycardia
DB00489,Sotalol,Sotalol,D013015,MESH:D013927,Thrombosis
DB00489,Sotalol,Sotalol,D013015,MESH:D014202,Tremor
DB00489,Sotalol,Sotalol,D013015,MESH:D014693,Ventricular Fibrillation
DB00489,Sotalol,Sotalol,D013015,MESH:D018879,Ventricular Premature Complexes
DB01393,Bezafibrate,Bezafibrate,D001629,MESH:D058186,Acute Kidney Injury
DB01393,Bezafibrate,Bezafibrate,D001629,MESH:D000855,Anorexia
DB01393,Bezafibrate,Bezafibrate,D001629,MESH:D050197,Atherosclerosis
DB01393,Bezafibrate,Bezafibrate,D001629,MESH:D002100,Cachexia
DB01393,Bezafibrate,Bezafibrate,D001629,MESH:D002318,Cardiovascular Diseases
DB01393,Bezafibrate,Bezafibrate,D001629,MESH:D003110,Colonic Neoplasms
DB01393,Bezafibrate,Bezafibrate,D001629,MESH:D003324,Coronary Artery Disease
DB01393,Bezafibrate,Bezafibrate,D001629,MESH:D023921,Coronary Stenosis
DB01393,Bezafibrate,Bezafibrate,D001629,MESH:D003920,Diabetes Mellitus
DB01393,Bezafibrate,Bezafibrate,D001629,MESH:D050171,Dyslipidemias
DB01393,Bezafibrate,Bezafibrate,D001629,MESH:D005234,Fatty Liver
DB01393,Bezafibrate,Bezafibrate,D001629,MESH:D005355,Fibrosis
DB01393,Bezafibrate,Bezafibrate,D001629,MESH:D018149,Glucose Intolerance
DB01393,Bezafibrate,Bezafibrate,D001629,MESH:D044882,Glucose Metabolism Disorders
DB01393,Bezafibrate,Bezafibrate,D001629,MESH:D039682,HIV-Associated Lipodystrophy Syndrome
DB01393,Bezafibrate,Bezafibrate,D001629,MESH:D006937,Hypercholesterolemia
DB01393,Bezafibrate,Bezafibrate,D001629,MESH:D006943,Hyperglycemia
DB01393,Bezafibrate,Bezafibrate,D001629,MESH:D006946,Hyperinsulinism
DB01393,Bezafibrate,Bezafibrate,D001629,MESH:D006949,Hyperlipidemias
DB01393,Bezafibrate,Bezafibrate,D001629,MESH:D006951,Hyperlipoproteinemias
DB01393,Bezafibrate,Bezafibrate,D001629,MESH:D006938,Hyperlipoproteinemia Type II
DB01393,Bezafibrate,Bezafibrate,D001629,MESH:D006954,Hyperlipoproteinemia Type V
DB01393,Bezafibrate,Bezafibrate,D001629,MESH:D015228,Hypertriglyceridemia
DB01393,Bezafibrate,Bezafibrate,D001629,MESH:D006984,Hypertrophy
DB01393,Bezafibrate,Bezafibrate,D001629,MESH:D052456,Hypoalphalipoproteinemias
DB01393,Bezafibrate,Bezafibrate,D001629,MESH:D007249,Inflammation
DB01393,Bezafibrate,Bezafibrate,D001629,MESH:D007333,Insulin Resistance
DB01393,Bezafibrate,Bezafibrate,D001629,MESH:D007674,Kidney Diseases
DB01393,Bezafibrate,Bezafibrate,D001629,MESH:D008103,Liver Cirrhosis
DB01393,Bezafibrate,Bezafibrate,D001629,MESH:D009203,Myocardial Infarction
DB01393,Bezafibrate,Bezafibrate,D001629,MESH:D065626,Non-alcoholic Fatty Liver Disease
DB01393,Bezafibrate,Bezafibrate,D001629,MESH:D009765,Obesity
DB01393,Bezafibrate,Bezafibrate,D001629,MESH:D010182,Pancreatic Diseases
DB01393,Bezafibrate,Bezafibrate,D001629,MESH:D011085,Polycystic Ovary Syndrome
DB01393,Bezafibrate,Bezafibrate,D001629,MESH:D016111,Sjogren-Larsson Syndrome
DB01393,Bezafibrate,Bezafibrate,D001629,MESH:D013927,Thrombosis
DB00178,Ramipril,Ramipril,D017257,MESH:D000419,Albuminuria
DB00178,Ramipril,Ramipril,D017257,MESH:D000787,Angina Pectoris
DB00178,Ramipril,Ramipril,D017257,MESH:D001161,Arteriosclerosis
DB00178,Ramipril,Ramipril,D017257,MESH:D050197,Atherosclerosis
DB00178,Ramipril,Ramipril,D017257,MESH:D009202,Cardiomyopathies
DB00178,Ramipril,Ramipril,D017257,MESH:D003920,Diabetes Mellitus
DB00178,Ramipril,Ramipril,D017257,MESH:D003928,Diabetic Nephropathies
DB00178,Ramipril,Ramipril,D017257,MESH:D006333,Heart Failure
DB00178,Ramipril,Ramipril,D017257,MESH:D006943,Hyperglycemia
DB00178,Ramipril,Ramipril,D017257,MESH:D006973,Hypertension
DB00178,Ramipril,Ramipril,D017257,MESH:D007511,Ischemia
DB00178,Ramipril,Ramipril,D017257,MESH:D008103,Liver Cirrhosis
DB00178,Ramipril,Ramipril,D017257,MESH:D009203,Myocardial Infarction
DB00178,Ramipril,Ramipril,D017257,MESH:D015428,Myocardial Reperfusion Injury
DB00178,Ramipril,Ramipril,D017257,MESH:D009336,Necrosis
DB00178,Ramipril,Ramipril,D017257,MESH:D011507,Proteinuria
DB00178,Ramipril,Ramipril,D017257,MESH:D014511,Uremia
DB00178,Ramipril,Ramipril,D017257,MESH:D014652,Vascular Diseases
DB00945,Aspirin,Aspirin,D001241,MESH:D058739,Aberrant Crypt Foci
DB00945,Aspirin,Aspirin,D001241,MESH:D054058,Acute Coronary Syndrome
DB00945,Aspirin,Aspirin,D001241,MESH:D058186,Acute Kidney Injury
DB00945,Aspirin,Aspirin,D001241,MESH:D055371,Acute Lung Injury
DB00945,Aspirin,Aspirin,D001241,MESH:D000236,Adenoma
DB00945,Aspirin,Aspirin,D001241,MESH:D000690,Amyotrophic Lateral Sclerosis
DB00945,Aspirin,Aspirin,D001241,MESH:D000787,Angina Pectoris
DB00945,Aspirin,Aspirin,D001241,MESH:D016736,Antiphospholipid Syndrome
DB00945,Aspirin,Aspirin,D001241,MESH:D000784,Aortic Dissection
DB00945,Aspirin,Aspirin,D001241,MESH:D018771,Arthralgia
DB00945,Aspirin,Aspirin,D001241,MESH:D001168,Arthritis
DB00945,Aspirin,Aspirin,D001241,MESH:D050197,Atherosclerosis
DB00945,Aspirin,Aspirin,D001241,MESH:D001281,Atrial Fibrillation
DB00945,Aspirin,Aspirin,D001241,MESH:D001416,Back Pain
DB00945,Aspirin,Aspirin,D001241,MESH:D001477,Bartter Syndrome
DB00945,Aspirin,Aspirin,D001241,MESH:D020520,Brain Infarction
DB00945,Aspirin,Aspirin,D001241,MESH:D002545,Brain Ischemia
DB00945,Aspirin,Aspirin,D001241,MESH:D001932,Brain Neoplasms
DB00945,Aspirin,Aspirin,D001241,MESH:D001943,Breast Neoplasms
DB00945,Aspirin,Aspirin,D001241,MESH:D002277,Carcinoma
DB00945,Aspirin,Aspirin,D001241,MESH:D002318,Cardiovascular Diseases
DB00945,Aspirin,Aspirin,D001241,MESH:D002375,Catalepsy
DB00945,Aspirin,Aspirin,D001241,MESH:D002544,Cerebral Infarction
DB00945,Aspirin,Aspirin,D001241,MESH:D002561,Cerebrovascular Disorders
DB00945,Aspirin,Aspirin,D001241,MESH:D056486,Chemical and Drug Induced Liver Injury
DB00945,Aspirin,Aspirin,D001241,MESH:D002637,Chest Pain
DB00945,Aspirin,Aspirin,D001241,MESH:D019970,Cocaine-Related Disorders
DB00945,Aspirin,Aspirin,D001241,MESH:D003072,Cognition Disorders
DB00945,Aspirin,Aspirin,D001241,MESH:D003110,Colonic Neoplasms
DB00945,Aspirin,Aspirin,D001241,MESH:D015179,Colorectal Neoplasms
DB00945,Aspirin,Aspirin,D001241,MESH:D003323,Coronary Aneurysm
DB00945,Aspirin,Aspirin,D001241,MESH:D003324,Coronary Artery Disease
DB00945,Aspirin,Aspirin,D001241,MESH:D003327,Coronary Disease
DB00945,Aspirin,Aspirin,D001241,MESH:D023903,Coronary Restenosis
DB00945,Aspirin,Aspirin,D001241,MESH:D003328,Coronary Thrombosis
DB00945,Aspirin,Aspirin,D001241,MESH:D003371,Cough
DB00945,Aspirin,Aspirin,D001241,MESH:D003556,Cystitis
DB00945,Aspirin,Aspirin,D001241,MESH:D003920,Diabetes Mellitus
DB00945,Aspirin,Aspirin,D001241,MESH:D003925,Diabetic Angiopathies
DB00945,Aspirin,Aspirin,D001241,MESH:D003928,Diabetic Nephropathies
DB00945,Aspirin,Aspirin,D001241,MESH:D003929,Diabetic Neuropathies
DB00945,Aspirin,Aspirin,D001241,MESH:D003930,Diabetic Retinopathy
DB00945,Aspirin,Aspirin,D001241,MESH:D004487,Edema
DB00945,Aspirin,Aspirin,D001241,MESH:D016769,Embolism and Thrombosis
DB00945,Aspirin,Aspirin,D001241,MESH:D004916,Erythromelalgia
DB00945,Aspirin,Aspirin,D001241,MESH:D005317,Fetal Growth Retardation
DB00945,Aspirin,Aspirin,D001241,MESH:D005334,Fever
DB00945,Aspirin,Aspirin,D001241,MESH:D005483,Flushing
DB00945,Aspirin,Aspirin,D001241,MESH:D005759,Gastroenteritis
DB00945,Aspirin,Aspirin,D001241,MESH:D005764,Gastroesophageal Reflux
DB00945,Aspirin,Aspirin,D001241,MESH:D005909,Glioblastoma
DB00945,Aspirin,Aspirin,D001241,MESH:D006261,Headache
DB00945,Aspirin,Aspirin,D001241,MESH:D034381,Hearing Loss
DB00945,Aspirin,Aspirin,D001241,MESH:D006331,Heart Diseases
DB00945,Aspirin,Aspirin,D001241,MESH:D006333,Heart Failure
DB00945,Aspirin,Aspirin,D001241,MESH:D006463,Hemolytic-Uremic Syndrome
DB00945,Aspirin,Aspirin,D001241,MESH:D006470,Hemorrhage
DB00945,Aspirin,Aspirin,D001241,MESH:D006930,Hyperalgesia
DB00945,Aspirin,Aspirin,D001241,MESH:D006934,Hypercalcemia
DB00945,Aspirin,Aspirin,D001241,MESH:D006940,Hyperemia
DB00945,Aspirin,Aspirin,D001241,MESH:D006965,Hyperplasia
DB00945,Aspirin,Aspirin,D001241,MESH:D006973,Hypertension
DB00945,Aspirin,Aspirin,D001241,MESH:D015228,Hypertriglyceridemia
DB00945,Aspirin,Aspirin,D001241,MESH:D007022,Hypotension
DB00945,Aspirin,Aspirin,D001241,MESH:D007238,Infarction
DB00945,Aspirin,Aspirin,D001241,MESH:D007249,Inflammation
DB00945,Aspirin,Aspirin,D001241,MESH:D007405,Intervertebral Disc Displacement
DB00945,Aspirin,Aspirin,D001241,MESH:D002532,Intracranial Aneurysm
DB00945,Aspirin,Aspirin,D001241,MESH:D020300,Intracranial Hemorrhages
DB00945,Aspirin,Aspirin,D001241,MESH:D020767,Intracranial Thrombosis
DB00945,Aspirin,Aspirin,D001241,MESH:D007511,Ischemia
DB00945,Aspirin,Aspirin,D001241,MESH:D007592,Joint Diseases
DB00945,Aspirin,Aspirin,D001241,MESH:D007674,Kidney Diseases
DB00945,Aspirin,Aspirin,D001241,MESH:D014854,Lateral Medullary Syndrome
DB00945,Aspirin,Aspirin,D001241,MESH:D008569,Memory Disorders
DB00945,Aspirin,Aspirin,D001241,MESH:D008654,Mesothelioma
DB00945,Aspirin,Aspirin,D001241,MESH:D008881,Migraine Disorders
DB00945,Aspirin,Aspirin,D001241,MESH:D020325,Migraine with Aura
DB00945,Aspirin,Aspirin,D001241,MESH:D009080,Mucocutaneous Lymph Node Syndrome
DB00945,Aspirin,Aspirin,D001241,MESH:D018908,Muscle Weakness
DB00945,Aspirin,Aspirin,D001241,MESH:D009203,Myocardial Infarction
DB00945,Aspirin,Aspirin,D001241,MESH:D017202,Myocardial Ischemia
DB00945,Aspirin,Aspirin,D001241,MESH:D009325,Nausea
DB00945,Aspirin,Aspirin,D001241,MESH:D009336,Necrosis
DB00945,Aspirin,Aspirin,D001241,MESH:D010003,Osteoarthritis
DB00945,Aspirin,Aspirin,D001241,MESH:D010146,Pain
DB00945,Aspirin,Aspirin,D001241,MESH:D010190,Pancreatic Neoplasms
DB00945,Aspirin,Aspirin,D001241,MESH:D010300,Parkinson Disease
DB00945,Aspirin,Aspirin,D001241,MESH:D058729,Peripheral Arterial Disease
DB00945,Aspirin,Aspirin,D001241,MESH:D020795,Photophobia
DB00945,Aspirin,Aspirin,D001241,MESH:D011087,Polycythemia Vera
DB00945,Aspirin,Aspirin,D001241,MESH:D010149,Postoperative Pain
DB00945,Aspirin,Aspirin,D001241,MESH:D011230,Precancerous Conditions
DB00945,Aspirin,Aspirin,D001241,MESH:D011248,Pregnancy Complications
DB00945,Aspirin,Aspirin,D001241,MESH:D047928,Premature Birth
DB00945,Aspirin,Aspirin,D001241,MESH:D011658,Pulmonary Fibrosis
DB00945,Aspirin,Aspirin,D001241,MESH:D012141,Respiratory Tract Infections
DB00945,Aspirin,Aspirin,D001241,MESH:D013203,Staphylococcal Infections
DB00945,Aspirin,Aspirin,D001241,MESH:D013274,Stomach Neoplasms
DB00945,Aspirin,Aspirin,D001241,MESH:D020521,Stroke
DB00945,Aspirin,Aspirin,D001241,MESH:D013375,Substance Withdrawal Syndrome
DB00945,Aspirin,Aspirin,D001241,MESH:D013610,Tachycardia
DB00945,Aspirin,Aspirin,D001241,MESH:D013736,Testicular Neoplasms
DB00945,Aspirin,Aspirin,D001241,MESH:D013923,Thromboembolism
DB00945,Aspirin,Aspirin,D001241,MESH:D019851,Thrombophilia
DB00945,Aspirin,Aspirin,D001241,MESH:D013927,Thrombosis
DB00945,Aspirin,Aspirin,D001241,MESH:D057049,Thrombotic Microangiopathies
DB00945,Aspirin,Aspirin,D001241,MESH:D001749,Urinary Bladder Neoplasms
DB00945,Aspirin,Aspirin,D001241,MESH:D014555,Urination Disorders
DB00945,Aspirin,Aspirin,D001241,MESH:D014591,Uterine Diseases
DB00945,Aspirin,Aspirin,D001241,MESH:D014652,Vascular Diseases
DB00945,Aspirin,Aspirin,D001241,MESH:D054556,Venous Thromboembolism
DB00945,Aspirin,Aspirin,D001241,MESH:D020246,Venous Thrombosis
DB00487,Pefloxacin,Pefloxacin,D015366,MESH:D001424,Bacterial Infections
DB00487,Pefloxacin,Pefloxacin,D015366,MESH:D001987,Bronchiectasis
DB00487,Pefloxacin,Pefloxacin,D015366,MESH:D005334,Fever
DB00487,Pefloxacin,Pefloxacin,D015366,MESH:D016905,Gram-Negative Bacterial Infections
DB00487,Pefloxacin,Pefloxacin,D015366,MESH:D009503,Neutropenia
DB00487,Pefloxacin,Pefloxacin,D015366,MESH:D011507,Proteinuria
DB00487,Pefloxacin,Pefloxacin,D015366,MESH:D011552,Pseudomonas Infections
DB00487,Pefloxacin,Pefloxacin,D015366,MESH:D013203,Staphylococcal Infections
DB00487,Pefloxacin,Pefloxacin,D015366,MESH:D014552,Urinary Tract Infections
DB00215,Citalopram,Citalopram,D015283,MESH:D000275,Adjustment Disorders
DB00215,Citalopram,Citalopram,D015283,MESH:D001008,Anxiety Disorders
DB00215,Citalopram,Citalopram,D015283,MESH:D001289,Attention Deficit Disorder with Hyperactivity
DB00215,Citalopram,Citalopram,D015283,MESH:D001321,Autistic Disorder
DB00215,Citalopram,Citalopram,D015283,MESH:D001714,Bipolar Disorder
DB00215,Citalopram,Citalopram,D015283,MESH:D019970,Cocaine-Related Disorders
DB00215,Citalopram,Citalopram,D015283,MESH:D003866,Depressive Disorder
DB00215,Citalopram,Citalopram,D015283,MESH:D004827,Epilepsy
DB00215,Citalopram,Citalopram,D015283,MESH:D003865,Major Depressive Disorder
DB00215,Citalopram,Citalopram,D015283,MESH:D001523,Mental Disorders
DB00215,Citalopram,Citalopram,D015283,MESH:D019964,Mood Disorders
DB00215,Citalopram,Citalopram,D015283,MESH:D009362,Neoplasm Metastasis
DB00215,Citalopram,Citalopram,D015283,MESH:D009369,Neoplasms
DB00215,Citalopram,Citalopram,D015283,MESH:D019954,Neurobehavioral Manifestations
DB00215,Citalopram,Citalopram,D015283,MESH:D009461,Neurologic Manifestations
DB00215,Citalopram,Citalopram,D015283,MESH:D009771,Obsessive-Compulsive Disorder
DB00215,Citalopram,Citalopram,D015283,MESH:D016584,Panic Disorder
DB00215,Citalopram,Citalopram,D015283,MESH:D010698,Phobic Disorders
DB00215,Citalopram,Citalopram,D015283,MESH:D011618,Psychotic Disorders
DB00215,Citalopram,Citalopram,D015283,MESH:D012640,Seizures
DB00215,Citalopram,Citalopram,D015283,MESH:D012893,Sleep Wake Disorders
DB00215,Citalopram,Citalopram,D015283,MESH:D019956,Stereotypic Movement Disorder
DB00699,Nicergoline,Nicergoline,D009530,MESH:D000647,Amnesia
DB00699,Nicergoline,Nicergoline,D009530,MESH:D001167,Arteritis
DB00699,Nicergoline,Nicergoline,D009530,MESH:D006261,Headache
DB00699,Nicergoline,Nicergoline,D009530,MESH:D006973,Hypertension
DB00699,Nicergoline,Nicergoline,D009530,MESH:D020734,Parkinsonian Disorders
DB00699,Nicergoline,Nicergoline,D009530,MESH:D012170,Retinal Vein Occlusion
DB00320,Dihydroergotamine,Dihydroergotamine,D004087,MESH:D006261,Headache
DB00320,Dihydroergotamine,Dihydroergotamine,D004087,MESH:D007022,Hypotension
DB00320,Dihydroergotamine,Dihydroergotamine,D004087,MESH:D008881,Migraine Disorders
DB00320,Dihydroergotamine,Dihydroergotamine,D004087,MESH:D011183,Postoperative Complications
DB00320,Dihydroergotamine,Dihydroergotamine,D004087,MESH:D013927,Thrombosis
DB00320,Dihydroergotamine,Dihydroergotamine,D004087,MESH:D014652,Vascular Diseases
DB00320,Dihydroergotamine,Dihydroergotamine,D004087,MESH:D020246,Venous Thrombosis
DB00604,Cisapride,Cisapride,D020117,MESH:D000307,Adrenal Gland Diseases
DB00604,Cisapride,Cisapride,D020117,MESH:D001919,Bradycardia
DB00604,Cisapride,Cisapride,D020117,MESH:D003248,Constipation
DB00604,Cisapride,Cisapride,D020117,MESH:D003480,Cushing Syndrome
DB00604,Cisapride,Cisapride,D020117,MESH:D048909,Diabetes Complications
DB00604,Cisapride,Cisapride,D020117,MESH:D004381,Duodenal Ulcer
DB00604,Cisapride,Cisapride,D020117,MESH:D005764,Gastroesophageal Reflux
DB00604,Cisapride,Cisapride,D020117,MESH:D018589,Gastroparesis
DB00604,Cisapride,Cisapride,D020117,MESH:D006965,Hyperplasia
DB00604,Cisapride,Cisapride,D020117,MESH:D010146,Pain
DB00604,Cisapride,Cisapride,D020117,MESH:D013276,Stomach Ulcer
DB00335,Atenolol,Atenolol,D001262,MESH:D000787,Angina Pectoris
DB00335,Atenolol,Atenolol,D001262,MESH:D001342,Autonomic Nervous System Diseases
DB00335,Atenolol,Atenolol,D001262,MESH:D001714,Bipolar Disorder
DB00335,Atenolol,Atenolol,D001262,MESH:D001919,Bradycardia
DB00335,Atenolol,Atenolol,D001262,MESH:D006332,Cardiomegaly
DB00335,Atenolol,Atenolol,D001262,MESH:D002637,Chest Pain
DB00335,Atenolol,Atenolol,D001262,MESH:D003110,Colonic Neoplasms
DB00335,Atenolol,Atenolol,D001262,MESH:D003324,Coronary Artery Disease
DB00335,Atenolol,Atenolol,D001262,MESH:D003928,Diabetic Nephropathies
DB00335,Atenolol,Atenolol,D001262,MESH:D006333,Heart Failure
DB00335,Atenolol,Atenolol,D001262,MESH:D006940,Hyperemia
DB00335,Atenolol,Atenolol,D001262,MESH:D006973,Hypertension
DB00335,Atenolol,Atenolol,D001262,MESH:D007008,Hypokalemia
DB00335,Atenolol,Atenolol,D001262,MESH:D007022,Hypotension
DB00335,Atenolol,Atenolol,D001262,MESH:D007238,Infarction
DB00335,Atenolol,Atenolol,D001262,MESH:D008133,Long QT Syndrome
DB00335,Atenolol,Atenolol,D001262,MESH:D008382,Marfan Syndrome
DB00335,Atenolol,Atenolol,D001262,MESH:D008881,Migraine Disorders
DB00335,Atenolol,Atenolol,D001262,MESH:D009203,Myocardial Infarction
DB00335,Atenolol,Atenolol,D001262,MESH:D017202,Myocardial Ischemia
DB00335,Atenolol,Atenolol,D001262,MESH:D010146,Pain
DB00335,Atenolol,Atenolol,D001262,MESH:D012640,Seizures
DB00335,Atenolol,Atenolol,D001262,MESH:D012893,Sleep Wake Disorders
DB00335,Atenolol,Atenolol,D001262,MESH:D013610,Tachycardia
DB00335,Atenolol,Atenolol,D001262,MESH:D018382,Thyroid Hormone Resistance Syndrome
DB00335,Atenolol,Atenolol,D001262,MESH:D014693,Ventricular Fibrillation
DB00335,Atenolol,Atenolol,D001262,MESH:D020257,Ventricular Remodeling
DB00531,Cyclophosphamide,Cyclophosphamide,D003520,MESH:D058186,Acute Kidney Injury
DB00531,Cyclophosphamide,Cyclophosphamide,D003520,MESH:D000230,Adenocarcinoma
DB00531,Cyclophosphamide,Cyclophosphamide,D003520,MESH:D000740,Anemia
DB00531,Cyclophosphamide,Cyclophosphamide,D003520,MESH:D000783,Aneurysm
DB00531,Cyclophosphamide,Cyclophosphamide,D003520,MESH:D016736,Antiphospholipid Syndrome
DB00531,Cyclophosphamide,Cyclophosphamide,D003520,MESH:D001167,Arteritis
DB00531,Cyclophosphamide,Cyclophosphamide,D003520,MESH:D001327,Autoimmune Diseases
DB00531,Cyclophosphamide,Cyclophosphamide,D003520,MESH:D053099,Azotemia
DB00531,Cyclophosphamide,Cyclophosphamide,D003520,MESH:D001528,Behcet Syndrome
DB00531,Cyclophosphamide,Cyclophosphamide,D003520,MESH:D019046,Bone Marrow Neoplasms
DB00531,Cyclophosphamide,Cyclophosphamide,D003520,MESH:D001943,Breast Neoplasms
DB00531,Cyclophosphamide,Cyclophosphamide,D003520,MESH:D002051,Burkitt Lymphoma
DB00531,Cyclophosphamide,Cyclophosphamide,D003520,MESH:D002277,Carcinoma
DB00531,Cyclophosphamide,Cyclophosphamide,D003520,MESH:D002296,Carcinosarcoma
DB00531,Cyclophosphamide,Cyclophosphamide,D003520,MESH:D056486,Chemical and Drug Induced Liver Injury
DB00531,Cyclophosphamide,Cyclophosphamide,D003520,MESH:D016889,Endometrial Neoplasms
DB00531,Cyclophosphamide,Cyclophosphamide,D003520,MESH:D004719,Endomyocardial Fibrosis
DB00531,Cyclophosphamide,Cyclophosphamide,D003520,MESH:D005910,Glioma
DB00531,Cyclophosphamide,Cyclophosphamide,D003520,MESH:D018316,Gliosarcoma
DB00531,Cyclophosphamide,Cyclophosphamide,D003520,MESH:D005921,Glomerulonephritis
DB00531,Cyclophosphamide,Cyclophosphamide,D003520,MESH:D006086,Graft vs Host Disease
DB00531,Cyclophosphamide,Cyclophosphamide,D003520,MESH:D014890,Granulomatosis with Polyangiitis
DB00531,Cyclophosphamide,Cyclophosphamide,D003520,MESH:D019337,Hematologic Neoplasms
DB00531,Cyclophosphamide,Cyclophosphamide,D003520,MESH:D006417,Hematuria
DB00531,Cyclophosphamide,Cyclophosphamide,D003520,MESH:D006689,Hodgkin Disease
DB00531,Cyclophosphamide,Cyclophosphamide,D003520,MESH:D006947,Hyperkalemia
DB00531,Cyclophosphamide,Cyclophosphamide,D003520,MESH:D006965,Hyperplasia
DB00531,Cyclophosphamide,Cyclophosphamide,D003520,MESH:D006996,Hypocalcemia
DB00531,Cyclophosphamide,Cyclophosphamide,D003520,MESH:D058922,Inflammatory Breast Neoplasms
DB00531,Cyclophosphamide,Cyclophosphamide,D003520,MESH:D007680,Kidney Neoplasms
DB00531,Cyclophosphamide,Cyclophosphamide,D003520,MESH:D007938,Leukemia
DB00531,Cyclophosphamide,Cyclophosphamide,D003520,MESH:D008113,Liver Neoplasms
DB00531,Cyclophosphamide,Cyclophosphamide,D003520,MESH:D008171,Lung Diseases
DB00531,Cyclophosphamide,Cyclophosphamide,D003520,MESH:D008175,Lung Neoplasms
DB00531,Cyclophosphamide,Cyclophosphamide,D003520,MESH:D008181,Lupus Nephritis
DB00531,Cyclophosphamide,Cyclophosphamide,D003520,MESH:D008223,Lymphoma
DB00531,Cyclophosphamide,Cyclophosphamide,D003520,MESH:D008527,Medulloblastoma
DB00531,Cyclophosphamide,Cyclophosphamide,D003520,MESH:D008545,Melanoma
DB00531,Cyclophosphamide,Cyclophosphamide,D003520,MESH:D009101,Multiple Myeloma
DB00531,Cyclophosphamide,Cyclophosphamide,D003520,MESH:D018908,Muscle Weakness
DB00531,Cyclophosphamide,Cyclophosphamide,D003520,MESH:D009362,Neoplasm Metastasis
DB00531,Cyclophosphamide,Cyclophosphamide,D003520,MESH:D009369,Neoplasms
DB00531,Cyclophosphamide,Cyclophosphamide,D003520,MESH:D009401,Nephrosis
DB00531,Cyclophosphamide,Cyclophosphamide,D003520,MESH:D009404,Nephrotic Syndrome
DB00531,Cyclophosphamide,Cyclophosphamide,D003520,MESH:D009447,Neuroblastoma
DB00531,Cyclophosphamide,Cyclophosphamide,D003520,MESH:D017599,Neuroectodermal Tumors
DB00531,Cyclophosphamide,Cyclophosphamide,D003520,MESH:D012516,Osteosarcoma
DB00531,Cyclophosphamide,Cyclophosphamide,D003520,MESH:D010051,Ovarian Neoplasms
DB00531,Cyclophosphamide,Cyclophosphamide,D003520,MESH:D010190,Pancreatic Neoplasms
DB00531,Cyclophosphamide,Cyclophosphamide,D003520,MESH:D010392,Pemphigus
DB00531,Cyclophosphamide,Cyclophosphamide,D003520,MESH:D015452,Precursor B-Cell Lymphoblastic Leukemia-Lymphoma
DB00531,Cyclophosphamide,Cyclophosphamide,D003520,MESH:D054198,Precursor Cell Lymphoblastic Leukemia-Lymphoma
DB00531,Cyclophosphamide,Cyclophosphamide,D003520,MESH:D054218,Precursor T-Cell Lymphoblastic Leukemia-Lymphoma
DB00531,Cyclophosphamide,Cyclophosphamide,D003520,MESH:D011471,Prostatic Neoplasms
DB00531,Cyclophosphamide,Cyclophosphamide,D003520,MESH:D011507,Proteinuria
DB00531,Cyclophosphamide,Cyclophosphamide,D003520,MESH:D011658,Pulmonary Fibrosis
DB00531,Cyclophosphamide,Cyclophosphamide,D003520,MESH:D012008,Recurrence
DB00531,Cyclophosphamide,Cyclophosphamide,D003520,MESH:D051437,Renal Insufficiency
DB00531,Cyclophosphamide,Cyclophosphamide,D003520,MESH:D012175,Retinoblastoma
DB00531,Cyclophosphamide,Cyclophosphamide,D003520,MESH:D012208,Rhabdomyosarcoma
DB00531,Cyclophosphamide,Cyclophosphamide,D003520,MESH:D012509,Sarcoma
DB00531,Cyclophosphamide,Cyclophosphamide,D003520,MESH:D055752,Small Cell Lung Carcinoma
DB00531,Cyclophosphamide,Cyclophosphamide,D003520,MESH:D013118,Spinal Cord Diseases
DB00531,Cyclophosphamide,Cyclophosphamide,D003520,MESH:D013479,Superior Vena Cava Syndrome
DB00531,Cyclophosphamide,Cyclophosphamide,D003520,MESH:D015173,Supratentorial Neoplasms
DB00531,Cyclophosphamide,Cyclophosphamide,D003520,MESH:D013585,Synovitis
DB00531,Cyclophosphamide,Cyclophosphamide,D003520,MESH:D013736,Testicular Neoplasms
DB00531,Cyclophosphamide,Cyclophosphamide,D003520,MESH:D001749,Urinary Bladder Neoplasms
DB00531,Cyclophosphamide,Cyclophosphamide,D003520,MESH:D014571,Urologic Neoplasms
DB00531,Cyclophosphamide,Cyclophosphamide,D003520,MESH:D002583,Uterine Cervical Neoplasms
DB00531,Cyclophosphamide,Cyclophosphamide,D003520,MESH:D014657,Vasculitis
DB00531,Cyclophosphamide,Cyclophosphamide,D003520,MESH:D020246,Venous Thrombosis
DB00531,Cyclophosphamide,Cyclophosphamide,D003520,MESH:D014694,Ventricular Outflow Obstruction
DB00315,Zolmitriptan,zolmitriptan,C089750,MESH:D001930,Brain Injuries
DB00315,Zolmitriptan,zolmitriptan,C089750,MESH:D056486,Chemical and Drug Induced Liver Injury
DB00315,Zolmitriptan,zolmitriptan,C089750,MESH:D005911,Gliosis
DB00315,Zolmitriptan,zolmitriptan,C089750,MESH:D006529,Hepatomegaly
DB00315,Zolmitriptan,zolmitriptan,C089750,MESH:D008113,Liver Neoplasms
DB00315,Zolmitriptan,zolmitriptan,C089750,MESH:D008881,Migraine Disorders
DB00315,Zolmitriptan,zolmitriptan,C089750,MESH:D020326,Migraine without Aura
DB00315,Zolmitriptan,zolmitriptan,C089750,MESH:D009410,Nerve Degeneration
DB00315,Zolmitriptan,zolmitriptan,C089750,MESH:D015431,Weight Loss
DB00343,Diltiazem,Diltiazem,D004110,MESH:D000419,Albuminuria
DB00343,Diltiazem,Diltiazem,D004110,MESH:D000787,Angina Pectoris
DB00343,Diltiazem,Diltiazem,D004110,MESH:D001008,Anxiety Disorders
DB00343,Diltiazem,Diltiazem,D004110,MESH:D001161,Arteriosclerosis
DB00343,Diltiazem,Diltiazem,D004110,MESH:D001281,Atrial Fibrillation
DB00343,Diltiazem,Diltiazem,D004110,MESH:D001919,Bradycardia
DB00343,Diltiazem,Diltiazem,D004110,MESH:D001943,Breast Neoplasms
DB00343,Diltiazem,Diltiazem,D004110,MESH:D002114,Calcinosis
DB00343,Diltiazem,Diltiazem,D004110,MESH:D009202,Cardiomyopathies
DB00343,Diltiazem,Diltiazem,D004110,MESH:D002318,Cardiovascular Diseases
DB00343,Diltiazem,Diltiazem,D004110,MESH:D056486,Chemical and Drug Induced Liver Injury
DB00343,Diltiazem,Diltiazem,D004110,MESH:D019970,Cocaine-Related Disorders
DB00343,Diltiazem,Diltiazem,D004110,MESH:D003324,Coronary Artery Disease
DB00343,Diltiazem,Diltiazem,D004110,MESH:D003327,Coronary Disease
DB00343,Diltiazem,Diltiazem,D004110,MESH:D003925,Diabetic Angiopathies
DB00343,Diltiazem,Diltiazem,D004110,MESH:D004487,Edema
DB00343,Diltiazem,Diltiazem,D004110,MESH:D005355,Fibrosis
DB00343,Diltiazem,Diltiazem,D004110,MESH:D006261,Headache
DB00343,Diltiazem,Diltiazem,D004110,MESH:D006323,Heart Arrest
DB00343,Diltiazem,Diltiazem,D004110,MESH:D006973,Hypertension
DB00343,Diltiazem,Diltiazem,D004110,MESH:D007022,Hypotension
DB00343,Diltiazem,Diltiazem,D004110,MESH:D000860,Hypoxia
DB00343,Diltiazem,Diltiazem,D004110,MESH:D007511,Ischemia
DB00343,Diltiazem,Diltiazem,D004110,MESH:D007674,Kidney Diseases
DB00343,Diltiazem,Diltiazem,D004110,MESH:D008103,Liver Cirrhosis
DB00343,Diltiazem,Diltiazem,D004110,MESH:D008107,Liver Diseases
DB00343,Diltiazem,Diltiazem,D004110,MESH:D009203,Myocardial Infarction
DB00343,Diltiazem,Diltiazem,D004110,MESH:D017202,Myocardial Ischemia
DB00343,Diltiazem,Diltiazem,D004110,MESH:D015428,Myocardial Reperfusion Injury
DB00343,Diltiazem,Diltiazem,D004110,MESH:D009336,Necrosis
DB00343,Diltiazem,Diltiazem,D004110,MESH:D009798,Ocular Hypertension
DB00343,Diltiazem,Diltiazem,D004110,MESH:D010146,Pain
DB00343,Diltiazem,Diltiazem,D004110,MESH:D010554,Personality Disorders
DB00343,Diltiazem,Diltiazem,D004110,MESH:D011183,Postoperative Complications
DB00343,Diltiazem,Diltiazem,D004110,MESH:D011507,Proteinuria
DB00343,Diltiazem,Diltiazem,D004110,MESH:D051437,Renal Insufficiency
DB00343,Diltiazem,Diltiazem,D004110,MESH:D015427,Reperfusion Injury
DB00343,Diltiazem,Diltiazem,D004110,MESH:D012640,Seizures
DB00343,Diltiazem,Diltiazem,D004110,MESH:D013035,Spasm
DB00343,Diltiazem,Diltiazem,D004110,MESH:D020521,Stroke
DB00343,Diltiazem,Diltiazem,D004110,MESH:D013610,Tachycardia
DB00343,Diltiazem,Diltiazem,D004110,MESH:D014693,Ventricular Fibrillation
DB00343,Diltiazem,Diltiazem,D004110,MESH:D014694,Ventricular Outflow Obstruction
DB00343,Diltiazem,Diltiazem,D004110,MESH:D014927,Wolff-Parkinson-White Syndrome
DB00544,Fluorouracil,Fluorouracil,D005472,MESH:D000230,Adenocarcinoma
DB00544,Fluorouracil,Fluorouracil,D005472,MESH:D001005,Anus Neoplasms
DB00544,Fluorouracil,Fluorouracil,D005472,MESH:D001943,Breast Neoplasms
DB00544,Fluorouracil,Fluorouracil,D005472,MESH:D002276,Carcinoid Tumor
DB00544,Fluorouracil,Fluorouracil,D005472,MESH:D002277,Carcinoma
DB00544,Fluorouracil,Fluorouracil,D005472,MESH:D056486,Chemical and Drug Induced Liver Injury
DB00544,Fluorouracil,Fluorouracil,D005472,MESH:D003110,Colonic Neoplasms
DB00544,Fluorouracil,Fluorouracil,D005472,MESH:D015179,Colorectal Neoplasms
DB00544,Fluorouracil,Fluorouracil,D005472,MESH:D007644,Darier Disease
DB00544,Fluorouracil,Fluorouracil,D005472,MESH:D004938,Esophageal Neoplasms
DB00544,Fluorouracil,Fluorouracil,D005472,MESH:D000077277,Esophageal Squamous Cell Carcinoma
DB00544,Fluorouracil,Fluorouracil,D005472,MESH:D005706,Gallbladder Neoplasms
DB00544,Fluorouracil,Fluorouracil,D005472,MESH:D005770,Gastrointestinal Neoplasms
DB00544,Fluorouracil,Fluorouracil,D005472,MESH:D005910,Glioma
DB00544,Fluorouracil,Fluorouracil,D005472,MESH:D006258,Head and Neck Neoplasms
DB00544,Fluorouracil,Fluorouracil,D005472,MESH:D006417,Hematuria
DB00544,Fluorouracil,Fluorouracil,D005472,MESH:D018197,Hepatoblastoma
DB00544,Fluorouracil,Fluorouracil,D005472,MESH:D006529,Hepatomegaly
DB00544,Fluorouracil,Fluorouracil,D005472,MESH:D006869,Hydronephrosis
DB00544,Fluorouracil,Fluorouracil,D005472,MESH:D007414,Intestinal Neoplasms
DB00544,Fluorouracil,Fluorouracil,D005472,MESH:D007680,Kidney Neoplasms
DB00544,Fluorouracil,Fluorouracil,D005472,MESH:D007822,Laryngeal Neoplasms
DB00544,Fluorouracil,Fluorouracil,D005472,MESH:D056784,Leukoencephalopathies
DB00544,Fluorouracil,Fluorouracil,D005472,MESH:D008113,Liver Neoplasms
DB00544,Fluorouracil,Fluorouracil,D005472,MESH:D008175,Lung Neoplasms
DB00544,Fluorouracil,Fluorouracil,D005472,MESH:D009062,Mouth Neoplasms
DB00544,Fluorouracil,Fluorouracil,D005472,MESH:D000077274,Nasopharyngeal Carcinoma
DB00544,Fluorouracil,Fluorouracil,D005472,MESH:D009303,Nasopharyngeal Neoplasms
DB00544,Fluorouracil,Fluorouracil,D005472,MESH:D009362,Neoplasm Metastasis
DB00544,Fluorouracil,Fluorouracil,D005472,MESH:D009369,Neoplasms
DB00544,Fluorouracil,Fluorouracil,D005472,MESH:D010051,Ovarian Neoplasms
DB00544,Fluorouracil,Fluorouracil,D005472,MESH:D010190,Pancreatic Neoplasms
DB00544,Fluorouracil,Fluorouracil,D005472,MESH:D011183,Postoperative Complications
DB00544,Fluorouracil,Fluorouracil,D005472,MESH:D011230,Precancerous Conditions
DB00544,Fluorouracil,Fluorouracil,D005472,MESH:D011471,Prostatic Neoplasms
DB00544,Fluorouracil,Fluorouracil,D005472,MESH:D012004,Rectal Neoplasms
DB00544,Fluorouracil,Fluorouracil,D005472,MESH:D012509,Sarcoma
DB00544,Fluorouracil,Fluorouracil,D005472,MESH:D013163,Splenomegaly
DB00544,Fluorouracil,Fluorouracil,D005472,MESH:D000077195,Squamous Cell Carcinoma of Head and Neck
DB00544,Fluorouracil,Fluorouracil,D005472,MESH:D013272,Stomach Diseases
DB00544,Fluorouracil,Fluorouracil,D005472,MESH:D013274,Stomach Neoplasms
DB00544,Fluorouracil,Fluorouracil,D005472,MESH:D014062,Tongue Neoplasms
DB00544,Fluorouracil,Fluorouracil,D005472,MESH:D001749,Urinary Bladder Neoplasms
DB00544,Fluorouracil,Fluorouracil,D005472,MESH:D002583,Uterine Cervical Neoplasms
DB00544,Fluorouracil,Fluorouracil,D005472,MESH:D014594,Uterine Neoplasms
DB00544,Fluorouracil,Fluorouracil,D005472,MESH:D003969,Vipoma
DB00544,Fluorouracil,Fluorouracil,D005472,MESH:D015431,Weight Loss
DB01169,Arsenic trioxide,Arsenic Trioxide,D000077237,MESH:D000230,Adenocarcinoma
DB01169,Arsenic trioxide,Arsenic Trioxide,D000077237,MESH:D000077192,Adenocarcinoma of Lung
DB01169,Arsenic trioxide,Arsenic Trioxide,D000077237,MESH:D001249,Asthma
DB01169,Arsenic trioxide,Arsenic Trioxide,D000077237,MESH:D001752,Blast Crisis
DB01169,Arsenic trioxide,Arsenic Trioxide,D000077237,MESH:D001778,Blood Coagulation Disorders
DB01169,Arsenic trioxide,Arsenic Trioxide,D000077237,MESH:D001855,Bone Marrow Diseases
DB01169,Arsenic trioxide,Arsenic Trioxide,D000077237,MESH:D001943,Breast Neoplasms
DB01169,Arsenic trioxide,Arsenic Trioxide,D000077237,MESH:D002051,Burkitt Lymphoma
DB01169,Arsenic trioxide,Arsenic Trioxide,D000077237,MESH:D002277,Carcinoma
DB01169,Arsenic trioxide,Arsenic Trioxide,D000077237,MESH:D003092,Colitis
DB01169,Arsenic trioxide,Arsenic Trioxide,D000077237,MESH:D015179,Colorectal Neoplasms
DB01169,Arsenic trioxide,Arsenic Trioxide,D000077237,MESH:D023903,Coronary Restenosis
DB01169,Arsenic trioxide,Arsenic Trioxide,D000077237,MESH:D004938,Esophageal Neoplasms
DB01169,Arsenic trioxide,Arsenic Trioxide,D000077237,MESH:D005354,Fibrosarcoma
DB01169,Arsenic trioxide,Arsenic Trioxide,D000077237,MESH:D005355,Fibrosis
DB01169,Arsenic trioxide,Arsenic Trioxide,D000077237,MESH:D005706,Gallbladder Neoplasms
DB01169,Arsenic trioxide,Arsenic Trioxide,D000077237,MESH:D005770,Gastrointestinal Neoplasms
DB01169,Arsenic trioxide,Arsenic Trioxide,D000077237,MESH:D005909,Glioblastoma
DB01169,Arsenic trioxide,Arsenic Trioxide,D000077237,MESH:D005910,Glioma
DB01169,Arsenic trioxide,Arsenic Trioxide,D000077237,MESH:D054990,Idiopathic Pulmonary Fibrosis
DB01169,Arsenic trioxide,Arsenic Trioxide,D000077237,MESH:D007249,Inflammation
DB01169,Arsenic trioxide,Arsenic Trioxide,D000077237,MESH:D007674,Kidney Diseases
DB01169,Arsenic trioxide,Arsenic Trioxide,D000077237,MESH:D007938,Leukemia
DB01169,Arsenic trioxide,Arsenic Trioxide,D000077237,MESH:D008113,Liver Neoplasms
DB01169,Arsenic trioxide,Arsenic Trioxide,D000077237,MESH:D008175,Lung Neoplasms
DB01169,Arsenic trioxide,Arsenic Trioxide,D000077237,MESH:D008527,Medulloblastoma
DB01169,Arsenic trioxide,Arsenic Trioxide,D000077237,MESH:D009101,Multiple Myeloma
DB01169,Arsenic trioxide,Arsenic Trioxide,D000077237,MESH:D009182,Mycosis Fungoides
DB01169,Arsenic trioxide,Arsenic Trioxide,D000077237,MESH:D009190,Myelodysplastic Syndromes
DB01169,Arsenic trioxide,Arsenic Trioxide,D000077237,MESH:D000077274,Nasopharyngeal Carcinoma
DB01169,Arsenic trioxide,Arsenic Trioxide,D000077237,MESH:D009361,Neoplasm Invasiveness
DB01169,Arsenic trioxide,Arsenic Trioxide,D000077237,MESH:D009362,Neoplasm Metastasis
DB01169,Arsenic trioxide,Arsenic Trioxide,D000077237,MESH:D009369,Neoplasms
DB01169,Arsenic trioxide,Arsenic Trioxide,D000077237,MESH:D009447,Neuroblastoma
DB01169,Arsenic trioxide,Arsenic Trioxide,D000077237,MESH:D012516,Osteosarcoma
DB01169,Arsenic trioxide,Arsenic Trioxide,D000077237,MESH:D010051,Ovarian Neoplasms
DB01169,Arsenic trioxide,Arsenic Trioxide,D000077237,MESH:D010190,Pancreatic Neoplasms
DB01169,Arsenic trioxide,Arsenic Trioxide,D000077237,MESH:D010235,Paraganglioma
DB01169,Arsenic trioxide,Arsenic Trioxide,D000077237,MESH:D054198,Precursor Cell Lymphoblastic Leukemia-Lymphoma
DB01169,Arsenic trioxide,Arsenic Trioxide,D000077237,MESH:D011471,Prostatic Neoplasms
DB01169,Arsenic trioxide,Arsenic Trioxide,D000077237,MESH:D012008,Recurrence
DB01169,Arsenic trioxide,Arsenic Trioxide,D000077237,MESH:D012175,Retinoblastoma
DB01169,Arsenic trioxide,Arsenic Trioxide,D000077237,MESH:D013163,Splenomegaly
DB01169,Arsenic trioxide,Arsenic Trioxide,D000077237,MESH:D013274,Stomach Neoplasms
DB01169,Arsenic trioxide,Arsenic Trioxide,D000077237,MESH:D013964,Thyroid Neoplasms
DB01169,Arsenic trioxide,Arsenic Trioxide,D000077237,MESH:D001749,Urinary Bladder Neoplasms
DB01169,Arsenic trioxide,Arsenic Trioxide,D000077237,MESH:D002583,Uterine Cervical Neoplasms
DB01169,Arsenic trioxide,Arsenic Trioxide,D000077237,MESH:D015431,Weight Loss
DB01394,Colchicine,Colchicine,D003078,MESH:D000686,Amyloidosis
DB01394,Colchicine,Colchicine,D003078,MESH:D001528,Behcet Syndrome
DB01394,Colchicine,Colchicine,D003078,MESH:D001768,Blister
DB01394,Colchicine,Colchicine,D003078,MESH:D004487,Edema
DB01394,Colchicine,Colchicine,D003078,MESH:D010505,Familial Mediterranean Fever
DB01394,Colchicine,Colchicine,D003078,MESH:D006073,Gout
DB01394,Colchicine,Colchicine,D003078,MESH:D006965,Hyperplasia
DB01394,Colchicine,Colchicine,D003078,MESH:D033461,Hyperuricemia
DB01394,Colchicine,Colchicine,D003078,MESH:D007249,Inflammation
DB01394,Colchicine,Colchicine,D003078,MESH:D008103,Liver Cirrhosis
DB01394,Colchicine,Colchicine,D003078,MESH:D009369,Neoplasms
DB01394,Colchicine,Colchicine,D003078,MESH:D010146,Pain
DB01394,Colchicine,Colchicine,D003078,MESH:D011565,Psoriasis
DB01394,Colchicine,Colchicine,D003078,MESH:D012871,Skin Diseases
DB00608,Chloroquine,Chloroquine,D002738,MESH:D001168,Arthritis
DB00608,Chloroquine,Chloroquine,D002738,MESH:D001943,Breast Neoplasms
DB00608,Chloroquine,Chloroquine,D002738,MESH:D003240,Connective Tissue Diseases
DB00608,Chloroquine,Chloroquine,D002738,MESH:D018352,Coronavirus Infections
DB00608,Chloroquine,Chloroquine,D002738,MESH:D003872,Dermatitis
DB00608,Chloroquine,Chloroquine,D002738,MESH:D005909,Glioblastoma
DB00608,Chloroquine,Chloroquine,D002738,MESH:D006505,Hepatitis
DB00608,Chloroquine,Chloroquine,D002738,MESH:D006934,Hypercalcemia
DB00608,Chloroquine,Chloroquine,D002738,MESH:D007918,Leprosy
DB00608,Chloroquine,Chloroquine,D002738,MESH:D008288,Malaria
DB00608,Chloroquine,Chloroquine,D002738,MESH:D009361,Neoplasm Invasiveness
DB00608,Chloroquine,Chloroquine,D002738,MESH:D019954,Neurobehavioral Manifestations
DB00608,Chloroquine,Chloroquine,D002738,MESH:D012507,Sarcoidosis
DB00608,Chloroquine,Chloroquine,D002738,MESH:D045169,Severe Acute Respiratory Syndrome
DB00608,Chloroquine,Chloroquine,D002738,MESH:D012871,Skin Diseases
DB00608,Chloroquine,Chloroquine,D002738,MESH:D013274,Stomach Neoplasms
DB00608,Chloroquine,Chloroquine,D002738,MESH:D001749,Urinary Bladder Neoplasms
DB00313,Valproic acid,Valproic Acid,D014635,MESH:D000437,Alcoholism
DB00313,Valproic acid,Valproic Acid,D014635,MESH:D000740,Anemia
DB00313,Valproic acid,Valproic Acid,D014635,MESH:D001008,Anxiety Disorders
DB00313,Valproic acid,Valproic Acid,D014635,MESH:D001259,Ataxia
DB00313,Valproic acid,Valproic Acid,D014635,MESH:D001321,Autistic Disorder
DB00313,Valproic acid,Valproic Acid,D014635,MESH:D001714,Bipolar Disorder
DB00313,Valproic acid,Valproic Acid,D014635,MESH:D001930,Brain Injuries
DB00313,Valproic acid,Valproic Acid,D014635,MESH:D002389,Catatonia
DB00313,Valproic acid,Valproic Acid,D014635,MESH:D056486,Chemical and Drug Induced Liver Injury
DB00313,Valproic acid,Valproic Acid,D014635,MESH:D019970,Cocaine-Related Disorders
DB00313,Valproic acid,Valproic Acid,D014635,MESH:D003072,Cognition Disorders
DB00313,Valproic acid,Valproic Acid,D014635,MESH:D003643,Death
DB00313,Valproic acid,Valproic Acid,D014635,MESH:D003866,Depressive Disorder
DB00313,Valproic acid,Valproic Acid,D014635,MESH:D020820,Dyskinesias
DB00313,Valproic acid,Valproic Acid,D014635,MESH:D004421,Dystonia
DB00313,Valproic acid,Valproic Acid,D014635,MESH:D004827,Epilepsy
DB00313,Valproic acid,Valproic Acid,D014635,MESH:D020329,Essential Tremor
DB00313,Valproic acid,Valproic Acid,D014635,MESH:D005355,Fibrosis
DB00313,Valproic acid,Valproic Acid,D014635,MESH:D005909,Glioblastoma
DB00313,Valproic acid,Valproic Acid,D014635,MESH:D005911,Gliosis
DB00313,Valproic acid,Valproic Acid,D014635,MESH:D006261,Headache
DB00313,Valproic acid,Valproic Acid,D014635,MESH:D006529,Hepatomegaly
DB00313,Valproic acid,Valproic Acid,D014635,MESH:D022124,Hyperammonemia
DB00313,Valproic acid,Valproic Acid,D014635,MESH:D006948,Hyperkinesis
DB00313,Valproic acid,Valproic Acid,D014635,MESH:D006973,Hypertension
DB00313,Valproic acid,Valproic Acid,D014635,MESH:D018476,Hypokinesia
DB00313,Valproic acid,Valproic Acid,D014635,MESH:D007859,Learning Disabilities
DB00313,Valproic acid,Valproic Acid,D014635,MESH:D008569,Memory Disorders
DB00313,Valproic acid,Valproic Acid,D014635,MESH:D008881,Migraine Disorders
DB00313,Valproic acid,Valproic Acid,D014635,MESH:D020326,Migraine without Aura
DB00313,Valproic acid,Valproic Acid,D014635,MESH:D019964,Mood Disorders
DB00313,Valproic acid,Valproic Acid,D014635,MESH:D019957,Motor Skills Disorders
DB00313,Valproic acid,Valproic Acid,D014635,MESH:D009069,Movement Disorders
DB00313,Valproic acid,Valproic Acid,D014635,MESH:D009190,Myelodysplastic Syndromes
DB00313,Valproic acid,Valproic Acid,D014635,MESH:D009369,Neoplasms
DB00313,Valproic acid,Valproic Acid,D014635,MESH:D009393,Nephritis
DB00313,Valproic acid,Valproic Acid,D014635,MESH:D009410,Nerve Degeneration
DB00313,Valproic acid,Valproic Acid,D014635,MESH:D019954,Neurobehavioral Manifestations
DB00313,Valproic acid,Valproic Acid,D014635,MESH:D019636,Neurodegenerative Diseases
DB00313,Valproic acid,Valproic Acid,D014635,MESH:D010146,Pain
DB00313,Valproic acid,Valproic Acid,D014635,MESH:D016584,Panic Disorder
DB00313,Valproic acid,Valproic Acid,D014635,MESH:D010291,Paresis
DB00313,Valproic acid,Valproic Acid,D014635,MESH:D010554,Personality Disorders
DB00313,Valproic acid,Valproic Acid,D014635,MESH:D010149,Postoperative Pain
DB00313,Valproic acid,Valproic Acid,D014635,MESH:D011297,Prenatal Exposure Delayed Effects
DB00313,Valproic acid,Valproic Acid,D014635,MESH:D011507,Proteinuria
DB00313,Valproic acid,Valproic Acid,D014635,MESH:D011595,Psychomotor Agitation
DB00313,Valproic acid,Valproic Acid,D014635,MESH:D011618,Psychotic Disorders
DB00313,Valproic acid,Valproic Acid,D014635,MESH:D012208,Rhabdomyosarcoma
DB00313,Valproic acid,Valproic Acid,D014635,MESH:D012559,Schizophrenia
DB00313,Valproic acid,Valproic Acid,D014635,MESH:D012640,Seizures
DB00313,Valproic acid,Valproic Acid,D014635,MESH:D013226,Status Epilepticus
DB00313,Valproic acid,Valproic Acid,D014635,MESH:D019956,Stereotypic Movement Disorder
DB00313,Valproic acid,Valproic Acid,D014635,MESH:D013342,Stuttering
DB00313,Valproic acid,Valproic Acid,D014635,MESH:D019966,Substance-Related Disorders
DB00313,Valproic acid,Valproic Acid,D014635,MESH:D013375,Substance Withdrawal Syndrome
DB00313,Valproic acid,Valproic Acid,D014635,MESH:D013981,Tic Disorders
DB00313,Valproic acid,Valproic Acid,D014635,MESH:D014202,Tremor
DB00313,Valproic acid,Valproic Acid,D014635,MESH:D015431,Weight Loss
DB00570,Vinblastine,Vinblastine,D014747,MESH:D000077192,Adenocarcinoma of Lung
DB00570,Vinblastine,Vinblastine,D014747,MESH:D001943,Breast Neoplasms
DB00570,Vinblastine,Vinblastine,D014747,MESH:D002277,Carcinoma
DB00570,Vinblastine,Vinblastine,D014747,MESH:D015179,Colorectal Neoplasms
DB00570,Vinblastine,Vinblastine,D014747,MESH:D006258,Head and Neck Neoplasms
DB00570,Vinblastine,Vinblastine,D014747,MESH:D006689,Hodgkin Disease
DB00570,Vinblastine,Vinblastine,D014747,MESH:D008113,Liver Neoplasms
DB00570,Vinblastine,Vinblastine,D014747,MESH:D008545,Melanoma
DB00570,Vinblastine,Vinblastine,D014747,MESH:D009362,Neoplasm Metastasis
DB00570,Vinblastine,Vinblastine,D014747,MESH:D010051,Ovarian Neoplasms
DB00570,Vinblastine,Vinblastine,D014747,MESH:D011471,Prostatic Neoplasms
DB00570,Vinblastine,Vinblastine,D014747,MESH:D012208,Rhabdomyosarcoma
DB00570,Vinblastine,Vinblastine,D014747,MESH:D013736,Testicular Neoplasms
DB00570,Vinblastine,Vinblastine,D014747,MESH:D001749,Urinary Bladder Neoplasms
DB00570,Vinblastine,Vinblastine,D014747,MESH:D014625,Vaginal Neoplasms
DB00501,Cimetidine,Cimetidine,D002927,MESH:D015746,Abdominal Pain
DB00501,Cimetidine,Cimetidine,D002927,MESH:D000707,Anaphylaxis
DB00501,Cimetidine,Cimetidine,D002927,MESH:D001002,Anuria
DB00501,Cimetidine,Cimetidine,D002927,MESH:D001919,Bradycardia
DB00501,Cimetidine,Cimetidine,D002927,MESH:D056486,Chemical and Drug Induced Liver Injury
DB00501,Cimetidine,Cimetidine,D002927,MESH:D004381,Duodenal Ulcer
DB00501,Cimetidine,Cimetidine,D002927,MESH:D004487,Edema
DB00501,Cimetidine,Cimetidine,D002927,MESH:D016889,Endometrial Neoplasms
DB00501,Cimetidine,Cimetidine,D002927,MESH:D004941,Esophagitis
DB00501,Cimetidine,Cimetidine,D002927,MESH:D005764,Gastroesophageal Reflux
DB00501,Cimetidine,Cimetidine,D002927,MESH:D006471,Gastrointestinal Hemorrhage
DB00501,Cimetidine,Cimetidine,D002927,MESH:D006212,Hallucinations
DB00501,Cimetidine,Cimetidine,D002927,MESH:D006261,Headache
DB00501,Cimetidine,Cimetidine,D002927,MESH:D007003,Hypoglycemia
DB00501,Cimetidine,Cimetidine,D002927,MESH:D007022,Hypotension
DB00501,Cimetidine,Cimetidine,D002927,MESH:D007410,Intestinal Diseases
DB00501,Cimetidine,Cimetidine,D002927,MESH:D007674,Kidney Diseases
DB00501,Cimetidine,Cimetidine,D002927,MESH:D008107,Liver Diseases
DB00501,Cimetidine,Cimetidine,D002927,MESH:D008569,Memory Disorders
DB00501,Cimetidine,Cimetidine,D002927,MESH:D008708,Methemoglobinemia
DB00501,Cimetidine,Cimetidine,D002927,MESH:D009377,Multiple Endocrine Neoplasia
DB00501,Cimetidine,Cimetidine,D002927,MESH:D009336,Necrosis
DB00501,Cimetidine,Cimetidine,D002927,MESH:D010146,Pain
DB00501,Cimetidine,Cimetidine,D002927,MESH:D010437,Peptic Ulcer
DB00501,Cimetidine,Cimetidine,D002927,MESH:D011832,Radiation Injuries
DB00501,Cimetidine,Cimetidine,D002927,MESH:D012468,Salivary Gland Neoplasms
DB00501,Cimetidine,Cimetidine,D002927,MESH:D013274,Stomach Neoplasms
DB00501,Cimetidine,Cimetidine,D002927,MESH:D013276,Stomach Ulcer
DB00501,Cimetidine,Cimetidine,D002927,MESH:D014456,Ulcer
DB00501,Cimetidine,Cimetidine,D002927,MESH:D014581,Urticaria
DB00501,Cimetidine,Cimetidine,D002927,MESH:D014839,Vomiting
DB00563,Methotrexate,Methotrexate,D008727,MESH:D000230,Adenocarcinoma
DB00563,Methotrexate,Methotrexate,D008727,MESH:D001037,Aphasia
DB00563,Methotrexate,Methotrexate,D008727,MESH:D018771,Arthralgia
DB00563,Methotrexate,Methotrexate,D008727,MESH:D001168,Arthritis
DB00563,Methotrexate,Methotrexate,D008727,MESH:D001249,Asthma
DB00563,Methotrexate,Methotrexate,D008727,MESH:D001327,Autoimmune Diseases
DB00563,Methotrexate,Methotrexate,D008727,MESH:D001424,Bacterial Infections
DB00563,Methotrexate,Methotrexate,D008727,MESH:D002280,Basal Cell Carcinoma
DB00563,Methotrexate,Methotrexate,D008727,MESH:D001847,Bone Diseases
DB00563,Methotrexate,Methotrexate,D008727,MESH:D019046,Bone Marrow Neoplasms
DB00563,Methotrexate,Methotrexate,D008727,MESH:D001859,Bone Neoplasms
DB00563,Methotrexate,Methotrexate,D008727,MESH:D001927,Brain Diseases
DB00563,Methotrexate,Methotrexate,D008727,MESH:D001929,Brain Edema
DB00563,Methotrexate,Methotrexate,D008727,MESH:D001932,Brain Neoplasms
DB00563,Methotrexate,Methotrexate,D008727,MESH:D001943,Breast Neoplasms
DB00563,Methotrexate,Methotrexate,D008727,MESH:D002051,Burkitt Lymphoma
DB00563,Methotrexate,Methotrexate,D008727,MESH:D002277,Carcinoma
DB00563,Methotrexate,Methotrexate,D008727,MESH:D002357,Cartilage Diseases
DB00563,Methotrexate,Methotrexate,D008727,MESH:D016543,Central Nervous System Neoplasms
DB00563,Methotrexate,Methotrexate,D008727,MESH:D056486,Chemical and Drug Induced Liver Injury
DB00563,Methotrexate,Methotrexate,D008727,MESH:D002813,Chondrosarcoma
DB00563,Methotrexate,Methotrexate,D008727,MESH:D003110,Colonic Neoplasms
DB00563,Methotrexate,Methotrexate,D008727,MESH:D015179,Colorectal Neoplasms
DB00563,Methotrexate,Methotrexate,D008727,MESH:D003424,Crohn Disease
DB00563,Methotrexate,Methotrexate,D008727,MESH:D003550,Cystic Fibrosis
DB00563,Methotrexate,Methotrexate,D008727,MESH:D003872,Dermatitis
DB00563,Methotrexate,Methotrexate,D008727,MESH:D003882,Dermatomyositis
DB00563,Methotrexate,Methotrexate,D008727,MESH:D003930,Diabetic Retinopathy
DB00563,Methotrexate,Methotrexate,D008727,MESH:D004487,Edema
DB00563,Methotrexate,Methotrexate,D008727,MESH:D004806,Ependymoma
DB00563,Methotrexate,Methotrexate,D008727,MESH:D005134,Eye Neoplasms
DB00563,Methotrexate,Methotrexate,D008727,MESH:D010505,Familial Mediterranean Fever
DB00563,Methotrexate,Methotrexate,D008727,MESH:D005234,Fatty Liver
DB00563,Methotrexate,Methotrexate,D008727,MESH:D005706,Gallbladder Neoplasms
DB00563,Methotrexate,Methotrexate,D008727,MESH:D005910,Glioma
DB00563,Methotrexate,Methotrexate,D008727,MESH:D006086,Graft vs Host Disease
DB00563,Methotrexate,Methotrexate,D008727,MESH:D014890,Granulomatosis with Polyangiitis
DB00563,Methotrexate,Methotrexate,D008727,MESH:D006258,Head and Neck Neoplasms
DB00563,Methotrexate,Methotrexate,D008727,MESH:D018325,Hemangioblastoma
DB00563,Methotrexate,Methotrexate,D008727,MESH:D048550,Hepatic Insufficiency
DB00563,Methotrexate,Methotrexate,D008727,MESH:D006689,Hodgkin Disease
DB00563,Methotrexate,Methotrexate,D008727,MESH:D006940,Hyperemia
DB00563,Methotrexate,Methotrexate,D008727,MESH:D006965,Hyperplasia
DB00563,Methotrexate,Methotrexate,D008727,MESH:D007022,Hypotension
DB00563,Methotrexate,Methotrexate,D008727,MESH:D007249,Inflammation
DB00563,Methotrexate,Methotrexate,D008727,MESH:D015212,Inflammatory Bowel Diseases
DB00563,Methotrexate,Methotrexate,D008727,MESH:D007592,Joint Diseases
DB00563,Methotrexate,Methotrexate,D008727,MESH:D007938,Leukemia
DB00563,Methotrexate,Methotrexate,D008727,MESH:D056784,Leukoencephalopathies
DB00563,Methotrexate,Methotrexate,D008727,MESH:D008103,Liver Cirrhosis
DB00563,Methotrexate,Methotrexate,D008727,MESH:D008113,Liver Neoplasms
DB00563,Methotrexate,Methotrexate,D008727,MESH:D008175,Lung Neoplasms
DB00563,Methotrexate,Methotrexate,D008727,MESH:D008223,Lymphoma
DB00563,Methotrexate,Methotrexate,D008727,MESH:D008232,Lymphoproliferative Disorders
DB00563,Methotrexate,Methotrexate,D008727,MESH:D008527,Medulloblastoma
DB00563,Methotrexate,Methotrexate,D008727,MESH:D008581,Meningitis
DB00563,Methotrexate,Methotrexate,D008727,MESH:D009101,Multiple Myeloma
DB00563,Methotrexate,Methotrexate,D008727,MESH:D009135,Muscular Diseases
DB00563,Methotrexate,Methotrexate,D008727,MESH:D009220,Myositis
DB00563,Methotrexate,Methotrexate,D008727,MESH:D009298,Nasal Polyps
DB00563,Methotrexate,Methotrexate,D008727,MESH:D009362,Neoplasm Metastasis
DB00563,Methotrexate,Methotrexate,D008727,MESH:D010024,Osteoporosis
DB00563,Methotrexate,Methotrexate,D008727,MESH:D012516,Osteosarcoma
DB00563,Methotrexate,Methotrexate,D008727,MESH:D010051,Ovarian Neoplasms
DB00563,Methotrexate,Methotrexate,D008727,MESH:D010291,Paresis
DB00563,Methotrexate,Methotrexate,D008727,MESH:D010916,Pityriasis Rubra Pilaris
DB00563,Methotrexate,Methotrexate,D008727,MESH:D017285,Polymyositis
DB00563,Methotrexate,Methotrexate,D008727,MESH:D015452,Precursor B-Cell Lymphoblastic Leukemia-Lymphoma
DB00563,Methotrexate,Methotrexate,D008727,MESH:D054198,Precursor Cell Lymphoblastic Leukemia-Lymphoma
DB00563,Methotrexate,Methotrexate,D008727,MESH:D054218,Precursor T-Cell Lymphoblastic Leukemia-Lymphoma
DB00563,Methotrexate,Methotrexate,D008727,MESH:D011471,Prostatic Neoplasms
DB00563,Methotrexate,Methotrexate,D008727,MESH:D011565,Psoriasis
DB00563,Methotrexate,Methotrexate,D008727,MESH:D012008,Recurrence
DB00563,Methotrexate,Methotrexate,D008727,MESH:D012208,Rhabdomyosarcoma
DB00563,Methotrexate,Methotrexate,D008727,MESH:D012509,Sarcoma
DB00563,Methotrexate,Methotrexate,D008727,MESH:D012640,Seizures
DB00563,Methotrexate,Methotrexate,D008727,MESH:D012859,Sjogren's Syndrome
DB00563,Methotrexate,Methotrexate,D008727,MESH:D055752,Small Cell Lung Carcinoma
DB00563,Methotrexate,Methotrexate,D008727,MESH:D012983,Soft Tissue Neoplasms
DB00563,Methotrexate,Methotrexate,D008727,MESH:D013158,Splenic Diseases
DB00563,Methotrexate,Methotrexate,D008727,MESH:D000077195,Squamous Cell Carcinoma of Head and Neck
DB00563,Methotrexate,Methotrexate,D008727,MESH:D013274,Stomach Neoplasms
DB00563,Methotrexate,Methotrexate,D008727,MESH:D013585,Synovitis
DB00563,Methotrexate,Methotrexate,D008727,MESH:D013899,Thoracic Neoplasms
DB00563,Methotrexate,Methotrexate,D008727,MESH:D001749,Urinary Bladder Neoplasms
DB00563,Methotrexate,Methotrexate,D008727,MESH:D002583,Uterine Cervical Neoplasms
DB00563,Methotrexate,Methotrexate,D008727,MESH:D014594,Uterine Neoplasms
DB00563,Methotrexate,Methotrexate,D008727,MESH:D014605,Uveitis
DB00563,Methotrexate,Methotrexate,D008727,MESH:D014652,Vascular Diseases
DB02709,Resveratrol,Resveratrol,D000077185,MESH:D058739,Aberrant Crypt Foci
DB02709,Resveratrol,Resveratrol,D000077185,MESH:D058186,Acute Kidney Injury
DB02709,Resveratrol,Resveratrol,D000077185,MESH:D055371,Acute Lung Injury
DB02709,Resveratrol,Resveratrol,D000077185,MESH:D000230,Adenocarcinoma
DB02709,Resveratrol,Resveratrol,D000077185,MESH:D000077192,Adenocarcinoma of Lung
DB02709,Resveratrol,Resveratrol,D000077185,MESH:D000236,Adenoma
DB02709,Resveratrol,Resveratrol,D000077185,MESH:D011125,Adenomatous Polyposis Coli
DB02709,Resveratrol,Resveratrol,D000077185,MESH:D000303,Adrenal Cortex Diseases
DB02709,Resveratrol,Resveratrol,D000077185,MESH:D000419,Albuminuria
DB02709,Resveratrol,Resveratrol,D000077185,MESH:D016301,Alveolar Bone Loss
DB02709,Resveratrol,Resveratrol,D000077185,MESH:D000544,Alzheimer Disease
DB02709,Resveratrol,Resveratrol,D000077185,MESH:D000690,Amyotrophic Lateral Sclerosis
DB02709,Resveratrol,Resveratrol,D000077185,MESH:D000707,Anaphylaxis
DB02709,Resveratrol,Resveratrol,D000077185,MESH:D000740,Anemia
DB02709,Resveratrol,Resveratrol,D000077185,MESH:D000853,Anophthalmos
DB02709,Resveratrol,Resveratrol,D000077185,MESH:D001008,Anxiety Disorders
DB02709,Resveratrol,Resveratrol,D000077185,MESH:D020261,Arsenic Poisoning
DB02709,Resveratrol,Resveratrol,D000077185,MESH:D053627,Asthenozoospermia
DB02709,Resveratrol,Resveratrol,D000077185,MESH:D001249,Asthma
DB02709,Resveratrol,Resveratrol,D000077185,MESH:D050197,Atherosclerosis
DB02709,Resveratrol,Resveratrol,D000077185,MESH:D000067877,Autism Spectrum Disorder
DB02709,Resveratrol,Resveratrol,D000077185,MESH:D001327,Autoimmune Diseases
DB02709,Resveratrol,Resveratrol,D000077185,MESH:D017086,beta-Thalassemia
DB02709,Resveratrol,Resveratrol,D000077185,MESH:D001855,Bone Marrow Diseases
DB02709,Resveratrol,Resveratrol,D000077185,MESH:D001862,Bone Resorption
DB02709,Resveratrol,Resveratrol,D000077185,MESH:D001919,Bradycardia
DB02709,Resveratrol,Resveratrol,D000077185,MESH:D001929,Brain Edema
DB02709,Resveratrol,Resveratrol,D000077185,MESH:D020520,Brain Infarction
DB02709,Resveratrol,Resveratrol,D000077185,MESH:D001930,Brain Injuries
DB02709,Resveratrol,Resveratrol,D000077185,MESH:D002545,Brain Ischemia
DB02709,Resveratrol,Resveratrol,D000077185,MESH:D001943,Breast Neoplasms
DB02709,Resveratrol,Resveratrol,D000077185,MESH:D016535,Bronchial Hyperreactivity
DB02709,Resveratrol,Resveratrol,D000077185,MESH:D002277,Carcinoma
DB02709,Resveratrol,Resveratrol,D000077185,MESH:D006332,Cardiomegaly
DB02709,Resveratrol,Resveratrol,D000077185,MESH:D009202,Cardiomyopathies
DB02709,Resveratrol,Resveratrol,D000077185,MESH:D066126,Cardiotoxicity
DB02709,Resveratrol,Resveratrol,D000077185,MESH:D002318,Cardiovascular Diseases
DB02709,Resveratrol,Resveratrol,D000077185,MESH:D002357,Cartilage Diseases
DB02709,Resveratrol,Resveratrol,D000077185,MESH:D002375,Catalepsy
DB02709,Resveratrol,Resveratrol,D000077185,MESH:D002544,Cerebral Infarction
DB02709,Resveratrol,Resveratrol,D000077185,MESH:D056486,Chemical and Drug Induced Liver Injury
DB02709,Resveratrol,Resveratrol,D000077185,MESH:D002779,Cholestasis
DB02709,Resveratrol,Resveratrol,D000077185,MESH:D020256,Choroidal Neovascularization
DB02709,Resveratrol,Resveratrol,D000077185,MESH:D021081,Chronobiology Disorders
DB02709,Resveratrol,Resveratrol,D000077185,MESH:D003072,Cognition Disorders
DB02709,Resveratrol,Resveratrol,D000077185,MESH:D003092,Colitis
DB02709,Resveratrol,Resveratrol,D000077185,MESH:D003110,Colonic Neoplasms
DB02709,Resveratrol,Resveratrol,D000077185,MESH:D003111,Colonic Polyps
DB02709,Resveratrol,Resveratrol,D000077185,MESH:D015179,Colorectal Neoplasms
DB02709,Resveratrol,Resveratrol,D000077185,MESH:D003324,Coronary Artery Disease
DB02709,Resveratrol,Resveratrol,D000077185,MESH:D003327,Coronary Disease
DB02709,Resveratrol,Resveratrol,D000077185,MESH:D003643,Death
DB02709,Resveratrol,Resveratrol,D000077185,MESH:D003866,Depressive Disorder
DB02709,Resveratrol,Resveratrol,D000077185,MESH:D048909,Diabetes Complications
DB02709,Resveratrol,Resveratrol,D000077185,MESH:D003920,Diabetes Mellitus
DB02709,Resveratrol,Resveratrol,D000077185,MESH:D003925,Diabetic Angiopathies
DB02709,Resveratrol,Resveratrol,D000077185,MESH:D058065,Diabetic Cardiomyopathies
DB02709,Resveratrol,Resveratrol,D000077185,MESH:D003928,Diabetic Nephropathies
DB02709,Resveratrol,Resveratrol,D000077185,MESH:D003929,Diabetic Neuropathies
DB02709,Resveratrol,Resveratrol,D000077185,MESH:D003930,Diabetic Retinopathy
DB02709,Resveratrol,Resveratrol,D000077185,MESH:D018450,Disease Progression
DB02709,Resveratrol,Resveratrol,D000077185,MESH:D050171,Dyslipidemias
DB02709,Resveratrol,Resveratrol,D000077185,MESH:D004487,Edema
DB02709,Resveratrol,Resveratrol,D000077185,MESH:D016769,Embolism and Thrombosis
DB02709,Resveratrol,Resveratrol,D000077185,MESH:D004715,Endometriosis
DB02709,Resveratrol,Resveratrol,D000077185,MESH:D004719,Endomyocardial Fibrosis
DB02709,Resveratrol,Resveratrol,D000077185,MESH:D019446,Endotoxemia
DB02709,Resveratrol,Resveratrol,D000077185,MESH:D004769,Enterovirus Infections
DB02709,Resveratrol,Resveratrol,D000077185,MESH:D007172,Erectile Dysfunction
DB02709,Resveratrol,Resveratrol,D000077185,MESH:D004890,Erythema
DB02709,Resveratrol,Resveratrol,D000077185,MESH:D004938,Esophageal Neoplasms
DB02709,Resveratrol,Resveratrol,D000077185,MESH:D005199,Fanconi Anemia
DB02709,Resveratrol,Resveratrol,D000077185,MESH:D005221,Fatigue
DB02709,Resveratrol,Resveratrol,D000077185,MESH:D005234,Fatty Liver
DB02709,Resveratrol,Resveratrol,D000077185,MESH:D005317,Fetal Growth Retardation
DB02709,Resveratrol,Resveratrol,D000077185,MESH:D005355,Fibrosis
DB02709,Resveratrol,Resveratrol,D000077185,MESH:D005512,Food Hypersensitivity
DB02709,Resveratrol,Resveratrol,D000077185,MESH:D005621,Friedreich Ataxia
DB02709,Resveratrol,Resveratrol,D000077185,MESH:D005909,Glioblastoma
DB02709,Resveratrol,Resveratrol,D000077185,MESH:D005910,Glioma
DB02709,Resveratrol,Resveratrol,D000077185,MESH:D018149,Glucose Intolerance
DB02709,Resveratrol,Resveratrol,D000077185,MESH:D006258,Head and Neck Neoplasms
DB02709,Resveratrol,Resveratrol,D000077185,MESH:D034381,Hearing Loss
DB02709,Resveratrol,Resveratrol,D000077185,MESH:D006331,Heart Diseases
DB02709,Resveratrol,Resveratrol,D000077185,MESH:D006333,Heart Failure
DB02709,Resveratrol,Resveratrol,D000077185,MESH:D006406,Hematoma
DB02709,Resveratrol,Resveratrol,D000077185,MESH:D006470,Hemorrhage
DB02709,Resveratrol,Resveratrol,D000077185,MESH:D048550,Hepatic Insufficiency
DB02709,Resveratrol,Resveratrol,D000077185,MESH:D006505,Hepatitis
DB02709,Resveratrol,Resveratrol,D000077185,MESH:D006526,Hepatitis C
DB02709,Resveratrol,Resveratrol,D000077185,MESH:D006529,Hepatomegaly
DB02709,Resveratrol,Resveratrol,D000077185,MESH:D006561,Herpes Simplex
DB02709,Resveratrol,Resveratrol,D000077185,MESH:D015658,HIV Infections
DB02709,Resveratrol,Resveratrol,D000077185,MESH:D006816,Huntington Disease
DB02709,Resveratrol,Resveratrol,D000077185,MESH:D006930,Hyperalgesia
DB02709,Resveratrol,Resveratrol,D000077185,MESH:D006937,Hypercholesterolemia
DB02709,Resveratrol,Resveratrol,D000077185,MESH:D006943,Hyperglycemia
DB02709,Resveratrol,Resveratrol,D000077185,MESH:D006946,Hyperinsulinism
DB02709,Resveratrol,Resveratrol,D000077185,MESH:D006949,Hyperlipidemias
DB02709,Resveratrol,Resveratrol,D000077185,MESH:D006965,Hyperplasia
DB02709,Resveratrol,Resveratrol,D000077185,MESH:D006967,Hypersensitivity
DB02709,Resveratrol,Resveratrol,D000077185,MESH:D006973,Hypertension
DB02709,Resveratrol,Resveratrol,D000077185,MESH:D006980,Hyperthyroidism
DB02709,Resveratrol,Resveratrol,D000077185,MESH:D015228,Hypertriglyceridemia
DB02709,Resveratrol,Resveratrol,D000077185,MESH:D006984,Hypertrophy
DB02709,Resveratrol,Resveratrol,D000077185,MESH:D033461,Hyperuricemia
DB02709,Resveratrol,Resveratrol,D000077185,MESH:D007010,Hyponatremia
DB02709,Resveratrol,Resveratrol,D000077185,MESH:D007035,Hypothermia
DB02709,Resveratrol,Resveratrol,D000077185,MESH:D000860,Hypoxia
DB02709,Resveratrol,Resveratrol,D000077185,MESH:D007249,Inflammation
DB02709,Resveratrol,Resveratrol,D000077185,MESH:D007333,Insulin Resistance
DB02709,Resveratrol,Resveratrol,D000077185,MESH:D055959,Intervertebral Disc Degeneration
DB02709,Resveratrol,Resveratrol,D000077185,MESH:D007410,Intestinal Diseases
DB02709,Resveratrol,Resveratrol,D000077185,MESH:D007511,Ischemia
DB02709,Resveratrol,Resveratrol,D000077185,MESH:D007627,Keloid
DB02709,Resveratrol,Resveratrol,D000077185,MESH:D007669,Kidney Calculi
DB02709,Resveratrol,Resveratrol,D000077185,MESH:D007674,Kidney Diseases
DB02709,Resveratrol,Resveratrol,D000077185,MESH:D007905,Lens Diseases
DB02709,Resveratrol,Resveratrol,D000077185,MESH:D008103,Liver Cirrhosis
DB02709,Resveratrol,Resveratrol,D000077185,MESH:D008107,Liver Diseases
DB02709,Resveratrol,Resveratrol,D000077185,MESH:D008113,Liver Neoplasms
DB02709,Resveratrol,Resveratrol,D000077185,MESH:D008171,Lung Diseases
DB02709,Resveratrol,Resveratrol,D000077185,MESH:D008232,Lymphoproliferative Disorders
DB02709,Resveratrol,Resveratrol,D000077185,MESH:D008268,Macular Degeneration
DB02709,Resveratrol,Resveratrol,D000077185,MESH:D008545,Melanoma
DB02709,Resveratrol,Resveratrol,D000077185,MESH:D008569,Memory Disorders
DB02709,Resveratrol,Resveratrol,D000077185,MESH:D008659,Metabolic Diseases
DB02709,Resveratrol,Resveratrol,D000077185,MESH:D024821,Metabolic Syndrome
DB02709,Resveratrol,Resveratrol,D000077185,MESH:D028361,Mitochondrial Diseases
DB02709,Resveratrol,Resveratrol,D000077185,MESH:D000068079,Motor Disorders
DB02709,Resveratrol,Resveratrol,D000077185,MESH:D009069,Movement Disorders
DB02709,Resveratrol,Resveratrol,D000077185,MESH:D009101,Multiple Myeloma
DB02709,Resveratrol,Resveratrol,D000077185,MESH:D018908,Muscle Weakness
DB02709,Resveratrol,Resveratrol,D000077185,MESH:D009133,Muscular Atrophy
DB02709,Resveratrol,Resveratrol,D000077185,MESH:D009203,Myocardial Infarction
DB02709,Resveratrol,Resveratrol,D000077185,MESH:D015428,Myocardial Reperfusion Injury
DB02709,Resveratrol,Resveratrol,D000077185,MESH:D009205,Myocarditis
DB02709,Resveratrol,Resveratrol,D000077185,MESH:D000077274,Nasopharyngeal Carcinoma
DB02709,Resveratrol,Resveratrol,D000077185,MESH:D009336,Necrosis
DB02709,Resveratrol,Resveratrol,D000077185,MESH:D058426,Neointima
DB02709,Resveratrol,Resveratrol,D000077185,MESH:D009361,Neoplasm Invasiveness
DB02709,Resveratrol,Resveratrol,D000077185,MESH:D009362,Neoplasm Metastasis
DB02709,Resveratrol,Resveratrol,D000077185,MESH:D009369,Neoplasms
DB02709,Resveratrol,Resveratrol,D000077185,MESH:D009410,Nerve Degeneration
DB02709,Resveratrol,Resveratrol,D000077185,MESH:D009436,Neural Tube Defects
DB02709,Resveratrol,Resveratrol,D000077185,MESH:D009447,Neuroblastoma
DB02709,Resveratrol,Resveratrol,D000077185,MESH:D019636,Neurodegenerative Diseases
DB02709,Resveratrol,Resveratrol,D000077185,MESH:D020078,Neurogenic Inflammation
DB02709,Resveratrol,Resveratrol,D000077185,MESH:D020258,Neurotoxicity Syndromes
DB02709,Resveratrol,Resveratrol,D000077185,MESH:D065626,Non-alcoholic Fatty Liver Disease
DB02709,Resveratrol,Resveratrol,D000077185,MESH:D009765,Obesity
DB02709,Resveratrol,Resveratrol,D000077185,MESH:D009845,Oligospermia
DB02709,Resveratrol,Resveratrol,D000077185,MESH:D009293,Opioid-Related Disorders
DB02709,Resveratrol,Resveratrol,D000077185,MESH:D010003,Osteoarthritis
DB02709,Resveratrol,Resveratrol,D000077185,MESH:D010024,Osteoporosis
DB02709,Resveratrol,Resveratrol,D000077185,MESH:D010049,Ovarian Diseases
DB02709,Resveratrol,Resveratrol,D000077185,MESH:D010051,Ovarian Neoplasms
DB02709,Resveratrol,Resveratrol,D000077185,MESH:D010182,Pancreatic Diseases
DB02709,Resveratrol,Resveratrol,D000077185,MESH:D010190,Pancreatic Neoplasms
DB02709,Resveratrol,Resveratrol,D000077185,MESH:D010195,Pancreatitis
DB02709,Resveratrol,Resveratrol,D000077185,MESH:D020734,Parkinsonian Disorders
DB02709,Resveratrol,Resveratrol,D000077185,MESH:D010538,Peritonitis
DB02709,Resveratrol,Resveratrol,D000077185,MESH:D010911,Pituitary Neoplasms
DB02709,Resveratrol,Resveratrol,D000077185,MESH:D011085,Polycystic Ovary Syndrome
DB02709,Resveratrol,Resveratrol,D000077185,MESH:D011230,Precancerous Conditions
DB02709,Resveratrol,Resveratrol,D000077185,MESH:D015452,Precursor B-Cell Lymphoblastic Leukemia-Lymphoma
DB02709,Resveratrol,Resveratrol,D000077185,MESH:D054198,Precursor Cell Lymphoblastic Leukemia-Lymphoma
DB02709,Resveratrol,Resveratrol,D000077185,MESH:D054218,Precursor T-Cell Lymphoblastic Leukemia-Lymphoma
DB02709,Resveratrol,Resveratrol,D000077185,MESH:D011225,Pre-Eclampsia
DB02709,Resveratrol,Resveratrol,D000077185,MESH:D011297,Prenatal Exposure Delayed Effects
DB02709,Resveratrol,Resveratrol,D000077185,MESH:D011371,Progeria
DB02709,Resveratrol,Resveratrol,D000077185,MESH:D015175,Prolactinoma
DB02709,Resveratrol,Resveratrol,D000077185,MESH:D011470,Prostatic Hyperplasia
DB02709,Resveratrol,Resveratrol,D000077185,MESH:D011471,Prostatic Neoplasms
DB02709,Resveratrol,Resveratrol,D000077185,MESH:D011507,Proteinuria
DB02709,Resveratrol,Resveratrol,D000077185,MESH:D011654,Pulmonary Edema
DB02709,Resveratrol,Resveratrol,D000077185,MESH:D011658,Pulmonary Fibrosis
DB02709,Resveratrol,Resveratrol,D000077185,MESH:D015427,Reperfusion Injury
DB02709,Resveratrol,Resveratrol,D000077185,MESH:D018357,Respiratory Syncytial Virus Infections
DB02709,Resveratrol,Resveratrol,D000077185,MESH:D012140,Respiratory Tract Diseases
DB02709,Resveratrol,Resveratrol,D000077185,MESH:D012163,Retinal Detachment
DB02709,Resveratrol,Resveratrol,D000077185,MESH:D012164,Retinal Diseases
DB02709,Resveratrol,Resveratrol,D000077185,MESH:D015861,Retinal Neovascularization
DB02709,Resveratrol,Resveratrol,D000077185,MESH:D012600,Scoliosis
DB02709,Resveratrol,Resveratrol,D000077185,MESH:D012640,Seizures
DB02709,Resveratrol,Resveratrol,D000077185,MESH:D018805,Sepsis
DB02709,Resveratrol,Resveratrol,D000077185,MESH:D012751,Sezary Syndrome
DB02709,Resveratrol,Resveratrol,D000077185,MESH:D012852,Sinusitis
DB02709,Resveratrol,Resveratrol,D000077185,MESH:D012878,Skin Neoplasms
DB02709,Resveratrol,Resveratrol,D000077185,MESH:D013158,Splenic Diseases
DB02709,Resveratrol,Resveratrol,D000077185,MESH:D013163,Splenomegaly
DB02709,Resveratrol,Resveratrol,D000077185,MESH:D000077195,Squamous Cell Carcinoma of Head and Neck
DB02709,Resveratrol,Resveratrol,D000077185,MESH:D013274,Stomach Neoplasms
DB02709,Resveratrol,Resveratrol,D000077185,MESH:D020521,Stroke
DB02709,Resveratrol,Resveratrol,D000077185,MESH:D013345,Subarachnoid Hemorrhage
DB02709,Resveratrol,Resveratrol,D000077185,MESH:D019966,Substance-Related Disorders
DB02709,Resveratrol,Resveratrol,D000077185,MESH:D000072660,Teratozoospermia
DB02709,Resveratrol,Resveratrol,D000077185,MESH:D013733,Testicular Diseases
DB02709,Resveratrol,Resveratrol,D000077185,MESH:D014062,Tongue Neoplasms
DB02709,Resveratrol,Resveratrol,D000077185,MESH:D014277,Trigeminal Neuralgia
DB02709,Resveratrol,Resveratrol,D000077185,MESH:D014456,Ulcer
DB02709,Resveratrol,Resveratrol,D000077185,MESH:D002583,Uterine Cervical Neoplasms
DB02709,Resveratrol,Resveratrol,D000077185,MESH:D014591,Uterine Diseases
DB02709,Resveratrol,Resveratrol,D000077185,MESH:D014594,Uterine Neoplasms
DB02709,Resveratrol,Resveratrol,D000077185,MESH:D014652,Vascular Diseases
DB02709,Resveratrol,Resveratrol,D000077185,MESH:D018754,Ventricular Dysfunction
DB02709,Resveratrol,Resveratrol,D000077185,MESH:D020257,Ventricular Remodeling
DB02709,Resveratrol,Resveratrol,D000077185,MESH:D008258,Waldenstrom Macroglobulinemia
DB02709,Resveratrol,Resveratrol,D000077185,MESH:D014855,Wallerian Degeneration
DB02709,Resveratrol,Resveratrol,D000077185,MESH:D015430,Weight Gain
DB02709,Resveratrol,Resveratrol,D000077185,MESH:D015431,Weight Loss
DB02709,Resveratrol,Resveratrol,D000077185,MESH:D014898,Werner Syndrome
DB02709,Resveratrol,Resveratrol,D000077185,MESH:D014947,Wounds and Injuries
DB00437,Allopurinol,Allopurinol,D000493,MESH:D001168,Arthritis
DB00437,Allopurinol,Allopurinol,D000493,MESH:D001714,Bipolar Disorder
DB00437,Allopurinol,Allopurinol,D000493,MESH:D056486,Chemical and Drug Induced Liver Injury
DB00437,Allopurinol,Allopurinol,D000493,MESH:D004283,Dog Diseases
DB00437,Allopurinol,Allopurinol,D000493,MESH:D050171,Dyslipidemias
DB00437,Allopurinol,Allopurinol,D000493,MESH:D005767,Gastrointestinal Diseases
DB00437,Allopurinol,Allopurinol,D000493,MESH:D006073,Gout
DB00437,Allopurinol,Allopurinol,D000493,MESH:D006331,Heart Diseases
DB00437,Allopurinol,Allopurinol,D000493,MESH:D006470,Hemorrhage
DB00437,Allopurinol,Allopurinol,D000493,MESH:D006946,Hyperinsulinism
DB00437,Allopurinol,Allopurinol,D000493,MESH:D006949,Hyperlipidemias
DB00437,Allopurinol,Allopurinol,D000493,MESH:D033461,Hyperuricemia
DB00437,Allopurinol,Allopurinol,D000493,MESH:D000860,Hypoxia
DB00437,Allopurinol,Allopurinol,D000493,MESH:D007249,Inflammation
DB00437,Allopurinol,Allopurinol,D000493,MESH:D007333,Insulin Resistance
DB00437,Allopurinol,Allopurinol,D000493,MESH:D007669,Kidney Calculi
DB00437,Allopurinol,Allopurinol,D000493,MESH:D007674,Kidney Diseases
DB00437,Allopurinol,Allopurinol,D000493,MESH:D007960,Leukocyte Disorders
DB00437,Allopurinol,Allopurinol,D000493,MESH:D015428,Myocardial Reperfusion Injury
DB00437,Allopurinol,Allopurinol,D000493,MESH:D009503,Neutropenia
DB00437,Allopurinol,Allopurinol,D000493,MESH:D065626,Non-alcoholic Fatty Liver Disease
DB00437,Allopurinol,Allopurinol,D000493,MESH:D054198,Precursor Cell Lymphoblastic Leukemia-Lymphoma
DB00437,Allopurinol,Allopurinol,D000493,MESH:D011507,Proteinuria
DB00437,Allopurinol,Allopurinol,D000493,MESH:D013272,Stomach Diseases
DB00437,Allopurinol,Allopurinol,D000493,MESH:D013280,Stomatitis
DB00437,Allopurinol,Allopurinol,D000493,MESH:D015430,Weight Gain
DB00541,Vincristine,Vincristine,D014750,MESH:D000230,Adenocarcinoma
DB00541,Vincristine,Vincristine,D014750,MESH:D018268,Adrenocortical Carcinoma
DB00541,Vincristine,Vincristine,D014750,MESH:D001254,Astrocytoma
DB00541,Vincristine,Vincristine,D014750,MESH:D019046,Bone Marrow Neoplasms
DB00541,Vincristine,Vincristine,D014750,MESH:D001932,Brain Neoplasms
DB00541,Vincristine,Vincristine,D014750,MESH:D001943,Breast Neoplasms
DB00541,Vincristine,Vincristine,D014750,MESH:D002051,Burkitt Lymphoma
DB00541,Vincristine,Vincristine,D014750,MESH:D002277,Carcinoma
DB00541,Vincristine,Vincristine,D014750,MESH:D006332,Cardiomegaly
DB00541,Vincristine,Vincristine,D014750,MESH:D009202,Cardiomyopathies
DB00541,Vincristine,Vincristine,D014750,MESH:D016543,Central Nervous System Neoplasms
DB00541,Vincristine,Vincristine,D014750,MESH:D015179,Colorectal Neoplasms
DB00541,Vincristine,Vincristine,D014750,MESH:D000013,Congenital Abnormalities
DB00541,Vincristine,Vincristine,D014750,MESH:D004806,Ependymoma
DB00541,Vincristine,Vincristine,D014750,MESH:D005910,Glioma
DB00541,Vincristine,Vincristine,D014750,MESH:D018325,Hemangioblastoma
DB00541,Vincristine,Vincristine,D014750,MESH:D006463,Hemolytic-Uremic Syndrome
DB00541,Vincristine,Vincristine,D014750,MESH:D006504,Hepatic Veno-Occlusive Disease
DB00541,Vincristine,Vincristine,D014750,MESH:D006689,Hodgkin Disease
DB00541,Vincristine,Vincristine,D014750,MESH:D007680,Kidney Neoplasms
DB00541,Vincristine,Vincristine,D014750,MESH:D007890,Leiomyosarcoma
DB00541,Vincristine,Vincristine,D014750,MESH:D007938,Leukemia
DB00541,Vincristine,Vincristine,D014750,MESH:D056784,Leukoencephalopathies
DB00541,Vincristine,Vincristine,D014750,MESH:D008175,Lung Neoplasms
DB00541,Vincristine,Vincristine,D014750,MESH:D008223,Lymphoma
DB00541,Vincristine,Vincristine,D014750,MESH:D008527,Medulloblastoma
DB00541,Vincristine,Vincristine,D014750,MESH:D009062,Mouth Neoplasms
DB00541,Vincristine,Vincristine,D014750,MESH:D009101,Multiple Myeloma
DB00541,Vincristine,Vincristine,D014750,MESH:D018908,Muscle Weakness
DB00541,Vincristine,Vincristine,D014750,MESH:D009182,Mycosis Fungoides
DB00541,Vincristine,Vincristine,D014750,MESH:D009336,Necrosis
DB00541,Vincristine,Vincristine,D014750,MESH:D009362,Neoplasm Metastasis
DB00541,Vincristine,Vincristine,D014750,MESH:D009404,Nephrotic Syndrome
DB00541,Vincristine,Vincristine,D014750,MESH:D009447,Neuroblastoma
DB00541,Vincristine,Vincristine,D014750,MESH:D017599,Neuroectodermal Tumors
DB00541,Vincristine,Vincristine,D014750,MESH:D009837,Oligodendroglioma
DB00541,Vincristine,Vincristine,D014750,MESH:D012516,Osteosarcoma
DB00541,Vincristine,Vincristine,D014750,MESH:D010051,Ovarian Neoplasms
DB00541,Vincristine,Vincristine,D014750,MESH:D010190,Pancreatic Neoplasms
DB00541,Vincristine,Vincristine,D014750,MESH:D010292,Paresthesia
DB00541,Vincristine,Vincristine,D014750,MESH:D015452,Precursor B-Cell Lymphoblastic Leukemia-Lymphoma
DB00541,Vincristine,Vincristine,D014750,MESH:D054198,Precursor Cell Lymphoblastic Leukemia-Lymphoma
DB00541,Vincristine,Vincristine,D014750,MESH:D054218,Precursor T-Cell Lymphoblastic Leukemia-Lymphoma
DB00541,Vincristine,Vincristine,D014750,MESH:D011471,Prostatic Neoplasms
DB00541,Vincristine,Vincristine,D014750,MESH:D012008,Recurrence
DB00541,Vincristine,Vincristine,D014750,MESH:D051437,Renal Insufficiency
DB00541,Vincristine,Vincristine,D014750,MESH:D012208,Rhabdomyosarcoma
DB00541,Vincristine,Vincristine,D014750,MESH:D012640,Seizures
DB00541,Vincristine,Vincristine,D014750,MESH:D012878,Skin Neoplasms
DB00541,Vincristine,Vincristine,D014750,MESH:D055752,Small Cell Lung Carcinoma
DB00541,Vincristine,Vincristine,D014750,MESH:D000077195,Squamous Cell Carcinoma of Head and Neck
DB00541,Vincristine,Vincristine,D014750,MESH:D013479,Superior Vena Cava Syndrome
DB00541,Vincristine,Vincristine,D014750,MESH:D015173,Supratentorial Neoplasms
DB00541,Vincristine,Vincristine,D014750,MESH:D013736,Testicular Neoplasms
DB00541,Vincristine,Vincristine,D014750,MESH:D013921,Thrombocytopenia
DB00541,Vincristine,Vincristine,D014750,MESH:D013964,Thyroid Neoplasms
DB00541,Vincristine,Vincristine,D014750,MESH:D001749,Urinary Bladder Neoplasms
DB00541,Vincristine,Vincristine,D014750,MESH:D002583,Uterine Cervical Neoplasms
DB00541,Vincristine,Vincristine,D014750,MESH:D009396,Wilms Tumor
DB00682,Warfarin,Warfarin,D014859,MESH:D016736,Antiphospholipid Syndrome
DB00682,Warfarin,Warfarin,D014859,MESH:D001157,Arterial Occlusive Diseases
DB00682,Warfarin,Warfarin,D014859,MESH:D001281,Atrial Fibrillation
DB00682,Warfarin,Warfarin,D014859,MESH:D001778,Blood Coagulation Disorders
DB00682,Warfarin,Warfarin,D014859,MESH:D002545,Brain Ischemia
DB00682,Warfarin,Warfarin,D014859,MESH:D009202,Cardiomyopathies
DB00682,Warfarin,Warfarin,D014859,MESH:D002544,Cerebral Infarction
DB00682,Warfarin,Warfarin,D014859,MESH:D002561,Cerebrovascular Disorders
DB00682,Warfarin,Warfarin,D014859,MESH:D003323,Coronary Aneurysm
DB00682,Warfarin,Warfarin,D014859,MESH:D003324,Coronary Artery Disease
DB00682,Warfarin,Warfarin,D014859,MESH:D023903,Coronary Restenosis
DB00682,Warfarin,Warfarin,D014859,MESH:D003328,Coronary Thrombosis
DB00682,Warfarin,Warfarin,D014859,MESH:D003928,Diabetic Nephropathies
DB00682,Warfarin,Warfarin,D014859,MESH:D004617,Embolism
DB00682,Warfarin,Warfarin,D014859,MESH:D004646,Emphysema
DB00682,Warfarin,Warfarin,D014859,MESH:D005776,Gaucher Disease
DB00682,Warfarin,Warfarin,D014859,MESH:D006331,Heart Diseases
DB00682,Warfarin,Warfarin,D014859,MESH:D006333,Heart Failure
DB00682,Warfarin,Warfarin,D014859,MESH:D006470,Hemorrhage
DB00682,Warfarin,Warfarin,D014859,MESH:D017681,Hypereosinophilic Syndrome
DB00682,Warfarin,Warfarin,D014859,MESH:D006943,Hyperglycemia
DB00682,Warfarin,Warfarin,D014859,MESH:D002542,Intracranial Embolism and Thrombosis
DB00682,Warfarin,Warfarin,D014859,MESH:D020300,Intracranial Hemorrhages
DB00682,Warfarin,Warfarin,D014859,MESH:D020767,Intracranial Thrombosis
DB00682,Warfarin,Warfarin,D014859,MESH:D065666,Mesenteric Ischemia
DB00682,Warfarin,Warfarin,D014859,MESH:D020325,Migraine with Aura
DB00682,Warfarin,Warfarin,D014859,MESH:D009080,Mucocutaneous Lymph Node Syndrome
DB00682,Warfarin,Warfarin,D014859,MESH:D009101,Multiple Myeloma
DB00682,Warfarin,Warfarin,D014859,MESH:D009203,Myocardial Infarction
DB00682,Warfarin,Warfarin,D014859,MESH:D017202,Myocardial Ischemia
DB00682,Warfarin,Warfarin,D014859,MESH:D009361,Neoplasm Invasiveness
DB00682,Warfarin,Warfarin,D014859,MESH:D009362,Neoplasm Metastasis
DB00682,Warfarin,Warfarin,D014859,MESH:D010190,Pancreatic Neoplasms
DB00682,Warfarin,Warfarin,D014859,MESH:D011183,Postoperative Complications
DB00682,Warfarin,Warfarin,D014859,MESH:D020151,Protein C Deficiency
DB00682,Warfarin,Warfarin,D014859,MESH:D011655,Pulmonary Embolism
DB00682,Warfarin,Warfarin,D014859,MESH:D011658,Pulmonary Fibrosis
DB00682,Warfarin,Warfarin,D014859,MESH:D020521,Stroke
DB00682,Warfarin,Warfarin,D014859,MESH:D013921,Thrombocytopenia
DB00682,Warfarin,Warfarin,D014859,MESH:D013923,Thromboembolism
DB00682,Warfarin,Warfarin,D014859,MESH:D019851,Thrombophilia
DB00682,Warfarin,Warfarin,D014859,MESH:D013927,Thrombosis
DB00682,Warfarin,Warfarin,D014859,MESH:D014657,Vasculitis
DB00682,Warfarin,Warfarin,D014859,MESH:D054556,Venous Thromboembolism
DB00682,Warfarin,Warfarin,D014859,MESH:D020246,Venous Thrombosis
DB00413,Pramipexole,Pramipexole,D000077487,MESH:D003866,Depressive Disorder
DB00413,Pramipexole,Pramipexole,D000077487,MESH:D020820,Dyskinesias
DB00413,Pramipexole,Pramipexole,D000077487,MESH:D018476,Hypokinesia
DB00413,Pramipexole,Pramipexole,D000077487,MESH:D007859,Learning Disabilities
DB00413,Pramipexole,Pramipexole,D000077487,MESH:D008569,Memory Disorders
DB00413,Pramipexole,Pramipexole,D000077487,MESH:D020267,MPTP Poisoning
DB00413,Pramipexole,Pramipexole,D000077487,MESH:D009127,Muscle Rigidity
DB00413,Pramipexole,Pramipexole,D000077487,MESH:D010300,Parkinson Disease
DB00413,Pramipexole,Pramipexole,D000077487,MESH:D020734,Parkinsonian Disorders
DB00413,Pramipexole,Pramipexole,D000077487,MESH:D012148,Restless Legs Syndrome
DB00413,Pramipexole,Pramipexole,D000077487,MESH:D013375,Substance Withdrawal Syndrome
DB01110,Miconazole,Miconazole,D008825,MESH:D002177,Candidiasis
DB00582,Voriconazole,Voriconazole,D065819,MESH:D001228,Aspergillosis
DB00582,Voriconazole,Voriconazole,D065819,MESH:D002177,Candidiasis
DB00582,Voriconazole,Voriconazole,D065819,MESH:D011014,Pneumonia
DB01167,Itraconazole,Itraconazole,D017964,MESH:D001228,Aspergillosis
DB01167,Itraconazole,Itraconazole,D017964,MESH:D002177,Candidiasis
DB01167,Itraconazole,Itraconazole,D017964,MESH:D006965,Hyperplasia
DB01167,Itraconazole,Itraconazole,D017964,MESH:D007249,Inflammation
DB01167,Itraconazole,Itraconazole,D017964,MESH:D007634,Keratitis
DB01167,Itraconazole,Itraconazole,D017964,MESH:D009101,Multiple Myeloma
DB01167,Itraconazole,Itraconazole,D017964,MESH:D018908,Muscle Weakness
DB01167,Itraconazole,Itraconazole,D017964,MESH:D010292,Paresthesia
DB01167,Itraconazole,Itraconazole,D017964,MESH:D013118,Spinal Cord Diseases
DB00196,Fluconazole,Fluconazole,D015725,MESH:D001228,Aspergillosis
DB00196,Fluconazole,Fluconazole,D015725,MESH:D002177,Candidiasis
DB00196,Fluconazole,Fluconazole,D015725,MESH:D005076,Exanthema
DB00196,Fluconazole,Fluconazole,D015725,MESH:D005909,Glioblastoma
DB00196,Fluconazole,Fluconazole,D015725,MESH:D007674,Kidney Diseases
DB00196,Fluconazole,Fluconazole,D015725,MESH:D008107,Liver Diseases
DB00196,Fluconazole,Fluconazole,D015725,MESH:D052016,Mucositis
DB00196,Fluconazole,Fluconazole,D015725,MESH:D010538,Peritonitis
DB00242,Cladribine,Cladribine,D017338,MESH:D008175,Lung Neoplasms
DB00242,Cladribine,Cladribine,D017338,MESH:D009103,Multiple Sclerosis
DB00242,Cladribine,Cladribine,D017338,MESH:D055728,Primary Myelofibrosis
DB00242,Cladribine,Cladribine,D017338,MESH:D008258,Waldenstrom Macroglobulinemia
DB01373,Calcium,Calcium,D002118,MESH:D058186,Acute Kidney Injury
DB01373,Calcium,Calcium,D002118,MESH:D001847,Bone Diseases
DB01373,Calcium,Calcium,D002118,MESH:D001919,Bradycardia
DB01373,Calcium,Calcium,D002118,MESH:D009202,Cardiomyopathies
DB01373,Calcium,Calcium,D002118,MESH:D003092,Colitis
DB01373,Calcium,Calcium,D002118,MESH:D062787,Drug Overdose
DB01373,Calcium,Calcium,D002118,MESH:D006973,Hypertension
DB01373,Calcium,Calcium,D002118,MESH:D006996,Hypocalcemia
DB01373,Calcium,Calcium,D002118,MESH:D007011,Hypoparathyroidism
DB01373,Calcium,Calcium,D002118,MESH:D007022,Hypotension
DB01373,Calcium,Calcium,D002118,MESH:D007674,Kidney Diseases
DB01373,Calcium,Calcium,D002118,MESH:D009069,Movement Disorders
DB01373,Calcium,Calcium,D002118,MESH:D009369,Neoplasms
DB01373,Calcium,Calcium,D002118,MESH:D009397,Nephrocalcinosis
DB01373,Calcium,Calcium,D002118,MESH:D053040,Nephrolithiasis
DB01373,Calcium,Calcium,D002118,MESH:D009461,Neurologic Manifestations
DB01373,Calcium,Calcium,D002118,MESH:D010024,Osteoporosis
DB01373,Calcium,Calcium,D002118,MESH:D010437,Peptic Ulcer
DB01373,Calcium,Calcium,D002118,MESH:D010518,Periodontitis
DB01373,Calcium,Calcium,D002118,MESH:D051437,Renal Insufficiency
DB01373,Calcium,Calcium,D002118,MESH:D012279,Rickets
DB01373,Calcium,Calcium,D002118,MESH:D012640,Seizures
DB01373,Calcium,Calcium,D002118,MESH:D001745,Urinary Bladder Diseases
DB01373,Calcium,Calcium,D002118,MESH:D015430,Weight Gain
DB00300,Tenofovir disoproxil,Tenofovir,D000068698,MESH:D006509,Hepatitis B
DB00300,Tenofovir disoproxil,Tenofovir,D000068698,MESH:D015658,HIV Infections
DB00300,Tenofovir disoproxil,Tenofovir,D000068698,MESH:D006679,HIV Seropositivity
DB00300,Tenofovir disoproxil,Tenofovir,D000068698,MESH:D014766,Viremia
DB01601,Lopinavir,Lopinavir,D061466,MESH:D018352,Coronavirus Infections
DB01601,Lopinavir,Lopinavir,D061466,MESH:D015658,HIV Infections
DB01601,Lopinavir,Lopinavir,D061466,MESH:D009164,Mycobacterium Infections
DB01601,Lopinavir,Lopinavir,D061466,MESH:D020734,Parkinsonian Disorders
DB00900,Didanosine,Didanosine,D016049,MESH:D000163,Acquired Immunodeficiency Syndrome
DB00900,Didanosine,Didanosine,D016049,MESH:D017088,AIDS-Related Opportunistic Infections
DB00900,Didanosine,Didanosine,D016049,MESH:D015658,HIV Infections
DB00900,Didanosine,Didanosine,D016049,MESH:D015431,Weight Loss
DB04743,Nimesulide,nimesulide,C012655,MESH:D000230,Adenocarcinoma
DB04743,Nimesulide,nimesulide,C012655,MESH:D001859,Bone Neoplasms
DB04743,Nimesulide,nimesulide,C012655,MESH:D002545,Brain Ischemia
DB04743,Nimesulide,nimesulide,C012655,MESH:D001943,Breast Neoplasms
DB04743,Nimesulide,nimesulide,C012655,MESH:D002100,Cachexia
DB04743,Nimesulide,nimesulide,C012655,MESH:D002375,Catalepsy
DB04743,Nimesulide,nimesulide,C012655,MESH:D002389,Catatonia
DB04743,Nimesulide,nimesulide,C012655,MESH:D056486,Chemical and Drug Induced Liver Injury
DB04743,Nimesulide,nimesulide,C012655,MESH:D003072,Cognition Disorders
DB04743,Nimesulide,nimesulide,C012655,MESH:D003092,Colitis
DB04743,Nimesulide,nimesulide,C012655,MESH:D003110,Colonic Neoplasms
DB04743,Nimesulide,nimesulide,C012655,MESH:D015179,Colorectal Neoplasms
DB04743,Nimesulide,nimesulide,C012655,MESH:D004412,Dysmenorrhea
DB04743,Nimesulide,nimesulide,C012655,MESH:D004487,Edema
DB04743,Nimesulide,nimesulide,C012655,MESH:D004827,Epilepsy
DB04743,Nimesulide,nimesulide,C012655,MESH:D005334,Fever
DB04743,Nimesulide,nimesulide,C012655,MESH:D005355,Fibrosis
DB04743,Nimesulide,nimesulide,C012655,MESH:D005770,Gastrointestinal Neoplasms
DB04743,Nimesulide,nimesulide,C012655,MESH:D006042,Goiter
DB04743,Nimesulide,nimesulide,C012655,MESH:D006258,Head and Neck Neoplasms
DB04743,Nimesulide,nimesulide,C012655,MESH:D006930,Hyperalgesia
DB04743,Nimesulide,nimesulide,C012655,MESH:D006965,Hyperplasia
DB04743,Nimesulide,nimesulide,C012655,MESH:D006973,Hypertension
DB04743,Nimesulide,nimesulide,C012655,MESH:D007249,Inflammation
DB04743,Nimesulide,nimesulide,C012655,MESH:D007417,Intestinal Polyps
DB04743,Nimesulide,nimesulide,C012655,MESH:D008569,Memory Disorders
DB04743,Nimesulide,nimesulide,C012655,MESH:D009069,Movement Disorders
DB04743,Nimesulide,nimesulide,C012655,MESH:D009203,Myocardial Infarction
DB04743,Nimesulide,nimesulide,C012655,MESH:D009336,Necrosis
DB04743,Nimesulide,nimesulide,C012655,MESH:D009362,Neoplasm Metastasis
DB04743,Nimesulide,nimesulide,C012655,MESH:D010003,Osteoarthritis
DB04743,Nimesulide,nimesulide,C012655,MESH:D010146,Pain
DB04743,Nimesulide,nimesulide,C012655,MESH:D010190,Pancreatic Neoplasms
DB04743,Nimesulide,nimesulide,C012655,MESH:D010212,Papilloma
DB04743,Nimesulide,nimesulide,C012655,MESH:D010149,Postoperative Pain
DB04743,Nimesulide,nimesulide,C012655,MESH:D012141,Respiratory Tract Infections
DB04743,Nimesulide,nimesulide,C012655,MESH:D012640,Seizures
DB04743,Nimesulide,nimesulide,C012655,MESH:D012878,Skin Neoplasms
DB04743,Nimesulide,nimesulide,C012655,MESH:D013276,Stomach Ulcer
DB04743,Nimesulide,nimesulide,C012655,MESH:D013375,Substance Withdrawal Syndrome
DB04743,Nimesulide,nimesulide,C012655,MESH:D014062,Tongue Neoplasms
DB04743,Nimesulide,nimesulide,C012655,MESH:D001749,Urinary Bladder Neoplasms
DB04743,Nimesulide,nimesulide,C012655,MESH:D014581,Urticaria
DB04743,Nimesulide,nimesulide,C012655,MESH:D015431,Weight Loss
DB09140,Oxygen,Oxygen,D010100,MESH:D055371,Acute Lung Injury
DB09140,Oxygen,Oxygen,D010100,MESH:D000799,Angioedema
DB09140,Oxygen,Oxygen,D010100,MESH:D050197,Atherosclerosis
DB09140,Oxygen,Oxygen,D010100,MESH:D001943,Breast Neoplasms
DB09140,Oxygen,Oxygen,D010100,MESH:D056486,Chemical and Drug Induced Liver Injury
DB09140,Oxygen,Oxygen,D010100,MESH:D002637,Chest Pain
DB09140,Oxygen,Oxygen,D010100,MESH:D003556,Cystitis
DB09140,Oxygen,Oxygen,D010100,MESH:D003929,Diabetic Neuropathies
DB09140,Oxygen,Oxygen,D010100,MESH:D004417,Dyspnea
DB09140,Oxygen,Oxygen,D010100,MESH:D004646,Emphysema
DB09140,Oxygen,Oxygen,D010100,MESH:D006417,Hematuria
DB09140,Oxygen,Oxygen,D010100,MESH:D006470,Hemorrhage
DB09140,Oxygen,Oxygen,D010100,MESH:D006505,Hepatitis
DB09140,Oxygen,Oxygen,D010100,MESH:D055370,Lung Injury
DB09140,Oxygen,Oxygen,D010100,MESH:D009336,Necrosis
DB09140,Oxygen,Oxygen,D010100,MESH:D011658,Pulmonary Fibrosis
DB09140,Oxygen,Oxygen,D010100,MESH:D012128,Respiratory Distress Syndrome
DB09140,Oxygen,Oxygen,D010100,MESH:D012131,Respiratory Insufficiency
DB00907,Cocaine,Cocaine,D003042,MESH:D001289,Attention Deficit Disorder with Hyperactivity
DB00907,Cocaine,Cocaine,D003042,MESH:D019970,Cocaine-Related Disorders
DB00907,Cocaine,Cocaine,D003042,MESH:D003866,Depressive Disorder
DB00907,Cocaine,Cocaine,D003042,MESH:D010146,Pain
DB00907,Cocaine,Cocaine,D003042,MESH:D011596,Psychomotor Disorders
DB00907,Cocaine,Cocaine,D003042,MESH:D012640,Seizures
DB00907,Cocaine,Cocaine,D003042,MESH:D013276,Stomach Ulcer
DB00620,Triamcinolone,Triamcinolone,D014221,MESH:D003930,Diabetic Retinopathy
DB00620,Triamcinolone,Triamcinolone,D014221,MESH:D004646,Emphysema
DB00620,Triamcinolone,Triamcinolone,D014221,MESH:D017116,Low Back Pain
DB00620,Triamcinolone,Triamcinolone,D014221,MESH:D008269,Macular Edema
DB00620,Triamcinolone,Triamcinolone,D014221,MESH:D010146,Pain
DB00620,Triamcinolone,Triamcinolone,D014221,MESH:D014605,Uveitis
DB01217,Anastrozole,Anastrozole,D000077384,MESH:D000230,Adenocarcinoma
DB01217,Anastrozole,Anastrozole,D000077384,MESH:D001943,Breast Neoplasms
DB01217,Anastrozole,Anastrozole,D000077384,MESH:D003882,Dermatomyositis
DB01217,Anastrozole,Anastrozole,D000077384,MESH:D006529,Hepatomegaly
DB01217,Anastrozole,Anastrozole,D000077384,MESH:D017119,Porphyria Cutanea Tarda
DB00624,Testosterone,Testosterone,D013739,MESH:D000230,Adenocarcinoma
DB00624,Testosterone,Testosterone,D013739,MESH:D000647,Amnesia
DB00624,Testosterone,Testosterone,D013739,MESH:D001008,Anxiety Disorders
DB00624,Testosterone,Testosterone,D013739,MESH:D002375,Catalepsy
DB00624,Testosterone,Testosterone,D013739,MESH:D003456,Cryptorchidism
DB00624,Testosterone,Testosterone,D013739,MESH:D003866,Depressive Disorder
DB00624,Testosterone,Testosterone,D013739,MESH:D007172,Erectile Dysfunction
DB00624,Testosterone,Testosterone,D013739,MESH:D005221,Fatigue
DB00624,Testosterone,Testosterone,D013739,MESH:D006333,Heart Failure
DB00624,Testosterone,Testosterone,D013739,MESH:D019247,HIV Wasting Syndrome
DB00624,Testosterone,Testosterone,D013739,MESH:D006948,Hyperkinesis
DB00624,Testosterone,Testosterone,D013739,MESH:D007006,Hypogonadism
DB00624,Testosterone,Testosterone,D013739,MESH:D007018,Hypopituitarism
DB00624,Testosterone,Testosterone,D013739,MESH:D003865,Major Depressive Disorder
DB00624,Testosterone,Testosterone,D013739,MESH:D008569,Memory Disorders
DB00624,Testosterone,Testosterone,D013739,MESH:D009133,Muscular Atrophy
DB00624,Testosterone,Testosterone,D013739,MESH:D017202,Myocardial Ischemia
DB00624,Testosterone,Testosterone,D013739,MESH:D009362,Neoplasm Metastasis
DB00624,Testosterone,Testosterone,D013739,MESH:D009437,Neuralgia
DB00624,Testosterone,Testosterone,D013739,MESH:D020258,Neurotoxicity Syndromes
DB00624,Testosterone,Testosterone,D013739,MESH:D011471,Prostatic Neoplasms
DB00624,Testosterone,Testosterone,D013739,MESH:D011472,Prostatitis
DB00624,Testosterone,Testosterone,D013739,MESH:D013927,Thrombosis
DB00624,Testosterone,Testosterone,D013739,MESH:D061205,Vascular Calcification
DB00794,Primidone,Primidone,D011324,MESH:D001714,Bipolar Disorder
DB00794,Primidone,Primidone,D011324,MESH:D004827,Epilepsy
DB00794,Primidone,Primidone,D011324,MESH:D020329,Essential Tremor
DB00794,Primidone,Primidone,D011324,MESH:D012640,Seizures
DB00794,Primidone,Primidone,D011324,MESH:D014202,Tremor
DB00794,Primidone,Primidone,D011324,MESH:D020194,Unverricht-Lundborg Syndrome
DB08895,Tofacitinib,tofacitinib,C479163,MESH:D056735,Autoimmune Lymphoproliferative Syndrome
DB08895,Tofacitinib,tofacitinib,C479163,MESH:D001862,Bone Resorption
DB08895,Tofacitinib,tofacitinib,C479163,MESH:D002446,Celiac Disease
DB08895,Tofacitinib,tofacitinib,C479163,MESH:D015352,Dry Eye Syndromes
DB08895,Tofacitinib,tofacitinib,C479163,MESH:D004487,Edema
DB08895,Tofacitinib,tofacitinib,C479163,MESH:D006086,Graft vs Host Disease
DB08895,Tofacitinib,tofacitinib,C479163,MESH:D006470,Hemorrhage
DB08895,Tofacitinib,tofacitinib,C479163,MESH:D006940,Hyperemia
DB08895,Tofacitinib,tofacitinib,C479163,MESH:D007249,Inflammation
DB08895,Tofacitinib,tofacitinib,C479163,MESH:D010190,Pancreatic Neoplasms
DB08895,Tofacitinib,tofacitinib,C479163,MESH:D011565,Psoriasis
DB01200,Bromocriptine,Bromocriptine,D001971,MESH:D000172,Acromegaly
DB01200,Bromocriptine,Bromocriptine,D001971,MESH:D000236,Adenoma
DB01200,Bromocriptine,Bromocriptine,D001971,MESH:D000568,Amenorrhea
DB01200,Bromocriptine,Bromocriptine,D001971,MESH:D000690,Amyotrophic Lateral Sclerosis
DB01200,Bromocriptine,Bromocriptine,D001971,MESH:D001480,Basal Ganglia Diseases
DB01200,Bromocriptine,Bromocriptine,D001971,MESH:D001930,Brain Injuries
DB01200,Bromocriptine,Bromocriptine,D001971,MESH:D001941,Breast Diseases
DB01200,Bromocriptine,Bromocriptine,D001971,MESH:D002375,Catalepsy
DB01200,Bromocriptine,Bromocriptine,D001971,MESH:D002389,Catatonia
DB01200,Bromocriptine,Bromocriptine,D001971,MESH:D003248,Constipation
DB01200,Bromocriptine,Bromocriptine,D001971,MESH:D003480,Cushing Syndrome
DB01200,Bromocriptine,Bromocriptine,D001971,MESH:D003866,Depressive Disorder
DB01200,Bromocriptine,Bromocriptine,D001971,MESH:D020820,Dyskinesias
DB01200,Bromocriptine,Bromocriptine,D001971,MESH:D004421,Dystonia
DB01200,Bromocriptine,Bromocriptine,D001971,MESH:D007172,Erectile Dysfunction
DB01200,Bromocriptine,Bromocriptine,D001971,MESH:D005141,Eyelid Diseases
DB01200,Bromocriptine,Bromocriptine,D001971,MESH:D005334,Fever
DB01200,Bromocriptine,Bromocriptine,D001971,MESH:D005355,Fibrosis
DB01200,Bromocriptine,Bromocriptine,D001971,MESH:D005687,Galactorrhea
DB01200,Bromocriptine,Bromocriptine,D001971,MESH:D049912,Growth Hormone-Secreting Pituitary Adenoma
DB01200,Bromocriptine,Bromocriptine,D001971,MESH:D006177,Gynecomastia
DB01200,Bromocriptine,Bromocriptine,D001971,MESH:D006333,Heart Failure
DB01200,Bromocriptine,Bromocriptine,D001971,MESH:D006501,Hepatic Encephalopathy
DB01200,Bromocriptine,Bromocriptine,D001971,MESH:D006948,Hyperkinesis
DB01200,Bromocriptine,Bromocriptine,D001971,MESH:D006966,Hyperprolactinemia
DB01200,Bromocriptine,Bromocriptine,D001971,MESH:D006973,Hypertension
DB01200,Bromocriptine,Bromocriptine,D001971,MESH:D007006,Hypogonadism
DB01200,Bromocriptine,Bromocriptine,D001971,MESH:D018476,Hypokinesia
DB01200,Bromocriptine,Bromocriptine,D001971,MESH:D007018,Hypopituitarism
DB01200,Bromocriptine,Bromocriptine,D001971,MESH:D007249,Inflammation
DB01200,Bromocriptine,Bromocriptine,D001971,MESH:D008113,Liver Neoplasms
DB01200,Bromocriptine,Bromocriptine,D001971,MESH:D009127,Muscle Rigidity
DB01200,Bromocriptine,Bromocriptine,D001971,MESH:D009839,Oligomenorrhea
DB01200,Bromocriptine,Bromocriptine,D001971,MESH:D016471,Ovarian Hyperstimulation Syndrome
DB01200,Bromocriptine,Bromocriptine,D001971,MESH:D010146,Pain
DB01200,Bromocriptine,Bromocriptine,D001971,MESH:D010300,Parkinson Disease
DB01200,Bromocriptine,Bromocriptine,D001971,MESH:D020734,Parkinsonian Disorders
DB01200,Bromocriptine,Bromocriptine,D001971,MESH:D010900,Pituitary Diseases
DB01200,Bromocriptine,Bromocriptine,D001971,MESH:D010911,Pituitary Neoplasms
DB01200,Bromocriptine,Bromocriptine,D001971,MESH:D015175,Prolactinoma
DB01200,Bromocriptine,Bromocriptine,D001971,MESH:D011644,Puerperal Disorders
DB01200,Bromocriptine,Bromocriptine,D001971,MESH:D012640,Seizures
DB01200,Bromocriptine,Bromocriptine,D001971,MESH:D013272,Stomach Diseases
DB01200,Bromocriptine,Bromocriptine,D001971,MESH:D014202,Tremor
DB01200,Bromocriptine,Bromocriptine,D001971,MESH:D016055,Urinary Retention
DB01200,Bromocriptine,Bromocriptine,D001971,MESH:D014786,Vision Disorders
DB00381,Amlodipine,Amlodipine,D017311,MESH:D058186,Acute Kidney Injury
DB00381,Amlodipine,Amlodipine,D017311,MESH:D000787,Angina Pectoris
DB00381,Amlodipine,Amlodipine,D017311,MESH:D050197,Atherosclerosis
DB00381,Amlodipine,Amlodipine,D017311,MESH:D002277,Carcinoma
DB00381,Amlodipine,Amlodipine,D017311,MESH:D006332,Cardiomegaly
DB00381,Amlodipine,Amlodipine,D017311,MESH:D002318,Cardiovascular Diseases
DB00381,Amlodipine,Amlodipine,D017311,MESH:D056486,Chemical and Drug Induced Liver Injury
DB00381,Amlodipine,Amlodipine,D017311,MESH:D019970,Cocaine-Related Disorders
DB00381,Amlodipine,Amlodipine,D017311,MESH:D003324,Coronary Artery Disease
DB00381,Amlodipine,Amlodipine,D017311,MESH:D003327,Coronary Disease
DB00381,Amlodipine,Amlodipine,D017311,MESH:D023903,Coronary Restenosis
DB00381,Amlodipine,Amlodipine,D017311,MESH:D003371,Cough
DB00381,Amlodipine,Amlodipine,D017311,MESH:D000075222,Essential Hypertension
DB00381,Amlodipine,Amlodipine,D017311,MESH:D005355,Fibrosis
DB00381,Amlodipine,Amlodipine,D017311,MESH:D006261,Headache
DB00381,Amlodipine,Amlodipine,D017311,MESH:D006331,Heart Diseases
DB00381,Amlodipine,Amlodipine,D017311,MESH:D006940,Hyperemia
DB00381,Amlodipine,Amlodipine,D017311,MESH:D006965,Hyperplasia
DB00381,Amlodipine,Amlodipine,D017311,MESH:D006973,Hypertension
DB00381,Amlodipine,Amlodipine,D017311,MESH:D006984,Hypertrophy
DB00381,Amlodipine,Amlodipine,D017311,MESH:D033461,Hyperuricemia
DB00381,Amlodipine,Amlodipine,D017311,MESH:D007333,Insulin Resistance
DB00381,Amlodipine,Amlodipine,D017311,MESH:D007511,Ischemia
DB00381,Amlodipine,Amlodipine,D017311,MESH:D007938,Leukemia
DB00381,Amlodipine,Amlodipine,D017311,MESH:D009203,Myocardial Infarction
DB00381,Amlodipine,Amlodipine,D017311,MESH:D017202,Myocardial Ischemia
DB00381,Amlodipine,Amlodipine,D017311,MESH:D015428,Myocardial Reperfusion Injury
DB00381,Amlodipine,Amlodipine,D017311,MESH:D011225,Pre-Eclampsia
DB00381,Amlodipine,Amlodipine,D017311,MESH:D011507,Proteinuria
DB00381,Amlodipine,Amlodipine,D017311,MESH:D013226,Status Epilepticus
DB00381,Amlodipine,Amlodipine,D017311,MESH:D066253,Vascular Remodeling
DB00264,Metoprolol,Metoprolol,D008790,MESH:D054058,Acute Coronary Syndrome
DB00264,Metoprolol,Metoprolol,D008790,MESH:D000419,Albuminuria
DB00264,Metoprolol,Metoprolol,D008790,MESH:D000787,Angina Pectoris
DB00264,Metoprolol,Metoprolol,D008790,MESH:D050197,Atherosclerosis
DB00264,Metoprolol,Metoprolol,D008790,MESH:D001281,Atrial Fibrillation
DB00264,Metoprolol,Metoprolol,D008790,MESH:D001919,Bradycardia
DB00264,Metoprolol,Metoprolol,D008790,MESH:D002100,Cachexia
DB00264,Metoprolol,Metoprolol,D008790,MESH:D009202,Cardiomyopathies
DB00264,Metoprolol,Metoprolol,D008790,MESH:D002318,Cardiovascular Diseases
DB00264,Metoprolol,Metoprolol,D008790,MESH:D002637,Chest Pain
DB00264,Metoprolol,Metoprolol,D008790,MESH:D003324,Coronary Artery Disease
DB00264,Metoprolol,Metoprolol,D008790,MESH:D003327,Coronary Disease
DB00264,Metoprolol,Metoprolol,D008790,MESH:D058065,Diabetic Cardiomyopathies
DB00264,Metoprolol,Metoprolol,D008790,MESH:D003928,Diabetic Nephropathies
DB00264,Metoprolol,Metoprolol,D008790,MESH:D004719,Endomyocardial Fibrosis
DB00264,Metoprolol,Metoprolol,D008790,MESH:D005355,Fibrosis
DB00264,Metoprolol,Metoprolol,D008790,MESH:D005901,Glaucoma
DB00264,Metoprolol,Metoprolol,D008790,MESH:D006331,Heart Diseases
DB00264,Metoprolol,Metoprolol,D008790,MESH:D006333,Heart Failure
DB00264,Metoprolol,Metoprolol,D008790,MESH:D006930,Hyperalgesia
DB00264,Metoprolol,Metoprolol,D008790,MESH:D006940,Hyperemia
DB00264,Metoprolol,Metoprolol,D008790,MESH:D006973,Hypertension
DB00264,Metoprolol,Metoprolol,D008790,MESH:D007022,Hypotension
DB00264,Metoprolol,Metoprolol,D008790,MESH:D007674,Kidney Diseases
DB00264,Metoprolol,Metoprolol,D008790,MESH:D008133,Long QT Syndrome
DB00264,Metoprolol,Metoprolol,D008790,MESH:D008881,Migraine Disorders
DB00264,Metoprolol,Metoprolol,D008790,MESH:D009203,Myocardial Infarction
DB00264,Metoprolol,Metoprolol,D008790,MESH:D017202,Myocardial Ischemia
DB00264,Metoprolol,Metoprolol,D008790,MESH:D015428,Myocardial Reperfusion Injury
DB00264,Metoprolol,Metoprolol,D008790,MESH:D009798,Ocular Hypertension
DB00264,Metoprolol,Metoprolol,D008790,MESH:D010235,Paraganglioma
DB00264,Metoprolol,Metoprolol,D008790,MESH:D011225,Pre-Eclampsia
DB00264,Metoprolol,Metoprolol,D008790,MESH:D011654,Pulmonary Edema
DB00264,Metoprolol,Metoprolol,D008790,MESH:D013610,Tachycardia
DB00264,Metoprolol,Metoprolol,D008790,MESH:D016171,Torsades de Pointes
DB00264,Metoprolol,Metoprolol,D008790,MESH:D014202,Tremor
DB00264,Metoprolol,Metoprolol,D008790,MESH:D018754,Ventricular Dysfunction
DB00264,Metoprolol,Metoprolol,D008790,MESH:D014693,Ventricular Fibrillation
DB00264,Metoprolol,Metoprolol,D008790,MESH:D018879,Ventricular Premature Complexes
DB00264,Metoprolol,Metoprolol,D008790,MESH:D020257,Ventricular Remodeling
DB01119,Diazoxide,Diazoxide,D003981,MESH:D006332,Cardiomegaly
DB01119,Diazoxide,Diazoxide,D003981,MESH:D044903,Congenital Hyperinsulinism
DB01119,Diazoxide,Diazoxide,D003981,MESH:D006008,Glycogen Storage Disease
DB01119,Diazoxide,Diazoxide,D003981,MESH:D006930,Hyperalgesia
DB01119,Diazoxide,Diazoxide,D003981,MESH:D006946,Hyperinsulinism
DB01119,Diazoxide,Diazoxide,D003981,MESH:D006973,Hypertension
DB01119,Diazoxide,Diazoxide,D003981,MESH:D007003,Hypoglycemia
DB01119,Diazoxide,Diazoxide,D003981,MESH:D000068079,Motor Disorders
DB01119,Diazoxide,Diazoxide,D003981,MESH:D009410,Nerve Degeneration
DB01119,Diazoxide,Diazoxide,D003981,MESH:D010146,Pain
DB01119,Diazoxide,Diazoxide,D003981,MESH:D020734,Parkinsonian Disorders
DB01119,Diazoxide,Diazoxide,D003981,MESH:D011658,Pulmonary Fibrosis
DB01119,Diazoxide,Diazoxide,D003981,MESH:D015427,Reperfusion Injury
DB00594,Amiloride,Amiloride,D000584,MESH:D000471,Alkalosis
DB00594,Amiloride,Amiloride,D000584,MESH:D000787,Angina Pectoris
DB00594,Amiloride,Amiloride,D000584,MESH:D003092,Colitis
DB00594,Amiloride,Amiloride,D000584,MESH:D003919,Diabetes Insipidus
DB00594,Amiloride,Amiloride,D000584,MESH:D006130,Growth Disorders
DB00594,Amiloride,Amiloride,D000584,MESH:D006333,Heart Failure
DB00594,Amiloride,Amiloride,D000584,MESH:D006973,Hypertension
DB00594,Amiloride,Amiloride,D000584,MESH:D007008,Hypokalemia
DB00594,Amiloride,Amiloride,D000584,MESH:D020514,Hypokalemic Periodic Paralysis
DB00594,Amiloride,Amiloride,D000584,MESH:D007249,Inflammation
DB00594,Amiloride,Amiloride,D000584,MESH:D056929,Liddle Syndrome
DB00594,Amiloride,Amiloride,D000584,MESH:D008569,Memory Disorders
DB00594,Amiloride,Amiloride,D000584,MESH:D009361,Neoplasm Invasiveness
DB00594,Amiloride,Amiloride,D000584,MESH:D009410,Nerve Degeneration
DB00594,Amiloride,Amiloride,D000584,MESH:D010146,Pain
DB00594,Amiloride,Amiloride,D000584,MESH:D011141,Polyuria
DB00594,Amiloride,Amiloride,D000584,MESH:D051437,Renal Insufficiency
DB00594,Amiloride,Amiloride,D000584,MESH:D015427,Reperfusion Injury
DB00479,Amikacin,Amikacin,D000583,MESH:D000380,Agranulocytosis
DB00479,Amikacin,Amikacin,D000583,MESH:D016470,Bacteremia
DB00479,Amikacin,Amikacin,D000583,MESH:D001424,Bacterial Infections
DB00479,Amikacin,Amikacin,D000583,MESH:D003550,Cystic Fibrosis
DB00479,Amikacin,Amikacin,D000583,MESH:D004927,Escherichia coli Infections
DB00479,Amikacin,Amikacin,D000583,MESH:D005334,Fever
DB00479,Amikacin,Amikacin,D000583,MESH:D016905,Gram-Negative Bacterial Infections
DB00479,Amikacin,Amikacin,D000583,MESH:D016908,Gram-Positive Bacterial Infections
DB00479,Amikacin,Amikacin,D000583,MESH:D034381,Hearing Loss
DB00479,Amikacin,Amikacin,D000583,MESH:D006529,Hepatomegaly
DB00479,Amikacin,Amikacin,D000583,MESH:D007674,Kidney Diseases
DB00479,Amikacin,Amikacin,D000583,MESH:D008581,Meningitis
DB00479,Amikacin,Amikacin,D000583,MESH:D016870,Neisseriaceae Infections
DB00479,Amikacin,Amikacin,D000583,MESH:D011014,Pneumonia
DB00479,Amikacin,Amikacin,D000583,MESH:D011552,Pseudomonas Infections
DB00479,Amikacin,Amikacin,D000583,MESH:D018805,Sepsis
DB00479,Amikacin,Amikacin,D000583,MESH:D013203,Staphylococcal Infections
DB00479,Amikacin,Amikacin,D000583,MESH:D014376,Tuberculosis
DB00479,Amikacin,Amikacin,D000583,MESH:D014552,Urinary Tract Infections
DB00314,Capreomycin,Capreomycin,D002207,MESH:D014376,Tuberculosis
DB00864,Tacrolimus,Tacrolimus,D016559,MESH:D001284,Atrophy
DB00864,Tacrolimus,Tacrolimus,D016559,MESH:D001528,Behcet Syndrome
DB00864,Tacrolimus,Tacrolimus,D016559,MESH:D001649,Bile Duct Diseases
DB00864,Tacrolimus,Tacrolimus,D016559,MESH:D002545,Brain Ischemia
DB00864,Tacrolimus,Tacrolimus,D016559,MESH:D006332,Cardiomegaly
DB00864,Tacrolimus,Tacrolimus,D016559,MESH:D002375,Catalepsy
DB00864,Tacrolimus,Tacrolimus,D016559,MESH:D002779,Cholestasis
DB00864,Tacrolimus,Tacrolimus,D016559,MESH:D003384,Coxsackievirus Infections
DB00864,Tacrolimus,Tacrolimus,D016559,MESH:D003872,Dermatitis
DB00864,Tacrolimus,Tacrolimus,D016559,MESH:D004381,Duodenal Ulcer
DB00864,Tacrolimus,Tacrolimus,D016559,MESH:D004487,Edema
DB00864,Tacrolimus,Tacrolimus,D016559,MESH:D005148,Facial Dermatoses
DB00864,Tacrolimus,Tacrolimus,D016559,MESH:D005355,Fibrosis
DB00864,Tacrolimus,Tacrolimus,D016559,MESH:D006086,Graft vs Host Disease
DB00864,Tacrolimus,Tacrolimus,D016559,MESH:D006470,Hemorrhage
DB00864,Tacrolimus,Tacrolimus,D016559,MESH:D006937,Hypercholesterolemia
DB00864,Tacrolimus,Tacrolimus,D016559,MESH:D006973,Hypertension
DB00864,Tacrolimus,Tacrolimus,D016559,MESH:D007022,Hypotension
DB00864,Tacrolimus,Tacrolimus,D016559,MESH:D007511,Ischemia
DB00864,Tacrolimus,Tacrolimus,D016559,MESH:D007592,Joint Diseases
DB00864,Tacrolimus,Tacrolimus,D016559,MESH:D007970,Leukopenia
DB00864,Tacrolimus,Tacrolimus,D016559,MESH:D008181,Lupus Nephritis
DB00864,Tacrolimus,Tacrolimus,D016559,MESH:D009157,Myasthenia Gravis
DB00864,Tacrolimus,Tacrolimus,D016559,MESH:D009336,Necrosis
DB00864,Tacrolimus,Tacrolimus,D016559,MESH:D009401,Nephrosis
DB00864,Tacrolimus,Tacrolimus,D016559,MESH:D009410,Nerve Degeneration
DB00864,Tacrolimus,Tacrolimus,D016559,MESH:D019636,Neurodegenerative Diseases
DB00864,Tacrolimus,Tacrolimus,D016559,MESH:D011183,Postoperative Complications
DB00864,Tacrolimus,Tacrolimus,D016559,MESH:D011507,Proteinuria
DB00864,Tacrolimus,Tacrolimus,D016559,MESH:D011565,Psoriasis
DB00864,Tacrolimus,Tacrolimus,D016559,MESH:D017511,Pyoderma Gangrenosum
DB00864,Tacrolimus,Tacrolimus,D016559,MESH:D015427,Reperfusion Injury
DB00864,Tacrolimus,Tacrolimus,D016559,MESH:D012164,Retinal Diseases
DB00864,Tacrolimus,Tacrolimus,D016559,MESH:D012640,Seizures
DB00864,Tacrolimus,Tacrolimus,D016559,MESH:D012769,Shock
DB00864,Tacrolimus,Tacrolimus,D016559,MESH:D013226,Status Epilepticus
DB00864,Tacrolimus,Tacrolimus,D016559,MESH:D013262,Stevens-Johnson Syndrome
DB00864,Tacrolimus,Tacrolimus,D016559,MESH:D013733,Testicular Diseases
DB00864,Tacrolimus,Tacrolimus,D016559,MESH:D014820,Vitiligo
DB00864,Tacrolimus,Tacrolimus,D016559,MESH:D015430,Weight Gain
DB00653,Magnesium sulfate,Magnesium Sulfate,D008278,MESH:D001929,Brain Edema
DB00653,Magnesium sulfate,Magnesium Sulfate,D008278,MESH:D002547,Cerebral Palsy
DB00653,Magnesium sulfate,Magnesium Sulfate,D008278,MESH:D005207,Fasciculation
DB00653,Magnesium sulfate,Magnesium Sulfate,D008278,MESH:D005317,Fetal Growth Retardation
DB00653,Magnesium sulfate,Magnesium Sulfate,D008278,MESH:D006323,Heart Arrest
DB00653,Magnesium sulfate,Magnesium Sulfate,D008278,MESH:D006501,Hepatic Encephalopathy
DB00653,Magnesium sulfate,Magnesium Sulfate,D008278,MESH:D006930,Hyperalgesia
DB00653,Magnesium sulfate,Magnesium Sulfate,D008278,MESH:D006947,Hyperkalemia
DB00653,Magnesium sulfate,Magnesium Sulfate,D008278,MESH:D006973,Hypertension
DB00653,Magnesium sulfate,Magnesium Sulfate,D008278,MESH:D006996,Hypocalcemia
DB00653,Magnesium sulfate,Magnesium Sulfate,D008278,MESH:D008133,Long QT Syndrome
DB00653,Magnesium sulfate,Magnesium Sulfate,D008278,MESH:D008275,Magnesium Deficiency
DB00653,Magnesium sulfate,Magnesium Sulfate,D008278,MESH:D009410,Nerve Degeneration
DB00653,Magnesium sulfate,Magnesium Sulfate,D008278,MESH:D010146,Pain
DB00653,Magnesium sulfate,Magnesium Sulfate,D008278,MESH:D010523,Peripheral Nervous System Diseases
DB00653,Magnesium sulfate,Magnesium Sulfate,D008278,MESH:D010149,Postoperative Pain
DB00653,Magnesium sulfate,Magnesium Sulfate,D008278,MESH:D011225,Pre-Eclampsia
DB00653,Magnesium sulfate,Magnesium Sulfate,D008278,MESH:D011507,Proteinuria
DB00653,Magnesium sulfate,Magnesium Sulfate,D008278,MESH:D012148,Restless Legs Syndrome
DB00653,Magnesium sulfate,Magnesium Sulfate,D008278,MESH:D012640,Seizures
DB00653,Magnesium sulfate,Magnesium Sulfate,D008278,MESH:D013610,Tachycardia
DB00653,Magnesium sulfate,Magnesium Sulfate,D008278,MESH:D016171,Torsades de Pointes
DB00653,Magnesium sulfate,Magnesium Sulfate,D008278,MESH:D014693,Ventricular Fibrillation
DB00653,Magnesium sulfate,Magnesium,D008274,MESH:D058186,Acute Kidney Injury
DB00653,Magnesium sulfate,Magnesium,D008274,MESH:D001281,Atrial Fibrillation
DB00653,Magnesium sulfate,Magnesium,D008274,MESH:D001321,Autistic Disorder
DB00653,Magnesium sulfate,Magnesium,D008274,MESH:D002318,Cardiovascular Diseases
DB00653,Magnesium sulfate,Magnesium,D008274,MESH:D002561,Cerebrovascular Disorders
DB00653,Magnesium sulfate,Magnesium,D008274,MESH:D003329,Coronary Vasospasm
DB00653,Magnesium sulfate,Magnesium,D008274,MESH:D002658,Developmental Disabilities
DB00653,Magnesium sulfate,Magnesium,D008274,MESH:D005207,Fasciculation
DB00653,Magnesium sulfate,Magnesium,D008274,MESH:D006470,Hemorrhage
DB00653,Magnesium sulfate,Magnesium,D008274,MESH:D006930,Hyperalgesia
DB00653,Magnesium sulfate,Magnesium,D008274,MESH:D006973,Hypertension
DB00653,Magnesium sulfate,Magnesium,D008274,MESH:D066088,Infant Death
DB00653,Magnesium sulfate,Magnesium,D008274,MESH:D007674,Kidney Diseases
DB00653,Magnesium sulfate,Magnesium,D008274,MESH:D008133,Long QT Syndrome
DB00653,Magnesium sulfate,Magnesium,D008274,MESH:D055370,Lung Injury
DB00653,Magnesium sulfate,Magnesium,D008274,MESH:D008275,Magnesium Deficiency
DB00653,Magnesium sulfate,Magnesium,D008274,MESH:D008881,Migraine Disorders
DB00653,Magnesium sulfate,Magnesium,D008274,MESH:D010146,Pain
DB00653,Magnesium sulfate,Magnesium,D008274,MESH:D012640,Seizures
DB00653,Magnesium sulfate,Magnesium,D008274,MESH:D013375,Substance Withdrawal Syndrome
DB00653,Magnesium sulfate,Magnesium,D008274,MESH:D013610,Tachycardia
DB00653,Magnesium sulfate,Magnesium,D008274,MESH:D016171,Torsades de Pointes
DB00653,Magnesium sulfate,Magnesium,D008274,MESH:D014693,Ventricular Fibrillation
DB00448,Lansoprazole,Lansoprazole,D064747,MESH:D001249,Asthma
DB00448,Lansoprazole,Lansoprazole,D064747,MESH:D001471,Barrett Esophagus
DB00448,Lansoprazole,Lansoprazole,D064747,MESH:D056486,Chemical and Drug Induced Liver Injury
DB00448,Lansoprazole,Lansoprazole,D064747,MESH:D003550,Cystic Fibrosis
DB00448,Lansoprazole,Lansoprazole,D064747,MESH:D004381,Duodenal Ulcer
DB00448,Lansoprazole,Lansoprazole,D064747,MESH:D004487,Edema
DB00448,Lansoprazole,Lansoprazole,D064747,MESH:D004751,Enteritis
DB00448,Lansoprazole,Lansoprazole,D064747,MESH:D004935,Esophageal Diseases
DB00448,Lansoprazole,Lansoprazole,D064747,MESH:D004941,Esophagitis
DB00448,Lansoprazole,Lansoprazole,D064747,MESH:D005764,Gastroesophageal Reflux
DB00448,Lansoprazole,Lansoprazole,D064747,MESH:D005767,Gastrointestinal Diseases
DB00448,Lansoprazole,Lansoprazole,D064747,MESH:D006471,Gastrointestinal Hemorrhage
DB00448,Lansoprazole,Lansoprazole,D064747,MESH:D006356,Heartburn
DB00448,Lansoprazole,Lansoprazole,D064747,MESH:D016481,Helicobacter Infections
DB00448,Lansoprazole,Lansoprazole,D064747,MESH:D006940,Hyperemia
DB00448,Lansoprazole,Lansoprazole,D064747,MESH:D007674,Kidney Diseases
DB00448,Lansoprazole,Lansoprazole,D064747,MESH:D010437,Peptic Ulcer
DB00448,Lansoprazole,Lansoprazole,D064747,MESH:D010438,Peptic Ulcer Hemorrhage
DB00448,Lansoprazole,Lansoprazole,D064747,MESH:D013272,Stomach Diseases
DB00448,Lansoprazole,Lansoprazole,D064747,MESH:D013276,Stomach Ulcer
DB00448,Lansoprazole,Lansoprazole,D064747,MESH:D014456,Ulcer
DB14500,Potassium,Potassium,D011188,MESH:D058186,Acute Kidney Injury
DB14500,Potassium,Potassium,D011188,MESH:D018771,Arthralgia
DB14500,Potassium,Potassium,D011188,MESH:D003920,Diabetes Mellitus
DB14500,Potassium,Potassium,D011188,MESH:D016883,Diabetic Ketoacidosis
DB14500,Potassium,Potassium,D011188,MESH:D006331,Heart Diseases
DB14500,Potassium,Potassium,D011188,MESH:D006333,Heart Failure
DB14500,Potassium,Potassium,D011188,MESH:D006973,Hypertension
DB14500,Potassium,Potassium,D011188,MESH:D007008,Hypokalemia
DB14500,Potassium,Potassium,D011188,MESH:D020514,Hypokalemic Periodic Paralysis
DB14500,Potassium,Potassium,D011188,MESH:D007674,Kidney Diseases
DB14500,Potassium,Potassium,D011188,MESH:D018908,Muscle Weakness
DB14500,Potassium,Potassium,D011188,MESH:D009135,Muscular Diseases
DB14500,Potassium,Potassium,D011188,MESH:D009410,Nerve Degeneration
DB14500,Potassium,Potassium,D011188,MESH:D010243,Paralysis
DB14500,Potassium,Potassium,D011188,MESH:D012206,Rhabdomyolysis
DB14500,Potassium,Potassium,D011188,MESH:D014202,Tremor
DB14500,Potassium,Potassium Citrate,D019357,MESH:D053040,Nephrolithiasis
DB00695,Furosemide,Furosemide,D005665,MESH:D058186,Acute Kidney Injury
DB00695,Furosemide,Furosemide,D005665,MESH:D001201,Ascites
DB00695,Furosemide,Furosemide,D005665,MESH:D001281,Atrial Fibrillation
DB00695,Furosemide,Furosemide,D005665,MESH:D001997,Bronchopulmonary Dysplasia
DB00695,Furosemide,Furosemide,D005665,MESH:D002318,Cardiovascular Diseases
DB00695,Furosemide,Furosemide,D005665,MESH:D002543,Cerebral Hemorrhage
DB00695,Furosemide,Furosemide,D005665,MESH:D003324,Coronary Artery Disease
DB00695,Furosemide,Furosemide,D005665,MESH:D003556,Cystitis
DB00695,Furosemide,Furosemide,D005665,MESH:D003928,Diabetic Nephropathies
DB00695,Furosemide,Furosemide,D005665,MESH:D004417,Dyspnea
DB00695,Furosemide,Furosemide,D005665,MESH:D004487,Edema
DB00695,Furosemide,Furosemide,D005665,MESH:D005921,Glomerulonephritis
DB00695,Furosemide,Furosemide,D005665,MESH:D006333,Heart Failure
DB00695,Furosemide,Furosemide,D005665,MESH:D006470,Hemorrhage
DB00695,Furosemide,Furosemide,D005665,MESH:D006849,Hydrocephalus
DB00695,Furosemide,Furosemide,D005665,MESH:D006929,Hyperaldosteronism
DB00695,Furosemide,Furosemide,D005665,MESH:D006934,Hypercalcemia
DB00695,Furosemide,Furosemide,D005665,MESH:D006973,Hypertension
DB00695,Furosemide,Furosemide,D005665,MESH:D007010,Hyponatremia
DB00695,Furosemide,Furosemide,D005665,MESH:D007177,Inappropriate ADH Syndrome
DB00695,Furosemide,Furosemide,D005665,MESH:D007674,Kidney Diseases
DB00695,Furosemide,Furosemide,D005665,MESH:D008103,Liver Cirrhosis
DB00695,Furosemide,Furosemide,D005665,MESH:D008944,Mitral Valve Insufficiency
DB00695,Furosemide,Furosemide,D005665,MESH:D009336,Necrosis
DB00695,Furosemide,Furosemide,D005665,MESH:D009404,Nephrotic Syndrome
DB00695,Furosemide,Furosemide,D005665,MESH:D011141,Polyuria
DB00695,Furosemide,Furosemide,D005665,MESH:D011654,Pulmonary Edema
DB00695,Furosemide,Furosemide,D005665,MESH:D051437,Renal Insufficiency
DB00695,Furosemide,Furosemide,D005665,MESH:D015427,Reperfusion Injury
DB00695,Furosemide,Furosemide,D005665,MESH:D012128,Respiratory Distress Syndrome
DB00695,Furosemide,Furosemide,D005665,MESH:D013274,Stomach Neoplasms
DB00695,Furosemide,Furosemide,D005665,MESH:D013610,Tachycardia
DB00695,Furosemide,Furosemide,D005665,MESH:D014511,Uremia
DB01436,Alfacalcidol,alfacalcidol,C008088,MESH:D000230,Adenocarcinoma
DB01436,Alfacalcidol,alfacalcidol,C008088,MESH:D015179,Colorectal Neoplasms
DB01436,Alfacalcidol,alfacalcidol,C008088,MESH:D053098,Familial Hypophosphatemic Rickets
DB01436,Alfacalcidol,alfacalcidol,C008088,MESH:D006111,Graves Disease
DB01436,Alfacalcidol,alfacalcidol,C008088,MESH:D006973,Hypertension
DB01436,Alfacalcidol,alfacalcidol,C008088,MESH:D006996,Hypocalcemia
DB01436,Alfacalcidol,alfacalcidol,C008088,MESH:D007011,Hypoparathyroidism
DB01436,Alfacalcidol,alfacalcidol,C008088,MESH:D010024,Osteoporosis
DB01436,Alfacalcidol,alfacalcidol,C008088,MESH:D012141,Respiratory Tract Infections
DB01436,Alfacalcidol,alfacalcidol,C008088,MESH:D012279,Rickets
DB01436,Alfacalcidol,alfacalcidol,C008088,MESH:D015430,Weight Gain
DB01223,Aminophylline,Aminophylline,D000628,MESH:D000686,Amyloidosis
DB01223,Aminophylline,Aminophylline,D000628,MESH:D000787,Angina Pectoris
DB01223,Aminophylline,Aminophylline,D000628,MESH:D001049,Apnea
DB01223,Aminophylline,Aminophylline,D000628,MESH:D001249,Asthma
DB01223,Aminophylline,Aminophylline,D000628,MESH:D054537,Atrioventricular Block
DB01223,Aminophylline,Aminophylline,D000628,MESH:D001919,Bradycardia
DB01223,Aminophylline,Aminophylline,D000628,MESH:D002493,Central Nervous System Diseases
DB01223,Aminophylline,Aminophylline,D000628,MESH:D002637,Chest Pain
DB01223,Aminophylline,Aminophylline,D000628,MESH:D055191,Delayed Emergence from Anesthesia
DB01223,Aminophylline,Aminophylline,D000628,MESH:D003866,Depressive Disorder
DB01223,Aminophylline,Aminophylline,D000628,MESH:D004417,Dyspnea
DB01223,Aminophylline,Aminophylline,D000628,MESH:D006261,Headache
DB01223,Aminophylline,Aminophylline,D000628,MESH:D006323,Heart Arrest
DB01223,Aminophylline,Aminophylline,D000628,MESH:D006333,Heart Failure
DB01223,Aminophylline,Aminophylline,D000628,MESH:D007022,Hypotension
DB01223,Aminophylline,Aminophylline,D000628,MESH:D008171,Lung Diseases
DB01223,Aminophylline,Aminophylline,D000628,MESH:D008175,Lung Neoplasms
DB01223,Aminophylline,Aminophylline,D000628,MESH:D017202,Myocardial Ischemia
DB01223,Aminophylline,Aminophylline,D000628,MESH:D012135,Respiratory Sounds
DB01223,Aminophylline,Aminophylline,D000628,MESH:D013035,Spasm
DB01223,Aminophylline,Aminophylline,D000628,MESH:D018879,Ventricular Premature Complexes
DB01223,Aminophylline,Aminophylline,D000628,MESH:D015431,Weight Loss
DB00201,Caffeine,Caffeine,D002110,MESH:D000230,Adenocarcinoma
DB00201,Caffeine,Caffeine,D002110,MESH:D000236,Adenoma
DB00201,Caffeine,Caffeine,D002110,MESH:D001008,Anxiety Disorders
DB00201,Caffeine,Caffeine,D002110,MESH:D001049,Apnea
DB00201,Caffeine,Caffeine,D002110,MESH:D001289,Attention Deficit Disorder with Hyperactivity
DB00201,Caffeine,Caffeine,D002110,MESH:D001480,Basal Ganglia Diseases
DB00201,Caffeine,Caffeine,D002110,MESH:D001930,Brain Injuries
DB00201,Caffeine,Caffeine,D002110,MESH:D002375,Catalepsy
DB00201,Caffeine,Caffeine,D002110,MESH:D019970,Cocaine-Related Disorders
DB00201,Caffeine,Caffeine,D002110,MESH:D003072,Cognition Disorders
DB00201,Caffeine,Caffeine,D002110,MESH:D003866,Depressive Disorder
DB00201,Caffeine,Caffeine,D002110,MESH:D005234,Fatty Liver
DB00201,Caffeine,Caffeine,D002110,MESH:D005334,Fever
DB00201,Caffeine,Caffeine,D002110,MESH:D006930,Hyperalgesia
DB00201,Caffeine,Caffeine,D002110,MESH:D006940,Hyperemia
DB00201,Caffeine,Caffeine,D002110,MESH:D006948,Hyperkinesis
DB00201,Caffeine,Caffeine,D002110,MESH:D006973,Hypertension
DB00201,Caffeine,Caffeine,D002110,MESH:D007022,Hypotension
DB00201,Caffeine,Caffeine,D002110,MESH:D007249,Inflammation
DB00201,Caffeine,Caffeine,D002110,MESH:D007333,Insulin Resistance
DB00201,Caffeine,Caffeine,D002110,MESH:D007859,Learning Disabilities
DB00201,Caffeine,Caffeine,D002110,MESH:D008113,Liver Neoplasms
DB00201,Caffeine,Caffeine,D002110,MESH:D008175,Lung Neoplasms
DB00201,Caffeine,Caffeine,D002110,MESH:D008545,Melanoma
DB00201,Caffeine,Caffeine,D002110,MESH:D008569,Memory Disorders
DB00201,Caffeine,Caffeine,D002110,MESH:D008881,Migraine Disorders
DB00201,Caffeine,Caffeine,D002110,MESH:D019964,Mood Disorders
DB00201,Caffeine,Caffeine,D002110,MESH:D020267,MPTP Poisoning
DB00201,Caffeine,Caffeine,D002110,MESH:D017202,Myocardial Ischemia
DB00201,Caffeine,Caffeine,D002110,MESH:D009336,Necrosis
DB00201,Caffeine,Caffeine,D002110,MESH:D009765,Obesity
DB00201,Caffeine,Caffeine,D002110,MESH:D010146,Pain
DB00201,Caffeine,Caffeine,D002110,MESH:D010300,Parkinson Disease
DB00201,Caffeine,Caffeine,D002110,MESH:D012509,Sarcoma
DB00201,Caffeine,Caffeine,D002110,MESH:D012640,Seizures
DB00201,Caffeine,Caffeine,D002110,MESH:D012878,Skin Neoplasms
DB00201,Caffeine,Caffeine,D002110,MESH:D012892,Sleep Deprivation
DB00201,Caffeine,Caffeine,D002110,MESH:D013274,Stomach Neoplasms
DB00201,Caffeine,Caffeine,D002110,MESH:D019966,Substance-Related Disorders
DB00201,Caffeine,Caffeine,D002110,MESH:D013733,Testicular Diseases
DB00201,Caffeine,caffeine citrate,C026189,MESH:D001049,Apnea
DB00201,Caffeine,caffeine citrate,C026189,MESH:D001919,Bradycardia
DB00755,Tretinoin,Tretinoin,D014212,MESH:D000152,Acne Vulgaris
DB00755,Tretinoin,Tretinoin,D014212,MESH:D000505,Alopecia
DB00755,Tretinoin,Tretinoin,D014212,MESH:D001249,Asthma
DB00755,Tretinoin,Tretinoin,D014212,MESH:D001471,Barrett Esophagus
DB00755,Tretinoin,Tretinoin,D014212,MESH:D001778,Blood Coagulation Disorders
DB00755,Tretinoin,Tretinoin,D014212,MESH:D001943,Breast Neoplasms
DB00755,Tretinoin,Tretinoin,D014212,MESH:D001997,Bronchopulmonary Dysplasia
DB00755,Tretinoin,Tretinoin,D014212,MESH:D006332,Cardiomegaly
DB00755,Tretinoin,Tretinoin,D014212,MESH:D002375,Catalepsy
DB00755,Tretinoin,Tretinoin,D014212,MESH:D002386,Cataract
DB00755,Tretinoin,Tretinoin,D014212,MESH:D003092,Colitis
DB00755,Tretinoin,Tretinoin,D014212,MESH:D003324,Coronary Artery Disease
DB00755,Tretinoin,Tretinoin,D014212,MESH:D004487,Edema
DB00755,Tretinoin,Tretinoin,D014212,MESH:D016889,Endometrial Neoplasms
DB00755,Tretinoin,Tretinoin,D014212,MESH:D005124,Eye Abnormalities
DB00755,Tretinoin,Tretinoin,D014212,MESH:D005317,Fetal Growth Retardation
DB00755,Tretinoin,Tretinoin,D014212,MESH:D005355,Fibrosis
DB00755,Tretinoin,Tretinoin,D014212,MESH:D005909,Glioblastoma
DB00755,Tretinoin,Tretinoin,D014212,MESH:D006258,Head and Neck Neoplasms
DB00755,Tretinoin,Tretinoin,D014212,MESH:D006474,Hemorrhagic Disorders
DB00755,Tretinoin,Tretinoin,D014212,MESH:D006930,Hyperalgesia
DB00755,Tretinoin,Tretinoin,D014212,MESH:D017681,Hypereosinophilic Syndrome
DB00755,Tretinoin,Tretinoin,D014212,MESH:D017495,Hyperpigmentation
DB00755,Tretinoin,Tretinoin,D014212,MESH:D007410,Intestinal Diseases
DB00755,Tretinoin,Tretinoin,D014212,MESH:D007938,Leukemia
DB00755,Tretinoin,Tretinoin,D014212,MESH:D008171,Lung Diseases
DB00755,Tretinoin,Tretinoin,D014212,MESH:D008527,Medulloblastoma
DB00755,Tretinoin,Tretinoin,D014212,MESH:D008545,Melanoma
DB00755,Tretinoin,Tretinoin,D014212,MESH:D009101,Multiple Myeloma
DB00755,Tretinoin,Tretinoin,D014212,MESH:D009190,Myelodysplastic Syndromes
DB00755,Tretinoin,Tretinoin,D014212,MESH:D009336,Necrosis
DB00755,Tretinoin,Tretinoin,D014212,MESH:D009361,Neoplasm Invasiveness
DB00755,Tretinoin,Tretinoin,D014212,MESH:D009362,Neoplasm Metastasis
DB00755,Tretinoin,Tretinoin,D014212,MESH:D009369,Neoplasms
DB00755,Tretinoin,Tretinoin,D014212,MESH:D010051,Ovarian Neoplasms
DB00755,Tretinoin,Tretinoin,D014212,MESH:D010146,Pain
DB00755,Tretinoin,Tretinoin,D014212,MESH:D010190,Pancreatic Neoplasms
DB00755,Tretinoin,Tretinoin,D014212,MESH:D010523,Peripheral Nervous System Diseases
DB00755,Tretinoin,Tretinoin,D014212,MESH:D054198,Precursor Cell Lymphoblastic Leukemia-Lymphoma
DB00755,Tretinoin,Tretinoin,D014212,MESH:D011297,Prenatal Exposure Delayed Effects
DB00755,Tretinoin,Tretinoin,D014212,MESH:D011507,Proteinuria
DB00755,Tretinoin,Tretinoin,D014212,MESH:D011565,Psoriasis
DB00755,Tretinoin,Tretinoin,D014212,MESH:D011625,Pterygium
DB00755,Tretinoin,Tretinoin,D014212,MESH:D012208,Rhabdomyosarcoma
DB00755,Tretinoin,Tretinoin,D014212,MESH:D012868,Skin Abnormalities
DB00755,Tretinoin,Tretinoin,D014212,MESH:D012871,Skin Diseases
DB00755,Tretinoin,Tretinoin,D014212,MESH:D012878,Skin Neoplasms
DB00755,Tretinoin,Tretinoin,D014212,MESH:D013274,Stomach Neoplasms
DB00755,Tretinoin,Tretinoin,D014212,MESH:D013964,Thyroid Neoplasms
DB00755,Tretinoin,Tretinoin,D014212,MESH:D014062,Tongue Neoplasms
DB00755,Tretinoin,Tretinoin,D014212,MESH:D014376,Tuberculosis
DB00755,Tretinoin,Tretinoin,D014212,MESH:D002578,Uterine Cervical Dysplasia
DB00755,Tretinoin,Tretinoin,D014212,MESH:D002583,Uterine Cervical Neoplasms
DB00755,Tretinoin,Tretinoin,D014212,MESH:D014693,Ventricular Fibrillation
DB00755,Tretinoin,Tretinoin,D014212,MESH:D014820,Vitiligo
DB00755,Tretinoin,Tretinoin,D014212,MESH:D009396,Wilms Tumor
DB00755,Tretinoin,Tretinoin,D014212,MESH:D014983,Xeroderma Pigmentosum
DB00675,Tamoxifen,Tamoxifen,D013629,MESH:D000230,Adenocarcinoma
DB00675,Tamoxifen,Tamoxifen,D013629,MESH:D050197,Atherosclerosis
DB00675,Tamoxifen,Tamoxifen,D013629,MESH:D001859,Bone Neoplasms
DB00675,Tamoxifen,Tamoxifen,D013629,MESH:D002545,Brain Ischemia
DB00675,Tamoxifen,Tamoxifen,D013629,MESH:D001943,Breast Neoplasms
DB00675,Tamoxifen,Tamoxifen,D013629,MESH:D002277,Carcinoma
DB00675,Tamoxifen,Tamoxifen,D013629,MESH:D056486,Chemical and Drug Induced Liver Injury
DB00675,Tamoxifen,Tamoxifen,D013629,MESH:D003072,Cognition Disorders
DB00675,Tamoxifen,Tamoxifen,D013629,MESH:D003711,Demyelinating Diseases
DB00675,Tamoxifen,Tamoxifen,D013629,MESH:D003882,Dermatomyositis
DB00675,Tamoxifen,Tamoxifen,D013629,MESH:D018222,Desmoid Tumors
DB00675,Tamoxifen,Tamoxifen,D013629,MESH:D003928,Diabetic Nephropathies
DB00675,Tamoxifen,Tamoxifen,D013629,MESH:D004417,Dyspnea
DB00675,Tamoxifen,Tamoxifen,D013629,MESH:D016889,Endometrial Neoplasms
DB00675,Tamoxifen,Tamoxifen,D013629,MESH:D005234,Fatty Liver
DB00675,Tamoxifen,Tamoxifen,D013629,MESH:D005910,Glioma
DB00675,Tamoxifen,Tamoxifen,D013629,MESH:D006177,Gynecomastia
DB00675,Tamoxifen,Tamoxifen,D013629,MESH:D006948,Hyperkinesis
DB00675,Tamoxifen,Tamoxifen,D013629,MESH:D007249,Inflammation
DB00675,Tamoxifen,Tamoxifen,D013629,MESH:D007680,Kidney Neoplasms
DB00675,Tamoxifen,Tamoxifen,D013629,MESH:D007889,Leiomyoma
DB00675,Tamoxifen,Tamoxifen,D013629,MESH:D008113,Liver Neoplasms
DB00675,Tamoxifen,Tamoxifen,D013629,MESH:D008175,Lung Neoplasms
DB00675,Tamoxifen,Tamoxifen,D013629,MESH:D020149,Manganese Poisoning
DB00675,Tamoxifen,Tamoxifen,D013629,MESH:D008545,Melanoma
DB00675,Tamoxifen,Tamoxifen,D013629,MESH:D020325,Migraine with Aura
DB00675,Tamoxifen,Tamoxifen,D013629,MESH:D009069,Movement Disorders
DB00675,Tamoxifen,Tamoxifen,D013629,MESH:D009101,Multiple Myeloma
DB00675,Tamoxifen,Tamoxifen,D013629,MESH:D018908,Muscle Weakness
DB00675,Tamoxifen,Tamoxifen,D013629,MESH:D009336,Necrosis
DB00675,Tamoxifen,Tamoxifen,D013629,MESH:D009361,Neoplasm Invasiveness
DB00675,Tamoxifen,Tamoxifen,D013629,MESH:D009362,Neoplasm Metastasis
DB00675,Tamoxifen,Tamoxifen,D013629,MESH:D009369,Neoplasms
DB00675,Tamoxifen,Tamoxifen,D013629,MESH:D018317,Nerve Sheath Neoplasms
DB00675,Tamoxifen,Tamoxifen,D013629,MESH:D010146,Pain
DB00675,Tamoxifen,Tamoxifen,D013629,MESH:D010190,Pancreatic Neoplasms
DB00675,Tamoxifen,Tamoxifen,D013629,MESH:D010911,Pituitary Neoplasms
DB00675,Tamoxifen,Tamoxifen,D013629,MESH:D010997,Pleural Neoplasms
DB00675,Tamoxifen,Tamoxifen,D013629,MESH:D011471,Prostatic Neoplasms
DB00675,Tamoxifen,Tamoxifen,D013629,MESH:D013119,Spinal Cord Injuries
DB00675,Tamoxifen,Tamoxifen,D013629,MESH:D001749,Urinary Bladder Neoplasms
DB00973,Ezetimibe,Ezetimibe,D000069438,MESH:D050197,Atherosclerosis
DB00973,Ezetimibe,Ezetimibe,D000069438,MESH:D056486,Chemical and Drug Induced Liver Injury
DB00973,Ezetimibe,Ezetimibe,D000069438,MESH:D003324,Coronary Artery Disease
DB00973,Ezetimibe,Ezetimibe,D000069438,MESH:D050171,Dyslipidemias
DB00973,Ezetimibe,Ezetimibe,D000069438,MESH:D006937,Hypercholesterolemia
DB00973,Ezetimibe,Ezetimibe,D000069438,MESH:D006949,Hyperlipidemias
DB00973,Ezetimibe,Ezetimibe,D000069438,MESH:D006951,Hyperlipoproteinemias
DB00973,Ezetimibe,Ezetimibe,D000069438,MESH:D006938,Hyperlipoproteinemia Type II
DB00973,Ezetimibe,Ezetimibe,D000069438,MESH:D015228,Hypertriglyceridemia
DB00973,Ezetimibe,Ezetimibe,D000069438,MESH:D052456,Hypoalphalipoproteinemias
DB00973,Ezetimibe,Ezetimibe,D000069438,MESH:D011507,Proteinuria
DB00202,Succinylcholine,Succinylcholine,D013390,MESH:D004421,Dystonia
DB00202,Succinylcholine,Succinylcholine,D013390,MESH:D009127,Muscle Rigidity
DB00202,Succinylcholine,Succinylcholine,D013390,MESH:D009135,Muscular Diseases
DB00202,Succinylcholine,Succinylcholine,D013390,MESH:D010149,Postoperative Pain
DB00202,Succinylcholine,Succinylcholine,D013390,MESH:D012640,Seizures
DB01226,Mivacurium,Mivacurium,D000077590,MESH:D005207,Fasciculation
DB01226,Mivacurium,Mivacurium,D000077590,MESH:D007022,Hypotension
DB01226,Mivacurium,Mivacurium,D000077590,MESH:D009798,Ocular Hypertension
DB01011,Metyrapone,Metyrapone,D008797,MESH:D056486,Chemical and Drug Induced Liver Injury
DB01011,Metyrapone,Metyrapone,D008797,MESH:D019970,Cocaine-Related Disorders
DB01011,Metyrapone,Metyrapone,D008797,MESH:D003480,Cushing Syndrome
DB01011,Metyrapone,Metyrapone,D008797,MESH:D006973,Hypertension
DB01011,Metyrapone,Metyrapone,D008797,MESH:D007859,Learning Disabilities
DB01011,Metyrapone,Metyrapone,D008797,MESH:D008569,Memory Disorders
DB01011,Metyrapone,Metyrapone,D008797,MESH:D012640,Seizures
DB01011,Metyrapone,Metyrapone,D008797,MESH:D013375,Substance Withdrawal Syndrome
DB00741,Hydrocortisone,Hydrocortisone,D006854,MESH:D055371,Acute Lung Injury
DB00741,Hydrocortisone,Hydrocortisone,D006854,MESH:D000224,Addison Disease
DB00741,Hydrocortisone,Hydrocortisone,D006854,MESH:D000309,Adrenal Insufficiency
DB00741,Hydrocortisone,Hydrocortisone,D006854,MESH:D000471,Alkalosis
DB00741,Hydrocortisone,Hydrocortisone,D006854,MESH:D000506,Alopecia Areata
DB00741,Hydrocortisone,Hydrocortisone,D006854,MESH:D000707,Anaphylaxis
DB00741,Hydrocortisone,Hydrocortisone,D006854,MESH:D000799,Angioedema
DB00741,Hydrocortisone,Hydrocortisone,D006854,MESH:D001249,Asthma
DB00741,Hydrocortisone,Hydrocortisone,D006854,MESH:D001929,Brain Edema
DB00741,Hydrocortisone,Hydrocortisone,D006854,MESH:D001943,Breast Neoplasms
DB00741,Hydrocortisone,Hydrocortisone,D006854,MESH:D002051,Burkitt Lymphoma
DB00741,Hydrocortisone,Hydrocortisone,D006854,MESH:D002375,Catalepsy
DB00741,Hydrocortisone,Hydrocortisone,D006854,MESH:D016543,Central Nervous System Neoplasms
DB00741,Hydrocortisone,Hydrocortisone,D006854,MESH:D003424,Crohn Disease
DB00741,Hydrocortisone,Hydrocortisone,D006854,MESH:D003967,Diarrhea
DB00741,Hydrocortisone,Hydrocortisone,D006854,MESH:D004417,Dyspnea
DB00741,Hydrocortisone,Hydrocortisone,D006854,MESH:D004485,Eczema
DB00741,Hydrocortisone,Hydrocortisone,D006854,MESH:D006323,Heart Arrest
DB00741,Hydrocortisone,Hydrocortisone,D006854,MESH:D006331,Heart Diseases
DB00741,Hydrocortisone,Hydrocortisone,D006854,MESH:D006470,Hemorrhage
DB00741,Hydrocortisone,Hydrocortisone,D006854,MESH:D006934,Hypercalcemia
DB00741,Hydrocortisone,Hydrocortisone,D006854,MESH:D007010,Hyponatremia
DB00741,Hydrocortisone,Hydrocortisone,D006854,MESH:D007018,Hypopituitarism
DB00741,Hydrocortisone,Hydrocortisone,D006854,MESH:D007022,Hypotension
DB00741,Hydrocortisone,Hydrocortisone,D006854,MESH:D007938,Leukemia
DB00741,Hydrocortisone,Hydrocortisone,D006854,MESH:D056784,Leukoencephalopathies
DB00741,Hydrocortisone,Hydrocortisone,D006854,MESH:D008133,Long QT Syndrome
DB00741,Hydrocortisone,Hydrocortisone,D006854,MESH:D008171,Lung Diseases
DB00741,Hydrocortisone,Hydrocortisone,D006854,MESH:D017202,Myocardial Ischemia
DB00741,Hydrocortisone,Hydrocortisone,D006854,MESH:D009362,Neoplasm Metastasis
DB00741,Hydrocortisone,Hydrocortisone,D006854,MESH:D015452,Precursor B-Cell Lymphoblastic Leukemia-Lymphoma
DB00741,Hydrocortisone,Hydrocortisone,D006854,MESH:D054198,Precursor Cell Lymphoblastic Leukemia-Lymphoma
DB00741,Hydrocortisone,Hydrocortisone,D006854,MESH:D054218,Precursor T-Cell Lymphoblastic Leukemia-Lymphoma
DB00741,Hydrocortisone,Hydrocortisone,D006854,MESH:D011471,Prostatic Neoplasms
DB00741,Hydrocortisone,Hydrocortisone,D006854,MESH:D012008,Recurrence
DB00741,Hydrocortisone,Hydrocortisone,D006854,MESH:D051437,Renal Insufficiency
DB00741,Hydrocortisone,Hydrocortisone,D006854,MESH:D012131,Respiratory Insufficiency
DB00741,Hydrocortisone,Hydrocortisone,D006854,MESH:D012208,Rhabdomyosarcoma
DB00741,Hydrocortisone,Hydrocortisone,D006854,MESH:D012393,Rosacea
DB00741,Hydrocortisone,Hydrocortisone,D006854,MESH:D012640,Seizures
DB00741,Hydrocortisone,Hydrocortisone,D006854,MESH:D012769,Shock
DB00495,Zidovudine,Zidovudine,D015215,MESH:D000163,Acquired Immunodeficiency Syndrome
DB00495,Zidovudine,Zidovudine,D015215,MESH:D015526,AIDS Dementia Complex
DB00495,Zidovudine,Zidovudine,D015215,MESH:D015179,Colorectal Neoplasms
DB00495,Zidovudine,Zidovudine,D015215,MESH:D005315,Fetal Diseases
DB00495,Zidovudine,Zidovudine,D015215,MESH:D006509,Hepatitis B
DB00495,Zidovudine,Zidovudine,D015215,MESH:D006526,Hepatitis C
DB00495,Zidovudine,Zidovudine,D015215,MESH:D015658,HIV Infections
DB00495,Zidovudine,Zidovudine,D015215,MESH:D008708,Methemoglobinemia
DB00495,Zidovudine,Zidovudine,D015215,MESH:D011297,Prenatal Exposure Delayed Effects
DB00495,Zidovudine,Zidovudine,D015215,MESH:D013274,Stomach Neoplasms
DB00495,Zidovudine,Zidovudine,D015215,MESH:D013921,Thrombocytopenia
DB00495,Zidovudine,Zidovudine,D015215,MESH:D014766,Viremia
DB01219,Dantrolene,Dantrolene,D003620,MESH:D009202,Cardiomyopathies
DB01219,Dantrolene,Dantrolene,D003620,MESH:D002389,Catatonia
DB01219,Dantrolene,Dantrolene,D003620,MESH:D002547,Cerebral Palsy
DB01219,Dantrolene,Dantrolene,D003620,MESH:D056486,Chemical and Drug Induced Liver Injury
DB01219,Dantrolene,Dantrolene,D003620,MESH:D005207,Fasciculation
DB01219,Dantrolene,Dantrolene,D003620,MESH:D005334,Fever
DB01219,Dantrolene,Dantrolene,D003620,MESH:D006947,Hyperkalemia
DB01219,Dantrolene,Dantrolene,D003620,MESH:D008305,Malignant Hyperthermia
DB01219,Dantrolene,Dantrolene,D003620,MESH:D009122,Muscle Hypertonia
DB01219,Dantrolene,Dantrolene,D003620,MESH:D009127,Muscle Rigidity
DB01219,Dantrolene,Dantrolene,D003620,MESH:D018908,Muscle Weakness
DB01219,Dantrolene,Dantrolene,D003620,MESH:D009135,Muscular Diseases
DB01219,Dantrolene,Dantrolene,D003620,MESH:D010146,Pain
DB01219,Dantrolene,Dantrolene,D003620,MESH:D010195,Pancreatitis
DB01219,Dantrolene,Dantrolene,D003620,MESH:D012640,Seizures
DB01219,Dantrolene,Dantrolene,D003620,MESH:D013035,Spasm
DB01219,Dantrolene,Dantrolene,D003620,MESH:D013276,Stomach Ulcer
DB01235,Levodopa,Levodopa,D007980,MESH:D000690,Amyotrophic Lateral Sclerosis
DB01235,Levodopa,Levodopa,D007980,MESH:D001927,Brain Diseases
DB01235,Levodopa,Levodopa,D007980,MESH:D001930,Brain Injuries
DB01235,Levodopa,Levodopa,D007980,MESH:D002375,Catalepsy
DB01235,Levodopa,Levodopa,D007980,MESH:D002389,Catatonia
DB01235,Levodopa,Levodopa,D007980,MESH:D019970,Cocaine-Related Disorders
DB01235,Levodopa,Levodopa,D007980,MESH:D003072,Cognition Disorders
DB01235,Levodopa,Levodopa,D007980,MESH:D003128,Coma
DB01235,Levodopa,Levodopa,D007980,MESH:D003928,Diabetic Nephropathies
DB01235,Levodopa,Levodopa,D007980,MESH:D020820,Dyskinesias
DB01235,Levodopa,Levodopa,D007980,MESH:D004421,Dystonia
DB01235,Levodopa,Levodopa,D007980,MESH:D005911,Gliosis
DB01235,Levodopa,Levodopa,D007980,MESH:D006333,Heart Failure
DB01235,Levodopa,Levodopa,D007980,MESH:D006527,Hepatolenticular Degeneration
DB01235,Levodopa,Levodopa,D007980,MESH:D018476,Hypokinesia
DB01235,Levodopa,Levodopa,D007980,MESH:D007022,Hypotension
DB01235,Levodopa,Levodopa,D007980,MESH:D020149,Manganese Poisoning
DB01235,Levodopa,Levodopa,D007980,MESH:D008569,Memory Disorders
DB01235,Levodopa,Levodopa,D007980,MESH:D009069,Movement Disorders
DB01235,Levodopa,Levodopa,D007980,MESH:D009103,Multiple Sclerosis
DB01235,Levodopa,Levodopa,D007980,MESH:D019578,Multiple System Atrophy
DB01235,Levodopa,Levodopa,D007980,MESH:D009127,Muscle Rigidity
DB01235,Levodopa,Levodopa,D007980,MESH:D009410,Nerve Degeneration
DB01235,Levodopa,Levodopa,D007980,MESH:D009461,Neurologic Manifestations
DB01235,Levodopa,Levodopa,D007980,MESH:D020258,Neurotoxicity Syndromes
DB01235,Levodopa,Levodopa,D007980,MESH:D010146,Pain
DB01235,Levodopa,Levodopa,D007980,MESH:D010300,Parkinson Disease
DB01235,Levodopa,Levodopa,D007980,MESH:D020734,Parkinsonian Disorders
DB01235,Levodopa,Levodopa,D007980,MESH:D010554,Personality Disorders
DB01235,Levodopa,Levodopa,D007980,MESH:D012135,Respiratory Sounds
DB01235,Levodopa,Levodopa,D007980,MESH:D012148,Restless Legs Syndrome
DB01235,Levodopa,Levodopa,D007980,MESH:D012791,Shy-Drager Syndrome
DB01235,Levodopa,Levodopa,D007980,MESH:D014202,Tremor
DB01235,Levodopa,Levodopa,D007980,MESH:D014786,Vision Disorders
DB00591,Fluocinolone acetonide,Fluocinolone Acetonide,D005446,MESH:D020256,Choroidal Neovascularization
DB00591,Fluocinolone acetonide,Fluocinolone Acetonide,D005446,MESH:D007249,Inflammation
DB00121,Biotin,Biotin,D001710,MESH:D001930,Brain Injuries
DB00121,Biotin,Biotin,D001710,MESH:D006943,Hyperglycemia
DB00121,Biotin,Biotin,D001710,MESH:D007333,Insulin Resistance
DB00121,Biotin,Biotin,D001710,MESH:D008569,Memory Disorders
DB00153,Ergocalciferol,Ergocalciferols,D004872,MESH:D053098,Familial Hypophosphatemic Rickets
DB00153,Ergocalciferol,Ergocalciferols,D004872,MESH:D006526,Hepatitis C
DB00153,Ergocalciferol,Ergocalciferols,D004872,MESH:D007011,Hypoparathyroidism
DB00153,Ergocalciferol,Ergocalciferols,D004872,MESH:D009135,Muscular Diseases
DB00153,Ergocalciferol,Ergocalciferols,D004872,MESH:D010020,Osteonecrosis
DB00829,Diazepam,Diazepam,D003975,MESH:D054058,Acute Coronary Syndrome
DB00829,Diazepam,Diazepam,D003975,MESH:D000430,Alcohol Withdrawal Delirium
DB00829,Diazepam,Diazepam,D003975,MESH:D020270,Alcohol Withdrawal Seizures
DB00829,Diazepam,Diazepam,D003975,MESH:D000787,Angina Pectoris
DB00829,Diazepam,Diazepam,D003975,MESH:D000855,Anorexia
DB00829,Diazepam,Diazepam,D003975,MESH:D001008,Anxiety Disorders
DB00829,Diazepam,Diazepam,D003975,MESH:D001259,Ataxia
DB00829,Diazepam,Diazepam,D003975,MESH:D001480,Basal Ganglia Diseases
DB00829,Diazepam,Diazepam,D003975,MESH:D001714,Bipolar Disorder
DB00829,Diazepam,Diazepam,D003975,MESH:D001927,Brain Diseases
DB00829,Diazepam,Diazepam,D003975,MESH:D001930,Brain Injuries
DB00829,Diazepam,Diazepam,D003975,MESH:D002389,Catatonia
DB00829,Diazepam,Diazepam,D003975,MESH:D002637,Chest Pain
DB00829,Diazepam,Diazepam,D003975,MESH:D002819,Chorea
DB00829,Diazepam,Diazepam,D003975,MESH:D019970,Cocaine-Related Disorders
DB00829,Diazepam,Diazepam,D003975,MESH:D003072,Cognition Disorders
DB00829,Diazepam,Diazepam,D003975,MESH:D003680,Deglutition Disorders
DB00829,Diazepam,Diazepam,D003975,MESH:D003866,Depressive Disorder
DB00829,Diazepam,Diazepam,D003975,MESH:D004401,Dysarthria
DB00829,Diazepam,Diazepam,D003975,MESH:D020820,Dyskinesias
DB00829,Diazepam,Diazepam,D003975,MESH:D004421,Dystonia
DB00829,Diazepam,Diazepam,D003975,MESH:D020821,Dystonic Disorders
DB00829,Diazepam,Diazepam,D003975,MESH:D004827,Epilepsy
DB00829,Diazepam,Diazepam,D003975,MESH:D005207,Fasciculation
DB00829,Diazepam,Diazepam,D003975,MESH:D005909,Glioblastoma
DB00829,Diazepam,Diazepam,D003975,MESH:D005911,Gliosis
DB00829,Diazepam,Diazepam,D003975,MESH:D006212,Hallucinations
DB00829,Diazepam,Diazepam,D003975,MESH:D006930,Hyperalgesia
DB00829,Diazepam,Diazepam,D003975,MESH:D006948,Hyperkinesis
DB00829,Diazepam,Diazepam,D003975,MESH:D006973,Hypertension
DB00829,Diazepam,Diazepam,D003975,MESH:D015228,Hypertriglyceridemia
DB00829,Diazepam,Diazepam,D003975,MESH:D007008,Hypokalemia
DB00829,Diazepam,Diazepam,D003975,MESH:D007035,Hypothermia
DB00829,Diazepam,Diazepam,D003975,MESH:D001523,Mental Disorders
DB00829,Diazepam,Diazepam,D003975,MESH:D009069,Movement Disorders
DB00829,Diazepam,Diazepam,D003975,MESH:D009122,Muscle Hypertonia
DB00829,Diazepam,Diazepam,D003975,MESH:D009127,Muscle Rigidity
DB00829,Diazepam,Diazepam,D003975,MESH:D009135,Muscular Diseases
DB00829,Diazepam,Diazepam,D003975,MESH:D009410,Nerve Degeneration
DB00829,Diazepam,Diazepam,D003975,MESH:D010146,Pain
DB00829,Diazepam,Diazepam,D003975,MESH:D016584,Panic Disorder
DB00829,Diazepam,Diazepam,D003975,MESH:D010300,Parkinson Disease
DB00829,Diazepam,Diazepam,D003975,MESH:D011183,Postoperative Complications
DB00829,Diazepam,Diazepam,D003975,MESH:D010149,Postoperative Pain
DB00829,Diazepam,Diazepam,D003975,MESH:D011618,Psychotic Disorders
DB00829,Diazepam,Diazepam,D003975,MESH:D012131,Respiratory Insufficiency
DB00829,Diazepam,Diazepam,D003975,MESH:D012559,Schizophrenia
DB00829,Diazepam,Diazepam,D003975,MESH:D012640,Seizures
DB00829,Diazepam,Diazepam,D003975,MESH:D007319,Sleep Initiation and Maintenance Disorders
DB00829,Diazepam,Diazepam,D003975,MESH:D013035,Spasm
DB00829,Diazepam,Diazepam,D003975,MESH:D013064,Speech Disorders
DB00829,Diazepam,Diazepam,D003975,MESH:D013226,Status Epilepticus
DB00829,Diazepam,Diazepam,D003975,MESH:D053608,Stupor
DB00829,Diazepam,Diazepam,D003975,MESH:D013375,Substance Withdrawal Syndrome
DB00829,Diazepam,Diazepam,D003975,MESH:D013610,Tachycardia
DB00829,Diazepam,Diazepam,D003975,MESH:D014202,Tremor
DB00829,Diazepam,Diazepam,D003975,MESH:D014313,Trismus
DB00829,Diazepam,Diazepam,D003975,MESH:D014555,Urination Disorders
DB00428,Streptozocin,Streptozocin,D013311,MESH:D000230,Adenocarcinoma
DB00428,Streptozocin,Streptozocin,D013311,MESH:D018268,Adrenocortical Carcinoma
DB00428,Streptozocin,Streptozocin,D013311,MESH:D002276,Carcinoid Tumor
DB00428,Streptozocin,Streptozocin,D013311,MESH:D050171,Dyslipidemias
DB00428,Streptozocin,Streptozocin,D013311,MESH:D006689,Hodgkin Disease
DB00428,Streptozocin,Streptozocin,D013311,MESH:D007340,Insulinoma
DB00428,Streptozocin,Streptozocin,D013311,MESH:D007674,Kidney Diseases
DB00428,Streptozocin,Streptozocin,D013311,MESH:D008113,Liver Neoplasms
DB00428,Streptozocin,Streptozocin,D013311,MESH:D009369,Neoplasms
DB00428,Streptozocin,Streptozocin,D013311,MESH:D010190,Pancreatic Neoplasms
DB00428,Streptozocin,Streptozocin,D013311,MESH:D012509,Sarcoma
DB01229,Paclitaxel,Paclitaxel,D017239,MESH:D000230,Adenocarcinoma
DB01229,Paclitaxel,Paclitaxel,D017239,MESH:D000077192,Adenocarcinoma of Lung
DB01229,Paclitaxel,Paclitaxel,D017239,MESH:D018268,Adrenocortical Carcinoma
DB01229,Paclitaxel,Paclitaxel,D017239,MESH:D000740,Anemia
DB01229,Paclitaxel,Paclitaxel,D017239,MESH:D000782,Aneuploidy
DB01229,Paclitaxel,Paclitaxel,D017239,MESH:D050197,Atherosclerosis
DB01229,Paclitaxel,Paclitaxel,D017239,MESH:D001859,Bone Neoplasms
DB01229,Paclitaxel,Paclitaxel,D017239,MESH:D001932,Brain Neoplasms
DB01229,Paclitaxel,Paclitaxel,D017239,MESH:D001943,Breast Neoplasms
DB01229,Paclitaxel,Paclitaxel,D017239,MESH:D002277,Carcinoma
DB01229,Paclitaxel,Paclitaxel,D017239,MESH:D056486,Chemical and Drug Induced Liver Injury
DB01229,Paclitaxel,Paclitaxel,D017239,MESH:D002779,Cholestasis
DB01229,Paclitaxel,Paclitaxel,D017239,MESH:D043171,Chromosomal Instability
DB01229,Paclitaxel,Paclitaxel,D017239,MESH:D015179,Colorectal Neoplasms
DB01229,Paclitaxel,Paclitaxel,D017239,MESH:D003967,Diarrhea
DB01229,Paclitaxel,Paclitaxel,D017239,MESH:D016889,Endometrial Neoplasms
DB01229,Paclitaxel,Paclitaxel,D017239,MESH:D004938,Esophageal Neoplasms
DB01229,Paclitaxel,Paclitaxel,D017239,MESH:D005909,Glioblastoma
DB01229,Paclitaxel,Paclitaxel,D017239,MESH:D005910,Glioma
DB01229,Paclitaxel,Paclitaxel,D017239,MESH:D006258,Head and Neck Neoplasms
DB01229,Paclitaxel,Paclitaxel,D017239,MESH:D006394,Hemangiosarcoma
DB01229,Paclitaxel,Paclitaxel,D017239,MESH:D058922,Inflammatory Breast Neoplasms
DB01229,Paclitaxel,Paclitaxel,D017239,MESH:D007822,Laryngeal Neoplasms
DB01229,Paclitaxel,Paclitaxel,D017239,MESH:D007890,Leiomyosarcoma
DB01229,Paclitaxel,Paclitaxel,D017239,MESH:D007938,Leukemia
DB01229,Paclitaxel,Paclitaxel,D017239,MESH:D008080,Liposarcoma
DB01229,Paclitaxel,Paclitaxel,D017239,MESH:D008113,Liver Neoplasms
DB01229,Paclitaxel,Paclitaxel,D017239,MESH:D008175,Lung Neoplasms
DB01229,Paclitaxel,Paclitaxel,D017239,MESH:D008545,Melanoma
DB01229,Paclitaxel,Paclitaxel,D017239,MESH:D008654,Mesothelioma
DB01229,Paclitaxel,Paclitaxel,D017239,MESH:D009062,Mouth Neoplasms
DB01229,Paclitaxel,Paclitaxel,D017239,MESH:D009101,Multiple Myeloma
DB01229,Paclitaxel,Paclitaxel,D017239,MESH:D009362,Neoplasm Metastasis
DB01229,Paclitaxel,Paclitaxel,D017239,MESH:D009369,Neoplasms
DB01229,Paclitaxel,Paclitaxel,D017239,MESH:D018358,Neuroendocrine Tumors
DB01229,Paclitaxel,Paclitaxel,D017239,MESH:D009503,Neutropenia
DB01229,Paclitaxel,Paclitaxel,D017239,MESH:D010014,Osteolysis
DB01229,Paclitaxel,Paclitaxel,D017239,MESH:D012516,Osteosarcoma
DB01229,Paclitaxel,Paclitaxel,D017239,MESH:D010051,Ovarian Neoplasms
DB01229,Paclitaxel,Paclitaxel,D017239,MESH:D010523,Peripheral Nervous System Diseases
DB01229,Paclitaxel,Paclitaxel,D017239,MESH:D054198,Precursor Cell Lymphoblastic Leukemia-Lymphoma
DB01229,Paclitaxel,Paclitaxel,D017239,MESH:D011471,Prostatic Neoplasms
DB01229,Paclitaxel,Paclitaxel,D017239,MESH:D012008,Recurrence
DB01229,Paclitaxel,Paclitaxel,D017239,MESH:D012509,Sarcoma
DB01229,Paclitaxel,Paclitaxel,D017239,MESH:D012878,Skin Neoplasms
DB01229,Paclitaxel,Paclitaxel,D017239,MESH:D055752,Small Cell Lung Carcinoma
DB01229,Paclitaxel,Paclitaxel,D017239,MESH:D012983,Soft Tissue Neoplasms
DB01229,Paclitaxel,Paclitaxel,D017239,MESH:D000077195,Squamous Cell Carcinoma of Head and Neck
DB01229,Paclitaxel,Paclitaxel,D017239,MESH:D013274,Stomach Neoplasms
DB01229,Paclitaxel,Paclitaxel,D017239,MESH:D024801,Tauopathies
DB01229,Paclitaxel,Paclitaxel,D017239,MESH:D013736,Testicular Neoplasms
DB01229,Paclitaxel,Paclitaxel,D017239,MESH:D013921,Thrombocytopenia
DB01229,Paclitaxel,Paclitaxel,D017239,MESH:D064726,Triple Negative Breast Neoplasms
DB01229,Paclitaxel,Paclitaxel,D017239,MESH:D001749,Urinary Bladder Neoplasms
DB01229,Paclitaxel,Paclitaxel,D017239,MESH:D014571,Urologic Neoplasms
DB01229,Paclitaxel,Paclitaxel,D017239,MESH:D002583,Uterine Cervical Neoplasms
DB01229,Paclitaxel,Paclitaxel,D017239,MESH:D014594,Uterine Neoplasms
DB01229,Paclitaxel,Paclitaxel,D017239,MESH:D014839,Vomiting
DB00290,Bleomycin,Bleomycin,D001761,MESH:D002277,Carcinoma
DB00290,Bleomycin,Bleomycin,D001761,MESH:D006258,Head and Neck Neoplasms
DB00290,Bleomycin,Bleomycin,D001761,MESH:D006689,Hodgkin Disease
DB00290,Bleomycin,Bleomycin,D001761,MESH:D007822,Laryngeal Neoplasms
DB00290,Bleomycin,Bleomycin,D001761,MESH:D008175,Lung Neoplasms
DB00290,Bleomycin,Bleomycin,D001761,MESH:D008223,Lymphoma
DB00290,Bleomycin,Bleomycin,D001761,MESH:D008545,Melanoma
DB00290,Bleomycin,Bleomycin,D001761,MESH:D009062,Mouth Neoplasms
DB00290,Bleomycin,Bleomycin,D001761,MESH:D010051,Ovarian Neoplasms
DB00290,Bleomycin,Bleomycin,D001761,MESH:D000077195,Squamous Cell Carcinoma of Head and Neck
DB00290,Bleomycin,Bleomycin,D001761,MESH:D013736,Testicular Neoplasms
DB00290,Bleomycin,Bleomycin,D001761,MESH:D002583,Uterine Cervical Neoplasms
DB00773,Etoposide,Etoposide,D005047,MESH:D000230,Adenocarcinoma
DB00773,Etoposide,Etoposide,D005047,MESH:D018268,Adrenocortical Carcinoma
DB00773,Etoposide,Etoposide,D005047,MESH:D001254,Astrocytoma
DB00773,Etoposide,Etoposide,D005047,MESH:D019046,Bone Marrow Neoplasms
DB00773,Etoposide,Etoposide,D005047,MESH:D001932,Brain Neoplasms
DB00773,Etoposide,Etoposide,D005047,MESH:D001943,Breast Neoplasms
DB00773,Etoposide,Etoposide,D005047,MESH:D002051,Burkitt Lymphoma
DB00773,Etoposide,Etoposide,D005047,MESH:D002277,Carcinoma
DB00773,Etoposide,Etoposide,D005047,MESH:D016543,Central Nervous System Neoplasms
DB00773,Etoposide,Etoposide,D005047,MESH:D015179,Colorectal Neoplasms
DB00773,Etoposide,Etoposide,D005047,MESH:D005910,Glioma
DB00773,Etoposide,Etoposide,D005047,MESH:D014890,Granulomatosis with Polyangiitis
DB00773,Etoposide,Etoposide,D005047,MESH:D019337,Hematologic Neoplasms
DB00773,Etoposide,Etoposide,D005047,MESH:D006561,Herpes Simplex
DB00773,Etoposide,Etoposide,D005047,MESH:D006689,Hodgkin Disease
DB00773,Etoposide,Etoposide,D005047,MESH:D007890,Leiomyosarcoma
DB00773,Etoposide,Etoposide,D005047,MESH:D008175,Lung Neoplasms
DB00773,Etoposide,Etoposide,D005047,MESH:D008223,Lymphoma
DB00773,Etoposide,Etoposide,D005047,MESH:D008527,Medulloblastoma
DB00773,Etoposide,Etoposide,D005047,MESH:D008654,Mesothelioma
DB00773,Etoposide,Etoposide,D005047,MESH:D009101,Multiple Myeloma
DB00773,Etoposide,Etoposide,D005047,MESH:D009369,Neoplasms
DB00773,Etoposide,Etoposide,D005047,MESH:D009447,Neuroblastoma
DB00773,Etoposide,Etoposide,D005047,MESH:D009669,Nose Neoplasms
DB00773,Etoposide,Etoposide,D005047,MESH:D012516,Osteosarcoma
DB00773,Etoposide,Etoposide,D005047,MESH:D010190,Pancreatic Neoplasms
DB00773,Etoposide,Etoposide,D005047,MESH:D054198,Precursor Cell Lymphoblastic Leukemia-Lymphoma
DB00773,Etoposide,Etoposide,D005047,MESH:D054218,Precursor T-Cell Lymphoblastic Leukemia-Lymphoma
DB00773,Etoposide,Etoposide,D005047,MESH:D011471,Prostatic Neoplasms
DB00773,Etoposide,Etoposide,D005047,MESH:D012175,Retinoblastoma
DB00773,Etoposide,Etoposide,D005047,MESH:D012208,Rhabdomyosarcoma
DB00773,Etoposide,Etoposide,D005047,MESH:D012509,Sarcoma
DB00773,Etoposide,Etoposide,D005047,MESH:D018239,Seminoma
DB00773,Etoposide,Etoposide,D005047,MESH:D055752,Small Cell Lung Carcinoma
DB00773,Etoposide,Etoposide,D005047,MESH:D013736,Testicular Neoplasms
DB00773,Etoposide,Etoposide,D005047,MESH:D001749,Urinary Bladder Neoplasms
DB00773,Etoposide,Etoposide,D005047,MESH:D009396,Wilms Tumor
DB00843,Donepezil,Donepezil,D000077265,MESH:D000544,Alzheimer Disease
DB00843,Donepezil,Donepezil,D000077265,MESH:D000647,Amnesia
DB00843,Donepezil,Donepezil,D000077265,MESH:D019969,Amphetamine-Related Disorders
DB00843,Donepezil,Donepezil,D000077265,MESH:D001930,Brain Injuries
DB00843,Donepezil,Donepezil,D000077265,MESH:D006332,Cardiomegaly
DB00843,Donepezil,Donepezil,D000077265,MESH:D019970,Cocaine-Related Disorders
DB00843,Donepezil,Donepezil,D000077265,MESH:D003072,Cognition Disorders
DB00843,Donepezil,Donepezil,D000077265,MESH:D003704,Dementia
DB00843,Donepezil,Donepezil,D000077265,MESH:D003967,Diarrhea
DB00843,Donepezil,Donepezil,D000077265,MESH:D006948,Hyperkinesis
DB00843,Donepezil,Donepezil,D000077265,MESH:D018476,Hypokinesia
DB00843,Donepezil,Donepezil,D000077265,MESH:D007035,Hypothermia
DB00843,Donepezil,Donepezil,D000077265,MESH:D007859,Learning Disabilities
DB00843,Donepezil,Donepezil,D000077265,MESH:D020961,Lewy Body Disease
DB00843,Donepezil,Donepezil,D000077265,MESH:D008569,Memory Disorders
DB00843,Donepezil,Donepezil,D000077265,MESH:D001523,Mental Disorders
DB00843,Donepezil,Donepezil,D000077265,MESH:D018908,Muscle Weakness
DB00843,Donepezil,Donepezil,D000077265,MESH:D009203,Myocardial Infarction
DB00843,Donepezil,Donepezil,D000077265,MESH:D019954,Neurobehavioral Manifestations
DB00843,Donepezil,Donepezil,D000077265,MESH:D020734,Parkinsonian Disorders
DB00843,Donepezil,Donepezil,D000077265,MESH:D016649,Primary Ovarian Insufficiency
DB00843,Donepezil,Donepezil,D000077265,MESH:D019956,Stereotypic Movement Disorder
DB00843,Donepezil,Donepezil,D000077265,MESH:D019966,Substance-Related Disorders
DB00843,Donepezil,Donepezil,D000077265,MESH:D013375,Substance Withdrawal Syndrome
DB00126,Vitamin C,Ascorbic Acid,D001205,MESH:D058186,Acute Kidney Injury
DB00126,Vitamin C,Ascorbic Acid,D001205,MESH:D055371,Acute Lung Injury
DB00126,Vitamin C,Ascorbic Acid,D001205,MESH:D000647,Amnesia
DB00126,Vitamin C,Ascorbic Acid,D001205,MESH:D001008,Anxiety Disorders
DB00126,Vitamin C,Ascorbic Acid,D001205,MESH:D020261,Arsenic Poisoning
DB00126,Vitamin C,Ascorbic Acid,D001205,MESH:D001424,Bacterial Infections
DB00126,Vitamin C,Ascorbic Acid,D001205,MESH:D001766,Blindness
DB00126,Vitamin C,Ascorbic Acid,D001205,MESH:D001927,Brain Diseases
DB00126,Vitamin C,Ascorbic Acid,D001205,MESH:D001930,Brain Injuries
DB00126,Vitamin C,Ascorbic Acid,D001205,MESH:D002545,Brain Ischemia
DB00126,Vitamin C,Ascorbic Acid,D001205,MESH:D001943,Breast Neoplasms
DB00126,Vitamin C,Ascorbic Acid,D001205,MESH:D063646,Carcinogenesis
DB00126,Vitamin C,Ascorbic Acid,D001205,MESH:D002277,Carcinoma
DB00126,Vitamin C,Ascorbic Acid,D001205,MESH:D009202,Cardiomyopathies
DB00126,Vitamin C,Ascorbic Acid,D001205,MESH:D066126,Cardiotoxicity
DB00126,Vitamin C,Ascorbic Acid,D001205,MESH:D018376,Cardiovascular Abnormalities
DB00126,Vitamin C,Ascorbic Acid,D001205,MESH:D002375,Catalepsy
DB00126,Vitamin C,Ascorbic Acid,D001205,MESH:D002386,Cataract
DB00126,Vitamin C,Ascorbic Acid,D001205,MESH:D002607,Charcot-Marie-Tooth Disease
DB00126,Vitamin C,Ascorbic Acid,D001205,MESH:D056486,Chemical and Drug Induced Liver Injury
DB00126,Vitamin C,Ascorbic Acid,D001205,MESH:D002869,Chromosome Aberrations
DB00126,Vitamin C,Ascorbic Acid,D001205,MESH:D019457,Chromosome Breakage
DB00126,Vitamin C,Ascorbic Acid,D001205,MESH:D003327,Coronary Disease
DB00126,Vitamin C,Ascorbic Acid,D001205,MESH:D003643,Death
DB00126,Vitamin C,Ascorbic Acid,D001205,MESH:D003866,Depressive Disorder
DB00126,Vitamin C,Ascorbic Acid,D001205,MESH:D003928,Diabetic Nephropathies
DB00126,Vitamin C,Ascorbic Acid,D001205,MESH:D003930,Diabetic Retinopathy
DB00126,Vitamin C,Ascorbic Acid,D001205,MESH:D018450,Disease Progression
DB00126,Vitamin C,Ascorbic Acid,D001205,MESH:D019446,Endotoxemia
DB00126,Vitamin C,Ascorbic Acid,D001205,MESH:D004890,Erythema
DB00126,Vitamin C,Ascorbic Acid,D001205,MESH:D005910,Glioma
DB00126,Vitamin C,Ascorbic Acid,D001205,MESH:D018149,Glucose Intolerance
DB00126,Vitamin C,Ascorbic Acid,D001205,MESH:D044882,Glucose Metabolism Disorders
DB00126,Vitamin C,Ascorbic Acid,D001205,MESH:D006130,Growth Disorders
DB00126,Vitamin C,Ascorbic Acid,D001205,MESH:D015658,HIV Infections
DB00126,Vitamin C,Ascorbic Acid,D001205,MESH:D006930,Hyperalgesia
DB00126,Vitamin C,Ascorbic Acid,D001205,MESH:D006943,Hyperglycemia
DB00126,Vitamin C,Ascorbic Acid,D001205,MESH:D006946,Hyperinsulinism
DB00126,Vitamin C,Ascorbic Acid,D001205,MESH:D006973,Hypertension
DB00126,Vitamin C,Ascorbic Acid,D001205,MESH:D006984,Hypertrophy
DB00126,Vitamin C,Ascorbic Acid,D001205,MESH:D007022,Hypotension
DB00126,Vitamin C,Ascorbic Acid,D001205,MESH:D007037,Hypothyroidism
DB00126,Vitamin C,Ascorbic Acid,D001205,MESH:D007153,Immunologic Deficiency Syndromes
DB00126,Vitamin C,Ascorbic Acid,D001205,MESH:D007249,Inflammation
DB00126,Vitamin C,Ascorbic Acid,D001205,MESH:D007333,Insulin Resistance
DB00126,Vitamin C,Ascorbic Acid,D001205,MESH:D007410,Intestinal Diseases
DB00126,Vitamin C,Ascorbic Acid,D001205,MESH:D007674,Kidney Diseases
DB00126,Vitamin C,Ascorbic Acid,D001205,MESH:D008103,Liver Cirrhosis
DB00126,Vitamin C,Ascorbic Acid,D001205,MESH:D008133,Long QT Syndrome
DB00126,Vitamin C,Ascorbic Acid,D001205,MESH:D008171,Lung Diseases
DB00126,Vitamin C,Ascorbic Acid,D001205,MESH:D008175,Lung Neoplasms
DB00126,Vitamin C,Ascorbic Acid,D001205,MESH:D020149,Manganese Poisoning
DB00126,Vitamin C,Ascorbic Acid,D001205,MESH:D008548,Melanosis
DB00126,Vitamin C,Ascorbic Acid,D001205,MESH:D009135,Muscular Diseases
DB00126,Vitamin C,Ascorbic Acid,D001205,MESH:D009203,Myocardial Infarction
DB00126,Vitamin C,Ascorbic Acid,D001205,MESH:D009336,Necrosis
DB00126,Vitamin C,Ascorbic Acid,D001205,MESH:D009369,Neoplasms
DB00126,Vitamin C,Ascorbic Acid,D001205,MESH:D009410,Nerve Degeneration
DB00126,Vitamin C,Ascorbic Acid,D001205,MESH:D009422,Nervous System Diseases
DB00126,Vitamin C,Ascorbic Acid,D001205,MESH:D019636,Neurodegenerative Diseases
DB00126,Vitamin C,Ascorbic Acid,D001205,MESH:D009765,Obesity
DB00126,Vitamin C,Ascorbic Acid,D001205,MESH:D009845,Oligospermia
DB00126,Vitamin C,Ascorbic Acid,D001205,MESH:D010182,Pancreatic Diseases
DB00126,Vitamin C,Ascorbic Acid,D001205,MESH:D010190,Pancreatic Neoplasms
DB00126,Vitamin C,Ascorbic Acid,D001205,MESH:D010523,Peripheral Nervous System Diseases
DB00126,Vitamin C,Ascorbic Acid,D001205,MESH:D016491,Peripheral Vascular Diseases
DB00126,Vitamin C,Ascorbic Acid,D001205,MESH:D011085,Polycystic Ovary Syndrome
DB00126,Vitamin C,Ascorbic Acid,D001205,MESH:D010149,Postoperative Pain
DB00126,Vitamin C,Ascorbic Acid,D001205,MESH:D011297,Prenatal Exposure Delayed Effects
DB00126,Vitamin C,Ascorbic Acid,D001205,MESH:D011471,Prostatic Neoplasms
DB00126,Vitamin C,Ascorbic Acid,D001205,MESH:D011507,Proteinuria
DB00126,Vitamin C,Ascorbic Acid,D001205,MESH:D011561,Pseudoxanthoma Elasticum
DB00126,Vitamin C,Ascorbic Acid,D001205,MESH:D011654,Pulmonary Edema
DB00126,Vitamin C,Ascorbic Acid,D001205,MESH:D011657,Pulmonary Eosinophilia
DB00126,Vitamin C,Ascorbic Acid,D001205,MESH:D011658,Pulmonary Fibrosis
DB00126,Vitamin C,Ascorbic Acid,D001205,MESH:D012174,Retinitis Pigmentosa
DB00126,Vitamin C,Ascorbic Acid,D001205,MESH:D012640,Seizures
DB00126,Vitamin C,Ascorbic Acid,D001205,MESH:D012868,Skin Abnormalities
DB00126,Vitamin C,Ascorbic Acid,D001205,MESH:D012871,Skin Diseases
DB00126,Vitamin C,Ascorbic Acid,D001205,MESH:D013226,Status Epilepticus
DB00126,Vitamin C,Ascorbic Acid,D001205,MESH:D013276,Stomach Ulcer
DB00126,Vitamin C,Ascorbic Acid,D001205,MESH:D020521,Stroke
DB00126,Vitamin C,Ascorbic Acid,D001205,MESH:D013375,Substance Withdrawal Syndrome
DB00126,Vitamin C,Ascorbic Acid,D001205,MESH:D013733,Testicular Diseases
DB00126,Vitamin C,Ascorbic Acid,D001205,MESH:D001749,Urinary Bladder Neoplasms
DB00126,Vitamin C,Ascorbic Acid,D001205,MESH:D015431,Weight Loss
DB00529,Foscarnet,Foscarnet,D017245,MESH:D058186,Acute Kidney Injury
DB00529,Foscarnet,Foscarnet,D017245,MESH:D017088,AIDS-Related Opportunistic Infections
DB00529,Foscarnet,Foscarnet,D017245,MESH:D002114,Calcinosis
DB00529,Foscarnet,Foscarnet,D017245,MESH:D003092,Colitis
DB00529,Foscarnet,Foscarnet,D017245,MESH:D003586,Cytomegalovirus Infections
DB00529,Foscarnet,Foscarnet,D017245,MESH:D006566,Herpesviridae Infections
DB00529,Foscarnet,Foscarnet,D017245,MESH:D015658,HIV Infections
DB00529,Foscarnet,Foscarnet,D017245,MESH:D009190,Myelodysplastic Syndromes
DB00529,Foscarnet,Foscarnet,D017245,MESH:D012173,Retinitis
DB00529,Foscarnet,Foscarnet,D017245,MESH:D012640,Seizures
DB00529,Foscarnet,Foscarnet,D017245,MESH:D014605,Uveitis
DB00459,Acitretin,Acitretin,D017255,MESH:D008545,Melanoma
DB00459,Acitretin,Acitretin,D017255,MESH:D010214,Papillon-Lefevre Disease
DB00459,Acitretin,Acitretin,D017255,MESH:D011565,Psoriasis
DB00459,Acitretin,Acitretin,D017255,MESH:D012878,Skin Neoplasms
DB00459,Acitretin,Acitretin,D017255,MESH:D014062,Tongue Neoplasms
DB00959,Methylprednisolone,Methylprednisolone,D008775,MESH:D058186,Acute Kidney Injury
DB00959,Methylprednisolone,Methylprednisolone,D008775,MESH:D000506,Alopecia Areata
DB00959,Methylprednisolone,Methylprednisolone,D008775,MESH:D000783,Aneurysm
DB00959,Methylprednisolone,Methylprednisolone,D008775,MESH:D000799,Angioedema
DB00959,Methylprednisolone,Methylprednisolone,D008775,MESH:D018771,Arthralgia
DB00959,Methylprednisolone,Methylprednisolone,D008775,MESH:D001201,Ascites
DB00959,Methylprednisolone,Methylprednisolone,D008775,MESH:D001249,Asthma
DB00959,Methylprednisolone,Methylprednisolone,D008775,MESH:D001424,Bacterial Infections
DB00959,Methylprednisolone,Methylprednisolone,D008775,MESH:D001649,Bile Duct Diseases
DB00959,Methylprednisolone,Methylprednisolone,D008775,MESH:D001930,Brain Injuries
DB00959,Methylprednisolone,Methylprednisolone,D008775,MESH:D001997,Bronchopulmonary Dysplasia
DB00959,Methylprednisolone,Methylprednisolone,D008775,MESH:D006332,Cardiomegaly
DB00959,Methylprednisolone,Methylprednisolone,D008775,MESH:D009202,Cardiomyopathies
DB00959,Methylprednisolone,Methylprednisolone,D008775,MESH:D066126,Cardiotoxicity
DB00959,Methylprednisolone,Methylprednisolone,D008775,MESH:D002481,Cellulitis
DB00959,Methylprednisolone,Methylprednisolone,D008775,MESH:D002543,Cerebral Hemorrhage
DB00959,Methylprednisolone,Methylprednisolone,D008775,MESH:D056486,Chemical and Drug Induced Liver Injury
DB00959,Methylprednisolone,Methylprednisolone,D008775,MESH:D002779,Cholestasis
DB00959,Methylprednisolone,Methylprednisolone,D008775,MESH:D003424,Crohn Disease
DB00959,Methylprednisolone,Methylprednisolone,D008775,MESH:D003882,Dermatomyositis
DB00959,Methylprednisolone,Methylprednisolone,D008775,MESH:D004417,Dyspnea
DB00959,Methylprednisolone,Methylprednisolone,D008775,MESH:D004487,Edema
DB00959,Methylprednisolone,Methylprednisolone,D008775,MESH:D004890,Erythema
DB00959,Methylprednisolone,Methylprednisolone,D008775,MESH:D004892,Erythema Multiforme
DB00959,Methylprednisolone,Methylprednisolone,D008775,MESH:D005334,Fever
DB00959,Methylprednisolone,Methylprednisolone,D008775,MESH:D005921,Glomerulonephritis
DB00959,Methylprednisolone,Methylprednisolone,D008775,MESH:D006086,Graft vs Host Disease
DB00959,Methylprednisolone,Methylprednisolone,D008775,MESH:D014890,Granulomatosis with Polyangiitis
DB00959,Methylprednisolone,Methylprednisolone,D008775,MESH:D049970,Graves Ophthalmopathy
DB00959,Methylprednisolone,Methylprednisolone,D008775,MESH:D006402,Hematologic Diseases
DB00959,Methylprednisolone,Methylprednisolone,D008775,MESH:D006406,Hematoma
DB00959,Methylprednisolone,Methylprednisolone,D008775,MESH:D006417,Hematuria
DB00959,Methylprednisolone,Methylprednisolone,D008775,MESH:D006505,Hepatitis
DB00959,Methylprednisolone,Methylprednisolone,D008775,MESH:D006689,Hodgkin Disease
DB00959,Methylprednisolone,Methylprednisolone,D008775,MESH:D006937,Hypercholesterolemia
DB00959,Methylprednisolone,Methylprednisolone,D008775,MESH:D006967,Hypersensitivity
DB00959,Methylprednisolone,Methylprednisolone,D008775,MESH:D034141,Hypoalbuminemia
DB00959,Methylprednisolone,Methylprednisolone,D008775,MESH:D011695,IgA Vasculitis
DB00959,Methylprednisolone,Methylprednisolone,D008775,MESH:D010148,Intractable Pain
DB00959,Methylprednisolone,Methylprednisolone,D008775,MESH:D017116,Low Back Pain
DB00959,Methylprednisolone,Methylprednisolone,D008775,MESH:D055370,Lung Injury
DB00959,Methylprednisolone,Methylprednisolone,D008775,MESH:D008181,Lupus Nephritis
DB00959,Methylprednisolone,Methylprednisolone,D008775,MESH:D008223,Lymphoma
DB00959,Methylprednisolone,Methylprednisolone,D008775,MESH:D008590,Meningoencephalitis
DB00959,Methylprednisolone,Methylprednisolone,D008775,MESH:D009080,Mucocutaneous Lymph Node Syndrome
DB00959,Methylprednisolone,Methylprednisolone,D008775,MESH:D009101,Multiple Myeloma
DB00959,Methylprednisolone,Methylprednisolone,D008775,MESH:D009103,Multiple Sclerosis
DB00959,Methylprednisolone,Methylprednisolone,D008775,MESH:D018908,Muscle Weakness
DB00959,Methylprednisolone,Methylprednisolone,D008775,MESH:D009205,Myocarditis
DB00959,Methylprednisolone,Methylprednisolone,D008775,MESH:D009325,Nausea
DB00959,Methylprednisolone,Methylprednisolone,D008775,MESH:D009369,Neoplasms
DB00959,Methylprednisolone,Methylprednisolone,D008775,MESH:D009393,Nephritis
DB00959,Methylprednisolone,Methylprednisolone,D008775,MESH:D009404,Nephrotic Syndrome
DB00959,Methylprednisolone,Methylprednisolone,D008775,MESH:D017599,Neuroectodermal Tumors
DB00959,Methylprednisolone,Methylprednisolone,D008775,MESH:D009471,Neuromyelitis Optica
DB00959,Methylprednisolone,Methylprednisolone,D008775,MESH:D020258,Neurotoxicity Syndromes
DB00959,Methylprednisolone,Methylprednisolone,D008775,MESH:D009902,Optic Neuritis
DB00959,Methylprednisolone,Methylprednisolone,D008775,MESH:D010146,Pain
DB00959,Methylprednisolone,Methylprednisolone,D008775,MESH:D010198,Pancytopenia
DB00959,Methylprednisolone,Methylprednisolone,D008775,MESH:D010292,Paresthesia
DB00959,Methylprednisolone,Methylprednisolone,D008775,MESH:D010996,Pleural Effusion
DB00959,Methylprednisolone,Methylprednisolone,D008775,MESH:D017285,Polymyositis
DB00959,Methylprednisolone,Methylprednisolone,D008775,MESH:D011115,Polyneuropathies
DB00959,Methylprednisolone,Methylprednisolone,D008775,MESH:D011183,Postoperative Complications
DB00959,Methylprednisolone,Methylprednisolone,D008775,MESH:D010149,Postoperative Pain
DB00959,Methylprednisolone,Methylprednisolone,D008775,MESH:D054198,Precursor Cell Lymphoblastic Leukemia-Lymphoma
DB00959,Methylprednisolone,Methylprednisolone,D008775,MESH:D011507,Proteinuria
DB00959,Methylprednisolone,Methylprednisolone,D008775,MESH:D011537,Pruritus
DB00959,Methylprednisolone,Methylprednisolone,D008775,MESH:D011654,Pulmonary Edema
DB00959,Methylprednisolone,Methylprednisolone,D008775,MESH:D011658,Pulmonary Fibrosis
DB00959,Methylprednisolone,Methylprednisolone,D008775,MESH:D051437,Renal Insufficiency
DB00959,Methylprednisolone,Methylprednisolone,D008775,MESH:D012131,Respiratory Insufficiency
DB00959,Methylprednisolone,Methylprednisolone,D008775,MESH:D012135,Respiratory Sounds
DB00959,Methylprednisolone,Methylprednisolone,D008775,MESH:D012393,Rosacea
DB00959,Methylprednisolone,Methylprednisolone,D008775,MESH:D012507,Sarcoidosis
DB00959,Methylprednisolone,Methylprednisolone,D008775,MESH:D012640,Seizures
DB00959,Methylprednisolone,Methylprednisolone,D008775,MESH:D045169,Severe Acute Respiratory Syndrome
DB00959,Methylprednisolone,Methylprednisolone,D008775,MESH:D013119,Spinal Cord Injuries
DB00959,Methylprednisolone,Methylprednisolone,D008775,MESH:D013610,Tachycardia
DB00959,Methylprednisolone,Methylprednisolone,D008775,MESH:D013971,Thyrotoxicosis
DB00959,Methylprednisolone,Methylprednisolone,D008775,MESH:D014581,Urticaria
DB00959,Methylprednisolone,Methylprednisolone,D008775,MESH:D014607,Uveomeningoencephalitic Syndrome
DB00959,Methylprednisolone,Methylprednisolone,D008775,MESH:D014657,Vasculitis
DB00959,Methylprednisolone,Methylprednisolone,D008775,MESH:D014839,Vomiting
DB00959,Methylprednisolone,Methylprednisolone,D008775,MESH:D015431,Weight Loss
DB00722,Lisinopril,Lisinopril,D017706,MESH:D000419,Albuminuria
DB00722,Lisinopril,Lisinopril,D017706,MESH:D006332,Cardiomegaly
DB00722,Lisinopril,Lisinopril,D017706,MESH:D003928,Diabetic Nephropathies
DB00722,Lisinopril,Lisinopril,D017706,MESH:D003929,Diabetic Neuropathies
DB00722,Lisinopril,Lisinopril,D017706,MESH:D003930,Diabetic Retinopathy
DB00722,Lisinopril,Lisinopril,D017706,MESH:D005355,Fibrosis
DB00722,Lisinopril,Lisinopril,D017706,MESH:D006333,Heart Failure
DB00722,Lisinopril,Lisinopril,D017706,MESH:D006937,Hypercholesterolemia
DB00722,Lisinopril,Lisinopril,D017706,MESH:D006949,Hyperlipidemias
DB00722,Lisinopril,Lisinopril,D017706,MESH:D006973,Hypertension
DB00722,Lisinopril,Lisinopril,D017706,MESH:D015228,Hypertriglyceridemia
DB00722,Lisinopril,Lisinopril,D017706,MESH:D007674,Kidney Diseases
DB00722,Lisinopril,Lisinopril,D017706,MESH:D000068079,Motor Disorders
DB00722,Lisinopril,Lisinopril,D017706,MESH:D009203,Myocardial Infarction
DB00722,Lisinopril,Lisinopril,D017706,MESH:D011507,Proteinuria
DB00722,Lisinopril,Lisinopril,D017706,MESH:D011654,Pulmonary Edema
DB00722,Lisinopril,Lisinopril,D017706,MESH:D011658,Pulmonary Fibrosis
DB00722,Lisinopril,Lisinopril,D017706,MESH:D018754,Ventricular Dysfunction
DB00722,Lisinopril,Lisinopril,D017706,MESH:D020257,Ventricular Remodeling
DB00668,Epinephrine,Epinephrine,D004837,MESH:D000402,Airway Obstruction
DB00668,Epinephrine,Epinephrine,D004837,MESH:D000647,Amnesia
DB00668,Epinephrine,Epinephrine,D004837,MESH:D000707,Anaphylaxis
DB00668,Epinephrine,Epinephrine,D004837,MESH:D000799,Angioedema
DB00668,Epinephrine,Epinephrine,D004837,MESH:D001249,Asthma
DB00668,Epinephrine,Epinephrine,D004837,MESH:D001259,Ataxia
DB00668,Epinephrine,Epinephrine,D004837,MESH:D054537,Atrioventricular Block
DB00668,Epinephrine,Epinephrine,D004837,MESH:D001919,Bradycardia
DB00668,Epinephrine,Epinephrine,D004837,MESH:D009202,Cardiomyopathies
DB00668,Epinephrine,Epinephrine,D004837,MESH:D002318,Cardiovascular Diseases
DB00668,Epinephrine,Epinephrine,D004837,MESH:D003324,Coronary Artery Disease
DB00668,Epinephrine,Epinephrine,D004837,MESH:D003556,Cystitis
DB00668,Epinephrine,Epinephrine,D004837,MESH:D062787,Drug Overdose
DB00668,Epinephrine,Epinephrine,D004837,MESH:D004417,Dyspnea
DB00668,Epinephrine,Epinephrine,D004837,MESH:D004487,Edema
DB00668,Epinephrine,Epinephrine,D004837,MESH:D004827,Epilepsy
DB00668,Epinephrine,Epinephrine,D004837,MESH:D005512,Food Hypersensitivity
DB00668,Epinephrine,Epinephrine,D004837,MESH:D006471,Gastrointestinal Hemorrhage
DB00668,Epinephrine,Epinephrine,D004837,MESH:D005901,Glaucoma
DB00668,Epinephrine,Epinephrine,D004837,MESH:D006323,Heart Arrest
DB00668,Epinephrine,Epinephrine,D004837,MESH:D006327,Heart Block
DB00668,Epinephrine,Epinephrine,D004837,MESH:D006470,Hemorrhage
DB00668,Epinephrine,Epinephrine,D004837,MESH:D006930,Hyperalgesia
DB00668,Epinephrine,Epinephrine,D004837,MESH:D006967,Hypersensitivity
DB00668,Epinephrine,Epinephrine,D004837,MESH:D007022,Hypotension
DB00668,Epinephrine,Epinephrine,D004837,MESH:D007249,Inflammation
DB00668,Epinephrine,Epinephrine,D004837,MESH:D009798,Ocular Hypertension
DB00668,Epinephrine,Epinephrine,D004837,MESH:D010146,Pain
DB00668,Epinephrine,Epinephrine,D004837,MESH:D010149,Postoperative Pain
DB00668,Epinephrine,Epinephrine,D004837,MESH:D011537,Pruritus
DB00668,Epinephrine,Epinephrine,D004837,MESH:D012120,Respiration Disorders
DB00668,Epinephrine,Epinephrine,D004837,MESH:D012135,Respiratory Sounds
DB00668,Epinephrine,Epinephrine,D004837,MESH:D012640,Seizures
DB00668,Epinephrine,Epinephrine,D004837,MESH:D012769,Shock
DB00668,Epinephrine,Epinephrine,D004837,MESH:D013276,Stomach Ulcer
DB00668,Epinephrine,Epinephrine,D004837,MESH:D014456,Ulcer
DB00668,Epinephrine,Epinephrine,D004837,MESH:D014581,Urticaria
DB01593,Zinc,Zinc,D015032,MESH:D000169,Acrodermatitis
DB01593,Zinc,Zinc,D015032,MESH:D058186,Acute Kidney Injury
DB01593,Zinc,Zinc,D015032,MESH:D001249,Asthma
DB01593,Zinc,Zinc,D015032,MESH:D050197,Atherosclerosis
DB01593,Zinc,Zinc,D015032,MESH:D001930,Brain Injuries
DB01593,Zinc,Zinc,D015032,MESH:D009202,Cardiomyopathies
DB01593,Zinc,Zinc,D015032,MESH:D066126,Cardiotoxicity
DB01593,Zinc,Zinc,D015032,MESH:D056486,Chemical and Drug Induced Liver Injury
DB01593,Zinc,Zinc,D015032,MESH:D019465,Craniofacial Abnormalities
DB01593,Zinc,Zinc,D015032,MESH:D003920,Diabetes Mellitus
DB01593,Zinc,Zinc,D015032,MESH:D058065,Diabetic Cardiomyopathies
DB01593,Zinc,Zinc,D015032,MESH:D003967,Diarrhea
DB01593,Zinc,Zinc,D015032,MESH:D018450,Disease Progression
DB01593,Zinc,Zinc,D015032,MESH:D004198,Disease Susceptibility
DB01593,Zinc,Zinc,D015032,MESH:D004487,Edema
DB01593,Zinc,Zinc,D015032,MESH:D004938,Esophageal Neoplasms
DB01593,Zinc,Zinc,D015032,MESH:D000077277,Esophageal Squamous Cell Carcinoma
DB01593,Zinc,Zinc,D015032,MESH:D005334,Fever
DB01593,Zinc,Zinc,D015032,MESH:D005767,Gastrointestinal Diseases
DB01593,Zinc,Zinc,D015032,MESH:D005910,Glioma
DB01593,Zinc,Zinc,D015032,MESH:D006527,Hepatolenticular Degeneration
DB01593,Zinc,Zinc,D015032,MESH:D006529,Hepatomegaly
DB01593,Zinc,Zinc,D015032,MESH:D006940,Hyperemia
DB01593,Zinc,Zinc,D015032,MESH:D006943,Hyperglycemia
DB01593,Zinc,Zinc,D015032,MESH:D006949,Hyperlipidemias
DB01593,Zinc,Zinc,D015032,MESH:D006965,Hyperplasia
DB01593,Zinc,Zinc,D015032,MESH:D007022,Hypotension
DB01593,Zinc,Zinc,D015032,MESH:D066088,Infant Death
DB01593,Zinc,Zinc,D015032,MESH:D007249,Inflammation
DB01593,Zinc,Zinc,D015032,MESH:D007333,Insulin Resistance
DB01593,Zinc,Zinc,D015032,MESH:D007410,Intestinal Diseases
DB01593,Zinc,Zinc,D015032,MESH:D007674,Kidney Diseases
DB01593,Zinc,Zinc,D015032,MESH:D007938,Leukemia
DB01593,Zinc,Zinc,D015032,MESH:D008107,Liver Diseases
DB01593,Zinc,Zinc,D015032,MESH:D003865,Major Depressive Disorder
DB01593,Zinc,Zinc,D015032,MESH:D008545,Melanoma
DB01593,Zinc,Zinc,D015032,MESH:D009101,Multiple Myeloma
DB01593,Zinc,Zinc,D015032,MESH:D009336,Necrosis
DB01593,Zinc,Zinc,D015032,MESH:D009436,Neural Tube Defects
DB01593,Zinc,Zinc,D015032,MESH:D010523,Peripheral Nervous System Diseases
DB01593,Zinc,Zinc,D015032,MESH:D011085,Polycystic Ovary Syndrome
DB01593,Zinc,Zinc,D015032,MESH:D049188,Prenatal Injuries
DB01593,Zinc,Zinc,D015032,MESH:D011471,Prostatic Neoplasms
DB01593,Zinc,Zinc,D015032,MESH:D011488,Protein Deficiency
DB01593,Zinc,Zinc,D015032,MESH:D011507,Proteinuria
DB01593,Zinc,Zinc,D015032,MESH:D013158,Splenic Diseases
DB01593,Zinc,Zinc,D015032,MESH:D013276,Stomach Ulcer
DB01593,Zinc,Zinc,D015032,MESH:D000072660,Teratozoospermia
DB01593,Zinc,Zinc,D015032,MESH:D013733,Testicular Diseases
DB01593,Zinc,Zinc,D015032,MESH:D015431,Weight Loss
DB01593,Zinc,Zinc Sulfate,D019287,MESH:D001008,Anxiety Disorders
DB01593,Zinc,Zinc Sulfate,D019287,MESH:D001927,Brain Diseases
DB01593,Zinc,Zinc Sulfate,D019287,MESH:D056486,Chemical and Drug Induced Liver Injury
DB01593,Zinc,Zinc Sulfate,D019287,MESH:D003072,Cognition Disorders
DB01593,Zinc,Zinc Sulfate,D019287,MESH:D006505,Hepatitis
DB01593,Zinc,Zinc Sulfate,D019287,MESH:D006527,Hepatolenticular Degeneration
DB01593,Zinc,Zinc Sulfate,D019287,MESH:D006932,Hyperbilirubinemia
DB01593,Zinc,Zinc Sulfate,D019287,MESH:D006937,Hypercholesterolemia
DB01593,Zinc,Zinc Sulfate,D019287,MESH:D006943,Hyperglycemia
DB01593,Zinc,Zinc Sulfate,D019287,MESH:D015228,Hypertriglyceridemia
DB01593,Zinc,Zinc Sulfate,D019287,MESH:D008103,Liver Cirrhosis
DB01593,Zinc,Zinc Sulfate,D019287,MESH:D008107,Liver Diseases
DB01593,Zinc,Zinc Sulfate,D019287,MESH:D017093,Liver Failure
DB01593,Zinc,Zinc Sulfate,D019287,MESH:D008881,Migraine Disorders
DB01593,Zinc,Zinc Sulfate,D019287,MESH:D009336,Necrosis
DB01593,Zinc,Zinc Sulfate,D019287,MESH:D051437,Renal Insufficiency
DB00389,Carbimazole,Carbimazole,D002231,MESH:D001249,Asthma
DB00389,Carbimazole,Carbimazole,D002231,MESH:D006111,Graves Disease
DB00389,Carbimazole,Carbimazole,D002231,MESH:D006980,Hyperthyroidism
DB00389,Carbimazole,Carbimazole,D002231,MESH:D013971,Thyrotoxicosis
DB00389,Carbimazole,Carbimazole,D002231,MESH:D014029,Tobacco Use Disorder
DB00977,Ethinylestradiol,Ethinyl Estradiol,D004997,MESH:D000152,Acne Vulgaris
DB00977,Ethinylestradiol,Ethinyl Estradiol,D004997,MESH:D001161,Arteriosclerosis
DB00977,Ethinylestradiol,Ethinyl Estradiol,D004997,MESH:D004412,Dysmenorrhea
DB00977,Ethinylestradiol,Ethinyl Estradiol,D004997,MESH:D006628,Hirsutism
DB00977,Ethinylestradiol,Ethinyl Estradiol,D004997,MESH:D019964,Mood Disorders
DB00977,Ethinylestradiol,Ethinyl Estradiol,D004997,MESH:D017202,Myocardial Ischemia
DB00977,Ethinylestradiol,Ethinyl Estradiol,D004997,MESH:D016584,Panic Disorder
DB00977,Ethinylestradiol,Ethinyl Estradiol,D004997,MESH:D011085,Polycystic Ovary Syndrome
DB00977,Ethinylestradiol,Ethinyl Estradiol,D004997,MESH:D011230,Precancerous Conditions
DB00977,Ethinylestradiol,Ethinyl Estradiol,D004997,MESH:D011471,Prostatic Neoplasms
DB00977,Ethinylestradiol,Ethinyl Estradiol,D004997,MESH:D007319,Sleep Initiation and Maintenance Disorders
DB00977,Ethinylestradiol,Ethinyl Estradiol,D004997,MESH:D013927,Thrombosis
DB00977,Ethinylestradiol,Ethinyl Estradiol,D004997,MESH:D014693,Ventricular Fibrillation
DB00717,Norethisterone,Norethindrone,D009640,MESH:D013035,Spasm
DB00717,Norethisterone,Norethindrone Acetate,D000077563,MESH:D003866,Depressive Disorder
DB00717,Norethisterone,Norethindrone Acetate,D000077563,MESH:D017202,Myocardial Ischemia
DB00717,Norethisterone,Norethindrone Acetate,D000077563,MESH:D007319,Sleep Initiation and Maintenance Disorders
DB00763,Methimazole,Methimazole,D008713,MESH:D006332,Cardiomegaly
DB00763,Methimazole,Methimazole,D008713,MESH:D009202,Cardiomyopathies
DB00763,Methimazole,Methimazole,D008713,MESH:D056486,Chemical and Drug Induced Liver Injury
DB00763,Methimazole,Methimazole,D008713,MESH:D019465,Craniofacial Abnormalities
DB00763,Methimazole,Methimazole,D008713,MESH:D004827,Epilepsy
DB00763,Methimazole,Methimazole,D008713,MESH:D006042,Goiter
DB00763,Methimazole,Methimazole,D008713,MESH:D006111,Graves Disease
DB00763,Methimazole,Methimazole,D008713,MESH:D006973,Hypertension
DB00763,Methimazole,Methimazole,D008713,MESH:D006980,Hyperthyroidism
DB00763,Methimazole,Methimazole,D008713,MESH:D008107,Liver Diseases
DB00763,Methimazole,Methimazole,D008713,MESH:D009336,Necrosis
DB00763,Methimazole,Methimazole,D008713,MESH:D010198,Pancytopenia
DB00763,Methimazole,Methimazole,D008713,MESH:D011297,Prenatal Exposure Delayed Effects
DB00763,Methimazole,Methimazole,D008713,MESH:D051437,Renal Insufficiency
DB00763,Methimazole,Methimazole,D008713,MESH:D012868,Skin Abnormalities
DB00763,Methimazole,Methimazole,D008713,MESH:D013971,Thyrotoxicosis
DB01103,Quinacrine,Quinacrine,D011796,MESH:D006470,Hemorrhage
DB01103,Quinacrine,Quinacrine,D011796,MESH:D006930,Hyperalgesia
DB01103,Quinacrine,Quinacrine,D011796,MESH:D010996,Pleural Effusion
DB01103,Quinacrine,Quinacrine,D011796,MESH:D013272,Stomach Diseases
DB01103,Quinacrine,Quinacrine,D011796,MESH:D013375,Substance Withdrawal Syndrome
DB00943,Zalcitabine,Zalcitabine,D016047,MESH:D000163,Acquired Immunodeficiency Syndrome
DB00943,Zalcitabine,Zalcitabine,D016047,MESH:D015658,HIV Infections
DB00115,Vitamin B12,Vitamin B 12,D014805,MESH:D000544,Alzheimer Disease
DB00115,Vitamin B12,Vitamin B 12,D014805,MESH:D000740,Anemia
DB00115,Vitamin B12,Vitamin B 12,D014805,MESH:D001284,Atrophy
DB00115,Vitamin B12,Vitamin B 12,D014805,MESH:D001724,Birth Weight
DB00115,Vitamin B12,Vitamin B 12,D014805,MESH:D001791,Blood Platelet Disorders
DB00115,Vitamin B12,Vitamin B 12,D014805,MESH:D002386,Cataract
DB00115,Vitamin B12,Vitamin B 12,D014805,MESH:D056486,Chemical and Drug Induced Liver Injury
DB00115,Vitamin B12,Vitamin B 12,D014805,MESH:D003072,Cognition Disorders
DB00115,Vitamin B12,Vitamin B 12,D014805,MESH:D005234,Fatty Liver
DB00115,Vitamin B12,Vitamin B 12,D014805,MESH:D005911,Gliosis
DB00115,Vitamin B12,Vitamin B 12,D014805,MESH:D016481,Helicobacter Infections
DB00115,Vitamin B12,Vitamin B 12,D014805,MESH:D020138,Hyperhomocysteinemia
DB00115,Vitamin B12,Vitamin B 12,D014805,MESH:D009369,Neoplasms
DB00115,Vitamin B12,Vitamin B 12,D014805,MESH:D009461,Neurologic Manifestations
DB00115,Vitamin B12,Vitamin B 12,D014805,MESH:D065626,Non-alcoholic Fatty Liver Disease
DB00115,Vitamin B12,Vitamin B 12,D014805,MESH:D009902,Optic Neuritis
DB00115,Vitamin B12,Vitamin B 12,D014805,MESH:D010146,Pain
DB00115,Vitamin B12,Vitamin B 12,D014805,MESH:D010198,Pancytopenia
DB00115,Vitamin B12,Vitamin B 12,D014805,MESH:D010523,Peripheral Nervous System Diseases
DB00115,Vitamin B12,Vitamin B 12,D014805,MESH:D010922,Placenta Diseases
DB00115,Vitamin B12,Vitamin B 12,D014805,MESH:D013118,Spinal Cord Diseases
DB00115,Vitamin B12,Vitamin B 12,D014805,MESH:D020521,Stroke
DB00115,Vitamin B12,Vitamin B 12,D014805,MESH:D014806,Vitamin B 12 Deficiency
DB01159,Halothane,Halothane,D006221,MESH:D001249,Asthma
DB01159,Halothane,Halothane,D006221,MESH:D001930,Brain Injuries
DB01159,Halothane,Halothane,D006221,MESH:D006973,Hypertension
DB01159,Halothane,Halothane,D006221,MESH:D010146,Pain
DB01159,Halothane,Halothane,D006221,MESH:D013226,Status Epilepticus
DB01159,Halothane,Halothane,D006221,MESH:D013610,Tachycardia
DB01159,Halothane,Halothane,D006221,MESH:D013927,Thrombosis
DB01234,Dexamethasone,Dexamethasone,D003907,MESH:D015746,Abdominal Pain
DB01234,Dexamethasone,Dexamethasone,D003907,MESH:D000169,Acrodermatitis
DB01234,Dexamethasone,Dexamethasone,D003907,MESH:D058186,Acute Kidney Injury
DB01234,Dexamethasone,Dexamethasone,D003907,MESH:D055371,Acute Lung Injury
DB01234,Dexamethasone,Dexamethasone,D003907,MESH:D000236,Adenoma
DB01234,Dexamethasone,Dexamethasone,D003907,MESH:D000309,Adrenal Insufficiency
DB01234,Dexamethasone,Dexamethasone,D003907,MESH:D000402,Airway Obstruction
DB01234,Dexamethasone,Dexamethasone,D003907,MESH:D000419,Albuminuria
DB01234,Dexamethasone,Dexamethasone,D003907,MESH:D000856,Anorexia Nervosa
DB01234,Dexamethasone,Dexamethasone,D003907,MESH:D001168,Arthritis
DB01234,Dexamethasone,Dexamethasone,D003907,MESH:D001249,Asthma
DB01234,Dexamethasone,Dexamethasone,D003907,MESH:D001259,Ataxia
DB01234,Dexamethasone,Dexamethasone,D003907,MESH:D001766,Blindness
DB01234,Dexamethasone,Dexamethasone,D003907,MESH:D001929,Brain Edema
DB01234,Dexamethasone,Dexamethasone,D003907,MESH:D001930,Brain Injuries
DB01234,Dexamethasone,Dexamethasone,D003907,MESH:D001932,Brain Neoplasms
DB01234,Dexamethasone,Dexamethasone,D003907,MESH:D001943,Breast Neoplasms
DB01234,Dexamethasone,Dexamethasone,D003907,MESH:D016535,Bronchial Hyperreactivity
DB01234,Dexamethasone,Dexamethasone,D003907,MESH:D001997,Bronchopulmonary Dysplasia
DB01234,Dexamethasone,Dexamethasone,D003907,MESH:D002051,Burkitt Lymphoma
DB01234,Dexamethasone,Dexamethasone,D003907,MESH:D006332,Cardiomegaly
DB01234,Dexamethasone,Dexamethasone,D003907,MESH:D009202,Cardiomyopathies
DB01234,Dexamethasone,Dexamethasone,D003907,MESH:D002543,Cerebral Hemorrhage
DB01234,Dexamethasone,Dexamethasone,D003907,MESH:D002544,Cerebral Infarction
DB01234,Dexamethasone,Dexamethasone,D003907,MESH:D056486,Chemical and Drug Induced Liver Injury
DB01234,Dexamethasone,Dexamethasone,D003907,MESH:D003110,Colonic Neoplasms
DB01234,Dexamethasone,Dexamethasone,D003907,MESH:D003316,Corneal Diseases
DB01234,Dexamethasone,Dexamethasone,D003907,MESH:D065306,Corneal Injuries
DB01234,Dexamethasone,Dexamethasone,D003907,MESH:D006259,Craniocerebral Trauma
DB01234,Dexamethasone,Dexamethasone,D003907,MESH:D003556,Cystitis
DB01234,Dexamethasone,Dexamethasone,D003907,MESH:D003711,Demyelinating Diseases
DB01234,Dexamethasone,Dexamethasone,D003907,MESH:D003866,Depressive Disorder
DB01234,Dexamethasone,Dexamethasone,D003907,MESH:D003967,Diarrhea
DB01234,Dexamethasone,Dexamethasone,D003907,MESH:D062787,Drug Overdose
DB01234,Dexamethasone,Dexamethasone,D003907,MESH:D004443,Echinococcosis
DB01234,Dexamethasone,Dexamethasone,D003907,MESH:D004485,Eczema
DB01234,Dexamethasone,Dexamethasone,D003907,MESH:D004487,Edema
DB01234,Dexamethasone,Dexamethasone,D003907,MESH:D016889,Endometrial Neoplasms
DB01234,Dexamethasone,Dexamethasone,D003907,MESH:D019446,Endotoxemia
DB01234,Dexamethasone,Dexamethasone,D003907,MESH:D004802,Eosinophilia
DB01234,Dexamethasone,Dexamethasone,D003907,MESH:D004827,Epilepsy
DB01234,Dexamethasone,Dexamethasone,D003907,MESH:D004890,Erythema
DB01234,Dexamethasone,Dexamethasone,D003907,MESH:D005119,Extravasation of Diagnostic and Therapeutic Materials
DB01234,Dexamethasone,Dexamethasone,D003907,MESH:D005334,Fever
DB01234,Dexamethasone,Dexamethasone,D003907,MESH:D005354,Fibrosarcoma
DB01234,Dexamethasone,Dexamethasone,D003907,MESH:D005355,Fibrosis
DB01234,Dexamethasone,Dexamethasone,D003907,MESH:D005909,Glioblastoma
DB01234,Dexamethasone,Dexamethasone,D003907,MESH:D005910,Glioma
DB01234,Dexamethasone,Dexamethasone,D003907,MESH:D034381,Hearing Loss
DB01234,Dexamethasone,Dexamethasone,D003907,MESH:D006333,Heart Failure
DB01234,Dexamethasone,Dexamethasone,D003907,MESH:D006406,Hematoma
DB01234,Dexamethasone,Dexamethasone,D003907,MESH:D006470,Hemorrhage
DB01234,Dexamethasone,Dexamethasone,D003907,MESH:D006929,Hyperaldosteronism
DB01234,Dexamethasone,Dexamethasone,D003907,MESH:D006940,Hyperemia
DB01234,Dexamethasone,Dexamethasone,D003907,MESH:D006943,Hyperglycemia
DB01234,Dexamethasone,Dexamethasone,D003907,MESH:D006948,Hyperkinesis
DB01234,Dexamethasone,Dexamethasone,D003907,MESH:D006967,Hypersensitivity
DB01234,Dexamethasone,Dexamethasone,D003907,MESH:D006973,Hypertension
DB01234,Dexamethasone,Dexamethasone,D003907,MESH:D007003,Hypoglycemia
DB01234,Dexamethasone,Dexamethasone,D003907,MESH:D007008,Hypokalemia
DB01234,Dexamethasone,Dexamethasone,D003907,MESH:D007022,Hypotension
DB01234,Dexamethasone,Dexamethasone,D003907,MESH:D007249,Inflammation
DB01234,Dexamethasone,Dexamethasone,D003907,MESH:D015212,Inflammatory Bowel Diseases
DB01234,Dexamethasone,Dexamethasone,D003907,MESH:D055959,Intervertebral Disc Degeneration
DB01234,Dexamethasone,Dexamethasone,D003907,MESH:D019586,Intracranial Hypertension
DB01234,Dexamethasone,Dexamethasone,D003907,MESH:D007674,Kidney Diseases
DB01234,Dexamethasone,Dexamethasone,D003907,MESH:D008113,Liver Neoplasms
DB01234,Dexamethasone,Dexamethasone,D003907,MESH:D008171,Lung Diseases
DB01234,Dexamethasone,Dexamethasone,D003907,MESH:D055370,Lung Injury
DB01234,Dexamethasone,Dexamethasone,D003907,MESH:D008175,Lung Neoplasms
DB01234,Dexamethasone,Dexamethasone,D003907,MESH:D008181,Lupus Nephritis
DB01234,Dexamethasone,Dexamethasone,D003907,MESH:D008223,Lymphoma
DB01234,Dexamethasone,Dexamethasone,D003907,MESH:D008413,Mastitis
DB01234,Dexamethasone,Dexamethasone,D003907,MESH:D017241,MELAS Syndrome
DB01234,Dexamethasone,Dexamethasone,D003907,MESH:D008579,Meningioma
DB01234,Dexamethasone,Dexamethasone,D003907,MESH:D009101,Multiple Myeloma
DB01234,Dexamethasone,Dexamethasone,D003907,MESH:D009190,Myelodysplastic Syndromes
DB01234,Dexamethasone,Dexamethasone,D003907,MESH:D009220,Myositis
DB01234,Dexamethasone,Dexamethasone,D003907,MESH:D015508,Nasal Obstruction
DB01234,Dexamethasone,Dexamethasone,D003907,MESH:D009325,Nausea
DB01234,Dexamethasone,Dexamethasone,D003907,MESH:D009336,Necrosis
DB01234,Dexamethasone,Dexamethasone,D003907,MESH:D009393,Nephritis
DB01234,Dexamethasone,Dexamethasone,D003907,MESH:D009461,Neurologic Manifestations
DB01234,Dexamethasone,Dexamethasone,D003907,MESH:D009846,Oliguria
DB01234,Dexamethasone,Dexamethasone,D003907,MESH:D010146,Pain
DB01234,Dexamethasone,Dexamethasone,D003907,MESH:D010190,Pancreatic Neoplasms
DB01234,Dexamethasone,Dexamethasone,D003907,MESH:D010292,Paresthesia
DB01234,Dexamethasone,Dexamethasone,D003907,MESH:D010392,Pemphigus
DB01234,Dexamethasone,Dexamethasone,D003907,MESH:D010490,Pericardial Effusion
DB01234,Dexamethasone,Dexamethasone,D003907,MESH:D010538,Peritonitis
DB01234,Dexamethasone,Dexamethasone,D003907,MESH:D010899,Pituitary Apoplexy
DB01234,Dexamethasone,Dexamethasone,D003907,MESH:D010996,Pleural Effusion
DB01234,Dexamethasone,Dexamethasone,D003907,MESH:D011014,Pneumonia
DB01234,Dexamethasone,Dexamethasone,D003907,MESH:D010149,Postoperative Pain
DB01234,Dexamethasone,Dexamethasone,D003907,MESH:D015452,Precursor B-Cell Lymphoblastic Leukemia-Lymphoma
DB01234,Dexamethasone,Dexamethasone,D003907,MESH:D054198,Precursor Cell Lymphoblastic Leukemia-Lymphoma
DB01234,Dexamethasone,Dexamethasone,D003907,MESH:D054218,Precursor T-Cell Lymphoblastic Leukemia-Lymphoma
DB01234,Dexamethasone,Dexamethasone,D003907,MESH:D049188,Prenatal Injuries
DB01234,Dexamethasone,Dexamethasone,D003907,MESH:D011471,Prostatic Neoplasms
DB01234,Dexamethasone,Dexamethasone,D003907,MESH:D011507,Proteinuria
DB01234,Dexamethasone,Dexamethasone,D003907,MESH:D011654,Pulmonary Edema
DB01234,Dexamethasone,Dexamethasone,D003907,MESH:D011657,Pulmonary Eosinophilia
DB01234,Dexamethasone,Dexamethasone,D003907,MESH:D011658,Pulmonary Fibrosis
DB01234,Dexamethasone,Dexamethasone,D003907,MESH:D012008,Recurrence
DB01234,Dexamethasone,Dexamethasone,D003907,MESH:D051437,Renal Insufficiency
DB01234,Dexamethasone,Dexamethasone,D003907,MESH:D015427,Reperfusion Injury
DB01234,Dexamethasone,Dexamethasone,D003907,MESH:D012120,Respiration Disorders
DB01234,Dexamethasone,Dexamethasone,D003907,MESH:D012128,Respiratory Distress Syndrome
DB01234,Dexamethasone,Dexamethasone,D003907,MESH:D012130,Respiratory Hypersensitivity
DB01234,Dexamethasone,Dexamethasone,D003907,MESH:D012640,Seizures
DB01234,Dexamethasone,Dexamethasone,D003907,MESH:D018805,Sepsis
DB01234,Dexamethasone,Dexamethasone,D003907,MESH:D012912,Sneezing
DB01234,Dexamethasone,Dexamethasone,D003907,MESH:D013118,Spinal Cord Diseases
DB01234,Dexamethasone,Dexamethasone,D003907,MESH:D013203,Staphylococcal Infections
DB01234,Dexamethasone,Dexamethasone,D003907,MESH:D013272,Stomach Diseases
DB01234,Dexamethasone,Dexamethasone,D003907,MESH:D013276,Stomach Ulcer
DB01234,Dexamethasone,Dexamethasone,D003907,MESH:D020521,Stroke
DB01234,Dexamethasone,Dexamethasone,D003907,MESH:D013345,Subarachnoid Hemorrhage
DB01234,Dexamethasone,Dexamethasone,D003907,MESH:D013375,Substance Withdrawal Syndrome
DB01234,Dexamethasone,Dexamethasone,D003907,MESH:D013610,Tachycardia
DB01234,Dexamethasone,Dexamethasone,D003907,MESH:D013736,Testicular Neoplasms
DB01234,Dexamethasone,Dexamethasone,D003907,MESH:D013971,Thyrotoxicosis
DB01234,Dexamethasone,Dexamethasone,D003907,MESH:D014012,Tinnitus
DB01234,Dexamethasone,Dexamethasone,D003907,MESH:D014511,Uremia
DB01234,Dexamethasone,Dexamethasone,D003907,MESH:D014581,Urticaria
DB01234,Dexamethasone,Dexamethasone,D003907,MESH:D014605,Uveitis
DB01234,Dexamethasone,Dexamethasone,D003907,MESH:D014839,Vomiting
DB01234,Dexamethasone,Dexamethasone,D003907,MESH:D008258,Waldenstrom Macroglobulinemia
DB01234,Dexamethasone,Dexamethasone,D003907,MESH:D015430,Weight Gain
DB01234,Dexamethasone,Dexamethasone,D003907,MESH:D015431,Weight Loss
DB01234,Dexamethasone,Dexamethasone,D003907,MESH:D014947,Wounds and Injuries
DB00631,Clofarabine,Clofarabine,D000077866,MESH:D054198,Precursor Cell Lymphoblastic Leukemia-Lymphoma
DB00439,Cerivastatin,cerivastatin,C086276,MESH:D006332,Cardiomegaly
DB00439,Cerivastatin,cerivastatin,C086276,MESH:D006333,Heart Failure
DB00439,Cerivastatin,cerivastatin,C086276,MESH:D006937,Hypercholesterolemia
DB00439,Cerivastatin,cerivastatin,C086276,MESH:D006949,Hyperlipidemias
DB00394,Beclomethasone dipropionate,Beclomethasone,D001507,MESH:D000402,Airway Obstruction
DB00394,Beclomethasone dipropionate,Beclomethasone,D001507,MESH:D001249,Asthma
DB00394,Beclomethasone dipropionate,Beclomethasone,D001507,MESH:D016535,Bronchial Hyperreactivity
DB00394,Beclomethasone dipropionate,Beclomethasone,D001507,MESH:D004417,Dyspnea
DB00394,Beclomethasone dipropionate,Beclomethasone,D001507,MESH:D004802,Eosinophilia
DB00394,Beclomethasone dipropionate,Beclomethasone,D001507,MESH:D007249,Inflammation
DB00394,Beclomethasone dipropionate,Beclomethasone,D001507,MESH:D008171,Lung Diseases
DB00394,Beclomethasone dipropionate,Beclomethasone,D001507,MESH:D009362,Neoplasm Metastasis
DB00394,Beclomethasone dipropionate,Beclomethasone,D001507,MESH:D000857,Olfaction Disorders
DB00394,Beclomethasone dipropionate,Beclomethasone,D001507,MESH:D011183,Postoperative Complications
DB00394,Beclomethasone dipropionate,Beclomethasone,D001507,MESH:D011654,Pulmonary Edema
DB00394,Beclomethasone dipropionate,Beclomethasone,D001507,MESH:D011657,Pulmonary Eosinophilia
DB00394,Beclomethasone dipropionate,Beclomethasone,D001507,MESH:D012130,Respiratory Hypersensitivity
DB00394,Beclomethasone dipropionate,Beclomethasone,D001507,MESH:D012220,Rhinitis
DB00394,Beclomethasone dipropionate,Beclomethasone,D001507,MESH:D012852,Sinusitis
DB14487,Zinc acetate,Zinc Acetate,D019345,MESH:D006527,Hepatolenticular Degeneration
DB01172,Kanamycin,Kanamycin,D007612,MESH:D004927,Escherichia coli Infections
DB01172,Kanamycin,Kanamycin,D007612,MESH:D008581,Meningitis
DB01172,Kanamycin,Kanamycin,D007612,MESH:D016870,Neisseriaceae Infections
DB01172,Kanamycin,Kanamycin,D007612,MESH:D018805,Sepsis
DB01172,Kanamycin,Kanamycin,D007612,MESH:D014376,Tuberculosis
DB09073,Palbociclib,palbociclib,C500026,MESH:D020295,Brain Stem Neoplasms
DB09073,Palbociclib,palbociclib,C500026,MESH:D001943,Breast Neoplasms
DB09073,Palbociclib,palbociclib,C500026,MESH:D002869,Chromosome Aberrations
DB09073,Palbociclib,palbociclib,C500026,MESH:D006965,Hyperplasia
DB09073,Palbociclib,palbociclib,C500026,MESH:D008080,Liposarcoma
DB09073,Palbociclib,palbociclib,C500026,MESH:D009362,Neoplasm Metastasis
DB09073,Palbociclib,palbociclib,C500026,MESH:D013736,Testicular Neoplasms
DB09073,Palbociclib,palbociclib,C500026,MESH:D064726,Triple Negative Breast Neoplasms
DB09073,Palbociclib,palbociclib,C500026,MESH:D001749,Urinary Bladder Neoplasms
DB06774,Capsaicin,Capsaicin,D002211,MESH:D058739,Aberrant Crypt Foci
DB06774,Capsaicin,Capsaicin,D002211,MESH:D058186,Acute Kidney Injury
DB06774,Capsaicin,Capsaicin,D002211,MESH:D000505,Alopecia
DB06774,Capsaicin,Capsaicin,D002211,MESH:D001008,Anxiety Disorders
DB06774,Capsaicin,Capsaicin,D002211,MESH:D050197,Atherosclerosis
DB06774,Capsaicin,Capsaicin,D002211,MESH:D001930,Brain Injuries
DB06774,Capsaicin,Capsaicin,D002211,MESH:D002545,Brain Ischemia
DB06774,Capsaicin,Capsaicin,D002211,MESH:D001943,Breast Neoplasms
DB06774,Capsaicin,Capsaicin,D002211,MESH:D056486,Chemical and Drug Induced Liver Injury
DB06774,Capsaicin,Capsaicin,D002211,MESH:D019457,Chromosome Breakage
DB06774,Capsaicin,Capsaicin,D002211,MESH:D003875,Drug Eruptions
DB06774,Capsaicin,Capsaicin,D002211,MESH:D004381,Duodenal Ulcer
DB06774,Capsaicin,Capsaicin,D002211,MESH:D004487,Edema
DB06774,Capsaicin,Capsaicin,D002211,MESH:D005119,Extravasation of Diagnostic and Therapeutic Materials
DB06774,Capsaicin,Capsaicin,D002211,MESH:D005234,Fatty Liver
DB06774,Capsaicin,Capsaicin,D002211,MESH:D001068,Feeding and Eating Disorders
DB06774,Capsaicin,Capsaicin,D002211,MESH:D005909,Glioblastoma
DB06774,Capsaicin,Capsaicin,D002211,MESH:D018149,Glucose Intolerance
DB06774,Capsaicin,Capsaicin,D002211,MESH:D006930,Hyperalgesia
DB06774,Capsaicin,Capsaicin,D002211,MESH:D006937,Hypercholesterolemia
DB06774,Capsaicin,Capsaicin,D002211,MESH:D006940,Hyperemia
DB06774,Capsaicin,Capsaicin,D002211,MESH:D006943,Hyperglycemia
DB06774,Capsaicin,Capsaicin,D002211,MESH:D006948,Hyperkinesis
DB06774,Capsaicin,Capsaicin,D002211,MESH:D006949,Hyperlipidemias
DB06774,Capsaicin,Capsaicin,D002211,MESH:D006973,Hypertension
DB06774,Capsaicin,Capsaicin,D002211,MESH:D007249,Inflammation
DB06774,Capsaicin,Capsaicin,D002211,MESH:D008107,Liver Diseases
DB06774,Capsaicin,Capsaicin,D002211,MESH:D008113,Liver Neoplasms
DB06774,Capsaicin,Capsaicin,D002211,MESH:D017116,Low Back Pain
DB06774,Capsaicin,Capsaicin,D002211,MESH:D008175,Lung Neoplasms
DB06774,Capsaicin,Capsaicin,D002211,MESH:D008659,Metabolic Diseases
DB06774,Capsaicin,Capsaicin,D002211,MESH:D009069,Movement Disorders
DB06774,Capsaicin,Capsaicin,D002211,MESH:D009101,Multiple Myeloma
DB06774,Capsaicin,Capsaicin,D002211,MESH:D009369,Neoplasms
DB06774,Capsaicin,Capsaicin,D002211,MESH:D009437,Neuralgia
DB06774,Capsaicin,Capsaicin,D002211,MESH:D009765,Obesity
DB06774,Capsaicin,Capsaicin,D002211,MESH:D010003,Osteoarthritis
DB06774,Capsaicin,Capsaicin,D002211,MESH:D010146,Pain
DB06774,Capsaicin,Capsaicin,D002211,MESH:D010190,Pancreatic Neoplasms
DB06774,Capsaicin,Capsaicin,D002211,MESH:D010523,Peripheral Nervous System Diseases
DB06774,Capsaicin,Capsaicin,D002211,MESH:D011471,Prostatic Neoplasms
DB06774,Capsaicin,Capsaicin,D002211,MESH:D011537,Pruritus
DB06774,Capsaicin,Capsaicin,D002211,MESH:D015427,Reperfusion Injury
DB06774,Capsaicin,Capsaicin,D002211,MESH:D012678,Sensation Disorders
DB06774,Capsaicin,Capsaicin,D002211,MESH:D018805,Sepsis
DB06774,Capsaicin,Capsaicin,D002211,MESH:D013276,Stomach Ulcer
DB06774,Capsaicin,Capsaicin,D002211,MESH:D001745,Urinary Bladder Diseases
DB06774,Capsaicin,Capsaicin,D002211,MESH:D014555,Urination Disorders
DB06774,Capsaicin,Capsaicin,D002211,MESH:D015430,Weight Gain
DB00550,Propylthiouracil,Propylthiouracil,D011441,MESH:D056486,Chemical and Drug Induced Liver Injury
DB00550,Propylthiouracil,Propylthiouracil,D011441,MESH:D006042,Goiter
DB00550,Propylthiouracil,Propylthiouracil,D011441,MESH:D006111,Graves Disease
DB00550,Propylthiouracil,Propylthiouracil,D011441,MESH:D006973,Hypertension
DB00550,Propylthiouracil,Propylthiouracil,D011441,MESH:D006980,Hyperthyroidism
DB00550,Propylthiouracil,Propylthiouracil,D011441,MESH:D013971,Thyrotoxicosis
DB00398,Sorafenib,Sorafenib,D000077157,MESH:D001943,Breast Neoplasms
DB00398,Sorafenib,Sorafenib,D000077157,MESH:D056486,Chemical and Drug Induced Liver Injury
DB00398,Sorafenib,Sorafenib,D000077157,MESH:D015179,Colorectal Neoplasms
DB00398,Sorafenib,Sorafenib,D000077157,MESH:D016889,Endometrial Neoplasms
DB00398,Sorafenib,Sorafenib,D000077157,MESH:D046152,Gastrointestinal Stromal Tumors
DB00398,Sorafenib,Sorafenib,D000077157,MESH:D006973,Hypertension
DB00398,Sorafenib,Sorafenib,D000077157,MESH:D007680,Kidney Neoplasms
DB00398,Sorafenib,Sorafenib,D000077157,MESH:D007938,Leukemia
DB00398,Sorafenib,Sorafenib,D000077157,MESH:D008080,Liposarcoma
DB00398,Sorafenib,Sorafenib,D000077157,MESH:D008113,Liver Neoplasms
DB00398,Sorafenib,Sorafenib,D000077157,MESH:D008527,Medulloblastoma
DB00398,Sorafenib,Sorafenib,D000077157,MESH:D008545,Melanoma
DB00398,Sorafenib,Sorafenib,D000077157,MESH:D008654,Mesothelioma
DB00398,Sorafenib,Sorafenib,D000077157,MESH:D009361,Neoplasm Invasiveness
DB00398,Sorafenib,Sorafenib,D000077157,MESH:D009362,Neoplasm Metastasis
DB00398,Sorafenib,Sorafenib,D000077157,MESH:D009369,Neoplasms
DB00398,Sorafenib,Sorafenib,D000077157,MESH:D010051,Ovarian Neoplasms
DB00398,Sorafenib,Sorafenib,D000077157,MESH:D013274,Stomach Neoplasms
DB01174,Phenobarbital,Phenobarbital,D010634,MESH:D020270,Alcohol Withdrawal Seizures
DB01174,Phenobarbital,Phenobarbital,D010634,MESH:D001049,Apnea
DB01174,Phenobarbital,Phenobarbital,D010634,MESH:D001249,Asthma
DB01174,Phenobarbital,Phenobarbital,D010634,MESH:D001342,Autonomic Nervous System Diseases
DB01174,Phenobarbital,Phenobarbital,D010634,MESH:D001847,Bone Diseases
DB01174,Phenobarbital,Phenobarbital,D010634,MESH:D001930,Brain Injuries
DB01174,Phenobarbital,Phenobarbital,D010634,MESH:D002543,Cerebral Hemorrhage
DB01174,Phenobarbital,Phenobarbital,D010634,MESH:D056486,Chemical and Drug Induced Liver Injury
DB01174,Phenobarbital,Phenobarbital,D010634,MESH:D002779,Cholestasis
DB01174,Phenobarbital,Phenobarbital,D010634,MESH:D004381,Duodenal Ulcer
DB01174,Phenobarbital,Phenobarbital,D010634,MESH:D020820,Dyskinesias
DB01174,Phenobarbital,Phenobarbital,D010634,MESH:D004421,Dystonia
DB01174,Phenobarbital,Phenobarbital,D010634,MESH:D004827,Epilepsy
DB01174,Phenobarbital,Phenobarbital,D010634,MESH:D005234,Fatty Liver
DB01174,Phenobarbital,Phenobarbital,D010634,MESH:D005313,Fetal Death
DB01174,Phenobarbital,Phenobarbital,D010634,MESH:D005317,Fetal Growth Retardation
DB01174,Phenobarbital,Phenobarbital,D010634,MESH:D006501,Hepatic Encephalopathy
DB01174,Phenobarbital,Phenobarbital,D010634,MESH:D006930,Hyperalgesia
DB01174,Phenobarbital,Phenobarbital,D010634,MESH:D007674,Kidney Diseases
DB01174,Phenobarbital,Phenobarbital,D010634,MESH:D007859,Learning Disabilities
DB01174,Phenobarbital,Phenobarbital,D010634,MESH:D009336,Necrosis
DB01174,Phenobarbital,Phenobarbital,D010634,MESH:D009436,Neural Tube Defects
DB01174,Phenobarbital,Phenobarbital,D010634,MESH:D010146,Pain
DB01174,Phenobarbital,Phenobarbital,D010634,MESH:D010243,Paralysis
DB01174,Phenobarbital,Phenobarbital,D010634,MESH:D010554,Personality Disorders
DB01174,Phenobarbital,Phenobarbital,D010634,MESH:D011230,Precancerous Conditions
DB01174,Phenobarbital,Phenobarbital,D010634,MESH:D011297,Prenatal Exposure Delayed Effects
DB01174,Phenobarbital,Phenobarbital,D010634,MESH:D012008,Recurrence
DB01174,Phenobarbital,Phenobarbital,D010634,MESH:D012559,Schizophrenia
DB01174,Phenobarbital,Phenobarbital,D010634,MESH:D012640,Seizures
DB01174,Phenobarbital,Phenobarbital,D010634,MESH:D013226,Status Epilepticus
DB01174,Phenobarbital,Phenobarbital,D010634,MESH:D013341,Sturge-Weber Syndrome
DB01174,Phenobarbital,Phenobarbital,D010634,MESH:D013375,Substance Withdrawal Syndrome
DB01174,Phenobarbital,Phenobarbital,D010634,MESH:D014202,Tremor
DB01174,Phenobarbital,Phenobarbital,D010634,MESH:D001745,Urinary Bladder Diseases
DB00951,Isoniazid,Isoniazid,D007538,MESH:D005767,Gastrointestinal Diseases
DB00951,Isoniazid,Isoniazid,D007538,MESH:D006505,Hepatitis
DB00951,Isoniazid,Isoniazid,D007538,MESH:D015658,HIV Infections
DB00951,Isoniazid,Isoniazid,D007538,MESH:D009164,Mycobacterium Infections
DB00951,Isoniazid,Isoniazid,D007538,MESH:D009422,Nervous System Diseases
DB00951,Isoniazid,Isoniazid,D007538,MESH:D014376,Tuberculosis
DB00951,Isoniazid,Isoniazid,D007538,MESH:D014947,Wounds and Injuries
DB00605,Sulindac,Sulindac,D013467,MESH:D058739,Aberrant Crypt Foci
DB00605,Sulindac,Sulindac,D013467,MESH:D000230,Adenocarcinoma
DB00605,Sulindac,Sulindac,D013467,MESH:D000236,Adenoma
DB00605,Sulindac,Sulindac,D013467,MESH:D011125,Adenomatous Polyposis Coli
DB00605,Sulindac,Sulindac,D013467,MESH:D018256,Adenomatous Polyps
DB00605,Sulindac,Sulindac,D013467,MESH:D001168,Arthritis
DB00605,Sulindac,Sulindac,D013467,MESH:D001913,Bowen's Disease
DB00605,Sulindac,Sulindac,D013467,MESH:D001943,Breast Neoplasms
DB00605,Sulindac,Sulindac,D013467,MESH:D002375,Catalepsy
DB00605,Sulindac,Sulindac,D013467,MESH:D003110,Colonic Neoplasms
DB00605,Sulindac,Sulindac,D013467,MESH:D015179,Colorectal Neoplasms
DB00605,Sulindac,Sulindac,D013467,MESH:D018222,Desmoid Tumors
DB00605,Sulindac,Sulindac,D013467,MESH:D003929,Diabetic Neuropathies
DB00605,Sulindac,Sulindac,D013467,MESH:D003930,Diabetic Retinopathy
DB00605,Sulindac,Sulindac,D013467,MESH:D004487,Edema
DB00605,Sulindac,Sulindac,D013467,MESH:D004715,Endometriosis
DB00605,Sulindac,Sulindac,D013467,MESH:D004938,Esophageal Neoplasms
DB00605,Sulindac,Sulindac,D013467,MESH:D005334,Fever
DB00605,Sulindac,Sulindac,D013467,MESH:D005764,Gastroesophageal Reflux
DB00605,Sulindac,Sulindac,D013467,MESH:D006965,Hyperplasia
DB00605,Sulindac,Sulindac,D013467,MESH:D007249,Inflammation
DB00605,Sulindac,Sulindac,D013467,MESH:D007414,Intestinal Neoplasms
DB00605,Sulindac,Sulindac,D013467,MESH:D007417,Intestinal Polyps
DB00605,Sulindac,Sulindac,D013467,MESH:D008175,Lung Neoplasms
DB00605,Sulindac,Sulindac,D013467,MESH:D008545,Melanoma
DB00605,Sulindac,Sulindac,D013467,MESH:D008569,Memory Disorders
DB00605,Sulindac,Sulindac,D013467,MESH:D009336,Necrosis
DB00605,Sulindac,Sulindac,D013467,MESH:D019636,Neurodegenerative Diseases
DB00605,Sulindac,Sulindac,D013467,MESH:D010003,Osteoarthritis
DB00605,Sulindac,Sulindac,D013467,MESH:D010146,Pain
DB00605,Sulindac,Sulindac,D013467,MESH:D010190,Pancreatic Neoplasms
DB00605,Sulindac,Sulindac,D013467,MESH:D011230,Precancerous Conditions
DB00605,Sulindac,Sulindac,D013467,MESH:D012640,Seizures
DB00605,Sulindac,Sulindac,D013467,MESH:D014594,Uterine Neoplasms
DB01168,Procarbazine,Procarbazine,D011344,MESH:D001254,Astrocytoma
DB01168,Procarbazine,Procarbazine,D011344,MESH:D001932,Brain Neoplasms
DB01168,Procarbazine,Procarbazine,D011344,MESH:D016543,Central Nervous System Neoplasms
DB01168,Procarbazine,Procarbazine,D011344,MESH:D004806,Ependymoma
DB01168,Procarbazine,Procarbazine,D011344,MESH:D005134,Eye Neoplasms
DB01168,Procarbazine,Procarbazine,D011344,MESH:D005910,Glioma
DB01168,Procarbazine,Procarbazine,D011344,MESH:D018325,Hemangioblastoma
DB01168,Procarbazine,Procarbazine,D011344,MESH:D006689,Hodgkin Disease
DB01168,Procarbazine,Procarbazine,D011344,MESH:D008223,Lymphoma
DB01168,Procarbazine,Procarbazine,D011344,MESH:D008527,Medulloblastoma
DB01168,Procarbazine,Procarbazine,D011344,MESH:D009101,Multiple Myeloma
DB01168,Procarbazine,Procarbazine,D011344,MESH:D009837,Oligodendroglioma
DB00307,Bexarotene,Bexarotene,D000077610,MESH:D000230,Adenocarcinoma
DB00307,Bexarotene,Bexarotene,D000077610,MESH:D001943,Breast Neoplasms
DB00307,Bexarotene,Bexarotene,D000077610,MESH:D003110,Colonic Neoplasms
DB00307,Bexarotene,Bexarotene,D000077610,MESH:D008175,Lung Neoplasms
DB00347,Trimethadione,Trimethadione,D014293,MESH:D001008,Anxiety Disorders
DB00347,Trimethadione,Trimethadione,D014293,MESH:D004827,Epilepsy
DB00347,Trimethadione,Trimethadione,D014293,MESH:D010195,Pancreatitis
DB00347,Trimethadione,Trimethadione,D014293,MESH:D012640,Seizures
DB01033,Mercaptopurine,Mercaptopurine,D015122,MESH:D003424,Crohn Disease
DB01033,Mercaptopurine,Mercaptopurine,D015122,MESH:D006331,Heart Diseases
DB01033,Mercaptopurine,Mercaptopurine,D015122,MESH:D015212,Inflammatory Bowel Diseases
DB01033,Mercaptopurine,Mercaptopurine,D015122,MESH:D007938,Leukemia
DB01033,Mercaptopurine,Mercaptopurine,D015122,MESH:D056784,Leukoencephalopathies
DB01033,Mercaptopurine,Mercaptopurine,D015122,MESH:D015452,Precursor B-Cell Lymphoblastic Leukemia-Lymphoma
DB01033,Mercaptopurine,Mercaptopurine,D015122,MESH:D054198,Precursor Cell Lymphoblastic Leukemia-Lymphoma
DB01033,Mercaptopurine,Mercaptopurine,D015122,MESH:D054218,Precursor T-Cell Lymphoblastic Leukemia-Lymphoma
DB01033,Mercaptopurine,Mercaptopurine,D015122,MESH:D012640,Seizures
DB00158,Folic acid,Folic Acid,D005492,MESH:D000236,Adenoma
DB00158,Folic acid,Folic Acid,D005492,MESH:D000430,Alcohol Withdrawal Delirium
DB00158,Folic acid,Folic Acid,D005492,MESH:D000544,Alzheimer Disease
DB00158,Folic acid,Folic Acid,D005492,MESH:D000757,Anencephaly
DB00158,Folic acid,Folic Acid,D005492,MESH:D001161,Arteriosclerosis
DB00158,Folic acid,Folic Acid,D005492,MESH:D053627,Asthenozoospermia
DB00158,Folic acid,Folic Acid,D005492,MESH:D001284,Atrophy
DB00158,Folic acid,Folic Acid,D005492,MESH:D001714,Bipolar Disorder
DB00158,Folic acid,Folic Acid,D005492,MESH:D001724,Birth Weight
DB00158,Folic acid,Folic Acid,D005492,MESH:D001927,Brain Diseases
DB00158,Folic acid,Folic Acid,D005492,MESH:D001930,Brain Injuries
DB00158,Folic acid,Folic Acid,D005492,MESH:D001943,Breast Neoplasms
DB00158,Folic acid,Folic Acid,D005492,MESH:D018376,Cardiovascular Abnormalities
DB00158,Folic acid,Folic Acid,D005492,MESH:D002318,Cardiovascular Diseases
DB00158,Folic acid,Folic Acid,D005492,MESH:D002386,Cataract
DB00158,Folic acid,Folic Acid,D005492,MESH:D002524,Cerebellar Ataxia
DB00158,Folic acid,Folic Acid,D005492,MESH:D056486,Chemical and Drug Induced Liver Injury
DB00158,Folic acid,Folic Acid,D005492,MESH:D002971,Cleft Lip
DB00158,Folic acid,Folic Acid,D005492,MESH:D003072,Cognition Disorders
DB00158,Folic acid,Folic Acid,D005492,MESH:D015179,Colorectal Neoplasms
DB00158,Folic acid,Folic Acid,D005492,MESH:D003117,Color Vision Defects
DB00158,Folic acid,Folic Acid,D005492,MESH:D000013,Congenital Abnormalities
DB00158,Folic acid,Folic Acid,D005492,MESH:D020964,Embryo Loss
DB00158,Folic acid,Folic Acid,D005492,MESH:D016889,Endometrial Neoplasms
DB00158,Folic acid,Folic Acid,D005492,MESH:D005317,Fetal Growth Retardation
DB00158,Folic acid,Folic Acid,D005492,MESH:D005355,Fibrosis
DB00158,Folic acid,Folic Acid,D005492,MESH:D005494,Folic Acid Deficiency
DB00158,Folic acid,Folic Acid,D005492,MESH:D018149,Glucose Intolerance
DB00158,Folic acid,Folic Acid,D005492,MESH:D006261,Headache
DB00158,Folic acid,Folic Acid,D005492,MESH:D006402,Hematologic Diseases
DB00158,Folic acid,Folic Acid,D005492,MESH:D006529,Hepatomegaly
DB00158,Folic acid,Folic Acid,D005492,MESH:D006937,Hypercholesterolemia
DB00158,Folic acid,Folic Acid,D005492,MESH:D006943,Hyperglycemia
DB00158,Folic acid,Folic Acid,D005492,MESH:D020138,Hyperhomocysteinemia
DB00158,Folic acid,Folic Acid,D005492,MESH:D006948,Hyperkinesis
DB00158,Folic acid,Folic Acid,D005492,MESH:D006973,Hypertension
DB00158,Folic acid,Folic Acid,D005492,MESH:D007021,Hypospadias
DB00158,Folic acid,Folic Acid,D005492,MESH:D007333,Insulin Resistance
DB00158,Folic acid,Folic Acid,D005492,MESH:D007674,Kidney Diseases
DB00158,Folic acid,Folic Acid,D005492,MESH:D008103,Liver Cirrhosis
DB00158,Folic acid,Folic Acid,D005492,MESH:D019767,Maxillofacial Abnormalities
DB00158,Folic acid,Folic Acid,D005492,MESH:D008545,Melanoma
DB00158,Folic acid,Folic Acid,D005492,MESH:D008591,Meningomyelocele
DB00158,Folic acid,Folic Acid,D005492,MESH:D052016,Mucositis
DB00158,Folic acid,Folic Acid,D005492,MESH:D009135,Muscular Diseases
DB00158,Folic acid,Folic Acid,D005492,MESH:D009303,Nasopharyngeal Neoplasms
DB00158,Folic acid,Folic Acid,D005492,MESH:D009436,Neural Tube Defects
DB00158,Folic acid,Folic Acid,D005492,MESH:D009503,Neutropenia
DB00158,Folic acid,Folic Acid,D005492,MESH:D065626,Non-alcoholic Fatty Liver Disease
DB00158,Folic acid,Folic Acid,D005492,MESH:D009845,Oligospermia
DB00158,Folic acid,Folic Acid,D005492,MESH:D009901,Optic Nerve Diseases
DB00158,Folic acid,Folic Acid,D005492,MESH:D010922,Placenta Diseases
DB00158,Folic acid,Folic Acid,D005492,MESH:D011085,Polycystic Ovary Syndrome
DB00158,Folic acid,Folic Acid,D005492,MESH:D011297,Prenatal Exposure Delayed Effects
DB00158,Folic acid,Folic Acid,D005492,MESH:D049188,Prenatal Injuries
DB00158,Folic acid,Folic Acid,D005492,MESH:D011565,Psoriasis
DB00158,Folic acid,Folic Acid,D005492,MESH:D012559,Schizophrenia
DB00158,Folic acid,Folic Acid,D005492,MESH:D012871,Skin Diseases
DB00158,Folic acid,Folic Acid,D005492,MESH:D013118,Spinal Cord Diseases
DB00158,Folic acid,Folic Acid,D005492,MESH:D016135,Spinal Dysraphism
DB00158,Folic acid,Folic Acid,D005492,MESH:D020521,Stroke
DB00158,Folic acid,Folic Acid,D005492,MESH:D064793,Teratogenesis
DB00158,Folic acid,Folic Acid,D005492,MESH:D013921,Thrombocytopenia
DB00158,Folic acid,Folic Acid,D005492,MESH:D018754,Ventricular Dysfunction
DB00158,Folic acid,Folic Acid,D005492,MESH:D020257,Ventricular Remodeling
DB00158,Folic acid,Folic Acid,D005492,MESH:D015431,Weight Loss
DB00523,Alitretinoin,Alitretinoin,D000077556,MESH:D001943,Breast Neoplasms
DB00523,Alitretinoin,Alitretinoin,D000077556,MESH:D004485,Eczema
DB00523,Alitretinoin,Alitretinoin,D000077556,MESH:D008175,Lung Neoplasms
DB00523,Alitretinoin,Alitretinoin,D000077556,MESH:D009369,Neoplasms
DB00523,Alitretinoin,Alitretinoin,D000077556,MESH:D019048,Prostatic Intraepithelial Neoplasia
DB00523,Alitretinoin,Alitretinoin,D000077556,MESH:D011471,Prostatic Neoplasms
DB11155,Triclocarban,triclocarban,C009540,MESH:D007022,Hypotension
DB09256,Tegafur,Tegafur,D005641,MESH:D005770,Gastrointestinal Neoplasms
DB09256,Tegafur,Tegafur,D005641,MESH:D008175,Lung Neoplasms
DB09256,Tegafur,Tegafur,D005641,MESH:D009362,Neoplasm Metastasis
DB09256,Tegafur,Tegafur,D005641,MESH:D009369,Neoplasms
DB09256,Tegafur,Tegafur,D005641,MESH:D013274,Stomach Neoplasms
DB00400,Griseofulvin,Griseofulvin,D006118,MESH:D011928,Raynaud Disease
DB00811,Ribavirin,Ribavirin,D012254,MESH:D001201,Ascites
DB00811,Ribavirin,Ribavirin,D012254,MESH:D001424,Bacterial Infections
DB00811,Ribavirin,Ribavirin,D012254,MESH:D015179,Colorectal Neoplasms
DB00811,Ribavirin,Ribavirin,D012254,MESH:D003556,Cystitis
DB00811,Ribavirin,Ribavirin,D012254,MESH:D004769,Enterovirus Infections
DB00811,Ribavirin,Ribavirin,D012254,MESH:D018177,Flavivirus Infections
DB00811,Ribavirin,Ribavirin,D012254,MESH:D048550,Hepatic Insufficiency
DB00811,Ribavirin,Ribavirin,D012254,MESH:D006526,Hepatitis C
DB00811,Ribavirin,Ribavirin,D012254,MESH:D015658,HIV Infections
DB00811,Ribavirin,Ribavirin,D012254,MESH:D007835,Lassa Fever
DB00811,Ribavirin,Ribavirin,D012254,MESH:D008103,Liver Cirrhosis
DB00811,Ribavirin,Ribavirin,D012254,MESH:D008113,Liver Neoplasms
DB00811,Ribavirin,Ribavirin,D012254,MESH:D009157,Myasthenia Gravis
DB00811,Ribavirin,Ribavirin,D012254,MESH:D009976,Orthomyxoviridae Infections
DB00811,Ribavirin,Ribavirin,D012254,MESH:D010146,Pain
DB00811,Ribavirin,Ribavirin,D012254,MESH:D051437,Renal Insufficiency
DB00811,Ribavirin,Ribavirin,D012254,MESH:D018357,Respiratory Syncytial Virus Infections
DB00811,Ribavirin,Ribavirin,D012254,MESH:D045169,Severe Acute Respiratory Syndrome
DB00811,Ribavirin,Ribavirin,D012254,MESH:D014766,Viremia
DB00564,Carbamazepine,Carbamazepine,D002220,MESH:D001259,Ataxia
DB00564,Carbamazepine,Carbamazepine,D002220,MESH:D001289,Attention Deficit Disorder with Hyperactivity
DB00564,Carbamazepine,Carbamazepine,D002220,MESH:D001714,Bipolar Disorder
DB00564,Carbamazepine,Carbamazepine,D002220,MESH:D001919,Bradycardia
DB00564,Carbamazepine,Carbamazepine,D002220,MESH:D001943,Breast Neoplasms
DB00564,Carbamazepine,Carbamazepine,D002220,MESH:D002389,Catatonia
DB00564,Carbamazepine,Carbamazepine,D002220,MESH:D056486,Chemical and Drug Induced Liver Injury
DB00564,Carbamazepine,Carbamazepine,D002220,MESH:D019970,Cocaine-Related Disorders
DB00564,Carbamazepine,Carbamazepine,D002220,MESH:D003072,Cognition Disorders
DB00564,Carbamazepine,Carbamazepine,D002220,MESH:D003866,Depressive Disorder
DB00564,Carbamazepine,Carbamazepine,D002220,MESH:D003928,Diabetic Nephropathies
DB00564,Carbamazepine,Carbamazepine,D002220,MESH:D003875,Drug Eruptions
DB00564,Carbamazepine,Carbamazepine,D002220,MESH:D004401,Dysarthria
DB00564,Carbamazepine,Carbamazepine,D002220,MESH:D020820,Dyskinesias
DB00564,Carbamazepine,Carbamazepine,D002220,MESH:D004421,Dystonia
DB00564,Carbamazepine,Carbamazepine,D002220,MESH:D004827,Epilepsy
DB00564,Carbamazepine,Carbamazepine,D002220,MESH:D004916,Erythromelalgia
DB00564,Carbamazepine,Carbamazepine,D002220,MESH:D020329,Essential Tremor
DB00564,Carbamazepine,Carbamazepine,D002220,MESH:D006261,Headache
DB00564,Carbamazepine,Carbamazepine,D002220,MESH:D006930,Hyperalgesia
DB00564,Carbamazepine,Carbamazepine,D002220,MESH:D006948,Hyperkinesis
DB00564,Carbamazepine,Carbamazepine,D002220,MESH:D006965,Hyperplasia
DB00564,Carbamazepine,Carbamazepine,D002220,MESH:D001523,Mental Disorders
DB00564,Carbamazepine,Carbamazepine,D002220,MESH:D008881,Migraine Disorders
DB00564,Carbamazepine,Carbamazepine,D002220,MESH:D019964,Mood Disorders
DB00564,Carbamazepine,Carbamazepine,D002220,MESH:D009224,Myotonia Congenita
DB00564,Carbamazepine,Carbamazepine,D002220,MESH:D009223,Myotonic Dystrophy
DB00564,Carbamazepine,Carbamazepine,D002220,MESH:D009362,Neoplasm Metastasis
DB00564,Carbamazepine,Carbamazepine,D002220,MESH:D009410,Nerve Degeneration
DB00564,Carbamazepine,Carbamazepine,D002220,MESH:D009421,Nervous System Malformations
DB00564,Carbamazepine,Carbamazepine,D002220,MESH:D009437,Neuralgia
DB00564,Carbamazepine,Carbamazepine,D002220,MESH:D010146,Pain
DB00564,Carbamazepine,Carbamazepine,D002220,MESH:D010292,Paresthesia
DB00564,Carbamazepine,Carbamazepine,D002220,MESH:D010523,Peripheral Nervous System Diseases
DB00564,Carbamazepine,Carbamazepine,D002220,MESH:D010554,Personality Disorders
DB00564,Carbamazepine,Carbamazepine,D002220,MESH:D011141,Polyuria
DB00564,Carbamazepine,Carbamazepine,D002220,MESH:D011297,Prenatal Exposure Delayed Effects
DB00564,Carbamazepine,Carbamazepine,D002220,MESH:D011595,Psychomotor Agitation
DB00564,Carbamazepine,Carbamazepine,D002220,MESH:D011618,Psychotic Disorders
DB00564,Carbamazepine,Carbamazepine,D002220,MESH:D012559,Schizophrenia
DB00564,Carbamazepine,Carbamazepine,D002220,MESH:D012640,Seizures
DB00564,Carbamazepine,Carbamazepine,D002220,MESH:D012893,Sleep Wake Disorders
DB00564,Carbamazepine,Carbamazepine,D002220,MESH:D013226,Status Epilepticus
DB00564,Carbamazepine,Carbamazepine,D002220,MESH:D013375,Substance Withdrawal Syndrome
DB00564,Carbamazepine,Carbamazepine,D002220,MESH:D014202,Tremor
DB00564,Carbamazepine,Carbamazepine,D002220,MESH:D014277,Trigeminal Neuralgia
DB00564,Carbamazepine,Carbamazepine,D002220,MESH:D014474,Unconsciousness
DB00205,Pyrimethamine,Pyrimethamine,D011739,MESH:D056735,Autoimmune Lymphoproliferative Syndrome
DB00205,Pyrimethamine,Pyrimethamine,D011739,MESH:D004660,Encephalitis
DB00205,Pyrimethamine,Pyrimethamine,D011739,MESH:D008288,Malaria
DB00267,Cefmenoxime,Cefmenoxime,D015281,MESH:D016470,Bacteremia
DB00267,Cefmenoxime,Cefmenoxime,D015281,MESH:D016908,Gram-Positive Bacterial Infections
DB01577,Metamfetamine,Methamphetamine,D008694,MESH:D019970,Cocaine-Related Disorders
DB01577,Metamfetamine,Methamphetamine,D008694,MESH:D006948,Hyperkinesis
DB01577,Metamfetamine,Methamphetamine,D008694,MESH:D009290,Narcolepsy
DB01577,Metamfetamine,Methamphetamine,D008694,MESH:D009422,Nervous System Diseases
DB00987,Cytarabine,Cytarabine,D003561,MESH:D058186,Acute Kidney Injury
DB00987,Cytarabine,Cytarabine,D003561,MESH:D001424,Bacterial Infections
DB00987,Cytarabine,Cytarabine,D003561,MESH:D001929,Brain Edema
DB00987,Cytarabine,Cytarabine,D003561,MESH:D001932,Brain Neoplasms
DB00987,Cytarabine,Cytarabine,D003561,MESH:D001943,Breast Neoplasms
DB00987,Cytarabine,Cytarabine,D003561,MESH:D002051,Burkitt Lymphoma
DB00987,Cytarabine,Cytarabine,D003561,MESH:D002277,Carcinoma
DB00987,Cytarabine,Cytarabine,D003561,MESH:D002493,Central Nervous System Diseases
DB00987,Cytarabine,Cytarabine,D003561,MESH:D016543,Central Nervous System Neoplasms
DB00987,Cytarabine,Cytarabine,D003561,MESH:D004827,Epilepsy
DB00987,Cytarabine,Cytarabine,D003561,MESH:D005158,Facial Paralysis
DB00987,Cytarabine,Cytarabine,D003561,MESH:D005770,Gastrointestinal Neoplasms
DB00987,Cytarabine,Cytarabine,D003561,MESH:D019337,Hematologic Neoplasms
DB00987,Cytarabine,Cytarabine,D003561,MESH:D006689,Hodgkin Disease
DB00987,Cytarabine,Cytarabine,D003561,MESH:D007938,Leukemia
DB00987,Cytarabine,Cytarabine,D003561,MESH:D007964,Leukocytosis
DB00987,Cytarabine,Cytarabine,D003561,MESH:D056784,Leukoencephalopathies
DB00987,Cytarabine,Cytarabine,D003561,MESH:D008223,Lymphoma
DB00987,Cytarabine,Cytarabine,D003561,MESH:D008527,Medulloblastoma
DB00987,Cytarabine,Cytarabine,D003561,MESH:D009101,Multiple Myeloma
DB00987,Cytarabine,Cytarabine,D003561,MESH:D009190,Myelodysplastic Syndromes
DB00987,Cytarabine,Cytarabine,D003561,MESH:D009362,Neoplasm Metastasis
DB00987,Cytarabine,Cytarabine,D003561,MESH:D009369,Neoplasms
DB00987,Cytarabine,Cytarabine,D003561,MESH:D010051,Ovarian Neoplasms
DB00987,Cytarabine,Cytarabine,D003561,MESH:D010523,Peripheral Nervous System Diseases
DB00987,Cytarabine,Cytarabine,D003561,MESH:D011087,Polycythemia Vera
DB00987,Cytarabine,Cytarabine,D003561,MESH:D015452,Precursor B-Cell Lymphoblastic Leukemia-Lymphoma
DB00987,Cytarabine,Cytarabine,D003561,MESH:D054198,Precursor Cell Lymphoblastic Leukemia-Lymphoma
DB00987,Cytarabine,Cytarabine,D003561,MESH:D054218,Precursor T-Cell Lymphoblastic Leukemia-Lymphoma
DB00987,Cytarabine,Cytarabine,D003561,MESH:D055728,Primary Myelofibrosis
DB00987,Cytarabine,Cytarabine,D003561,MESH:D012008,Recurrence
DB00987,Cytarabine,Cytarabine,D003561,MESH:D012208,Rhabdomyosarcoma
DB00694,Daunorubicin,Daunorubicin,D003630,MESH:D001929,Brain Edema
DB00694,Daunorubicin,Daunorubicin,D003630,MESH:D001932,Brain Neoplasms
DB00694,Daunorubicin,Daunorubicin,D003630,MESH:D002051,Burkitt Lymphoma
DB00694,Daunorubicin,Daunorubicin,D003630,MESH:D009202,Cardiomyopathies
DB00694,Daunorubicin,Daunorubicin,D003630,MESH:D002779,Cholestasis
DB00694,Daunorubicin,Daunorubicin,D003630,MESH:D019337,Hematologic Neoplasms
DB00694,Daunorubicin,Daunorubicin,D003630,MESH:D007938,Leukemia
DB00694,Daunorubicin,Daunorubicin,D003630,MESH:D056784,Leukoencephalopathies
DB00694,Daunorubicin,Daunorubicin,D003630,MESH:D009369,Neoplasms
DB00694,Daunorubicin,Daunorubicin,D003630,MESH:D010523,Peripheral Nervous System Diseases
DB00694,Daunorubicin,Daunorubicin,D003630,MESH:D015452,Precursor B-Cell Lymphoblastic Leukemia-Lymphoma
DB00694,Daunorubicin,Daunorubicin,D003630,MESH:D054198,Precursor Cell Lymphoblastic Leukemia-Lymphoma
DB00694,Daunorubicin,Daunorubicin,D003630,MESH:D054218,Precursor T-Cell Lymphoblastic Leukemia-Lymphoma
DB00694,Daunorubicin,Daunorubicin,D003630,MESH:D012640,Seizures
DB00694,Daunorubicin,Daunorubicin,D003630,MESH:D024801,Tauopathies
DB00321,Amitriptyline,Amitriptyline,D000639,MESH:D000787,Angina Pectoris
DB00321,Amitriptyline,Amitriptyline,D000639,MESH:D001008,Anxiety Disorders
DB00321,Amitriptyline,Amitriptyline,D000639,MESH:D001416,Back Pain
DB00321,Amitriptyline,Amitriptyline,D000639,MESH:D001714,Bipolar Disorder
DB00321,Amitriptyline,Amitriptyline,D000639,MESH:D001763,Blepharoptosis
DB00321,Amitriptyline,Amitriptyline,D000639,MESH:D002375,Catalepsy
DB00321,Amitriptyline,Amitriptyline,D000639,MESH:D003866,Depressive Disorder
DB00321,Amitriptyline,Amitriptyline,D000639,MESH:D003929,Diabetic Neuropathies
DB00321,Amitriptyline,Amitriptyline,D000639,MESH:D004487,Edema
DB00321,Amitriptyline,Amitriptyline,D000639,MESH:D004802,Eosinophilia
DB00321,Amitriptyline,Amitriptyline,D000639,MESH:D006261,Headache
DB00321,Amitriptyline,Amitriptyline,D000639,MESH:D006930,Hyperalgesia
DB00321,Amitriptyline,Amitriptyline,D000639,MESH:D006948,Hyperkinesis
DB00321,Amitriptyline,Amitriptyline,D000639,MESH:D006973,Hypertension
DB00321,Amitriptyline,Amitriptyline,D000639,MESH:D007035,Hypothermia
DB00321,Amitriptyline,Amitriptyline,D000639,MESH:D007249,Inflammation
DB00321,Amitriptyline,Amitriptyline,D000639,MESH:D003865,Major Depressive Disorder
DB00321,Amitriptyline,Amitriptyline,D000639,MESH:D001523,Mental Disorders
DB00321,Amitriptyline,Amitriptyline,D000639,MESH:D008881,Migraine Disorders
DB00321,Amitriptyline,Amitriptyline,D000639,MESH:D015877,Miosis
DB00321,Amitriptyline,Amitriptyline,D000639,MESH:D019964,Mood Disorders
DB00321,Amitriptyline,Amitriptyline,D000639,MESH:D017202,Myocardial Ischemia
DB00321,Amitriptyline,Amitriptyline,D000639,MESH:D009437,Neuralgia
DB00321,Amitriptyline,Amitriptyline,D000639,MESH:D010146,Pain
DB00321,Amitriptyline,Amitriptyline,D000639,MESH:D010292,Paresthesia
DB00321,Amitriptyline,Amitriptyline,D000639,MESH:D010149,Postoperative Pain
DB00321,Amitriptyline,Amitriptyline,D000639,MESH:D011618,Psychotic Disorders
DB00321,Amitriptyline,Amitriptyline,D000639,MESH:D012559,Schizophrenia
DB00321,Amitriptyline,Amitriptyline,D000639,MESH:D012640,Seizures
DB00321,Amitriptyline,Amitriptyline,D000639,MESH:D012798,Sialorrhea
DB00321,Amitriptyline,Amitriptyline,D000639,MESH:D007319,Sleep Initiation and Maintenance Disorders
DB00321,Amitriptyline,Amitriptyline,D000639,MESH:D012893,Sleep Wake Disorders
DB00321,Amitriptyline,Amitriptyline,D000639,MESH:D013375,Substance Withdrawal Syndrome
DB00321,Amitriptyline,Amitriptyline,D000639,MESH:D014202,Tremor
DB00783,Estradiol,Estradiol,D004958,MESH:D000230,Adenocarcinoma
DB00783,Estradiol,Estradiol,D004958,MESH:D000505,Alopecia
DB00783,Estradiol,Estradiol,D004958,MESH:D000647,Amnesia
DB00783,Estradiol,Estradiol,D004958,MESH:D001008,Anxiety Disorders
DB00783,Estradiol,Estradiol,D004958,MESH:D050197,Atherosclerosis
DB00783,Estradiol,Estradiol,D004958,MESH:D001284,Atrophy
DB00783,Estradiol,Estradiol,D004958,MESH:D001930,Brain Injuries
DB00783,Estradiol,Estradiol,D004958,MESH:D001943,Breast Neoplasms
DB00783,Estradiol,Estradiol,D004958,MESH:D002375,Catalepsy
DB00783,Estradiol,Estradiol,D004958,MESH:D056486,Chemical and Drug Induced Liver Injury
DB00783,Estradiol,Estradiol,D004958,MESH:D002869,Chromosome Aberrations
DB00783,Estradiol,Estradiol,D004958,MESH:D003324,Coronary Artery Disease
DB00783,Estradiol,Estradiol,D004958,MESH:D003711,Demyelinating Diseases
DB00783,Estradiol,Estradiol,D004958,MESH:D003866,Depressive Disorder
DB00783,Estradiol,Estradiol,D004958,MESH:D003928,Diabetic Nephropathies
DB00783,Estradiol,Estradiol,D004958,MESH:D004211,Disseminated Intravascular Coagulation
DB00783,Estradiol,Estradiol,D004958,MESH:D005313,Fetal Death
DB00783,Estradiol,Estradiol,D004958,MESH:D018149,Glucose Intolerance
DB00783,Estradiol,Estradiol,D004958,MESH:D006943,Hyperglycemia
DB00783,Estradiol,Estradiol,D004958,MESH:D007333,Insulin Resistance
DB00783,Estradiol,Estradiol,D004958,MESH:D007674,Kidney Diseases
DB00783,Estradiol,Estradiol,D004958,MESH:D007859,Learning Disabilities
DB00783,Estradiol,Estradiol,D004958,MESH:D008171,Lung Diseases
DB00783,Estradiol,Estradiol,D004958,MESH:D055370,Lung Injury
DB00783,Estradiol,Estradiol,D004958,MESH:D020149,Manganese Poisoning
DB00783,Estradiol,Estradiol,D004958,MESH:D047508,Massive Hepatic Necrosis
DB00783,Estradiol,Estradiol,D004958,MESH:D008527,Medulloblastoma
DB00783,Estradiol,Estradiol,D004958,MESH:D008569,Memory Disorders
DB00783,Estradiol,Estradiol,D004958,MESH:D009069,Movement Disorders
DB00783,Estradiol,Estradiol,D004958,MESH:D009203,Myocardial Infarction
DB00783,Estradiol,Estradiol,D004958,MESH:D015428,Myocardial Reperfusion Injury
DB00783,Estradiol,Estradiol,D004958,MESH:D009336,Necrosis
DB00783,Estradiol,Estradiol,D004958,MESH:D009361,Neoplasm Invasiveness
DB00783,Estradiol,Estradiol,D004958,MESH:D009400,Nephrosclerosis
DB00783,Estradiol,Estradiol,D004958,MESH:D009410,Nerve Degeneration
DB00783,Estradiol,Estradiol,D004958,MESH:D009422,Nervous System Diseases
DB00783,Estradiol,Estradiol,D004958,MESH:D010024,Osteoporosis
DB00783,Estradiol,Estradiol,D004958,MESH:D010049,Ovarian Diseases
DB00783,Estradiol,Estradiol,D004958,MESH:D016471,Ovarian Hyperstimulation Syndrome
DB00783,Estradiol,Estradiol,D004958,MESH:D010146,Pain
DB00783,Estradiol,Estradiol,D004958,MESH:D010300,Parkinson Disease
DB00783,Estradiol,Estradiol,D004958,MESH:D011225,Pre-Eclampsia
DB00783,Estradiol,Estradiol,D004958,MESH:D016649,Primary Ovarian Insufficiency
DB00783,Estradiol,Estradiol,D004958,MESH:D011471,Prostatic Neoplasms
DB00783,Estradiol,Estradiol,D004958,MESH:D015427,Reperfusion Injury
DB00783,Estradiol,Estradiol,D004958,MESH:D012640,Seizures
DB00783,Estradiol,Estradiol,D004958,MESH:D007319,Sleep Initiation and Maintenance Disorders
DB00783,Estradiol,Estradiol,D004958,MESH:D014693,Ventricular Fibrillation
DB00783,Estradiol,Estradiol,D004958,MESH:D015430,Weight Gain
DB00783,Estradiol,Estradiol,D004958,MESH:D015431,Weight Loss
DB00438,Ceftazidime,Ceftazidime,D002442,MESH:D016470,Bacteremia
DB00438,Ceftazidime,Ceftazidime,D002442,MESH:D004927,Escherichia coli Infections
DB00438,Ceftazidime,Ceftazidime,D002442,MESH:D005334,Fever
DB00438,Ceftazidime,Ceftazidime,D002442,MESH:D016905,Gram-Negative Bacterial Infections
DB00438,Ceftazidime,Ceftazidime,D002442,MESH:D008107,Liver Diseases
DB00438,Ceftazidime,Ceftazidime,D002442,MESH:D008581,Meningitis
DB00438,Ceftazidime,Ceftazidime,D002442,MESH:D010538,Peritonitis
DB00438,Ceftazidime,Ceftazidime,D002442,MESH:D011014,Pneumonia
DB00438,Ceftazidime,Ceftazidime,D002442,MESH:D011552,Pseudomonas Infections
DB00438,Ceftazidime,Ceftazidime,D002442,MESH:D013203,Staphylococcal Infections
DB00438,Ceftazidime,Ceftazidime,D002442,MESH:D014552,Urinary Tract Infections
DB00554,Piroxicam,Piroxicam,D010894,MESH:D000236,Adenoma
DB00554,Piroxicam,Piroxicam,D010894,MESH:D018256,Adenomatous Polyps
DB00554,Piroxicam,Piroxicam,D010894,MESH:D003110,Colonic Neoplasms
DB00554,Piroxicam,Piroxicam,D010894,MESH:D004487,Edema
DB00554,Piroxicam,Piroxicam,D010894,MESH:D004938,Esophageal Neoplasms
DB00554,Piroxicam,Piroxicam,D010894,MESH:D005770,Gastrointestinal Neoplasms
DB00554,Piroxicam,Piroxicam,D010894,MESH:D007249,Inflammation
DB00554,Piroxicam,Piroxicam,D010894,MESH:D007414,Intestinal Neoplasms
DB00554,Piroxicam,Piroxicam,D010894,MESH:D008175,Lung Neoplasms
DB00554,Piroxicam,Piroxicam,D010894,MESH:D008654,Mesothelioma
DB00554,Piroxicam,Piroxicam,D010894,MESH:D009203,Myocardial Infarction
DB00554,Piroxicam,Piroxicam,D010894,MESH:D009369,Neoplasms
DB00554,Piroxicam,Piroxicam,D010894,MESH:D010003,Osteoarthritis
DB00554,Piroxicam,Piroxicam,D010894,MESH:D010146,Pain
DB00554,Piroxicam,Piroxicam,D010894,MESH:D011014,Pneumonia
DB00554,Piroxicam,Piroxicam,D010894,MESH:D010149,Postoperative Pain
DB00554,Piroxicam,Piroxicam,D010894,MESH:D001749,Urinary Bladder Neoplasms
DB00715,Paroxetine,Paroxetine,D017374,MESH:D000544,Alzheimer Disease
DB00715,Paroxetine,Paroxetine,D017374,MESH:D001008,Anxiety Disorders
DB00715,Paroxetine,Paroxetine,D017374,MESH:D001714,Bipolar Disorder
DB00715,Paroxetine,Paroxetine,D017374,MESH:D001763,Blepharoptosis
DB00715,Paroxetine,Paroxetine,D017374,MESH:D003866,Depressive Disorder
DB00715,Paroxetine,Paroxetine,D017374,MESH:D003929,Diabetic Neuropathies
DB00715,Paroxetine,Paroxetine,D017374,MESH:D004421,Dystonia
DB00715,Paroxetine,Paroxetine,D017374,MESH:D006930,Hyperalgesia
DB00715,Paroxetine,Paroxetine,D017374,MESH:D006948,Hyperkinesis
DB00715,Paroxetine,Paroxetine,D017374,MESH:D007035,Hypothermia
DB00715,Paroxetine,Paroxetine,D017374,MESH:D003865,Major Depressive Disorder
DB00715,Paroxetine,Paroxetine,D017374,MESH:D001523,Mental Disorders
DB00715,Paroxetine,Paroxetine,D017374,MESH:D008881,Migraine Disorders
DB00715,Paroxetine,Paroxetine,D017374,MESH:D019964,Mood Disorders
DB00715,Paroxetine,Paroxetine,D017374,MESH:D009771,Obsessive-Compulsive Disorder
DB00715,Paroxetine,Paroxetine,D017374,MESH:D010146,Pain
DB00715,Paroxetine,Paroxetine,D017374,MESH:D016584,Panic Disorder
DB00715,Paroxetine,Paroxetine,D017374,MESH:D010259,Paranoid Disorders
DB00715,Paroxetine,Paroxetine,D017374,MESH:D010698,Phobic Disorders
DB00715,Paroxetine,Paroxetine,D017374,MESH:D011595,Psychomotor Agitation
DB00715,Paroxetine,Paroxetine,D017374,MESH:D012206,Rhabdomyolysis
DB00715,Paroxetine,Paroxetine,D017374,MESH:D014202,Tremor
DB01156,Bupropion,Bupropion,D016642,MESH:D019969,Amphetamine-Related Disorders
DB01156,Bupropion,Bupropion,D016642,MESH:D001289,Attention Deficit Disorder with Hyperactivity
DB01156,Bupropion,Bupropion,D016642,MESH:D001714,Bipolar Disorder
DB01156,Bupropion,Bupropion,D016642,MESH:D019970,Cocaine-Related Disorders
DB01156,Bupropion,Bupropion,D016642,MESH:D003866,Depressive Disorder
DB01156,Bupropion,Bupropion,D016642,MESH:D062787,Drug Overdose
DB01156,Bupropion,Bupropion,D016642,MESH:D005221,Fatigue
DB01156,Bupropion,Bupropion,D016642,MESH:D003865,Major Depressive Disorder
DB01156,Bupropion,Bupropion,D016642,MESH:D019964,Mood Disorders
DB01156,Bupropion,Bupropion,D016642,MESH:D012148,Restless Legs Syndrome
DB01156,Bupropion,Bupropion,D016642,MESH:D013375,Substance Withdrawal Syndrome
DB01156,Bupropion,Bupropion,D016642,MESH:D014029,Tobacco Use Disorder
DB00316,Acetaminophen,Acetaminophen,D000082,MESH:D015746,Abdominal Pain
DB00316,Acetaminophen,Acetaminophen,D000082,MESH:D000402,Airway Obstruction
DB00316,Acetaminophen,Acetaminophen,D000082,MESH:D020751,Alcohol-Induced Disorders
DB00316,Acetaminophen,Acetaminophen,D000082,MESH:D000799,Angioedema
DB00316,Acetaminophen,Acetaminophen,D000082,MESH:D001161,Arteriosclerosis
DB00316,Acetaminophen,Acetaminophen,D000082,MESH:D018771,Arthralgia
DB00316,Acetaminophen,Acetaminophen,D000082,MESH:D002375,Catalepsy
DB00316,Acetaminophen,Acetaminophen,D000082,MESH:D003110,Colonic Neoplasms
DB00316,Acetaminophen,Acetaminophen,D000082,MESH:D003424,Crohn Disease
DB00316,Acetaminophen,Acetaminophen,D000082,MESH:D005334,Fever
DB00316,Acetaminophen,Acetaminophen,D000082,MESH:D006930,Hyperalgesia
DB00316,Acetaminophen,Acetaminophen,D000082,MESH:D006941,Hyperesthesia
DB00316,Acetaminophen,Acetaminophen,D000082,MESH:D007022,Hypotension
DB00316,Acetaminophen,Acetaminophen,D000082,MESH:D007035,Hypothermia
DB00316,Acetaminophen,Acetaminophen,D000082,MESH:D007249,Inflammation
DB00316,Acetaminophen,Acetaminophen,D000082,MESH:D008545,Melanoma
DB00316,Acetaminophen,Acetaminophen,D000082,MESH:D008881,Migraine Disorders
DB00316,Acetaminophen,Acetaminophen,D000082,MESH:D009203,Myocardial Infarction
DB00316,Acetaminophen,Acetaminophen,D000082,MESH:D019636,Neurodegenerative Diseases
DB00316,Acetaminophen,Acetaminophen,D000082,MESH:D010003,Osteoarthritis
DB00316,Acetaminophen,Acetaminophen,D000082,MESH:D010146,Pain
DB00316,Acetaminophen,Acetaminophen,D000082,MESH:D010149,Postoperative Pain
DB00316,Acetaminophen,Acetaminophen,D000082,MESH:D011230,Precancerous Conditions
DB00316,Acetaminophen,Acetaminophen,D000082,MESH:D011595,Psychomotor Agitation
DB00316,Acetaminophen,Acetaminophen,D000082,MESH:D051437,Renal Insufficiency
DB00316,Acetaminophen,Acetaminophen,D000082,MESH:D012141,Respiratory Tract Infections
DB00316,Acetaminophen,Acetaminophen,D000082,MESH:D012640,Seizures
DB00316,Acetaminophen,Acetaminophen,D000082,MESH:D012852,Sinusitis
DB00316,Acetaminophen,Acetaminophen,D000082,MESH:D020521,Stroke
DB00316,Acetaminophen,Acetaminophen,D000082,MESH:D013927,Thrombosis
DB00316,Acetaminophen,Acetaminophen,D000082,MESH:D015431,Weight Loss
DB01413,Cefepime,Cefepime,D000077723,MESH:D002481,Cellulitis
DB01413,Cefepime,Cefepime,D000077723,MESH:D005334,Fever
DB01413,Cefepime,Cefepime,D000077723,MESH:D013203,Staphylococcal Infections
DB00688,Mycophenolate mofetil,Mycophenolic Acid,D009173,MESH:D000419,Albuminuria
DB00688,Mycophenolate mofetil,Mycophenolic Acid,D009173,MESH:D001161,Arteriosclerosis
DB00688,Mycophenolate mofetil,Mycophenolic Acid,D009173,MESH:D001327,Autoimmune Diseases
DB00688,Mycophenolate mofetil,Mycophenolic Acid,D009173,MESH:D056735,Autoimmune Lymphoproliferative Syndrome
DB00688,Mycophenolate mofetil,Mycophenolic Acid,D009173,MESH:D056486,Chemical and Drug Induced Liver Injury
DB00688,Mycophenolate mofetil,Mycophenolic Acid,D009173,MESH:D018352,Coronavirus Infections
DB00688,Mycophenolate mofetil,Mycophenolic Acid,D009173,MESH:D005921,Glomerulonephritis
DB00688,Mycophenolate mofetil,Mycophenolic Acid,D009173,MESH:D006086,Graft vs Host Disease
DB00688,Mycophenolate mofetil,Mycophenolic Acid,D009173,MESH:D014890,Granulomatosis with Polyangiitis
DB00688,Mycophenolate mofetil,Mycophenolic Acid,D009173,MESH:D006402,Hematologic Diseases
DB00688,Mycophenolate mofetil,Mycophenolic Acid,D009173,MESH:D006526,Hepatitis C
DB00688,Mycophenolate mofetil,Mycophenolic Acid,D009173,MESH:D006973,Hypertension
DB00688,Mycophenolate mofetil,Mycophenolic Acid,D009173,MESH:D007249,Inflammation
DB00688,Mycophenolate mofetil,Mycophenolic Acid,D009173,MESH:D007674,Kidney Diseases
DB00688,Mycophenolate mofetil,Mycophenolic Acid,D009173,MESH:D008181,Lupus Nephritis
DB00688,Mycophenolate mofetil,Mycophenolic Acid,D009173,MESH:D009157,Myasthenia Gravis
DB00688,Mycophenolate mofetil,Mycophenolic Acid,D009173,MESH:D009190,Myelodysplastic Syndromes
DB00688,Mycophenolate mofetil,Mycophenolic Acid,D009173,MESH:D009393,Nephritis
DB00688,Mycophenolate mofetil,Mycophenolic Acid,D009173,MESH:D009404,Nephrotic Syndrome
DB00688,Mycophenolate mofetil,Mycophenolic Acid,D009173,MESH:D010392,Pemphigus
DB00688,Mycophenolate mofetil,Mycophenolic Acid,D009173,MESH:D017285,Polymyositis
DB00688,Mycophenolate mofetil,Mycophenolic Acid,D009173,MESH:D011183,Postoperative Complications
DB00688,Mycophenolate mofetil,Mycophenolic Acid,D009173,MESH:D011565,Psoriasis
DB00688,Mycophenolate mofetil,Mycophenolic Acid,D009173,MESH:D014607,Uveomeningoencephalitic Syndrome
DB00502,Haloperidol,Haloperidol,D006220,MESH:D000430,Alcohol Withdrawal Delirium
DB00502,Haloperidol,Haloperidol,D006220,MESH:D000544,Alzheimer Disease
DB00502,Haloperidol,Haloperidol,D006220,MESH:D019969,Amphetamine-Related Disorders
DB00502,Haloperidol,Haloperidol,D006220,MESH:D001008,Anxiety Disorders
DB00502,Haloperidol,Haloperidol,D006220,MESH:D001259,Ataxia
DB00502,Haloperidol,Haloperidol,D006220,MESH:D001321,Autistic Disorder
DB00502,Haloperidol,Haloperidol,D006220,MESH:D001480,Basal Ganglia Diseases
DB00502,Haloperidol,Haloperidol,D006220,MESH:D001714,Bipolar Disorder
DB00502,Haloperidol,Haloperidol,D006220,MESH:D001919,Bradycardia
DB00502,Haloperidol,Haloperidol,D006220,MESH:D001929,Brain Edema
DB00502,Haloperidol,Haloperidol,D006220,MESH:D002375,Catalepsy
DB00502,Haloperidol,Haloperidol,D006220,MESH:D002389,Catatonia
DB00502,Haloperidol,Haloperidol,D006220,MESH:D002819,Chorea
DB00502,Haloperidol,Haloperidol,D006220,MESH:D019970,Cocaine-Related Disorders
DB00502,Haloperidol,Haloperidol,D006220,MESH:D003072,Cognition Disorders
DB00502,Haloperidol,Haloperidol,D006220,MESH:D003680,Deglutition Disorders
DB00502,Haloperidol,Haloperidol,D006220,MESH:D003704,Dementia
DB00502,Haloperidol,Haloperidol,D006220,MESH:D003866,Depressive Disorder
DB00502,Haloperidol,Haloperidol,D006220,MESH:D004421,Dystonia
DB00502,Haloperidol,Haloperidol,D006220,MESH:D006212,Hallucinations
DB00502,Haloperidol,Haloperidol,D006220,MESH:D006561,Herpes Simplex
DB00502,Haloperidol,Haloperidol,D006220,MESH:D006948,Hyperkinesis
DB00502,Haloperidol,Haloperidol,D006220,MESH:D006973,Hypertension
DB00502,Haloperidol,Haloperidol,D006220,MESH:D007022,Hypotension
DB00502,Haloperidol,Haloperidol,D006220,MESH:D007035,Hypothermia
DB00502,Haloperidol,Haloperidol,D006220,MESH:D007674,Kidney Diseases
DB00502,Haloperidol,Haloperidol,D006220,MESH:D007859,Learning Disabilities
DB00502,Haloperidol,Haloperidol,D006220,MESH:D003865,Major Depressive Disorder
DB00502,Haloperidol,Haloperidol,D006220,MESH:D001523,Mental Disorders
DB00502,Haloperidol,Haloperidol,D006220,MESH:D009069,Movement Disorders
DB00502,Haloperidol,Haloperidol,D006220,MESH:D009422,Nervous System Diseases
DB00502,Haloperidol,Haloperidol,D006220,MESH:D019954,Neurobehavioral Manifestations
DB00502,Haloperidol,Haloperidol,D006220,MESH:D010146,Pain
DB00502,Haloperidol,Haloperidol,D006220,MESH:D010259,Paranoid Disorders
DB00502,Haloperidol,Haloperidol,D006220,MESH:D010409,Penile Diseases
DB00502,Haloperidol,Haloperidol,D006220,MESH:D010554,Personality Disorders
DB00502,Haloperidol,Haloperidol,D006220,MESH:D011595,Psychomotor Agitation
DB00502,Haloperidol,Haloperidol,D006220,MESH:D011618,Psychotic Disorders
DB00502,Haloperidol,Haloperidol,D006220,MESH:D012559,Schizophrenia
DB00502,Haloperidol,Haloperidol,D006220,MESH:D019967,Schizophrenia Spectrum and Other Psychotic Disorders
DB00502,Haloperidol,Haloperidol,D006220,MESH:D012640,Seizures
DB00502,Haloperidol,Haloperidol,D006220,MESH:D019956,Stereotypic Movement Disorder
DB00502,Haloperidol,Haloperidol,D006220,MESH:D053608,Stupor
DB00502,Haloperidol,Haloperidol,D006220,MESH:D019966,Substance-Related Disorders
DB00502,Haloperidol,Haloperidol,D006220,MESH:D013375,Substance Withdrawal Syndrome
DB00502,Haloperidol,Haloperidol,D006220,MESH:D013981,Tic Disorders
DB00502,Haloperidol,Haloperidol,D006220,MESH:D020323,Tics
DB00502,Haloperidol,Haloperidol,D006220,MESH:D005879,Tourette Syndrome
DB00502,Haloperidol,Haloperidol,D006220,MESH:D014202,Tremor
DB00502,Haloperidol,Haloperidol,D006220,MESH:D014839,Vomiting
DB01388,Mibefradil,Mibefradil,D020748,MESH:D000787,Angina Pectoris
DB01388,Mibefradil,Mibefradil,D020748,MESH:D006332,Cardiomegaly
DB01388,Mibefradil,Mibefradil,D020748,MESH:D006973,Hypertension
DB01388,Mibefradil,Mibefradil,D020748,MESH:D007511,Ischemia
DB01388,Mibefradil,Mibefradil,D020748,MESH:D009203,Myocardial Infarction
DB01388,Mibefradil,Mibefradil,D020748,MESH:D014693,Ventricular Fibrillation
DB00184,Nicotine,Nicotine,D009538,MESH:D000544,Alzheimer Disease
DB00184,Nicotine,Nicotine,D009538,MESH:D000647,Amnesia
DB00184,Nicotine,Nicotine,D009538,MESH:D019969,Amphetamine-Related Disorders
DB00184,Nicotine,Nicotine,D009538,MESH:D001008,Anxiety Disorders
DB00184,Nicotine,Nicotine,D009538,MESH:D001289,Attention Deficit Disorder with Hyperactivity
DB00184,Nicotine,Nicotine,D009538,MESH:D001308,Auditory Perceptual Disorders
DB00184,Nicotine,Nicotine,D009538,MESH:D001930,Brain Injuries
DB00184,Nicotine,Nicotine,D009538,MESH:D001943,Breast Neoplasms
DB00184,Nicotine,Nicotine,D009538,MESH:D002375,Catalepsy
DB00184,Nicotine,Nicotine,D009538,MESH:D056486,Chemical and Drug Induced Liver Injury
DB00184,Nicotine,Nicotine,D009538,MESH:D003072,Cognition Disorders
DB00184,Nicotine,Nicotine,D009538,MESH:D003092,Colitis
DB00184,Nicotine,Nicotine,D009538,MESH:D003384,Coxsackievirus Infections
DB00184,Nicotine,Nicotine,D009538,MESH:D003866,Depressive Disorder
DB00184,Nicotine,Nicotine,D009538,MESH:D019446,Endotoxemia
DB00184,Nicotine,Nicotine,D009538,MESH:D005334,Fever
DB00184,Nicotine,Nicotine,D009538,MESH:D006973,Hypertension
DB00184,Nicotine,Nicotine,D009538,MESH:D007249,Inflammation
DB00184,Nicotine,Nicotine,D009538,MESH:D003865,Major Depressive Disorder
DB00184,Nicotine,Nicotine,D009538,MESH:D008569,Memory Disorders
DB00184,Nicotine,Nicotine,D009538,MESH:D009069,Movement Disorders
DB00184,Nicotine,Nicotine,D009538,MESH:D020267,MPTP Poisoning
DB00184,Nicotine,Nicotine,D009538,MESH:D009205,Myocarditis
DB00184,Nicotine,Nicotine,D009538,MESH:D009422,Nervous System Diseases
DB00184,Nicotine,Nicotine,D009538,MESH:D019636,Neurodegenerative Diseases
DB00184,Nicotine,Nicotine,D009538,MESH:D010146,Pain
DB00184,Nicotine,Nicotine,D009538,MESH:D012640,Seizures
DB00184,Nicotine,Nicotine,D009538,MESH:D013117,Spinal Cord Compression
DB00184,Nicotine,Nicotine,D009538,MESH:D013375,Substance Withdrawal Syndrome
DB00184,Nicotine,Nicotine,D009538,MESH:D013927,Thrombosis
DB00184,Nicotine,Nicotine,D009538,MESH:D020323,Tics
DB00184,Nicotine,Nicotine,D009538,MESH:D014029,Tobacco Use Disorder
DB00184,Nicotine,Nicotine,D009538,MESH:D005879,Tourette Syndrome
DB00184,Nicotine,Nicotine,D009538,MESH:D015430,Weight Gain
DB00493,Cefotaxime,Cefotaxime,D002439,MESH:D016470,Bacteremia
DB00493,Cefotaxime,Cefotaxime,D002439,MESH:D001424,Bacterial Infections
DB00493,Cefotaxime,Cefotaxime,D002439,MESH:D002779,Cholestasis
DB00493,Cefotaxime,Cefotaxime,D002439,MESH:D008581,Meningitis
DB00493,Cefotaxime,Cefotaxime,D002439,MESH:D010538,Peritonitis
DB00493,Cefotaxime,Cefotaxime,D002439,MESH:D011014,Pneumonia
DB00493,Cefotaxime,Cefotaxime,D002439,MESH:D011704,Pyelonephritis
DB00493,Cefotaxime,Cefotaxime,D002439,MESH:D018805,Sepsis
DB00493,Cefotaxime,Cefotaxime,D002439,MESH:D013203,Staphylococcal Infections
DB00493,Cefotaxime,Cefotaxime,D002439,MESH:D014552,Urinary Tract Infections
DB09061,Cannabidiol,Cannabidiol,D002185,MESH:D000435,Alcoholic Intoxication
DB09061,Cannabidiol,Cannabidiol,D002185,MESH:D000437,Alcoholism
DB09061,Cannabidiol,Cannabidiol,D002185,MESH:D000544,Alzheimer Disease
DB09061,Cannabidiol,Cannabidiol,D002185,MESH:D001008,Anxiety Disorders
DB09061,Cannabidiol,Cannabidiol,D002185,MESH:D001259,Ataxia
DB09061,Cannabidiol,Cannabidiol,D002185,MESH:D001714,Bipolar Disorder
DB09061,Cannabidiol,Cannabidiol,D002185,MESH:D001862,Bone Resorption
DB09061,Cannabidiol,Cannabidiol,D002185,MESH:D001929,Brain Edema
DB09061,Cannabidiol,Cannabidiol,D002185,MESH:D002375,Catalepsy
DB09061,Cannabidiol,Cannabidiol,D002185,MESH:D056486,Chemical and Drug Induced Liver Injury
DB09061,Cannabidiol,Cannabidiol,D002185,MESH:D019970,Cocaine-Related Disorders
DB09061,Cannabidiol,Cannabidiol,D002185,MESH:D003072,Cognition Disorders
DB09061,Cannabidiol,Cannabidiol,D002185,MESH:D050171,Dyslipidemias
DB09061,Cannabidiol,Cannabidiol,D002185,MESH:D004421,Dystonia
DB09061,Cannabidiol,Cannabidiol,D002185,MESH:D000075222,Essential Hypertension
DB09061,Cannabidiol,Cannabidiol,D002185,MESH:D005234,Fatty Liver
DB09061,Cannabidiol,Cannabidiol,D002185,MESH:D005909,Glioblastoma
DB09061,Cannabidiol,Cannabidiol,D002185,MESH:D018149,Glucose Intolerance
DB09061,Cannabidiol,Cannabidiol,D002185,MESH:D006470,Hemorrhage
DB09061,Cannabidiol,Cannabidiol,D002185,MESH:D006940,Hyperemia
DB09061,Cannabidiol,Cannabidiol,D002185,MESH:D006943,Hyperglycemia
DB09061,Cannabidiol,Cannabidiol,D002185,MESH:D007035,Hypothermia
DB09061,Cannabidiol,Cannabidiol,D002185,MESH:D008107,Liver Diseases
DB09061,Cannabidiol,Cannabidiol,D002185,MESH:D055370,Lung Injury
DB09061,Cannabidiol,Cannabidiol,D002185,MESH:D008569,Memory Disorders
DB09061,Cannabidiol,Cannabidiol,D002185,MESH:D018908,Muscle Weakness
DB09061,Cannabidiol,Cannabidiol,D002185,MESH:D009325,Nausea
DB09061,Cannabidiol,Cannabidiol,D002185,MESH:D009362,Neoplasm Metastasis
DB09061,Cannabidiol,Cannabidiol,D002185,MESH:D009410,Nerve Degeneration
DB09061,Cannabidiol,Cannabidiol,D002185,MESH:D020258,Neurotoxicity Syndromes
DB09061,Cannabidiol,Cannabidiol,D002185,MESH:D019226,Oral Ulcer
DB09061,Cannabidiol,Cannabidiol,D002185,MESH:D010146,Pain
DB09061,Cannabidiol,Cannabidiol,D002185,MESH:D011297,Prenatal Exposure Delayed Effects
DB09061,Cannabidiol,Cannabidiol,D002185,MESH:D012008,Recurrence
DB09061,Cannabidiol,Cannabidiol,D002185,MESH:D012559,Schizophrenia
DB09061,Cannabidiol,Cannabidiol,D002185,MESH:D012640,Seizures
DB09061,Cannabidiol,Cannabidiol,D002185,MESH:D013119,Spinal Cord Injuries
DB09061,Cannabidiol,Cannabidiol,D002185,MESH:D013375,Substance Withdrawal Syndrome
DB09061,Cannabidiol,Cannabidiol,D002185,MESH:D005879,Tourette Syndrome
DB09061,Cannabidiol,Cannabidiol,D002185,MESH:D001749,Urinary Bladder Neoplasms
DB09061,Cannabidiol,Cannabidiol,D002185,MESH:D014839,Vomiting
DB09061,Cannabidiol,Cannabidiol,D002185,MESH:D015430,Weight Gain
DB00904,Ondansetron,Ondansetron,D017294,MESH:D001919,Bradycardia
DB00904,Ondansetron,Ondansetron,D017294,MESH:D001943,Breast Neoplasms
DB00904,Ondansetron,Ondansetron,D017294,MESH:D019970,Cocaine-Related Disorders
DB00904,Ondansetron,Ondansetron,D017294,MESH:D003072,Cognition Disorders
DB00904,Ondansetron,Ondansetron,D017294,MESH:D016883,Diabetic Ketoacidosis
DB00904,Ondansetron,Ondansetron,D017294,MESH:D003967,Diarrhea
DB00904,Ondansetron,Ondansetron,D017294,MESH:D004487,Edema
DB00904,Ondansetron,Ondansetron,D017294,MESH:D005221,Fatigue
DB00904,Ondansetron,Ondansetron,D017294,MESH:D006930,Hyperalgesia
DB00904,Ondansetron,Ondansetron,D017294,MESH:D006948,Hyperkinesis
DB00904,Ondansetron,Ondansetron,D017294,MESH:D007022,Hypotension
DB00904,Ondansetron,Ondansetron,D017294,MESH:D007859,Learning Disabilities
DB00904,Ondansetron,Ondansetron,D017294,MESH:D008569,Memory Disorders
DB00904,Ondansetron,Ondansetron,D017294,MESH:D008881,Migraine Disorders
DB00904,Ondansetron,Ondansetron,D017294,MESH:D019957,Motor Skills Disorders
DB00904,Ondansetron,Ondansetron,D017294,MESH:D009325,Nausea
DB00904,Ondansetron,Ondansetron,D017294,MESH:D009410,Nerve Degeneration
DB00904,Ondansetron,Ondansetron,D017294,MESH:D017599,Neuroectodermal Tumors
DB00904,Ondansetron,Ondansetron,D017294,MESH:D010146,Pain
DB00904,Ondansetron,Ondansetron,D017294,MESH:D011183,Postoperative Complications
DB00904,Ondansetron,Ondansetron,D017294,MESH:D010149,Postoperative Pain
DB00904,Ondansetron,Ondansetron,D017294,MESH:D011595,Psychomotor Agitation
DB00904,Ondansetron,Ondansetron,D017294,MESH:D019956,Stereotypic Movement Disorder
DB00904,Ondansetron,Ondansetron,D017294,MESH:D013375,Substance Withdrawal Syndrome
DB00904,Ondansetron,Ondansetron,D017294,MESH:D014839,Vomiting
DB08846,Ellagic acid,Ellagic Acid,D004610,MESH:D000544,Alzheimer Disease
DB08846,Ellagic acid,Ellagic Acid,D004610,MESH:D001930,Brain Injuries
DB08846,Ellagic acid,Ellagic Acid,D004610,MESH:D002543,Cerebral Hemorrhage
DB08846,Ellagic acid,Ellagic Acid,D004610,MESH:D056486,Chemical and Drug Induced Liver Injury
DB08846,Ellagic acid,Ellagic Acid,D004610,MESH:D005355,Fibrosis
DB08846,Ellagic acid,Ellagic Acid,D004610,MESH:D005767,Gastrointestinal Diseases
DB08846,Ellagic acid,Ellagic Acid,D004610,MESH:D006331,Heart Diseases
DB08846,Ellagic acid,Ellagic Acid,D004610,MESH:D006943,Hyperglycemia
DB08846,Ellagic acid,Ellagic Acid,D004610,MESH:D006965,Hyperplasia
DB08846,Ellagic acid,Ellagic Acid,D004610,MESH:D006984,Hypertrophy
DB08846,Ellagic acid,Ellagic Acid,D004610,MESH:D007410,Intestinal Diseases
DB08846,Ellagic acid,Ellagic Acid,D004610,MESH:D007674,Kidney Diseases
DB08846,Ellagic acid,Ellagic Acid,D004610,MESH:D009203,Myocardial Infarction
DB08846,Ellagic acid,Ellagic Acid,D004610,MESH:D019954,Neurobehavioral Manifestations
DB08846,Ellagic acid,Ellagic Acid,D004610,MESH:D020258,Neurotoxicity Syndromes
DB08846,Ellagic acid,Ellagic Acid,D004610,MESH:D010024,Osteoporosis
DB08846,Ellagic acid,Ellagic Acid,D004610,MESH:D011507,Proteinuria
DB08846,Ellagic acid,Ellagic Acid,D004610,MESH:D015427,Reperfusion Injury
DB08846,Ellagic acid,Ellagic Acid,D004610,MESH:D012598,Sclerosis
DB08846,Ellagic acid,Ellagic Acid,D004610,MESH:D012878,Skin Neoplasms
DB08846,Ellagic acid,Ellagic Acid,D004610,MESH:D013471,Sunburn
DB08846,Ellagic acid,Ellagic Acid,D004610,MESH:D013733,Testicular Diseases
DB08846,Ellagic acid,Ellagic Acid,D004610,MESH:D001749,Urinary Bladder Neoplasms
DB08846,Ellagic acid,Ellagic Acid,D004610,MESH:D015431,Weight Loss
DB00279,Liothyronine,Triiodothyronine,D014284,MESH:D001919,Bradycardia
DB00279,Liothyronine,Triiodothyronine,D014284,MESH:D003072,Cognition Disorders
DB00279,Liothyronine,Triiodothyronine,D014284,MESH:D003866,Depressive Disorder
DB00279,Liothyronine,Triiodothyronine,D014284,MESH:D018149,Glucose Intolerance
DB00279,Liothyronine,Triiodothyronine,D014284,MESH:D006529,Hepatomegaly
DB00279,Liothyronine,Triiodothyronine,D014284,MESH:D007037,Hypothyroidism
DB00279,Liothyronine,Triiodothyronine,D014284,MESH:D009410,Nerve Degeneration
DB00279,Liothyronine,Triiodothyronine,D014284,MESH:D020258,Neurotoxicity Syndromes
DB00279,Liothyronine,Triiodothyronine,D014284,MESH:D007690,Polycystic Kidney Diseases
DB00926,Etretinate,Etretinate,D005050,MESH:D007644,Darier Disease
DB00926,Etretinate,Etretinate,D005050,MESH:D009182,Mycosis Fungoides
DB00926,Etretinate,Etretinate,D005050,MESH:D010916,Pityriasis Rubra Pilaris
DB00926,Etretinate,Etretinate,D005050,MESH:D011565,Psoriasis
DB01005,Hydroxyurea,Hydroxyurea,D006918,MESH:D000230,Adenocarcinoma
DB01005,Hydroxyurea,Hydroxyurea,D006918,MESH:D017086,beta-Thalassemia
DB01005,Hydroxyurea,Hydroxyurea,D006918,MESH:D003110,Colonic Neoplasms
DB01005,Hydroxyurea,Hydroxyurea,D006918,MESH:D006258,Head and Neck Neoplasms
DB01005,Hydroxyurea,Hydroxyurea,D006918,MESH:D015658,HIV Infections
DB01005,Hydroxyurea,Hydroxyurea,D006918,MESH:D007938,Leukemia
DB01005,Hydroxyurea,Hydroxyurea,D006918,MESH:D007964,Leukocytosis
DB01005,Hydroxyurea,Hydroxyurea,D006918,MESH:D009190,Myelodysplastic Syndromes
DB01005,Hydroxyurea,Hydroxyurea,D006918,MESH:D011087,Polycythemia Vera
DB01005,Hydroxyurea,Hydroxyurea,D006918,MESH:D055728,Primary Myelofibrosis
DB01005,Hydroxyurea,Hydroxyurea,D006918,MESH:D011471,Prostatic Neoplasms
DB01005,Hydroxyurea,Hydroxyurea,D006918,MESH:D011565,Psoriasis
DB01005,Hydroxyurea,Hydroxyurea,D006918,MESH:D020521,Stroke
DB01005,Hydroxyurea,Hydroxyurea,D006918,MESH:D013922,Thrombocytosis
DB01005,Hydroxyurea,Hydroxyurea,D006918,MESH:D013923,Thromboembolism
DB01005,Hydroxyurea,Hydroxyurea,D006918,MESH:D013927,Thrombosis
DB01005,Hydroxyurea,Hydroxyurea,D006918,MESH:D014652,Vascular Diseases
DB00470,Dronabinol,Dronabinol,D013759,MESH:D055371,Acute Lung Injury
DB00470,Dronabinol,Dronabinol,D013759,MESH:D000402,Airway Obstruction
DB00470,Dronabinol,Dronabinol,D013759,MESH:D000544,Alzheimer Disease
DB00470,Dronabinol,Dronabinol,D013759,MESH:D000690,Amyotrophic Lateral Sclerosis
DB00470,Dronabinol,Dronabinol,D013759,MESH:D000856,Anorexia Nervosa
DB00470,Dronabinol,Dronabinol,D013759,MESH:D001008,Anxiety Disorders
DB00470,Dronabinol,Dronabinol,D013759,MESH:D050197,Atherosclerosis
DB00470,Dronabinol,Dronabinol,D013759,MESH:D001929,Brain Edema
DB00470,Dronabinol,Dronabinol,D013759,MESH:D002544,Cerebral Infarction
DB00470,Dronabinol,Dronabinol,D013759,MESH:D003072,Cognition Disorders
DB00470,Dronabinol,Dronabinol,D013759,MESH:D003110,Colonic Neoplasms
DB00470,Dronabinol,Dronabinol,D013759,MESH:D019446,Endotoxemia
DB00470,Dronabinol,Dronabinol,D013759,MESH:D004827,Epilepsy
DB00470,Dronabinol,Dronabinol,D013759,MESH:D005119,Extravasation of Diagnostic and Therapeutic Materials
DB00470,Dronabinol,Dronabinol,D013759,MESH:D005909,Glioblastoma
DB00470,Dronabinol,Dronabinol,D013759,MESH:D005910,Glioma
DB00470,Dronabinol,Dronabinol,D013759,MESH:D015658,HIV Infections
DB00470,Dronabinol,Dronabinol,D013759,MESH:D006816,Huntington Disease
DB00470,Dronabinol,Dronabinol,D013759,MESH:D006930,Hyperalgesia
DB00470,Dronabinol,Dronabinol,D013759,MESH:D006943,Hyperglycemia
DB00470,Dronabinol,Dronabinol,D013759,MESH:D006948,Hyperkinesis
DB00470,Dronabinol,Dronabinol,D013759,MESH:D007035,Hypothermia
DB00470,Dronabinol,Dronabinol,D013759,MESH:D007249,Inflammation
DB00470,Dronabinol,Dronabinol,D013759,MESH:D055370,Lung Injury
DB00470,Dronabinol,Dronabinol,D013759,MESH:D008569,Memory Disorders
DB00470,Dronabinol,Dronabinol,D013759,MESH:D019964,Mood Disorders
DB00470,Dronabinol,Dronabinol,D013759,MESH:D009069,Movement Disorders
DB00470,Dronabinol,Dronabinol,D013759,MESH:D009325,Nausea
DB00470,Dronabinol,Dronabinol,D013759,MESH:D009410,Nerve Degeneration
DB00470,Dronabinol,Dronabinol,D013759,MESH:D009437,Neuralgia
DB00470,Dronabinol,Dronabinol,D013759,MESH:D009765,Obesity
DB00470,Dronabinol,Dronabinol,D013759,MESH:D010146,Pain
DB00470,Dronabinol,Dronabinol,D013759,MESH:D011014,Pneumonia
DB00470,Dronabinol,Dronabinol,D013759,MESH:D012128,Respiratory Distress Syndrome
DB00470,Dronabinol,Dronabinol,D013759,MESH:D012640,Seizures
DB00470,Dronabinol,Dronabinol,D013759,MESH:D012798,Sialorrhea
DB00470,Dronabinol,Dronabinol,D013759,MESH:D013163,Splenomegaly
DB00470,Dronabinol,Dronabinol,D013759,MESH:D013375,Substance Withdrawal Syndrome
DB00470,Dronabinol,Dronabinol,D013759,MESH:D005879,Tourette Syndrome
DB00470,Dronabinol,Dronabinol,D013759,MESH:D014202,Tremor
DB00470,Dronabinol,Dronabinol,D013759,MESH:D014839,Vomiting
DB00470,Dronabinol,Dronabinol,D013759,MESH:D015430,Weight Gain
DB00470,Dronabinol,Dronabinol,D013759,MESH:D015431,Weight Loss
DB01050,Ibuprofen,Ibuprofen,D007052,MESH:D015746,Abdominal Pain
DB01050,Ibuprofen,Ibuprofen,D007052,MESH:D020083,Acquired Hyperostosis Syndrome
DB01050,Ibuprofen,Ibuprofen,D007052,MESH:D000230,Adenocarcinoma
DB01050,Ibuprofen,Ibuprofen,D007052,MESH:D000544,Alzheimer Disease
DB01050,Ibuprofen,Ibuprofen,D007052,MESH:D001008,Anxiety Disorders
DB01050,Ibuprofen,Ibuprofen,D007052,MESH:D018771,Arthralgia
DB01050,Ibuprofen,Ibuprofen,D007052,MESH:D001168,Arthritis
DB01050,Ibuprofen,Ibuprofen,D007052,MESH:D001416,Back Pain
DB01050,Ibuprofen,Ibuprofen,D007052,MESH:D001768,Blister
DB01050,Ibuprofen,Ibuprofen,D007052,MESH:D001862,Bone Resorption
DB01050,Ibuprofen,Ibuprofen,D007052,MESH:D002545,Brain Ischemia
DB01050,Ibuprofen,Ibuprofen,D007052,MESH:D002100,Cachexia
DB01050,Ibuprofen,Ibuprofen,D007052,MESH:D002375,Catalepsy
DB01050,Ibuprofen,Ibuprofen,D007052,MESH:D056486,Chemical and Drug Induced Liver Injury
DB01050,Ibuprofen,Ibuprofen,D007052,MESH:D015179,Colorectal Neoplasms
DB01050,Ibuprofen,Ibuprofen,D007052,MESH:D003550,Cystic Fibrosis
DB01050,Ibuprofen,Ibuprofen,D007052,MESH:D004487,Edema
DB01050,Ibuprofen,Ibuprofen,D007052,MESH:D004715,Endometriosis
DB01050,Ibuprofen,Ibuprofen,D007052,MESH:D019446,Endotoxemia
DB01050,Ibuprofen,Ibuprofen,D007052,MESH:D005334,Fever
DB01050,Ibuprofen,Ibuprofen,D007052,MESH:D005891,Gingivitis
DB01050,Ibuprofen,Ibuprofen,D007052,MESH:D006261,Headache
DB01050,Ibuprofen,Ibuprofen,D007052,MESH:D006331,Heart Diseases
DB01050,Ibuprofen,Ibuprofen,D007052,MESH:D006930,Hyperalgesia
DB01050,Ibuprofen,Ibuprofen,D007052,MESH:D022124,Hyperammonemia
DB01050,Ibuprofen,Ibuprofen,D007052,MESH:D006984,Hypertrophy
DB01050,Ibuprofen,Ibuprofen,D007052,MESH:D007022,Hypotension
DB01050,Ibuprofen,Ibuprofen,D007052,MESH:D007249,Inflammation
DB01050,Ibuprofen,Ibuprofen,D007052,MESH:D017116,Low Back Pain
DB01050,Ibuprofen,Ibuprofen,D007052,MESH:D008569,Memory Disorders
DB01050,Ibuprofen,Ibuprofen,D007052,MESH:D008881,Migraine Disorders
DB01050,Ibuprofen,Ibuprofen,D007052,MESH:D009069,Movement Disorders
DB01050,Ibuprofen,Ibuprofen,D007052,MESH:D009336,Necrosis
DB01050,Ibuprofen,Ibuprofen,D007052,MESH:D009410,Nerve Degeneration
DB01050,Ibuprofen,Ibuprofen,D007052,MESH:D010003,Osteoarthritis
DB01050,Ibuprofen,Ibuprofen,D007052,MESH:D010146,Pain
DB01050,Ibuprofen,Ibuprofen,D007052,MESH:D010190,Pancreatic Neoplasms
DB01050,Ibuprofen,Ibuprofen,D007052,MESH:D010149,Postoperative Pain
DB01050,Ibuprofen,Ibuprofen,D007052,MESH:D011471,Prostatic Neoplasms
DB01050,Ibuprofen,Ibuprofen,D007052,MESH:D012640,Seizures
DB01050,Ibuprofen,Ibuprofen,D007052,MESH:D018805,Sepsis
DB01050,Ibuprofen,Ibuprofen,D007052,MESH:D013927,Thrombosis
DB01242,Clomipramine,Clomipramine,D002997,MESH:D001008,Anxiety Disorders
DB01242,Clomipramine,Clomipramine,D002997,MESH:D001321,Autistic Disorder
DB01242,Clomipramine,Clomipramine,D002997,MESH:D001714,Bipolar Disorder
DB01242,Clomipramine,Clomipramine,D002997,MESH:D001919,Bradycardia
DB01242,Clomipramine,Clomipramine,D002997,MESH:D002375,Catalepsy
DB01242,Clomipramine,Clomipramine,D002997,MESH:D003866,Depressive Disorder
DB01242,Clomipramine,Clomipramine,D002997,MESH:D004487,Edema
DB01242,Clomipramine,Clomipramine,D002997,MESH:D006212,Hallucinations
DB01242,Clomipramine,Clomipramine,D002997,MESH:D007249,Inflammation
DB01242,Clomipramine,Clomipramine,D002997,MESH:D003865,Major Depressive Disorder
DB01242,Clomipramine,Clomipramine,D002997,MESH:D001523,Mental Disorders
DB01242,Clomipramine,Clomipramine,D002997,MESH:D009069,Movement Disorders
DB01242,Clomipramine,Clomipramine,D002997,MESH:D009369,Neoplasms
DB01242,Clomipramine,Clomipramine,D002997,MESH:D009437,Neuralgia
DB01242,Clomipramine,Clomipramine,D002997,MESH:D009771,Obsessive-Compulsive Disorder
DB01242,Clomipramine,Clomipramine,D002997,MESH:D010146,Pain
DB01242,Clomipramine,Clomipramine,D002997,MESH:D016584,Panic Disorder
DB01242,Clomipramine,Clomipramine,D002997,MESH:D010259,Paranoid Disorders
DB01242,Clomipramine,Clomipramine,D002997,MESH:D010523,Peripheral Nervous System Diseases
DB01242,Clomipramine,Clomipramine,D002997,MESH:D010554,Personality Disorders
DB01242,Clomipramine,Clomipramine,D002997,MESH:D011618,Psychotic Disorders
DB00255,Diethylstilbestrol,Diethylstilbestrol,D004054,MESH:D000230,Adenocarcinoma
DB00255,Diethylstilbestrol,Diethylstilbestrol,D004054,MESH:D000686,Amyloidosis
DB00255,Diethylstilbestrol,Diethylstilbestrol,D004054,MESH:D001943,Breast Neoplasms
DB00255,Diethylstilbestrol,Diethylstilbestrol,D004054,MESH:D002277,Carcinoma
DB00255,Diethylstilbestrol,Diethylstilbestrol,D004054,MESH:D004211,Disseminated Intravascular Coagulation
DB00255,Diethylstilbestrol,Diethylstilbestrol,D004054,MESH:D004714,Endometrial Hyperplasia
DB00255,Diethylstilbestrol,Diethylstilbestrol,D004054,MESH:D005313,Fetal Death
DB00255,Diethylstilbestrol,Diethylstilbestrol,D004054,MESH:D006973,Hypertension
DB00255,Diethylstilbestrol,Diethylstilbestrol,D004054,MESH:D047928,Premature Birth
DB00255,Diethylstilbestrol,Diethylstilbestrol,D004054,MESH:D011471,Prostatic Neoplasms
DB00698,Nitrofurantoin,Nitrofurantoin,D009582,MESH:D003556,Cystitis
DB00698,Nitrofurantoin,Nitrofurantoin,D009582,MESH:D004927,Escherichia coli Infections
DB00698,Nitrofurantoin,Nitrofurantoin,D009582,MESH:D011472,Prostatitis
DB00698,Nitrofurantoin,Nitrofurantoin,D009582,MESH:D011704,Pyelonephritis
DB00698,Nitrofurantoin,Nitrofurantoin,D009582,MESH:D051437,Renal Insufficiency
DB00698,Nitrofurantoin,Nitrofurantoin,D009582,MESH:D001749,Urinary Bladder Neoplasms
DB00698,Nitrofurantoin,Nitrofurantoin,D009582,MESH:D014552,Urinary Tract Infections
DB00475,Chlordiazepoxide,Chlordiazepoxide,D002707,MESH:D020751,Alcohol-Induced Disorders
DB00475,Chlordiazepoxide,Chlordiazepoxide,D002707,MESH:D000430,Alcohol Withdrawal Delirium
DB00475,Chlordiazepoxide,Chlordiazepoxide,D002707,MESH:D000855,Anorexia
DB00475,Chlordiazepoxide,Chlordiazepoxide,D002707,MESH:D001008,Anxiety Disorders
DB00475,Chlordiazepoxide,Chlordiazepoxide,D002707,MESH:D019970,Cocaine-Related Disorders
DB00475,Chlordiazepoxide,Chlordiazepoxide,D002707,MESH:D003424,Crohn Disease
DB00475,Chlordiazepoxide,Chlordiazepoxide,D002707,MESH:D006948,Hyperkinesis
DB00475,Chlordiazepoxide,Chlordiazepoxide,D002707,MESH:D007859,Learning Disabilities
DB00475,Chlordiazepoxide,Chlordiazepoxide,D002707,MESH:D010409,Penile Diseases
DB00475,Chlordiazepoxide,Chlordiazepoxide,D002707,MESH:D012640,Seizures
DB00475,Chlordiazepoxide,Chlordiazepoxide,D002707,MESH:D013375,Substance Withdrawal Syndrome
DB00468,Quinine,Quinine,D011803,MESH:D001943,Breast Neoplasms
DB00468,Quinine,Quinine,D011803,MESH:D003128,Coma
DB00468,Quinine,Quinine,D011803,MESH:D005334,Fever
DB00468,Quinine,Quinine,D011803,MESH:D006948,Hyperkinesis
DB00468,Quinine,Quinine,D011803,MESH:D008288,Malaria
DB00468,Quinine,Quinine,D011803,MESH:D010146,Pain
DB00916,Metronidazole,Metronidazole,D008795,MESH:D000437,Alcoholism
DB00916,Metronidazole,Metronidazole,D008795,MESH:D001284,Atrophy
DB00916,Metronidazole,Metronidazole,D008795,MESH:D016470,Bacteremia
DB00916,Metronidazole,Metronidazole,D008795,MESH:D001424,Bacterial Infections
DB00916,Metronidazole,Metronidazole,D008795,MESH:D001987,Bronchiectasis
DB00916,Metronidazole,Metronidazole,D008795,MESH:D002481,Cellulitis
DB00916,Metronidazole,Metronidazole,D008795,MESH:D056486,Chemical and Drug Induced Liver Injury
DB00916,Metronidazole,Metronidazole,D008795,MESH:D003092,Colitis
DB00916,Metronidazole,Metronidazole,D008795,MESH:D003424,Crohn Disease
DB00916,Metronidazole,Metronidazole,D008795,MESH:D003967,Diarrhea
DB00916,Metronidazole,Metronidazole,D008795,MESH:D004381,Duodenal Ulcer
DB00916,Metronidazole,Metronidazole,D008795,MESH:D004487,Edema
DB00916,Metronidazole,Metronidazole,D008795,MESH:D004749,Entamoebiasis
DB00916,Metronidazole,Metronidazole,D008795,MESH:D004751,Enteritis
DB00916,Metronidazole,Metronidazole,D008795,MESH:D052776,Female Urogenital Diseases
DB00916,Metronidazole,Metronidazole,D008795,MESH:D005767,Gastrointestinal Diseases
DB00916,Metronidazole,Metronidazole,D008795,MESH:D016905,Gram-Negative Bacterial Infections
DB00916,Metronidazole,Metronidazole,D008795,MESH:D016481,Helicobacter Infections
DB00916,Metronidazole,Metronidazole,D008795,MESH:D006501,Hepatic Encephalopathy
DB00916,Metronidazole,Metronidazole,D008795,MESH:D006965,Hyperplasia
DB00916,Metronidazole,Metronidazole,D008795,MESH:D007249,Inflammation
DB00916,Metronidazole,Metronidazole,D008795,MESH:D015212,Inflammatory Bowel Diseases
DB00916,Metronidazole,Metronidazole,D008795,MESH:D007410,Intestinal Diseases
DB00916,Metronidazole,Metronidazole,D008795,MESH:D008679,Metaplasia
DB00916,Metronidazole,Metronidazole,D008795,MESH:D009059,Mouth Diseases
DB00916,Metronidazole,Metronidazole,D008795,MESH:D010292,Paresthesia
DB00916,Metronidazole,Metronidazole,D008795,MESH:D010437,Peptic Ulcer
DB00916,Metronidazole,Metronidazole,D008795,MESH:D010518,Periodontitis
DB00916,Metronidazole,Metronidazole,D008795,MESH:D010523,Peripheral Nervous System Diseases
DB00916,Metronidazole,Metronidazole,D008795,MESH:D010538,Peritonitis
DB00916,Metronidazole,Metronidazole,D008795,MESH:D011230,Precancerous Conditions
DB00916,Metronidazole,Metronidazole,D008795,MESH:D012393,Rosacea
DB00916,Metronidazole,Metronidazole,D008795,MESH:D018805,Sepsis
DB00916,Metronidazole,Metronidazole,D008795,MESH:D013203,Staphylococcal Infections
DB00916,Metronidazole,Metronidazole,D008795,MESH:D014456,Ulcer
DB00916,Metronidazole,Metronidazole,D008795,MESH:D014552,Urinary Tract Infections
DB00433,Prochlorperazine,Prochlorperazine,D011346,MESH:D006261,Headache
DB00433,Prochlorperazine,Prochlorperazine,D011346,MESH:D006930,Hyperalgesia
DB00433,Prochlorperazine,Prochlorperazine,D011346,MESH:D006948,Hyperkinesis
DB00433,Prochlorperazine,Prochlorperazine,D011346,MESH:D008881,Migraine Disorders
DB00433,Prochlorperazine,Prochlorperazine,D011346,MESH:D009325,Nausea
DB00433,Prochlorperazine,Prochlorperazine,D011346,MESH:D014839,Vomiting
DB01092,Ouabain,Ouabain,D010042,MESH:D006333,Heart Failure
DB01092,Ouabain,Ouabain,D010042,MESH:D009361,Neoplasm Invasiveness
DB01092,Ouabain,Ouabain,D010042,MESH:D015837,Vestibular Diseases
DB00481,Raloxifene,Raloxifene Hydrochloride,D020849,MESH:D000230,Adenocarcinoma
DB00481,Raloxifene,Raloxifene Hydrochloride,D020849,MESH:D000419,Albuminuria
DB00481,Raloxifene,Raloxifene Hydrochloride,D020849,MESH:D000544,Alzheimer Disease
DB00481,Raloxifene,Raloxifene Hydrochloride,D020849,MESH:D050197,Atherosclerosis
DB00481,Raloxifene,Raloxifene Hydrochloride,D020849,MESH:D001930,Brain Injuries
DB00481,Raloxifene,Raloxifene Hydrochloride,D020849,MESH:D001943,Breast Neoplasms
DB00481,Raloxifene,Raloxifene Hydrochloride,D020849,MESH:D002114,Calcinosis
DB00481,Raloxifene,Raloxifene Hydrochloride,D020849,MESH:D002318,Cardiovascular Diseases
DB00481,Raloxifene,Raloxifene Hydrochloride,D020849,MESH:D003072,Cognition Disorders
DB00481,Raloxifene,Raloxifene Hydrochloride,D020849,MESH:D003110,Colonic Neoplasms
DB00481,Raloxifene,Raloxifene Hydrochloride,D020849,MESH:D003928,Diabetic Nephropathies
DB00481,Raloxifene,Raloxifene Hydrochloride,D020849,MESH:D004417,Dyspnea
DB00481,Raloxifene,Raloxifene Hydrochloride,D020849,MESH:D004487,Edema
DB00481,Raloxifene,Raloxifene Hydrochloride,D020849,MESH:D006331,Heart Diseases
DB00481,Raloxifene,Raloxifene Hydrochloride,D020849,MESH:D006349,Heart Valve Diseases
DB00481,Raloxifene,Raloxifene Hydrochloride,D020849,MESH:D006973,Hypertension
DB00481,Raloxifene,Raloxifene Hydrochloride,D020849,MESH:D007417,Intestinal Polyps
DB00481,Raloxifene,Raloxifene Hydrochloride,D020849,MESH:D007889,Leiomyoma
DB00481,Raloxifene,Raloxifene Hydrochloride,D020849,MESH:D003865,Major Depressive Disorder
DB00481,Raloxifene,Raloxifene Hydrochloride,D020849,MESH:D009101,Multiple Myeloma
DB00481,Raloxifene,Raloxifene Hydrochloride,D020849,MESH:D018908,Muscle Weakness
DB00481,Raloxifene,Raloxifene Hydrochloride,D020849,MESH:D009362,Neoplasm Metastasis
DB00481,Raloxifene,Raloxifene Hydrochloride,D020849,MESH:D010024,Osteoporosis
DB00481,Raloxifene,Raloxifene Hydrochloride,D020849,MESH:D010146,Pain
DB00481,Raloxifene,Raloxifene Hydrochloride,D020849,MESH:D011471,Prostatic Neoplasms
DB00481,Raloxifene,Raloxifene Hydrochloride,D020849,MESH:D064726,Triple Negative Breast Neoplasms
DB00481,Raloxifene,Raloxifene Hydrochloride,D020849,MESH:D001749,Urinary Bladder Neoplasms
DB00481,Raloxifene,Raloxifene Hydrochloride,D020849,MESH:D015431,Weight Loss
DB00929,Misoprostol,Misoprostol,D016595,MESH:D058186,Acute Kidney Injury
DB00929,Misoprostol,Misoprostol,D016595,MESH:D001416,Back Pain
DB00929,Misoprostol,Misoprostol,D016595,MESH:D004381,Duodenal Ulcer
DB00929,Misoprostol,Misoprostol,D016595,MESH:D007511,Ischemia
DB00929,Misoprostol,Misoprostol,D016595,MESH:D007674,Kidney Diseases
DB00929,Misoprostol,Misoprostol,D016595,MESH:D010003,Osteoarthritis
DB00929,Misoprostol,Misoprostol,D016595,MESH:D010146,Pain
DB00929,Misoprostol,Misoprostol,D016595,MESH:D010437,Peptic Ulcer
DB00929,Misoprostol,Misoprostol,D016595,MESH:D051437,Renal Insufficiency
DB00929,Misoprostol,Misoprostol,D016595,MESH:D013272,Stomach Diseases
DB00929,Misoprostol,Misoprostol,D016595,MESH:D013276,Stomach Ulcer
DB00929,Misoprostol,Misoprostol,D016595,MESH:D001745,Urinary Bladder Diseases
DB06710,Methyltestosterone,Methyltestosterone,D008777,MESH:D003456,Cryptorchidism
DB06710,Methyltestosterone,Methyltestosterone,D008777,MESH:D003866,Depressive Disorder
DB06710,Methyltestosterone,Methyltestosterone,D008777,MESH:D007018,Hypopituitarism
DB00295,Morphine,Morphine,D009020,MESH:D015746,Abdominal Pain
DB00295,Morphine,Morphine,D009020,MESH:D000647,Amnesia
DB00295,Morphine,Morphine,D009020,MESH:D001416,Back Pain
DB00295,Morphine,Morphine,D009020,MESH:D002545,Brain Ischemia
DB00295,Morphine,Morphine,D009020,MESH:D002056,Burns
DB00295,Morphine,Morphine,D009020,MESH:D002637,Chest Pain
DB00295,Morphine,Morphine,D009020,MESH:D003110,Colonic Neoplasms
DB00295,Morphine,Morphine,D009020,MESH:D003327,Coronary Disease
DB00295,Morphine,Morphine,D009020,MESH:D003371,Cough
DB00295,Morphine,Morphine,D009020,MESH:D003866,Depressive Disorder
DB00295,Morphine,Morphine,D009020,MESH:D003919,Diabetes Insipidus
DB00295,Morphine,Morphine,D009020,MESH:D003967,Diarrhea
DB00295,Morphine,Morphine,D009020,MESH:D004417,Dyspnea
DB00295,Morphine,Morphine,D009020,MESH:D004487,Edema
DB00295,Morphine,Morphine,D009020,MESH:D006212,Hallucinations
DB00295,Morphine,Morphine,D009020,MESH:D006261,Headache
DB00295,Morphine,Morphine,D009020,MESH:D006331,Heart Diseases
DB00295,Morphine,Morphine,D009020,MESH:D006930,Hyperalgesia
DB00295,Morphine,Morphine,D009020,MESH:D006940,Hyperemia
DB00295,Morphine,Morphine,D009020,MESH:D006941,Hyperesthesia
DB00295,Morphine,Morphine,D009020,MESH:D006948,Hyperkinesis
DB00295,Morphine,Morphine,D009020,MESH:D006973,Hypertension
DB00295,Morphine,Morphine,D009020,MESH:D010148,Intractable Pain
DB00295,Morphine,Morphine,D009020,MESH:D017116,Low Back Pain
DB00295,Morphine,Morphine,D009020,MESH:D008175,Lung Neoplasms
DB00295,Morphine,Morphine,D009020,MESH:D009069,Movement Disorders
DB00295,Morphine,Morphine,D009020,MESH:D052016,Mucositis
DB00295,Morphine,Morphine,D009020,MESH:D009203,Myocardial Infarction
DB00295,Morphine,Morphine,D009020,MESH:D015428,Myocardial Reperfusion Injury
DB00295,Morphine,Morphine,D009020,MESH:D009437,Neuralgia
DB00295,Morphine,Morphine,D009020,MESH:D009293,Opioid-Related Disorders
DB00295,Morphine,Morphine,D009020,MESH:D010146,Pain
DB00295,Morphine,Morphine,D009020,MESH:D010523,Peripheral Nervous System Diseases
DB00295,Morphine,Morphine,D009020,MESH:D010538,Peritonitis
DB00295,Morphine,Morphine,D009020,MESH:D010554,Personality Disorders
DB00295,Morphine,Morphine,D009020,MESH:D010149,Postoperative Pain
DB00295,Morphine,Morphine,D009020,MESH:D011654,Pulmonary Edema
DB00295,Morphine,Morphine,D009020,MESH:D015427,Reperfusion Injury
DB00295,Morphine,Morphine,D009020,MESH:D012640,Seizures
DB00295,Morphine,Morphine,D009020,MESH:D013035,Spasm
DB00295,Morphine,Morphine,D009020,MESH:D013203,Staphylococcal Infections
DB00295,Morphine,Morphine,D009020,MESH:D013375,Substance Withdrawal Syndrome
DB00295,Morphine,Morphine,D009020,MESH:D013705,Temporomandibular Joint Disorders
DB00295,Morphine,Morphine,D009020,MESH:D014555,Urination Disorders
DB00295,Morphine,Morphine,D009020,MESH:D014839,Vomiting
DB01783,Pantothenic acid,Pantothenic Acid,D010205,MESH:D009369,Neoplasms
DB01783,Pantothenic acid,Pantothenic Acid,D010205,MESH:D009436,Neural Tube Defects
DB01783,Pantothenic acid,Pantothenic Acid,D010205,MESH:D010003,Osteoarthritis
DB01783,Pantothenic acid,Pantothenic Acid,D010205,MESH:D049188,Prenatal Injuries
DB00928,Azacitidine,Azacitidine,D001374,MESH:D000402,Airway Obstruction
DB00928,Azacitidine,Azacitidine,D001374,MESH:D003110,Colonic Neoplasms
DB00928,Azacitidine,Azacitidine,D001374,MESH:D015179,Colorectal Neoplasms
DB00928,Azacitidine,Azacitidine,D001374,MESH:D007674,Kidney Diseases
DB00928,Azacitidine,Azacitidine,D001374,MESH:D007938,Leukemia
DB00928,Azacitidine,Azacitidine,D001374,MESH:D008175,Lung Neoplasms
DB00928,Azacitidine,Azacitidine,D001374,MESH:D009101,Multiple Myeloma
DB00928,Azacitidine,Azacitidine,D001374,MESH:D009190,Myelodysplastic Syndromes
DB00928,Azacitidine,Azacitidine,D001374,MESH:D011471,Prostatic Neoplasms
DB00928,Azacitidine,Azacitidine,D001374,MESH:D015431,Weight Loss
DB00822,Disulfiram,Disulfiram,D004221,MESH:D000163,Acquired Immunodeficiency Syndrome
DB00822,Disulfiram,Disulfiram,D004221,MESH:D000435,Alcoholic Intoxication
DB00822,Disulfiram,Disulfiram,D004221,MESH:D000437,Alcoholism
DB00822,Disulfiram,Disulfiram,D004221,MESH:D001008,Anxiety Disorders
DB00822,Disulfiram,Disulfiram,D004221,MESH:D001943,Breast Neoplasms
DB00822,Disulfiram,Disulfiram,D004221,MESH:D002177,Candidiasis
DB00822,Disulfiram,Disulfiram,D004221,MESH:D002277,Carcinoma
DB00822,Disulfiram,Disulfiram,D004221,MESH:D002386,Cataract
DB00822,Disulfiram,Disulfiram,D004221,MESH:D019970,Cocaine-Related Disorders
DB00822,Disulfiram,Disulfiram,D004221,MESH:D007414,Intestinal Neoplasms
DB00822,Disulfiram,Disulfiram,D004221,MESH:D008545,Melanoma
DB00822,Disulfiram,Disulfiram,D004221,MESH:D008654,Mesothelioma
DB00822,Disulfiram,Disulfiram,D004221,MESH:D009361,Neoplasm Invasiveness
DB00822,Disulfiram,Disulfiram,D004221,MESH:D009362,Neoplasm Metastasis
DB00822,Disulfiram,Disulfiram,D004221,MESH:D009369,Neoplasms
DB00822,Disulfiram,Disulfiram,D004221,MESH:D012516,Osteosarcoma
DB00822,Disulfiram,Disulfiram,D004221,MESH:D010051,Ovarian Neoplasms
DB00822,Disulfiram,Disulfiram,D004221,MESH:D010190,Pancreatic Neoplasms
DB00822,Disulfiram,Disulfiram,D004221,MESH:D010554,Personality Disorders
DB00822,Disulfiram,Disulfiram,D004221,MESH:D011471,Prostatic Neoplasms
DB00822,Disulfiram,Disulfiram,D004221,MESH:D012640,Seizures
DB00822,Disulfiram,Disulfiram,D004221,MESH:D001745,Urinary Bladder Diseases
DB00586,Diclofenac,Diclofenac,D004008,MESH:D019969,Amphetamine-Related Disorders
DB00586,Diclofenac,Diclofenac,D004008,MESH:D001168,Arthritis
DB00586,Diclofenac,Diclofenac,D004008,MESH:D001424,Bacterial Infections
DB00586,Diclofenac,Diclofenac,D004008,MESH:D001768,Blister
DB00586,Diclofenac,Diclofenac,D004008,MESH:D003110,Colonic Neoplasms
DB00586,Diclofenac,Diclofenac,D004008,MESH:D004412,Dysmenorrhea
DB00586,Diclofenac,Diclofenac,D004008,MESH:D004487,Edema
DB00586,Diclofenac,Diclofenac,D004008,MESH:D005234,Fatty Liver
DB00586,Diclofenac,Diclofenac,D004008,MESH:D005334,Fever
DB00586,Diclofenac,Diclofenac,D004008,MESH:D006073,Gout
DB00586,Diclofenac,Diclofenac,D004008,MESH:D048550,Hepatic Insufficiency
DB00586,Diclofenac,Diclofenac,D004008,MESH:D006930,Hyperalgesia
DB00586,Diclofenac,Diclofenac,D004008,MESH:D007249,Inflammation
DB00586,Diclofenac,Diclofenac,D004008,MESH:D017116,Low Back Pain
DB00586,Diclofenac,Diclofenac,D004008,MESH:D009135,Muscular Diseases
DB00586,Diclofenac,Diclofenac,D004008,MESH:D009437,Neuralgia
DB00586,Diclofenac,Diclofenac,D004008,MESH:D009447,Neuroblastoma
DB00586,Diclofenac,Diclofenac,D004008,MESH:D009798,Ocular Hypertension
DB00586,Diclofenac,Diclofenac,D004008,MESH:D010003,Osteoarthritis
DB00586,Diclofenac,Diclofenac,D004008,MESH:D010146,Pain
DB00586,Diclofenac,Diclofenac,D004008,MESH:D010149,Postoperative Pain
DB00586,Diclofenac,Diclofenac,D004008,MESH:D013927,Thrombosis
DB01097,Leflunomide,Leflunomide,D000077339,MESH:D001168,Arthritis
DB01097,Leflunomide,Leflunomide,D000077339,MESH:D001862,Bone Resorption
DB01097,Leflunomide,Leflunomide,D000077339,MESH:D014890,Granulomatosis with Polyangiitis
DB01097,Leflunomide,Leflunomide,D000077339,MESH:D011658,Pulmonary Fibrosis
DB01097,Leflunomide,Leflunomide,D000077339,MESH:D013625,Takayasu Arteritis
DB00514,Dextromethorphan,Dextromethorphan,D003915,MESH:D019969,Amphetamine-Related Disorders
DB00514,Dextromethorphan,Dextromethorphan,D003915,MESH:D050197,Atherosclerosis
DB00514,Dextromethorphan,Dextromethorphan,D003915,MESH:D001289,Attention Deficit Disorder with Hyperactivity
DB00514,Dextromethorphan,Dextromethorphan,D003915,MESH:D002375,Catalepsy
DB00514,Dextromethorphan,Dextromethorphan,D003915,MESH:D056486,Chemical and Drug Induced Liver Injury
DB00514,Dextromethorphan,Dextromethorphan,D003915,MESH:D003371,Cough
DB00514,Dextromethorphan,Dextromethorphan,D003915,MESH:D003929,Diabetic Neuropathies
DB00514,Dextromethorphan,Dextromethorphan,D003915,MESH:D006930,Hyperalgesia
DB00514,Dextromethorphan,Dextromethorphan,D003915,MESH:D019964,Mood Disorders
DB00514,Dextromethorphan,Dextromethorphan,D003915,MESH:D009103,Multiple Sclerosis
DB00514,Dextromethorphan,Dextromethorphan,D003915,MESH:D009422,Nervous System Diseases
DB00514,Dextromethorphan,Dextromethorphan,D003915,MESH:D019954,Neurobehavioral Manifestations
DB00514,Dextromethorphan,Dextromethorphan,D003915,MESH:D010146,Pain
DB00514,Dextromethorphan,Dextromethorphan,D003915,MESH:D010149,Postoperative Pain
DB00514,Dextromethorphan,Dextromethorphan,D003915,MESH:D015427,Reperfusion Injury
DB00514,Dextromethorphan,Dextromethorphan,D003915,MESH:D012128,Respiratory Distress Syndrome
DB00514,Dextromethorphan,Dextromethorphan,D003915,MESH:D012148,Restless Legs Syndrome
DB00514,Dextromethorphan,Dextromethorphan,D003915,MESH:D012640,Seizures
DB00514,Dextromethorphan,Dextromethorphan,D003915,MESH:D013375,Substance Withdrawal Syndrome
DB00619,Imatinib,Imatinib Mesylate,D000068877,MESH:D001752,Blast Crisis
DB00619,Imatinib,Imatinib Mesylate,D000068877,MESH:D001859,Bone Neoplasms
DB00619,Imatinib,Imatinib Mesylate,D000068877,MESH:D001943,Breast Neoplasms
DB00619,Imatinib,Imatinib Mesylate,D000068877,MESH:D018222,Desmoid Tumors
DB00619,Imatinib,Imatinib Mesylate,D000068877,MESH:D004487,Edema
DB00619,Imatinib,Imatinib Mesylate,D000068877,MESH:D005770,Gastrointestinal Neoplasms
DB00619,Imatinib,Imatinib Mesylate,D000068877,MESH:D046152,Gastrointestinal Stromal Tumors
DB00619,Imatinib,Imatinib Mesylate,D000068877,MESH:D005910,Glioma
DB00619,Imatinib,Imatinib Mesylate,D000068877,MESH:D005921,Glomerulonephritis
DB00619,Imatinib,Imatinib Mesylate,D000068877,MESH:D006333,Heart Failure
DB00619,Imatinib,Imatinib Mesylate,D000068877,MESH:D017681,Hypereosinophilic Syndrome
DB00619,Imatinib,Imatinib Mesylate,D000068877,MESH:D006943,Hyperglycemia
DB00619,Imatinib,Imatinib Mesylate,D000068877,MESH:D007938,Leukemia
DB00619,Imatinib,Imatinib Mesylate,D000068877,MESH:D008103,Liver Cirrhosis
DB00619,Imatinib,Imatinib Mesylate,D000068877,MESH:D008175,Lung Neoplasms
DB00619,Imatinib,Imatinib Mesylate,D000068877,MESH:D008654,Mesothelioma
DB00619,Imatinib,Imatinib Mesylate,D000068877,MESH:D009196,Myeloproliferative Disorders
DB00619,Imatinib,Imatinib Mesylate,D000068877,MESH:D009336,Necrosis
DB00619,Imatinib,Imatinib Mesylate,D000068877,MESH:D009362,Neoplasm Metastasis
DB00619,Imatinib,Imatinib Mesylate,D000068877,MESH:D009369,Neoplasms
DB00619,Imatinib,Imatinib Mesylate,D000068877,MESH:D010014,Osteolysis
DB00619,Imatinib,Imatinib Mesylate,D000068877,MESH:D054198,Precursor Cell Lymphoblastic Leukemia-Lymphoma
DB00619,Imatinib,Imatinib Mesylate,D000068877,MESH:D011471,Prostatic Neoplasms
DB00619,Imatinib,Imatinib Mesylate,D000068877,MESH:D011507,Proteinuria
DB00619,Imatinib,Imatinib Mesylate,D000068877,MESH:D011658,Pulmonary Fibrosis
DB00619,Imatinib,Imatinib Mesylate,D000068877,MESH:D055752,Small Cell Lung Carcinoma
DB00619,Imatinib,Imatinib Mesylate,D000068877,MESH:D013274,Stomach Neoplasms
DB00619,Imatinib,Imatinib Mesylate,D000068877,MESH:D013964,Thyroid Neoplasms
DB09131,Cupric Chloride,cupric chloride,C029892,MESH:D017496,Hypopigmentation
DB09131,Cupric Chloride,cupric chloride,C029892,MESH:D009421,Nervous System Malformations
DB09131,Cupric Chloride,cupric chloride,C029892,MESH:D010859,Pigmentation Disorders
DB00834,Mifepristone,Mifepristone,D015735,MESH:D055371,Acute Lung Injury
DB00834,Mifepristone,Mifepristone,D015735,MESH:D018268,Adrenocortical Carcinoma
DB00834,Mifepristone,Mifepristone,D015735,MESH:D000544,Alzheimer Disease
DB00834,Mifepristone,Mifepristone,D015735,MESH:D002277,Carcinoma
DB00834,Mifepristone,Mifepristone,D015735,MESH:D056486,Chemical and Drug Induced Liver Injury
DB00834,Mifepristone,Mifepristone,D015735,MESH:D019970,Cocaine-Related Disorders
DB00834,Mifepristone,Mifepristone,D015735,MESH:D003480,Cushing Syndrome
DB00834,Mifepristone,Mifepristone,D015735,MESH:D004715,Endometriosis
DB00834,Mifepristone,Mifepristone,D015735,MESH:D005234,Fatty Liver
DB00834,Mifepristone,Mifepristone,D015735,MESH:D006529,Hepatomegaly
DB00834,Mifepristone,Mifepristone,D015735,MESH:D006937,Hypercholesterolemia
DB00834,Mifepristone,Mifepristone,D015735,MESH:D006973,Hypertension
DB00834,Mifepristone,Mifepristone,D015735,MESH:D008231,Lymphopenia
DB00834,Mifepristone,Mifepristone,D015735,MESH:D009133,Muscular Atrophy
DB00834,Mifepristone,Mifepristone,D015735,MESH:D010051,Ovarian Neoplasms
DB00834,Mifepristone,Mifepristone,D015735,MESH:D015427,Reperfusion Injury
DB00834,Mifepristone,Mifepristone,D015735,MESH:D013375,Substance Withdrawal Syndrome
DB00834,Mifepristone,Mifepristone,D015735,MESH:D015431,Weight Loss
DB00917,Dinoprostone,Dinoprostone,D015232,MESH:D058186,Acute Kidney Injury
DB00917,Dinoprostone,Dinoprostone,D015232,MESH:D016535,Bronchial Hyperreactivity
DB00917,Dinoprostone,Dinoprostone,D015232,MESH:D002375,Catalepsy
DB00917,Dinoprostone,Dinoprostone,D015232,MESH:D003556,Cystitis
DB00917,Dinoprostone,Dinoprostone,D015232,MESH:D007172,Erectile Dysfunction
DB00917,Dinoprostone,Dinoprostone,D015232,MESH:D005901,Glaucoma
DB00917,Dinoprostone,Dinoprostone,D015232,MESH:D006417,Hematuria
DB00917,Dinoprostone,Dinoprostone,D015232,MESH:D006470,Hemorrhage
DB00917,Dinoprostone,Dinoprostone,D015232,MESH:D006930,Hyperalgesia
DB00917,Dinoprostone,Dinoprostone,D015232,MESH:D006973,Hypertension
DB00917,Dinoprostone,Dinoprostone,D015232,MESH:D054990,Idiopathic Pulmonary Fibrosis
DB00917,Dinoprostone,Dinoprostone,D015232,MESH:D007105,Immune Complex Diseases
DB00917,Dinoprostone,Dinoprostone,D015232,MESH:D007410,Intestinal Diseases
DB00917,Dinoprostone,Dinoprostone,D015232,MESH:D007674,Kidney Diseases
DB00917,Dinoprostone,Dinoprostone,D015232,MESH:D008107,Liver Diseases
DB00917,Dinoprostone,Dinoprostone,D015232,MESH:D015427,Reperfusion Injury
DB00917,Dinoprostone,Dinoprostone,D015232,MESH:D019956,Stereotypic Movement Disorder
DB00917,Dinoprostone,Dinoprostone,D015232,MESH:D013276,Stomach Ulcer
DB00917,Dinoprostone,Dinoprostone,D015232,MESH:D013921,Thrombocytopenia
DB00917,Dinoprostone,Dinoprostone,D015232,MESH:D016055,Urinary Retention
DB00917,Dinoprostone,Dinoprostone,D015232,MESH:D014657,Vasculitis
DB00331,Metformin,Metformin,D008687,MESH:D058186,Acute Kidney Injury
DB00331,Metformin,Metformin,D008687,MESH:D000419,Albuminuria
DB00331,Metformin,Metformin,D008687,MESH:D056769,Alstrom Syndrome
DB00331,Metformin,Metformin,D008687,MESH:D000686,Amyloidosis
DB00331,Metformin,Metformin,D008687,MESH:D001008,Anxiety Disorders
DB00331,Metformin,Metformin,D008687,MESH:D001284,Atrophy
DB00331,Metformin,Metformin,D008687,MESH:D001930,Brain Injuries
DB00331,Metformin,Metformin,D008687,MESH:D002277,Carcinoma
DB00331,Metformin,Metformin,D008687,MESH:D006332,Cardiomegaly
DB00331,Metformin,Metformin,D008687,MESH:D066126,Cardiotoxicity
DB00331,Metformin,Metformin,D008687,MESH:D002386,Cataract
DB00331,Metformin,Metformin,D008687,MESH:D056486,Chemical and Drug Induced Liver Injury
DB00331,Metformin,Metformin,D008687,MESH:D003072,Cognition Disorders
DB00331,Metformin,Metformin,D008687,MESH:D003110,Colonic Neoplasms
DB00331,Metformin,Metformin,D008687,MESH:D003866,Depressive Disorder
DB00331,Metformin,Metformin,D008687,MESH:D048909,Diabetes Complications
DB00331,Metformin,Metformin,D008687,MESH:D003920,Diabetes Mellitus
DB00331,Metformin,Metformin,D008687,MESH:D003925,Diabetic Angiopathies
DB00331,Metformin,Metformin,D008687,MESH:D003928,Diabetic Nephropathies
DB00331,Metformin,Metformin,D008687,MESH:D020820,Dyskinesias
DB00331,Metformin,Metformin,D008687,MESH:D050171,Dyslipidemias
DB00331,Metformin,Metformin,D008687,MESH:D004719,Endomyocardial Fibrosis
DB00331,Metformin,Metformin,D008687,MESH:D005234,Fatty Liver
DB00331,Metformin,Metformin,D008687,MESH:D018149,Glucose Intolerance
DB00331,Metformin,Metformin,D008687,MESH:D006331,Heart Diseases
DB00331,Metformin,Metformin,D008687,MESH:D006402,Hematologic Diseases
DB00331,Metformin,Metformin,D008687,MESH:D006529,Hepatomegaly
DB00331,Metformin,Metformin,D008687,MESH:D017588,Hyperandrogenism
DB00331,Metformin,Metformin,D008687,MESH:D006937,Hypercholesterolemia
DB00331,Metformin,Metformin,D008687,MESH:D006943,Hyperglycemia
DB00331,Metformin,Metformin,D008687,MESH:D006946,Hyperinsulinism
DB00331,Metformin,Metformin,D008687,MESH:D006949,Hyperlipidemias
DB00331,Metformin,Metformin,D008687,MESH:D006973,Hypertension
DB00331,Metformin,Metformin,D008687,MESH:D015228,Hypertriglyceridemia
DB00331,Metformin,Metformin,D008687,MESH:D007333,Insulin Resistance
DB00331,Metformin,Metformin,D008687,MESH:D007410,Intestinal Diseases
DB00331,Metformin,Metformin,D008687,MESH:D007674,Kidney Diseases
DB00331,Metformin,Metformin,D008687,MESH:D007859,Learning Disabilities
DB00331,Metformin,Metformin,D008687,MESH:D008103,Liver Cirrhosis
DB00331,Metformin,Metformin,D008687,MESH:D008569,Memory Disorders
DB00331,Metformin,Metformin,D008687,MESH:D008659,Metabolic Diseases
DB00331,Metformin,Metformin,D008687,MESH:D024821,Metabolic Syndrome
DB00331,Metformin,Metformin,D008687,MESH:D009203,Myocardial Infarction
DB00331,Metformin,Metformin,D008687,MESH:D009362,Neoplasm Metastasis
DB00331,Metformin,Metformin,D008687,MESH:D009369,Neoplasms
DB00331,Metformin,Metformin,D008687,MESH:D009400,Nephrosclerosis
DB00331,Metformin,Metformin,D008687,MESH:D009765,Obesity
DB00331,Metformin,Metformin,D008687,MESH:D011085,Polycystic Ovary Syndrome
DB00331,Metformin,Metformin,D008687,MESH:D011470,Prostatic Hyperplasia
DB00331,Metformin,Metformin,D008687,MESH:D011507,Proteinuria
DB00331,Metformin,Metformin,D008687,MESH:D011654,Pulmonary Edema
DB00331,Metformin,Metformin,D008687,MESH:D011658,Pulmonary Fibrosis
DB00331,Metformin,Metformin,D008687,MESH:D051437,Renal Insufficiency
DB00331,Metformin,Metformin,D008687,MESH:D012640,Seizures
DB00331,Metformin,Metformin,D008687,MESH:D014555,Urination Disorders
DB00331,Metformin,Metformin,D008687,MESH:D015430,Weight Gain
DB00331,Metformin,Metformin,D008687,MESH:D015431,Weight Loss
DB00787,Acyclovir,Acyclovir,D000212,MESH:D000163,Acquired Immunodeficiency Syndrome
DB00787,Acyclovir,Acyclovir,D000212,MESH:D017088,AIDS-Related Opportunistic Infections
DB00787,Acyclovir,Acyclovir,D000212,MESH:D001424,Bacterial Infections
DB00787,Acyclovir,Acyclovir,D000212,MESH:D003556,Cystitis
DB00787,Acyclovir,Acyclovir,D000212,MESH:D003586,Cytomegalovirus Infections
DB00787,Acyclovir,Acyclovir,D000212,MESH:D004660,Encephalitis
DB00787,Acyclovir,Acyclovir,D000212,MESH:D006509,Hepatitis B
DB00787,Acyclovir,Acyclovir,D000212,MESH:D006561,Herpes Simplex
DB00787,Acyclovir,Acyclovir,D000212,MESH:D006566,Herpesviridae Infections
DB00787,Acyclovir,Acyclovir,D000212,MESH:D056784,Leukoencephalopathies
DB00787,Acyclovir,Acyclovir,D000212,MESH:D008590,Meningoencephalitis
DB00787,Acyclovir,Acyclovir,D000212,MESH:D009336,Necrosis
DB00787,Acyclovir,Acyclovir,D000212,MESH:D009437,Neuralgia
DB00203,Sildenafil,Sildenafil Citrate,D000068677,MESH:D058186,Acute Kidney Injury
DB00203,Sildenafil,Sildenafil Citrate,D000068677,MESH:D006332,Cardiomegaly
DB00203,Sildenafil,Sildenafil Citrate,D000068677,MESH:D009202,Cardiomyopathies
DB00203,Sildenafil,Sildenafil Citrate,D000068677,MESH:D056486,Chemical and Drug Induced Liver Injury
DB00203,Sildenafil,Sildenafil Citrate,D000068677,MESH:D023921,Coronary Stenosis
DB00203,Sildenafil,Sildenafil Citrate,D000068677,MESH:D003550,Cystic Fibrosis
DB00203,Sildenafil,Sildenafil Citrate,D000068677,MESH:D007172,Erectile Dysfunction
DB00203,Sildenafil,Sildenafil Citrate,D000068677,MESH:D006333,Heart Failure
DB00203,Sildenafil,Sildenafil Citrate,D000068677,MESH:D048550,Hepatic Insufficiency
DB00203,Sildenafil,Sildenafil Citrate,D000068677,MESH:D006529,Hepatomegaly
DB00203,Sildenafil,Sildenafil Citrate,D000068677,MESH:D006943,Hyperglycemia
DB00203,Sildenafil,Sildenafil Citrate,D000068677,MESH:D006946,Hyperinsulinism
DB00203,Sildenafil,Sildenafil Citrate,D000068677,MESH:D006973,Hypertension
DB00203,Sildenafil,Sildenafil Citrate,D000068677,MESH:D015228,Hypertriglyceridemia
DB00203,Sildenafil,Sildenafil Citrate,D000068677,MESH:D007674,Kidney Diseases
DB00203,Sildenafil,Sildenafil Citrate,D000068677,MESH:D008107,Liver Diseases
DB00203,Sildenafil,Sildenafil Citrate,D000068677,MESH:D008569,Memory Disorders
DB00203,Sildenafil,Sildenafil Citrate,D000068677,MESH:D017202,Myocardial Ischemia
DB00203,Sildenafil,Sildenafil Citrate,D000068677,MESH:D015428,Myocardial Reperfusion Injury
DB00203,Sildenafil,Sildenafil Citrate,D000068677,MESH:D009336,Necrosis
DB00203,Sildenafil,Sildenafil Citrate,D000068677,MESH:D009410,Nerve Degeneration
DB00203,Sildenafil,Sildenafil Citrate,D000068677,MESH:D009845,Oligospermia
DB00203,Sildenafil,Sildenafil Citrate,D000068677,MESH:D010146,Pain
DB00203,Sildenafil,Sildenafil Citrate,D000068677,MESH:D010411,Penile Induration
DB00203,Sildenafil,Sildenafil Citrate,D000068677,MESH:D011014,Pneumonia
DB00203,Sildenafil,Sildenafil Citrate,D000068677,MESH:D011183,Postoperative Complications
DB00203,Sildenafil,Sildenafil Citrate,D000068677,MESH:D011471,Prostatic Neoplasms
DB00203,Sildenafil,Sildenafil Citrate,D000068677,MESH:D011654,Pulmonary Edema
DB00203,Sildenafil,Sildenafil Citrate,D000068677,MESH:D012877,Skin Manifestations
DB00203,Sildenafil,Sildenafil Citrate,D000068677,MESH:D013272,Stomach Diseases
DB00203,Sildenafil,Sildenafil Citrate,D000068677,MESH:D013375,Substance Withdrawal Syndrome
DB00203,Sildenafil,Sildenafil Citrate,D000068677,MESH:D000072660,Teratozoospermia
DB00203,Sildenafil,Sildenafil Citrate,D000068677,MESH:D013733,Testicular Diseases
DB00203,Sildenafil,Sildenafil Citrate,D000068677,MESH:D015431,Weight Loss
DB00378,Dydrogesterone,Dydrogesterone,D004394,MESH:D003324,Coronary Artery Disease
DB00378,Dydrogesterone,Dydrogesterone,D004394,MESH:D004412,Dysmenorrhea
DB00396,Progesterone,Progesterone,D011374,MESH:D000230,Adenocarcinoma
DB00396,Progesterone,Progesterone,D011374,MESH:D001930,Brain Injuries
DB00396,Progesterone,Progesterone,D011374,MESH:D001943,Breast Neoplasms
DB00396,Progesterone,Progesterone,D011374,MESH:D002375,Catalepsy
DB00396,Progesterone,Progesterone,D011374,MESH:D002493,Central Nervous System Diseases
DB00396,Progesterone,Progesterone,D011374,MESH:D019970,Cocaine-Related Disorders
DB00396,Progesterone,Progesterone,D011374,MESH:D003711,Demyelinating Diseases
DB00396,Progesterone,Progesterone,D011374,MESH:D003929,Diabetic Neuropathies
DB00396,Progesterone,Progesterone,D011374,MESH:D020964,Embryo Loss
DB00396,Progesterone,Progesterone,D011374,MESH:D016889,Endometrial Neoplasms
DB00396,Progesterone,Progesterone,D011374,MESH:D004715,Endometriosis
DB00396,Progesterone,Progesterone,D011374,MESH:D006059,Gonadal Dysgenesis
DB00396,Progesterone,Progesterone,D011374,MESH:D006973,Hypertension
DB00396,Progesterone,Progesterone,D011374,MESH:D007018,Hypopituitarism
DB00396,Progesterone,Progesterone,D011374,MESH:D007249,Inflammation
DB00396,Progesterone,Progesterone,D011374,MESH:D008413,Mastitis
DB00396,Progesterone,Progesterone,D011374,MESH:D001523,Mental Disorders
DB00396,Progesterone,Progesterone,D011374,MESH:D028361,Mitochondrial Diseases
DB00396,Progesterone,Progesterone,D011374,MESH:D016472,Motor Neuron Disease
DB00396,Progesterone,Progesterone,D011374,MESH:D009410,Nerve Degeneration
DB00396,Progesterone,Progesterone,D011374,MESH:D009422,Nervous System Diseases
DB00396,Progesterone,Progesterone,D011374,MESH:D020258,Neurotoxicity Syndromes
DB00396,Progesterone,Progesterone,D011374,MESH:D010051,Ovarian Neoplasms
DB00396,Progesterone,Progesterone,D011374,MESH:D010146,Pain
DB00396,Progesterone,Progesterone,D011374,MESH:D010523,Peripheral Nervous System Diseases
DB00396,Progesterone,Progesterone,D011374,MESH:D047928,Premature Birth
DB00396,Progesterone,Progesterone,D011374,MESH:D012468,Salivary Gland Neoplasms
DB00396,Progesterone,Progesterone,D011374,MESH:D012640,Seizures
DB00396,Progesterone,Progesterone,D011374,MESH:D013119,Spinal Cord Injuries
DB00396,Progesterone,Progesterone,D011374,MESH:D013226,Status Epilepticus
DB00396,Progesterone,Progesterone,D011374,MESH:D020521,Stroke
DB00477,Chlorpromazine,Chlorpromazine,D002746,MESH:D001008,Anxiety Disorders
DB00477,Chlorpromazine,Chlorpromazine,D002746,MESH:D001157,Arterial Occlusive Diseases
DB00477,Chlorpromazine,Chlorpromazine,D002746,MESH:D001289,Attention Deficit Disorder with Hyperactivity
DB00477,Chlorpromazine,Chlorpromazine,D002746,MESH:D001480,Basal Ganglia Diseases
DB00477,Chlorpromazine,Chlorpromazine,D002746,MESH:D001714,Bipolar Disorder
DB00477,Chlorpromazine,Chlorpromazine,D002746,MESH:D001929,Brain Edema
DB00477,Chlorpromazine,Chlorpromazine,D002746,MESH:D056486,Chemical and Drug Induced Liver Injury
DB00477,Chlorpromazine,Chlorpromazine,D002746,MESH:D002779,Cholestasis
DB00477,Chlorpromazine,Chlorpromazine,D002746,MESH:D002819,Chorea
DB00477,Chlorpromazine,Chlorpromazine,D002746,MESH:D018352,Coronavirus Infections
DB00477,Chlorpromazine,Chlorpromazine,D002746,MESH:D003643,Death
DB00477,Chlorpromazine,Chlorpromazine,D002746,MESH:D003866,Depressive Disorder
DB00477,Chlorpromazine,Chlorpromazine,D002746,MESH:D004421,Dystonia
DB00477,Chlorpromazine,Chlorpromazine,D002746,MESH:D007172,Erectile Dysfunction
DB00477,Chlorpromazine,Chlorpromazine,D002746,MESH:D005910,Glioma
DB00477,Chlorpromazine,Chlorpromazine,D002746,MESH:D006212,Hallucinations
DB00477,Chlorpromazine,Chlorpromazine,D002746,MESH:D006261,Headache
DB00477,Chlorpromazine,Chlorpromazine,D002746,MESH:D006561,Herpes Simplex
DB00477,Chlorpromazine,Chlorpromazine,D002746,MESH:D006948,Hyperkinesis
DB00477,Chlorpromazine,Chlorpromazine,D002746,MESH:D006966,Hyperprolactinemia
DB00477,Chlorpromazine,Chlorpromazine,D002746,MESH:D006973,Hypertension
DB00477,Chlorpromazine,Chlorpromazine,D002746,MESH:D008288,Malaria
DB00477,Chlorpromazine,Chlorpromazine,D002746,MESH:D001523,Mental Disorders
DB00477,Chlorpromazine,Chlorpromazine,D002746,MESH:D008881,Migraine Disorders
DB00477,Chlorpromazine,Chlorpromazine,D002746,MESH:D009069,Movement Disorders
DB00477,Chlorpromazine,Chlorpromazine,D002746,MESH:D009135,Muscular Diseases
DB00477,Chlorpromazine,Chlorpromazine,D002746,MESH:D009175,Mycoplasma Infections
DB00477,Chlorpromazine,Chlorpromazine,D002746,MESH:D009325,Nausea
DB00477,Chlorpromazine,Chlorpromazine,D002746,MESH:D009336,Necrosis
DB00477,Chlorpromazine,Chlorpromazine,D002746,MESH:D009369,Neoplasms
DB00477,Chlorpromazine,Chlorpromazine,D002746,MESH:D010146,Pain
DB00477,Chlorpromazine,Chlorpromazine,D002746,MESH:D010259,Paranoid Disorders
DB00477,Chlorpromazine,Chlorpromazine,D002746,MESH:D010554,Personality Disorders
DB00477,Chlorpromazine,Chlorpromazine,D002746,MESH:D011595,Psychomotor Agitation
DB00477,Chlorpromazine,Chlorpromazine,D002746,MESH:D011618,Psychotic Disorders
DB00477,Chlorpromazine,Chlorpromazine,D002746,MESH:D011644,Puerperal Disorders
DB00477,Chlorpromazine,Chlorpromazine,D002746,MESH:D012559,Schizophrenia
DB00477,Chlorpromazine,Chlorpromazine,D002746,MESH:D012640,Seizures
DB00477,Chlorpromazine,Chlorpromazine,D002746,MESH:D007319,Sleep Initiation and Maintenance Disorders
DB00477,Chlorpromazine,Chlorpromazine,D002746,MESH:D013375,Substance Withdrawal Syndrome
DB00477,Chlorpromazine,Chlorpromazine,D002746,MESH:D013733,Testicular Diseases
DB00477,Chlorpromazine,Chlorpromazine,D002746,MESH:D014839,Vomiting
DB00578,Carbenicillin,Carbenicillin,D002228,MESH:D016470,Bacteremia
DB00578,Carbenicillin,Carbenicillin,D002228,MESH:D001424,Bacterial Infections
DB00578,Carbenicillin,Carbenicillin,D002228,MESH:D004927,Escherichia coli Infections
DB00578,Carbenicillin,Carbenicillin,D002228,MESH:D005334,Fever
DB00578,Carbenicillin,Carbenicillin,D002228,MESH:D016905,Gram-Negative Bacterial Infections
DB00578,Carbenicillin,Carbenicillin,D002228,MESH:D011014,Pneumonia
DB00578,Carbenicillin,Carbenicillin,D002228,MESH:D011552,Pseudomonas Infections
DB00578,Carbenicillin,Carbenicillin,D002228,MESH:D011704,Pyelonephritis
DB00578,Carbenicillin,Carbenicillin,D002228,MESH:D018805,Sepsis
DB00578,Carbenicillin,Carbenicillin,D002228,MESH:D013203,Staphylococcal Infections
DB00578,Carbenicillin,Carbenicillin,D002228,MESH:D014552,Urinary Tract Infections
DB00607,Nafcillin,Nafcillin,D009254,MESH:D016470,Bacteremia
DB00607,Nafcillin,Nafcillin,D009254,MESH:D001424,Bacterial Infections
DB00607,Nafcillin,Nafcillin,D009254,MESH:D011552,Pseudomonas Infections
DB00607,Nafcillin,Nafcillin,D009254,MESH:D018805,Sepsis
DB00607,Nafcillin,Nafcillin,D009254,MESH:D013203,Staphylococcal Infections
DB00415,Ampicillin,Ampicillin,D000667,MESH:D001284,Atrophy
DB00415,Ampicillin,Ampicillin,D000667,MESH:D016470,Bacteremia
DB00415,Ampicillin,Ampicillin,D000667,MESH:D001424,Bacterial Infections
DB00415,Ampicillin,Ampicillin,D000667,MESH:D056486,Chemical and Drug Induced Liver Injury
DB00415,Ampicillin,Ampicillin,D000667,MESH:D002761,Cholangitis
DB00415,Ampicillin,Ampicillin,D000667,MESH:D003424,Crohn Disease
DB00415,Ampicillin,Ampicillin,D000667,MESH:D004381,Duodenal Ulcer
DB00415,Ampicillin,Ampicillin,D000667,MESH:D004487,Edema
DB00415,Ampicillin,Ampicillin,D000667,MESH:D004751,Enteritis
DB00415,Ampicillin,Ampicillin,D000667,MESH:D004927,Escherichia coli Infections
DB00415,Ampicillin,Ampicillin,D000667,MESH:D016905,Gram-Negative Bacterial Infections
DB00415,Ampicillin,Ampicillin,D000667,MESH:D016908,Gram-Positive Bacterial Infections
DB00415,Ampicillin,Ampicillin,D000667,MESH:D007410,Intestinal Diseases
DB00415,Ampicillin,Ampicillin,D000667,MESH:D010146,Pain
DB00415,Ampicillin,Ampicillin,D000667,MESH:D010538,Peritonitis
DB00415,Ampicillin,Ampicillin,D000667,MESH:D011014,Pneumonia
DB00415,Ampicillin,Ampicillin,D000667,MESH:D018805,Sepsis
DB00415,Ampicillin,Ampicillin,D000667,MESH:D012852,Sinusitis
DB00415,Ampicillin,Ampicillin,D000667,MESH:D013203,Staphylococcal Infections
DB00415,Ampicillin,Ampicillin,D000667,MESH:D013276,Stomach Ulcer
DB00415,Ampicillin,Ampicillin,D000667,MESH:D014552,Urinary Tract Infections
DB00537,Ciprofloxacin,Ciprofloxacin,D002939,MESH:D016736,Antiphospholipid Syndrome
DB00537,Ciprofloxacin,Ciprofloxacin,D002939,MESH:D016470,Bacteremia
DB00537,Ciprofloxacin,Ciprofloxacin,D002939,MESH:D001424,Bacterial Infections
DB00537,Ciprofloxacin,Ciprofloxacin,D002939,MESH:D002481,Cellulitis
DB00537,Ciprofloxacin,Ciprofloxacin,D002939,MESH:D002690,Chlamydia Infections
DB00537,Ciprofloxacin,Ciprofloxacin,D002939,MESH:D003424,Crohn Disease
DB00537,Ciprofloxacin,Ciprofloxacin,D002939,MESH:D003550,Cystic Fibrosis
DB00537,Ciprofloxacin,Ciprofloxacin,D002939,MESH:D003556,Cystitis
DB00537,Ciprofloxacin,Ciprofloxacin,D002939,MESH:D003967,Diarrhea
DB00537,Ciprofloxacin,Ciprofloxacin,D002939,MESH:D004487,Edema
DB00537,Ciprofloxacin,Ciprofloxacin,D002939,MESH:D004927,Escherichia coli Infections
DB00537,Ciprofloxacin,Ciprofloxacin,D002939,MESH:D005334,Fever
DB00537,Ciprofloxacin,Ciprofloxacin,D002939,MESH:D016905,Gram-Negative Bacterial Infections
DB00537,Ciprofloxacin,Ciprofloxacin,D002939,MESH:D016908,Gram-Positive Bacterial Infections
DB00537,Ciprofloxacin,Ciprofloxacin,D002939,MESH:D016481,Helicobacter Infections
DB00537,Ciprofloxacin,Ciprofloxacin,D002939,MESH:D007964,Leukocytosis
DB00537,Ciprofloxacin,Ciprofloxacin,D002939,MESH:D007970,Leukopenia
DB00537,Ciprofloxacin,Ciprofloxacin,D002939,MESH:D055370,Lung Injury
DB00537,Ciprofloxacin,Ciprofloxacin,D002939,MESH:D008175,Lung Neoplasms
DB00537,Ciprofloxacin,Ciprofloxacin,D002939,MESH:D008288,Malaria
DB00537,Ciprofloxacin,Ciprofloxacin,D002939,MESH:D008581,Meningitis
DB00537,Ciprofloxacin,Ciprofloxacin,D002939,MESH:D009133,Muscular Atrophy
DB00537,Ciprofloxacin,Ciprofloxacin,D002939,MESH:D009164,Mycobacterium Infections
DB00537,Ciprofloxacin,Ciprofloxacin,D002939,MESH:D009175,Mycoplasma Infections
DB00537,Ciprofloxacin,Ciprofloxacin,D002939,MESH:D009190,Myelodysplastic Syndromes
DB00537,Ciprofloxacin,Ciprofloxacin,D002939,MESH:D016870,Neisseriaceae Infections
DB00537,Ciprofloxacin,Ciprofloxacin,D002939,MESH:D009503,Neutropenia
DB00537,Ciprofloxacin,Ciprofloxacin,D002939,MESH:D010146,Pain
DB00537,Ciprofloxacin,Ciprofloxacin,D002939,MESH:D010538,Peritonitis
DB00537,Ciprofloxacin,Ciprofloxacin,D002939,MESH:D010930,Plague
DB00537,Ciprofloxacin,Ciprofloxacin,D002939,MESH:D011014,Pneumonia
DB00537,Ciprofloxacin,Ciprofloxacin,D002939,MESH:D011183,Postoperative Complications
DB00537,Ciprofloxacin,Ciprofloxacin,D002939,MESH:D011552,Pseudomonas Infections
DB00537,Ciprofloxacin,Ciprofloxacin,D002939,MESH:D011704,Pyelonephritis
DB00537,Ciprofloxacin,Ciprofloxacin,D002939,MESH:D012282,Rickettsia Infections
DB00537,Ciprofloxacin,Ciprofloxacin,D002939,MESH:D018805,Sepsis
DB00537,Ciprofloxacin,Ciprofloxacin,D002939,MESH:D013163,Splenomegaly
DB00537,Ciprofloxacin,Ciprofloxacin,D002939,MESH:D013203,Staphylococcal Infections
DB00537,Ciprofloxacin,Ciprofloxacin,D002939,MESH:D014376,Tuberculosis
DB00537,Ciprofloxacin,Ciprofloxacin,D002939,MESH:D014435,Typhoid Fever
DB00537,Ciprofloxacin,Ciprofloxacin,D002939,MESH:D001749,Urinary Bladder Neoplasms
DB00537,Ciprofloxacin,Ciprofloxacin,D002939,MESH:D014552,Urinary Tract Infections
DB00537,Ciprofloxacin,Ciprofloxacin,D002939,MESH:D015431,Weight Loss
DB00355,Aztreonam,Aztreonam,D001398,MESH:D003424,Crohn Disease
DB00355,Aztreonam,Aztreonam,D001398,MESH:D003550,Cystic Fibrosis
DB00355,Aztreonam,Aztreonam,D001398,MESH:D004660,Encephalitis
DB00355,Aztreonam,Aztreonam,D001398,MESH:D004927,Escherichia coli Infections
DB00355,Aztreonam,Aztreonam,D001398,MESH:D016905,Gram-Negative Bacterial Infections
DB00355,Aztreonam,Aztreonam,D001398,MESH:D008581,Meningitis
DB00355,Aztreonam,Aztreonam,D001398,MESH:D011552,Pseudomonas Infections
DB00355,Aztreonam,Aztreonam,D001398,MESH:D013203,Staphylococcal Infections
DB00355,Aztreonam,Aztreonam,D001398,MESH:D014552,Urinary Tract Infections
DB09121,Aurothioglucose,Aurothioglucose,D006051,MESH:D012640,Seizures
DB00274,Cefmetazole,Cefmetazole,D015311,MESH:D004927,Escherichia coli Infections
DB00274,Cefmetazole,Cefmetazole,D015311,MESH:D011183,Postoperative Complications
DB00274,Cefmetazole,Cefmetazole,D015311,MESH:D013203,Staphylococcal Infections
DB01069,Promethazine,Promethazine,D011398,MESH:D000690,Amyotrophic Lateral Sclerosis
DB01069,Promethazine,Promethazine,D011398,MESH:D001714,Bipolar Disorder
DB01069,Promethazine,Promethazine,D011398,MESH:D002375,Catalepsy
DB01069,Promethazine,Promethazine,D011398,MESH:D004421,Dystonia
DB01069,Promethazine,Promethazine,D011398,MESH:D004487,Edema
DB01069,Promethazine,Promethazine,D011398,MESH:D006261,Headache
DB01069,Promethazine,Promethazine,D011398,MESH:D006930,Hyperalgesia
DB01069,Promethazine,Promethazine,D011398,MESH:D006948,Hyperkinesis
DB01069,Promethazine,Promethazine,D011398,MESH:D006967,Hypersensitivity
DB01069,Promethazine,Promethazine,D011398,MESH:D012559,Schizophrenia
DB01069,Promethazine,Promethazine,D011398,MESH:D012640,Seizures
DB01069,Promethazine,Promethazine,D011398,MESH:D013375,Substance Withdrawal Syndrome
DB00322,Floxuridine,Floxuridine,D005467,MESH:D000230,Adenocarcinoma
DB00322,Floxuridine,Floxuridine,D005467,MESH:D003110,Colonic Neoplasms
DB00322,Floxuridine,Floxuridine,D005467,MESH:D015179,Colorectal Neoplasms
DB00322,Floxuridine,Floxuridine,D005467,MESH:D005770,Gastrointestinal Neoplasms
DB00322,Floxuridine,Floxuridine,D005467,MESH:D008113,Liver Neoplasms
DB00322,Floxuridine,Floxuridine,D005467,MESH:D009362,Neoplasm Metastasis
DB01603,Meticillin,Methicillin,D008712,MESH:D058186,Acute Kidney Injury
DB01603,Meticillin,Methicillin,D008712,MESH:D016470,Bacteremia
DB01603,Meticillin,Methicillin,D008712,MESH:D002481,Cellulitis
DB01603,Meticillin,Methicillin,D008712,MESH:D005334,Fever
DB01603,Meticillin,Methicillin,D008712,MESH:D018805,Sepsis
DB01603,Meticillin,Methicillin,D008712,MESH:D013203,Staphylococcal Infections
DB00456,Cefalotin,Cephalothin,D002512,MESH:D058186,Acute Kidney Injury
DB00456,Cefalotin,Cephalothin,D002512,MESH:D001424,Bacterial Infections
DB00456,Cefalotin,Cephalothin,D002512,MESH:D004927,Escherichia coli Infections
DB00456,Cefalotin,Cephalothin,D002512,MESH:D005076,Exanthema
DB00456,Cefalotin,Cephalothin,D002512,MESH:D005334,Fever
DB00456,Cefalotin,Cephalothin,D002512,MESH:D011014,Pneumonia
DB00456,Cefalotin,Cephalothin,D002512,MESH:D011552,Pseudomonas Infections
DB00456,Cefalotin,Cephalothin,D002512,MESH:D018805,Sepsis
DB00456,Cefalotin,Cephalothin,D002512,MESH:D013203,Staphylococcal Infections
DB00456,Cefalotin,Cephalothin,D002512,MESH:D014552,Urinary Tract Infections
DB00921,Buprenorphine,Buprenorphine,D002047,MESH:D015746,Abdominal Pain
DB00921,Buprenorphine,Buprenorphine,D002047,MESH:D020751,Alcohol-Induced Disorders
DB00921,Buprenorphine,Buprenorphine,D002047,MESH:D019970,Cocaine-Related Disorders
DB00921,Buprenorphine,Buprenorphine,D002047,MESH:D004487,Edema
DB00921,Buprenorphine,Buprenorphine,D002047,MESH:D006501,Hepatic Encephalopathy
DB00921,Buprenorphine,Buprenorphine,D002047,MESH:D006556,Heroin Dependence
DB00921,Buprenorphine,Buprenorphine,D002047,MESH:D006930,Hyperalgesia
DB00921,Buprenorphine,Buprenorphine,D002047,MESH:D003865,Major Depressive Disorder
DB00921,Buprenorphine,Buprenorphine,D002047,MESH:D009203,Myocardial Infarction
DB00921,Buprenorphine,Buprenorphine,D002047,MESH:D009293,Opioid-Related Disorders
DB00921,Buprenorphine,Buprenorphine,D002047,MESH:D010146,Pain
DB00921,Buprenorphine,Buprenorphine,D002047,MESH:D010149,Postoperative Pain
DB00921,Buprenorphine,Buprenorphine,D002047,MESH:D012131,Respiratory Insufficiency
DB00921,Buprenorphine,Buprenorphine,D002047,MESH:D012640,Seizures
DB00921,Buprenorphine,Buprenorphine,D002047,MESH:D019966,Substance-Related Disorders
DB00921,Buprenorphine,Buprenorphine,D002047,MESH:D013375,Substance Withdrawal Syndrome
DB00921,Buprenorphine,Buprenorphine,D002047,MESH:D014839,Vomiting
DB01212,Ceftriaxone,Ceftriaxone,D002443,MESH:D000544,Alzheimer Disease
DB01212,Ceftriaxone,Ceftriaxone,D002443,MESH:D019969,Amphetamine-Related Disorders
DB01212,Ceftriaxone,Ceftriaxone,D002443,MESH:D016470,Bacteremia
DB01212,Ceftriaxone,Ceftriaxone,D002443,MESH:D001424,Bacterial Infections
DB01212,Ceftriaxone,Ceftriaxone,D002443,MESH:D002545,Brain Ischemia
DB01212,Ceftriaxone,Ceftriaxone,D002443,MESH:D019970,Cocaine-Related Disorders
DB01212,Ceftriaxone,Ceftriaxone,D002443,MESH:D004751,Enteritis
DB01212,Ceftriaxone,Ceftriaxone,D002443,MESH:D004927,Escherichia coli Infections
DB01212,Ceftriaxone,Ceftriaxone,D002443,MESH:D005334,Fever
DB01212,Ceftriaxone,Ceftriaxone,D002443,MESH:D005759,Gastroenteritis
DB01212,Ceftriaxone,Ceftriaxone,D002443,MESH:D016905,Gram-Negative Bacterial Infections
DB01212,Ceftriaxone,Ceftriaxone,D002443,MESH:D016908,Gram-Positive Bacterial Infections
DB01212,Ceftriaxone,Ceftriaxone,D002443,MESH:D007674,Kidney Diseases
DB01212,Ceftriaxone,Ceftriaxone,D002443,MESH:D008107,Liver Diseases
DB01212,Ceftriaxone,Ceftriaxone,D002443,MESH:D008581,Meningitis
DB01212,Ceftriaxone,Ceftriaxone,D002443,MESH:D008590,Meningoencephalitis
DB01212,Ceftriaxone,Ceftriaxone,D002443,MESH:D016870,Neisseriaceae Infections
DB01212,Ceftriaxone,Ceftriaxone,D002443,MESH:D011008,Pneumococcal Infections
DB01212,Ceftriaxone,Ceftriaxone,D002443,MESH:D011014,Pneumonia
DB01212,Ceftriaxone,Ceftriaxone,D002443,MESH:D011704,Pyelonephritis
DB01212,Ceftriaxone,Ceftriaxone,D002443,MESH:D012141,Respiratory Tract Infections
DB01212,Ceftriaxone,Ceftriaxone,D002443,MESH:D012640,Seizures
DB01212,Ceftriaxone,Ceftriaxone,D002443,MESH:D018805,Sepsis
DB01212,Ceftriaxone,Ceftriaxone,D002443,MESH:D013203,Staphylococcal Infections
DB01212,Ceftriaxone,Ceftriaxone,D002443,MESH:D019966,Substance-Related Disorders
DB01212,Ceftriaxone,Ceftriaxone,D002443,MESH:D013375,Substance Withdrawal Syndrome
DB01212,Ceftriaxone,Ceftriaxone,D002443,MESH:D014552,Urinary Tract Infections
DB01212,Ceftriaxone,Ceftriaxone,D002443,MESH:D015431,Weight Loss
DB01076,Atorvastatin,Atorvastatin,D000069059,MESH:D054058,Acute Coronary Syndrome
DB01076,Atorvastatin,Atorvastatin,D000069059,MESH:D001018,Aortic Diseases
DB01076,Atorvastatin,Atorvastatin,D000069059,MESH:D050197,Atherosclerosis
DB01076,Atorvastatin,Atorvastatin,D000069059,MESH:D001284,Atrophy
DB01076,Atorvastatin,Atorvastatin,D000069059,MESH:D001930,Brain Injuries
DB01076,Atorvastatin,Atorvastatin,D000069059,MESH:D006332,Cardiomegaly
DB01076,Atorvastatin,Atorvastatin,D000069059,MESH:D002318,Cardiovascular Diseases
DB01076,Atorvastatin,Atorvastatin,D000069059,MESH:D002543,Cerebral Hemorrhage
DB01076,Atorvastatin,Atorvastatin,D000069059,MESH:D056486,Chemical and Drug Induced Liver Injury
DB01076,Atorvastatin,Atorvastatin,D000069059,MESH:D003324,Coronary Artery Disease
DB01076,Atorvastatin,Atorvastatin,D000069059,MESH:D003327,Coronary Disease
DB01076,Atorvastatin,Atorvastatin,D000069059,MESH:D003866,Depressive Disorder
DB01076,Atorvastatin,Atorvastatin,D000069059,MESH:D003930,Diabetic Retinopathy
DB01076,Atorvastatin,Atorvastatin,D000069059,MESH:D050171,Dyslipidemias
DB01076,Atorvastatin,Atorvastatin,D000069059,MESH:D005234,Fatty Liver
DB01076,Atorvastatin,Atorvastatin,D000069059,MESH:D005271,Femur Head Necrosis
DB01076,Atorvastatin,Atorvastatin,D000069059,MESH:D005355,Fibrosis
DB01076,Atorvastatin,Atorvastatin,D000069059,MESH:D006333,Heart Failure
DB01076,Atorvastatin,Atorvastatin,D000069059,MESH:D006529,Hepatomegaly
DB01076,Atorvastatin,Atorvastatin,D000069059,MESH:D006937,Hypercholesterolemia
DB01076,Atorvastatin,Atorvastatin,D000069059,MESH:D006943,Hyperglycemia
DB01076,Atorvastatin,Atorvastatin,D000069059,MESH:D006946,Hyperinsulinism
DB01076,Atorvastatin,Atorvastatin,D000069059,MESH:D006949,Hyperlipidemias
DB01076,Atorvastatin,Atorvastatin,D000069059,MESH:D006951,Hyperlipoproteinemias
DB01076,Atorvastatin,Atorvastatin,D000069059,MESH:D006938,Hyperlipoproteinemia Type II
DB01076,Atorvastatin,Atorvastatin,D000069059,MESH:D006973,Hypertension
DB01076,Atorvastatin,Atorvastatin,D000069059,MESH:D015228,Hypertriglyceridemia
DB01076,Atorvastatin,Atorvastatin,D000069059,MESH:D006984,Hypertrophy
DB01076,Atorvastatin,Atorvastatin,D000069059,MESH:D007009,Hypolipoproteinemias
DB01076,Atorvastatin,Atorvastatin,D000069059,MESH:D007249,Inflammation
DB01076,Atorvastatin,Atorvastatin,D000069059,MESH:D007333,Insulin Resistance
DB01076,Atorvastatin,Atorvastatin,D000069059,MESH:D007674,Kidney Diseases
DB01076,Atorvastatin,Atorvastatin,D000069059,MESH:D008881,Migraine Disorders
DB01076,Atorvastatin,Atorvastatin,D000069059,MESH:D009203,Myocardial Infarction
DB01076,Atorvastatin,Atorvastatin,D000069059,MESH:D015428,Myocardial Reperfusion Injury
DB01076,Atorvastatin,Atorvastatin,D000069059,MESH:D009336,Necrosis
DB01076,Atorvastatin,Atorvastatin,D000069059,MESH:D009362,Neoplasm Metastasis
DB01076,Atorvastatin,Atorvastatin,D000069059,MESH:D009369,Neoplasms
DB01076,Atorvastatin,Atorvastatin,D000069059,MESH:D009404,Nephrotic Syndrome
DB01076,Atorvastatin,Atorvastatin,D000069059,MESH:D020078,Neurogenic Inflammation
DB01076,Atorvastatin,Atorvastatin,D000069059,MESH:D011507,Proteinuria
DB01076,Atorvastatin,Atorvastatin,D000069059,MESH:D011658,Pulmonary Fibrosis
DB01076,Atorvastatin,Atorvastatin,D000069059,MESH:D012640,Seizures
DB01076,Atorvastatin,Atorvastatin,D000069059,MESH:D013119,Spinal Cord Injuries
DB01076,Atorvastatin,Atorvastatin,D000069059,MESH:D020521,Stroke
DB01076,Atorvastatin,Atorvastatin,D000069059,MESH:D013733,Testicular Diseases
DB01076,Atorvastatin,Atorvastatin,D000069059,MESH:D013927,Thrombosis
DB01076,Atorvastatin,Atorvastatin,D000069059,MESH:D014517,Ureteral Obstruction
DB01076,Atorvastatin,Atorvastatin,D000069059,MESH:D001749,Urinary Bladder Neoplasms
DB01076,Atorvastatin,Atorvastatin,D000069059,MESH:D014652,Vascular Diseases
DB01076,Atorvastatin,Atorvastatin,D000069059,MESH:D015430,Weight Gain
DB09270,Ubidecarenone,Ubiquinone,D014451,MESH:D001943,Breast Neoplasms
DB09270,Ubidecarenone,Ubiquinone,D014451,MESH:D006951,Hyperlipoproteinemias
DB09270,Ubidecarenone,Ubiquinone,D014451,MESH:D015228,Hypertriglyceridemia
DB09270,Ubidecarenone,Ubiquinone,D014451,MESH:D028361,Mitochondrial Diseases
DB09270,Ubidecarenone,Ubiquinone,D014451,MESH:D019636,Neurodegenerative Diseases
DB08882,Linagliptin,Linagliptin,D000069476,MESH:D000858,Anovulation
DB08882,Linagliptin,Linagliptin,D000069476,MESH:D001930,Brain Injuries
DB08882,Linagliptin,Linagliptin,D000069476,MESH:D003092,Colitis
DB08882,Linagliptin,Linagliptin,D000069476,MESH:D015179,Colorectal Neoplasms
DB08882,Linagliptin,Linagliptin,D000069476,MESH:D003711,Demyelinating Diseases
DB08882,Linagliptin,Linagliptin,D000069476,MESH:D003967,Diarrhea
DB08882,Linagliptin,Linagliptin,D000069476,MESH:D004487,Edema
DB08882,Linagliptin,Linagliptin,D000069476,MESH:D006940,Hyperemia
DB08882,Linagliptin,Linagliptin,D000069476,MESH:D007674,Kidney Diseases
DB08882,Linagliptin,Linagliptin,D000069476,MESH:D008569,Memory Disorders
DB08882,Linagliptin,Linagliptin,D000069476,MESH:D000068079,Motor Disorders
DB08882,Linagliptin,Linagliptin,D000069476,MESH:D019954,Neurobehavioral Manifestations
DB08882,Linagliptin,Linagliptin,D000069476,MESH:D010048,Ovarian Cysts
DB08882,Linagliptin,Linagliptin,D000069476,MESH:D014456,Ulcer
DB08882,Linagliptin,Linagliptin,D000069476,MESH:D015430,Weight Gain
DB08882,Linagliptin,Linagliptin,D000069476,MESH:D015431,Weight Loss
DB11672,Curcumin,Curcumin,D003474,MESH:D058186,Acute Kidney Injury
DB11672,Curcumin,Curcumin,D003474,MESH:D055371,Acute Lung Injury
DB11672,Curcumin,Curcumin,D003474,MESH:D000236,Adenoma
DB11672,Curcumin,Curcumin,D003474,MESH:D011125,Adenomatous Polyposis Coli
DB11672,Curcumin,Curcumin,D003474,MESH:D000402,Airway Obstruction
DB11672,Curcumin,Curcumin,D003474,MESH:D000419,Albuminuria
DB11672,Curcumin,Curcumin,D003474,MESH:D000544,Alzheimer Disease
DB11672,Curcumin,Curcumin,D003474,MESH:D000647,Amnesia
DB11672,Curcumin,Curcumin,D003474,MESH:D001008,Anxiety Disorders
DB11672,Curcumin,Curcumin,D003474,MESH:D020261,Arsenic Poisoning
DB11672,Curcumin,Curcumin,D003474,MESH:D001201,Ascites
DB11672,Curcumin,Curcumin,D003474,MESH:D053627,Asthenozoospermia
DB11672,Curcumin,Curcumin,D003474,MESH:D050197,Atherosclerosis
DB11672,Curcumin,Curcumin,D003474,MESH:D001327,Autoimmune Diseases
DB11672,Curcumin,Curcumin,D003474,MESH:D001927,Brain Diseases
DB11672,Curcumin,Curcumin,D003474,MESH:D001929,Brain Edema
DB11672,Curcumin,Curcumin,D003474,MESH:D001930,Brain Injuries
DB11672,Curcumin,Curcumin,D003474,MESH:D002545,Brain Ischemia
DB11672,Curcumin,Curcumin,D003474,MESH:D001932,Brain Neoplasms
DB11672,Curcumin,Curcumin,D003474,MESH:D001943,Breast Neoplasms
DB11672,Curcumin,Curcumin,D003474,MESH:D002277,Carcinoma
DB11672,Curcumin,Curcumin,D003474,MESH:D006332,Cardiomegaly
DB11672,Curcumin,Curcumin,D003474,MESH:D009202,Cardiomyopathies
DB11672,Curcumin,Curcumin,D003474,MESH:D066126,Cardiotoxicity
DB11672,Curcumin,Curcumin,D003474,MESH:D056486,Chemical and Drug Induced Liver Injury
DB11672,Curcumin,Curcumin,D003474,MESH:D019970,Cocaine-Related Disorders
DB11672,Curcumin,Curcumin,D003474,MESH:D003072,Cognition Disorders
DB11672,Curcumin,Curcumin,D003474,MESH:D003092,Colitis
DB11672,Curcumin,Curcumin,D003474,MESH:D003103,Coloboma
DB11672,Curcumin,Curcumin,D003474,MESH:D003110,Colonic Neoplasms
DB11672,Curcumin,Curcumin,D003474,MESH:D016510,Corneal Neovascularization
DB11672,Curcumin,Curcumin,D003474,MESH:D003556,Cystitis
DB11672,Curcumin,Curcumin,D003474,MESH:D003643,Death
DB11672,Curcumin,Curcumin,D003474,MESH:D003704,Dementia
DB11672,Curcumin,Curcumin,D003474,MESH:D058065,Diabetic Cardiomyopathies
DB11672,Curcumin,Curcumin,D003474,MESH:D003928,Diabetic Nephropathies
DB11672,Curcumin,Curcumin,D003474,MESH:D003967,Diarrhea
DB11672,Curcumin,Curcumin,D003474,MESH:D004381,Duodenal Ulcer
DB11672,Curcumin,Curcumin,D003474,MESH:D050171,Dyslipidemias
DB11672,Curcumin,Curcumin,D003474,MESH:D004487,Edema
DB11672,Curcumin,Curcumin,D003474,MESH:D004646,Emphysema
DB11672,Curcumin,Curcumin,D003474,MESH:D004751,Enteritis
DB11672,Curcumin,Curcumin,D003474,MESH:D000075222,Essential Hypertension
DB11672,Curcumin,Curcumin,D003474,MESH:D005234,Fatty Liver
DB11672,Curcumin,Curcumin,D003474,MESH:D005317,Fetal Growth Retardation
DB11672,Curcumin,Curcumin,D003474,MESH:D005355,Fibrosis
DB11672,Curcumin,Curcumin,D003474,MESH:D006471,Gastrointestinal Hemorrhage
DB11672,Curcumin,Curcumin,D003474,MESH:D005770,Gastrointestinal Neoplasms
DB11672,Curcumin,Curcumin,D003474,MESH:D005909,Glioblastoma
DB11672,Curcumin,Curcumin,D003474,MESH:D006258,Head and Neck Neoplasms
DB11672,Curcumin,Curcumin,D003474,MESH:D006331,Heart Diseases
DB11672,Curcumin,Curcumin,D003474,MESH:D016481,Helicobacter Infections
DB11672,Curcumin,Curcumin,D003474,MESH:D006461,Hemolysis
DB11672,Curcumin,Curcumin,D003474,MESH:D006470,Hemorrhage
DB11672,Curcumin,Curcumin,D003474,MESH:D006504,Hepatic Veno-Occlusive Disease
DB11672,Curcumin,Curcumin,D003474,MESH:D006529,Hepatomegaly
DB11672,Curcumin,Curcumin,D003474,MESH:D015417,Hereditary Sensory and Motor Neuropathy
DB11672,Curcumin,Curcumin,D003474,MESH:D006930,Hyperalgesia
DB11672,Curcumin,Curcumin,D003474,MESH:D006937,Hypercholesterolemia
DB11672,Curcumin,Curcumin,D003474,MESH:D006940,Hyperemia
DB11672,Curcumin,Curcumin,D003474,MESH:D006943,Hyperglycemia
DB11672,Curcumin,Curcumin,D003474,MESH:D006949,Hyperlipidemias
DB11672,Curcumin,Curcumin,D003474,MESH:D006973,Hypertension
DB11672,Curcumin,Curcumin,D003474,MESH:D006980,Hyperthyroidism
DB11672,Curcumin,Curcumin,D003474,MESH:D006984,Hypertrophy
DB11672,Curcumin,Curcumin,D003474,MESH:D034141,Hypoalbuminemia
DB11672,Curcumin,Curcumin,D003474,MESH:D007037,Hypothyroidism
DB11672,Curcumin,Curcumin,D003474,MESH:D007249,Inflammation
DB11672,Curcumin,Curcumin,D003474,MESH:D015212,Inflammatory Bowel Diseases
DB11672,Curcumin,Curcumin,D003474,MESH:D007333,Insulin Resistance
DB11672,Curcumin,Curcumin,D003474,MESH:D007410,Intestinal Diseases
DB11672,Curcumin,Curcumin,D003474,MESH:D007414,Intestinal Neoplasms
DB11672,Curcumin,Curcumin,D003474,MESH:D007674,Kidney Diseases
DB11672,Curcumin,Curcumin,D003474,MESH:D007859,Learning Disabilities
DB11672,Curcumin,Curcumin,D003474,MESH:D007889,Leiomyoma
DB11672,Curcumin,Curcumin,D003474,MESH:D053609,Lethargy
DB11672,Curcumin,Curcumin,D003474,MESH:D007938,Leukemia
DB11672,Curcumin,Curcumin,D003474,MESH:D008107,Liver Diseases
DB11672,Curcumin,Curcumin,D003474,MESH:D055370,Lung Injury
DB11672,Curcumin,Curcumin,D003474,MESH:D008175,Lung Neoplasms
DB11672,Curcumin,Curcumin,D003474,MESH:D008223,Lymphoma
DB11672,Curcumin,Curcumin,D003474,MESH:D008545,Melanoma
DB11672,Curcumin,Curcumin,D003474,MESH:D008569,Memory Disorders
DB11672,Curcumin,Curcumin,D003474,MESH:D008654,Mesothelioma
DB11672,Curcumin,Curcumin,D003474,MESH:D009062,Mouth Neoplasms
DB11672,Curcumin,Curcumin,D003474,MESH:D009069,Movement Disorders
DB11672,Curcumin,Curcumin,D003474,MESH:D009101,Multiple Myeloma
DB11672,Curcumin,Curcumin,D003474,MESH:D018908,Muscle Weakness
DB11672,Curcumin,Curcumin,D003474,MESH:D009135,Muscular Diseases
DB11672,Curcumin,Curcumin,D003474,MESH:D009190,Myelodysplastic Syndromes
DB11672,Curcumin,Curcumin,D003474,MESH:D009203,Myocardial Infarction
DB11672,Curcumin,Curcumin,D003474,MESH:D017202,Myocardial Ischemia
DB11672,Curcumin,Curcumin,D003474,MESH:D009205,Myocarditis
DB11672,Curcumin,Curcumin,D003474,MESH:D009336,Necrosis
DB11672,Curcumin,Curcumin,D003474,MESH:D009361,Neoplasm Invasiveness
DB11672,Curcumin,Curcumin,D003474,MESH:D009369,Neoplasms
DB11672,Curcumin,Curcumin,D003474,MESH:D009385,Neoplastic Processes
DB11672,Curcumin,Curcumin,D003474,MESH:D009410,Nerve Degeneration
DB11672,Curcumin,Curcumin,D003474,MESH:D019954,Neurobehavioral Manifestations
DB11672,Curcumin,Curcumin,D003474,MESH:D020258,Neurotoxicity Syndromes
DB11672,Curcumin,Curcumin,D003474,MESH:D009765,Obesity
DB11672,Curcumin,Curcumin,D003474,MESH:D009845,Oligospermia
DB11672,Curcumin,Curcumin,D003474,MESH:D010003,Osteoarthritis
DB11672,Curcumin,Curcumin,D003474,MESH:D010024,Osteoporosis
DB11672,Curcumin,Curcumin,D003474,MESH:D010049,Ovarian Diseases
DB11672,Curcumin,Curcumin,D003474,MESH:D010051,Ovarian Neoplasms
DB11672,Curcumin,Curcumin,D003474,MESH:D010190,Pancreatic Neoplasms
DB11672,Curcumin,Curcumin,D003474,MESH:D020734,Parkinsonian Disorders
DB11672,Curcumin,Curcumin,D003474,MESH:D011141,Polyuria
DB11672,Curcumin,Curcumin,D003474,MESH:D011471,Prostatic Neoplasms
DB11672,Curcumin,Curcumin,D003474,MESH:D011507,Proteinuria
DB11672,Curcumin,Curcumin,D003474,MESH:D011654,Pulmonary Edema
DB11672,Curcumin,Curcumin,D003474,MESH:D011656,Pulmonary Emphysema
DB11672,Curcumin,Curcumin,D003474,MESH:D051437,Renal Insufficiency
DB11672,Curcumin,Curcumin,D003474,MESH:D012128,Respiratory Distress Syndrome
DB11672,Curcumin,Curcumin,D003474,MESH:D012131,Respiratory Insufficiency
DB11672,Curcumin,Curcumin,D003474,MESH:D012509,Sarcoma
DB11672,Curcumin,Curcumin,D003474,MESH:D012640,Seizures
DB11672,Curcumin,Curcumin,D003474,MESH:D018805,Sepsis
DB11672,Curcumin,Curcumin,D003474,MESH:D012878,Skin Neoplasms
DB11672,Curcumin,Curcumin,D003474,MESH:D013274,Stomach Neoplasms
DB11672,Curcumin,Curcumin,D003474,MESH:D013276,Stomach Ulcer
DB11672,Curcumin,Curcumin,D003474,MESH:D013733,Testicular Diseases
DB11672,Curcumin,Curcumin,D003474,MESH:D014456,Ulcer
DB11672,Curcumin,Curcumin,D003474,MESH:D001749,Urinary Bladder Neoplasms
DB11672,Curcumin,Curcumin,D003474,MESH:D014565,Urogenital Neoplasms
DB11672,Curcumin,Curcumin,D003474,MESH:D014591,Uterine Diseases
DB11672,Curcumin,Curcumin,D003474,MESH:D015430,Weight Gain
DB11672,Curcumin,Curcumin,D003474,MESH:D015431,Weight Loss
DB01064,Isoprenaline,Isoproterenol,D007545,MESH:D000787,Angina Pectoris
DB01064,Isoprenaline,Isoproterenol,D007545,MESH:D001249,Asthma
DB01064,Isoprenaline,Isoproterenol,D007545,MESH:D054537,Atrioventricular Block
DB01064,Isoprenaline,Isoproterenol,D007545,MESH:D001919,Bradycardia
DB01064,Isoprenaline,Isoproterenol,D007545,MESH:D001982,Bronchial Diseases
DB01064,Isoprenaline,Isoproterenol,D007545,MESH:D009202,Cardiomyopathies
DB01064,Isoprenaline,Isoproterenol,D007545,MESH:D006323,Heart Arrest
DB01064,Isoprenaline,Isoproterenol,D007545,MESH:D006327,Heart Block
DB01064,Isoprenaline,Isoproterenol,D007545,MESH:D006331,Heart Diseases
DB01064,Isoprenaline,Isoproterenol,D007545,MESH:D006333,Heart Failure
DB01064,Isoprenaline,Isoproterenol,D007545,MESH:D007022,Hypotension
DB01064,Isoprenaline,Isoproterenol,D007545,MESH:D008133,Long QT Syndrome
DB01064,Isoprenaline,Isoproterenol,D007545,MESH:D009798,Ocular Hypertension
DB01064,Isoprenaline,Isoproterenol,D007545,MESH:D016584,Panic Disorder
DB01064,Isoprenaline,Isoproterenol,D007545,MESH:D010554,Personality Disorders
DB01064,Isoprenaline,Isoproterenol,D007545,MESH:D011654,Pulmonary Edema
DB01064,Isoprenaline,Isoproterenol,D007545,MESH:D012131,Respiratory Insufficiency
DB01064,Isoprenaline,Isoproterenol,D007545,MESH:D018805,Sepsis
DB01064,Isoprenaline,Isoproterenol,D007545,MESH:D013276,Stomach Ulcer
DB01064,Isoprenaline,Isoproterenol,D007545,MESH:D013610,Tachycardia
DB01064,Isoprenaline,Isoproterenol,D007545,MESH:D016171,Torsades de Pointes
DB01064,Isoprenaline,Isoproterenol,D007545,MESH:D018754,Ventricular Dysfunction
DB01064,Isoprenaline,Isoproterenol,D007545,MESH:D014693,Ventricular Fibrillation
DB01064,Isoprenaline,Isoproterenol,D007545,MESH:D018879,Ventricular Premature Complexes
DB01112,Cefuroxime,Cefuroxime,D002444,MESH:D001424,Bacterial Infections
DB01112,Cefuroxime,Cefuroxime,D002444,MESH:D002481,Cellulitis
DB01112,Cefuroxime,Cefuroxime,D002444,MESH:D008581,Meningitis
DB01112,Cefuroxime,Cefuroxime,D002444,MESH:D011014,Pneumonia
DB01112,Cefuroxime,Cefuroxime,D002444,MESH:D011704,Pyelonephritis
DB01112,Cefuroxime,Cefuroxime,D002444,MESH:D014552,Urinary Tract Infections
DB00166,Lipoic acid,Thioctic Acid,D008063,MESH:D058186,Acute Kidney Injury
DB00166,Lipoic acid,Thioctic Acid,D008063,MESH:D000690,Amyotrophic Lateral Sclerosis
DB00166,Lipoic acid,Thioctic Acid,D008063,MESH:D053627,Asthenozoospermia
DB00166,Lipoic acid,Thioctic Acid,D008063,MESH:D001927,Brain Diseases
DB00166,Lipoic acid,Thioctic Acid,D008063,MESH:D020520,Brain Infarction
DB00166,Lipoic acid,Thioctic Acid,D008063,MESH:D001930,Brain Injuries
DB00166,Lipoic acid,Thioctic Acid,D008063,MESH:D002386,Cataract
DB00166,Lipoic acid,Thioctic Acid,D008063,MESH:D056486,Chemical and Drug Induced Liver Injury
DB00166,Lipoic acid,Thioctic Acid,D008063,MESH:D003072,Cognition Disorders
DB00166,Lipoic acid,Thioctic Acid,D008063,MESH:D003327,Coronary Disease
DB00166,Lipoic acid,Thioctic Acid,D008063,MESH:D003925,Diabetic Angiopathies
DB00166,Lipoic acid,Thioctic Acid,D008063,MESH:D058065,Diabetic Cardiomyopathies
DB00166,Lipoic acid,Thioctic Acid,D008063,MESH:D003928,Diabetic Nephropathies
DB00166,Lipoic acid,Thioctic Acid,D008063,MESH:D003929,Diabetic Neuropathies
DB00166,Lipoic acid,Thioctic Acid,D008063,MESH:D003967,Diarrhea
DB00166,Lipoic acid,Thioctic Acid,D008063,MESH:D004487,Edema
DB00166,Lipoic acid,Thioctic Acid,D008063,MESH:D005313,Fetal Death
DB00166,Lipoic acid,Thioctic Acid,D008063,MESH:D005317,Fetal Growth Retardation
DB00166,Lipoic acid,Thioctic Acid,D008063,MESH:D005327,Fetal Resorption
DB00166,Lipoic acid,Thioctic Acid,D008063,MESH:D006331,Heart Diseases
DB00166,Lipoic acid,Thioctic Acid,D008063,MESH:D006470,Hemorrhage
DB00166,Lipoic acid,Thioctic Acid,D008063,MESH:D022124,Hyperammonemia
DB00166,Lipoic acid,Thioctic Acid,D008063,MESH:D006943,Hyperglycemia
DB00166,Lipoic acid,Thioctic Acid,D008063,MESH:D006946,Hyperinsulinism
DB00166,Lipoic acid,Thioctic Acid,D008063,MESH:D006973,Hypertension
DB00166,Lipoic acid,Thioctic Acid,D008063,MESH:D007035,Hypothermia
DB00166,Lipoic acid,Thioctic Acid,D008063,MESH:D007249,Inflammation
DB00166,Lipoic acid,Thioctic Acid,D008063,MESH:D007333,Insulin Resistance
DB00166,Lipoic acid,Thioctic Acid,D008063,MESH:D007410,Intestinal Diseases
DB00166,Lipoic acid,Thioctic Acid,D008063,MESH:D007674,Kidney Diseases
DB00166,Lipoic acid,Thioctic Acid,D008063,MESH:D008064,Lipidoses
DB00166,Lipoic acid,Thioctic Acid,D008063,MESH:D008103,Liver Cirrhosis
DB00166,Lipoic acid,Thioctic Acid,D008063,MESH:D008133,Long QT Syndrome
DB00166,Lipoic acid,Thioctic Acid,D008063,MESH:D008545,Melanoma
DB00166,Lipoic acid,Thioctic Acid,D008063,MESH:D008569,Memory Disorders
DB00166,Lipoic acid,Thioctic Acid,D008063,MESH:D028361,Mitochondrial Diseases
DB00166,Lipoic acid,Thioctic Acid,D008063,MESH:D009410,Nerve Degeneration
DB00166,Lipoic acid,Thioctic Acid,D008063,MESH:D019636,Neurodegenerative Diseases
DB00166,Lipoic acid,Thioctic Acid,D008063,MESH:D020258,Neurotoxicity Syndromes
DB00166,Lipoic acid,Thioctic Acid,D008063,MESH:D065626,Non-alcoholic Fatty Liver Disease
DB00166,Lipoic acid,Thioctic Acid,D008063,MESH:D009845,Oligospermia
DB00166,Lipoic acid,Thioctic Acid,D008063,MESH:D010523,Peripheral Nervous System Diseases
DB00166,Lipoic acid,Thioctic Acid,D008063,MESH:D010922,Placenta Diseases
DB00166,Lipoic acid,Thioctic Acid,D008063,MESH:D011115,Polyneuropathies
DB00166,Lipoic acid,Thioctic Acid,D008063,MESH:D011297,Prenatal Exposure Delayed Effects
DB00166,Lipoic acid,Thioctic Acid,D008063,MESH:D011654,Pulmonary Edema
DB00166,Lipoic acid,Thioctic Acid,D008063,MESH:D011658,Pulmonary Fibrosis
DB00166,Lipoic acid,Thioctic Acid,D008063,MESH:D012174,Retinitis Pigmentosa
DB00166,Lipoic acid,Thioctic Acid,D008063,MESH:D012640,Seizures
DB00166,Lipoic acid,Thioctic Acid,D008063,MESH:D000072660,Teratozoospermia
DB00166,Lipoic acid,Thioctic Acid,D008063,MESH:D013733,Testicular Diseases
DB00166,Lipoic acid,Thioctic Acid,D008063,MESH:D001749,Urinary Bladder Neoplasms
DB00166,Lipoic acid,Thioctic Acid,D008063,MESH:D015430,Weight Gain
DB00166,Lipoic acid,Thioctic Acid,D008063,MESH:D015431,Weight Loss
DB00166,Lipoic acid,dihydrolipoic acid,C015144,MESH:D007249,Inflammation
DB00435,Nitric Oxide,Nitric Oxide,D009569,MESH:D000787,Angina Pectoris
DB00435,Nitric Oxide,Nitric Oxide,D009569,MESH:D050197,Atherosclerosis
DB00435,Nitric Oxide,Nitric Oxide,D009569,MESH:D001982,Bronchial Diseases
DB00435,Nitric Oxide,Nitric Oxide,D009569,MESH:D009202,Cardiomyopathies
DB00435,Nitric Oxide,Nitric Oxide,D009569,MESH:D016893,Carotid Stenosis
DB00435,Nitric Oxide,Nitric Oxide,D009569,MESH:D005315,Fetal Diseases
DB00435,Nitric Oxide,Nitric Oxide,D009569,MESH:D006965,Hyperplasia
DB00435,Nitric Oxide,Nitric Oxide,D009569,MESH:D006973,Hypertension
DB00435,Nitric Oxide,Nitric Oxide,D009569,MESH:D000860,Hypoxia
DB00435,Nitric Oxide,Nitric Oxide,D009569,MESH:D008171,Lung Diseases
DB00435,Nitric Oxide,Nitric Oxide,D009569,MESH:D055370,Lung Injury
DB00435,Nitric Oxide,Nitric Oxide,D009569,MESH:D008223,Lymphoma
DB00435,Nitric Oxide,Nitric Oxide,D009569,MESH:D009203,Myocardial Infarction
DB00435,Nitric Oxide,Nitric Oxide,D009569,MESH:D017202,Myocardial Ischemia
DB00435,Nitric Oxide,Nitric Oxide,D009569,MESH:D015428,Myocardial Reperfusion Injury
DB00435,Nitric Oxide,Nitric Oxide,D009569,MESH:D009410,Nerve Degeneration
DB00435,Nitric Oxide,Nitric Oxide,D009569,MESH:D055031,Primary Graft Dysfunction
DB00435,Nitric Oxide,Nitric Oxide,D009569,MESH:D011654,Pulmonary Edema
DB00435,Nitric Oxide,Nitric Oxide,D009569,MESH:D012128,Respiratory Distress Syndrome
DB00435,Nitric Oxide,Nitric Oxide,D009569,MESH:D012555,Schistosomiasis mansoni
DB00435,Nitric Oxide,Nitric Oxide,D009569,MESH:D012640,Seizures
DB00435,Nitric Oxide,Nitric Oxide,D009569,MESH:D013927,Thrombosis
DB00435,Nitric Oxide,Nitric Oxide,D009569,MESH:D014693,Ventricular Fibrillation
DB00960,Pindolol,Pindolol,D010869,MESH:D000544,Alzheimer Disease
DB00960,Pindolol,Pindolol,D010869,MESH:D000787,Angina Pectoris
DB00960,Pindolol,Pindolol,D010869,MESH:D001714,Bipolar Disorder
DB00960,Pindolol,Pindolol,D010869,MESH:D001919,Bradycardia
DB00960,Pindolol,Pindolol,D010869,MESH:D003866,Depressive Disorder
DB00960,Pindolol,Pindolol,D010869,MESH:D000075222,Essential Hypertension
DB00960,Pindolol,Pindolol,D010869,MESH:D006930,Hyperalgesia
DB00960,Pindolol,Pindolol,D010869,MESH:D006973,Hypertension
DB00960,Pindolol,Pindolol,D010869,MESH:D007022,Hypotension
DB00960,Pindolol,Pindolol,D010869,MESH:D007035,Hypothermia
DB00960,Pindolol,Pindolol,D010869,MESH:D007511,Ischemia
DB00960,Pindolol,Pindolol,D010869,MESH:D003865,Major Depressive Disorder
DB00960,Pindolol,Pindolol,D010869,MESH:D019954,Neurobehavioral Manifestations
DB00960,Pindolol,Pindolol,D010869,MESH:D013610,Tachycardia
DB00960,Pindolol,Pindolol,D010869,MESH:D014202,Tremor
DB00746,Deferoxamine,Deferoxamine,D003676,MESH:D058186,Acute Kidney Injury
DB00746,Deferoxamine,Deferoxamine,D003676,MESH:D000437,Alcoholism
DB00746,Deferoxamine,Deferoxamine,D003676,MESH:D000544,Alzheimer Disease
DB00746,Deferoxamine,Deferoxamine,D003676,MESH:D000740,Anemia
DB00746,Deferoxamine,Deferoxamine,D003676,MESH:D017086,beta-Thalassemia
DB00746,Deferoxamine,Deferoxamine,D003676,MESH:D001847,Bone Diseases
DB00746,Deferoxamine,Deferoxamine,D003676,MESH:D001862,Bone Resorption
DB00746,Deferoxamine,Deferoxamine,D003676,MESH:D001929,Brain Edema
DB00746,Deferoxamine,Deferoxamine,D003676,MESH:D001943,Breast Neoplasms
DB00746,Deferoxamine,Deferoxamine,D003676,MESH:D009202,Cardiomyopathies
DB00746,Deferoxamine,Deferoxamine,D003676,MESH:D002543,Cerebral Hemorrhage
DB00746,Deferoxamine,Deferoxamine,D003676,MESH:D056486,Chemical and Drug Induced Liver Injury
DB00746,Deferoxamine,Deferoxamine,D003676,MESH:D005334,Fever
DB00746,Deferoxamine,Deferoxamine,D003676,MESH:D034381,Hearing Loss
DB00746,Deferoxamine,Deferoxamine,D003676,MESH:D006331,Heart Diseases
DB00746,Deferoxamine,Deferoxamine,D003676,MESH:D007249,Inflammation
DB00746,Deferoxamine,Deferoxamine,D003676,MESH:D019190,Iron Overload
DB00746,Deferoxamine,Deferoxamine,D003676,MESH:D007511,Ischemia
DB00746,Deferoxamine,Deferoxamine,D003676,MESH:D007674,Kidney Diseases
DB00746,Deferoxamine,Deferoxamine,D003676,MESH:D053609,Lethargy
DB00746,Deferoxamine,Deferoxamine,D003676,MESH:D008103,Liver Cirrhosis
DB00746,Deferoxamine,Deferoxamine,D003676,MESH:D055370,Lung Injury
DB00746,Deferoxamine,Deferoxamine,D003676,MESH:D009133,Muscular Atrophy
DB00746,Deferoxamine,Deferoxamine,D003676,MESH:D015428,Myocardial Reperfusion Injury
DB00746,Deferoxamine,Deferoxamine,D003676,MESH:D009336,Necrosis
DB00746,Deferoxamine,Deferoxamine,D003676,MESH:D009410,Nerve Degeneration
DB00746,Deferoxamine,Deferoxamine,D003676,MESH:D009422,Nervous System Diseases
DB00746,Deferoxamine,Deferoxamine,D003676,MESH:D019954,Neurobehavioral Manifestations
DB00746,Deferoxamine,Deferoxamine,D003676,MESH:D009845,Oligospermia
DB00746,Deferoxamine,Deferoxamine,D003676,MESH:D011507,Proteinuria
DB00746,Deferoxamine,Deferoxamine,D003676,MESH:D015427,Reperfusion Injury
DB00746,Deferoxamine,Deferoxamine,D003676,MESH:D013345,Subarachnoid Hemorrhage
DB00746,Deferoxamine,Deferoxamine,D003676,MESH:D013585,Synovitis
DB00746,Deferoxamine,Deferoxamine,D003676,MESH:D014605,Uveitis
DB00746,Deferoxamine,Deferoxamine,D003676,MESH:D015431,Weight Loss
DB06782,Dimercaprol,Dimercaprol,D004112,MESH:D020261,Arsenic Poisoning
DB06782,Dimercaprol,Dimercaprol,D004112,MESH:D007859,Learning Disabilities
DB06782,Dimercaprol,Dimercaprol,D004112,MESH:D008133,Long QT Syndrome
DB06782,Dimercaprol,Dimercaprol,D004112,MESH:D008569,Memory Disorders
DB06782,Dimercaprol,Dimercaprol,D004112,MESH:D009461,Neurologic Manifestations
DB05294,Vandetanib,vandetanib,C452423,MESH:D000230,Adenocarcinoma
DB05294,Vandetanib,vandetanib,C452423,MESH:D000077192,Adenocarcinoma of Lung
DB05294,Vandetanib,vandetanib,C452423,MESH:D008175,Lung Neoplasms
DB05294,Vandetanib,vandetanib,C452423,MESH:D008207,Lymphatic Metastasis
DB05294,Vandetanib,vandetanib,C452423,MESH:D000077195,Squamous Cell Carcinoma of Head and Neck
DB05294,Vandetanib,vandetanib,C452423,MESH:D013964,Thyroid Neoplasms
DB00571,Propranolol,Propranolol,D011433,MESH:D058186,Acute Kidney Injury
DB00571,Propranolol,Propranolol,D011433,MESH:D000077192,Adenocarcinoma of Lung
DB00571,Propranolol,Propranolol,D011433,MESH:D000430,Alcohol Withdrawal Delirium
DB00571,Propranolol,Propranolol,D011433,MESH:D000783,Aneurysm
DB00571,Propranolol,Propranolol,D011433,MESH:D000787,Angina Pectoris
DB00571,Propranolol,Propranolol,D011433,MESH:D001008,Anxiety Disorders
DB00571,Propranolol,Propranolol,D011433,MESH:D001049,Apnea
DB00571,Propranolol,Propranolol,D011433,MESH:D001201,Ascites
DB00571,Propranolol,Propranolol,D011433,MESH:D001249,Asthma
DB00571,Propranolol,Propranolol,D011433,MESH:D001281,Atrial Fibrillation
DB00571,Propranolol,Propranolol,D011433,MESH:D054537,Atrioventricular Block
DB00571,Propranolol,Propranolol,D011433,MESH:D019958,Attention Deficit and Disruptive Behavior Disorders
DB00571,Propranolol,Propranolol,D011433,MESH:D001321,Autistic Disorder
DB00571,Propranolol,Propranolol,D011433,MESH:D001342,Autonomic Nervous System Diseases
DB00571,Propranolol,Propranolol,D011433,MESH:D001480,Basal Ganglia Diseases
DB00571,Propranolol,Propranolol,D011433,MESH:D001919,Bradycardia
DB00571,Propranolol,Propranolol,D011433,MESH:D006332,Cardiomegaly
DB00571,Propranolol,Propranolol,D011433,MESH:D009202,Cardiomyopathies
DB00571,Propranolol,Propranolol,D011433,MESH:D002375,Catalepsy
DB00571,Propranolol,Propranolol,D011433,MESH:D002524,Cerebellar Ataxia
DB00571,Propranolol,Propranolol,D011433,MESH:D019970,Cocaine-Related Disorders
DB00571,Propranolol,Propranolol,D011433,MESH:D003072,Cognition Disorders
DB00571,Propranolol,Propranolol,D011433,MESH:D003324,Coronary Artery Disease
DB00571,Propranolol,Propranolol,D011433,MESH:D003327,Coronary Disease
DB00571,Propranolol,Propranolol,D011433,MESH:D023921,Coronary Stenosis
DB00571,Propranolol,Propranolol,D011433,MESH:D004932,Esophageal and Gastric Varices
DB00571,Propranolol,Propranolol,D011433,MESH:D020329,Essential Tremor
DB00571,Propranolol,Propranolol,D011433,MESH:D006471,Gastrointestinal Hemorrhage
DB00571,Propranolol,Propranolol,D011433,MESH:D006111,Graves Disease
DB00571,Propranolol,Propranolol,D011433,MESH:D006327,Heart Block
DB00571,Propranolol,Propranolol,D011433,MESH:D006333,Heart Failure
DB00571,Propranolol,Propranolol,D011433,MESH:D006391,Hemangioma
DB00571,Propranolol,Propranolol,D011433,MESH:D006470,Hemorrhage
DB00571,Propranolol,Propranolol,D011433,MESH:D006529,Hepatomegaly
DB00571,Propranolol,Propranolol,D011433,MESH:D006934,Hypercalcemia
DB00571,Propranolol,Propranolol,D011433,MESH:D006940,Hyperemia
DB00571,Propranolol,Propranolol,D011433,MESH:D006943,Hyperglycemia
DB00571,Propranolol,Propranolol,D011433,MESH:D006948,Hyperkinesis
DB00571,Propranolol,Propranolol,D011433,MESH:D006973,Hypertension
DB00571,Propranolol,Propranolol,D011433,MESH:D006980,Hyperthyroidism
DB00571,Propranolol,Propranolol,D011433,MESH:D007008,Hypokalemia
DB00571,Propranolol,Propranolol,D011433,MESH:D007022,Hypotension
DB00571,Propranolol,Propranolol,D011433,MESH:D008103,Liver Cirrhosis
DB00571,Propranolol,Propranolol,D011433,MESH:D008107,Liver Diseases
DB00571,Propranolol,Propranolol,D011433,MESH:D008113,Liver Neoplasms
DB00571,Propranolol,Propranolol,D011433,MESH:D008133,Long QT Syndrome
DB00571,Propranolol,Propranolol,D011433,MESH:D008881,Migraine Disorders
DB00571,Propranolol,Propranolol,D011433,MESH:D020325,Migraine with Aura
DB00571,Propranolol,Propranolol,D011433,MESH:D009069,Movement Disorders
DB00571,Propranolol,Propranolol,D011433,MESH:D009127,Muscle Rigidity
DB00571,Propranolol,Propranolol,D011433,MESH:D009203,Myocardial Infarction
DB00571,Propranolol,Propranolol,D011433,MESH:D017202,Myocardial Ischemia
DB00571,Propranolol,Propranolol,D011433,MESH:D015428,Myocardial Reperfusion Injury
DB00571,Propranolol,Propranolol,D011433,MESH:D009336,Necrosis
DB00571,Propranolol,Propranolol,D011433,MESH:D009361,Neoplasm Invasiveness
DB00571,Propranolol,Propranolol,D011433,MESH:D010024,Osteoporosis
DB00571,Propranolol,Propranolol,D011433,MESH:D010146,Pain
DB00571,Propranolol,Propranolol,D011433,MESH:D010198,Pancytopenia
DB00571,Propranolol,Propranolol,D011433,MESH:D016584,Panic Disorder
DB00571,Propranolol,Propranolol,D011433,MESH:D010300,Parkinson Disease
DB00571,Propranolol,Propranolol,D011433,MESH:D011123,Polyploidy
DB00571,Propranolol,Propranolol,D011433,MESH:D011164,Porphyrias
DB00571,Propranolol,Propranolol,D011433,MESH:D011183,Postoperative Complications
DB00571,Propranolol,Propranolol,D011433,MESH:D011595,Psychomotor Agitation
DB00571,Propranolol,Propranolol,D011433,MESH:D015427,Reperfusion Injury
DB00571,Propranolol,Propranolol,D011433,MESH:D012148,Restless Legs Syndrome
DB00571,Propranolol,Propranolol,D011433,MESH:D012559,Schizophrenia
DB00571,Propranolol,Propranolol,D011433,MESH:D012640,Seizures
DB00571,Propranolol,Propranolol,D011433,MESH:D013276,Stomach Ulcer
DB00571,Propranolol,Propranolol,D011433,MESH:D013375,Substance Withdrawal Syndrome
DB00571,Propranolol,Propranolol,D011433,MESH:D013610,Tachycardia
DB00571,Propranolol,Propranolol,D011433,MESH:D013921,Thrombocytopenia
DB00571,Propranolol,Propranolol,D011433,MESH:D013971,Thyrotoxicosis
DB00571,Propranolol,Propranolol,D011433,MESH:D016171,Torsades de Pointes
DB00571,Propranolol,Propranolol,D011433,MESH:D014202,Tremor
DB00571,Propranolol,Propranolol,D011433,MESH:D014693,Ventricular Fibrillation
DB00571,Propranolol,Propranolol,D011433,MESH:D014694,Ventricular Outflow Obstruction
DB00571,Propranolol,Propranolol,D011433,MESH:D018879,Ventricular Premature Complexes
DB00571,Propranolol,Propranolol,D011433,MESH:D020257,Ventricular Remodeling
DB00571,Propranolol,Propranolol,D011433,MESH:D014927,Wolff-Parkinson-White Syndrome
DB00361,Vinorelbine,Vinorelbine,D000077235,MESH:D000230,Adenocarcinoma
DB00361,Vinorelbine,Vinorelbine,D000077235,MESH:D000077192,Adenocarcinoma of Lung
DB00361,Vinorelbine,Vinorelbine,D000077235,MESH:D001943,Breast Neoplasms
DB00361,Vinorelbine,Vinorelbine,D000077235,MESH:D002277,Carcinoma
DB00361,Vinorelbine,Vinorelbine,D000077235,MESH:D018450,Disease Progression
DB00361,Vinorelbine,Vinorelbine,D000077235,MESH:D000077277,Esophageal Squamous Cell Carcinoma
DB00361,Vinorelbine,Vinorelbine,D000077235,MESH:D006258,Head and Neck Neoplasms
DB00361,Vinorelbine,Vinorelbine,D000077235,MESH:D008113,Liver Neoplasms
DB00361,Vinorelbine,Vinorelbine,D000077235,MESH:D008175,Lung Neoplasms
DB00361,Vinorelbine,Vinorelbine,D000077235,MESH:D008545,Melanoma
DB00361,Vinorelbine,Vinorelbine,D000077235,MESH:D008654,Mesothelioma
DB00361,Vinorelbine,Vinorelbine,D000077235,MESH:D009362,Neoplasm Metastasis
DB00361,Vinorelbine,Vinorelbine,D000077235,MESH:D009369,Neoplasms
DB00361,Vinorelbine,Vinorelbine,D000077235,MESH:D010051,Ovarian Neoplasms
DB00361,Vinorelbine,Vinorelbine,D000077235,MESH:D010190,Pancreatic Neoplasms
DB00361,Vinorelbine,Vinorelbine,D000077235,MESH:D011471,Prostatic Neoplasms
DB08865,Crizotinib,Crizotinib,D000077547,MESH:D000230,Adenocarcinoma
DB08865,Crizotinib,Crizotinib,D000077547,MESH:D000077192,Adenocarcinoma of Lung
DB08865,Crizotinib,Crizotinib,D000077547,MESH:D004938,Esophageal Neoplasms
DB08865,Crizotinib,Crizotinib,D000077547,MESH:D005909,Glioblastoma
DB08865,Crizotinib,Crizotinib,D000077547,MESH:D008207,Lymphatic Metastasis
DB08865,Crizotinib,Crizotinib,D000077547,MESH:D009362,Neoplasm Metastasis
DB08865,Crizotinib,Crizotinib,D000077547,MESH:D009369,Neoplasms
DB08865,Crizotinib,Crizotinib,D000077547,MESH:D009447,Neuroblastoma
DB08865,Crizotinib,Crizotinib,D000077547,MESH:D013274,Stomach Neoplasms
DB00317,Gefitinib,Gefitinib,D000077156,MESH:D000230,Adenocarcinoma
DB00317,Gefitinib,Gefitinib,D000077156,MESH:D000077192,Adenocarcinoma of Lung
DB00317,Gefitinib,Gefitinib,D000077156,MESH:D001943,Breast Neoplasms
DB00317,Gefitinib,Gefitinib,D000077156,MESH:D003110,Colonic Neoplasms
DB00317,Gefitinib,Gefitinib,D000077156,MESH:D015179,Colorectal Neoplasms
DB00317,Gefitinib,Gefitinib,D000077156,MESH:D005909,Glioblastoma
DB00317,Gefitinib,Gefitinib,D000077156,MESH:D006258,Head and Neck Neoplasms
DB00317,Gefitinib,Gefitinib,D000077156,MESH:D007680,Kidney Neoplasms
DB00317,Gefitinib,Gefitinib,D000077156,MESH:D008175,Lung Neoplasms
DB00317,Gefitinib,Gefitinib,D000077156,MESH:D008654,Mesothelioma
DB00317,Gefitinib,Gefitinib,D000077156,MESH:D009361,Neoplasm Invasiveness
DB00317,Gefitinib,Gefitinib,D000077156,MESH:D009362,Neoplasm Metastasis
DB00317,Gefitinib,Gefitinib,D000077156,MESH:D009369,Neoplasms
DB00317,Gefitinib,Gefitinib,D000077156,MESH:D010051,Ovarian Neoplasms
DB00317,Gefitinib,Gefitinib,D000077156,MESH:D011471,Prostatic Neoplasms
DB00317,Gefitinib,Gefitinib,D000077156,MESH:D011658,Pulmonary Fibrosis
DB00317,Gefitinib,Gefitinib,D000077156,MESH:D012878,Skin Neoplasms
DB00317,Gefitinib,Gefitinib,D000077156,MESH:D000077195,Squamous Cell Carcinoma of Head and Neck
DB00317,Gefitinib,Gefitinib,D000077156,MESH:D013964,Thyroid Neoplasms
DB00317,Gefitinib,Gefitinib,D000077156,MESH:D001749,Urinary Bladder Neoplasms
DB00277,Theophylline,Theophylline,D013806,MESH:D058186,Acute Kidney Injury
DB00277,Theophylline,Theophylline,D013806,MESH:D000402,Airway Obstruction
DB00277,Theophylline,Theophylline,D013806,MESH:D001049,Apnea
DB00277,Theophylline,Theophylline,D013806,MESH:D001247,Asthenia
DB00277,Theophylline,Theophylline,D013806,MESH:D001249,Asthma
DB00277,Theophylline,Theophylline,D013806,MESH:D009202,Cardiomyopathies
DB00277,Theophylline,Theophylline,D013806,MESH:D002375,Catalepsy
DB00277,Theophylline,Theophylline,D013806,MESH:D002637,Chest Pain
DB00277,Theophylline,Theophylline,D013806,MESH:D004417,Dyspnea
DB00277,Theophylline,Theophylline,D013806,MESH:D004646,Emphysema
DB00277,Theophylline,Theophylline,D013806,MESH:D004935,Esophageal Diseases
DB00277,Theophylline,Theophylline,D013806,MESH:D020329,Essential Tremor
DB00277,Theophylline,Theophylline,D013806,MESH:D005119,Extravasation of Diagnostic and Therapeutic Materials
DB00277,Theophylline,Theophylline,D013806,MESH:D006323,Heart Arrest
DB00277,Theophylline,Theophylline,D013806,MESH:D006327,Heart Block
DB00277,Theophylline,Theophylline,D013806,MESH:D006934,Hypercalcemia
DB00277,Theophylline,Theophylline,D013806,MESH:D006940,Hyperemia
DB00277,Theophylline,Theophylline,D013806,MESH:D006973,Hypertension
DB00277,Theophylline,Theophylline,D013806,MESH:D007022,Hypotension
DB00277,Theophylline,Theophylline,D013806,MESH:D007249,Inflammation
DB00277,Theophylline,Theophylline,D013806,MESH:D007674,Kidney Diseases
DB00277,Theophylline,Theophylline,D013806,MESH:D008175,Lung Neoplasms
DB00277,Theophylline,Theophylline,D013806,MESH:D017202,Myocardial Ischemia
DB00277,Theophylline,Theophylline,D013806,MESH:D009362,Neoplasm Metastasis
DB00277,Theophylline,Theophylline,D013806,MESH:D000857,Olfaction Disorders
DB00277,Theophylline,Theophylline,D013806,MESH:D009846,Oliguria
DB00277,Theophylline,Theophylline,D013806,MESH:D010409,Penile Diseases
DB00277,Theophylline,Theophylline,D013806,MESH:D011014,Pneumonia
DB00277,Theophylline,Theophylline,D013806,MESH:D015427,Reperfusion Injury
DB00277,Theophylline,Theophylline,D013806,MESH:D012120,Respiration Disorders
DB00277,Theophylline,Theophylline,D013806,MESH:D012640,Seizures
DB00277,Theophylline,Theophylline,D013806,MESH:D012912,Sneezing
DB00277,Theophylline,Theophylline,D013806,MESH:D013035,Spasm
DB00277,Theophylline,Theophylline,D013806,MESH:D013119,Spinal Cord Injuries
DB00277,Theophylline,Theophylline,D013806,MESH:D013163,Splenomegaly
DB00780,Phenelzine,Phenelzine,D010624,MESH:D000437,Alcoholism
DB00780,Phenelzine,Phenelzine,D010624,MESH:D001008,Anxiety Disorders
DB00780,Phenelzine,Phenelzine,D010624,MESH:D001714,Bipolar Disorder
DB00780,Phenelzine,Phenelzine,D010624,MESH:D006332,Cardiomegaly
DB00780,Phenelzine,Phenelzine,D010624,MESH:D003866,Depressive Disorder
DB00780,Phenelzine,Phenelzine,D010624,MESH:D003865,Major Depressive Disorder
DB00780,Phenelzine,Phenelzine,D010624,MESH:D008881,Migraine Disorders
DB00780,Phenelzine,Phenelzine,D010624,MESH:D009290,Narcolepsy
DB00780,Phenelzine,Phenelzine,D010624,MESH:D009336,Necrosis
DB00780,Phenelzine,Phenelzine,D010624,MESH:D009771,Obsessive-Compulsive Disorder
DB00780,Phenelzine,Phenelzine,D010624,MESH:D016584,Panic Disorder
DB00780,Phenelzine,Phenelzine,D010624,MESH:D013610,Tachycardia
DB00642,Pemetrexed,Pemetrexed,D000068437,MESH:D000077192,Adenocarcinoma of Lung
DB00642,Pemetrexed,Pemetrexed,D000068437,MESH:D001943,Breast Neoplasms
DB00642,Pemetrexed,Pemetrexed,D000068437,MESH:D008654,Mesothelioma
DB00642,Pemetrexed,Pemetrexed,D000068437,MESH:D013274,Stomach Neoplasms
DB01248,Docetaxel,Docetaxel,D000077143,MESH:D000230,Adenocarcinoma
DB01248,Docetaxel,Docetaxel,D000077143,MESH:D000077192,Adenocarcinoma of Lung
DB01248,Docetaxel,Docetaxel,D000077143,MESH:D000855,Anorexia
DB01248,Docetaxel,Docetaxel,D000077143,MESH:D001943,Breast Neoplasms
DB01248,Docetaxel,Docetaxel,D000077143,MESH:D003110,Colonic Neoplasms
DB01248,Docetaxel,Docetaxel,D000077143,MESH:D003967,Diarrhea
DB01248,Docetaxel,Docetaxel,D000077143,MESH:D004938,Esophageal Neoplasms
DB01248,Docetaxel,Docetaxel,D000077143,MESH:D000077277,Esophageal Squamous Cell Carcinoma
DB01248,Docetaxel,Docetaxel,D000077143,MESH:D005770,Gastrointestinal Neoplasms
DB01248,Docetaxel,Docetaxel,D000077143,MESH:D005910,Glioma
DB01248,Docetaxel,Docetaxel,D000077143,MESH:D007890,Leiomyosarcoma
DB01248,Docetaxel,Docetaxel,D000077143,MESH:D008175,Lung Neoplasms
DB01248,Docetaxel,Docetaxel,D000077143,MESH:D008545,Melanoma
DB01248,Docetaxel,Docetaxel,D000077143,MESH:D009101,Multiple Myeloma
DB01248,Docetaxel,Docetaxel,D000077143,MESH:D009303,Nasopharyngeal Neoplasms
DB01248,Docetaxel,Docetaxel,D000077143,MESH:D009362,Neoplasm Metastasis
DB01248,Docetaxel,Docetaxel,D000077143,MESH:D009369,Neoplasms
DB01248,Docetaxel,Docetaxel,D000077143,MESH:D009503,Neutropenia
DB01248,Docetaxel,Docetaxel,D000077143,MESH:D010014,Osteolysis
DB01248,Docetaxel,Docetaxel,D000077143,MESH:D010051,Ovarian Neoplasms
DB01248,Docetaxel,Docetaxel,D000077143,MESH:D010190,Pancreatic Neoplasms
DB01248,Docetaxel,Docetaxel,D000077143,MESH:D054198,Precursor Cell Lymphoblastic Leukemia-Lymphoma
DB01248,Docetaxel,Docetaxel,D000077143,MESH:D011471,Prostatic Neoplasms
DB01248,Docetaxel,Docetaxel,D000077143,MESH:D012509,Sarcoma
DB01248,Docetaxel,Docetaxel,D000077143,MESH:D012878,Skin Neoplasms
DB01248,Docetaxel,Docetaxel,D000077143,MESH:D012983,Soft Tissue Neoplasms
DB01248,Docetaxel,Docetaxel,D000077143,MESH:D000077195,Squamous Cell Carcinoma of Head and Neck
DB01248,Docetaxel,Docetaxel,D000077143,MESH:D013274,Stomach Neoplasms
DB01248,Docetaxel,Docetaxel,D000077143,MESH:D001749,Urinary Bladder Neoplasms
DB01248,Docetaxel,Docetaxel,D000077143,MESH:D014594,Uterine Neoplasms
DB00283,Clemastine,Clemastine,D002974,MESH:D000707,Anaphylaxis
DB00283,Clemastine,Clemastine,D002974,MESH:D014581,Urticaria
DB00309,Vindesine,Vindesine,D014751,MESH:D000230,Adenocarcinoma
DB00309,Vindesine,Vindesine,D014751,MESH:D001752,Blast Crisis
DB00309,Vindesine,Vindesine,D014751,MESH:D001932,Brain Neoplasms
DB00309,Vindesine,Vindesine,D014751,MESH:D001943,Breast Neoplasms
DB00309,Vindesine,Vindesine,D014751,MESH:D002277,Carcinoma
DB00309,Vindesine,Vindesine,D014751,MESH:D015179,Colorectal Neoplasms
DB00309,Vindesine,Vindesine,D014751,MESH:D004938,Esophageal Neoplasms
DB00309,Vindesine,Vindesine,D014751,MESH:D000077277,Esophageal Squamous Cell Carcinoma
DB00309,Vindesine,Vindesine,D014751,MESH:D005909,Glioblastoma
DB00309,Vindesine,Vindesine,D014751,MESH:D006258,Head and Neck Neoplasms
DB00309,Vindesine,Vindesine,D014751,MESH:D006689,Hodgkin Disease
DB00309,Vindesine,Vindesine,D014751,MESH:D007890,Leiomyosarcoma
DB00309,Vindesine,Vindesine,D014751,MESH:D007938,Leukemia
DB00309,Vindesine,Vindesine,D014751,MESH:D008175,Lung Neoplasms
DB00309,Vindesine,Vindesine,D014751,MESH:D008223,Lymphoma
DB00309,Vindesine,Vindesine,D014751,MESH:D008545,Melanoma
DB00309,Vindesine,Vindesine,D014751,MESH:D009101,Multiple Myeloma
DB00309,Vindesine,Vindesine,D014751,MESH:D009447,Neuroblastoma
DB00309,Vindesine,Vindesine,D014751,MESH:D010051,Ovarian Neoplasms
DB00309,Vindesine,Vindesine,D014751,MESH:D054198,Precursor Cell Lymphoblastic Leukemia-Lymphoma
DB00309,Vindesine,Vindesine,D014751,MESH:D011471,Prostatic Neoplasms
DB00309,Vindesine,Vindesine,D014751,MESH:D012509,Sarcoma
DB00309,Vindesine,Vindesine,D014751,MESH:D055752,Small Cell Lung Carcinoma
DB00309,Vindesine,Vindesine,D014751,MESH:D013274,Stomach Neoplasms
DB00309,Vindesine,Vindesine,D014751,MESH:D013736,Testicular Neoplasms
DB00309,Vindesine,Vindesine,D014751,MESH:D002583,Uterine Cervical Neoplasms
DB00309,Vindesine,Vindesine,D014751,MESH:D009396,Wilms Tumor
DB00627,Niacin,Niacin,D009525,MESH:D000544,Alzheimer Disease
DB00627,Niacin,Niacin,D009525,MESH:D001161,Arteriosclerosis
DB00627,Niacin,Niacin,D009525,MESH:D050197,Atherosclerosis
DB00627,Niacin,Niacin,D009525,MESH:D001327,Autoimmune Diseases
DB00627,Niacin,Niacin,D009525,MESH:D001930,Brain Injuries
DB00627,Niacin,Niacin,D009525,MESH:D001943,Breast Neoplasms
DB00627,Niacin,Niacin,D009525,MESH:D002318,Cardiovascular Diseases
DB00627,Niacin,Niacin,D009525,MESH:D002340,Carotid Artery Diseases
DB00627,Niacin,Niacin,D009525,MESH:D002386,Cataract
DB00627,Niacin,Niacin,D009525,MESH:D043171,Chromosomal Instability
DB00627,Niacin,Niacin,D009525,MESH:D002971,Cleft Lip
DB00627,Niacin,Niacin,D009525,MESH:D002972,Cleft Palate
DB00627,Niacin,Niacin,D009525,MESH:D003072,Cognition Disorders
DB00627,Niacin,Niacin,D009525,MESH:D003324,Coronary Artery Disease
DB00627,Niacin,Niacin,D009525,MESH:D003327,Coronary Disease
DB00627,Niacin,Niacin,D009525,MESH:D023921,Coronary Stenosis
DB00627,Niacin,Niacin,D009525,MESH:D003920,Diabetes Mellitus
DB00627,Niacin,Niacin,D009525,MESH:D003925,Diabetic Angiopathies
DB00627,Niacin,Niacin,D009525,MESH:D050171,Dyslipidemias
DB00627,Niacin,Niacin,D009525,MESH:D019446,Endotoxemia
DB00627,Niacin,Niacin,D009525,MESH:D005234,Fatty Liver
DB00627,Niacin,Niacin,D009525,MESH:D006937,Hypercholesterolemia
DB00627,Niacin,Niacin,D009525,MESH:D006949,Hyperlipidemias
DB00627,Niacin,Niacin,D009525,MESH:D006951,Hyperlipoproteinemias
DB00627,Niacin,Niacin,D009525,MESH:D006938,Hyperlipoproteinemia Type II
DB00627,Niacin,Niacin,D009525,MESH:D006952,Hyperlipoproteinemia Type III
DB00627,Niacin,Niacin,D009525,MESH:D006954,Hyperlipoproteinemia Type V
DB00627,Niacin,Niacin,D009525,MESH:D006973,Hypertension
DB00627,Niacin,Niacin,D009525,MESH:D015228,Hypertriglyceridemia
DB00627,Niacin,Niacin,D009525,MESH:D052456,Hypoalphalipoproteinemias
DB00627,Niacin,Niacin,D009525,MESH:D007003,Hypoglycemia
DB00627,Niacin,Niacin,D009525,MESH:D018476,Hypokinesia
DB00627,Niacin,Niacin,D009525,MESH:D007009,Hypolipoproteinemias
DB00627,Niacin,Niacin,D009525,MESH:D007249,Inflammation
DB00627,Niacin,Niacin,D009525,MESH:D007938,Leukemia
DB00627,Niacin,Niacin,D009525,MESH:D008060,Lipodystrophy
DB00627,Niacin,Niacin,D009525,MESH:D055370,Lung Injury
DB00627,Niacin,Niacin,D009525,MESH:D024821,Metabolic Syndrome
DB00627,Niacin,Niacin,D009525,MESH:D008881,Migraine Disorders
DB00627,Niacin,Niacin,D009525,MESH:D009127,Muscle Rigidity
DB00627,Niacin,Niacin,D009525,MESH:D009203,Myocardial Infarction
DB00627,Niacin,Niacin,D009525,MESH:D015428,Myocardial Reperfusion Injury
DB00627,Niacin,Niacin,D009525,MESH:D009369,Neoplasms
DB00627,Niacin,Niacin,D009525,MESH:D065626,Non-alcoholic Fatty Liver Disease
DB00627,Niacin,Niacin,D009525,MESH:D010146,Pain
DB00627,Niacin,Niacin,D009525,MESH:D011014,Pneumonia
DB00627,Niacin,Niacin,D009525,MESH:D011507,Proteinuria
DB00627,Niacin,Niacin,D009525,MESH:D020521,Stroke
DB00627,Niacin,Niacin,D009525,MESH:D014947,Wounds and Injuries
DB01053,Benzylpenicillin,Penicillin G,D010400,MESH:D005076,Exanthema
DB01053,Benzylpenicillin,Penicillin G,D010400,MESH:D016905,Gram-Negative Bacterial Infections
DB01053,Benzylpenicillin,Penicillin G,D010400,MESH:D016908,Gram-Positive Bacterial Infections
DB01053,Benzylpenicillin,Penicillin G,D010400,MESH:D006349,Heart Valve Diseases
DB01053,Benzylpenicillin,Penicillin G,D010400,MESH:D011008,Pneumococcal Infections
DB01053,Benzylpenicillin,Penicillin G,D010400,MESH:D011014,Pneumonia
DB01053,Benzylpenicillin,Penicillin G,D010400,MESH:D018805,Sepsis
DB01053,Benzylpenicillin,Penicillin G,D010400,MESH:D013203,Staphylococcal Infections
DB00224,Indinavir,Indinavir,D019469,MESH:D000163,Acquired Immunodeficiency Syndrome
DB00224,Indinavir,Indinavir,D019469,MESH:D003072,Cognition Disorders
DB00224,Indinavir,Indinavir,D019469,MESH:D015658,HIV Infections
DB00224,Indinavir,Indinavir,D019469,MESH:D006679,HIV Seropositivity
DB00224,Indinavir,Indinavir,D019469,MESH:D009164,Mycobacterium Infections
DB00224,Indinavir,Indinavir,D019469,MESH:D014766,Viremia
DB00297,Bupivacaine,Bupivacaine,D002045,MESH:D007405,Intervertebral Disc Displacement
DB00297,Bupivacaine,Bupivacaine,D002045,MESH:D010148,Intractable Pain
DB00297,Bupivacaine,Bupivacaine,D002045,MESH:D017116,Low Back Pain
DB00297,Bupivacaine,Bupivacaine,D002045,MESH:D017202,Myocardial Ischemia
DB00297,Bupivacaine,Bupivacaine,D002045,MESH:D009437,Neuralgia
DB00297,Bupivacaine,Bupivacaine,D002045,MESH:D010146,Pain
DB00297,Bupivacaine,Bupivacaine,D002045,MESH:D010243,Paralysis
DB00297,Bupivacaine,Bupivacaine,D002045,MESH:D010291,Paresis
DB00297,Bupivacaine,Bupivacaine,D002045,MESH:D010149,Postoperative Pain
DB00297,Bupivacaine,Bupivacaine,D002045,MESH:D011225,Pre-Eclampsia
DB00887,Bumetanide,Bumetanide,D002034,MESH:D004417,Dyspnea
DB00887,Bumetanide,Bumetanide,D002034,MESH:D004487,Edema
DB00887,Bumetanide,Bumetanide,D002034,MESH:D006333,Heart Failure
DB00887,Bumetanide,Bumetanide,D002034,MESH:D006930,Hyperalgesia
DB00887,Bumetanide,Bumetanide,D002034,MESH:D006973,Hypertension
DB00887,Bumetanide,Bumetanide,D002034,MESH:D007674,Kidney Diseases
DB00887,Bumetanide,Bumetanide,D002034,MESH:D017202,Myocardial Ischemia
DB00887,Bumetanide,Bumetanide,D002034,MESH:D009404,Nephrotic Syndrome
DB00887,Bumetanide,Bumetanide,D002034,MESH:D020078,Neurogenic Inflammation
DB00883,Isosorbide dinitrate,Isosorbide Dinitrate,D007548,MESH:D000787,Angina Pectoris
DB00883,Isosorbide dinitrate,Isosorbide Dinitrate,D007548,MESH:D001791,Blood Platelet Disorders
DB00883,Isosorbide dinitrate,Isosorbide Dinitrate,D007548,MESH:D001919,Bradycardia
DB00883,Isosorbide dinitrate,Isosorbide Dinitrate,D007548,MESH:D002637,Chest Pain
DB00883,Isosorbide dinitrate,Isosorbide Dinitrate,D007548,MESH:D003324,Coronary Artery Disease
DB00883,Isosorbide dinitrate,Isosorbide Dinitrate,D007548,MESH:D003327,Coronary Disease
DB00883,Isosorbide dinitrate,Isosorbide Dinitrate,D007548,MESH:D023921,Coronary Stenosis
DB00883,Isosorbide dinitrate,Isosorbide Dinitrate,D007548,MESH:D003329,Coronary Vasospasm
DB00883,Isosorbide dinitrate,Isosorbide Dinitrate,D007548,MESH:D004932,Esophageal and Gastric Varices
DB00883,Isosorbide dinitrate,Isosorbide Dinitrate,D007548,MESH:D006333,Heart Failure
DB00883,Isosorbide dinitrate,Isosorbide Dinitrate,D007548,MESH:D006973,Hypertension
DB00883,Isosorbide dinitrate,Isosorbide Dinitrate,D007548,MESH:D007022,Hypotension
DB00883,Isosorbide dinitrate,Isosorbide Dinitrate,D007548,MESH:D007511,Ischemia
DB00883,Isosorbide dinitrate,Isosorbide Dinitrate,D007548,MESH:D009203,Myocardial Infarction
DB00883,Isosorbide dinitrate,Isosorbide Dinitrate,D007548,MESH:D017202,Myocardial Ischemia
DB00883,Isosorbide dinitrate,Isosorbide Dinitrate,D007548,MESH:D011225,Pre-Eclampsia
DB00883,Isosorbide dinitrate,Isosorbide Dinitrate,D007548,MESH:D011655,Pulmonary Embolism
DB00883,Isosorbide dinitrate,Isosorbide Dinitrate,D007548,MESH:D015427,Reperfusion Injury
DB00841,Dobutamine,Dobutamine,D004280,MESH:D000138,Acidosis
DB00841,Dobutamine,Dobutamine,D004280,MESH:D001238,Asphyxia Neonatorum
DB00841,Dobutamine,Dobutamine,D004280,MESH:D001919,Bradycardia
DB00841,Dobutamine,Dobutamine,D004280,MESH:D009202,Cardiomyopathies
DB00841,Dobutamine,Dobutamine,D004280,MESH:D003327,Coronary Disease
DB00841,Dobutamine,Dobutamine,D004280,MESH:D062787,Drug Overdose
DB00841,Dobutamine,Dobutamine,D004280,MESH:D006323,Heart Arrest
DB00841,Dobutamine,Dobutamine,D004280,MESH:D006333,Heart Failure
DB00841,Dobutamine,Dobutamine,D004280,MESH:D006505,Hepatitis
DB00841,Dobutamine,Dobutamine,D004280,MESH:D006947,Hyperkalemia
DB00841,Dobutamine,Dobutamine,D004280,MESH:D007022,Hypotension
DB00841,Dobutamine,Dobutamine,D004280,MESH:D008171,Lung Diseases
DB00841,Dobutamine,Dobutamine,D004280,MESH:D009203,Myocardial Infarction
DB00841,Dobutamine,Dobutamine,D004280,MESH:D017202,Myocardial Ischemia
DB00841,Dobutamine,Dobutamine,D004280,MESH:D009336,Necrosis
DB00841,Dobutamine,Dobutamine,D004280,MESH:D009461,Neurologic Manifestations
DB00841,Dobutamine,Dobutamine,D004280,MESH:D012769,Shock
DB00841,Dobutamine,Dobutamine,D004280,MESH:D018754,Ventricular Dysfunction
DB00521,Carteolol,Carteolol,D002354,MESH:D001919,Bradycardia
DB00521,Carteolol,Carteolol,D002354,MESH:D002375,Catalepsy
DB00521,Carteolol,Carteolol,D002354,MESH:D005901,Glaucoma
DB00521,Carteolol,Carteolol,D002354,MESH:D006973,Hypertension
DB00521,Carteolol,Carteolol,D002354,MESH:D009798,Ocular Hypertension
DB00521,Carteolol,Carteolol,D002354,MESH:D013610,Tachycardia
DB00521,Carteolol,Carteolol,D002354,MESH:D014693,Ventricular Fibrillation
DB00292,Etomidate,Etomidate,D005045,MESH:D001929,Brain Edema
DB00292,Etomidate,Etomidate,D005045,MESH:D002389,Catatonia
DB00292,Etomidate,Etomidate,D005045,MESH:D020820,Dyskinesias
DB00292,Etomidate,Etomidate,D005045,MESH:D019586,Intracranial Hypertension
DB00292,Etomidate,Etomidate,D005045,MESH:D012640,Seizures
DB00292,Etomidate,Etomidate,D005045,MESH:D013226,Status Epilepticus
DB00165,Pyridoxine,Pyridoxine,D011736,MESH:D000437,Alcoholism
DB00165,Pyridoxine,Pyridoxine,D011736,MESH:D001763,Blepharoptosis
DB00165,Pyridoxine,Pyridoxine,D011736,MESH:D002971,Cleft Lip
DB00165,Pyridoxine,Pyridoxine,D011736,MESH:D002972,Cleft Palate
DB00165,Pyridoxine,Pyridoxine,D011736,MESH:D003128,Coma
DB00165,Pyridoxine,Pyridoxine,D011736,MESH:D003680,Deglutition Disorders
DB00165,Pyridoxine,Pyridoxine,D011736,MESH:D004401,Dysarthria
DB00165,Pyridoxine,Pyridoxine,D011736,MESH:D004421,Dystonia
DB00165,Pyridoxine,Pyridoxine,D011736,MESH:D004890,Erythema
DB00165,Pyridoxine,Pyridoxine,D011736,MESH:D005119,Extravasation of Diagnostic and Therapeutic Materials
DB00165,Pyridoxine,Pyridoxine,D011736,MESH:D006527,Hepatolenticular Degeneration
DB00165,Pyridoxine,Pyridoxine,D011736,MESH:D006943,Hyperglycemia
DB00165,Pyridoxine,Pyridoxine,D011736,MESH:D006948,Hyperkinesis
DB00165,Pyridoxine,Pyridoxine,D011736,MESH:D007674,Kidney Diseases
DB00165,Pyridoxine,Pyridoxine,D011736,MESH:D009336,Necrosis
DB00165,Pyridoxine,Pyridoxine,D011736,MESH:D009422,Nervous System Diseases
DB00165,Pyridoxine,Pyridoxine,D011736,MESH:D009886,Ophthalmoplegia
DB00165,Pyridoxine,Pyridoxine,D011736,MESH:D010146,Pain
DB00165,Pyridoxine,Pyridoxine,D011736,MESH:D010292,Paresthesia
DB00165,Pyridoxine,Pyridoxine,D011736,MESH:D010300,Parkinson Disease
DB00165,Pyridoxine,Pyridoxine,D011736,MESH:D010523,Peripheral Nervous System Diseases
DB00165,Pyridoxine,Pyridoxine,D011736,MESH:D011115,Polyneuropathies
DB00165,Pyridoxine,Pyridoxine,D011736,MESH:D011618,Psychotic Disorders
DB00165,Pyridoxine,Pyridoxine,D011736,MESH:D012559,Schizophrenia
DB00165,Pyridoxine,Pyridoxine,D011736,MESH:D012640,Seizures
DB00165,Pyridoxine,Pyridoxine,D011736,MESH:D012871,Skin Diseases
DB00165,Pyridoxine,Pyridoxine,D011736,MESH:D013226,Status Epilepticus
DB00165,Pyridoxine,Pyridoxine,D011736,MESH:D014376,Tuberculosis
DB00165,Pyridoxine,Pyridoxine,D011736,MESH:D014555,Urination Disorders
DB00165,Pyridoxine,Pyridoxine,D011736,MESH:D015430,Weight Gain
DB01085,Pilocarpine,Pilocarpine,D010862,MESH:D006332,Cardiomegaly
DB01085,Pilocarpine,Pilocarpine,D010862,MESH:D002375,Catalepsy
DB01085,Pilocarpine,Pilocarpine,D010862,MESH:D019970,Cocaine-Related Disorders
DB01085,Pilocarpine,Pilocarpine,D010862,MESH:D017889,Exfoliation Syndrome
DB01085,Pilocarpine,Pilocarpine,D010862,MESH:D005901,Glaucoma
DB01085,Pilocarpine,Pilocarpine,D010862,MESH:D008569,Memory Disorders
DB01085,Pilocarpine,Pilocarpine,D010862,MESH:D009798,Ocular Hypertension
DB01085,Pilocarpine,Pilocarpine,D010862,MESH:D010146,Pain
DB01085,Pilocarpine,Pilocarpine,D010862,MESH:D010554,Personality Disorders
DB01085,Pilocarpine,Pilocarpine,D010862,MESH:D012859,Sjogren's Syndrome
DB00186,Lorazepam,Lorazepam,D008140,MESH:D000437,Alcoholism
DB00186,Lorazepam,Lorazepam,D008140,MESH:D000430,Alcohol Withdrawal Delirium
DB00186,Lorazepam,Lorazepam,D008140,MESH:D001008,Anxiety Disorders
DB00186,Lorazepam,Lorazepam,D008140,MESH:D001714,Bipolar Disorder
DB00186,Lorazepam,Lorazepam,D008140,MESH:D002389,Catatonia
DB00186,Lorazepam,Lorazepam,D008140,MESH:D002637,Chest Pain
DB00186,Lorazepam,Lorazepam,D008140,MESH:D003680,Deglutition Disorders
DB00186,Lorazepam,Lorazepam,D008140,MESH:D003866,Depressive Disorder
DB00186,Lorazepam,Lorazepam,D008140,MESH:D004421,Dystonia
DB00186,Lorazepam,Lorazepam,D008140,MESH:D006973,Hypertension
DB00186,Lorazepam,Lorazepam,D008140,MESH:D003865,Major Depressive Disorder
DB00186,Lorazepam,Lorazepam,D008140,MESH:D009069,Movement Disorders
DB00186,Lorazepam,Lorazepam,D008140,MESH:D009325,Nausea
DB00186,Lorazepam,Lorazepam,D008140,MESH:D010146,Pain
DB00186,Lorazepam,Lorazepam,D008140,MESH:D016584,Panic Disorder
DB00186,Lorazepam,Lorazepam,D008140,MESH:D011595,Psychomotor Agitation
DB00186,Lorazepam,Lorazepam,D008140,MESH:D011618,Psychotic Disorders
DB00186,Lorazepam,Lorazepam,D008140,MESH:D012206,Rhabdomyolysis
DB00186,Lorazepam,Lorazepam,D008140,MESH:D012559,Schizophrenia
DB00186,Lorazepam,Lorazepam,D008140,MESH:D012640,Seizures
DB00186,Lorazepam,Lorazepam,D008140,MESH:D007319,Sleep Initiation and Maintenance Disorders
DB00186,Lorazepam,Lorazepam,D008140,MESH:D013226,Status Epilepticus
DB00186,Lorazepam,Lorazepam,D008140,MESH:D013375,Substance Withdrawal Syndrome
DB00186,Lorazepam,Lorazepam,D008140,MESH:D013610,Tachycardia
DB00186,Lorazepam,Lorazepam,D008140,MESH:D014839,Vomiting
DB00503,Ritonavir,Ritonavir,D019438,MESH:D000163,Acquired Immunodeficiency Syndrome
DB00503,Ritonavir,Ritonavir,D019438,MESH:D017088,AIDS-Related Opportunistic Infections
DB00503,Ritonavir,Ritonavir,D019438,MESH:D006509,Hepatitis B
DB00503,Ritonavir,Ritonavir,D019438,MESH:D015658,HIV Infections
DB00503,Ritonavir,Ritonavir,D019438,MESH:D009164,Mycobacterium Infections
DB00503,Ritonavir,Ritonavir,D019438,MESH:D020734,Parkinsonian Disorders
DB00197,Troglitazone,Troglitazone,D000077288,MESH:D055371,Acute Lung Injury
DB00197,Troglitazone,Troglitazone,D000077288,MESH:D000419,Albuminuria
DB00197,Troglitazone,Troglitazone,D000077288,MESH:D000855,Anorexia
DB00197,Troglitazone,Troglitazone,D000077288,MESH:D050197,Atherosclerosis
DB00197,Troglitazone,Troglitazone,D000077288,MESH:D003092,Colitis
DB00197,Troglitazone,Troglitazone,D000077288,MESH:D003110,Colonic Neoplasms
DB00197,Troglitazone,Troglitazone,D000077288,MESH:D003920,Diabetes Mellitus
DB00197,Troglitazone,Troglitazone,D000077288,MESH:D003925,Diabetic Angiopathies
DB00197,Troglitazone,Troglitazone,D000077288,MESH:D003928,Diabetic Nephropathies
DB00197,Troglitazone,Troglitazone,D000077288,MESH:D005355,Fibrosis
DB00197,Troglitazone,Troglitazone,D000077288,MESH:D005910,Glioma
DB00197,Troglitazone,Troglitazone,D000077288,MESH:D005921,Glomerulonephritis
DB00197,Troglitazone,Troglitazone,D000077288,MESH:D044882,Glucose Metabolism Disorders
DB00197,Troglitazone,Troglitazone,D000077288,MESH:D006943,Hyperglycemia
DB00197,Troglitazone,Troglitazone,D000077288,MESH:D006946,Hyperinsulinism
DB00197,Troglitazone,Troglitazone,D000077288,MESH:D006949,Hyperlipidemias
DB00197,Troglitazone,Troglitazone,D000077288,MESH:D006965,Hyperplasia
DB00197,Troglitazone,Troglitazone,D000077288,MESH:D006973,Hypertension
DB00197,Troglitazone,Troglitazone,D000077288,MESH:D015228,Hypertriglyceridemia
DB00197,Troglitazone,Troglitazone,D000077288,MESH:D007249,Inflammation
DB00197,Troglitazone,Troglitazone,D000077288,MESH:D007333,Insulin Resistance
DB00197,Troglitazone,Troglitazone,D000077288,MESH:D007511,Ischemia
DB00197,Troglitazone,Troglitazone,D000077288,MESH:D018921,Leukostasis
DB00197,Troglitazone,Troglitazone,D000077288,MESH:D008080,Liposarcoma
DB00197,Troglitazone,Troglitazone,D000077288,MESH:D008113,Liver Neoplasms
DB00197,Troglitazone,Troglitazone,D000077288,MESH:D008175,Lung Neoplasms
DB00197,Troglitazone,Troglitazone,D000077288,MESH:D009361,Neoplasm Invasiveness
DB00197,Troglitazone,Troglitazone,D000077288,MESH:D009447,Neuroblastoma
DB00197,Troglitazone,Troglitazone,D000077288,MESH:D020258,Neurotoxicity Syndromes
DB00197,Troglitazone,Troglitazone,D000077288,MESH:D010190,Pancreatic Neoplasms
DB00197,Troglitazone,Troglitazone,D000077288,MESH:D056627,Peritoneal Fibrosis
DB00197,Troglitazone,Troglitazone,D000077288,MESH:D011085,Polycystic Ovary Syndrome
DB00197,Troglitazone,Troglitazone,D000077288,MESH:D011230,Precancerous Conditions
DB00197,Troglitazone,Troglitazone,D000077288,MESH:D054198,Precursor Cell Lymphoblastic Leukemia-Lymphoma
DB00197,Troglitazone,Troglitazone,D000077288,MESH:D011507,Proteinuria
DB00197,Troglitazone,Troglitazone,D000077288,MESH:D011565,Psoriasis
DB00197,Troglitazone,Troglitazone,D000077288,MESH:D011658,Pulmonary Fibrosis
DB00197,Troglitazone,Troglitazone,D000077288,MESH:D015427,Reperfusion Injury
DB00197,Troglitazone,Troglitazone,D000077288,MESH:D012878,Skin Neoplasms
DB00197,Troglitazone,Troglitazone,D000077288,MESH:D013274,Stomach Neoplasms
DB00197,Troglitazone,Troglitazone,D000077288,MESH:D013964,Thyroid Neoplasms
DB00599,Thiopental,Thiopental,D013874,MESH:D001930,Brain Injuries
DB00599,Thiopental,Thiopental,D013874,MESH:D002545,Brain Ischemia
DB00599,Thiopental,Thiopental,D013874,MESH:D004421,Dystonia
DB00599,Thiopental,Thiopental,D013874,MESH:D005207,Fasciculation
DB00599,Thiopental,Thiopental,D013874,MESH:D006501,Hepatic Encephalopathy
DB00599,Thiopental,Thiopental,D013874,MESH:D006947,Hyperkalemia
DB00599,Thiopental,Thiopental,D013874,MESH:D007022,Hypotension
DB00599,Thiopental,Thiopental,D013874,MESH:D019586,Intracranial Hypertension
DB00599,Thiopental,Thiopental,D013874,MESH:D009127,Muscle Rigidity
DB00599,Thiopental,Thiopental,D013874,MESH:D009175,Mycoplasma Infections
DB00599,Thiopental,Thiopental,D013874,MESH:D009410,Nerve Degeneration
DB00599,Thiopental,Thiopental,D013874,MESH:D010146,Pain
DB00599,Thiopental,Thiopental,D013874,MESH:D012640,Seizures
DB00599,Thiopental,Thiopental,D013874,MESH:D013226,Status Epilepticus
DB00599,Thiopental,Thiopental,D013874,MESH:D013610,Tachycardia
DB00599,Thiopental,Thiopental,D013874,MESH:D016171,Torsades de Pointes
DB00599,Thiopental,Thiopental,D013874,MESH:D014103,Torticollis
DB00975,Dipyridamole,Dipyridamole,D004176,MESH:D000138,Acidosis
DB00975,Dipyridamole,Dipyridamole,D004176,MESH:D000544,Alzheimer Disease
DB00975,Dipyridamole,Dipyridamole,D004176,MESH:D001919,Bradycardia
DB00975,Dipyridamole,Dipyridamole,D004176,MESH:D005921,Glomerulonephritis
DB00975,Dipyridamole,Dipyridamole,D004176,MESH:D006331,Heart Diseases
DB00975,Dipyridamole,Dipyridamole,D004176,MESH:D006333,Heart Failure
DB00975,Dipyridamole,Dipyridamole,D004176,MESH:D006463,Hemolytic-Uremic Syndrome
DB00975,Dipyridamole,Dipyridamole,D004176,MESH:D006470,Hemorrhage
DB00975,Dipyridamole,Dipyridamole,D004176,MESH:D006973,Hypertension
DB00975,Dipyridamole,Dipyridamole,D004176,MESH:D007022,Hypotension
DB00975,Dipyridamole,Dipyridamole,D004176,MESH:D009203,Myocardial Infarction
DB00975,Dipyridamole,Dipyridamole,D004176,MESH:D017202,Myocardial Ischemia
DB00975,Dipyridamole,Dipyridamole,D004176,MESH:D009369,Neoplasms
DB00975,Dipyridamole,Dipyridamole,D004176,MESH:D009401,Nephrosis
DB00975,Dipyridamole,Dipyridamole,D004176,MESH:D056627,Peritoneal Fibrosis
DB00975,Dipyridamole,Dipyridamole,D004176,MESH:D011507,Proteinuria
DB00975,Dipyridamole,Dipyridamole,D004176,MESH:D015427,Reperfusion Injury
DB00975,Dipyridamole,Dipyridamole,D004176,MESH:D020521,Stroke
DB00975,Dipyridamole,Dipyridamole,D004176,MESH:D013375,Substance Withdrawal Syndrome
DB00975,Dipyridamole,Dipyridamole,D004176,MESH:D013927,Thrombosis
DB00975,Dipyridamole,Dipyridamole,D004176,MESH:D020246,Venous Thrombosis
DB00761,Potassium chloride,Potassium Chloride,D011189,MESH:D006333,Heart Failure
DB00761,Potassium chloride,Potassium Chloride,D011189,MESH:D007008,Hypokalemia
DB00761,Potassium chloride,Potassium Chloride,D011189,MESH:D012640,Seizures
DB00867,Ritodrine,Ritodrine,D012312,MESH:D054537,Atrioventricular Block
DB00867,Ritodrine,Ritodrine,D012312,MESH:D005315,Fetal Diseases
DB00867,Ritodrine,Ritodrine,D012312,MESH:D017202,Myocardial Ischemia
DB00867,Ritodrine,Ritodrine,D012312,MESH:D011654,Pulmonary Edema
DB00171,ATP,Adenosine Triphosphate,D000255,MESH:D066126,Cardiotoxicity
DB00171,ATP,Adenosine Triphosphate,D000255,MESH:D004890,Erythema
DB00171,ATP,Adenosine Triphosphate,D000255,MESH:D005119,Extravasation of Diagnostic and Therapeutic Materials
DB00171,ATP,Adenosine Triphosphate,D000255,MESH:D007642,Keratosis
DB00171,ATP,Adenosine Triphosphate,D000255,MESH:D008175,Lung Neoplasms
DB00171,ATP,Adenosine Triphosphate,D000255,MESH:D009369,Neoplasms
DB00171,ATP,Adenosine Triphosphate,D000255,MESH:D000857,Olfaction Disorders
DB00171,ATP,Adenosine Triphosphate,D000255,MESH:D011123,Polyploidy
DB00649,Stavudine,Stavudine,D018119,MESH:D000163,Acquired Immunodeficiency Syndrome
DB00649,Stavudine,Stavudine,D018119,MESH:D015526,AIDS Dementia Complex
DB00649,Stavudine,Stavudine,D018119,MESH:D000740,Anemia
DB00649,Stavudine,Stavudine,D018119,MESH:D015658,HIV Infections
DB00649,Stavudine,Stavudine,D018119,MESH:D006679,HIV Seropositivity
DB01001,Salbutamol,Albuterol,D000420,MESH:D000707,Anaphylaxis
DB01001,Salbutamol,Albuterol,D000420,MESH:D001249,Asthma
DB01001,Salbutamol,Albuterol,D000420,MESH:D003324,Coronary Artery Disease
DB01001,Salbutamol,Albuterol,D000420,MESH:D004417,Dyspnea
DB01001,Salbutamol,Albuterol,D000420,MESH:D006333,Heart Failure
DB01001,Salbutamol,Albuterol,D000420,MESH:D006947,Hyperkalemia
DB01001,Salbutamol,Albuterol,D000420,MESH:D006973,Hypertension
DB01001,Salbutamol,Albuterol,D000420,MESH:D008171,Lung Diseases
DB01001,Salbutamol,Albuterol,D000420,MESH:D009205,Myocarditis
DB01001,Salbutamol,Albuterol,D000420,MESH:D012135,Respiratory Sounds
DB01001,Salbutamol,Albuterol,D000420,MESH:D012141,Respiratory Tract Infections
DB01001,Salbutamol,Albuterol,D000420,MESH:D013035,Spasm
DB00863,Ranitidine,Ranitidine,D011899,MESH:D015746,Abdominal Pain
DB00863,Ranitidine,Ranitidine,D011899,MESH:D001008,Anxiety Disorders
DB00863,Ranitidine,Ranitidine,D011899,MESH:D001471,Barrett Esophagus
DB00863,Ranitidine,Ranitidine,D011899,MESH:D001943,Breast Neoplasms
DB00863,Ranitidine,Ranitidine,D011899,MESH:D056486,Chemical and Drug Induced Liver Injury
DB00863,Ranitidine,Ranitidine,D011899,MESH:D003866,Depressive Disorder
DB00863,Ranitidine,Ranitidine,D011899,MESH:D004381,Duodenal Ulcer
DB00863,Ranitidine,Ranitidine,D011899,MESH:D004802,Eosinophilia
DB00863,Ranitidine,Ranitidine,D011899,MESH:D004935,Esophageal Diseases
DB00863,Ranitidine,Ranitidine,D011899,MESH:D004941,Esophagitis
DB00863,Ranitidine,Ranitidine,D011899,MESH:D005764,Gastroesophageal Reflux
DB00863,Ranitidine,Ranitidine,D011899,MESH:D005767,Gastrointestinal Diseases
DB00863,Ranitidine,Ranitidine,D011899,MESH:D006471,Gastrointestinal Hemorrhage
DB00863,Ranitidine,Ranitidine,D011899,MESH:D006356,Heartburn
DB00863,Ranitidine,Ranitidine,D011899,MESH:D016481,Helicobacter Infections
DB00863,Ranitidine,Ranitidine,D011899,MESH:D006930,Hyperalgesia
DB00863,Ranitidine,Ranitidine,D011899,MESH:D007970,Leukopenia
DB00863,Ranitidine,Ranitidine,D011899,MESH:D008231,Lymphopenia
DB00863,Ranitidine,Ranitidine,D011899,MESH:D009336,Necrosis
DB00863,Ranitidine,Ranitidine,D011899,MESH:D009503,Neutropenia
DB00863,Ranitidine,Ranitidine,D011899,MESH:D010243,Paralysis
DB00863,Ranitidine,Ranitidine,D011899,MESH:D010437,Peptic Ulcer
DB00863,Ranitidine,Ranitidine,D011899,MESH:D011832,Radiation Injuries
DB00863,Ranitidine,Ranitidine,D011899,MESH:D015427,Reperfusion Injury
DB00863,Ranitidine,Ranitidine,D011899,MESH:D013272,Stomach Diseases
DB00863,Ranitidine,Ranitidine,D011899,MESH:D013276,Stomach Ulcer
DB00863,Ranitidine,Ranitidine,D011899,MESH:D013921,Thrombocytopenia
DB01236,Sevoflurane,Sevoflurane,D000077149,MESH:D055371,Acute Lung Injury
DB01236,Sevoflurane,Sevoflurane,D000077149,MESH:D002545,Brain Ischemia
DB01236,Sevoflurane,Sevoflurane,D000077149,MESH:D006930,Hyperalgesia
DB01236,Sevoflurane,Sevoflurane,D000077149,MESH:D000860,Hypoxia
DB01236,Sevoflurane,Sevoflurane,D000077149,MESH:D009203,Myocardial Infarction
DB01236,Sevoflurane,Sevoflurane,D000077149,MESH:D011654,Pulmonary Edema
DB01236,Sevoflurane,Sevoflurane,D000077149,MESH:D015427,Reperfusion Injury
DB01236,Sevoflurane,Sevoflurane,D000077149,MESH:D012640,Seizures
DB01236,Sevoflurane,Sevoflurane,D000077149,MESH:D020257,Ventricular Remodeling
DB00443,Betamethasone,Betamethasone,D001623,MESH:D000152,Acne Vulgaris
DB00443,Betamethasone,Betamethasone,D001623,MESH:D001997,Bronchopulmonary Dysplasia
DB00443,Betamethasone,Betamethasone,D001623,MESH:D003872,Dermatitis
DB00443,Betamethasone,Betamethasone,D001623,MESH:D004487,Edema
DB00443,Betamethasone,Betamethasone,D001623,MESH:D004802,Eosinophilia
DB00443,Betamethasone,Betamethasone,D001623,MESH:D005621,Friedreich Ataxia
DB00443,Betamethasone,Betamethasone,D001623,MESH:D006391,Hemangioma
DB00443,Betamethasone,Betamethasone,D001623,MESH:D017116,Low Back Pain
DB00443,Betamethasone,Betamethasone,D001623,MESH:D010146,Pain
DB00443,Betamethasone,Betamethasone,D001623,MESH:D011225,Pre-Eclampsia
DB00443,Betamethasone,Betamethasone,D001623,MESH:D011537,Pruritus
DB00443,Betamethasone,Betamethasone,D001623,MESH:D011565,Psoriasis
DB00443,Betamethasone,Betamethasone,D001623,MESH:D012141,Respiratory Tract Infections
DB00443,Betamethasone,Betamethasone,D001623,MESH:D024801,Tauopathies
DB00152,Thiamine,Thiamine,D013831,MESH:D000138,Acidosis
DB00152,Thiamine,Thiamine,D013831,MESH:D000430,Alcohol Withdrawal Delirium
DB00152,Thiamine,Thiamine,D013831,MESH:D001714,Bipolar Disorder
DB00152,Thiamine,Thiamine,D013831,MESH:D001927,Brain Diseases
DB00152,Thiamine,Thiamine,D013831,MESH:D009202,Cardiomyopathies
DB00152,Thiamine,Thiamine,D013831,MESH:D002386,Cataract
DB00152,Thiamine,Thiamine,D013831,MESH:D002524,Cerebellar Ataxia
DB00152,Thiamine,Thiamine,D013831,MESH:D002971,Cleft Lip
DB00152,Thiamine,Thiamine,D013831,MESH:D002972,Cleft Palate
DB00152,Thiamine,Thiamine,D013831,MESH:D006333,Heart Failure
DB00152,Thiamine,Thiamine,D013831,MESH:D006501,Hepatic Encephalopathy
DB00152,Thiamine,Thiamine,D013831,MESH:D008569,Memory Disorders
DB00152,Thiamine,Thiamine,D013831,MESH:D024821,Metabolic Syndrome
DB00152,Thiamine,Thiamine,D013831,MESH:D017240,Mitochondrial Myopathies
DB00152,Thiamine,Thiamine,D013831,MESH:D010146,Pain
DB00152,Thiamine,Thiamine,D013831,MESH:D012640,Seizures
DB00152,Thiamine,Thiamine,D013831,MESH:D014899,Wernicke Encephalopathy
DB00244,Mesalazine,Mesalamine,D019804,MESH:D001424,Bacterial Infections
DB00244,Mesalazine,Mesalamine,D019804,MESH:D002446,Celiac Disease
DB00244,Mesalazine,Mesalamine,D019804,MESH:D056486,Chemical and Drug Induced Liver Injury
DB00244,Mesalazine,Mesalamine,D019804,MESH:D003092,Colitis
DB00244,Mesalazine,Mesalamine,D019804,MESH:D003110,Colonic Neoplasms
DB00244,Mesalazine,Mesalamine,D019804,MESH:D015179,Colorectal Neoplasms
DB00244,Mesalazine,Mesalamine,D019804,MESH:D003248,Constipation
DB00244,Mesalazine,Mesalamine,D019804,MESH:D003424,Crohn Disease
DB00244,Mesalazine,Mesalamine,D019804,MESH:D003967,Diarrhea
DB00244,Mesalazine,Mesalamine,D019804,MESH:D004487,Edema
DB00244,Mesalazine,Mesalamine,D019804,MESH:D005355,Fibrosis
DB00244,Mesalazine,Mesalamine,D019804,MESH:D006470,Hemorrhage
DB00244,Mesalazine,Mesalamine,D019804,MESH:D006940,Hyperemia
DB00244,Mesalazine,Mesalamine,D019804,MESH:D007249,Inflammation
DB00244,Mesalazine,Mesalamine,D019804,MESH:D015212,Inflammatory Bowel Diseases
DB00244,Mesalazine,Mesalamine,D019804,MESH:D007410,Intestinal Diseases
DB00244,Mesalazine,Mesalamine,D019804,MESH:D008103,Liver Cirrhosis
DB00244,Mesalazine,Mesalamine,D019804,MESH:D014456,Ulcer
DB00244,Mesalazine,Mesalamine,D019804,MESH:D015431,Weight Loss
DB01213,Fomepizole,Fomepizole,D000077604,MESH:D000138,Acidosis
DB01213,Fomepizole,Fomepizole,D000077604,MESH:D056486,Chemical and Drug Induced Liver Injury
DB01213,Fomepizole,Fomepizole,D000077604,MESH:D009336,Necrosis
DB00703,Methazolamide,Methazolamide,D008704,MESH:D006332,Cardiomegaly
DB00703,Methazolamide,Methazolamide,D008704,MESH:D005901,Glaucoma
DB00703,Methazolamide,Methazolamide,D008704,MESH:D014202,Tremor
DB00573,Fenoprofen,Fenoprofen,D005279,MESH:D004412,Dysmenorrhea
DB00573,Fenoprofen,Fenoprofen,D005279,MESH:D007249,Inflammation
DB00573,Fenoprofen,Fenoprofen,D005279,MESH:D010003,Osteoarthritis
DB00573,Fenoprofen,Fenoprofen,D005279,MESH:D010146,Pain
DB00573,Fenoprofen,Fenoprofen,D005279,MESH:D010149,Postoperative Pain
DB00543,Amoxapine,Amoxapine,D000657,MESH:D003866,Depressive Disorder
DB00373,Timolol,Timolol,D013999,MESH:D000787,Angina Pectoris
DB00373,Timolol,Timolol,D013999,MESH:D001281,Atrial Fibrillation
DB00373,Timolol,Timolol,D013999,MESH:D003327,Coronary Disease
DB00373,Timolol,Timolol,D013999,MESH:D017889,Exfoliation Syndrome
DB00373,Timolol,Timolol,D013999,MESH:D005901,Glaucoma
DB00373,Timolol,Timolol,D013999,MESH:D006973,Hypertension
DB00373,Timolol,Timolol,D013999,MESH:D007008,Hypokalemia
DB00373,Timolol,Timolol,D013999,MESH:D008133,Long QT Syndrome
DB00373,Timolol,Timolol,D013999,MESH:D057066,Low Tension Glaucoma
DB00373,Timolol,Timolol,D013999,MESH:D009203,Myocardial Infarction
DB00373,Timolol,Timolol,D013999,MESH:D009798,Ocular Hypertension
DB00373,Timolol,Timolol,D013999,MESH:D013610,Tachycardia
DB00373,Timolol,Timolol,D013999,MESH:D014202,Tremor
DB01016,Glyburide,Glyburide,D005905,MESH:D001259,Ataxia
DB01016,Glyburide,Glyburide,D005905,MESH:D003920,Diabetes Mellitus
DB01016,Glyburide,Glyburide,D005905,MESH:D003928,Diabetic Nephropathies
DB01016,Glyburide,Glyburide,D005905,MESH:D019446,Endotoxemia
DB01016,Glyburide,Glyburide,D005905,MESH:D018149,Glucose Intolerance
DB01016,Glyburide,Glyburide,D005905,MESH:D006470,Hemorrhage
DB01016,Glyburide,Glyburide,D005905,MESH:D006529,Hepatomegaly
DB01016,Glyburide,Glyburide,D005905,MESH:D006930,Hyperalgesia
DB01016,Glyburide,Glyburide,D005905,MESH:D006943,Hyperglycemia
DB01016,Glyburide,Glyburide,D005905,MESH:D006949,Hyperlipidemias
DB01016,Glyburide,Glyburide,D005905,MESH:D007022,Hypotension
DB01016,Glyburide,Glyburide,D005905,MESH:D007249,Inflammation
DB01016,Glyburide,Glyburide,D005905,MESH:D007674,Kidney Diseases
DB01016,Glyburide,Glyburide,D005905,MESH:D055370,Lung Injury
DB01016,Glyburide,Glyburide,D005905,MESH:D019957,Motor Skills Disorders
DB01016,Glyburide,Glyburide,D005905,MESH:D009410,Nerve Degeneration
DB01016,Glyburide,Glyburide,D005905,MESH:D010146,Pain
DB01016,Glyburide,Glyburide,D005905,MESH:D011654,Pulmonary Edema
DB01016,Glyburide,Glyburide,D005905,MESH:D015427,Reperfusion Injury
DB01016,Glyburide,Glyburide,D005905,MESH:D012130,Respiratory Hypersensitivity
DB01016,Glyburide,Glyburide,D005905,MESH:D015430,Weight Gain
DB01016,Glyburide,Glyburide,D005905,MESH:D015431,Weight Loss
DB00363,Clozapine,Clozapine,D003024,MESH:D001714,Bipolar Disorder
DB00363,Clozapine,Clozapine,D003024,MESH:D002375,Catalepsy
DB00363,Clozapine,Clozapine,D003024,MESH:D002389,Catatonia
DB00363,Clozapine,Clozapine,D003024,MESH:D002819,Chorea
DB00363,Clozapine,Clozapine,D003024,MESH:D019970,Cocaine-Related Disorders
DB00363,Clozapine,Clozapine,D003024,MESH:D003072,Cognition Disorders
DB00363,Clozapine,Clozapine,D003024,MESH:D003704,Dementia
DB00363,Clozapine,Clozapine,D003024,MESH:D003866,Depressive Disorder
DB00363,Clozapine,Clozapine,D003024,MESH:D004421,Dystonia
DB00363,Clozapine,Clozapine,D003024,MESH:D004827,Epilepsy
DB00363,Clozapine,Clozapine,D003024,MESH:D006212,Hallucinations
DB00363,Clozapine,Clozapine,D003024,MESH:D006948,Hyperkinesis
DB00363,Clozapine,Clozapine,D003024,MESH:D007010,Hyponatremia
DB00363,Clozapine,Clozapine,D003024,MESH:D007859,Learning Disabilities
DB00363,Clozapine,Clozapine,D003024,MESH:D020961,Lewy Body Disease
DB00363,Clozapine,Clozapine,D003024,MESH:D003865,Major Depressive Disorder
DB00363,Clozapine,Clozapine,D003024,MESH:D001523,Mental Disorders
DB00363,Clozapine,Clozapine,D003024,MESH:D009069,Movement Disorders
DB00363,Clozapine,Clozapine,D003024,MESH:D009422,Nervous System Diseases
DB00363,Clozapine,Clozapine,D003024,MESH:D019954,Neurobehavioral Manifestations
DB00363,Clozapine,Clozapine,D003024,MESH:D009771,Obsessive-Compulsive Disorder
DB00363,Clozapine,Clozapine,D003024,MESH:D010146,Pain
DB00363,Clozapine,Clozapine,D003024,MESH:D016584,Panic Disorder
DB00363,Clozapine,Clozapine,D003024,MESH:D010300,Parkinson Disease
DB00363,Clozapine,Clozapine,D003024,MESH:D020734,Parkinsonian Disorders
DB00363,Clozapine,Clozapine,D003024,MESH:D010554,Personality Disorders
DB00363,Clozapine,Clozapine,D003024,MESH:D011297,Prenatal Exposure Delayed Effects
DB00363,Clozapine,Clozapine,D003024,MESH:D011595,Psychomotor Agitation
DB00363,Clozapine,Clozapine,D003024,MESH:D011618,Psychotic Disorders
DB00363,Clozapine,Clozapine,D003024,MESH:D012559,Schizophrenia
DB00363,Clozapine,Clozapine,D003024,MESH:D012640,Seizures
DB00363,Clozapine,Clozapine,D003024,MESH:D019956,Stereotypic Movement Disorder
DB00363,Clozapine,Clozapine,D003024,MESH:D013375,Substance Withdrawal Syndrome
DB00363,Clozapine,Clozapine,D003024,MESH:D014029,Tobacco Use Disorder
DB00363,Clozapine,Clozapine,D003024,MESH:D014202,Tremor
DB00625,Efavirenz,efavirenz,C098320,MESH:D015658,HIV Infections
DB00914,Phenformin,Phenformin,D010629,MESH:D003920,Diabetes Mellitus
DB00709,Lamivudine,Lamivudine,D019259,MESH:D004932,Esophageal and Gastric Varices
DB00709,Lamivudine,Lamivudine,D019259,MESH:D006501,Hepatic Encephalopathy
DB00709,Lamivudine,Lamivudine,D019259,MESH:D006509,Hepatitis B
DB00709,Lamivudine,Lamivudine,D019259,MESH:D006526,Hepatitis C
DB00709,Lamivudine,Lamivudine,D019259,MESH:D015658,HIV Infections
DB00709,Lamivudine,Lamivudine,D019259,MESH:D006679,HIV Seropositivity
DB00709,Lamivudine,Lamivudine,D019259,MESH:D008103,Liver Cirrhosis
DB00709,Lamivudine,Lamivudine,D019259,MESH:D009404,Nephrotic Syndrome
DB00709,Lamivudine,Lamivudine,D019259,MESH:D011183,Postoperative Complications
DB00709,Lamivudine,Lamivudine,D019259,MESH:D013375,Substance Withdrawal Syndrome
DB00709,Lamivudine,Lamivudine,D019259,MESH:D014766,Viremia
DB00238,Nevirapine,Nevirapine,D019829,MESH:D015658,HIV Infections
DB00238,Nevirapine,Nevirapine,D019829,MESH:D011471,Prostatic Neoplasms
DB01035,Procainamide,Procainamide,D011342,MESH:D001281,Atrial Fibrillation
DB01035,Procainamide,Procainamide,D011342,MESH:D002637,Chest Pain
DB01035,Procainamide,Procainamide,D011342,MESH:D003324,Coronary Artery Disease
DB01035,Procainamide,Procainamide,D011342,MESH:D004417,Dyspnea
DB01035,Procainamide,Procainamide,D011342,MESH:D007022,Hypotension
DB01035,Procainamide,Procainamide,D011342,MESH:D009203,Myocardial Infarction
DB01035,Procainamide,Procainamide,D011342,MESH:D013610,Tachycardia
DB01035,Procainamide,Procainamide,D011342,MESH:D014693,Ventricular Fibrillation
DB01035,Procainamide,Procainamide,D011342,MESH:D018879,Ventricular Premature Complexes
DB01035,Procainamide,Procainamide,D011342,MESH:D014927,Wolff-Parkinson-White Syndrome
DB01099,Flucytosine,Flucytosine,D005437,MESH:D017088,AIDS-Related Opportunistic Infections
DB01099,Flucytosine,Flucytosine,D005437,MESH:D002177,Candidiasis
DB01099,Flucytosine,Flucytosine,D005437,MESH:D005909,Glioblastoma
DB01099,Flucytosine,Flucytosine,D005437,MESH:D007674,Kidney Diseases
DB01099,Flucytosine,Flucytosine,D005437,MESH:D010538,Peritonitis
DB01099,Flucytosine,Flucytosine,D005437,MESH:D014552,Urinary Tract Infections
DB00273,Topiramate,Topiramate,D000077236,MESH:D000437,Alcoholism
DB00273,Topiramate,Topiramate,D000077236,MESH:D019969,Amphetamine-Related Disorders
DB00273,Topiramate,Topiramate,D000077236,MESH:D001008,Anxiety Disorders
DB00273,Topiramate,Topiramate,D000077236,MESH:D001714,Bipolar Disorder
DB00273,Topiramate,Topiramate,D000077236,MESH:D001930,Brain Injuries
DB00273,Topiramate,Topiramate,D000077236,MESH:D002545,Brain Ischemia
DB00273,Topiramate,Topiramate,D000077236,MESH:D002547,Cerebral Palsy
DB00273,Topiramate,Topiramate,D000077236,MESH:D019970,Cocaine-Related Disorders
DB00273,Topiramate,Topiramate,D000077236,MESH:D003072,Cognition Disorders
DB00273,Topiramate,Topiramate,D000077236,MESH:D003866,Depressive Disorder
DB00273,Topiramate,Topiramate,D000077236,MESH:D003967,Diarrhea
DB00273,Topiramate,Topiramate,D000077236,MESH:D004827,Epilepsy
DB00273,Topiramate,Topiramate,D000077236,MESH:D018149,Glucose Intolerance
DB00273,Topiramate,Topiramate,D000077236,MESH:D006930,Hyperalgesia
DB00273,Topiramate,Topiramate,D000077236,MESH:D007249,Inflammation
DB00273,Topiramate,Topiramate,D000077236,MESH:D007859,Learning Disabilities
DB00273,Topiramate,Topiramate,D000077236,MESH:D008569,Memory Disorders
DB00273,Topiramate,Topiramate,D000077236,MESH:D008881,Migraine Disorders
DB00273,Topiramate,Topiramate,D000077236,MESH:D020326,Migraine without Aura
DB00273,Topiramate,Topiramate,D000077236,MESH:D009410,Nerve Degeneration
DB00273,Topiramate,Topiramate,D000077236,MESH:D009437,Neuralgia
DB00273,Topiramate,Topiramate,D000077236,MESH:D019954,Neurobehavioral Manifestations
DB00273,Topiramate,Topiramate,D000077236,MESH:D009765,Obesity
DB00273,Topiramate,Topiramate,D000077236,MESH:D011618,Psychotic Disorders
DB00273,Topiramate,Topiramate,D000077236,MESH:D012640,Seizures
DB00273,Topiramate,Topiramate,D000077236,MESH:D013375,Substance Withdrawal Syndrome
DB00273,Topiramate,Topiramate,D000077236,MESH:D014456,Ulcer
DB00273,Topiramate,Topiramate,D000077236,MESH:D020194,Unverricht-Lundborg Syndrome
DB00421,Spironolactone,Spironolactone,D013148,MESH:D000152,Acne Vulgaris
DB00421,Spironolactone,Spironolactone,D013148,MESH:D001201,Ascites
DB00421,Spironolactone,Spironolactone,D013148,MESH:D001281,Atrial Fibrillation
DB00421,Spironolactone,Spironolactone,D013148,MESH:D001321,Autistic Disorder
DB00421,Spironolactone,Spironolactone,D013148,MESH:D006332,Cardiomegaly
DB00421,Spironolactone,Spironolactone,D013148,MESH:D009202,Cardiomyopathies
DB00421,Spironolactone,Spironolactone,D013148,MESH:D002318,Cardiovascular Diseases
DB00421,Spironolactone,Spironolactone,D013148,MESH:D019970,Cocaine-Related Disorders
DB00421,Spironolactone,Spironolactone,D013148,MESH:D003072,Cognition Disorders
DB00421,Spironolactone,Spironolactone,D013148,MESH:D003928,Diabetic Nephropathies
DB00421,Spironolactone,Spironolactone,D013148,MESH:D003967,Diarrhea
DB00421,Spironolactone,Spironolactone,D013148,MESH:D050171,Dyslipidemias
DB00421,Spironolactone,Spironolactone,D013148,MESH:D004487,Edema
DB00421,Spironolactone,Spironolactone,D013148,MESH:D005355,Fibrosis
DB00421,Spironolactone,Spironolactone,D013148,MESH:D018149,Glucose Intolerance
DB00421,Spironolactone,Spironolactone,D013148,MESH:D006331,Heart Diseases
DB00421,Spironolactone,Spironolactone,D013148,MESH:D006333,Heart Failure
DB00421,Spironolactone,Spironolactone,D013148,MESH:D006929,Hyperaldosteronism
DB00421,Spironolactone,Spironolactone,D013148,MESH:D006943,Hyperglycemia
DB00421,Spironolactone,Spironolactone,D013148,MESH:D006955,Hypernatremia
DB00421,Spironolactone,Spironolactone,D013148,MESH:D006973,Hypertension
DB00421,Spironolactone,Spironolactone,D013148,MESH:D007008,Hypokalemia
DB00421,Spironolactone,Spironolactone,D013148,MESH:D020514,Hypokalemic Periodic Paralysis
DB00421,Spironolactone,Spironolactone,D013148,MESH:D007333,Insulin Resistance
DB00421,Spironolactone,Spironolactone,D013148,MESH:D007674,Kidney Diseases
DB00421,Spironolactone,Spironolactone,D013148,MESH:D008103,Liver Cirrhosis
DB00421,Spironolactone,Spironolactone,D013148,MESH:D009203,Myocardial Infarction
DB00421,Spironolactone,Spironolactone,D013148,MESH:D009437,Neuralgia
DB00421,Spironolactone,Spironolactone,D013148,MESH:D010243,Paralysis
DB00421,Spironolactone,Spironolactone,D013148,MESH:D010437,Peptic Ulcer
DB00421,Spironolactone,Spironolactone,D013148,MESH:D011085,Polycystic Ovary Syndrome
DB00421,Spironolactone,Spironolactone,D013148,MESH:D011507,Proteinuria
DB00421,Spironolactone,Spironolactone,D013148,MESH:D012640,Seizures
DB00421,Spironolactone,Spironolactone,D013148,MESH:D013375,Substance Withdrawal Syndrome
DB00421,Spironolactone,Spironolactone,D013148,MESH:D014652,Vascular Diseases
DB00421,Spironolactone,Spironolactone,D013148,MESH:D020257,Ventricular Remodeling
DB00421,Spironolactone,Spironolactone,D013148,MESH:D015430,Weight Gain
DB00421,Spironolactone,Spironolactone,D013148,MESH:D015431,Weight Loss
DB01028,Methoxyflurane,Methoxyflurane,D008733,MESH:D002056,Burns
DB00369,Cidofovir,Cidofovir,D000077404,MESH:D017088,AIDS-Related Opportunistic Infections
DB00369,Cidofovir,Cidofovir,D000077404,MESH:D027601,Polyomavirus Infections
DB00369,Cidofovir,Cidofovir,D000077404,MESH:D014777,Virus Diseases
DB08804,Nandrolone decanoate,Nandrolone Decanoate,D000077603,MESH:D000740,Anemia
DB08804,Nandrolone decanoate,Nandrolone Decanoate,D000077603,MESH:D005199,Fanconi Anemia
DB08804,Nandrolone decanoate,Nandrolone Decanoate,D000077603,MESH:D006628,Hirsutism
DB08804,Nandrolone decanoate,Nandrolone Decanoate,D000077603,MESH:D010024,Osteoporosis
DB08804,Nandrolone decanoate,Nandrolone Decanoate,D000077603,MESH:D012859,Sjogren's Syndrome
DB01183,Naloxone,Naloxone,D009270,MESH:D058186,Acute Kidney Injury
DB01183,Naloxone,Naloxone,D009270,MESH:D000437,Alcoholism
DB01183,Naloxone,Naloxone,D009270,MESH:D000647,Amnesia
DB01183,Naloxone,Naloxone,D009270,MESH:D000707,Anaphylaxis
DB01183,Naloxone,Naloxone,D009270,MESH:D001049,Apnea
DB01183,Naloxone,Naloxone,D009270,MESH:D001259,Ataxia
DB01183,Naloxone,Naloxone,D009270,MESH:D050197,Atherosclerosis
DB01183,Naloxone,Naloxone,D009270,MESH:D001919,Bradycardia
DB01183,Naloxone,Naloxone,D009270,MESH:D001927,Brain Diseases
DB01183,Naloxone,Naloxone,D009270,MESH:D001930,Brain Injuries
DB01183,Naloxone,Naloxone,D009270,MESH:D002545,Brain Ischemia
DB01183,Naloxone,Naloxone,D009270,MESH:D002375,Catalepsy
DB01183,Naloxone,Naloxone,D009270,MESH:D002389,Catatonia
DB01183,Naloxone,Naloxone,D009270,MESH:D002769,Cholelithiasis
DB01183,Naloxone,Naloxone,D009270,MESH:D021081,Chronobiology Disorders
DB01183,Naloxone,Naloxone,D009270,MESH:D019970,Cocaine-Related Disorders
DB01183,Naloxone,Naloxone,D009270,MESH:D003128,Coma
DB01183,Naloxone,Naloxone,D009270,MESH:D003248,Constipation
DB01183,Naloxone,Naloxone,D009270,MESH:D003704,Dementia
DB01183,Naloxone,Naloxone,D009270,MESH:D062787,Drug Overdose
DB01183,Naloxone,Naloxone,D009270,MESH:D004417,Dyspnea
DB01183,Naloxone,Naloxone,D009270,MESH:D004487,Edema
DB01183,Naloxone,Naloxone,D009270,MESH:D004827,Epilepsy
DB01183,Naloxone,Naloxone,D009270,MESH:D005767,Gastrointestinal Diseases
DB01183,Naloxone,Naloxone,D009270,MESH:D006212,Hallucinations
DB01183,Naloxone,Naloxone,D009270,MESH:D006429,Hemiplegia
DB01183,Naloxone,Naloxone,D009270,MESH:D006556,Heroin Dependence
DB01183,Naloxone,Naloxone,D009270,MESH:D006930,Hyperalgesia
DB01183,Naloxone,Naloxone,D009270,MESH:D006947,Hyperkalemia
DB01183,Naloxone,Naloxone,D009270,MESH:D006948,Hyperkinesis
DB01183,Naloxone,Naloxone,D009270,MESH:D006973,Hypertension
DB01183,Naloxone,Naloxone,D009270,MESH:D018476,Hypokinesia
DB01183,Naloxone,Naloxone,D009270,MESH:D007022,Hypotension
DB01183,Naloxone,Naloxone,D009270,MESH:D007035,Hypothermia
DB01183,Naloxone,Naloxone,D009270,MESH:D007040,Hypoventilation
DB01183,Naloxone,Naloxone,D009270,MESH:D000860,Hypoxia
DB01183,Naloxone,Naloxone,D009270,MESH:D007674,Kidney Diseases
DB01183,Naloxone,Naloxone,D009270,MESH:D053609,Lethargy
DB01183,Naloxone,Naloxone,D009270,MESH:D008171,Lung Diseases
DB01183,Naloxone,Naloxone,D009270,MESH:D008881,Migraine Disorders
DB01183,Naloxone,Naloxone,D009270,MESH:D015877,Miosis
DB01183,Naloxone,Naloxone,D009270,MESH:D009021,Morphine Dependence
DB01183,Naloxone,Naloxone,D009270,MESH:D009069,Movement Disorders
DB01183,Naloxone,Naloxone,D009270,MESH:D009123,Muscle Hypotonia
DB01183,Naloxone,Naloxone,D009270,MESH:D009127,Muscle Rigidity
DB01183,Naloxone,Naloxone,D009270,MESH:D009128,Muscle Spasticity
DB01183,Naloxone,Naloxone,D009270,MESH:D009336,Necrosis
DB01183,Naloxone,Naloxone,D009270,MESH:D058426,Neointima
DB01183,Naloxone,Naloxone,D009270,MESH:D009293,Opioid-Related Disorders
DB01183,Naloxone,Naloxone,D009270,MESH:D010146,Pain
DB01183,Naloxone,Naloxone,D009270,MESH:D010259,Paranoid Disorders
DB01183,Naloxone,Naloxone,D009270,MESH:D010291,Paresis
DB01183,Naloxone,Naloxone,D009270,MESH:D011183,Postoperative Complications
DB01183,Naloxone,Naloxone,D009270,MESH:D010149,Postoperative Pain
DB01183,Naloxone,Naloxone,D009270,MESH:D011537,Pruritus
DB01183,Naloxone,Naloxone,D009270,MESH:D012131,Respiratory Insufficiency
DB01183,Naloxone,Naloxone,D009270,MESH:D012640,Seizures
DB01183,Naloxone,Naloxone,D009270,MESH:D013035,Spasm
DB01183,Naloxone,Naloxone,D009270,MESH:D013119,Spinal Cord Injuries
DB01183,Naloxone,Naloxone,D009270,MESH:D020521,Stroke
DB01183,Naloxone,Naloxone,D009270,MESH:D053608,Stupor
DB01183,Naloxone,Naloxone,D009270,MESH:D013375,Substance Withdrawal Syndrome
DB01183,Naloxone,Naloxone,D009270,MESH:D013610,Tachycardia
DB01183,Naloxone,Naloxone,D009270,MESH:D014029,Tobacco Use Disorder
DB01183,Naloxone,Naloxone,D009270,MESH:D005879,Tourette Syndrome
DB01183,Naloxone,Naloxone,D009270,MESH:D014474,Unconsciousness
DB01183,Naloxone,Naloxone,D009270,MESH:D016055,Urinary Retention
DB00652,Pentazocine,Pentazocine,D010423,MESH:D015746,Abdominal Pain
DB00652,Pentazocine,Pentazocine,D010423,MESH:D018771,Arthralgia
DB00652,Pentazocine,Pentazocine,D010423,MESH:D001168,Arthritis
DB00652,Pentazocine,Pentazocine,D010423,MESH:D001416,Back Pain
DB00652,Pentazocine,Pentazocine,D010423,MESH:D002637,Chest Pain
DB00652,Pentazocine,Pentazocine,D010423,MESH:D005355,Fibrosis
DB00652,Pentazocine,Pentazocine,D010423,MESH:D009135,Muscular Diseases
DB00652,Pentazocine,Pentazocine,D010423,MESH:D009203,Myocardial Infarction
DB00652,Pentazocine,Pentazocine,D010423,MESH:D010146,Pain
DB00652,Pentazocine,Pentazocine,D010423,MESH:D011183,Postoperative Complications
DB00652,Pentazocine,Pentazocine,D010423,MESH:D010149,Postoperative Pain
DB00802,Alfentanil,Alfentanil,D015760,MESH:D002637,Chest Pain
DB00802,Alfentanil,Alfentanil,D015760,MESH:D003371,Cough
DB00802,Alfentanil,Alfentanil,D015760,MESH:D005207,Fasciculation
DB00802,Alfentanil,Alfentanil,D015760,MESH:D006930,Hyperalgesia
DB00802,Alfentanil,Alfentanil,D015760,MESH:D006973,Hypertension
DB00802,Alfentanil,Alfentanil,D015760,MESH:D010146,Pain
DB00802,Alfentanil,Alfentanil,D015760,MESH:D010149,Postoperative Pain
DB00802,Alfentanil,Alfentanil,D015760,MESH:D013610,Tachycardia
DB00813,Fentanyl,Fentanyl,D005283,MESH:D001049,Apnea
DB00813,Fentanyl,Fentanyl,D005283,MESH:D002637,Chest Pain
DB00813,Fentanyl,Fentanyl,D005283,MESH:D003371,Cough
DB00813,Fentanyl,Fentanyl,D005283,MESH:D020820,Dyskinesias
DB00813,Fentanyl,Fentanyl,D005283,MESH:D006212,Hallucinations
DB00813,Fentanyl,Fentanyl,D005283,MESH:D006261,Headache
DB00813,Fentanyl,Fentanyl,D005283,MESH:D006930,Hyperalgesia
DB00813,Fentanyl,Fentanyl,D005283,MESH:D006973,Hypertension
DB00813,Fentanyl,Fentanyl,D005283,MESH:D007405,Intervertebral Disc Displacement
DB00813,Fentanyl,Fentanyl,D005283,MESH:D052016,Mucositis
DB00813,Fentanyl,Fentanyl,D005283,MESH:D009128,Muscle Spasticity
DB00813,Fentanyl,Fentanyl,D005283,MESH:D010146,Pain
DB00813,Fentanyl,Fentanyl,D005283,MESH:D011183,Postoperative Complications
DB00813,Fentanyl,Fentanyl,D005283,MESH:D010149,Postoperative Pain
DB00813,Fentanyl,Fentanyl,D005283,MESH:D011654,Pulmonary Edema
DB00813,Fentanyl,Fentanyl,D005283,MESH:D013375,Substance Withdrawal Syndrome
DB00813,Fentanyl,Fentanyl,D005283,MESH:D013610,Tachycardia
DB00319,Piperacillin,Piperacillin,D010878,MESH:D000380,Agranulocytosis
DB00319,Piperacillin,Piperacillin,D010878,MESH:D016470,Bacteremia
DB00319,Piperacillin,Piperacillin,D010878,MESH:D001424,Bacterial Infections
DB00319,Piperacillin,Piperacillin,D010878,MESH:D003550,Cystic Fibrosis
DB00319,Piperacillin,Piperacillin,D010878,MESH:D004927,Escherichia coli Infections
DB00319,Piperacillin,Piperacillin,D010878,MESH:D005334,Fever
DB00319,Piperacillin,Piperacillin,D010878,MESH:D016905,Gram-Negative Bacterial Infections
DB00319,Piperacillin,Piperacillin,D010878,MESH:D016908,Gram-Positive Bacterial Infections
DB00319,Piperacillin,Piperacillin,D010878,MESH:D007674,Kidney Diseases
DB00319,Piperacillin,Piperacillin,D010878,MESH:D009503,Neutropenia
DB00319,Piperacillin,Piperacillin,D010878,MESH:D010538,Peritonitis
DB00319,Piperacillin,Piperacillin,D010878,MESH:D011014,Pneumonia
DB00319,Piperacillin,Piperacillin,D010878,MESH:D011552,Pseudomonas Infections
DB00319,Piperacillin,Piperacillin,D010878,MESH:D011704,Pyelonephritis
DB00319,Piperacillin,Piperacillin,D010878,MESH:D051437,Renal Insufficiency
DB00319,Piperacillin,Piperacillin,D010878,MESH:D013203,Staphylococcal Infections
DB00319,Piperacillin,Piperacillin,D010878,MESH:D014552,Urinary Tract Infections
DB00294,Etonogestrel,etonogestrel,C044815,MESH:D004412,Dysmenorrhea
DB00744,Zileuton,zileuton,C063449,MESH:D000152,Acne Vulgaris
DB00744,Zileuton,zileuton,C063449,MESH:D055371,Acute Lung Injury
DB00744,Zileuton,zileuton,C063449,MESH:D001249,Asthma
DB00744,Zileuton,zileuton,C063449,MESH:D001929,Brain Edema
DB00744,Zileuton,zileuton,C063449,MESH:D016535,Bronchial Hyperreactivity
DB00744,Zileuton,zileuton,C063449,MESH:D056486,Chemical and Drug Induced Liver Injury
DB00744,Zileuton,zileuton,C063449,MESH:D003110,Colonic Neoplasms
DB00744,Zileuton,zileuton,C063449,MESH:D004487,Edema
DB00744,Zileuton,zileuton,C063449,MESH:D019446,Endotoxemia
DB00744,Zileuton,zileuton,C063449,MESH:D004802,Eosinophilia
DB00744,Zileuton,zileuton,C063449,MESH:D007249,Inflammation
DB00744,Zileuton,zileuton,C063449,MESH:D015212,Inflammatory Bowel Diseases
DB00744,Zileuton,zileuton,C063449,MESH:D009298,Nasal Polyps
DB00744,Zileuton,zileuton,C063449,MESH:D010146,Pain
DB00744,Zileuton,zileuton,C063449,MESH:D010538,Peritonitis
DB00744,Zileuton,zileuton,C063449,MESH:D011537,Pruritus
DB00744,Zileuton,zileuton,C063449,MESH:D011654,Pulmonary Edema
DB00744,Zileuton,zileuton,C063449,MESH:D015427,Reperfusion Injury
DB00744,Zileuton,zileuton,C063449,MESH:D012220,Rhinitis
DB00744,Zileuton,zileuton,C063449,MESH:D012852,Sinusitis
DB00744,Zileuton,zileuton,C063449,MESH:D013119,Spinal Cord Injuries
DB00210,Adapalene,Adapalene,D000068816,MESH:D000152,Acne Vulgaris
DB00210,Adapalene,Adapalene,D000068816,MESH:D007249,Inflammation
DB00210,Adapalene,Adapalene,D000068816,MESH:D009369,Neoplasms
DB00210,Adapalene,Adapalene,D000068816,MESH:D010146,Pain
DB00210,Adapalene,Adapalene,D000068816,MESH:D011565,Psoriasis
DB04839,Cyproterone acetate,Cyproterone Acetate,D017373,MESH:D000152,Acne Vulgaris
DB04839,Cyproterone acetate,Cyproterone Acetate,D017373,MESH:D000505,Alopecia
DB04839,Cyproterone acetate,Cyproterone Acetate,D017373,MESH:D006628,Hirsutism
DB04839,Cyproterone acetate,Cyproterone Acetate,D017373,MESH:D007039,Hypotrichosis
DB04839,Cyproterone acetate,Cyproterone Acetate,D017373,MESH:D011085,Polycystic Ovary Syndrome
DB04839,Cyproterone acetate,Cyproterone Acetate,D017373,MESH:D011470,Prostatic Hyperplasia
DB04839,Cyproterone acetate,Cyproterone Acetate,D017373,MESH:D011471,Prostatic Neoplasms
DB01190,Clindamycin,Clindamycin,D002981,MESH:D000152,Acne Vulgaris
DB01190,Clindamycin,Clindamycin,D002981,MESH:D016470,Bacteremia
DB01190,Clindamycin,Clindamycin,D002981,MESH:D001424,Bacterial Infections
DB01190,Clindamycin,Clindamycin,D002981,MESH:D003161,Compartment Syndromes
DB01190,Clindamycin,Clindamycin,D002981,MESH:D016908,Gram-Positive Bacterial Infections
DB01190,Clindamycin,Clindamycin,D002981,MESH:D006261,Headache
DB01190,Clindamycin,Clindamycin,D002981,MESH:D012141,Respiratory Tract Infections
DB01190,Clindamycin,Clindamycin,D002981,MESH:D018805,Sepsis
DB01190,Clindamycin,Clindamycin,D002981,MESH:D013203,Staphylococcal Infections
DB01190,Clindamycin,clindamycin phosphate,C007084,MESH:D018805,Sepsis
DB01190,Clindamycin,clindamycin phosphate,C007084,MESH:D013203,Staphylococcal Infections
DB00548,Azelaic acid,azelaic acid,C010038,MESH:D000152,Acne Vulgaris
DB00548,Azelaic acid,azelaic acid,C010038,MESH:D050197,Atherosclerosis
DB00548,Azelaic acid,azelaic acid,C010038,MESH:D017495,Hyperpigmentation
DB00548,Azelaic acid,azelaic acid,C010038,MESH:D007249,Inflammation
DB00548,Azelaic acid,azelaic acid,C010038,MESH:D008548,Melanosis
DB00548,Azelaic acid,azelaic acid,C010038,MESH:D011565,Psoriasis
DB00548,Azelaic acid,azelaic acid,C010038,MESH:D012393,Rosacea
DB00548,Azelaic acid,azelaic acid,C010038,MESH:D012871,Skin Diseases
DB00250,Dapsone,Dapsone,D003622,MESH:D000152,Acne Vulgaris
DB00250,Dapsone,Dapsone,D003622,MESH:D017088,AIDS-Related Opportunistic Infections
DB00250,Dapsone,Dapsone,D003622,MESH:D001943,Breast Neoplasms
DB00250,Dapsone,Dapsone,D003622,MESH:D004890,Erythema
DB00250,Dapsone,Dapsone,D003622,MESH:D007249,Inflammation
DB00250,Dapsone,Dapsone,D003622,MESH:D007918,Leprosy
DB00250,Dapsone,Dapsone,D003622,MESH:D055370,Lung Injury
DB00250,Dapsone,Dapsone,D003622,MESH:D008288,Malaria
DB00250,Dapsone,Dapsone,D003622,MESH:D011471,Prostatic Neoplasms
DB00250,Dapsone,Dapsone,D003622,MESH:D011565,Psoriasis
DB00250,Dapsone,Dapsone,D003622,MESH:D012140,Respiratory Tract Diseases
DB00250,Dapsone,Dapsone,D003622,MESH:D012871,Skin Diseases
DB00250,Dapsone,Dapsone,D003622,MESH:D014581,Urticaria
DB09123,Dienogest,dienogest,C023635,MESH:D000152,Acne Vulgaris
DB09123,Dienogest,dienogest,C023635,MESH:D004412,Dysmenorrhea
DB00595,Oxytetracycline,Oxytetracycline,D010118,MESH:D000152,Acne Vulgaris
DB00595,Oxytetracycline,Oxytetracycline,D010118,MESH:D014552,Urinary Tract Infections
DB00199,Erythromycin,Erythromycin,D004917,MESH:D000152,Acne Vulgaris
DB00199,Erythromycin,Erythromycin,D004917,MESH:D002690,Chlamydia Infections
DB00199,Erythromycin,Erythromycin,D004917,MESH:D002779,Cholestasis
DB00199,Erythromycin,Erythromycin,D004917,MESH:D007249,Inflammation
DB00199,Erythromycin,Erythromycin,D004917,MESH:D008581,Meningitis
DB00199,Erythromycin,Erythromycin,D004917,MESH:D011008,Pneumococcal Infections
DB00199,Erythromycin,Erythromycin,D004917,MESH:D011014,Pneumonia
DB00199,Erythromycin,Erythromycin,D004917,MESH:D012141,Respiratory Tract Infections
DB00199,Erythromycin,Erythromycin,D004917,MESH:D018805,Sepsis
DB00199,Erythromycin,Erythromycin,D004917,MESH:D013203,Staphylococcal Infections
DB00367,Levonorgestrel,Levonorgestrel,D016912,MESH:D004714,Endometrial Hyperplasia
DB00367,Levonorgestrel,Levonorgestrel,D016912,MESH:D010024,Osteoporosis
DB00367,Levonorgestrel,Levonorgestrel,D016912,MESH:D014591,Uterine Diseases
DB09096,Benzoyl peroxide,Benzoyl Peroxide,D001585,MESH:D000152,Acne Vulgaris
DB09096,Benzoyl peroxide,Benzoyl Peroxide,D001585,MESH:D006261,Headache
DB09096,Benzoyl peroxide,Benzoyl Peroxide,D001585,MESH:D012871,Skin Diseases
DB09096,Benzoyl peroxide,Benzoyl Peroxide,D001585,MESH:D012883,Skin Ulcer
DB00957,Norgestimate,norgestimate,C017576,MESH:D000152,Acne Vulgaris
DB01082,Streptomycin,Streptomycin,D013307,MESH:D001259,Ataxia
DB01082,Streptomycin,Streptomycin,D013307,MESH:D003638,Deafness
DB01082,Streptomycin,Streptomycin,D013307,MESH:D004927,Escherichia coli Infections
DB01082,Streptomycin,Streptomycin,D013307,MESH:D034381,Hearing Loss
DB01082,Streptomycin,Streptomycin,D013307,MESH:D006349,Heart Valve Diseases
DB01082,Streptomycin,Streptomycin,D013307,MESH:D008581,Meningitis
DB01082,Streptomycin,Streptomycin,D013307,MESH:D011014,Pneumonia
DB01082,Streptomycin,Streptomycin,D013307,MESH:D014376,Tuberculosis
DB01082,Streptomycin,Streptomycin,D013307,MESH:D014552,Urinary Tract Infections
DB00540,Nortriptyline,Nortriptyline,D009661,MESH:D000690,Amyotrophic Lateral Sclerosis
DB00540,Nortriptyline,Nortriptyline,D009661,MESH:D001289,Attention Deficit Disorder with Hyperactivity
DB00540,Nortriptyline,Nortriptyline,D009661,MESH:D001714,Bipolar Disorder
DB00540,Nortriptyline,Nortriptyline,D009661,MESH:D002375,Catalepsy
DB00540,Nortriptyline,Nortriptyline,D009661,MESH:D003866,Depressive Disorder
DB00540,Nortriptyline,Nortriptyline,D009661,MESH:D006212,Hallucinations
DB00540,Nortriptyline,Nortriptyline,D009661,MESH:D006816,Huntington Disease
DB00540,Nortriptyline,Nortriptyline,D009661,MESH:D003865,Major Depressive Disorder
DB00540,Nortriptyline,Nortriptyline,D009661,MESH:D001523,Mental Disorders
DB00540,Nortriptyline,Nortriptyline,D009661,MESH:D019964,Mood Disorders
DB00540,Nortriptyline,Nortriptyline,D009661,MESH:D009771,Obsessive-Compulsive Disorder
DB00540,Nortriptyline,Nortriptyline,D009661,MESH:D016584,Panic Disorder
DB00540,Nortriptyline,Nortriptyline,D009661,MESH:D011618,Psychotic Disorders
DB00540,Nortriptyline,Nortriptyline,D009661,MESH:D012893,Sleep Wake Disorders
DB00540,Nortriptyline,Nortriptyline,D009661,MESH:D014029,Tobacco Use Disorder
DB01113,Papaverine,Papaverine,D010208,MESH:D007172,Erectile Dysfunction
DB01113,Papaverine,Papaverine,D010208,MESH:D010291,Paresis
DB01113,Papaverine,Papaverine,D010208,MESH:D010411,Penile Induration
DB01113,Papaverine,Papaverine,D010208,MESH:D013035,Spasm
DB00615,Rifabutin,Rifabutin,D017828,MESH:D000163,Acquired Immunodeficiency Syndrome
DB00738,Pentamidine,Pentamidine,D010419,MESH:D000163,Acquired Immunodeficiency Syndrome
DB00738,Pentamidine,Pentamidine,D010419,MESH:D017088,AIDS-Related Opportunistic Infections
DB00738,Pentamidine,Pentamidine,D010419,MESH:D004660,Encephalitis
DB00738,Pentamidine,Pentamidine,D010419,MESH:D015658,HIV Infections
DB00738,Pentamidine,Pentamidine,D010419,MESH:D007896,Leishmaniasis
DB00847,Cysteamine,Cysteamine,D003543,MESH:D000163,Acquired Immunodeficiency Syndrome
DB00847,Cysteamine,Cysteamine,D003543,MESH:D056486,Chemical and Drug Induced Liver Injury
DB00847,Cysteamine,Cysteamine,D003543,MESH:D003554,Cystinosis
DB00847,Cysteamine,Cysteamine,D003543,MESH:D009361,Neoplasm Invasiveness
DB00847,Cysteamine,Cysteamine,D003543,MESH:D009362,Neoplasm Metastasis
DB00847,Cysteamine,Cysteamine,D003543,MESH:D010146,Pain
DB00847,Cysteamine,Cysteamine,D003543,MESH:D010190,Pancreatic Neoplasms
DB00847,Cysteamine,Cysteamine,D003543,MESH:D013272,Stomach Diseases
DB06791,Lanreotide,lanreotide,C060347,MESH:D000172,Acromegaly
DB06791,Lanreotide,lanreotide,C060347,MESH:D008103,Liver Cirrhosis
DB00350,Minoxidil,Minoxidil,D008914,MESH:D000505,Alopecia
DB00350,Minoxidil,Minoxidil,D008914,MESH:D000506,Alopecia Areata
DB00350,Minoxidil,Minoxidil,D008914,MESH:D007172,Erectile Dysfunction
DB00350,Minoxidil,Minoxidil,D008914,MESH:D006333,Heart Failure
DB00350,Minoxidil,Minoxidil,D008914,MESH:D006973,Hypertension
DB00350,Minoxidil,Minoxidil,D008914,MESH:D007511,Ischemia
DB00350,Minoxidil,Minoxidil,D008914,MESH:D009336,Necrosis
DB00350,Minoxidil,Minoxidil,D008914,MESH:D051437,Renal Insufficiency
DB01065,Melatonin,Melatonin,D008550,MESH:D058186,Acute Kidney Injury
DB01065,Melatonin,Melatonin,D008550,MESH:D000230,Adenocarcinoma
DB01065,Melatonin,Melatonin,D008550,MESH:D000236,Adenoma
DB01065,Melatonin,Melatonin,D008550,MESH:D000402,Airway Obstruction
DB01065,Melatonin,Melatonin,D008550,MESH:D000544,Alzheimer Disease
DB01065,Melatonin,Melatonin,D008550,MESH:D000647,Amnesia
DB01065,Melatonin,Melatonin,D008550,MESH:D000690,Amyotrophic Lateral Sclerosis
DB01065,Melatonin,Melatonin,D008550,MESH:D000740,Anemia
DB01065,Melatonin,Melatonin,D008550,MESH:D001008,Anxiety Disorders
DB01065,Melatonin,Melatonin,D008550,MESH:D001018,Aortic Diseases
DB01065,Melatonin,Melatonin,D008550,MESH:D001237,Asphyxia
DB01065,Melatonin,Melatonin,D008550,MESH:D001289,Attention Deficit Disorder with Hyperactivity
DB01065,Melatonin,Melatonin,D008550,MESH:D001321,Autistic Disorder
DB01065,Melatonin,Melatonin,D008550,MESH:D001927,Brain Diseases
DB01065,Melatonin,Melatonin,D008550,MESH:D001929,Brain Edema
DB01065,Melatonin,Melatonin,D008550,MESH:D001930,Brain Injuries
DB01065,Melatonin,Melatonin,D008550,MESH:D002545,Brain Ischemia
DB01065,Melatonin,Melatonin,D008550,MESH:D006332,Cardiomegaly
DB01065,Melatonin,Melatonin,D008550,MESH:D009202,Cardiomyopathies
DB01065,Melatonin,Melatonin,D008550,MESH:D066126,Cardiotoxicity
DB01065,Melatonin,Melatonin,D008550,MESH:D002318,Cardiovascular Diseases
DB01065,Melatonin,Melatonin,D008550,MESH:D002375,Catalepsy
DB01065,Melatonin,Melatonin,D008550,MESH:D002386,Cataract
DB01065,Melatonin,Melatonin,D008550,MESH:D056486,Chemical and Drug Induced Liver Injury
DB01065,Melatonin,Melatonin,D008550,MESH:D018281,Cholangiocarcinoma
DB01065,Melatonin,Melatonin,D008550,MESH:D002779,Cholestasis
DB01065,Melatonin,Melatonin,D008550,MESH:D003072,Cognition Disorders
DB01065,Melatonin,Melatonin,D008550,MESH:D060825,Cognitive Dysfunction
DB01065,Melatonin,Melatonin,D008550,MESH:D003092,Colitis
DB01065,Melatonin,Melatonin,D008550,MESH:D003110,Colonic Neoplasms
DB01065,Melatonin,Melatonin,D008550,MESH:D003556,Cystitis
DB01065,Melatonin,Melatonin,D008550,MESH:D003930,Diabetic Retinopathy
DB01065,Melatonin,Melatonin,D008550,MESH:D004487,Edema
DB01065,Melatonin,Melatonin,D008550,MESH:D004646,Emphysema
DB01065,Melatonin,Melatonin,D008550,MESH:D004660,Encephalitis
DB01065,Melatonin,Melatonin,D008550,MESH:D004719,Endomyocardial Fibrosis
DB01065,Melatonin,Melatonin,D008550,MESH:D005234,Fatty Liver
DB01065,Melatonin,Melatonin,D008550,MESH:D005313,Fetal Death
DB01065,Melatonin,Melatonin,D008550,MESH:D005317,Fetal Growth Retardation
DB01065,Melatonin,Melatonin,D008550,MESH:D005355,Fibrosis
DB01065,Melatonin,Melatonin,D008550,MESH:D005497,Follicular Cyst
DB01065,Melatonin,Melatonin,D008550,MESH:D005767,Gastrointestinal Diseases
DB01065,Melatonin,Melatonin,D008550,MESH:D034381,Hearing Loss
DB01065,Melatonin,Melatonin,D008550,MESH:D006331,Heart Diseases
DB01065,Melatonin,Melatonin,D008550,MESH:D006402,Hematologic Diseases
DB01065,Melatonin,Melatonin,D008550,MESH:D006504,Hepatic Veno-Occlusive Disease
DB01065,Melatonin,Melatonin,D008550,MESH:D006505,Hepatitis
DB01065,Melatonin,Melatonin,D008550,MESH:D006930,Hyperalgesia
DB01065,Melatonin,Melatonin,D008550,MESH:D006932,Hyperbilirubinemia
DB01065,Melatonin,Melatonin,D008550,MESH:D006937,Hypercholesterolemia
DB01065,Melatonin,Melatonin,D008550,MESH:D006940,Hyperemia
DB01065,Melatonin,Melatonin,D008550,MESH:D020138,Hyperhomocysteinemia
DB01065,Melatonin,Melatonin,D008550,MESH:D006949,Hyperlipidemias
DB01065,Melatonin,Melatonin,D008550,MESH:D006973,Hypertension
DB01065,Melatonin,Melatonin,D008550,MESH:D015228,Hypertriglyceridemia
DB01065,Melatonin,Melatonin,D008550,MESH:D018476,Hypokinesia
DB01065,Melatonin,Melatonin,D008550,MESH:D007154,Immune System Diseases
DB01065,Melatonin,Melatonin,D008550,MESH:D007249,Inflammation
DB01065,Melatonin,Melatonin,D008550,MESH:D007333,Insulin Resistance
DB01065,Melatonin,Melatonin,D008550,MESH:D007674,Kidney Diseases
DB01065,Melatonin,Melatonin,D008550,MESH:D007859,Learning Disabilities
DB01065,Melatonin,Melatonin,D008550,MESH:D007970,Leukopenia
DB01065,Melatonin,Melatonin,D008550,MESH:D008103,Liver Cirrhosis
DB01065,Melatonin,Melatonin,D008550,MESH:D008107,Liver Diseases
DB01065,Melatonin,Melatonin,D008550,MESH:D017093,Liver Failure
DB01065,Melatonin,Melatonin,D008550,MESH:D055370,Lung Injury
DB01065,Melatonin,Melatonin,D008550,MESH:D008175,Lung Neoplasms
DB01065,Melatonin,Melatonin,D008550,MESH:D008269,Macular Edema
DB01065,Melatonin,Melatonin,D008550,MESH:D054220,Malformations of Cortical Development
DB01065,Melatonin,Melatonin,D008550,MESH:D008569,Memory Disorders
DB01065,Melatonin,Melatonin,D008550,MESH:D024821,Metabolic Syndrome
DB01065,Melatonin,Melatonin,D008550,MESH:D008881,Migraine Disorders
DB01065,Melatonin,Melatonin,D008550,MESH:D009069,Movement Disorders
DB01065,Melatonin,Melatonin,D008550,MESH:D009133,Muscular Atrophy
DB01065,Melatonin,Melatonin,D008550,MESH:D009203,Myocardial Infarction
DB01065,Melatonin,Melatonin,D008550,MESH:D017202,Myocardial Ischemia
DB01065,Melatonin,Melatonin,D008550,MESH:D009336,Necrosis
DB01065,Melatonin,Melatonin,D008550,MESH:D009362,Neoplasm Metastasis
DB01065,Melatonin,Melatonin,D008550,MESH:D009369,Neoplasms
DB01065,Melatonin,Melatonin,D008550,MESH:D009410,Nerve Degeneration
DB01065,Melatonin,Melatonin,D008550,MESH:D009422,Nervous System Diseases
DB01065,Melatonin,Melatonin,D008550,MESH:D019636,Neurodegenerative Diseases
DB01065,Melatonin,Melatonin,D008550,MESH:D020258,Neurotoxicity Syndromes
DB01065,Melatonin,Melatonin,D008550,MESH:D009845,Oligospermia
DB01065,Melatonin,Melatonin,D008550,MESH:D010024,Osteoporosis
DB01065,Melatonin,Melatonin,D008550,MESH:D010049,Ovarian Diseases
DB01065,Melatonin,Melatonin,D008550,MESH:D010195,Pancreatitis
DB01065,Melatonin,Melatonin,D008550,MESH:D020734,Parkinsonian Disorders
DB01065,Melatonin,Melatonin,D008550,MESH:D010523,Peripheral Nervous System Diseases
DB01065,Melatonin,Melatonin,D008550,MESH:D010538,Peritonitis
DB01065,Melatonin,Melatonin,D008550,MESH:D020795,Photophobia
DB01065,Melatonin,Melatonin,D008550,MESH:D011230,Precancerous Conditions
DB01065,Melatonin,Melatonin,D008550,MESH:D049188,Prenatal Injuries
DB01065,Melatonin,Melatonin,D008550,MESH:D015175,Prolactinoma
DB01065,Melatonin,Melatonin,D008550,MESH:D011471,Prostatic Neoplasms
DB01065,Melatonin,Melatonin,D008550,MESH:D011507,Proteinuria
DB01065,Melatonin,Melatonin,D008550,MESH:D011654,Pulmonary Edema
DB01065,Melatonin,Melatonin,D008550,MESH:D051437,Renal Insufficiency
DB01065,Melatonin,Melatonin,D008550,MESH:D012130,Respiratory Hypersensitivity
DB01065,Melatonin,Melatonin,D008550,MESH:D020426,Sciatic Neuropathy
DB01065,Melatonin,Melatonin,D008550,MESH:D012640,Seizures
DB01065,Melatonin,Melatonin,D008550,MESH:D018805,Sepsis
DB01065,Melatonin,Melatonin,D008550,MESH:D007319,Sleep Initiation and Maintenance Disorders
DB01065,Melatonin,Melatonin,D008550,MESH:D012893,Sleep Wake Disorders
DB01065,Melatonin,Melatonin,D008550,MESH:D013158,Splenic Diseases
DB01065,Melatonin,Melatonin,D008550,MESH:D013276,Stomach Ulcer
DB01065,Melatonin,Melatonin,D008550,MESH:D000072660,Teratozoospermia
DB01065,Melatonin,Melatonin,D008550,MESH:D013733,Testicular Diseases
DB01065,Melatonin,Melatonin,D008550,MESH:D013971,Thyrotoxicosis
DB01065,Melatonin,Melatonin,D008550,MESH:D014202,Tremor
DB01065,Melatonin,Melatonin,D008550,MESH:D001745,Urinary Bladder Diseases
DB01065,Melatonin,Melatonin,D008550,MESH:D018754,Ventricular Dysfunction
DB01065,Melatonin,Melatonin,D008550,MESH:D014777,Virus Diseases
DB01065,Melatonin,Melatonin,D008550,MESH:D015430,Weight Gain
DB01065,Melatonin,Melatonin,D008550,MESH:D015431,Weight Loss
DB01598,Imipenem,Imipenem,D015378,MESH:D011008,Pneumococcal Infections
DB00734,Risperidone,Risperidone,D018967,MESH:D019969,Amphetamine-Related Disorders
DB00734,Risperidone,Risperidone,D018967,MESH:D020817,Asperger Syndrome
DB00734,Risperidone,Risperidone,D018967,MESH:D019958,Attention Deficit and Disruptive Behavior Disorders
DB00734,Risperidone,Risperidone,D018967,MESH:D001289,Attention Deficit Disorder with Hyperactivity
DB00734,Risperidone,Risperidone,D018967,MESH:D001321,Autistic Disorder
DB00734,Risperidone,Risperidone,D018967,MESH:D001480,Basal Ganglia Diseases
DB00734,Risperidone,Risperidone,D018967,MESH:D001714,Bipolar Disorder
DB00734,Risperidone,Risperidone,D018967,MESH:D019970,Cocaine-Related Disorders
DB00734,Risperidone,Risperidone,D018967,MESH:D003072,Cognition Disorders
DB00734,Risperidone,Risperidone,D018967,MESH:D003704,Dementia
DB00734,Risperidone,Risperidone,D018967,MESH:D003866,Depressive Disorder
DB00734,Risperidone,Risperidone,D018967,MESH:D004314,Down Syndrome
DB00734,Risperidone,Risperidone,D018967,MESH:D057180,Frontotemporal Dementia
DB00734,Risperidone,Risperidone,D018967,MESH:D006212,Hallucinations
DB00734,Risperidone,Risperidone,D018967,MESH:D006948,Hyperkinesis
DB00734,Risperidone,Risperidone,D018967,MESH:D008607,Intellectual Disability
DB00734,Risperidone,Risperidone,D018967,MESH:D007859,Learning Disabilities
DB00734,Risperidone,Risperidone,D018967,MESH:D003865,Major Depressive Disorder
DB00734,Risperidone,Risperidone,D018967,MESH:D001523,Mental Disorders
DB00734,Risperidone,Risperidone,D018967,MESH:D019964,Mood Disorders
DB00734,Risperidone,Risperidone,D018967,MESH:D009069,Movement Disorders
DB00734,Risperidone,Risperidone,D018967,MESH:D009084,Mucopolysaccharidosis III
DB00734,Risperidone,Risperidone,D018967,MESH:D009422,Nervous System Diseases
DB00734,Risperidone,Risperidone,D018967,MESH:D009771,Obsessive-Compulsive Disorder
DB00734,Risperidone,Risperidone,D018967,MESH:D009293,Opioid-Related Disorders
DB00734,Risperidone,Risperidone,D018967,MESH:D016584,Panic Disorder
DB00734,Risperidone,Risperidone,D018967,MESH:D010259,Paranoid Disorders
DB00734,Risperidone,Risperidone,D018967,MESH:D010554,Personality Disorders
DB00734,Risperidone,Risperidone,D018967,MESH:D011218,Prader-Willi Syndrome
DB00734,Risperidone,Risperidone,D018967,MESH:D011595,Psychomotor Agitation
DB00734,Risperidone,Risperidone,D018967,MESH:D011618,Psychotic Disorders
DB00734,Risperidone,Risperidone,D018967,MESH:D012559,Schizophrenia
DB00734,Risperidone,Risperidone,D018967,MESH:D012893,Sleep Wake Disorders
DB00734,Risperidone,Risperidone,D018967,MESH:D058496,Smith-Magenis Syndrome
DB00734,Risperidone,Risperidone,D018967,MESH:D019956,Stereotypic Movement Disorder
DB00734,Risperidone,Risperidone,D018967,MESH:D013276,Stomach Ulcer
DB00734,Risperidone,Risperidone,D018967,MESH:D013375,Substance Withdrawal Syndrome
DB00734,Risperidone,Risperidone,D018967,MESH:D013981,Tic Disorders
DB00734,Risperidone,Risperidone,D018967,MESH:D005879,Tourette Syndrome
DB00734,Risperidone,Risperidone,D018967,MESH:D014202,Tremor
DB00734,Risperidone,Risperidone,D018967,MESH:D014839,Vomiting
DB00948,Mezlocillin,Mezlocillin,D008802,MESH:D062787,Drug Overdose
DB00948,Mezlocillin,Mezlocillin,D008802,MESH:D011014,Pneumonia
DB00948,Mezlocillin,Mezlocillin,D008802,MESH:D011552,Pseudomonas Infections
DB00948,Mezlocillin,Mezlocillin,D008802,MESH:D018805,Sepsis
DB00399,Zoledronic acid,Zoledronic Acid,D000077211,MESH:D020083,Acquired Hyperostosis Syndrome
DB00399,Zoledronic acid,Zoledronic Acid,D000077211,MESH:D001859,Bone Neoplasms
DB00399,Zoledronic acid,Zoledronic Acid,D000077211,MESH:D001862,Bone Resorption
DB00399,Zoledronic acid,Zoledronic Acid,D000077211,MESH:D001943,Breast Neoplasms
DB00399,Zoledronic acid,Zoledronic Acid,D000077211,MESH:D005264,Femoral Fractures
DB00399,Zoledronic acid,Zoledronic Acid,D000077211,MESH:D018212,Giant Cell Tumor of Bone
DB00399,Zoledronic acid,Zoledronic Acid,D000077211,MESH:D006930,Hyperalgesia
DB00399,Zoledronic acid,Zoledronic Acid,D000077211,MESH:D006934,Hypercalcemia
DB00399,Zoledronic acid,Zoledronic Acid,D000077211,MESH:D008654,Mesothelioma
DB00399,Zoledronic acid,Zoledronic Acid,D000077211,MESH:D009101,Multiple Myeloma
DB00399,Zoledronic acid,Zoledronic Acid,D000077211,MESH:D009362,Neoplasm Metastasis
DB00399,Zoledronic acid,Zoledronic Acid,D000077211,MESH:D010014,Osteolysis
DB00399,Zoledronic acid,Zoledronic Acid,D000077211,MESH:D010024,Osteoporosis
DB00399,Zoledronic acid,Zoledronic Acid,D000077211,MESH:D010146,Pain
DB00399,Zoledronic acid,Zoledronic Acid,D000077211,MESH:D011471,Prostatic Neoplasms
DB00399,Zoledronic acid,Zoledronic Acid,D000077211,MESH:D012008,Recurrence
DB00393,Nimodipine,Nimodipine,D009553,MESH:D000647,Amnesia
DB00393,Nimodipine,Nimodipine,D009553,MESH:D001008,Anxiety Disorders
DB00393,Nimodipine,Nimodipine,D009553,MESH:D001049,Apnea
DB00393,Nimodipine,Nimodipine,D009553,MESH:D001259,Ataxia
DB00393,Nimodipine,Nimodipine,D009553,MESH:D001714,Bipolar Disorder
DB00393,Nimodipine,Nimodipine,D009553,MESH:D001929,Brain Edema
DB00393,Nimodipine,Nimodipine,D009553,MESH:D020520,Brain Infarction
DB00393,Nimodipine,Nimodipine,D009553,MESH:D001930,Brain Injuries
DB00393,Nimodipine,Nimodipine,D009553,MESH:D002545,Brain Ischemia
DB00393,Nimodipine,Nimodipine,D009553,MESH:D002544,Cerebral Infarction
DB00393,Nimodipine,Nimodipine,D009553,MESH:D002561,Cerebrovascular Disorders
DB00393,Nimodipine,Nimodipine,D009553,MESH:D056486,Chemical and Drug Induced Liver Injury
DB00393,Nimodipine,Nimodipine,D009553,MESH:D003704,Dementia
DB00393,Nimodipine,Nimodipine,D009553,MESH:D005334,Fever
DB00393,Nimodipine,Nimodipine,D009553,MESH:D006261,Headache
DB00393,Nimodipine,Nimodipine,D009553,MESH:D006930,Hyperalgesia
DB00393,Nimodipine,Nimodipine,D009553,MESH:D006948,Hyperkinesis
DB00393,Nimodipine,Nimodipine,D009553,MESH:D006973,Hypertension
DB00393,Nimodipine,Nimodipine,D009553,MESH:D002532,Intracranial Aneurysm
DB00393,Nimodipine,Nimodipine,D009553,MESH:D007511,Ischemia
DB00393,Nimodipine,Nimodipine,D009553,MESH:D007674,Kidney Diseases
DB00393,Nimodipine,Nimodipine,D009553,MESH:D008103,Liver Cirrhosis
DB00393,Nimodipine,Nimodipine,D009553,MESH:D008881,Migraine Disorders
DB00393,Nimodipine,Nimodipine,D009553,MESH:D015877,Miosis
DB00393,Nimodipine,Nimodipine,D009553,MESH:D009336,Necrosis
DB00393,Nimodipine,Nimodipine,D009553,MESH:D019636,Neurodegenerative Diseases
DB00393,Nimodipine,Nimodipine,D009553,MESH:D020258,Neurotoxicity Syndromes
DB00393,Nimodipine,Nimodipine,D009553,MESH:D012640,Seizures
DB00393,Nimodipine,Nimodipine,D009553,MESH:D020521,Stroke
DB00393,Nimodipine,Nimodipine,D009553,MESH:D013345,Subarachnoid Hemorrhage
DB00393,Nimodipine,Nimodipine,D009553,MESH:D013375,Substance Withdrawal Syndrome
DB00393,Nimodipine,Nimodipine,D009553,MESH:D014012,Tinnitus
DB00393,Nimodipine,Nimodipine,D009553,MESH:D014652,Vascular Diseases
DB00816,Orciprenaline,Metaproterenol,D009921,MESH:D001249,Asthma
DB00816,Orciprenaline,Metaproterenol,D009921,MESH:D054537,Atrioventricular Block
DB00816,Orciprenaline,Metaproterenol,D009921,MESH:D001919,Bradycardia
DB00816,Orciprenaline,Metaproterenol,D009921,MESH:D004646,Emphysema
DB00831,Trifluoperazine,Trifluoperazine,D014268,MESH:D001008,Anxiety Disorders
DB00831,Trifluoperazine,Trifluoperazine,D014268,MESH:D001714,Bipolar Disorder
DB00831,Trifluoperazine,Trifluoperazine,D014268,MESH:D002819,Chorea
DB00831,Trifluoperazine,Trifluoperazine,D014268,MESH:D003866,Depressive Disorder
DB00831,Trifluoperazine,Trifluoperazine,D014268,MESH:D004421,Dystonia
DB00831,Trifluoperazine,Trifluoperazine,D014268,MESH:D003865,Major Depressive Disorder
DB00831,Trifluoperazine,Trifluoperazine,D014268,MESH:D009336,Necrosis
DB00831,Trifluoperazine,Trifluoperazine,D014268,MESH:D010259,Paranoid Disorders
DB00831,Trifluoperazine,Trifluoperazine,D014268,MESH:D011618,Psychotic Disorders
DB00831,Trifluoperazine,Trifluoperazine,D014268,MESH:D011644,Puerperal Disorders
DB00831,Trifluoperazine,Trifluoperazine,D014268,MESH:D012559,Schizophrenia
DB00831,Trifluoperazine,Trifluoperazine,D014268,MESH:D012640,Seizures
DB00831,Trifluoperazine,Trifluoperazine,D014268,MESH:D007319,Sleep Initiation and Maintenance Disorders
DB00687,Fludrocortisone,Fludrocortisone,D005438,MESH:D000224,Addison Disease
DB00687,Fludrocortisone,Fludrocortisone,D005438,MESH:D000506,Alopecia Areata
DB00687,Fludrocortisone,Fludrocortisone,D005438,MESH:D006947,Hyperkalemia
DB00687,Fludrocortisone,Fludrocortisone,D005438,MESH:D007010,Hyponatremia
DB00687,Fludrocortisone,Fludrocortisone,D005438,MESH:D007022,Hypotension
DB00687,Fludrocortisone,Fludrocortisone,D005438,MESH:D010300,Parkinson Disease
DB00687,Fludrocortisone,Fludrocortisone,D005438,MESH:D012791,Shy-Drager Syndrome
DB00655,Estrone,Estrone,D004970,MESH:D006943,Hyperglycemia
DB00655,Estrone,Estrone,D004970,MESH:D006946,Hyperinsulinism
DB00655,Estrone,Estrone,D004970,MESH:D010182,Pancreatic Diseases
DB00603,Medroxyprogesterone acetate,Medroxyprogesterone Acetate,D017258,MESH:D001859,Bone Neoplasms
DB00603,Medroxyprogesterone acetate,Medroxyprogesterone Acetate,D017258,MESH:D001943,Breast Neoplasms
DB00603,Medroxyprogesterone acetate,Medroxyprogesterone Acetate,D017258,MESH:D002277,Carcinoma
DB00603,Medroxyprogesterone acetate,Medroxyprogesterone Acetate,D017258,MESH:D002375,Catalepsy
DB00603,Medroxyprogesterone acetate,Medroxyprogesterone Acetate,D017258,MESH:D004714,Endometrial Hyperplasia
DB00603,Medroxyprogesterone acetate,Medroxyprogesterone Acetate,D017258,MESH:D016889,Endometrial Neoplasms
DB00603,Medroxyprogesterone acetate,Medroxyprogesterone Acetate,D017258,MESH:D018192,Lymphangioleiomyomatosis
DB00603,Medroxyprogesterone acetate,Medroxyprogesterone Acetate,D017258,MESH:D009362,Neoplasm Metastasis
DB00603,Medroxyprogesterone acetate,Medroxyprogesterone Acetate,D017258,MESH:D010051,Ovarian Neoplasms
DB00603,Medroxyprogesterone acetate,Medroxyprogesterone Acetate,D017258,MESH:D047928,Premature Birth
DB00603,Medroxyprogesterone acetate,Medroxyprogesterone Acetate,D017258,MESH:D011471,Prostatic Neoplasms
DB00603,Medroxyprogesterone acetate,Medroxyprogesterone Acetate,D017258,MESH:D012509,Sarcoma
DB00882,Clomifene,Clomiphene,D002996,MESH:D000858,Anovulation
DB00882,Clomifene,Clomiphene,D002996,MESH:D006529,Hepatomegaly
DB00882,Clomifene,Clomiphene,D002996,MESH:D006966,Hyperprolactinemia
DB00882,Clomifene,Clomiphene,D002996,MESH:D009839,Oligomenorrhea
DB00882,Clomifene,Clomiphene,D002996,MESH:D010911,Pituitary Neoplasms
DB00882,Clomifene,Clomiphene,D002996,MESH:D011085,Polycystic Ovary Syndrome
DB00882,Clomifene,Clomiphene,D002996,MESH:D012640,Seizures
DB01094,Hesperetin,hesperetin,C013015,MESH:D058186,Acute Kidney Injury
DB01094,Hesperetin,hesperetin,C013015,MESH:D055371,Acute Lung Injury
DB01094,Hesperetin,hesperetin,C013015,MESH:D000230,Adenocarcinoma
DB01094,Hesperetin,hesperetin,C013015,MESH:D056486,Chemical and Drug Induced Liver Injury
DB01094,Hesperetin,hesperetin,C013015,MESH:D003110,Colonic Neoplasms
DB01094,Hesperetin,hesperetin,C013015,MESH:D004487,Edema
DB01094,Hesperetin,hesperetin,C013015,MESH:D006470,Hemorrhage
DB01094,Hesperetin,hesperetin,C013015,MESH:D006930,Hyperalgesia
DB01094,Hesperetin,hesperetin,C013015,MESH:D007249,Inflammation
DB01094,Hesperetin,hesperetin,C013015,MESH:D009336,Necrosis
DB01094,Hesperetin,hesperetin,C013015,MESH:D009437,Neuralgia
DB01094,Hesperetin,hesperetin,C013015,MESH:D020734,Parkinsonian Disorders
DB01094,Hesperetin,hesperetin,C013015,MESH:D011654,Pulmonary Edema
DB01094,Hesperetin,hesperetin,C013015,MESH:D013733,Testicular Diseases
DB01094,Hesperetin,hesperetin,C013015,MESH:D015431,Weight Loss
DB00482,Celecoxib,Celecoxib,D000068579,MESH:D000230,Adenocarcinoma
DB00482,Celecoxib,Celecoxib,D000068579,MESH:D011125,Adenomatous Polyposis Coli
DB00482,Celecoxib,Celecoxib,D000068579,MESH:D000855,Anorexia
DB00482,Celecoxib,Celecoxib,D000068579,MESH:D001168,Arthritis
DB00482,Celecoxib,Celecoxib,D000068579,MESH:D001661,Biliary Tract Neoplasms
DB00482,Celecoxib,Celecoxib,D000068579,MESH:D001943,Breast Neoplasms
DB00482,Celecoxib,Celecoxib,D000068579,MESH:D002389,Catatonia
DB00482,Celecoxib,Celecoxib,D000068579,MESH:D003110,Colonic Neoplasms
DB00482,Celecoxib,Celecoxib,D000068579,MESH:D015179,Colorectal Neoplasms
DB00482,Celecoxib,Celecoxib,D000068579,MESH:D003866,Depressive Disorder
DB00482,Celecoxib,Celecoxib,D000068579,MESH:D004487,Edema
DB00482,Celecoxib,Celecoxib,D000068579,MESH:D004715,Endometriosis
DB00482,Celecoxib,Celecoxib,D000068579,MESH:D005355,Fibrosis
DB00482,Celecoxib,Celecoxib,D000068579,MESH:D006073,Gout
DB00482,Celecoxib,Celecoxib,D000068579,MESH:D006930,Hyperalgesia
DB00482,Celecoxib,Celecoxib,D000068579,MESH:D006965,Hyperplasia
DB00482,Celecoxib,Celecoxib,D000068579,MESH:D006973,Hypertension
DB00482,Celecoxib,Celecoxib,D000068579,MESH:D007249,Inflammation
DB00482,Celecoxib,Celecoxib,D000068579,MESH:D044483,Intestinal Polyposis
DB00482,Celecoxib,Celecoxib,D000068579,MESH:D007674,Kidney Diseases
DB00482,Celecoxib,Celecoxib,D000068579,MESH:D009101,Multiple Myeloma
DB00482,Celecoxib,Celecoxib,D000068579,MESH:D009361,Neoplasm Invasiveness
DB00482,Celecoxib,Celecoxib,D000068579,MESH:D009362,Neoplasm Metastasis
DB00482,Celecoxib,Celecoxib,D000068579,MESH:D009369,Neoplasms
DB00482,Celecoxib,Celecoxib,D000068579,MESH:D009447,Neuroblastoma
DB00482,Celecoxib,Celecoxib,D000068579,MESH:D010003,Osteoarthritis
DB00482,Celecoxib,Celecoxib,D000068579,MESH:D010014,Osteolysis
DB00482,Celecoxib,Celecoxib,D000068579,MESH:D010146,Pain
DB00482,Celecoxib,Celecoxib,D000068579,MESH:D010190,Pancreatic Neoplasms
DB00482,Celecoxib,Celecoxib,D000068579,MESH:D010149,Postoperative Pain
DB00482,Celecoxib,Celecoxib,D000068579,MESH:D011230,Precancerous Conditions
DB00482,Celecoxib,Celecoxib,D000068579,MESH:D011471,Prostatic Neoplasms
DB00482,Celecoxib,Celecoxib,D000068579,MESH:D011507,Proteinuria
DB00482,Celecoxib,Celecoxib,D000068579,MESH:D012640,Seizures
DB00482,Celecoxib,Celecoxib,D000068579,MESH:D013274,Stomach Neoplasms
DB00482,Celecoxib,Celecoxib,D000068579,MESH:D013610,Tachycardia
DB00482,Celecoxib,Celecoxib,D000068579,MESH:D002583,Uterine Cervical Neoplasms
DB00482,Celecoxib,Celecoxib,D000068579,MESH:D014594,Uterine Neoplasms
DB00482,Celecoxib,Celecoxib,D000068579,MESH:D015431,Weight Loss
DB01188,Ciclopirox,Ciclopirox,D000077768,MESH:D000230,Adenocarcinoma
DB01188,Ciclopirox,Ciclopirox,D000077768,MESH:D001943,Breast Neoplasms
DB01188,Ciclopirox,Ciclopirox,D000077768,MESH:D002177,Candidiasis
DB01188,Ciclopirox,Ciclopirox,D000077768,MESH:D003110,Colonic Neoplasms
DB01188,Ciclopirox,Ciclopirox,D000077768,MESH:D012208,Rhabdomyosarcoma
DB01420,Testosterone propionate,Testosterone Propionate,D043343,MESH:D053627,Asthenozoospermia
DB01420,Testosterone propionate,Testosterone Propionate,D043343,MESH:D003456,Cryptorchidism
DB01420,Testosterone propionate,Testosterone Propionate,D043343,MESH:D007172,Erectile Dysfunction
DB01420,Testosterone propionate,Testosterone Propionate,D043343,MESH:D019964,Mood Disorders
DB01420,Testosterone propionate,Testosterone Propionate,D043343,MESH:D009845,Oligospermia
DB01420,Testosterone propionate,Testosterone Propionate,D043343,MESH:D011469,Prostatic Diseases
DB01420,Testosterone propionate,Testosterone Propionate,D043343,MESH:D011471,Prostatic Neoplasms
DB01420,Testosterone propionate,Testosterone Propionate,D043343,MESH:D000072660,Teratozoospermia
DB01420,Testosterone propionate,Testosterone Propionate,D043343,MESH:D013733,Testicular Diseases
DB01420,Testosterone propionate,Testosterone Propionate,D043343,MESH:D015431,Weight Loss
DB00328,Indomethacin,Indomethacin,D007213,MESH:D015746,Abdominal Pain
DB00328,Indomethacin,Indomethacin,D007213,MESH:D000230,Adenocarcinoma
DB00328,Indomethacin,Indomethacin,D007213,MESH:D000236,Adenoma
DB00328,Indomethacin,Indomethacin,D007213,MESH:D016301,Alveolar Bone Loss
DB00328,Indomethacin,Indomethacin,D007213,MESH:D000544,Alzheimer Disease
DB00328,Indomethacin,Indomethacin,D007213,MESH:D000783,Aneurysm
DB00328,Indomethacin,Indomethacin,D007213,MESH:D000855,Anorexia
DB00328,Indomethacin,Indomethacin,D007213,MESH:D001014,Aortic Aneurysm
DB00328,Indomethacin,Indomethacin,D007213,MESH:D018771,Arthralgia
DB00328,Indomethacin,Indomethacin,D007213,MESH:D001168,Arthritis
DB00328,Indomethacin,Indomethacin,D007213,MESH:D001477,Bartter Syndrome
DB00328,Indomethacin,Indomethacin,D007213,MESH:D001768,Blister
DB00328,Indomethacin,Indomethacin,D007213,MESH:D001919,Bradycardia
DB00328,Indomethacin,Indomethacin,D007213,MESH:D001929,Brain Edema
DB00328,Indomethacin,Indomethacin,D007213,MESH:D001930,Brain Injuries
DB00328,Indomethacin,Indomethacin,D007213,MESH:D002545,Brain Ischemia
DB00328,Indomethacin,Indomethacin,D007213,MESH:D001932,Brain Neoplasms
DB00328,Indomethacin,Indomethacin,D007213,MESH:D001943,Breast Neoplasms
DB00328,Indomethacin,Indomethacin,D007213,MESH:D002056,Burns
DB00328,Indomethacin,Indomethacin,D007213,MESH:D002100,Cachexia
DB00328,Indomethacin,Indomethacin,D007213,MESH:D002375,Catalepsy
DB00328,Indomethacin,Indomethacin,D007213,MESH:D002543,Cerebral Hemorrhage
DB00328,Indomethacin,Indomethacin,D007213,MESH:D056486,Chemical and Drug Induced Liver Injury
DB00328,Indomethacin,Indomethacin,D007213,MESH:D002805,Chondrocalcinosis
DB00328,Indomethacin,Indomethacin,D007213,MESH:D003092,Colitis
DB00328,Indomethacin,Indomethacin,D007213,MESH:D003110,Colonic Neoplasms
DB00328,Indomethacin,Indomethacin,D007213,MESH:D015179,Colorectal Neoplasms
DB00328,Indomethacin,Indomethacin,D007213,MESH:D003128,Coma
DB00328,Indomethacin,Indomethacin,D007213,MESH:D018352,Coronavirus Infections
DB00328,Indomethacin,Indomethacin,D007213,MESH:D003556,Cystitis
DB00328,Indomethacin,Indomethacin,D007213,MESH:D003872,Dermatitis
DB00328,Indomethacin,Indomethacin,D007213,MESH:D003967,Diarrhea
DB00328,Indomethacin,Indomethacin,D007213,MESH:D003875,Drug Eruptions
DB00328,Indomethacin,Indomethacin,D007213,MESH:D004412,Dysmenorrhea
DB00328,Indomethacin,Indomethacin,D007213,MESH:D004487,Edema
DB00328,Indomethacin,Indomethacin,D007213,MESH:D004715,Endometriosis
DB00328,Indomethacin,Indomethacin,D007213,MESH:D019446,Endotoxemia
DB00328,Indomethacin,Indomethacin,D007213,MESH:D004802,Eosinophilia
DB00328,Indomethacin,Indomethacin,D007213,MESH:D004938,Esophageal Neoplasms
DB00328,Indomethacin,Indomethacin,D007213,MESH:D005119,Extravasation of Diagnostic and Therapeutic Materials
DB00328,Indomethacin,Indomethacin,D007213,MESH:D005198,Fanconi Syndrome
DB00328,Indomethacin,Indomethacin,D007213,MESH:D005334,Fever
DB00328,Indomethacin,Indomethacin,D007213,MESH:D005354,Fibrosarcoma
DB00328,Indomethacin,Indomethacin,D007213,MESH:D005909,Glioblastoma
DB00328,Indomethacin,Indomethacin,D007213,MESH:D005910,Glioma
DB00328,Indomethacin,Indomethacin,D007213,MESH:D005921,Glomerulonephritis
DB00328,Indomethacin,Indomethacin,D007213,MESH:D006042,Goiter
DB00328,Indomethacin,Indomethacin,D007213,MESH:D006073,Gout
DB00328,Indomethacin,Indomethacin,D007213,MESH:D006261,Headache
DB00328,Indomethacin,Indomethacin,D007213,MESH:D006258,Head and Neck Neoplasms
DB00328,Indomethacin,Indomethacin,D007213,MESH:D006470,Hemorrhage
DB00328,Indomethacin,Indomethacin,D007213,MESH:D006509,Hepatitis B
DB00328,Indomethacin,Indomethacin,D007213,MESH:D006930,Hyperalgesia
DB00328,Indomethacin,Indomethacin,D007213,MESH:D006934,Hypercalcemia
DB00328,Indomethacin,Indomethacin,D007213,MESH:D006940,Hyperemia
DB00328,Indomethacin,Indomethacin,D007213,MESH:D006941,Hyperesthesia
DB00328,Indomethacin,Indomethacin,D007213,MESH:D006949,Hyperlipidemias
DB00328,Indomethacin,Indomethacin,D007213,MESH:D006955,Hypernatremia
DB00328,Indomethacin,Indomethacin,D007213,MESH:D006965,Hyperplasia
DB00328,Indomethacin,Indomethacin,D007213,MESH:D006973,Hypertension
DB00328,Indomethacin,Indomethacin,D007213,MESH:D007022,Hypotension
DB00328,Indomethacin,Indomethacin,D007213,MESH:D007249,Inflammation
DB00328,Indomethacin,Indomethacin,D007213,MESH:D007417,Intestinal Polyps
DB00328,Indomethacin,Indomethacin,D007213,MESH:D019586,Intracranial Hypertension
DB00328,Indomethacin,Indomethacin,D007213,MESH:D007964,Leukocytosis
DB00328,Indomethacin,Indomethacin,D007213,MESH:D008175,Lung Neoplasms
DB00328,Indomethacin,Indomethacin,D007213,MESH:D008881,Migraine Disorders
DB00328,Indomethacin,Indomethacin,D007213,MESH:D009062,Mouth Neoplasms
DB00328,Indomethacin,Indomethacin,D007213,MESH:D009336,Necrosis
DB00328,Indomethacin,Indomethacin,D007213,MESH:D009362,Neoplasm Metastasis
DB00328,Indomethacin,Indomethacin,D007213,MESH:D009404,Nephrotic Syndrome
DB00328,Indomethacin,Indomethacin,D007213,MESH:D019636,Neurodegenerative Diseases
DB00328,Indomethacin,Indomethacin,D007213,MESH:D010003,Osteoarthritis
DB00328,Indomethacin,Indomethacin,D007213,MESH:D016471,Ovarian Hyperstimulation Syndrome
DB00328,Indomethacin,Indomethacin,D007213,MESH:D010146,Pain
DB00328,Indomethacin,Indomethacin,D007213,MESH:D010195,Pancreatitis
DB00328,Indomethacin,Indomethacin,D007213,MESH:D010257,Paraneoplastic Syndromes
DB00328,Indomethacin,Indomethacin,D007213,MESH:D020734,Parkinsonian Disorders
DB00328,Indomethacin,Indomethacin,D007213,MESH:D010518,Periodontitis
DB00328,Indomethacin,Indomethacin,D007213,MESH:D011014,Pneumonia
DB00328,Indomethacin,Indomethacin,D007213,MESH:D006831,Polyhydramnios
DB00328,Indomethacin,Indomethacin,D007213,MESH:D011141,Polyuria
DB00328,Indomethacin,Indomethacin,D007213,MESH:D010149,Postoperative Pain
DB00328,Indomethacin,Indomethacin,D007213,MESH:D047928,Premature Birth
DB00328,Indomethacin,Indomethacin,D007213,MESH:D011507,Proteinuria
DB00328,Indomethacin,Indomethacin,D007213,MESH:D011546,Pseudohypoaldosteronism
DB00328,Indomethacin,Indomethacin,D007213,MESH:D011654,Pulmonary Edema
DB00328,Indomethacin,Indomethacin,D007213,MESH:D011704,Pyelonephritis
DB00328,Indomethacin,Indomethacin,D007213,MESH:D011928,Raynaud Disease
DB00328,Indomethacin,Indomethacin,D007213,MESH:D012640,Seizures
DB00328,Indomethacin,Indomethacin,D007213,MESH:D013119,Spinal Cord Injuries
DB00328,Indomethacin,Indomethacin,D007213,MESH:D013274,Stomach Neoplasms
DB00328,Indomethacin,Indomethacin,D007213,MESH:D000072660,Teratozoospermia
DB00328,Indomethacin,Indomethacin,D007213,MESH:D013964,Thyroid Neoplasms
DB00328,Indomethacin,Indomethacin,D007213,MESH:D014514,Ureteral Calculi
DB00328,Indomethacin,Indomethacin,D007213,MESH:D001745,Urinary Bladder Diseases
DB00328,Indomethacin,Indomethacin,D007213,MESH:D001749,Urinary Bladder Neoplasms
DB00328,Indomethacin,Indomethacin,D007213,MESH:D014839,Vomiting
DB00328,Indomethacin,Indomethacin,D007213,MESH:D015431,Weight Loss
DB01100,Pimozide,Pimozide,D010868,MESH:D001764,Blepharospasm
DB01100,Pimozide,Pimozide,D010868,MESH:D001919,Bradycardia
DB01100,Pimozide,Pimozide,D010868,MESH:D004421,Dystonia
DB01100,Pimozide,Pimozide,D010868,MESH:D006948,Hyperkinesis
DB01100,Pimozide,Pimozide,D010868,MESH:D008545,Melanoma
DB01100,Pimozide,Pimozide,D010868,MESH:D001523,Mental Disorders
DB01100,Pimozide,Pimozide,D010868,MESH:D009069,Movement Disorders
DB01100,Pimozide,Pimozide,D010868,MESH:D010259,Paranoid Disorders
DB01100,Pimozide,Pimozide,D010868,MESH:D010554,Personality Disorders
DB01100,Pimozide,Pimozide,D010868,MESH:D011618,Psychotic Disorders
DB01100,Pimozide,Pimozide,D010868,MESH:D012559,Schizophrenia
DB01100,Pimozide,Pimozide,D010868,MESH:D012640,Seizures
DB01100,Pimozide,Pimozide,D010868,MESH:D005879,Tourette Syndrome
DB01151,Desipramine,Desipramine,D003891,MESH:D000230,Adenocarcinoma
DB01151,Desipramine,Desipramine,D003891,MESH:D000855,Anorexia
DB01151,Desipramine,Desipramine,D003891,MESH:D001008,Anxiety Disorders
DB01151,Desipramine,Desipramine,D003891,MESH:D001289,Attention Deficit Disorder with Hyperactivity
DB01151,Desipramine,Desipramine,D003891,MESH:D001480,Basal Ganglia Diseases
DB01151,Desipramine,Desipramine,D003891,MESH:D001714,Bipolar Disorder
DB01151,Desipramine,Desipramine,D003891,MESH:D001763,Blepharoptosis
DB01151,Desipramine,Desipramine,D003891,MESH:D002375,Catalepsy
DB01151,Desipramine,Desipramine,D003891,MESH:D019970,Cocaine-Related Disorders
DB01151,Desipramine,Desipramine,D003891,MESH:D003110,Colonic Neoplasms
DB01151,Desipramine,Desipramine,D003891,MESH:D003866,Depressive Disorder
DB01151,Desipramine,Desipramine,D003891,MESH:D020820,Dyskinesias
DB01151,Desipramine,Desipramine,D003891,MESH:D018476,Hypokinesia
DB01151,Desipramine,Desipramine,D003891,MESH:D007022,Hypotension
DB01151,Desipramine,Desipramine,D003891,MESH:D007035,Hypothermia
DB01151,Desipramine,Desipramine,D003891,MESH:D003865,Major Depressive Disorder
DB01151,Desipramine,Desipramine,D003891,MESH:D001523,Mental Disorders
DB01151,Desipramine,Desipramine,D003891,MESH:D009122,Muscle Hypertonia
DB01151,Desipramine,Desipramine,D003891,MESH:D009410,Nerve Degeneration
DB01151,Desipramine,Desipramine,D003891,MESH:D009437,Neuralgia
DB01151,Desipramine,Desipramine,D003891,MESH:D009293,Opioid-Related Disorders
DB01151,Desipramine,Desipramine,D003891,MESH:D016584,Panic Disorder
DB01151,Desipramine,Desipramine,D003891,MESH:D010300,Parkinson Disease
DB01151,Desipramine,Desipramine,D003891,MESH:D010554,Personality Disorders
DB01151,Desipramine,Desipramine,D003891,MESH:D011014,Pneumonia
DB01151,Desipramine,Desipramine,D003891,MESH:D012640,Seizures
DB01151,Desipramine,Desipramine,D003891,MESH:D012893,Sleep Wake Disorders
DB01151,Desipramine,Desipramine,D003891,MESH:D013375,Substance Withdrawal Syndrome
DB01151,Desipramine,Desipramine,D003891,MESH:D013610,Tachycardia
DB00499,Flutamide,Flutamide,D005485,MESH:D000230,Adenocarcinoma
DB00499,Flutamide,Flutamide,D005485,MESH:D002277,Carcinoma
DB00499,Flutamide,Flutamide,D005485,MESH:D004487,Edema
DB00499,Flutamide,Flutamide,D005485,MESH:D006177,Gynecomastia
DB00499,Flutamide,Flutamide,D005485,MESH:D006201,Hair Diseases
DB00499,Flutamide,Flutamide,D005485,MESH:D006628,Hirsutism
DB00499,Flutamide,Flutamide,D005485,MESH:D017588,Hyperandrogenism
DB00499,Flutamide,Flutamide,D005485,MESH:D009422,Nervous System Diseases
DB00499,Flutamide,Flutamide,D005485,MESH:D011085,Polycystic Ovary Syndrome
DB00499,Flutamide,Flutamide,D005485,MESH:D011470,Prostatic Hyperplasia
DB00499,Flutamide,Flutamide,D005485,MESH:D011471,Prostatic Neoplasms
DB00499,Flutamide,Flutamide,D005485,MESH:D015427,Reperfusion Injury
DB00499,Flutamide,Flutamide,D005485,MESH:D012640,Seizures
DB00499,Flutamide,Flutamide,D005485,MESH:D001749,Urinary Bladder Neoplasms
DB01101,Capecitabine,Capecitabine,D000069287,MESH:D000230,Adenocarcinoma
DB01101,Capecitabine,Capecitabine,D000069287,MESH:D001661,Biliary Tract Neoplasms
DB01101,Capecitabine,Capecitabine,D000069287,MESH:D001943,Breast Neoplasms
DB01101,Capecitabine,Capecitabine,D000069287,MESH:D002277,Carcinoma
DB01101,Capecitabine,Capecitabine,D000069287,MESH:D003110,Colonic Neoplasms
DB01101,Capecitabine,Capecitabine,D000069287,MESH:D015179,Colorectal Neoplasms
DB01101,Capecitabine,Capecitabine,D000069287,MESH:D004938,Esophageal Neoplasms
DB01101,Capecitabine,Capecitabine,D000069287,MESH:D005770,Gastrointestinal Neoplasms
DB01101,Capecitabine,Capecitabine,D000069287,MESH:D006258,Head and Neck Neoplasms
DB01101,Capecitabine,Capecitabine,D000069287,MESH:D009361,Neoplasm Invasiveness
DB01101,Capecitabine,Capecitabine,D000069287,MESH:D009362,Neoplasm Metastasis
DB01101,Capecitabine,Capecitabine,D000069287,MESH:D009369,Neoplasms
DB01101,Capecitabine,Capecitabine,D000069287,MESH:D010190,Pancreatic Neoplasms
DB01101,Capecitabine,Capecitabine,D000069287,MESH:D011471,Prostatic Neoplasms
DB01101,Capecitabine,Capecitabine,D000069287,MESH:D012004,Rectal Neoplasms
DB01101,Capecitabine,Capecitabine,D000069287,MESH:D013274,Stomach Neoplasms
DB00007,Leuprolide,Leuprolide,D016729,MESH:D000230,Adenocarcinoma
DB00007,Leuprolide,Leuprolide,D016729,MESH:D004715,Endometriosis
DB00007,Leuprolide,Leuprolide,D016729,MESH:D007249,Inflammation
DB00007,Leuprolide,Leuprolide,D016729,MESH:D007889,Leiomyoma
DB00007,Leuprolide,Leuprolide,D016729,MESH:D009361,Neoplasm Invasiveness
DB00007,Leuprolide,Leuprolide,D016729,MESH:D011471,Prostatic Neoplasms
DB00262,Carmustine,Carmustine,D002330,MESH:D000230,Adenocarcinoma
DB00262,Carmustine,Carmustine,D002330,MESH:D001254,Astrocytoma
DB00262,Carmustine,Carmustine,D002330,MESH:D001932,Brain Neoplasms
DB00262,Carmustine,Carmustine,D002330,MESH:D001943,Breast Neoplasms
DB00262,Carmustine,Carmustine,D002330,MESH:D016543,Central Nervous System Neoplasms
DB00262,Carmustine,Carmustine,D002330,MESH:D018281,Cholangiocarcinoma
DB00262,Carmustine,Carmustine,D002330,MESH:D003110,Colonic Neoplasms
DB00262,Carmustine,Carmustine,D002330,MESH:D015179,Colorectal Neoplasms
DB00262,Carmustine,Carmustine,D002330,MESH:D004806,Ependymoma
DB00262,Carmustine,Carmustine,D002330,MESH:D005909,Glioblastoma
DB00262,Carmustine,Carmustine,D002330,MESH:D005910,Glioma
DB00262,Carmustine,Carmustine,D002330,MESH:D018316,Gliosarcoma
DB00262,Carmustine,Carmustine,D002330,MESH:D006689,Hodgkin Disease
DB00262,Carmustine,Carmustine,D002330,MESH:D007938,Leukemia
DB00262,Carmustine,Carmustine,D002330,MESH:D008175,Lung Neoplasms
DB00262,Carmustine,Carmustine,D002330,MESH:D008223,Lymphoma
DB00262,Carmustine,Carmustine,D002330,MESH:D008527,Medulloblastoma
DB00262,Carmustine,Carmustine,D002330,MESH:D008545,Melanoma
DB00262,Carmustine,Carmustine,D002330,MESH:D009062,Mouth Neoplasms
DB00262,Carmustine,Carmustine,D002330,MESH:D009101,Multiple Myeloma
DB00262,Carmustine,Carmustine,D002330,MESH:D009182,Mycosis Fungoides
DB00262,Carmustine,Carmustine,D002330,MESH:D009362,Neoplasm Metastasis
DB00262,Carmustine,Carmustine,D002330,MESH:D009369,Neoplasms
DB00262,Carmustine,Carmustine,D002330,MESH:D009442,Neurilemmoma
DB00262,Carmustine,Carmustine,D002330,MESH:D009837,Oligodendroglioma
DB00262,Carmustine,Carmustine,D002330,MESH:D010190,Pancreatic Neoplasms
DB00262,Carmustine,Carmustine,D002330,MESH:D054198,Precursor Cell Lymphoblastic Leukemia-Lymphoma
DB00262,Carmustine,Carmustine,D002330,MESH:D012878,Skin Neoplasms
DB00262,Carmustine,Carmustine,D002330,MESH:D014786,Vision Disorders
DB00293,Raltitrexed,raltitrexed,C068874,MESH:D000230,Adenocarcinoma
DB00293,Raltitrexed,raltitrexed,C068874,MESH:D015179,Colorectal Neoplasms
DB00293,Raltitrexed,raltitrexed,C068874,MESH:D008654,Mesothelioma
DB00293,Raltitrexed,raltitrexed,C068874,MESH:D009369,Neoplasms
DB00293,Raltitrexed,raltitrexed,C068874,MESH:D010190,Pancreatic Neoplasms
DB00441,Gemcitabine,Gemcitabine,D000093542,MESH:D000230,Adenocarcinoma
DB00441,Gemcitabine,Gemcitabine,D000093542,MESH:D001661,Biliary Tract Neoplasms
DB00441,Gemcitabine,Gemcitabine,D000093542,MESH:D001943,Breast Neoplasms
DB00441,Gemcitabine,Gemcitabine,D000093542,MESH:D002277,Carcinoma
DB00441,Gemcitabine,Gemcitabine,D000093542,MESH:D056486,Chemical and Drug Induced Liver Injury
DB00441,Gemcitabine,Gemcitabine,D000093542,MESH:D015179,Colorectal Neoplasms
DB00441,Gemcitabine,Gemcitabine,D000093542,MESH:D006529,Hepatomegaly
DB00441,Gemcitabine,Gemcitabine,D000093542,MESH:D006689,Hodgkin Disease
DB00441,Gemcitabine,Gemcitabine,D000093542,MESH:D000860,Hypoxia
DB00441,Gemcitabine,Gemcitabine,D000093542,MESH:D008113,Liver Neoplasms
DB00441,Gemcitabine,Gemcitabine,D000093542,MESH:D008175,Lung Neoplasms
DB00441,Gemcitabine,Gemcitabine,D000093542,MESH:D008654,Mesothelioma
DB00441,Gemcitabine,Gemcitabine,D000093542,MESH:D009101,Multiple Myeloma
DB00441,Gemcitabine,Gemcitabine,D000093542,MESH:D009362,Neoplasm Metastasis
DB00441,Gemcitabine,Gemcitabine,D000093542,MESH:D009369,Neoplasms
DB00441,Gemcitabine,Gemcitabine,D000093542,MESH:D010051,Ovarian Neoplasms
DB00441,Gemcitabine,Gemcitabine,D000093542,MESH:D010190,Pancreatic Neoplasms
DB00441,Gemcitabine,Gemcitabine,D000093542,MESH:D011471,Prostatic Neoplasms
DB00441,Gemcitabine,Gemcitabine,D000093542,MESH:D055752,Small Cell Lung Carcinoma
DB00441,Gemcitabine,Gemcitabine,D000093542,MESH:D064726,Triple Negative Breast Neoplasms
DB00441,Gemcitabine,Gemcitabine,D000093542,MESH:D001749,Urinary Bladder Neoplasms
DB00441,Gemcitabine,Gemcitabine,D000093542,MESH:D002583,Uterine Cervical Neoplasms
DB00762,Irinotecan,Irinotecan,D000077146,MESH:D000230,Adenocarcinoma
DB00762,Irinotecan,Irinotecan,D000077146,MESH:D003110,Colonic Neoplasms
DB00762,Irinotecan,Irinotecan,D000077146,MESH:D015179,Colorectal Neoplasms
DB00762,Irinotecan,Irinotecan,D000077146,MESH:D005770,Gastrointestinal Neoplasms
DB00762,Irinotecan,Irinotecan,D000077146,MESH:D005909,Glioblastoma
DB00762,Irinotecan,Irinotecan,D000077146,MESH:D005910,Glioma
DB00762,Irinotecan,Irinotecan,D000077146,MESH:D009362,Neoplasm Metastasis
DB00762,Irinotecan,Irinotecan,D000077146,MESH:D009369,Neoplasms
DB00762,Irinotecan,Irinotecan,D000077146,MESH:D009447,Neuroblastoma
DB00762,Irinotecan,Irinotecan,D000077146,MESH:D017599,Neuroectodermal Tumors
DB00762,Irinotecan,Irinotecan,D000077146,MESH:D009837,Oligodendroglioma
DB00762,Irinotecan,Irinotecan,D000077146,MESH:D012516,Osteosarcoma
DB00762,Irinotecan,Irinotecan,D000077146,MESH:D010051,Ovarian Neoplasms
DB00762,Irinotecan,Irinotecan,D000077146,MESH:D010190,Pancreatic Neoplasms
DB00762,Irinotecan,Irinotecan,D000077146,MESH:D012208,Rhabdomyosarcoma
DB00762,Irinotecan,Irinotecan,D000077146,MESH:D055752,Small Cell Lung Carcinoma
DB00762,Irinotecan,Irinotecan,D000077146,MESH:D013274,Stomach Neoplasms
DB00257,Clotrimazole,Clotrimazole,D003022,MESH:D000230,Adenocarcinoma
DB00257,Clotrimazole,Clotrimazole,D003022,MESH:D001228,Aspergillosis
DB00257,Clotrimazole,Clotrimazole,D003022,MESH:D001932,Brain Neoplasms
DB00257,Clotrimazole,Clotrimazole,D003022,MESH:D002177,Candidiasis
DB00257,Clotrimazole,Clotrimazole,D003022,MESH:D003110,Colonic Neoplasms
DB00257,Clotrimazole,Clotrimazole,D003022,MESH:D008175,Lung Neoplasms
DB00257,Clotrimazole,Clotrimazole,D003022,MESH:D009362,Neoplasm Metastasis
DB00183,Pentagastrin,Pentagastrin,D010418,MESH:D005767,Gastrointestinal Diseases
DB00276,Amsacrine,Amsacrine,D000677,MESH:D001943,Breast Neoplasms
DB00276,Amsacrine,Amsacrine,D000677,MESH:D006561,Herpes Simplex
DB00276,Amsacrine,Amsacrine,D000677,MESH:D007938,Leukemia
DB00276,Amsacrine,Amsacrine,D000677,MESH:D054198,Precursor Cell Lymphoblastic Leukemia-Lymphoma
DB01030,Topotecan,Topotecan,D019772,MESH:D000230,Adenocarcinoma
DB01030,Topotecan,Topotecan,D019772,MESH:D001201,Ascites
DB01030,Topotecan,Topotecan,D019772,MESH:D003110,Colonic Neoplasms
DB01030,Topotecan,Topotecan,D019772,MESH:D005909,Glioblastoma
DB01030,Topotecan,Topotecan,D019772,MESH:D007938,Leukemia
DB01030,Topotecan,Topotecan,D019772,MESH:D008545,Melanoma
DB01030,Topotecan,Topotecan,D019772,MESH:D009101,Multiple Myeloma
DB01030,Topotecan,Topotecan,D019772,MESH:D009190,Myelodysplastic Syndromes
DB01030,Topotecan,Topotecan,D019772,MESH:D009369,Neoplasms
DB01030,Topotecan,Topotecan,D019772,MESH:D009447,Neuroblastoma
DB01030,Topotecan,Topotecan,D019772,MESH:D010051,Ovarian Neoplasms
DB01030,Topotecan,Topotecan,D019772,MESH:D055752,Small Cell Lung Carcinoma
DB00269,Chlorotrianisene,Chlorotrianisene,D002741,MESH:D000230,Adenocarcinoma
DB00269,Chlorotrianisene,Chlorotrianisene,D002741,MESH:D011471,Prostatic Neoplasms
DB00357,Aminoglutethimide,Aminoglutethimide,D000616,MESH:D000230,Adenocarcinoma
DB00357,Aminoglutethimide,Aminoglutethimide,D000616,MESH:D018268,Adrenocortical Carcinoma
DB00357,Aminoglutethimide,Aminoglutethimide,D000616,MESH:D001943,Breast Neoplasms
DB00357,Aminoglutethimide,Aminoglutethimide,D000616,MESH:D002277,Carcinoma
DB00357,Aminoglutethimide,Aminoglutethimide,D000616,MESH:D016889,Endometrial Neoplasms
DB00357,Aminoglutethimide,Aminoglutethimide,D000616,MESH:D006973,Hypertension
DB00357,Aminoglutethimide,Aminoglutethimide,D000616,MESH:D009362,Neoplasm Metastasis
DB00357,Aminoglutethimide,Aminoglutethimide,D000616,MESH:D010146,Pain
DB00357,Aminoglutethimide,Aminoglutethimide,D000616,MESH:D011471,Prostatic Neoplasms
DB00712,Flurbiprofen,Flurbiprofen,D005480,MESH:D000236,Adenoma
DB00712,Flurbiprofen,Flurbiprofen,D005480,MESH:D011125,Adenomatous Polyposis Coli
DB00712,Flurbiprofen,Flurbiprofen,D005480,MESH:D005334,Fever
DB00712,Flurbiprofen,Flurbiprofen,D005480,MESH:D053565,Hypercalciuria
DB00712,Flurbiprofen,Flurbiprofen,D005480,MESH:D007249,Inflammation
DB00712,Flurbiprofen,Flurbiprofen,D005480,MESH:D007414,Intestinal Neoplasms
DB00712,Flurbiprofen,Flurbiprofen,D005480,MESH:D015877,Miosis
DB00712,Flurbiprofen,Flurbiprofen,D005480,MESH:D010146,Pain
DB00712,Flurbiprofen,Flurbiprofen,D005480,MESH:D010149,Postoperative Pain
DB00712,Flurbiprofen,Flurbiprofen,D005480,MESH:D011471,Prostatic Neoplasms
DB00712,Flurbiprofen,Flurbiprofen,D005480,MESH:D013923,Thromboembolism
DB00712,Flurbiprofen,Flurbiprofen,D005480,MESH:D014591,Uterine Diseases
DB00842,Oxazepam,Oxazepam,D010076,MESH:D000437,Alcoholism
DB00842,Oxazepam,Oxazepam,D010076,MESH:D001008,Anxiety Disorders
DB00842,Oxazepam,Oxazepam,D010076,MESH:D019970,Cocaine-Related Disorders
DB00842,Oxazepam,Oxazepam,D010076,MESH:D016584,Panic Disorder
DB00842,Oxazepam,Oxazepam,D010076,MESH:D011225,Pre-Eclampsia
DB00842,Oxazepam,Oxazepam,D010076,MESH:D011618,Psychotic Disorders
DB00842,Oxazepam,Oxazepam,D010076,MESH:D012640,Seizures
DB00842,Oxazepam,Oxazepam,D010076,MESH:D013375,Substance Withdrawal Syndrome
DB00927,Famotidine,Famotidine,D015738,MESH:D015746,Abdominal Pain
DB00927,Famotidine,Famotidine,D015738,MESH:D000236,Adenoma
DB00927,Famotidine,Famotidine,D015738,MESH:D000707,Anaphylaxis
DB00927,Famotidine,Famotidine,D015738,MESH:D001943,Breast Neoplasms
DB00927,Famotidine,Famotidine,D015738,MESH:D002277,Carcinoma
DB00927,Famotidine,Famotidine,D015738,MESH:D056486,Chemical and Drug Induced Liver Injury
DB00927,Famotidine,Famotidine,D015738,MESH:D002819,Chorea
DB00927,Famotidine,Famotidine,D015738,MESH:D015179,Colorectal Neoplasms
DB00927,Famotidine,Famotidine,D015738,MESH:D004381,Duodenal Ulcer
DB00927,Famotidine,Famotidine,D015738,MESH:D004487,Edema
DB00927,Famotidine,Famotidine,D015738,MESH:D004935,Esophageal Diseases
DB00927,Famotidine,Famotidine,D015738,MESH:D004941,Esophagitis
DB00927,Famotidine,Famotidine,D015738,MESH:D005355,Fibrosis
DB00927,Famotidine,Famotidine,D015738,MESH:D005764,Gastroesophageal Reflux
DB00927,Famotidine,Famotidine,D015738,MESH:D005767,Gastrointestinal Diseases
DB00927,Famotidine,Famotidine,D015738,MESH:D006471,Gastrointestinal Hemorrhage
DB00927,Famotidine,Famotidine,D015738,MESH:D006356,Heartburn
DB00927,Famotidine,Famotidine,D015738,MESH:D006333,Heart Failure
DB00927,Famotidine,Famotidine,D015738,MESH:D006470,Hemorrhage
DB00927,Famotidine,Famotidine,D015738,MESH:D006973,Hypertension
DB00927,Famotidine,Famotidine,D015738,MESH:D007037,Hypothyroidism
DB00927,Famotidine,Famotidine,D015738,MESH:D007680,Kidney Neoplasms
DB00927,Famotidine,Famotidine,D015738,MESH:D008113,Liver Neoplasms
DB00927,Famotidine,Famotidine,D015738,MESH:D008175,Lung Neoplasms
DB00927,Famotidine,Famotidine,D015738,MESH:D008545,Melanoma
DB00927,Famotidine,Famotidine,D015738,MESH:D009362,Neoplasm Metastasis
DB00927,Famotidine,Famotidine,D015738,MESH:D010146,Pain
DB00927,Famotidine,Famotidine,D015738,MESH:D010437,Peptic Ulcer
DB00927,Famotidine,Famotidine,D015738,MESH:D010438,Peptic Ulcer Hemorrhage
DB00927,Famotidine,Famotidine,D015738,MESH:D011832,Radiation Injuries
DB00927,Famotidine,Famotidine,D015738,MESH:D013272,Stomach Diseases
DB00927,Famotidine,Famotidine,D015738,MESH:D013274,Stomach Neoplasms
DB00927,Famotidine,Famotidine,D015738,MESH:D013276,Stomach Ulcer
DB00753,Isoflurane,Isoflurane,D007530,MESH:D001259,Ataxia
DB00753,Isoflurane,Isoflurane,D007530,MESH:D001930,Brain Injuries
DB00753,Isoflurane,Isoflurane,D007530,MESH:D002545,Brain Ischemia
DB00753,Isoflurane,Isoflurane,D007530,MESH:D005207,Fasciculation
DB00753,Isoflurane,Isoflurane,D007530,MESH:D006973,Hypertension
DB00753,Isoflurane,Isoflurane,D007530,MESH:D007249,Inflammation
DB00753,Isoflurane,Isoflurane,D007530,MESH:D015428,Myocardial Reperfusion Injury
DB00753,Isoflurane,Isoflurane,D007530,MESH:D010146,Pain
DB00753,Isoflurane,Isoflurane,D007530,MESH:D010538,Peritonitis
DB00753,Isoflurane,Isoflurane,D007530,MESH:D011595,Psychomotor Agitation
DB00753,Isoflurane,Isoflurane,D007530,MESH:D011654,Pulmonary Edema
DB00753,Isoflurane,Isoflurane,D007530,MESH:D012640,Seizures
DB00753,Isoflurane,Isoflurane,D007530,MESH:D018805,Sepsis
DB00753,Isoflurane,Isoflurane,D007530,MESH:D013035,Spasm
DB00753,Isoflurane,Isoflurane,D007530,MESH:D013226,Status Epilepticus
DB00753,Isoflurane,Isoflurane,D007530,MESH:D014202,Tremor
DB00175,Pravastatin,Pravastatin,D017035,MESH:D058186,Acute Kidney Injury
DB00175,Pravastatin,Pravastatin,D017035,MESH:D050197,Atherosclerosis
DB00175,Pravastatin,Pravastatin,D017035,MESH:D006332,Cardiomegaly
DB00175,Pravastatin,Pravastatin,D017035,MESH:D002318,Cardiovascular Diseases
DB00175,Pravastatin,Pravastatin,D017035,MESH:D002561,Cerebrovascular Disorders
DB00175,Pravastatin,Pravastatin,D017035,MESH:D003324,Coronary Artery Disease
DB00175,Pravastatin,Pravastatin,D017035,MESH:D003327,Coronary Disease
DB00175,Pravastatin,Pravastatin,D017035,MESH:D003920,Diabetes Mellitus
DB00175,Pravastatin,Pravastatin,D017035,MESH:D050171,Dyslipidemias
DB00175,Pravastatin,Pravastatin,D017035,MESH:D005355,Fibrosis
DB00175,Pravastatin,Pravastatin,D017035,MESH:D006331,Heart Diseases
DB00175,Pravastatin,Pravastatin,D017035,MESH:D006937,Hypercholesterolemia
DB00175,Pravastatin,Pravastatin,D017035,MESH:D006949,Hyperlipidemias
DB00175,Pravastatin,Pravastatin,D017035,MESH:D006938,Hyperlipoproteinemia Type II
DB00175,Pravastatin,Pravastatin,D017035,MESH:D006973,Hypertension
DB00175,Pravastatin,Pravastatin,D017035,MESH:D015228,Hypertriglyceridemia
DB00175,Pravastatin,Pravastatin,D017035,MESH:D052456,Hypoalphalipoproteinemias
DB00175,Pravastatin,Pravastatin,D017035,MESH:D009203,Myocardial Infarction
DB00175,Pravastatin,Pravastatin,D017035,MESH:D011507,Proteinuria
DB00175,Pravastatin,Pravastatin,D017035,MESH:D020521,Stroke
DB00995,Auranofin,Auranofin,D001310,MESH:D008175,Lung Neoplasms
DB00995,Auranofin,Auranofin,D001310,MESH:D010146,Pain
DB00855,Aminolevulinic acid,Aminolevulinic Acid,D000622,MESH:D009182,Mycosis Fungoides
DB00855,Aminolevulinic acid,Aminolevulinic Acid,D000622,MESH:D011565,Psoriasis
DB00855,Aminolevulinic acid,Aminolevulinic Acid,D000622,MESH:D012871,Skin Diseases
DB00855,Aminolevulinic acid,Aminolevulinic Acid,D000622,MESH:D001749,Urinary Bladder Neoplasms
DB01165,Ofloxacin,Ofloxacin,D015242,MESH:D002481,Cellulitis
DB01165,Ofloxacin,Ofloxacin,D015242,MESH:D002779,Cholestasis
DB01165,Ofloxacin,Ofloxacin,D015242,MESH:D003550,Cystic Fibrosis
DB01165,Ofloxacin,Ofloxacin,D015242,MESH:D016908,Gram-Positive Bacterial Infections
DB01165,Ofloxacin,Ofloxacin,D015242,MESH:D008589,Meningococcal Infections
DB01165,Ofloxacin,Ofloxacin,D015242,MESH:D009164,Mycobacterium Infections
DB01165,Ofloxacin,Ofloxacin,D015242,MESH:D011014,Pneumonia
DB01165,Ofloxacin,Ofloxacin,D015242,MESH:D011552,Pseudomonas Infections
DB01165,Ofloxacin,Ofloxacin,D015242,MESH:D011704,Pyelonephritis
DB01165,Ofloxacin,Ofloxacin,D015242,MESH:D012141,Respiratory Tract Infections
DB01165,Ofloxacin,Ofloxacin,D015242,MESH:D012852,Sinusitis
DB01165,Ofloxacin,Ofloxacin,D015242,MESH:D013203,Staphylococcal Infections
DB01165,Ofloxacin,Ofloxacin,D015242,MESH:D014376,Tuberculosis
DB01165,Ofloxacin,Ofloxacin,D015242,MESH:D014552,Urinary Tract Infections
DB00955,Netilmicin,Netilmicin,D009428,MESH:D016470,Bacteremia
DB00955,Netilmicin,Netilmicin,D009428,MESH:D001424,Bacterial Infections
DB00955,Netilmicin,Netilmicin,D009428,MESH:D002481,Cellulitis
DB00955,Netilmicin,Netilmicin,D009428,MESH:D004927,Escherichia coli Infections
DB00955,Netilmicin,Netilmicin,D009428,MESH:D016905,Gram-Negative Bacterial Infections
DB00955,Netilmicin,Netilmicin,D009428,MESH:D008171,Lung Diseases
DB00955,Netilmicin,Netilmicin,D009428,MESH:D010538,Peritonitis
DB00955,Netilmicin,Netilmicin,D009428,MESH:D011552,Pseudomonas Infections
DB00955,Netilmicin,Netilmicin,D009428,MESH:D013203,Staphylococcal Infections
DB00955,Netilmicin,Netilmicin,D009428,MESH:D014552,Urinary Tract Infections
DB01032,Probenecid,Probenecid,D011339,MESH:D058186,Acute Kidney Injury
DB01032,Probenecid,Probenecid,D011339,MESH:D017088,AIDS-Related Opportunistic Infections
DB01032,Probenecid,Probenecid,D011339,MESH:D006073,Gout
DB01032,Probenecid,Probenecid,D011339,MESH:D033461,Hyperuricemia
DB01032,Probenecid,Probenecid,D011339,MESH:D007674,Kidney Diseases
DB01032,Probenecid,Probenecid,D011339,MESH:D009336,Necrosis
DB01032,Probenecid,Probenecid,D011339,MESH:D011470,Prostatic Hyperplasia
DB01032,Probenecid,Probenecid,D011339,MESH:D013203,Staphylococcal Infections
DB00648,Mitotane,Mitotane,D008939,MESH:D000310,Adrenal Gland Neoplasms
DB00648,Mitotane,Mitotane,D008939,MESH:D018268,Adrenocortical Carcinoma
DB00648,Mitotane,Mitotane,D008939,MESH:D003480,Cushing Syndrome
DB00648,Mitotane,Mitotane,D008939,MESH:D047748,Pituitary ACTH Hypersecretion
DB00412,Rosiglitazone,Rosiglitazone,D000077154,MESH:D055371,Acute Lung Injury
DB00412,Rosiglitazone,Rosiglitazone,D000077154,MESH:D000402,Airway Obstruction
DB00412,Rosiglitazone,Rosiglitazone,D000077154,MESH:D000419,Albuminuria
DB00412,Rosiglitazone,Rosiglitazone,D000077154,MESH:D056769,Alstrom Syndrome
DB00412,Rosiglitazone,Rosiglitazone,D000077154,MESH:D000544,Alzheimer Disease
DB00412,Rosiglitazone,Rosiglitazone,D000077154,MESH:D000686,Amyloidosis
DB00412,Rosiglitazone,Rosiglitazone,D000077154,MESH:D001161,Arteriosclerosis
DB00412,Rosiglitazone,Rosiglitazone,D000077154,MESH:D001168,Arthritis
DB00412,Rosiglitazone,Rosiglitazone,D000077154,MESH:D050197,Atherosclerosis
DB00412,Rosiglitazone,Rosiglitazone,D000077154,MESH:D001929,Brain Edema
DB00412,Rosiglitazone,Rosiglitazone,D000077154,MESH:D001930,Brain Injuries
DB00412,Rosiglitazone,Rosiglitazone,D000077154,MESH:D002545,Brain Ischemia
DB00412,Rosiglitazone,Rosiglitazone,D000077154,MESH:D001943,Breast Neoplasms
DB00412,Rosiglitazone,Rosiglitazone,D000077154,MESH:D002100,Cachexia
DB00412,Rosiglitazone,Rosiglitazone,D000077154,MESH:D002318,Cardiovascular Diseases
DB00412,Rosiglitazone,Rosiglitazone,D000077154,MESH:D002340,Carotid Artery Diseases
DB00412,Rosiglitazone,Rosiglitazone,D000077154,MESH:D056486,Chemical and Drug Induced Liver Injury
DB00412,Rosiglitazone,Rosiglitazone,D000077154,MESH:D003092,Colitis
DB00412,Rosiglitazone,Rosiglitazone,D000077154,MESH:D003920,Diabetes Mellitus
DB00412,Rosiglitazone,Rosiglitazone,D000077154,MESH:D003925,Diabetic Angiopathies
DB00412,Rosiglitazone,Rosiglitazone,D000077154,MESH:D058065,Diabetic Cardiomyopathies
DB00412,Rosiglitazone,Rosiglitazone,D000077154,MESH:D003928,Diabetic Nephropathies
DB00412,Rosiglitazone,Rosiglitazone,D000077154,MESH:D003929,Diabetic Neuropathies
DB00412,Rosiglitazone,Rosiglitazone,D000077154,MESH:D050171,Dyslipidemias
DB00412,Rosiglitazone,Rosiglitazone,D000077154,MESH:D004487,Edema
DB00412,Rosiglitazone,Rosiglitazone,D000077154,MESH:D004646,Emphysema
DB00412,Rosiglitazone,Rosiglitazone,D000077154,MESH:D004714,Endometrial Hyperplasia
DB00412,Rosiglitazone,Rosiglitazone,D000077154,MESH:D019446,Endotoxemia
DB00412,Rosiglitazone,Rosiglitazone,D000077154,MESH:D005234,Fatty Liver
DB00412,Rosiglitazone,Rosiglitazone,D000077154,MESH:D005355,Fibrosis
DB00412,Rosiglitazone,Rosiglitazone,D000077154,MESH:D018149,Glucose Intolerance
DB00412,Rosiglitazone,Rosiglitazone,D000077154,MESH:D006529,Hepatomegaly
DB00412,Rosiglitazone,Rosiglitazone,D000077154,MESH:D006930,Hyperalgesia
DB00412,Rosiglitazone,Rosiglitazone,D000077154,MESH:D006937,Hypercholesterolemia
DB00412,Rosiglitazone,Rosiglitazone,D000077154,MESH:D006943,Hyperglycemia
DB00412,Rosiglitazone,Rosiglitazone,D000077154,MESH:D006946,Hyperinsulinism
DB00412,Rosiglitazone,Rosiglitazone,D000077154,MESH:D006949,Hyperlipidemias
DB00412,Rosiglitazone,Rosiglitazone,D000077154,MESH:D006965,Hyperplasia
DB00412,Rosiglitazone,Rosiglitazone,D000077154,MESH:D006973,Hypertension
DB00412,Rosiglitazone,Rosiglitazone,D000077154,MESH:D007008,Hypokalemia
DB00412,Rosiglitazone,Rosiglitazone,D000077154,MESH:D007249,Inflammation
DB00412,Rosiglitazone,Rosiglitazone,D000077154,MESH:D007333,Insulin Resistance
DB00412,Rosiglitazone,Rosiglitazone,D000077154,MESH:D007511,Ischemia
DB00412,Rosiglitazone,Rosiglitazone,D000077154,MESH:D007674,Kidney Diseases
DB00412,Rosiglitazone,Rosiglitazone,D000077154,MESH:D007859,Learning Disabilities
DB00412,Rosiglitazone,Rosiglitazone,D000077154,MESH:D008103,Liver Cirrhosis
DB00412,Rosiglitazone,Rosiglitazone,D000077154,MESH:D055370,Lung Injury
DB00412,Rosiglitazone,Rosiglitazone,D000077154,MESH:D008175,Lung Neoplasms
DB00412,Rosiglitazone,Rosiglitazone,D000077154,MESH:D008275,Magnesium Deficiency
DB00412,Rosiglitazone,Rosiglitazone,D000077154,MESH:D008569,Memory Disorders
DB00412,Rosiglitazone,Rosiglitazone,D000077154,MESH:D024821,Metabolic Syndrome
DB00412,Rosiglitazone,Rosiglitazone,D000077154,MESH:D028361,Mitochondrial Diseases
DB00412,Rosiglitazone,Rosiglitazone,D000077154,MESH:D009203,Myocardial Infarction
DB00412,Rosiglitazone,Rosiglitazone,D000077154,MESH:D015428,Myocardial Reperfusion Injury
DB00412,Rosiglitazone,Rosiglitazone,D000077154,MESH:D009336,Necrosis
DB00412,Rosiglitazone,Rosiglitazone,D000077154,MESH:D058426,Neointima
DB00412,Rosiglitazone,Rosiglitazone,D000077154,MESH:D009410,Nerve Degeneration
DB00412,Rosiglitazone,Rosiglitazone,D000077154,MESH:D009437,Neuralgia
DB00412,Rosiglitazone,Rosiglitazone,D000077154,MESH:D019954,Neurobehavioral Manifestations
DB00412,Rosiglitazone,Rosiglitazone,D000077154,MESH:D020258,Neurotoxicity Syndromes
DB00412,Rosiglitazone,Rosiglitazone,D000077154,MESH:D065626,Non-alcoholic Fatty Liver Disease
DB00412,Rosiglitazone,Rosiglitazone,D000077154,MESH:D009765,Obesity
DB00412,Rosiglitazone,Rosiglitazone,D000077154,MESH:D010195,Pancreatitis
DB00412,Rosiglitazone,Rosiglitazone,D000077154,MESH:D010518,Periodontitis
DB00412,Rosiglitazone,Rosiglitazone,D000077154,MESH:D011014,Pneumonia
DB00412,Rosiglitazone,Rosiglitazone,D000077154,MESH:D007690,Polycystic Kidney Diseases
DB00412,Rosiglitazone,Rosiglitazone,D000077154,MESH:D011085,Polycystic Ovary Syndrome
DB00412,Rosiglitazone,Rosiglitazone,D000077154,MESH:D011654,Pulmonary Edema
DB00412,Rosiglitazone,Rosiglitazone,D000077154,MESH:D011658,Pulmonary Fibrosis
DB00412,Rosiglitazone,Rosiglitazone,D000077154,MESH:D015427,Reperfusion Injury
DB00412,Rosiglitazone,Rosiglitazone,D000077154,MESH:D012131,Respiratory Insufficiency
DB00412,Rosiglitazone,Rosiglitazone,D000077154,MESH:D013119,Spinal Cord Injuries
DB00412,Rosiglitazone,Rosiglitazone,D000077154,MESH:D013964,Thyroid Neoplasms
DB00412,Rosiglitazone,Rosiglitazone,D000077154,MESH:D014652,Vascular Diseases
DB00412,Rosiglitazone,Rosiglitazone,D000077154,MESH:D018879,Ventricular Premature Complexes
DB08907,Canagliflozin,Canagliflozin,D000068896,MESH:D007859,Learning Disabilities
DB08907,Canagliflozin,Canagliflozin,D000068896,MESH:D018754,Ventricular Dysfunction
DB08907,Canagliflozin,Canagliflozin,D000068896,MESH:D020257,Ventricular Remodeling
DB00371,Meprobamate,Meprobamate,D008620,MESH:D000430,Alcohol Withdrawal Delirium
DB00371,Meprobamate,Meprobamate,D008620,MESH:D004401,Dysarthria
DB00371,Meprobamate,Meprobamate,D008620,MESH:D020820,Dyskinesias
DB00371,Meprobamate,Meprobamate,D008620,MESH:D010243,Paralysis
DB00371,Meprobamate,Meprobamate,D008620,MESH:D011618,Psychotic Disorders
DB00371,Meprobamate,Meprobamate,D008620,MESH:D012640,Seizures
DB00351,Megestrol acetate,Megestrol Acetate,D019290,MESH:D001943,Breast Neoplasms
DB00351,Megestrol acetate,Megestrol Acetate,D019290,MESH:D016889,Endometrial Neoplasms
DB00334,Olanzapine,Olanzapine,D000077152,MESH:D000437,Alcoholism
DB00334,Olanzapine,Olanzapine,D000077152,MESH:D019969,Amphetamine-Related Disorders
DB00334,Olanzapine,Olanzapine,D000077152,MESH:D000856,Anorexia Nervosa
DB00334,Olanzapine,Olanzapine,D000077152,MESH:D001008,Anxiety Disorders
DB00334,Olanzapine,Olanzapine,D000077152,MESH:D001321,Autistic Disorder
DB00334,Olanzapine,Olanzapine,D000077152,MESH:D001714,Bipolar Disorder
DB00334,Olanzapine,Olanzapine,D000077152,MESH:D002389,Catatonia
DB00334,Olanzapine,Olanzapine,D000077152,MESH:D019970,Cocaine-Related Disorders
DB00334,Olanzapine,Olanzapine,D000077152,MESH:D003072,Cognition Disorders
DB00334,Olanzapine,Olanzapine,D000077152,MESH:D003704,Dementia
DB00334,Olanzapine,Olanzapine,D000077152,MESH:D003866,Depressive Disorder
DB00334,Olanzapine,Olanzapine,D000077152,MESH:D002658,Developmental Disabilities
DB00334,Olanzapine,Olanzapine,D000077152,MESH:D004421,Dystonia
DB00334,Olanzapine,Olanzapine,D000077152,MESH:D005334,Fever
DB00334,Olanzapine,Olanzapine,D000077152,MESH:D057180,Frontotemporal Dementia
DB00334,Olanzapine,Olanzapine,D000077152,MESH:D006212,Hallucinations
DB00334,Olanzapine,Olanzapine,D000077152,MESH:D006816,Huntington Disease
DB00334,Olanzapine,Olanzapine,D000077152,MESH:D006948,Hyperkinesis
DB00334,Olanzapine,Olanzapine,D000077152,MESH:D003865,Major Depressive Disorder
DB00334,Olanzapine,Olanzapine,D000077152,MESH:D008569,Memory Disorders
DB00334,Olanzapine,Olanzapine,D000077152,MESH:D001523,Mental Disorders
DB00334,Olanzapine,Olanzapine,D000077152,MESH:D019964,Mood Disorders
DB00334,Olanzapine,Olanzapine,D000077152,MESH:D009069,Movement Disorders
DB00334,Olanzapine,Olanzapine,D000077152,MESH:D009084,Mucopolysaccharidosis III
DB00334,Olanzapine,Olanzapine,D000077152,MESH:D009325,Nausea
DB00334,Olanzapine,Olanzapine,D000077152,MESH:D009422,Nervous System Diseases
DB00334,Olanzapine,Olanzapine,D000077152,MESH:D009461,Neurologic Manifestations
DB00334,Olanzapine,Olanzapine,D000077152,MESH:D009771,Obsessive-Compulsive Disorder
DB00334,Olanzapine,Olanzapine,D000077152,MESH:D016584,Panic Disorder
DB00334,Olanzapine,Olanzapine,D000077152,MESH:D010259,Paranoid Disorders
DB00334,Olanzapine,Olanzapine,D000077152,MESH:D020734,Parkinsonian Disorders
DB00334,Olanzapine,Olanzapine,D000077152,MESH:D011595,Psychomotor Agitation
DB00334,Olanzapine,Olanzapine,D000077152,MESH:D011618,Psychotic Disorders
DB00334,Olanzapine,Olanzapine,D000077152,MESH:D012559,Schizophrenia
DB00334,Olanzapine,Olanzapine,D000077152,MESH:D019967,Schizophrenia Spectrum and Other Psychotic Disorders
DB00334,Olanzapine,Olanzapine,D000077152,MESH:D007319,Sleep Initiation and Maintenance Disorders
DB00334,Olanzapine,Olanzapine,D000077152,MESH:D013226,Status Epilepticus
DB00334,Olanzapine,Olanzapine,D000077152,MESH:D019956,Stereotypic Movement Disorder
DB00334,Olanzapine,Olanzapine,D000077152,MESH:D013375,Substance Withdrawal Syndrome
DB00334,Olanzapine,Olanzapine,D000077152,MESH:D014202,Tremor
DB00334,Olanzapine,Olanzapine,D000077152,MESH:D014839,Vomiting
DB00623,Fluphenazine,Fluphenazine,D005476,MESH:D001714,Bipolar Disorder
DB00623,Fluphenazine,Fluphenazine,D005476,MESH:D019970,Cocaine-Related Disorders
DB00623,Fluphenazine,Fluphenazine,D005476,MESH:D006948,Hyperkinesis
DB00623,Fluphenazine,Fluphenazine,D005476,MESH:D001523,Mental Disorders
DB00623,Fluphenazine,Fluphenazine,D005476,MESH:D010259,Paranoid Disorders
DB00623,Fluphenazine,Fluphenazine,D005476,MESH:D011595,Psychomotor Agitation
DB00623,Fluphenazine,Fluphenazine,D005476,MESH:D011618,Psychotic Disorders
DB00623,Fluphenazine,Fluphenazine,D005476,MESH:D012559,Schizophrenia
DB00623,Fluphenazine,Fluphenazine,D005476,MESH:D013375,Substance Withdrawal Syndrome
DB00656,Trazodone,Trazodone,D014196,MESH:D000544,Alzheimer Disease
DB00656,Trazodone,Trazodone,D014196,MESH:D001008,Anxiety Disorders
DB00656,Trazodone,Trazodone,D014196,MESH:D001714,Bipolar Disorder
DB00656,Trazodone,Trazodone,D014196,MESH:D002375,Catalepsy
DB00656,Trazodone,Trazodone,D014196,MESH:D002637,Chest Pain
DB00656,Trazodone,Trazodone,D014196,MESH:D003704,Dementia
DB00656,Trazodone,Trazodone,D014196,MESH:D003866,Depressive Disorder
DB00656,Trazodone,Trazodone,D014196,MESH:D004487,Edema
DB00656,Trazodone,Trazodone,D014196,MESH:D007172,Erectile Dysfunction
DB00656,Trazodone,Trazodone,D014196,MESH:D020329,Essential Tremor
DB00656,Trazodone,Trazodone,D014196,MESH:D006930,Hyperalgesia
DB00656,Trazodone,Trazodone,D014196,MESH:D007249,Inflammation
DB00656,Trazodone,Trazodone,D014196,MESH:D003865,Major Depressive Disorder
DB00656,Trazodone,Trazodone,D014196,MESH:D001523,Mental Disorders
DB00656,Trazodone,Trazodone,D014196,MESH:D009765,Obesity
DB00656,Trazodone,Trazodone,D014196,MESH:D009771,Obsessive-Compulsive Disorder
DB00656,Trazodone,Trazodone,D014196,MESH:D009293,Opioid-Related Disorders
DB00656,Trazodone,Trazodone,D014196,MESH:D053578,Opsoclonus-Myoclonus Syndrome
DB00656,Trazodone,Trazodone,D014196,MESH:D010146,Pain
DB00656,Trazodone,Trazodone,D014196,MESH:D010554,Personality Disorders
DB00656,Trazodone,Trazodone,D014196,MESH:D012559,Schizophrenia
DB00656,Trazodone,Trazodone,D014196,MESH:D012892,Sleep Deprivation
DB00656,Trazodone,Trazodone,D014196,MESH:D007319,Sleep Initiation and Maintenance Disorders
DB00656,Trazodone,Trazodone,D014196,MESH:D012893,Sleep Wake Disorders
DB00656,Trazodone,Trazodone,D014196,MESH:D020521,Stroke
DB00656,Trazodone,Trazodone,D014196,MESH:D013375,Substance Withdrawal Syndrome
DB01104,Sertraline,Sertraline,D020280,MESH:D001008,Anxiety Disorders
DB01104,Sertraline,Sertraline,D020280,MESH:D001289,Attention Deficit Disorder with Hyperactivity
DB01104,Sertraline,Sertraline,D020280,MESH:D001714,Bipolar Disorder
DB01104,Sertraline,Sertraline,D020280,MESH:D019970,Cocaine-Related Disorders
DB01104,Sertraline,Sertraline,D020280,MESH:D003072,Cognition Disorders
DB01104,Sertraline,Sertraline,D020280,MESH:D003866,Depressive Disorder
DB01104,Sertraline,Sertraline,D020280,MESH:D006816,Huntington Disease
DB01104,Sertraline,Sertraline,D020280,MESH:D006943,Hyperglycemia
DB01104,Sertraline,Sertraline,D020280,MESH:D007333,Insulin Resistance
DB01104,Sertraline,Sertraline,D020280,MESH:D003865,Major Depressive Disorder
DB01104,Sertraline,Sertraline,D020280,MESH:D001523,Mental Disorders
DB01104,Sertraline,Sertraline,D020280,MESH:D008881,Migraine Disorders
DB01104,Sertraline,Sertraline,D020280,MESH:D009157,Myasthenia Gravis
DB01104,Sertraline,Sertraline,D020280,MESH:D009765,Obesity
DB01104,Sertraline,Sertraline,D020280,MESH:D009771,Obsessive-Compulsive Disorder
DB01104,Sertraline,Sertraline,D020280,MESH:D016584,Panic Disorder
DB01104,Sertraline,Sertraline,D020280,MESH:D010698,Phobic Disorders
DB01104,Sertraline,Sertraline,D020280,MESH:D011618,Psychotic Disorders
DB01104,Sertraline,Sertraline,D020280,MESH:D012148,Restless Legs Syndrome
DB01104,Sertraline,Sertraline,D020280,MESH:D012559,Schizophrenia
DB01104,Sertraline,Sertraline,D020280,MESH:D012640,Seizures
DB01104,Sertraline,Sertraline,D020280,MESH:D007319,Sleep Initiation and Maintenance Disorders
DB01104,Sertraline,Sertraline,D020280,MESH:D019956,Stereotypic Movement Disorder
DB01195,Flecainide,Flecainide,D005424,MESH:D001281,Atrial Fibrillation
DB01195,Flecainide,Flecainide,D005424,MESH:D009135,Muscular Diseases
DB01195,Flecainide,Flecainide,D005424,MESH:D009203,Myocardial Infarction
DB01195,Flecainide,Flecainide,D005424,MESH:D013610,Tachycardia
DB01195,Flecainide,Flecainide,D005424,MESH:D014693,Ventricular Fibrillation
DB01195,Flecainide,Flecainide,D005424,MESH:D018879,Ventricular Premature Complexes
DB01195,Flecainide,Flecainide,D005424,MESH:D014927,Wolff-Parkinson-White Syndrome
DB00397,Phenylpropanolamine,Phenylpropanolamine,D010665,MESH:D006973,Hypertension
DB00397,Phenylpropanolamine,Phenylpropanolamine,D010665,MESH:D011654,Pulmonary Edema
DB00397,Phenylpropanolamine,Phenylpropanolamine,D010665,MESH:D012131,Respiratory Insufficiency
DB00397,Phenylpropanolamine,Phenylpropanolamine,D010665,MESH:D012141,Respiratory Tract Infections
DB00397,Phenylpropanolamine,Phenylpropanolamine,D010665,MESH:D012852,Sinusitis
DB00397,Phenylpropanolamine,Phenylpropanolamine,D010665,MESH:D014693,Ventricular Fibrillation
DB00397,Phenylpropanolamine,Phenylpropanolamine,D010665,MESH:D015430,Weight Gain
DB01247,Isocarboxazid,Isocarboxazid,D007520,MESH:D001008,Anxiety Disorders
DB01247,Isocarboxazid,Isocarboxazid,D007520,MESH:D003866,Depressive Disorder
DB01247,Isocarboxazid,Isocarboxazid,D007520,MESH:D006973,Hypertension
DB01247,Isocarboxazid,Isocarboxazid,D007520,MESH:D008881,Migraine Disorders
DB00472,Fluoxetine,Fluoxetine,D005473,MESH:D019969,Amphetamine-Related Disorders
DB00472,Fluoxetine,Fluoxetine,D005473,MESH:D000855,Anorexia
DB00472,Fluoxetine,Fluoxetine,D005473,MESH:D001008,Anxiety Disorders
DB00472,Fluoxetine,Fluoxetine,D005473,MESH:D001049,Apnea
DB00472,Fluoxetine,Fluoxetine,D005473,MESH:D001321,Autistic Disorder
DB00472,Fluoxetine,Fluoxetine,D005473,MESH:D001714,Bipolar Disorder
DB00472,Fluoxetine,Fluoxetine,D005473,MESH:D001919,Bradycardia
DB00472,Fluoxetine,Fluoxetine,D005473,MESH:D006332,Cardiomegaly
DB00472,Fluoxetine,Fluoxetine,D005473,MESH:D002375,Catalepsy
DB00472,Fluoxetine,Fluoxetine,D005473,MESH:D002389,Catatonia
DB00472,Fluoxetine,Fluoxetine,D005473,MESH:D019970,Cocaine-Related Disorders
DB00472,Fluoxetine,Fluoxetine,D005473,MESH:D003110,Colonic Neoplasms
DB00472,Fluoxetine,Fluoxetine,D005473,MESH:D003866,Depressive Disorder
DB00472,Fluoxetine,Fluoxetine,D005473,MESH:D004487,Edema
DB00472,Fluoxetine,Fluoxetine,D005473,MESH:D004827,Epilepsy
DB00472,Fluoxetine,Fluoxetine,D005473,MESH:D007172,Erectile Dysfunction
DB00472,Fluoxetine,Fluoxetine,D005473,MESH:D005767,Gastrointestinal Diseases
DB00472,Fluoxetine,Fluoxetine,D005473,MESH:D006556,Heroin Dependence
DB00472,Fluoxetine,Fluoxetine,D005473,MESH:D006930,Hyperalgesia
DB00472,Fluoxetine,Fluoxetine,D005473,MESH:D017495,Hyperpigmentation
DB00472,Fluoxetine,Fluoxetine,D005473,MESH:D007249,Inflammation
DB00472,Fluoxetine,Fluoxetine,D005473,MESH:D003865,Major Depressive Disorder
DB00472,Fluoxetine,Fluoxetine,D005473,MESH:D008569,Memory Disorders
DB00472,Fluoxetine,Fluoxetine,D005473,MESH:D001523,Mental Disorders
DB00472,Fluoxetine,Fluoxetine,D005473,MESH:D019964,Mood Disorders
DB00472,Fluoxetine,Fluoxetine,D005473,MESH:D019954,Neurobehavioral Manifestations
DB00472,Fluoxetine,Fluoxetine,D005473,MESH:D009765,Obesity
DB00472,Fluoxetine,Fluoxetine,D005473,MESH:D009771,Obsessive-Compulsive Disorder
DB00472,Fluoxetine,Fluoxetine,D005473,MESH:D010146,Pain
DB00472,Fluoxetine,Fluoxetine,D005473,MESH:D016584,Panic Disorder
DB00472,Fluoxetine,Fluoxetine,D005473,MESH:D010510,Periodontal Diseases
DB00472,Fluoxetine,Fluoxetine,D005473,MESH:D010554,Personality Disorders
DB00472,Fluoxetine,Fluoxetine,D005473,MESH:D010698,Phobic Disorders
DB00472,Fluoxetine,Fluoxetine,D005473,MESH:D020774,Pick Disease of the Brain
DB00472,Fluoxetine,Fluoxetine,D005473,MESH:D011014,Pneumonia
DB00472,Fluoxetine,Fluoxetine,D005473,MESH:D012559,Schizophrenia
DB00472,Fluoxetine,Fluoxetine,D005473,MESH:D012640,Seizures
DB00472,Fluoxetine,Fluoxetine,D005473,MESH:D007319,Sleep Initiation and Maintenance Disorders
DB00472,Fluoxetine,Fluoxetine,D005473,MESH:D019956,Stereotypic Movement Disorder
DB00472,Fluoxetine,Fluoxetine,D005473,MESH:D013375,Substance Withdrawal Syndrome
DB00472,Fluoxetine,Fluoxetine,D005473,MESH:D020323,Tics
DB00472,Fluoxetine,Fluoxetine,D005473,MESH:D014029,Tobacco Use Disorder
DB00472,Fluoxetine,Fluoxetine,D005473,MESH:D005879,Tourette Syndrome
DB00472,Fluoxetine,Fluoxetine,D005473,MESH:D014202,Tremor
DB00472,Fluoxetine,Fluoxetine,D005473,MESH:D015431,Weight Loss
DB00758,Clopidogrel,Clopidogrel,D000077144,MESH:D054058,Acute Coronary Syndrome
DB00758,Clopidogrel,Clopidogrel,D000077144,MESH:D001157,Arterial Occlusive Diseases
DB00758,Clopidogrel,Clopidogrel,D000077144,MESH:D001281,Atrial Fibrillation
DB00758,Clopidogrel,Clopidogrel,D000077144,MESH:D002545,Brain Ischemia
DB00758,Clopidogrel,Clopidogrel,D000077144,MESH:D002318,Cardiovascular Diseases
DB00758,Clopidogrel,Clopidogrel,D000077144,MESH:D003324,Coronary Artery Disease
DB00758,Clopidogrel,Clopidogrel,D000077144,MESH:D003327,Coronary Disease
DB00758,Clopidogrel,Clopidogrel,D000077144,MESH:D023903,Coronary Restenosis
DB00758,Clopidogrel,Clopidogrel,D000077144,MESH:D003328,Coronary Thrombosis
DB00758,Clopidogrel,Clopidogrel,D000077144,MESH:D003925,Diabetic Angiopathies
DB00758,Clopidogrel,Clopidogrel,D000077144,MESH:D019446,Endotoxemia
DB00758,Clopidogrel,Clopidogrel,D000077144,MESH:D006470,Hemorrhage
DB00758,Clopidogrel,Clopidogrel,D000077144,MESH:D020767,Intracranial Thrombosis
DB00758,Clopidogrel,Clopidogrel,D000077144,MESH:D055370,Lung Injury
DB00758,Clopidogrel,Clopidogrel,D000077144,MESH:D009203,Myocardial Infarction
DB00758,Clopidogrel,Clopidogrel,D000077144,MESH:D017202,Myocardial Ischemia
DB00758,Clopidogrel,Clopidogrel,D000077144,MESH:D009336,Necrosis
DB00758,Clopidogrel,Clopidogrel,D000077144,MESH:D009362,Neoplasm Metastasis
DB00758,Clopidogrel,Clopidogrel,D000077144,MESH:D011654,Pulmonary Edema
DB00758,Clopidogrel,Clopidogrel,D000077144,MESH:D011655,Pulmonary Embolism
DB00758,Clopidogrel,Clopidogrel,D000077144,MESH:D012170,Retinal Vein Occlusion
DB00758,Clopidogrel,Clopidogrel,D000077144,MESH:D020521,Stroke
DB00758,Clopidogrel,Clopidogrel,D000077144,MESH:D013921,Thrombocytopenia
DB00758,Clopidogrel,Clopidogrel,D000077144,MESH:D013923,Thromboembolism
DB00758,Clopidogrel,Clopidogrel,D000077144,MESH:D013927,Thrombosis
DB00758,Clopidogrel,Clopidogrel,D000077144,MESH:D014652,Vascular Diseases
DB01611,Hydroxychloroquine,Hydroxychloroquine,D006886,MESH:D016736,Antiphospholipid Syndrome
DB01611,Hydroxychloroquine,Hydroxychloroquine,D006886,MESH:D003240,Connective Tissue Diseases
DB01611,Hydroxychloroquine,Hydroxychloroquine,D006886,MESH:D003550,Cystic Fibrosis
DB01611,Hydroxychloroquine,Hydroxychloroquine,D006886,MESH:D003715,Dengue
DB01611,Hydroxychloroquine,Hydroxychloroquine,D006886,MESH:D003882,Dermatomyositis
DB01611,Hydroxychloroquine,Hydroxychloroquine,D006886,MESH:D004751,Enteritis
DB01611,Hydroxychloroquine,Hydroxychloroquine,D006886,MESH:D006042,Goiter
DB01611,Hydroxychloroquine,Hydroxychloroquine,D006886,MESH:D011695,IgA Vasculitis
DB01611,Hydroxychloroquine,Hydroxychloroquine,D006886,MESH:D008288,Malaria
DB01611,Hydroxychloroquine,Hydroxychloroquine,D006886,MESH:D009361,Neoplasm Invasiveness
DB01611,Hydroxychloroquine,Hydroxychloroquine,D006886,MESH:D012859,Sjogren's Syndrome
DB01611,Hydroxychloroquine,Hydroxychloroquine,D006886,MESH:D012871,Skin Diseases
DB01611,Hydroxychloroquine,Hydroxychloroquine,D006886,MESH:D013625,Takayasu Arteritis
DB01611,Hydroxychloroquine,Hydroxychloroquine,D006886,MESH:D001749,Urinary Bladder Neoplasms
DB01611,Hydroxychloroquine,Hydroxychloroquine,D006886,MESH:D014581,Urticaria
DB00727,Nitroglycerin,Nitroglycerin,D005996,MESH:D054058,Acute Coronary Syndrome
DB00727,Nitroglycerin,Nitroglycerin,D005996,MESH:D000787,Angina Pectoris
DB00727,Nitroglycerin,Nitroglycerin,D005996,MESH:D002545,Brain Ischemia
DB00727,Nitroglycerin,Nitroglycerin,D005996,MESH:D001943,Breast Neoplasms
DB00727,Nitroglycerin,Nitroglycerin,D005996,MESH:D002637,Chest Pain
DB00727,Nitroglycerin,Nitroglycerin,D005996,MESH:D003324,Coronary Artery Disease
DB00727,Nitroglycerin,Nitroglycerin,D005996,MESH:D003327,Coronary Disease
DB00727,Nitroglycerin,Nitroglycerin,D005996,MESH:D023921,Coronary Stenosis
DB00727,Nitroglycerin,Nitroglycerin,D005996,MESH:D003329,Coronary Vasospasm
DB00727,Nitroglycerin,Nitroglycerin,D005996,MESH:D004412,Dysmenorrhea
DB00727,Nitroglycerin,Nitroglycerin,D005996,MESH:D004417,Dyspnea
DB00727,Nitroglycerin,Nitroglycerin,D005996,MESH:D004487,Edema
DB00727,Nitroglycerin,Nitroglycerin,D005996,MESH:D007172,Erectile Dysfunction
DB00727,Nitroglycerin,Nitroglycerin,D005996,MESH:D005119,Extravasation of Diagnostic and Therapeutic Materials
DB00727,Nitroglycerin,Nitroglycerin,D005996,MESH:D005764,Gastroesophageal Reflux
DB00727,Nitroglycerin,Nitroglycerin,D005996,MESH:D006261,Headache
DB00727,Nitroglycerin,Nitroglycerin,D005996,MESH:D006323,Heart Arrest
DB00727,Nitroglycerin,Nitroglycerin,D005996,MESH:D006333,Heart Failure
DB00727,Nitroglycerin,Nitroglycerin,D005996,MESH:D006484,Hemorrhoids
DB00727,Nitroglycerin,Nitroglycerin,D005996,MESH:D006930,Hyperalgesia
DB00727,Nitroglycerin,Nitroglycerin,D005996,MESH:D006973,Hypertension
DB00727,Nitroglycerin,Nitroglycerin,D005996,MESH:D007022,Hypotension
DB00727,Nitroglycerin,Nitroglycerin,D005996,MESH:D007035,Hypothermia
DB00727,Nitroglycerin,Nitroglycerin,D005996,MESH:D007511,Ischemia
DB00727,Nitroglycerin,Nitroglycerin,D005996,MESH:D007674,Kidney Diseases
DB00727,Nitroglycerin,Nitroglycerin,D005996,MESH:D017116,Low Back Pain
DB00727,Nitroglycerin,Nitroglycerin,D005996,MESH:D009203,Myocardial Infarction
DB00727,Nitroglycerin,Nitroglycerin,D005996,MESH:D017202,Myocardial Ischemia
DB00727,Nitroglycerin,Nitroglycerin,D005996,MESH:D015428,Myocardial Reperfusion Injury
DB00727,Nitroglycerin,Nitroglycerin,D005996,MESH:D010146,Pain
DB00727,Nitroglycerin,Nitroglycerin,D005996,MESH:D011183,Postoperative Complications
DB00727,Nitroglycerin,Nitroglycerin,D005996,MESH:D010149,Postoperative Pain
DB00727,Nitroglycerin,Nitroglycerin,D005996,MESH:D011225,Pre-Eclampsia
DB00727,Nitroglycerin,Nitroglycerin,D005996,MESH:D011654,Pulmonary Edema
DB00727,Nitroglycerin,Nitroglycerin,D005996,MESH:D015427,Reperfusion Injury
DB00727,Nitroglycerin,Nitroglycerin,D005996,MESH:D013035,Spasm
DB00727,Nitroglycerin,Nitroglycerin,D005996,MESH:D013276,Stomach Ulcer
DB00727,Nitroglycerin,Nitroglycerin,D005996,MESH:D013345,Subarachnoid Hemorrhage
DB00678,Losartan,Losartan,D019808,MESH:D058186,Acute Kidney Injury
DB00678,Losartan,Losartan,D019808,MESH:D055371,Acute Lung Injury
DB00678,Losartan,Losartan,D019808,MESH:D000419,Albuminuria
DB00678,Losartan,Losartan,D019808,MESH:D001018,Aortic Diseases
DB00678,Losartan,Losartan,D019808,MESH:D050197,Atherosclerosis
DB00678,Losartan,Losartan,D019808,MESH:D001424,Bacterial Infections
DB00678,Losartan,Losartan,D019808,MESH:D006332,Cardiomegaly
DB00678,Losartan,Losartan,D019808,MESH:D002386,Cataract
DB00678,Losartan,Losartan,D019808,MESH:D056486,Chemical and Drug Induced Liver Injury
DB00678,Losartan,Losartan,D019808,MESH:D019970,Cocaine-Related Disorders
DB00678,Losartan,Losartan,D019808,MESH:D003072,Cognition Disorders
DB00678,Losartan,Losartan,D019808,MESH:D003928,Diabetic Nephropathies
DB00678,Losartan,Losartan,D019808,MESH:D004719,Endomyocardial Fibrosis
DB00678,Losartan,Losartan,D019808,MESH:D005334,Fever
DB00678,Losartan,Losartan,D019808,MESH:D005355,Fibrosis
DB00678,Losartan,Losartan,D019808,MESH:D006073,Gout
DB00678,Losartan,Losartan,D019808,MESH:D006331,Heart Diseases
DB00678,Losartan,Losartan,D019808,MESH:D006333,Heart Failure
DB00678,Losartan,Losartan,D019808,MESH:D006937,Hypercholesterolemia
DB00678,Losartan,Losartan,D019808,MESH:D006943,Hyperglycemia
DB00678,Losartan,Losartan,D019808,MESH:D006946,Hyperinsulinism
DB00678,Losartan,Losartan,D019808,MESH:D006973,Hypertension
DB00678,Losartan,Losartan,D019808,MESH:D006984,Hypertrophy
DB00678,Losartan,Losartan,D019808,MESH:D034141,Hypoalbuminemia
DB00678,Losartan,Losartan,D019808,MESH:D007249,Inflammation
DB00678,Losartan,Losartan,D019808,MESH:D007674,Kidney Diseases
DB00678,Losartan,Losartan,D019808,MESH:D008103,Liver Cirrhosis
DB00678,Losartan,Losartan,D019808,MESH:D008171,Lung Diseases
DB00678,Losartan,Losartan,D019808,MESH:D055370,Lung Injury
DB00678,Losartan,Losartan,D019808,MESH:D008175,Lung Neoplasms
DB00678,Losartan,Losartan,D019808,MESH:D008382,Marfan Syndrome
DB00678,Losartan,Losartan,D019808,MESH:D008569,Memory Disorders
DB00678,Losartan,Losartan,D019808,MESH:D024821,Metabolic Syndrome
DB00678,Losartan,Losartan,D019808,MESH:D009203,Myocardial Infarction
DB00678,Losartan,Losartan,D019808,MESH:D009336,Necrosis
DB00678,Losartan,Losartan,D019808,MESH:D058426,Neointima
DB00678,Losartan,Losartan,D019808,MESH:D009393,Nephritis
DB00678,Losartan,Losartan,D019808,MESH:D009400,Nephrosclerosis
DB00678,Losartan,Losartan,D019808,MESH:D009404,Nephrotic Syndrome
DB00678,Losartan,Losartan,D019808,MESH:D010182,Pancreatic Diseases
DB00678,Losartan,Losartan,D019808,MESH:D011086,Polycythemia
DB00678,Losartan,Losartan,D019808,MESH:D011507,Proteinuria
DB00678,Losartan,Losartan,D019808,MESH:D011658,Pulmonary Fibrosis
DB00678,Losartan,Losartan,D019808,MESH:D051437,Renal Insufficiency
DB00678,Losartan,Losartan,D019808,MESH:D015427,Reperfusion Injury
DB00678,Losartan,Losartan,D019808,MESH:D012598,Sclerosis
DB00678,Losartan,Losartan,D019808,MESH:D020521,Stroke
DB00678,Losartan,Losartan,D019808,MESH:D013375,Substance Withdrawal Syndrome
DB00678,Losartan,Losartan,D019808,MESH:D013610,Tachycardia
DB00678,Losartan,Losartan,D019808,MESH:D013927,Thrombosis
DB00678,Losartan,Losartan,D019808,MESH:D014511,Uremia
DB00678,Losartan,Losartan,D019808,MESH:D020246,Venous Thrombosis
DB00678,Losartan,Losartan,D019808,MESH:D020257,Ventricular Remodeling
DB00678,Losartan,Losartan,D019808,MESH:D015431,Weight Loss
DB00546,Adinazolam,adinazolam,C039668,MESH:D001008,Anxiety Disorders
DB00546,Adinazolam,adinazolam,C039668,MESH:D003866,Depressive Disorder
DB00546,Adinazolam,adinazolam,C039668,MESH:D016584,Panic Disorder
DB00458,Imipramine,Imipramine,D007099,MESH:D001008,Anxiety Disorders
DB00458,Imipramine,Imipramine,D007099,MESH:D001289,Attention Deficit Disorder with Hyperactivity
DB00458,Imipramine,Imipramine,D007099,MESH:D001480,Basal Ganglia Diseases
DB00458,Imipramine,Imipramine,D007099,MESH:D001714,Bipolar Disorder
DB00458,Imipramine,Imipramine,D007099,MESH:D001763,Blepharoptosis
DB00458,Imipramine,Imipramine,D007099,MESH:D002375,Catalepsy
DB00458,Imipramine,Imipramine,D007099,MESH:D003866,Depressive Disorder
DB00458,Imipramine,Imipramine,D007099,MESH:D003929,Diabetic Neuropathies
DB00458,Imipramine,Imipramine,D007099,MESH:D004487,Edema
DB00458,Imipramine,Imipramine,D007099,MESH:D006930,Hyperalgesia
DB00458,Imipramine,Imipramine,D007099,MESH:D006948,Hyperkinesis
DB00458,Imipramine,Imipramine,D007099,MESH:D018476,Hypokinesia
DB00458,Imipramine,Imipramine,D007099,MESH:D007035,Hypothermia
DB00458,Imipramine,Imipramine,D007099,MESH:D007249,Inflammation
DB00458,Imipramine,Imipramine,D007099,MESH:D003865,Major Depressive Disorder
DB00458,Imipramine,Imipramine,D007099,MESH:D008288,Malaria
DB00458,Imipramine,Imipramine,D007099,MESH:D001523,Mental Disorders
DB00458,Imipramine,Imipramine,D007099,MESH:D008881,Migraine Disorders
DB00458,Imipramine,Imipramine,D007099,MESH:D019964,Mood Disorders
DB00458,Imipramine,Imipramine,D007099,MESH:D009369,Neoplasms
DB00458,Imipramine,Imipramine,D007099,MESH:D009410,Nerve Degeneration
DB00458,Imipramine,Imipramine,D007099,MESH:D019954,Neurobehavioral Manifestations
DB00458,Imipramine,Imipramine,D007099,MESH:D010146,Pain
DB00458,Imipramine,Imipramine,D007099,MESH:D016584,Panic Disorder
DB00458,Imipramine,Imipramine,D007099,MESH:D010554,Personality Disorders
DB00458,Imipramine,Imipramine,D007099,MESH:D011778,Q Fever
DB00458,Imipramine,Imipramine,D007099,MESH:D012559,Schizophrenia
DB00458,Imipramine,Imipramine,D007099,MESH:D012640,Seizures
DB00458,Imipramine,Imipramine,D007099,MESH:D012798,Sialorrhea
DB00458,Imipramine,Imipramine,D007099,MESH:D012892,Sleep Deprivation
DB00458,Imipramine,Imipramine,D007099,MESH:D014202,Tremor
DB00404,Alprazolam,Alprazolam,D000525,MESH:D001008,Anxiety Disorders
DB00404,Alprazolam,Alprazolam,D000525,MESH:D001714,Bipolar Disorder
DB00404,Alprazolam,Alprazolam,D000525,MESH:D003866,Depressive Disorder
DB00404,Alprazolam,Alprazolam,D000525,MESH:D012734,Disorders of Sex Development
DB00404,Alprazolam,Alprazolam,D000525,MESH:D006327,Heart Block
DB00404,Alprazolam,Alprazolam,D000525,MESH:D003865,Major Depressive Disorder
DB00404,Alprazolam,Alprazolam,D000525,MESH:D009203,Myocardial Infarction
DB00404,Alprazolam,Alprazolam,D000525,MESH:D016584,Panic Disorder
DB00404,Alprazolam,Alprazolam,D000525,MESH:D010554,Personality Disorders
DB00404,Alprazolam,Alprazolam,D000525,MESH:D010698,Phobic Disorders
DB00404,Alprazolam,Alprazolam,D000525,MESH:D011507,Proteinuria
DB00404,Alprazolam,Alprazolam,D000525,MESH:D012559,Schizophrenia
DB00404,Alprazolam,Alprazolam,D000525,MESH:D012640,Seizures
DB00404,Alprazolam,Alprazolam,D000525,MESH:D007319,Sleep Initiation and Maintenance Disorders
DB04817,Metamizole,Dipyrone,D004177,MESH:D004487,Edema
DB04817,Metamizole,Dipyrone,D004177,MESH:D005334,Fever
DB04817,Metamizole,Dipyrone,D004177,MESH:D006261,Headache
DB04817,Metamizole,Dipyrone,D004177,MESH:D006930,Hyperalgesia
DB04817,Metamizole,Dipyrone,D004177,MESH:D010146,Pain
DB04817,Metamizole,Dipyrone,D004177,MESH:D010149,Postoperative Pain
DB04817,Metamizole,Dipyrone,D004177,MESH:D013118,Spinal Cord Diseases
DB04817,Metamizole,Dipyrone,D004177,MESH:D013375,Substance Withdrawal Syndrome
DB01607,Ticarcillin,Ticarcillin,D013982,MESH:D058186,Acute Kidney Injury
DB01607,Ticarcillin,Ticarcillin,D013982,MESH:D000380,Agranulocytosis
DB01607,Ticarcillin,Ticarcillin,D013982,MESH:D001424,Bacterial Infections
DB01607,Ticarcillin,Ticarcillin,D013982,MESH:D007674,Kidney Diseases
DB01140,Cefadroxil,Cefadroxil,D002434,MESH:D005334,Fever
DB01140,Cefadroxil,Cefadroxil,D002434,MESH:D012141,Respiratory Tract Infections
DB00845,Clofazimine,Clofazimine,D002991,MESH:D007918,Leprosy
DB00845,Clofazimine,Clofazimine,D002991,MESH:D017511,Pyoderma Gangrenosum
DB08805,Metiamide,Metiamide,D008785,MESH:D001919,Bradycardia
DB08805,Metiamide,Metiamide,D008785,MESH:D004381,Duodenal Ulcer
DB08805,Metiamide,Metiamide,D008785,MESH:D007022,Hypotension
DB08805,Metiamide,Metiamide,D008785,MESH:D010437,Peptic Ulcer
DB08805,Metiamide,Metiamide,D008785,MESH:D013276,Stomach Ulcer
DB00812,Phenylbutazone,Phenylbutazone,D010653,MESH:D015746,Abdominal Pain
DB00812,Phenylbutazone,Phenylbutazone,D010653,MESH:D001168,Arthritis
DB00812,Phenylbutazone,Phenylbutazone,D010653,MESH:D004487,Edema
DB00812,Phenylbutazone,Phenylbutazone,D010653,MESH:D007249,Inflammation
DB00812,Phenylbutazone,Phenylbutazone,D010653,MESH:D007592,Joint Diseases
DB00812,Phenylbutazone,Phenylbutazone,D010653,MESH:D009404,Nephrotic Syndrome
DB00812,Phenylbutazone,Phenylbutazone,D010653,MESH:D009846,Oliguria
DB00812,Phenylbutazone,Phenylbutazone,D010653,MESH:D010003,Osteoarthritis
DB00812,Phenylbutazone,Phenylbutazone,D010653,MESH:D010146,Pain
DB00812,Phenylbutazone,Phenylbutazone,D010653,MESH:D011507,Proteinuria
DB00812,Phenylbutazone,Phenylbutazone,D010653,MESH:D051437,Renal Insufficiency
DB00848,Levamisole,Levamisole,D007978,MESH:D001168,Arthritis
DB00848,Levamisole,Levamisole,D007978,MESH:D001943,Breast Neoplasms
DB00848,Levamisole,Levamisole,D007978,MESH:D003110,Colonic Neoplasms
DB00848,Levamisole,Levamisole,D007978,MESH:D015179,Colorectal Neoplasms
DB00848,Levamisole,Levamisole,D007978,MESH:D004660,Encephalitis
DB00848,Levamisole,Levamisole,D007978,MESH:D007414,Intestinal Neoplasms
DB00848,Levamisole,Levamisole,D007978,MESH:D008545,Melanoma
DB00848,Levamisole,Levamisole,D007978,MESH:D009404,Nephrotic Syndrome
DB00848,Levamisole,Levamisole,D007978,MESH:D012004,Rectal Neoplasms
DB00848,Levamisole,Levamisole,D007978,MESH:D012598,Sclerosis
DB00208,Ticlopidine,Ticlopidine,D013988,MESH:D000787,Angina Pectoris
DB00208,Ticlopidine,Ticlopidine,D013988,MESH:D050197,Atherosclerosis
DB00208,Ticlopidine,Ticlopidine,D013988,MESH:D001424,Bacterial Infections
DB00208,Ticlopidine,Ticlopidine,D013988,MESH:D002544,Cerebral Infarction
DB00208,Ticlopidine,Ticlopidine,D013988,MESH:D002561,Cerebrovascular Disorders
DB00208,Ticlopidine,Ticlopidine,D013988,MESH:D003324,Coronary Artery Disease
DB00208,Ticlopidine,Ticlopidine,D013988,MESH:D009203,Myocardial Infarction
DB00208,Ticlopidine,Ticlopidine,D013988,MESH:D058729,Peripheral Arterial Disease
DB00208,Ticlopidine,Ticlopidine,D013988,MESH:D020521,Stroke
DB00208,Ticlopidine,Ticlopidine,D013988,MESH:D013923,Thromboembolism
DB00208,Ticlopidine,Ticlopidine,D013988,MESH:D019851,Thrombophilia
DB00208,Ticlopidine,Ticlopidine,D013988,MESH:D013927,Thrombosis
DB00208,Ticlopidine,Ticlopidine,D013988,MESH:D014652,Vascular Diseases
DB01331,Cefoxitin,Cefoxitin,D002440,MESH:D015431,Weight Loss
DB00446,Chloramphenicol,Chloramphenicol,D002701,MESH:D004927,Escherichia coli Infections
DB00446,Chloramphenicol,Chloramphenicol,D002701,MESH:D016908,Gram-Positive Bacterial Infections
DB00446,Chloramphenicol,Chloramphenicol,D002701,MESH:D007938,Leukemia
DB00446,Chloramphenicol,Chloramphenicol,D002701,MESH:D008581,Meningitis
DB00446,Chloramphenicol,Chloramphenicol,D002701,MESH:D010146,Pain
DB00446,Chloramphenicol,Chloramphenicol,D002701,MESH:D011014,Pneumonia
DB00446,Chloramphenicol,Chloramphenicol,D002701,MESH:D011552,Pseudomonas Infections
DB00446,Chloramphenicol,Chloramphenicol,D002701,MESH:D014435,Typhoid Fever
DB00679,Thioridazine,Thioridazine,D013881,MESH:D000544,Alzheimer Disease
DB00679,Thioridazine,Thioridazine,D013881,MESH:D001008,Anxiety Disorders
DB00679,Thioridazine,Thioridazine,D013881,MESH:D001289,Attention Deficit Disorder with Hyperactivity
DB00679,Thioridazine,Thioridazine,D013881,MESH:D001714,Bipolar Disorder
DB00679,Thioridazine,Thioridazine,D013881,MESH:D002819,Chorea
DB00679,Thioridazine,Thioridazine,D013881,MESH:D003704,Dementia
DB00679,Thioridazine,Thioridazine,D013881,MESH:D003866,Depressive Disorder
DB00679,Thioridazine,Thioridazine,D013881,MESH:D006212,Hallucinations
DB00679,Thioridazine,Thioridazine,D013881,MESH:D001523,Mental Disorders
DB00679,Thioridazine,Thioridazine,D013881,MESH:D010259,Paranoid Disorders
DB00679,Thioridazine,Thioridazine,D013881,MESH:D010554,Personality Disorders
DB00679,Thioridazine,Thioridazine,D013881,MESH:D011595,Psychomotor Agitation
DB00679,Thioridazine,Thioridazine,D013881,MESH:D011618,Psychotic Disorders
DB00679,Thioridazine,Thioridazine,D013881,MESH:D011644,Puerperal Disorders
DB00679,Thioridazine,Thioridazine,D013881,MESH:D011654,Pulmonary Edema
DB00679,Thioridazine,Thioridazine,D013881,MESH:D012131,Respiratory Insufficiency
DB00679,Thioridazine,Thioridazine,D013881,MESH:D012559,Schizophrenia
DB00679,Thioridazine,Thioridazine,D013881,MESH:D012640,Seizures
DB00679,Thioridazine,Thioridazine,D013881,MESH:D007319,Sleep Initiation and Maintenance Disorders
DB00679,Thioridazine,Thioridazine,D013881,MESH:D013375,Substance Withdrawal Syndrome
DB00679,Thioridazine,Thioridazine,D013881,MESH:D014693,Ventricular Fibrillation
DB01056,Tocainide,Tocainide,D016677,MESH:D008133,Long QT Syndrome
DB01056,Tocainide,Tocainide,D016677,MESH:D013610,Tachycardia
DB01056,Tocainide,Tocainide,D016677,MESH:D014012,Tinnitus
DB01056,Tocainide,Tocainide,D016677,MESH:D018879,Ventricular Premature Complexes
DB00613,Amodiaquine,Amodiaquine,D000655,MESH:D002375,Catalepsy
DB00613,Amodiaquine,Amodiaquine,D000655,MESH:D008288,Malaria
DB00908,Quinidine,Quinidine,D011802,MESH:D001281,Atrial Fibrillation
DB00908,Quinidine,Quinidine,D011802,MESH:D054537,Atrioventricular Block
DB00908,Quinidine,Quinidine,D011802,MESH:D003324,Coronary Artery Disease
DB00908,Quinidine,Quinidine,D011802,MESH:D023921,Coronary Stenosis
DB00908,Quinidine,Quinidine,D011802,MESH:D006333,Heart Failure
DB00908,Quinidine,Quinidine,D011802,MESH:D008288,Malaria
DB00908,Quinidine,Quinidine,D011802,MESH:D019964,Mood Disorders
DB00908,Quinidine,Quinidine,D011802,MESH:D009103,Multiple Sclerosis
DB00908,Quinidine,Quinidine,D011802,MESH:D019954,Neurobehavioral Manifestations
DB00908,Quinidine,Quinidine,D011802,MESH:D013610,Tachycardia
DB00908,Quinidine,Quinidine,D011802,MESH:D014693,Ventricular Fibrillation
DB00908,Quinidine,Quinidine,D011802,MESH:D018879,Ventricular Premature Complexes
DB00908,Quinidine,Quinidine,D011802,MESH:D014927,Wolff-Parkinson-White Syndrome
DB06209,Prasugrel,Prasugrel Hydrochloride,D000068799,MESH:D054058,Acute Coronary Syndrome
DB06209,Prasugrel,Prasugrel Hydrochloride,D000068799,MESH:D050197,Atherosclerosis
DB06209,Prasugrel,Prasugrel Hydrochloride,D000068799,MESH:D001929,Brain Edema
DB06209,Prasugrel,Prasugrel Hydrochloride,D000068799,MESH:D009203,Myocardial Infarction
DB06209,Prasugrel,Prasugrel Hydrochloride,D000068799,MESH:D009461,Neurologic Manifestations
DB01075,Diphenhydramine,Diphenhydramine,D004155,MESH:D000402,Airway Obstruction
DB01075,Diphenhydramine,Diphenhydramine,D004155,MESH:D000799,Angioedema
DB01075,Diphenhydramine,Diphenhydramine,D004155,MESH:D001008,Anxiety Disorders
DB01075,Diphenhydramine,Diphenhydramine,D004155,MESH:D001480,Basal Ganglia Diseases
DB01075,Diphenhydramine,Diphenhydramine,D004155,MESH:D002375,Catalepsy
DB01075,Diphenhydramine,Diphenhydramine,D004155,MESH:D002389,Catatonia
DB01075,Diphenhydramine,Diphenhydramine,D004155,MESH:D003875,Drug Eruptions
DB01075,Diphenhydramine,Diphenhydramine,D004155,MESH:D004401,Dysarthria
DB01075,Diphenhydramine,Diphenhydramine,D004155,MESH:D020820,Dyskinesias
DB01075,Diphenhydramine,Diphenhydramine,D004155,MESH:D004421,Dystonia
DB01075,Diphenhydramine,Diphenhydramine,D004155,MESH:D020821,Dystonic Disorders
DB01075,Diphenhydramine,Diphenhydramine,D004155,MESH:D004487,Edema
DB01075,Diphenhydramine,Diphenhydramine,D004155,MESH:D016889,Endometrial Neoplasms
DB01075,Diphenhydramine,Diphenhydramine,D004155,MESH:D005076,Exanthema
DB01075,Diphenhydramine,Diphenhydramine,D004155,MESH:D005334,Fever
DB01075,Diphenhydramine,Diphenhydramine,D004155,MESH:D006333,Heart Failure
DB01075,Diphenhydramine,Diphenhydramine,D004155,MESH:D006930,Hyperalgesia
DB01075,Diphenhydramine,Diphenhydramine,D004155,MESH:D006943,Hyperglycemia
DB01075,Diphenhydramine,Diphenhydramine,D004155,MESH:D006948,Hyperkinesis
DB01075,Diphenhydramine,Diphenhydramine,D004155,MESH:D006967,Hypersensitivity
DB01075,Diphenhydramine,Diphenhydramine,D004155,MESH:D007003,Hypoglycemia
DB01075,Diphenhydramine,Diphenhydramine,D004155,MESH:D007022,Hypotension
DB01075,Diphenhydramine,Diphenhydramine,D004155,MESH:D008545,Melanoma
DB01075,Diphenhydramine,Diphenhydramine,D004155,MESH:D008881,Migraine Disorders
DB01075,Diphenhydramine,Diphenhydramine,D004155,MESH:D009069,Movement Disorders
DB01075,Diphenhydramine,Diphenhydramine,D004155,MESH:D009127,Muscle Rigidity
DB01075,Diphenhydramine,Diphenhydramine,D004155,MESH:D009325,Nausea
DB01075,Diphenhydramine,Diphenhydramine,D004155,MESH:D010146,Pain
DB01075,Diphenhydramine,Diphenhydramine,D004155,MESH:D011537,Pruritus
DB01075,Diphenhydramine,Diphenhydramine,D004155,MESH:D012640,Seizures
DB01075,Diphenhydramine,Diphenhydramine,D004155,MESH:D012852,Sinusitis
DB01075,Diphenhydramine,Diphenhydramine,D004155,MESH:D007319,Sleep Initiation and Maintenance Disorders
DB01075,Diphenhydramine,Diphenhydramine,D004155,MESH:D012912,Sneezing
DB01075,Diphenhydramine,Diphenhydramine,D004155,MESH:D013035,Spasm
DB01075,Diphenhydramine,Diphenhydramine,D004155,MESH:D013064,Speech Disorders
DB01075,Diphenhydramine,Diphenhydramine,D004155,MESH:D013375,Substance Withdrawal Syndrome
DB01075,Diphenhydramine,Diphenhydramine,D004155,MESH:D014103,Torticollis
DB01075,Diphenhydramine,Diphenhydramine,D004155,MESH:D014581,Urticaria
DB01075,Diphenhydramine,Diphenhydramine,D004155,MESH:D014839,Vomiting
DB01411,Pranlukast,pranlukast,C047681,MESH:D000402,Airway Obstruction
DB01411,Pranlukast,pranlukast,C047681,MESH:D001249,Asthma
DB01411,Pranlukast,pranlukast,C047681,MESH:D007249,Inflammation
DB01411,Pranlukast,pranlukast,C047681,MESH:D007410,Intestinal Diseases
DB01411,Pranlukast,pranlukast,C047681,MESH:D007511,Ischemia
DB01411,Pranlukast,pranlukast,C047681,MESH:D011014,Pneumonia
DB01411,Pranlukast,pranlukast,C047681,MESH:D012220,Rhinitis
DB00474,Methohexital,Methohexital,D008723,MESH:D009293,Opioid-Related Disorders
DB00474,Methohexital,Methohexital,D008723,MESH:D012640,Seizures
DB00474,Methohexital,Methohexital,D008723,MESH:D013226,Status Epilepticus
DB01222,Budesonide,Budesonide,D019819,MESH:D000402,Airway Obstruction
DB01222,Budesonide,Budesonide,D019819,MESH:D001249,Asthma
DB01222,Budesonide,Budesonide,D019819,MESH:D016535,Bronchial Hyperreactivity
DB01222,Budesonide,Budesonide,D019819,MESH:D001997,Bronchopulmonary Dysplasia
DB01222,Budesonide,Budesonide,D019819,MESH:D003424,Crohn Disease
DB01222,Budesonide,Budesonide,D019819,MESH:D004417,Dyspnea
DB01222,Budesonide,Budesonide,D019819,MESH:D005221,Fatigue
DB01222,Budesonide,Budesonide,D019819,MESH:D005767,Gastrointestinal Diseases
DB01222,Budesonide,Budesonide,D019819,MESH:D055370,Lung Injury
DB01222,Budesonide,Budesonide,D019819,MESH:D008175,Lung Neoplasms
DB01222,Budesonide,Budesonide,D019819,MESH:D015508,Nasal Obstruction
DB01222,Budesonide,Budesonide,D019819,MESH:D011654,Pulmonary Edema
DB01222,Budesonide,Budesonide,D019819,MESH:D011657,Pulmonary Eosinophilia
DB01222,Budesonide,Budesonide,D019819,MESH:D011658,Pulmonary Fibrosis
DB01222,Budesonide,Budesonide,D019819,MESH:D012135,Respiratory Sounds
DB01222,Budesonide,Budesonide,D019819,MESH:D012893,Sleep Wake Disorders
DB01189,Desflurane,Desflurane,D000077335,MESH:D006973,Hypertension
DB01189,Desflurane,Desflurane,D000077335,MESH:D017202,Myocardial Ischemia
DB01189,Desflurane,Desflurane,D000077335,MESH:D015427,Reperfusion Injury
DB01400,Neostigmine,Neostigmine,D009388,MESH:D000647,Amnesia
DB01400,Neostigmine,Neostigmine,D009388,MESH:D001049,Apnea
DB01400,Neostigmine,Neostigmine,D009388,MESH:D001763,Blepharoptosis
DB01400,Neostigmine,Neostigmine,D009388,MESH:D001768,Blister
DB01400,Neostigmine,Neostigmine,D009388,MESH:D006332,Cardiomegaly
DB01400,Neostigmine,Neostigmine,D009388,MESH:D003248,Constipation
DB01400,Neostigmine,Neostigmine,D009388,MESH:D006930,Hyperalgesia
DB01400,Neostigmine,Neostigmine,D009388,MESH:D007022,Hypotension
DB01400,Neostigmine,Neostigmine,D009388,MESH:D018908,Muscle Weakness
DB01400,Neostigmine,Neostigmine,D009388,MESH:D009135,Muscular Diseases
DB01400,Neostigmine,Neostigmine,D009388,MESH:D009157,Myasthenia Gravis
DB01400,Neostigmine,Neostigmine,D009388,MESH:D010146,Pain
DB01400,Neostigmine,Neostigmine,D009388,MESH:D010243,Paralysis
DB01400,Neostigmine,Neostigmine,D009388,MESH:D010149,Postoperative Pain
DB01400,Neostigmine,Neostigmine,D009388,MESH:D013610,Tachycardia
DB01400,Neostigmine,Neostigmine,D009388,MESH:D014313,Trismus
DB01400,Neostigmine,Neostigmine,D009388,MESH:D016055,Urinary Retention
DB00572,Atropine,Atropine,D001285,MESH:D000402,Airway Obstruction
DB00572,Atropine,Atropine,D001285,MESH:D000787,Angina Pectoris
DB00572,Atropine,Atropine,D001285,MESH:D000855,Anorexia
DB00572,Atropine,Atropine,D001285,MESH:D001049,Apnea
DB00572,Atropine,Atropine,D001285,MESH:D001259,Ataxia
DB00572,Atropine,Atropine,D001285,MESH:D001281,Atrial Fibrillation
DB00572,Atropine,Atropine,D001285,MESH:D054537,Atrioventricular Block
DB00572,Atropine,Atropine,D001285,MESH:D001919,Bradycardia
DB00572,Atropine,Atropine,D001285,MESH:D001943,Breast Neoplasms
DB00572,Atropine,Atropine,D001285,MESH:D001982,Bronchial Diseases
DB00572,Atropine,Atropine,D001285,MESH:D002375,Catalepsy
DB00572,Atropine,Atropine,D001285,MESH:D002561,Cerebrovascular Disorders
DB00572,Atropine,Atropine,D001285,MESH:D019970,Cocaine-Related Disorders
DB00572,Atropine,Atropine,D001285,MESH:D006259,Craniocerebral Trauma
DB00572,Atropine,Atropine,D001285,MESH:D003967,Diarrhea
DB00572,Atropine,Atropine,D001285,MESH:D062787,Drug Overdose
DB00572,Atropine,Atropine,D001285,MESH:D004381,Duodenal Ulcer
DB00572,Atropine,Atropine,D001285,MESH:D020820,Dyskinesias
DB00572,Atropine,Atropine,D001285,MESH:D004417,Dyspnea
DB00572,Atropine,Atropine,D001285,MESH:D004827,Epilepsy
DB00572,Atropine,Atropine,D001285,MESH:D007172,Erectile Dysfunction
DB00572,Atropine,Atropine,D001285,MESH:D005207,Fasciculation
DB00572,Atropine,Atropine,D001285,MESH:D005334,Fever
DB00572,Atropine,Atropine,D001285,MESH:D005767,Gastrointestinal Diseases
DB00572,Atropine,Atropine,D001285,MESH:D006261,Headache
DB00572,Atropine,Atropine,D001285,MESH:D006323,Heart Arrest
DB00572,Atropine,Atropine,D001285,MESH:D006327,Heart Block
DB00572,Atropine,Atropine,D001285,MESH:D006940,Hyperemia
DB00572,Atropine,Atropine,D001285,MESH:D006943,Hyperglycemia
DB00572,Atropine,Atropine,D001285,MESH:D006947,Hyperkalemia
DB00572,Atropine,Atropine,D001285,MESH:D006948,Hyperkinesis
DB00572,Atropine,Atropine,D001285,MESH:D006965,Hyperplasia
DB00572,Atropine,Atropine,D001285,MESH:D006973,Hypertension
DB00572,Atropine,Atropine,D001285,MESH:D007022,Hypotension
DB00572,Atropine,Atropine,D001285,MESH:D007040,Hypoventilation
DB00572,Atropine,Atropine,D001285,MESH:D007249,Inflammation
DB00572,Atropine,Atropine,D001285,MESH:D007410,Intestinal Diseases
DB00572,Atropine,Atropine,D001285,MESH:D015877,Miosis
DB00572,Atropine,Atropine,D001285,MESH:D018908,Muscle Weakness
DB00572,Atropine,Atropine,D001285,MESH:D009135,Muscular Diseases
DB00572,Atropine,Atropine,D001285,MESH:D009157,Myasthenia Gravis
DB00572,Atropine,Atropine,D001285,MESH:D009216,Myopia
DB00572,Atropine,Atropine,D001285,MESH:D009336,Necrosis
DB00572,Atropine,Atropine,D001285,MESH:D009410,Nerve Degeneration
DB00572,Atropine,Atropine,D001285,MESH:D009422,Nervous System Diseases
DB00572,Atropine,Atropine,D001285,MESH:D020258,Neurotoxicity Syndromes
DB00572,Atropine,Atropine,D001285,MESH:D010243,Paralysis
DB00572,Atropine,Atropine,D001285,MESH:D010437,Peptic Ulcer
DB00572,Atropine,Atropine,D001285,MESH:D011654,Pulmonary Edema
DB00572,Atropine,Atropine,D001285,MESH:D012120,Respiration Disorders
DB00572,Atropine,Atropine,D001285,MESH:D012640,Seizures
DB00572,Atropine,Atropine,D001285,MESH:D012798,Sialorrhea
DB00572,Atropine,Atropine,D001285,MESH:D013226,Status Epilepticus
DB00572,Atropine,Atropine,D001285,MESH:D013276,Stomach Ulcer
DB00572,Atropine,Atropine,D001285,MESH:D013610,Tachycardia
DB00572,Atropine,Atropine,D001285,MESH:D016171,Torsades de Pointes
DB00572,Atropine,Atropine,D001285,MESH:D014202,Tremor
DB00572,Atropine,Atropine,D001285,MESH:D014607,Uveomeningoencephalitic Syndrome
DB00572,Atropine,Atropine,D001285,MESH:D014786,Vision Disorders
DB00683,Midazolam,Midazolam,D008874,MESH:D000544,Alzheimer Disease
DB00683,Midazolam,Midazolam,D008874,MESH:D001281,Atrial Fibrillation
DB00683,Midazolam,Midazolam,D008874,MESH:D001480,Basal Ganglia Diseases
DB00683,Midazolam,Midazolam,D008874,MESH:D001927,Brain Diseases
DB00683,Midazolam,Midazolam,D008874,MESH:D019970,Cocaine-Related Disorders
DB00683,Midazolam,Midazolam,D008874,MESH:D003072,Cognition Disorders
DB00683,Midazolam,Midazolam,D008874,MESH:D003643,Death
DB00683,Midazolam,Midazolam,D008874,MESH:D004421,Dystonia
DB00683,Midazolam,Midazolam,D008874,MESH:D004827,Epilepsy
DB00683,Midazolam,Midazolam,D008874,MESH:D005207,Fasciculation
DB00683,Midazolam,Midazolam,D008874,MESH:D005911,Gliosis
DB00683,Midazolam,Midazolam,D008874,MESH:D006212,Hallucinations
DB00683,Midazolam,Midazolam,D008874,MESH:D006973,Hypertension
DB00683,Midazolam,Midazolam,D008874,MESH:D019586,Intracranial Hypertension
DB00683,Midazolam,Midazolam,D008874,MESH:D008569,Memory Disorders
DB00683,Midazolam,Midazolam,D008874,MESH:D009127,Muscle Rigidity
DB00683,Midazolam,Midazolam,D008874,MESH:D010146,Pain
DB00683,Midazolam,Midazolam,D008874,MESH:D010554,Personality Disorders
DB00683,Midazolam,Midazolam,D008874,MESH:D011183,Postoperative Complications
DB00683,Midazolam,Midazolam,D008874,MESH:D010149,Postoperative Pain
DB00683,Midazolam,Midazolam,D008874,MESH:D012640,Seizures
DB00683,Midazolam,Midazolam,D008874,MESH:D007319,Sleep Initiation and Maintenance Disorders
DB00683,Midazolam,Midazolam,D008874,MESH:D012893,Sleep Wake Disorders
DB00683,Midazolam,Midazolam,D008874,MESH:D013226,Status Epilepticus
DB00683,Midazolam,Midazolam,D008874,MESH:D013375,Substance Withdrawal Syndrome
DB00683,Midazolam,Midazolam,D008874,MESH:D015431,Weight Loss
DB00181,Baclofen,Baclofen,D001418,MESH:D000437,Alcoholism
DB00181,Baclofen,Baclofen,D001418,MESH:D019969,Amphetamine-Related Disorders
DB00181,Baclofen,Baclofen,D001418,MESH:D001008,Anxiety Disorders
DB00181,Baclofen,Baclofen,D001418,MESH:D001416,Back Pain
DB00181,Baclofen,Baclofen,D001418,MESH:D056912,Binge-Eating Disorder
DB00181,Baclofen,Baclofen,D001418,MESH:D001919,Bradycardia
DB00181,Baclofen,Baclofen,D001418,MESH:D001927,Brain Diseases
DB00181,Baclofen,Baclofen,D001418,MESH:D002545,Brain Ischemia
DB00181,Baclofen,Baclofen,D001418,MESH:D002375,Catalepsy
DB00181,Baclofen,Baclofen,D001418,MESH:D002524,Cerebellar Ataxia
DB00181,Baclofen,Baclofen,D001418,MESH:D002547,Cerebral Palsy
DB00181,Baclofen,Baclofen,D001418,MESH:D019970,Cocaine-Related Disorders
DB00181,Baclofen,Baclofen,D001418,MESH:D003072,Cognition Disorders
DB00181,Baclofen,Baclofen,D001418,MESH:D020820,Dyskinesias
DB00181,Baclofen,Baclofen,D001418,MESH:D004421,Dystonia
DB00181,Baclofen,Baclofen,D001418,MESH:D006429,Hemiplegia
DB00181,Baclofen,Baclofen,D001418,MESH:D006556,Heroin Dependence
DB00181,Baclofen,Baclofen,D001418,MESH:D006930,Hyperalgesia
DB00181,Baclofen,Baclofen,D001418,MESH:D006948,Hyperkinesis
DB00181,Baclofen,Baclofen,D001418,MESH:D007022,Hypotension
DB00181,Baclofen,Baclofen,D001418,MESH:D007249,Inflammation
DB00181,Baclofen,Baclofen,D001418,MESH:D016472,Motor Neuron Disease
DB00181,Baclofen,Baclofen,D001418,MESH:D009069,Movement Disorders
DB00181,Baclofen,Baclofen,D001418,MESH:D009103,Multiple Sclerosis
DB00181,Baclofen,Baclofen,D001418,MESH:D009122,Muscle Hypertonia
DB00181,Baclofen,Baclofen,D001418,MESH:D009123,Muscle Hypotonia
DB00181,Baclofen,Baclofen,D001418,MESH:D009128,Muscle Spasticity
DB00181,Baclofen,Baclofen,D001418,MESH:D009461,Neurologic Manifestations
DB00181,Baclofen,Baclofen,D001418,MESH:D020879,Neuromuscular Manifestations
DB00181,Baclofen,Baclofen,D001418,MESH:D020258,Neurotoxicity Syndromes
DB00181,Baclofen,Baclofen,D001418,MESH:D010146,Pain
DB00181,Baclofen,Baclofen,D001418,MESH:D010291,Paresis
DB00181,Baclofen,Baclofen,D001418,MESH:D010409,Penile Diseases
DB00181,Baclofen,Baclofen,D001418,MESH:D010554,Personality Disorders
DB00181,Baclofen,Baclofen,D001418,MESH:D011782,Quadriplegia
DB00181,Baclofen,Baclofen,D001418,MESH:D012640,Seizures
DB00181,Baclofen,Baclofen,D001418,MESH:D013035,Spasm
DB00181,Baclofen,Baclofen,D001418,MESH:D013119,Spinal Cord Injuries
DB00181,Baclofen,Baclofen,D001418,MESH:D013226,Status Epilepticus
DB00181,Baclofen,Baclofen,D001418,MESH:D013345,Subarachnoid Hemorrhage
DB00181,Baclofen,Baclofen,D001418,MESH:D013375,Substance Withdrawal Syndrome
DB00181,Baclofen,Baclofen,D001418,MESH:D013610,Tachycardia
DB00181,Baclofen,Baclofen,D001418,MESH:D014277,Trigeminal Neuralgia
DB00181,Baclofen,Baclofen,D001418,MESH:D014474,Unconsciousness
DB00422,Methylphenidate,Methylphenidate,D008774,MESH:D019969,Amphetamine-Related Disorders
DB00422,Methylphenidate,Methylphenidate,D008774,MESH:D019958,Attention Deficit and Disruptive Behavior Disorders
DB00422,Methylphenidate,Methylphenidate,D008774,MESH:D001289,Attention Deficit Disorder with Hyperactivity
DB00422,Methylphenidate,Methylphenidate,D008774,MESH:D001321,Autistic Disorder
DB00422,Methylphenidate,Methylphenidate,D008774,MESH:D001714,Bipolar Disorder
DB00422,Methylphenidate,Methylphenidate,D008774,MESH:D001930,Brain Injuries
DB00422,Methylphenidate,Methylphenidate,D008774,MESH:D002819,Chorea
DB00422,Methylphenidate,Methylphenidate,D008774,MESH:D019970,Cocaine-Related Disorders
DB00422,Methylphenidate,Methylphenidate,D008774,MESH:D003072,Cognition Disorders
DB00422,Methylphenidate,Methylphenidate,D008774,MESH:D003866,Depressive Disorder
DB00422,Methylphenidate,Methylphenidate,D008774,MESH:D007172,Erectile Dysfunction
DB00422,Methylphenidate,Methylphenidate,D008774,MESH:D005221,Fatigue
DB00422,Methylphenidate,Methylphenidate,D008774,MESH:D006948,Hyperkinesis
DB00422,Methylphenidate,Methylphenidate,D008774,MESH:D019957,Motor Skills Disorders
DB00422,Methylphenidate,Methylphenidate,D008774,MESH:D009135,Muscular Diseases
DB00422,Methylphenidate,Methylphenidate,D008774,MESH:D009290,Narcolepsy
DB00422,Methylphenidate,Methylphenidate,D008774,MESH:D019954,Neurobehavioral Manifestations
DB00422,Methylphenidate,Methylphenidate,D008774,MESH:D010146,Pain
DB00422,Methylphenidate,Methylphenidate,D008774,MESH:D011595,Psychomotor Agitation
DB00422,Methylphenidate,Methylphenidate,D008774,MESH:D011596,Psychomotor Disorders
DB00422,Methylphenidate,Methylphenidate,D008774,MESH:D011618,Psychotic Disorders
DB00422,Methylphenidate,Methylphenidate,D008774,MESH:D013001,Somatoform Disorders
DB00422,Methylphenidate,Methylphenidate,D008774,MESH:D013375,Substance Withdrawal Syndrome
DB00422,Methylphenidate,Methylphenidate,D008774,MESH:D013981,Tic Disorders
DB00808,Indapamide,Indapamide,D007190,MESH:D000419,Albuminuria
DB00808,Indapamide,Indapamide,D007190,MESH:D002545,Brain Ischemia
DB00808,Indapamide,Indapamide,D007190,MESH:D048909,Diabetes Complications
DB00808,Indapamide,Indapamide,D007190,MESH:D003920,Diabetes Mellitus
DB00808,Indapamide,Indapamide,D007190,MESH:D004487,Edema
DB00808,Indapamide,Indapamide,D007190,MESH:D053565,Hypercalciuria
DB00808,Indapamide,Indapamide,D007190,MESH:D006973,Hypertension
DB00808,Indapamide,Indapamide,D007190,MESH:D007008,Hypokalemia
DB00808,Indapamide,Indapamide,D007190,MESH:D007674,Kidney Diseases
DB00808,Indapamide,Indapamide,D007190,MESH:D012893,Sleep Wake Disorders
DB00622,Nicardipine,Nicardipine,D009529,MESH:D000419,Albuminuria
DB00622,Nicardipine,Nicardipine,D009529,MESH:D000787,Angina Pectoris
DB00622,Nicardipine,Nicardipine,D009529,MESH:D001249,Asthma
DB00622,Nicardipine,Nicardipine,D009529,MESH:D050197,Atherosclerosis
DB00622,Nicardipine,Nicardipine,D009529,MESH:D002545,Brain Ischemia
DB00622,Nicardipine,Nicardipine,D009529,MESH:D002318,Cardiovascular Diseases
DB00622,Nicardipine,Nicardipine,D009529,MESH:D002543,Cerebral Hemorrhage
DB00622,Nicardipine,Nicardipine,D009529,MESH:D003324,Coronary Artery Disease
DB00622,Nicardipine,Nicardipine,D009529,MESH:D003327,Coronary Disease
DB00622,Nicardipine,Nicardipine,D009529,MESH:D003329,Coronary Vasospasm
DB00622,Nicardipine,Nicardipine,D009529,MESH:D004487,Edema
DB00622,Nicardipine,Nicardipine,D009529,MESH:D006323,Heart Arrest
DB00622,Nicardipine,Nicardipine,D009529,MESH:D006333,Heart Failure
DB00622,Nicardipine,Nicardipine,D009529,MESH:D006965,Hyperplasia
DB00622,Nicardipine,Nicardipine,D009529,MESH:D006973,Hypertension
DB00622,Nicardipine,Nicardipine,D009529,MESH:D006984,Hypertrophy
DB00622,Nicardipine,Nicardipine,D009529,MESH:D007511,Ischemia
DB00622,Nicardipine,Nicardipine,D009529,MESH:D008107,Liver Diseases
DB00622,Nicardipine,Nicardipine,D009529,MESH:D017202,Myocardial Ischemia
DB00622,Nicardipine,Nicardipine,D009529,MESH:D010554,Personality Disorders
DB00622,Nicardipine,Nicardipine,D009529,MESH:D012131,Respiratory Insufficiency
DB00622,Nicardipine,Nicardipine,D009529,MESH:D013345,Subarachnoid Hemorrhage
DB00622,Nicardipine,Nicardipine,D009529,MESH:D019966,Substance-Related Disorders
DB00622,Nicardipine,Nicardipine,D009529,MESH:D013610,Tachycardia
DB00136,Calcitriol,Calcitriol,D002117,MESH:D000419,Albuminuria
DB00136,Calcitriol,Calcitriol,D002117,MESH:D000505,Alopecia
DB00136,Calcitriol,Calcitriol,D002117,MESH:D000740,Anemia
DB00136,Calcitriol,Calcitriol,D002117,MESH:D001342,Autonomic Nervous System Diseases
DB00136,Calcitriol,Calcitriol,D002117,MESH:D001847,Bone Diseases
DB00136,Calcitriol,Calcitriol,D002117,MESH:D001943,Breast Neoplasms
DB00136,Calcitriol,Calcitriol,D002117,MESH:D006332,Cardiomegaly
DB00136,Calcitriol,Calcitriol,D002117,MESH:D056486,Chemical and Drug Induced Liver Injury
DB00136,Calcitriol,Calcitriol,D002117,MESH:D015179,Colorectal Neoplasms
DB00136,Calcitriol,Calcitriol,D002117,MESH:D004719,Endomyocardial Fibrosis
DB00136,Calcitriol,Calcitriol,D002117,MESH:D053098,Familial Hypophosphatemic Rickets
DB00136,Calcitriol,Calcitriol,D002117,MESH:D005355,Fibrosis
DB00136,Calcitriol,Calcitriol,D002117,MESH:D005910,Glioma
DB00136,Calcitriol,Calcitriol,D002117,MESH:D005921,Glomerulonephritis
DB00136,Calcitriol,Calcitriol,D002117,MESH:D006258,Head and Neck Neoplasms
DB00136,Calcitriol,Calcitriol,D002117,MESH:D006934,Hypercalcemia
DB00136,Calcitriol,Calcitriol,D002117,MESH:D006943,Hyperglycemia
DB00136,Calcitriol,Calcitriol,D002117,MESH:D006961,Hyperparathyroidism
DB00136,Calcitriol,Calcitriol,D002117,MESH:D006965,Hyperplasia
DB00136,Calcitriol,Calcitriol,D002117,MESH:D006973,Hypertension
DB00136,Calcitriol,Calcitriol,D002117,MESH:D006996,Hypocalcemia
DB00136,Calcitriol,Calcitriol,D002117,MESH:D007011,Hypoparathyroidism
DB00136,Calcitriol,Calcitriol,D002117,MESH:D007249,Inflammation
DB00136,Calcitriol,Calcitriol,D002117,MESH:D007938,Leukemia
DB00136,Calcitriol,Calcitriol,D002117,MESH:D008175,Lung Neoplasms
DB00136,Calcitriol,Calcitriol,D002117,MESH:D008223,Lymphoma
DB00136,Calcitriol,Calcitriol,D002117,MESH:D009069,Movement Disorders
DB00136,Calcitriol,Calcitriol,D002117,MESH:D009101,Multiple Myeloma
DB00136,Calcitriol,Calcitriol,D002117,MESH:D010190,Pancreatic Neoplasms
DB00136,Calcitriol,Calcitriol,D002117,MESH:D011183,Postoperative Complications
DB00136,Calcitriol,Calcitriol,D002117,MESH:D011470,Prostatic Hyperplasia
DB00136,Calcitriol,Calcitriol,D002117,MESH:D011471,Prostatic Neoplasms
DB00136,Calcitriol,Calcitriol,D002117,MESH:D011547,Pseudohypoparathyroidism
DB00136,Calcitriol,Calcitriol,D002117,MESH:D011565,Psoriasis
DB00136,Calcitriol,Calcitriol,D002117,MESH:D011654,Pulmonary Edema
DB00136,Calcitriol,Calcitriol,D002117,MESH:D011658,Pulmonary Fibrosis
DB00136,Calcitriol,Calcitriol,D002117,MESH:D051437,Renal Insufficiency
DB00136,Calcitriol,Calcitriol,D002117,MESH:D012141,Respiratory Tract Infections
DB00136,Calcitriol,Calcitriol,D002117,MESH:D012175,Retinoblastoma
DB00136,Calcitriol,Calcitriol,D002117,MESH:D012279,Rickets
DB00136,Calcitriol,Calcitriol,D002117,MESH:D012878,Skin Neoplasms
DB00136,Calcitriol,Calcitriol,D002117,MESH:D013610,Tachycardia
DB00136,Calcitriol,Calcitriol,D002117,MESH:D013733,Testicular Diseases
DB00136,Calcitriol,Calcitriol,D002117,MESH:D013959,Thyroid Diseases
DB00136,Calcitriol,Calcitriol,D002117,MESH:D014511,Uremia
DB00136,Calcitriol,Calcitriol,D002117,MESH:D020257,Ventricular Remodeling
DB00136,Calcitriol,Calcitriol,D002117,MESH:D014808,Vitamin D Deficiency
DB01599,Probucol,Probucol,D011341,MESH:D000419,Albuminuria
DB01599,Probucol,Probucol,D011341,MESH:D001201,Ascites
DB01599,Probucol,Probucol,D011341,MESH:D050197,Atherosclerosis
DB01599,Probucol,Probucol,D011341,MESH:D006332,Cardiomegaly
DB01599,Probucol,Probucol,D011341,MESH:D009202,Cardiomyopathies
DB01599,Probucol,Probucol,D011341,MESH:D003327,Coronary Disease
DB01599,Probucol,Probucol,D011341,MESH:D004719,Endomyocardial Fibrosis
DB01599,Probucol,Probucol,D011341,MESH:D006331,Heart Diseases
DB01599,Probucol,Probucol,D011341,MESH:D006333,Heart Failure
DB01599,Probucol,Probucol,D011341,MESH:D006470,Hemorrhage
DB01599,Probucol,Probucol,D011341,MESH:D006937,Hypercholesterolemia
DB01599,Probucol,Probucol,D011341,MESH:D006949,Hyperlipidemias
DB01599,Probucol,Probucol,D011341,MESH:D006938,Hyperlipoproteinemia Type II
DB01599,Probucol,Probucol,D011341,MESH:D009401,Nephrosis
DB01599,Probucol,Probucol,D011341,MESH:D009404,Nephrotic Syndrome
DB01599,Probucol,Probucol,D011341,MESH:D011507,Proteinuria
DB01599,Probucol,Probucol,D011341,MESH:D013610,Tachycardia
DB00177,Valsartan,Valsartan,D000068756,MESH:D058186,Acute Kidney Injury
DB00177,Valsartan,Valsartan,D000068756,MESH:D000419,Albuminuria
DB00177,Valsartan,Valsartan,D000068756,MESH:D001281,Atrial Fibrillation
DB00177,Valsartan,Valsartan,D000068756,MESH:D006332,Cardiomegaly
DB00177,Valsartan,Valsartan,D000068756,MESH:D009202,Cardiomyopathies
DB00177,Valsartan,Valsartan,D000068756,MESH:D066126,Cardiotoxicity
DB00177,Valsartan,Valsartan,D000068756,MESH:D002318,Cardiovascular Diseases
DB00177,Valsartan,Valsartan,D000068756,MESH:D019457,Chromosome Breakage
DB00177,Valsartan,Valsartan,D000068756,MESH:D003324,Coronary Artery Disease
DB00177,Valsartan,Valsartan,D000068756,MESH:D003384,Coxsackievirus Infections
DB00177,Valsartan,Valsartan,D000068756,MESH:D003928,Diabetic Nephropathies
DB00177,Valsartan,Valsartan,D000068756,MESH:D005355,Fibrosis
DB00177,Valsartan,Valsartan,D000068756,MESH:D005921,Glomerulonephritis
DB00177,Valsartan,Valsartan,D000068756,MESH:D006333,Heart Failure
DB00177,Valsartan,Valsartan,D000068756,MESH:D006973,Hypertension
DB00177,Valsartan,Valsartan,D000068756,MESH:D007674,Kidney Diseases
DB00177,Valsartan,Valsartan,D000068756,MESH:D008569,Memory Disorders
DB00177,Valsartan,Valsartan,D000068756,MESH:D009203,Myocardial Infarction
DB00177,Valsartan,Valsartan,D000068756,MESH:D015428,Myocardial Reperfusion Injury
DB00177,Valsartan,Valsartan,D000068756,MESH:D009336,Necrosis
DB00177,Valsartan,Valsartan,D000068756,MESH:D058426,Neointima
DB00177,Valsartan,Valsartan,D000068756,MESH:D009400,Nephrosclerosis
DB00177,Valsartan,Valsartan,D000068756,MESH:D011507,Proteinuria
DB00177,Valsartan,Valsartan,D000068756,MESH:D011658,Pulmonary Fibrosis
DB00177,Valsartan,Valsartan,D000068756,MESH:D051437,Renal Insufficiency
DB00177,Valsartan,Valsartan,D000068756,MESH:D013733,Testicular Diseases
DB00177,Valsartan,Valsartan,D000068756,MESH:D057772,Vascular System Injuries
DB00177,Valsartan,Valsartan,D000068756,MESH:D020257,Ventricular Remodeling
DB00177,Valsartan,Valsartan,D000068756,MESH:D015431,Weight Loss
DB09220,Nicorandil,Nicorandil,D020108,MESH:D058186,Acute Kidney Injury
DB09220,Nicorandil,Nicorandil,D020108,MESH:D000419,Albuminuria
DB09220,Nicorandil,Nicorandil,D020108,MESH:D000787,Angina Pectoris
DB09220,Nicorandil,Nicorandil,D020108,MESH:D002545,Brain Ischemia
DB09220,Nicorandil,Nicorandil,D020108,MESH:D003329,Coronary Vasospasm
DB09220,Nicorandil,Nicorandil,D020108,MESH:D005355,Fibrosis
DB09220,Nicorandil,Nicorandil,D020108,MESH:D006470,Hemorrhage
DB09220,Nicorandil,Nicorandil,D020108,MESH:D055370,Lung Injury
DB09220,Nicorandil,Nicorandil,D020108,MESH:D009203,Myocardial Infarction
DB09220,Nicorandil,Nicorandil,D020108,MESH:D011507,Proteinuria
DB09220,Nicorandil,Nicorandil,D020108,MESH:D015427,Reperfusion Injury
DB09220,Nicorandil,Nicorandil,D020108,MESH:D013733,Testicular Diseases
DB00877,Sirolimus,Sirolimus,D020123,MESH:D058186,Acute Kidney Injury
DB00877,Sirolimus,Sirolimus,D020123,MESH:D050197,Atherosclerosis
DB00877,Sirolimus,Sirolimus,D020123,MESH:D001321,Autistic Disorder
DB00877,Sirolimus,Sirolimus,D020123,MESH:D001862,Bone Resorption
DB00877,Sirolimus,Sirolimus,D020123,MESH:D002277,Carcinoma
DB00877,Sirolimus,Sirolimus,D020123,MESH:D006332,Cardiomegaly
DB00877,Sirolimus,Sirolimus,D020123,MESH:D066126,Cardiotoxicity
DB00877,Sirolimus,Sirolimus,D020123,MESH:D056486,Chemical and Drug Induced Liver Injury
DB00877,Sirolimus,Sirolimus,D020123,MESH:D002779,Cholestasis
DB00877,Sirolimus,Sirolimus,D020123,MESH:D023903,Coronary Restenosis
DB00877,Sirolimus,Sirolimus,D020123,MESH:D003711,Demyelinating Diseases
DB00877,Sirolimus,Sirolimus,D020123,MESH:D003928,Diabetic Nephropathies
DB00877,Sirolimus,Sirolimus,D020123,MESH:D004719,Endomyocardial Fibrosis
DB00877,Sirolimus,Sirolimus,D020123,MESH:D006086,Graft vs Host Disease
DB00877,Sirolimus,Sirolimus,D020123,MESH:D006258,Head and Neck Neoplasms
DB00877,Sirolimus,Sirolimus,D020123,MESH:D006333,Heart Failure
DB00877,Sirolimus,Sirolimus,D020123,MESH:D006529,Hepatomegaly
DB00877,Sirolimus,Sirolimus,D020123,MESH:D006816,Huntington Disease
DB00877,Sirolimus,Sirolimus,D020123,MESH:D006943,Hyperglycemia
DB00877,Sirolimus,Sirolimus,D020123,MESH:D006965,Hyperplasia
DB00877,Sirolimus,Sirolimus,D020123,MESH:D006984,Hypertrophy
DB00877,Sirolimus,Sirolimus,D020123,MESH:D007674,Kidney Diseases
DB00877,Sirolimus,Sirolimus,D020123,MESH:D008103,Liver Cirrhosis
DB00877,Sirolimus,Sirolimus,D020123,MESH:D008545,Melanoma
DB00877,Sirolimus,Sirolimus,D020123,MESH:D008654,Mesothelioma
DB00877,Sirolimus,Sirolimus,D020123,MESH:D009062,Mouth Neoplasms
DB00877,Sirolimus,Sirolimus,D020123,MESH:D009101,Multiple Myeloma
DB00877,Sirolimus,Sirolimus,D020123,MESH:D009336,Necrosis
DB00877,Sirolimus,Sirolimus,D020123,MESH:D058426,Neointima
DB00877,Sirolimus,Sirolimus,D020123,MESH:D009361,Neoplasm Invasiveness
DB00877,Sirolimus,Sirolimus,D020123,MESH:D009362,Neoplasm Metastasis
DB00877,Sirolimus,Sirolimus,D020123,MESH:D009369,Neoplasms
DB00877,Sirolimus,Sirolimus,D020123,MESH:D010300,Parkinson Disease
DB00877,Sirolimus,Sirolimus,D020123,MESH:D007690,Polycystic Kidney Diseases
DB00877,Sirolimus,Sirolimus,D020123,MESH:D011123,Polyploidy
DB00877,Sirolimus,Sirolimus,D020123,MESH:D011183,Postoperative Complications
DB00877,Sirolimus,Sirolimus,D020123,MESH:D054198,Precursor Cell Lymphoblastic Leukemia-Lymphoma
DB00877,Sirolimus,Sirolimus,D020123,MESH:D054218,Precursor T-Cell Lymphoblastic Leukemia-Lymphoma
DB00877,Sirolimus,Sirolimus,D020123,MESH:D017096,Prion Diseases
DB00877,Sirolimus,Sirolimus,D020123,MESH:D011565,Psoriasis
DB00877,Sirolimus,Sirolimus,D020123,MESH:D011658,Pulmonary Fibrosis
DB00877,Sirolimus,Sirolimus,D020123,MESH:D012640,Seizures
DB00877,Sirolimus,Sirolimus,D020123,MESH:D012878,Skin Neoplasms
DB00877,Sirolimus,Sirolimus,D020123,MESH:D064726,Triple Negative Breast Neoplasms
DB00877,Sirolimus,Sirolimus,D020123,MESH:D014402,Tuberous Sclerosis
DB00877,Sirolimus,Sirolimus,D020123,MESH:D014605,Uveitis
DB00877,Sirolimus,Sirolimus,D020123,MESH:D018754,Ventricular Dysfunction
DB00877,Sirolimus,Sirolimus,D020123,MESH:D015430,Weight Gain
DB05990,Obeticholic acid,obeticholic acid,C464660,MESH:D000419,Albuminuria
DB05990,Obeticholic acid,obeticholic acid,C464660,MESH:D056486,Chemical and Drug Induced Liver Injury
DB05990,Obeticholic acid,obeticholic acid,C464660,MESH:D002761,Cholangitis
DB05990,Obeticholic acid,obeticholic acid,C464660,MESH:D002779,Cholestasis
DB05990,Obeticholic acid,obeticholic acid,C464660,MESH:D003092,Colitis
DB05990,Obeticholic acid,obeticholic acid,C464660,MESH:D005234,Fatty Liver
DB05990,Obeticholic acid,obeticholic acid,C464660,MESH:D005355,Fibrosis
DB05990,Obeticholic acid,obeticholic acid,C464660,MESH:D006470,Hemorrhage
DB05990,Obeticholic acid,obeticholic acid,C464660,MESH:D006504,Hepatic Veno-Occlusive Disease
DB05990,Obeticholic acid,obeticholic acid,C464660,MESH:D006505,Hepatitis
DB05990,Obeticholic acid,obeticholic acid,C464660,MESH:D006529,Hepatomegaly
DB05990,Obeticholic acid,obeticholic acid,C464660,MESH:D007249,Inflammation
DB05990,Obeticholic acid,obeticholic acid,C464660,MESH:D008103,Liver Cirrhosis
DB05990,Obeticholic acid,obeticholic acid,C464660,MESH:D047508,Massive Hepatic Necrosis
DB05990,Obeticholic acid,obeticholic acid,C464660,MESH:D009336,Necrosis
DB05990,Obeticholic acid,obeticholic acid,C464660,MESH:D065626,Non-alcoholic Fatty Liver Disease
DB05990,Obeticholic acid,obeticholic acid,C464660,MESH:D051437,Renal Insufficiency
DB05990,Obeticholic acid,obeticholic acid,C464660,MESH:D014456,Ulcer
DB05990,Obeticholic acid,obeticholic acid,C464660,MESH:D015430,Weight Gain
DB05990,Obeticholic acid,obeticholic acid,C464660,MESH:D015431,Weight Loss
DB01132,Pioglitazone,Pioglitazone,D000077205,MESH:D000419,Albuminuria
DB01132,Pioglitazone,Pioglitazone,D000077205,MESH:D001008,Anxiety Disorders
DB01132,Pioglitazone,Pioglitazone,D000077205,MESH:D001321,Autistic Disorder
DB01132,Pioglitazone,Pioglitazone,D000077205,MESH:D001929,Brain Edema
DB01132,Pioglitazone,Pioglitazone,D000077205,MESH:D001930,Brain Injuries
DB01132,Pioglitazone,Pioglitazone,D000077205,MESH:D066126,Cardiotoxicity
DB01132,Pioglitazone,Pioglitazone,D000077205,MESH:D003072,Cognition Disorders
DB01132,Pioglitazone,Pioglitazone,D000077205,MESH:D003110,Colonic Neoplasms
DB01132,Pioglitazone,Pioglitazone,D000077205,MESH:D003550,Cystic Fibrosis
DB01132,Pioglitazone,Pioglitazone,D000077205,MESH:D003920,Diabetes Mellitus
DB01132,Pioglitazone,Pioglitazone,D000077205,MESH:D003925,Diabetic Angiopathies
DB01132,Pioglitazone,Pioglitazone,D000077205,MESH:D003928,Diabetic Nephropathies
DB01132,Pioglitazone,Pioglitazone,D000077205,MESH:D003930,Diabetic Retinopathy
DB01132,Pioglitazone,Pioglitazone,D000077205,MESH:D050171,Dyslipidemias
DB01132,Pioglitazone,Pioglitazone,D000077205,MESH:D018149,Glucose Intolerance
DB01132,Pioglitazone,Pioglitazone,D000077205,MESH:D006943,Hyperglycemia
DB01132,Pioglitazone,Pioglitazone,D000077205,MESH:D006946,Hyperinsulinism
DB01132,Pioglitazone,Pioglitazone,D000077205,MESH:D006949,Hyperlipidemias
DB01132,Pioglitazone,Pioglitazone,D000077205,MESH:D006973,Hypertension
DB01132,Pioglitazone,Pioglitazone,D000077205,MESH:D033461,Hyperuricemia
DB01132,Pioglitazone,Pioglitazone,D000077205,MESH:D007249,Inflammation
DB01132,Pioglitazone,Pioglitazone,D000077205,MESH:D007333,Insulin Resistance
DB01132,Pioglitazone,Pioglitazone,D000077205,MESH:D007674,Kidney Diseases
DB01132,Pioglitazone,Pioglitazone,D000077205,MESH:D008569,Memory Disorders
DB01132,Pioglitazone,Pioglitazone,D000077205,MESH:D001523,Mental Disorders
DB01132,Pioglitazone,Pioglitazone,D000077205,MESH:D024821,Metabolic Syndrome
DB01132,Pioglitazone,Pioglitazone,D000077205,MESH:D009203,Myocardial Infarction
DB01132,Pioglitazone,Pioglitazone,D000077205,MESH:D015428,Myocardial Reperfusion Injury
DB01132,Pioglitazone,Pioglitazone,D000077205,MESH:D009336,Necrosis
DB01132,Pioglitazone,Pioglitazone,D000077205,MESH:D009410,Nerve Degeneration
DB01132,Pioglitazone,Pioglitazone,D000077205,MESH:D019954,Neurobehavioral Manifestations
DB01132,Pioglitazone,Pioglitazone,D000077205,MESH:D020258,Neurotoxicity Syndromes
DB01132,Pioglitazone,Pioglitazone,D000077205,MESH:D065626,Non-alcoholic Fatty Liver Disease
DB01132,Pioglitazone,Pioglitazone,D000077205,MESH:D009765,Obesity
DB01132,Pioglitazone,Pioglitazone,D000077205,MESH:D010182,Pancreatic Diseases
DB01132,Pioglitazone,Pioglitazone,D000077205,MESH:D010300,Parkinson Disease
DB01132,Pioglitazone,Pioglitazone,D000077205,MESH:D011507,Proteinuria
DB01132,Pioglitazone,Pioglitazone,D000077205,MESH:D011595,Psychomotor Agitation
DB01132,Pioglitazone,Pioglitazone,D000077205,MESH:D011658,Pulmonary Fibrosis
DB01132,Pioglitazone,Pioglitazone,D000077205,MESH:D051437,Renal Insufficiency
DB01132,Pioglitazone,Pioglitazone,D000077205,MESH:D019956,Stereotypic Movement Disorder
DB01132,Pioglitazone,Pioglitazone,D000077205,MESH:D015430,Weight Gain
DB01132,Pioglitazone,Pioglitazone,D000077205,MESH:D015431,Weight Loss
DB00542,Benazepril,benazepril,C044946,MESH:D054058,Acute Coronary Syndrome
DB00542,Benazepril,benazepril,C044946,MESH:D000419,Albuminuria
DB00542,Benazepril,benazepril,C044946,MESH:D050197,Atherosclerosis
DB00542,Benazepril,benazepril,C044946,MESH:D001281,Atrial Fibrillation
DB00542,Benazepril,benazepril,C044946,MESH:D002277,Carcinoma
DB00542,Benazepril,benazepril,C044946,MESH:D003928,Diabetic Nephropathies
DB00542,Benazepril,benazepril,C044946,MESH:D004719,Endomyocardial Fibrosis
DB00542,Benazepril,benazepril,C044946,MESH:D005355,Fibrosis
DB00542,Benazepril,benazepril,C044946,MESH:D005921,Glomerulonephritis
DB00542,Benazepril,benazepril,C044946,MESH:D018149,Glucose Intolerance
DB00542,Benazepril,benazepril,C044946,MESH:D006333,Heart Failure
DB00542,Benazepril,benazepril,C044946,MESH:D006943,Hyperglycemia
DB00542,Benazepril,benazepril,C044946,MESH:D006946,Hyperinsulinism
DB00542,Benazepril,benazepril,C044946,MESH:D006973,Hypertension
DB00542,Benazepril,benazepril,C044946,MESH:D006984,Hypertrophy
DB00542,Benazepril,benazepril,C044946,MESH:D007333,Insulin Resistance
DB00542,Benazepril,benazepril,C044946,MESH:D007674,Kidney Diseases
DB00542,Benazepril,benazepril,C044946,MESH:D024821,Metabolic Syndrome
DB00542,Benazepril,benazepril,C044946,MESH:D017202,Myocardial Ischemia
DB00542,Benazepril,benazepril,C044946,MESH:D015428,Myocardial Reperfusion Injury
DB00542,Benazepril,benazepril,C044946,MESH:D058426,Neointima
DB00542,Benazepril,benazepril,C044946,MESH:D009400,Nephrosclerosis
DB00542,Benazepril,benazepril,C044946,MESH:D009404,Nephrotic Syndrome
DB00542,Benazepril,benazepril,C044946,MESH:D011507,Proteinuria
DB00542,Benazepril,benazepril,C044946,MESH:D051437,Renal Insufficiency
DB00542,Benazepril,benazepril,C044946,MESH:D014511,Uremia
DB00542,Benazepril,benazepril,C044946,MESH:D057772,Vascular System Injuries
DB00542,Benazepril,benazepril,C044946,MESH:D020257,Ventricular Remodeling
DB00542,Benazepril,benazepril,C044946,MESH:D015431,Weight Loss
DB00790,Perindopril,Perindopril,D020913,MESH:D000419,Albuminuria
DB00790,Perindopril,Perindopril,D020913,MESH:D019969,Amphetamine-Related Disorders
DB00790,Perindopril,Perindopril,D020913,MESH:D006332,Cardiomegaly
DB00790,Perindopril,Perindopril,D020913,MESH:D056486,Chemical and Drug Induced Liver Injury
DB00790,Perindopril,Perindopril,D020913,MESH:D048909,Diabetes Complications
DB00790,Perindopril,Perindopril,D020913,MESH:D003920,Diabetes Mellitus
DB00790,Perindopril,Perindopril,D020913,MESH:D003928,Diabetic Nephropathies
DB00790,Perindopril,Perindopril,D020913,MESH:D018450,Disease Progression
DB00790,Perindopril,Perindopril,D020913,MESH:D004719,Endomyocardial Fibrosis
DB00790,Perindopril,Perindopril,D020913,MESH:D006973,Hypertension
DB00790,Perindopril,Perindopril,D020913,MESH:D007333,Insulin Resistance
DB00790,Perindopril,Perindopril,D020913,MESH:D007410,Intestinal Diseases
DB00790,Perindopril,Perindopril,D020913,MESH:D007674,Kidney Diseases
DB00790,Perindopril,Perindopril,D020913,MESH:D008103,Liver Cirrhosis
DB00790,Perindopril,Perindopril,D020913,MESH:D009203,Myocardial Infarction
DB00790,Perindopril,Perindopril,D020913,MESH:D017202,Myocardial Ischemia
DB00790,Perindopril,Perindopril,D020913,MESH:D011507,Proteinuria
DB00790,Perindopril,Perindopril,D020913,MESH:D020521,Stroke
DB00790,Perindopril,Perindopril,D020913,MESH:D013927,Thrombosis
DB00790,Perindopril,Perindopril,D020913,MESH:D014652,Vascular Diseases
DB00790,Perindopril,Perindopril,D020913,MESH:D066253,Vascular Remodeling
DB00790,Perindopril,Perindopril,D020913,MESH:D020257,Ventricular Remodeling
DB00966,Telmisartan,Telmisartan,D000077333,MESH:D058186,Acute Kidney Injury
DB00966,Telmisartan,Telmisartan,D000077333,MESH:D000419,Albuminuria
DB00966,Telmisartan,Telmisartan,D000077333,MESH:D001018,Aortic Diseases
DB00966,Telmisartan,Telmisartan,D000077333,MESH:D050197,Atherosclerosis
DB00966,Telmisartan,Telmisartan,D000077333,MESH:D001281,Atrial Fibrillation
DB00966,Telmisartan,Telmisartan,D000077333,MESH:D001424,Bacterial Infections
DB00966,Telmisartan,Telmisartan,D000077333,MESH:D002545,Brain Ischemia
DB00966,Telmisartan,Telmisartan,D000077333,MESH:D006332,Cardiomegaly
DB00966,Telmisartan,Telmisartan,D000077333,MESH:D056486,Chemical and Drug Induced Liver Injury
DB00966,Telmisartan,Telmisartan,D000077333,MESH:D003092,Colitis
DB00966,Telmisartan,Telmisartan,D000077333,MESH:D003920,Diabetes Mellitus
DB00966,Telmisartan,Telmisartan,D000077333,MESH:D003928,Diabetic Nephropathies
DB00966,Telmisartan,Telmisartan,D000077333,MESH:D004487,Edema
DB00966,Telmisartan,Telmisartan,D000077333,MESH:D005234,Fatty Liver
DB00966,Telmisartan,Telmisartan,D000077333,MESH:D005355,Fibrosis
DB00966,Telmisartan,Telmisartan,D000077333,MESH:D005921,Glomerulonephritis
DB00966,Telmisartan,Telmisartan,D000077333,MESH:D006331,Heart Diseases
DB00966,Telmisartan,Telmisartan,D000077333,MESH:D006333,Heart Failure
DB00966,Telmisartan,Telmisartan,D000077333,MESH:D006470,Hemorrhage
DB00966,Telmisartan,Telmisartan,D000077333,MESH:D006943,Hyperglycemia
DB00966,Telmisartan,Telmisartan,D000077333,MESH:D006973,Hypertension
DB00966,Telmisartan,Telmisartan,D000077333,MESH:D007333,Insulin Resistance
DB00966,Telmisartan,Telmisartan,D000077333,MESH:D007674,Kidney Diseases
DB00966,Telmisartan,Telmisartan,D000077333,MESH:D024821,Metabolic Syndrome
DB00966,Telmisartan,Telmisartan,D000077333,MESH:D009203,Myocardial Infarction
DB00966,Telmisartan,Telmisartan,D000077333,MESH:D009336,Necrosis
DB00966,Telmisartan,Telmisartan,D000077333,MESH:D009765,Obesity
DB00966,Telmisartan,Telmisartan,D000077333,MESH:D011507,Proteinuria
DB00966,Telmisartan,Telmisartan,D000077333,MESH:D015427,Reperfusion Injury
DB00966,Telmisartan,Telmisartan,D000077333,MESH:D014652,Vascular Diseases
DB00966,Telmisartan,Telmisartan,D000077333,MESH:D015430,Weight Gain
DB00966,Telmisartan,Telmisartan,D000077333,MESH:D015431,Weight Loss
DB09235,Efonidipine,efonidipine,C066425,MESH:D000419,Albuminuria
DB09235,Efonidipine,efonidipine,C066425,MESH:D003928,Diabetic Nephropathies
DB09235,Efonidipine,efonidipine,C066425,MESH:D006973,Hypertension
DB00575,Clonidine,Clonidine,D003000,MESH:D000419,Albuminuria
DB00575,Clonidine,Clonidine,D003000,MESH:D000647,Amnesia
DB00575,Clonidine,Clonidine,D003000,MESH:D001008,Anxiety Disorders
DB00575,Clonidine,Clonidine,D003000,MESH:D001289,Attention Deficit Disorder with Hyperactivity
DB00575,Clonidine,Clonidine,D003000,MESH:D001321,Autistic Disorder
DB00575,Clonidine,Clonidine,D003000,MESH:D001342,Autonomic Nervous System Diseases
DB00575,Clonidine,Clonidine,D003000,MESH:D001919,Bradycardia
DB00575,Clonidine,Clonidine,D003000,MESH:D002375,Catalepsy
DB00575,Clonidine,Clonidine,D003000,MESH:D002389,Catatonia
DB00575,Clonidine,Clonidine,D003000,MESH:D019970,Cocaine-Related Disorders
DB00575,Clonidine,Clonidine,D003000,MESH:D003866,Depressive Disorder
DB00575,Clonidine,Clonidine,D003000,MESH:D004487,Edema
DB00575,Clonidine,Clonidine,D003000,MESH:D004751,Enteritis
DB00575,Clonidine,Clonidine,D003000,MESH:D005901,Glaucoma
DB00575,Clonidine,Clonidine,D003000,MESH:D006212,Hallucinations
DB00575,Clonidine,Clonidine,D003000,MESH:D006323,Heart Arrest
DB00575,Clonidine,Clonidine,D003000,MESH:D006556,Heroin Dependence
DB00575,Clonidine,Clonidine,D003000,MESH:D006930,Hyperalgesia
DB00575,Clonidine,Clonidine,D003000,MESH:D006973,Hypertension
DB00575,Clonidine,Clonidine,D003000,MESH:D007022,Hypotension
DB00575,Clonidine,Clonidine,D003000,MESH:D010148,Intractable Pain
DB00575,Clonidine,Clonidine,D003000,MESH:D009069,Movement Disorders
DB00575,Clonidine,Clonidine,D003000,MESH:D009127,Muscle Rigidity
DB00575,Clonidine,Clonidine,D003000,MESH:D009128,Muscle Spasticity
DB00575,Clonidine,Clonidine,D003000,MESH:D017202,Myocardial Ischemia
DB00575,Clonidine,Clonidine,D003000,MESH:D009325,Nausea
DB00575,Clonidine,Clonidine,D003000,MESH:D009771,Obsessive-Compulsive Disorder
DB00575,Clonidine,Clonidine,D003000,MESH:D009293,Opioid-Related Disorders
DB00575,Clonidine,Clonidine,D003000,MESH:D010146,Pain
DB00575,Clonidine,Clonidine,D003000,MESH:D020734,Parkinsonian Disorders
DB00575,Clonidine,Clonidine,D003000,MESH:D010409,Penile Diseases
DB00575,Clonidine,Clonidine,D003000,MESH:D010554,Personality Disorders
DB00575,Clonidine,Clonidine,D003000,MESH:D011183,Postoperative Complications
DB00575,Clonidine,Clonidine,D003000,MESH:D010149,Postoperative Pain
DB00575,Clonidine,Clonidine,D003000,MESH:D011595,Psychomotor Agitation
DB00575,Clonidine,Clonidine,D003000,MESH:D012559,Schizophrenia
DB00575,Clonidine,Clonidine,D003000,MESH:D012640,Seizures
DB00575,Clonidine,Clonidine,D003000,MESH:D007319,Sleep Initiation and Maintenance Disorders
DB00575,Clonidine,Clonidine,D003000,MESH:D012893,Sleep Wake Disorders
DB00575,Clonidine,Clonidine,D003000,MESH:D019966,Substance-Related Disorders
DB00575,Clonidine,Clonidine,D003000,MESH:D013375,Substance Withdrawal Syndrome
DB00575,Clonidine,Clonidine,D003000,MESH:D013610,Tachycardia
DB00575,Clonidine,Clonidine,D003000,MESH:D014029,Tobacco Use Disorder
DB00575,Clonidine,Clonidine,D003000,MESH:D005879,Tourette Syndrome
DB00575,Clonidine,Clonidine,D003000,MESH:D014202,Tremor
DB00519,Trandolapril,trandolapril,C052035,MESH:D000419,Albuminuria
DB00519,Trandolapril,trandolapril,C052035,MESH:D021081,Chronobiology Disorders
DB00519,Trandolapril,trandolapril,C052035,MESH:D003329,Coronary Vasospasm
DB00519,Trandolapril,trandolapril,C052035,MESH:D006333,Heart Failure
DB00519,Trandolapril,trandolapril,C052035,MESH:D006973,Hypertension
DB00519,Trandolapril,trandolapril,C052035,MESH:D008569,Memory Disorders
DB00519,Trandolapril,trandolapril,C052035,MESH:D009069,Movement Disorders
DB00519,Trandolapril,trandolapril,C052035,MESH:D009203,Myocardial Infarction
DB00519,Trandolapril,trandolapril,C052035,MESH:D017202,Myocardial Ischemia
DB00519,Trandolapril,trandolapril,C052035,MESH:D019636,Neurodegenerative Diseases
DB00519,Trandolapril,trandolapril,C052035,MESH:D011507,Proteinuria
DB00519,Trandolapril,trandolapril,C052035,MESH:D051437,Renal Insufficiency
DB00519,Trandolapril,trandolapril,C052035,MESH:D015427,Reperfusion Injury
DB00519,Trandolapril,trandolapril,C052035,MESH:D015431,Weight Loss
DB00492,Fosinopril,Fosinopril,D017328,MESH:D000419,Albuminuria
DB00492,Fosinopril,Fosinopril,D017328,MESH:D006332,Cardiomegaly
DB00492,Fosinopril,Fosinopril,D017328,MESH:D056486,Chemical and Drug Induced Liver Injury
DB00492,Fosinopril,Fosinopril,D017328,MESH:D019970,Cocaine-Related Disorders
DB00492,Fosinopril,Fosinopril,D017328,MESH:D005355,Fibrosis
DB00492,Fosinopril,Fosinopril,D017328,MESH:D006333,Heart Failure
DB00492,Fosinopril,Fosinopril,D017328,MESH:D006973,Hypertension
DB00492,Fosinopril,Fosinopril,D017328,MESH:D009069,Movement Disorders
DB00492,Fosinopril,Fosinopril,D017328,MESH:D011507,Proteinuria
DB00492,Fosinopril,Fosinopril,D017328,MESH:D012640,Seizures
DB01054,Nitrendipine,Nitrendipine,D009568,MESH:D000419,Albuminuria
DB01054,Nitrendipine,Nitrendipine,D009568,MESH:D050197,Atherosclerosis
DB01054,Nitrendipine,Nitrendipine,D009568,MESH:D006332,Cardiomegaly
DB01054,Nitrendipine,Nitrendipine,D009568,MESH:D003329,Coronary Vasospasm
DB01054,Nitrendipine,Nitrendipine,D009568,MESH:D006973,Hypertension
DB01054,Nitrendipine,Nitrendipine,D009568,MESH:D000860,Hypoxia
DB01054,Nitrendipine,Nitrendipine,D009568,MESH:D007511,Ischemia
DB01054,Nitrendipine,Nitrendipine,D009568,MESH:D012640,Seizures
DB01054,Nitrendipine,Nitrendipine,D009568,MESH:D013375,Substance Withdrawal Syndrome
DB01054,Nitrendipine,Nitrendipine,D009568,MESH:D061205,Vascular Calcification
DB01054,Nitrendipine,Nitrendipine,D009568,MESH:D014652,Vascular Diseases
DB00925,Phenoxybenzamine,Phenoxybenzamine,D010643,MESH:D000419,Albuminuria
DB00925,Phenoxybenzamine,Phenoxybenzamine,D010643,MESH:D007172,Erectile Dysfunction
DB00925,Phenoxybenzamine,Phenoxybenzamine,D010643,MESH:D006470,Hemorrhage
DB00925,Phenoxybenzamine,Phenoxybenzamine,D010643,MESH:D006930,Hyperalgesia
DB00925,Phenoxybenzamine,Phenoxybenzamine,D010643,MESH:D006948,Hyperkinesis
DB00925,Phenoxybenzamine,Phenoxybenzamine,D010643,MESH:D006973,Hypertension
DB00925,Phenoxybenzamine,Phenoxybenzamine,D010643,MESH:D007035,Hypothermia
DB00925,Phenoxybenzamine,Phenoxybenzamine,D010643,MESH:D007674,Kidney Diseases
DB00925,Phenoxybenzamine,Phenoxybenzamine,D010643,MESH:D007889,Leiomyoma
DB00925,Phenoxybenzamine,Phenoxybenzamine,D010643,MESH:D009203,Myocardial Infarction
DB00925,Phenoxybenzamine,Phenoxybenzamine,D010643,MESH:D009336,Necrosis
DB00925,Phenoxybenzamine,Phenoxybenzamine,D010643,MESH:D010146,Pain
DB00925,Phenoxybenzamine,Phenoxybenzamine,D010643,MESH:D010235,Paraganglioma
DB00925,Phenoxybenzamine,Phenoxybenzamine,D010643,MESH:D010673,Pheochromocytoma
DB00925,Phenoxybenzamine,Phenoxybenzamine,D010643,MESH:D011470,Prostatic Hyperplasia
DB00925,Phenoxybenzamine,Phenoxybenzamine,D010643,MESH:D013610,Tachycardia
DB00925,Phenoxybenzamine,Phenoxybenzamine,D010643,MESH:D016055,Urinary Retention
DB01275,Hydralazine,Hydralazine,D006830,MESH:D000419,Albuminuria
DB01275,Hydralazine,Hydralazine,D006830,MESH:D050197,Atherosclerosis
DB01275,Hydralazine,Hydralazine,D006830,MESH:D001919,Bradycardia
DB01275,Hydralazine,Hydralazine,D006830,MESH:D006332,Cardiomegaly
DB01275,Hydralazine,Hydralazine,D006830,MESH:D005234,Fatty Liver
DB01275,Hydralazine,Hydralazine,D006830,MESH:D005921,Glomerulonephritis
DB01275,Hydralazine,Hydralazine,D006830,MESH:D006333,Heart Failure
DB01275,Hydralazine,Hydralazine,D006830,MESH:D006529,Hepatomegaly
DB01275,Hydralazine,Hydralazine,D006830,MESH:D006973,Hypertension
DB01275,Hydralazine,Hydralazine,D006830,MESH:D006984,Hypertrophy
DB01275,Hydralazine,Hydralazine,D006830,MESH:D007674,Kidney Diseases
DB01275,Hydralazine,Hydralazine,D006830,MESH:D065626,Non-alcoholic Fatty Liver Disease
DB01275,Hydralazine,Hydralazine,D006830,MESH:D011123,Polyploidy
DB01275,Hydralazine,Hydralazine,D006830,MESH:D011225,Pre-Eclampsia
DB01275,Hydralazine,Hydralazine,D006830,MESH:D011507,Proteinuria
DB01275,Hydralazine,Hydralazine,D006830,MESH:D011654,Pulmonary Edema
DB01275,Hydralazine,Hydralazine,D006830,MESH:D012640,Seizures
DB01275,Hydralazine,Hydralazine,D006830,MESH:D013610,Tachycardia
DB01340,Cilazapril,Cilazapril,D017315,MESH:D000419,Albuminuria
DB01340,Cilazapril,Cilazapril,D017315,MESH:D000787,Angina Pectoris
DB01340,Cilazapril,Cilazapril,D017315,MESH:D001022,Aortic Valve Insufficiency
DB01340,Cilazapril,Cilazapril,D017315,MESH:D006332,Cardiomegaly
DB01340,Cilazapril,Cilazapril,D017315,MESH:D009202,Cardiomyopathies
DB01340,Cilazapril,Cilazapril,D017315,MESH:D006333,Heart Failure
DB01340,Cilazapril,Cilazapril,D017315,MESH:D006946,Hyperinsulinism
DB01340,Cilazapril,Cilazapril,D017315,MESH:D006973,Hypertension
DB01340,Cilazapril,Cilazapril,D017315,MESH:D007333,Insulin Resistance
DB01340,Cilazapril,Cilazapril,D017315,MESH:D011507,Proteinuria
DB01340,Cilazapril,Cilazapril,D017315,MESH:D019851,Thrombophilia
DB00590,Doxazosin,Doxazosin,D017292,MESH:D000419,Albuminuria
DB00590,Doxazosin,Doxazosin,D017292,MESH:D006332,Cardiomegaly
DB00590,Doxazosin,Doxazosin,D017292,MESH:D003327,Coronary Disease
DB00590,Doxazosin,Doxazosin,D017292,MESH:D048909,Diabetes Complications
DB00590,Doxazosin,Doxazosin,D017292,MESH:D050171,Dyslipidemias
DB00590,Doxazosin,Doxazosin,D017292,MESH:D006937,Hypercholesterolemia
DB00590,Doxazosin,Doxazosin,D017292,MESH:D006973,Hypertension
DB00590,Doxazosin,Doxazosin,D017292,MESH:D007333,Insulin Resistance
DB00590,Doxazosin,Doxazosin,D017292,MESH:D007889,Leiomyoma
DB00590,Doxazosin,Doxazosin,D017292,MESH:D010146,Pain
DB00590,Doxazosin,Doxazosin,D017292,MESH:D011470,Prostatic Hyperplasia
DB00590,Doxazosin,Doxazosin,D017292,MESH:D011471,Prostatic Neoplasms
DB00590,Doxazosin,Doxazosin,D017292,MESH:D001748,Urinary Bladder Neck Obstruction
DB00806,Pentoxifylline,Pentoxifylline,D010431,MESH:D058186,Acute Kidney Injury
DB00806,Pentoxifylline,Pentoxifylline,D010431,MESH:D010520,Aggressive Periodontitis
DB00806,Pentoxifylline,Pentoxifylline,D010431,MESH:D000419,Albuminuria
DB00806,Pentoxifylline,Pentoxifylline,D010431,MESH:D053627,Asthenozoospermia
DB00806,Pentoxifylline,Pentoxifylline,D010431,MESH:D050197,Atherosclerosis
DB00806,Pentoxifylline,Pentoxifylline,D010431,MESH:D016470,Bacteremia
DB00806,Pentoxifylline,Pentoxifylline,D010431,MESH:D001932,Brain Neoplasms
DB00806,Pentoxifylline,Pentoxifylline,D010431,MESH:D002100,Cachexia
DB00806,Pentoxifylline,Pentoxifylline,D010431,MESH:D009202,Cardiomyopathies
DB00806,Pentoxifylline,Pentoxifylline,D010431,MESH:D002561,Cerebrovascular Disorders
DB00806,Pentoxifylline,Pentoxifylline,D010431,MESH:D056486,Chemical and Drug Induced Liver Injury
DB00806,Pentoxifylline,Pentoxifylline,D010431,MESH:D003929,Diabetic Neuropathies
DB00806,Pentoxifylline,Pentoxifylline,D010431,MESH:D004487,Edema
DB00806,Pentoxifylline,Pentoxifylline,D010431,MESH:D005234,Fatty Liver
DB00806,Pentoxifylline,Pentoxifylline,D010431,MESH:D005355,Fibrosis
DB00806,Pentoxifylline,Pentoxifylline,D010431,MESH:D005921,Glomerulonephritis
DB00806,Pentoxifylline,Pentoxifylline,D010431,MESH:D006943,Hyperglycemia
DB00806,Pentoxifylline,Pentoxifylline,D010431,MESH:D007249,Inflammation
DB00806,Pentoxifylline,Pentoxifylline,D010431,MESH:D007511,Ischemia
DB00806,Pentoxifylline,Pentoxifylline,D010431,MESH:D007589,Job Syndrome
DB00806,Pentoxifylline,Pentoxifylline,D010431,MESH:D007674,Kidney Diseases
DB00806,Pentoxifylline,Pentoxifylline,D010431,MESH:D008103,Liver Cirrhosis
DB00806,Pentoxifylline,Pentoxifylline,D010431,MESH:D008181,Lupus Nephritis
DB00806,Pentoxifylline,Pentoxifylline,D010431,MESH:D009190,Myelodysplastic Syndromes
DB00806,Pentoxifylline,Pentoxifylline,D010431,MESH:D017202,Myocardial Ischemia
DB00806,Pentoxifylline,Pentoxifylline,D010431,MESH:D009336,Necrosis
DB00806,Pentoxifylline,Pentoxifylline,D010431,MESH:D009362,Neoplasm Metastasis
DB00806,Pentoxifylline,Pentoxifylline,D010431,MESH:D009404,Nephrotic Syndrome
DB00806,Pentoxifylline,Pentoxifylline,D010431,MESH:D009503,Neutropenia
DB00806,Pentoxifylline,Pentoxifylline,D010431,MESH:D010195,Pancreatitis
DB00806,Pentoxifylline,Pentoxifylline,D010431,MESH:D010411,Penile Induration
DB00806,Pentoxifylline,Pentoxifylline,D010431,MESH:D058729,Peripheral Arterial Disease
DB00806,Pentoxifylline,Pentoxifylline,D010431,MESH:D016491,Peripheral Vascular Diseases
DB00806,Pentoxifylline,Pentoxifylline,D010431,MESH:D011507,Proteinuria
DB00806,Pentoxifylline,Pentoxifylline,D010431,MESH:D011832,Radiation Injuries
DB00806,Pentoxifylline,Pentoxifylline,D010431,MESH:D011928,Raynaud Disease
DB00806,Pentoxifylline,Pentoxifylline,D010431,MESH:D015427,Reperfusion Injury
DB00806,Pentoxifylline,Pentoxifylline,D010431,MESH:D018805,Sepsis
DB00806,Pentoxifylline,Pentoxifylline,D010431,MESH:D013203,Staphylococcal Infections
DB00806,Pentoxifylline,Pentoxifylline,D010431,MESH:D020521,Stroke
DB00806,Pentoxifylline,Pentoxifylline,D010431,MESH:D013927,Thrombosis
DB00806,Pentoxifylline,Pentoxifylline,D010431,MESH:D014012,Tinnitus
DB00806,Pentoxifylline,Pentoxifylline,D010431,MESH:D014652,Vascular Diseases
DB01029,Irbesartan,Irbesartan,D000077405,MESH:D000419,Albuminuria
DB01029,Irbesartan,Irbesartan,D000077405,MESH:D050197,Atherosclerosis
DB01029,Irbesartan,Irbesartan,D000077405,MESH:D001281,Atrial Fibrillation
DB01029,Irbesartan,Irbesartan,D000077405,MESH:D053099,Azotemia
DB01029,Irbesartan,Irbesartan,D000077405,MESH:D006332,Cardiomegaly
DB01029,Irbesartan,Irbesartan,D000077405,MESH:D056486,Chemical and Drug Induced Liver Injury
DB01029,Irbesartan,Irbesartan,D000077405,MESH:D003327,Coronary Disease
DB01029,Irbesartan,Irbesartan,D000077405,MESH:D003928,Diabetic Nephropathies
DB01029,Irbesartan,Irbesartan,D000077405,MESH:D003929,Diabetic Neuropathies
DB01029,Irbesartan,Irbesartan,D000077405,MESH:D004719,Endomyocardial Fibrosis
DB01029,Irbesartan,Irbesartan,D000077405,MESH:D000075222,Essential Hypertension
DB01029,Irbesartan,Irbesartan,D000077405,MESH:D005355,Fibrosis
DB01029,Irbesartan,Irbesartan,D000077405,MESH:D005921,Glomerulonephritis
DB01029,Irbesartan,Irbesartan,D000077405,MESH:D006333,Heart Failure
DB01029,Irbesartan,Irbesartan,D000077405,MESH:D006973,Hypertension
DB01029,Irbesartan,Irbesartan,D000077405,MESH:D007249,Inflammation
DB01029,Irbesartan,Irbesartan,D000077405,MESH:D007674,Kidney Diseases
DB01029,Irbesartan,Irbesartan,D000077405,MESH:D008107,Liver Diseases
DB01029,Irbesartan,Irbesartan,D000077405,MESH:D024821,Metabolic Syndrome
DB01029,Irbesartan,Irbesartan,D000077405,MESH:D020326,Migraine without Aura
DB01029,Irbesartan,Irbesartan,D000077405,MESH:D009203,Myocardial Infarction
DB01029,Irbesartan,Irbesartan,D000077405,MESH:D011507,Proteinuria
DB01029,Irbesartan,Irbesartan,D000077405,MESH:D051437,Renal Insufficiency
DB01029,Irbesartan,Irbesartan,D000077405,MESH:D013276,Stomach Ulcer
DB01029,Irbesartan,Irbesartan,D000077405,MESH:D013375,Substance Withdrawal Syndrome
DB01029,Irbesartan,Irbesartan,D000077405,MESH:D020257,Ventricular Remodeling
DB00275,Olmesartan,olmesartan,C437965,MESH:D000419,Albuminuria
DB00275,Olmesartan,olmesartan,C437965,MESH:D006332,Cardiomegaly
DB00275,Olmesartan,olmesartan,C437965,MESH:D056486,Chemical and Drug Induced Liver Injury
DB00275,Olmesartan,olmesartan,C437965,MESH:D003928,Diabetic Nephropathies
DB00275,Olmesartan,olmesartan,C437965,MESH:D005355,Fibrosis
DB00275,Olmesartan,olmesartan,C437965,MESH:D006965,Hyperplasia
DB00275,Olmesartan,olmesartan,C437965,MESH:D006973,Hypertension
DB00275,Olmesartan,olmesartan,C437965,MESH:D007674,Kidney Diseases
DB00275,Olmesartan,olmesartan,C437965,MESH:D009203,Myocardial Infarction
DB00275,Olmesartan,olmesartan,C437965,MESH:D015428,Myocardial Reperfusion Injury
DB00275,Olmesartan,olmesartan,C437965,MESH:D009336,Necrosis
DB00275,Olmesartan,olmesartan,C437965,MESH:D009410,Nerve Degeneration
DB00275,Olmesartan,olmesartan,C437965,MESH:D011507,Proteinuria
DB00275,Olmesartan,olmesartan,C437965,MESH:D015427,Reperfusion Injury
DB00275,Olmesartan,olmesartan,C437965,MESH:D020760,Spinal Cord Ischemia
DB00999,Hydrochlorothiazide,Hydrochlorothiazide,D006852,MESH:D058186,Acute Kidney Injury
DB00999,Hydrochlorothiazide,Hydrochlorothiazide,D006852,MESH:D000419,Albuminuria
DB00999,Hydrochlorothiazide,Hydrochlorothiazide,D006852,MESH:D000787,Angina Pectoris
DB00999,Hydrochlorothiazide,Hydrochlorothiazide,D006852,MESH:D050197,Atherosclerosis
DB00999,Hydrochlorothiazide,Hydrochlorothiazide,D006852,MESH:D057973,Dent Disease
DB00999,Hydrochlorothiazide,Hydrochlorothiazide,D006852,MESH:D003919,Diabetes Insipidus
DB00999,Hydrochlorothiazide,Hydrochlorothiazide,D006852,MESH:D004487,Edema
DB00999,Hydrochlorothiazide,Hydrochlorothiazide,D006852,MESH:D004646,Emphysema
DB00999,Hydrochlorothiazide,Hydrochlorothiazide,D006852,MESH:D005921,Glomerulonephritis
DB00999,Hydrochlorothiazide,Hydrochlorothiazide,D006852,MESH:D006130,Growth Disorders
DB00999,Hydrochlorothiazide,Hydrochlorothiazide,D006852,MESH:D006331,Heart Diseases
DB00999,Hydrochlorothiazide,Hydrochlorothiazide,D006852,MESH:D006333,Heart Failure
DB00999,Hydrochlorothiazide,Hydrochlorothiazide,D006852,MESH:D053565,Hypercalciuria
DB00999,Hydrochlorothiazide,Hydrochlorothiazide,D006852,MESH:D006973,Hypertension
DB00999,Hydrochlorothiazide,Hydrochlorothiazide,D006852,MESH:D007674,Kidney Diseases
DB00999,Hydrochlorothiazide,Hydrochlorothiazide,D006852,MESH:D011141,Polyuria
DB00999,Hydrochlorothiazide,Hydrochlorothiazide,D006852,MESH:D011507,Proteinuria
DB00659,Acamprosate,Acamprosate,D000077443,MESH:D000435,Alcoholic Intoxication
DB00659,Acamprosate,Acamprosate,D000077443,MESH:D000437,Alcoholism
DB00659,Acamprosate,Acamprosate,D000077443,MESH:D002545,Brain Ischemia
DB00659,Acamprosate,Acamprosate,D000077443,MESH:D019970,Cocaine-Related Disorders
DB00659,Acamprosate,Acamprosate,D000077443,MESH:D009021,Morphine Dependence
DB00659,Acamprosate,Acamprosate,D000077443,MESH:D009461,Neurologic Manifestations
DB00659,Acamprosate,Acamprosate,D000077443,MESH:D013375,Substance Withdrawal Syndrome
DB01392,Yohimbine,Yohimbine,D015016,MESH:D000647,Amnesia
DB01392,Yohimbine,Yohimbine,D015016,MESH:D001342,Autonomic Nervous System Diseases
DB01392,Yohimbine,Yohimbine,D015016,MESH:D001862,Bone Resorption
DB01392,Yohimbine,Yohimbine,D015016,MESH:D001919,Bradycardia
DB01392,Yohimbine,Yohimbine,D015016,MESH:D002357,Cartilage Diseases
DB01392,Yohimbine,Yohimbine,D015016,MESH:D002375,Catalepsy
DB01392,Yohimbine,Yohimbine,D015016,MESH:D056486,Chemical and Drug Induced Liver Injury
DB01392,Yohimbine,Yohimbine,D015016,MESH:D004487,Edema
DB01392,Yohimbine,Yohimbine,D015016,MESH:D007172,Erectile Dysfunction
DB01392,Yohimbine,Yohimbine,D015016,MESH:D004890,Erythema
DB01392,Yohimbine,Yohimbine,D015016,MESH:D006930,Hyperalgesia
DB01392,Yohimbine,Yohimbine,D015016,MESH:D006940,Hyperemia
DB01392,Yohimbine,Yohimbine,D015016,MESH:D006943,Hyperglycemia
DB01392,Yohimbine,Yohimbine,D015016,MESH:D006948,Hyperkinesis
DB01392,Yohimbine,Yohimbine,D015016,MESH:D006973,Hypertension
DB01392,Yohimbine,Yohimbine,D015016,MESH:D018476,Hypokinesia
DB01392,Yohimbine,Yohimbine,D015016,MESH:D007022,Hypotension
DB01392,Yohimbine,Yohimbine,D015016,MESH:D007249,Inflammation
DB01392,Yohimbine,Yohimbine,D015016,MESH:D009069,Movement Disorders
DB01392,Yohimbine,Yohimbine,D015016,MESH:D009127,Muscle Rigidity
DB01392,Yohimbine,Yohimbine,D015016,MESH:D009203,Myocardial Infarction
DB01392,Yohimbine,Yohimbine,D015016,MESH:D017202,Myocardial Ischemia
DB01392,Yohimbine,Yohimbine,D015016,MESH:D015428,Myocardial Reperfusion Injury
DB01392,Yohimbine,Yohimbine,D015016,MESH:D019954,Neurobehavioral Manifestations
DB01392,Yohimbine,Yohimbine,D015016,MESH:D009765,Obesity
DB01392,Yohimbine,Yohimbine,D015016,MESH:D011141,Polyuria
DB01392,Yohimbine,Yohimbine,D015016,MESH:D012640,Seizures
DB01392,Yohimbine,Yohimbine,D015016,MESH:D014202,Tremor
DB01392,Yohimbine,Yohimbine,D015016,MESH:D014693,Ventricular Fibrillation
DB00230,Pregabalin,Pregabalin,D000069583,MESH:D000437,Alcoholism
DB00230,Pregabalin,Pregabalin,D000069583,MESH:D001008,Anxiety Disorders
DB00230,Pregabalin,Pregabalin,D000069583,MESH:D059350,Chronic Pain
DB00230,Pregabalin,Pregabalin,D000069583,MESH:D003928,Diabetic Nephropathies
DB00230,Pregabalin,Pregabalin,D000069583,MESH:D003929,Diabetic Neuropathies
DB00230,Pregabalin,Pregabalin,D000069583,MESH:D004827,Epilepsy
DB00230,Pregabalin,Pregabalin,D000069583,MESH:D006930,Hyperalgesia
DB00230,Pregabalin,Pregabalin,D000069583,MESH:D003865,Major Depressive Disorder
DB00230,Pregabalin,Pregabalin,D000069583,MESH:D008881,Migraine Disorders
DB00230,Pregabalin,Pregabalin,D000069583,MESH:D009437,Neuralgia
DB00230,Pregabalin,Pregabalin,D000069583,MESH:D020258,Neurotoxicity Syndromes
DB00230,Pregabalin,Pregabalin,D000069583,MESH:D059348,Peripheral Nerve Injuries
DB00230,Pregabalin,Pregabalin,D000069583,MESH:D011537,Pruritus
DB00230,Pregabalin,Pregabalin,D000069583,MESH:D012148,Restless Legs Syndrome
DB00230,Pregabalin,Pregabalin,D000069583,MESH:D020426,Sciatic Neuropathy
DB00230,Pregabalin,Pregabalin,D000069583,MESH:D012640,Seizures
DB00230,Pregabalin,Pregabalin,D000069583,MESH:D020754,Spinocerebellar Ataxias
DB00230,Pregabalin,Pregabalin,D000069583,MESH:D013375,Substance Withdrawal Syndrome
DB00230,Pregabalin,Pregabalin,D000069583,MESH:D014202,Tremor
DB00704,Naltrexone,Naltrexone,D009271,MESH:D020751,Alcohol-Induced Disorders
DB00704,Naltrexone,Naltrexone,D009271,MESH:D000437,Alcoholism
DB00704,Naltrexone,Naltrexone,D009271,MESH:D019969,Amphetamine-Related Disorders
DB00704,Naltrexone,Naltrexone,D009271,MESH:D001321,Autistic Disorder
DB00704,Naltrexone,Naltrexone,D009271,MESH:D001919,Bradycardia
DB00704,Naltrexone,Naltrexone,D009271,MESH:D002375,Catalepsy
DB00704,Naltrexone,Naltrexone,D009271,MESH:D019970,Cocaine-Related Disorders
DB00704,Naltrexone,Naltrexone,D009271,MESH:D006556,Heroin Dependence
DB00704,Naltrexone,Naltrexone,D009271,MESH:D006946,Hyperinsulinism
DB00704,Naltrexone,Naltrexone,D009271,MESH:D006973,Hypertension
DB00704,Naltrexone,Naltrexone,D009271,MESH:D007022,Hypotension
DB00704,Naltrexone,Naltrexone,D009271,MESH:D009021,Morphine Dependence
DB00704,Naltrexone,Naltrexone,D009271,MESH:D009103,Multiple Sclerosis
DB00704,Naltrexone,Naltrexone,D009271,MESH:D009422,Nervous System Diseases
DB00704,Naltrexone,Naltrexone,D009271,MESH:D009293,Opioid-Related Disorders
DB00704,Naltrexone,Naltrexone,D009271,MESH:D010051,Ovarian Neoplasms
DB00704,Naltrexone,Naltrexone,D009271,MESH:D010146,Pain
DB00704,Naltrexone,Naltrexone,D009271,MESH:D011537,Pruritus
DB00704,Naltrexone,Naltrexone,D009271,MESH:D012640,Seizures
DB00704,Naltrexone,Naltrexone,D009271,MESH:D013375,Substance Withdrawal Syndrome
DB00704,Naltrexone,Naltrexone,D009271,MESH:D020323,Tics
DB00704,Naltrexone,Naltrexone,D009271,MESH:D014029,Tobacco Use Disorder
DB00704,Naltrexone,Naltrexone,D009271,MESH:D005879,Tourette Syndrome
DB00704,Naltrexone,Naltrexone,D009271,MESH:D015431,Weight Loss
DB06155,Rimonabant,Rimonabant,D000077285,MESH:D019969,Amphetamine-Related Disorders
DB06155,Rimonabant,Rimonabant,D000077285,MESH:D056912,Binge-Eating Disorder
DB06155,Rimonabant,Rimonabant,D000077285,MESH:D001919,Bradycardia
DB06155,Rimonabant,Rimonabant,D000077285,MESH:D009202,Cardiomyopathies
DB06155,Rimonabant,Rimonabant,D000077285,MESH:D002375,Catalepsy
DB06155,Rimonabant,Rimonabant,D000077285,MESH:D019970,Cocaine-Related Disorders
DB06155,Rimonabant,Rimonabant,D000077285,MESH:D003072,Cognition Disorders
DB06155,Rimonabant,Rimonabant,D000077285,MESH:D015179,Colorectal Neoplasms
DB06155,Rimonabant,Rimonabant,D000077285,MESH:D003866,Depressive Disorder
DB06155,Rimonabant,Rimonabant,D000077285,MESH:D005234,Fatty Liver
DB06155,Rimonabant,Rimonabant,D000077285,MESH:D005355,Fibrosis
DB06155,Rimonabant,Rimonabant,D000077285,MESH:D018149,Glucose Intolerance
DB06155,Rimonabant,Rimonabant,D000077285,MESH:D006943,Hyperglycemia
DB06155,Rimonabant,Rimonabant,D000077285,MESH:D006948,Hyperkinesis
DB06155,Rimonabant,Rimonabant,D000077285,MESH:D007022,Hypotension
DB06155,Rimonabant,Rimonabant,D000077285,MESH:D007035,Hypothermia
DB06155,Rimonabant,Rimonabant,D000077285,MESH:D007333,Insulin Resistance
DB06155,Rimonabant,Rimonabant,D000077285,MESH:D007674,Kidney Diseases
DB06155,Rimonabant,Rimonabant,D000077285,MESH:D008569,Memory Disorders
DB06155,Rimonabant,Rimonabant,D000077285,MESH:D008850,Microphthalmos
DB06155,Rimonabant,Rimonabant,D000077285,MESH:D019957,Motor Skills Disorders
DB06155,Rimonabant,Rimonabant,D000077285,MESH:D009325,Nausea
DB06155,Rimonabant,Rimonabant,D000077285,MESH:D009765,Obesity
DB06155,Rimonabant,Rimonabant,D000077285,MESH:D010146,Pain
DB06155,Rimonabant,Rimonabant,D000077285,MESH:D010190,Pancreatic Neoplasms
DB06155,Rimonabant,Rimonabant,D000077285,MESH:D020734,Parkinsonian Disorders
DB06155,Rimonabant,Rimonabant,D000077285,MESH:D011230,Precancerous Conditions
DB06155,Rimonabant,Rimonabant,D000077285,MESH:D011248,Pregnancy Complications
DB06155,Rimonabant,Rimonabant,D000077285,MESH:D011507,Proteinuria
DB06155,Rimonabant,Rimonabant,D000077285,MESH:D012640,Seizures
DB06155,Rimonabant,Rimonabant,D000077285,MESH:D019966,Substance-Related Disorders
DB06155,Rimonabant,Rimonabant,D000077285,MESH:D014555,Urination Disorders
DB06155,Rimonabant,Rimonabant,D000077285,MESH:D015430,Weight Gain
DB00657,Mecamylamine,Mecamylamine,D008464,MESH:D000437,Alcoholism
DB00657,Mecamylamine,Mecamylamine,D008464,MESH:D001919,Bradycardia
DB00657,Mecamylamine,Mecamylamine,D008464,MESH:D001997,Bronchopulmonary Dysplasia
DB00657,Mecamylamine,Mecamylamine,D008464,MESH:D002375,Catalepsy
DB00657,Mecamylamine,Mecamylamine,D008464,MESH:D019970,Cocaine-Related Disorders
DB00657,Mecamylamine,Mecamylamine,D008464,MESH:D020820,Dyskinesias
DB00657,Mecamylamine,Mecamylamine,D008464,MESH:D006930,Hyperalgesia
DB00657,Mecamylamine,Mecamylamine,D008464,MESH:D006948,Hyperkinesis
DB00657,Mecamylamine,Mecamylamine,D008464,MESH:D006973,Hypertension
DB00657,Mecamylamine,Mecamylamine,D008464,MESH:D010243,Paralysis
DB00657,Mecamylamine,Mecamylamine,D008464,MESH:D010291,Paresis
DB00657,Mecamylamine,Mecamylamine,D008464,MESH:D012640,Seizures
DB00657,Mecamylamine,Mecamylamine,D008464,MESH:D019966,Substance-Related Disorders
DB00657,Mecamylamine,Mecamylamine,D008464,MESH:D013610,Tachycardia
DB00657,Mecamylamine,Mecamylamine,D008464,MESH:D014029,Tobacco Use Disorder
DB00657,Mecamylamine,Mecamylamine,D008464,MESH:D014202,Tremor
DB00776,Oxcarbazepine,Oxcarbazepine,D000078330,MESH:D000437,Alcoholism
DB00776,Oxcarbazepine,Oxcarbazepine,D000078330,MESH:D001714,Bipolar Disorder
DB00776,Oxcarbazepine,Oxcarbazepine,D000078330,MESH:D002375,Catalepsy
DB00776,Oxcarbazepine,Oxcarbazepine,D000078330,MESH:D019970,Cocaine-Related Disorders
DB00776,Oxcarbazepine,Oxcarbazepine,D000078330,MESH:D004827,Epilepsy
DB00776,Oxcarbazepine,Oxcarbazepine,D000078330,MESH:D006930,Hyperalgesia
DB00776,Oxcarbazepine,Oxcarbazepine,D000078330,MESH:D010146,Pain
DB00776,Oxcarbazepine,Oxcarbazepine,D000078330,MESH:D011618,Psychotic Disorders
DB00776,Oxcarbazepine,Oxcarbazepine,D000078330,MESH:D012148,Restless Legs Syndrome
DB00776,Oxcarbazepine,Oxcarbazepine,D000078330,MESH:D012559,Schizophrenia
DB00776,Oxcarbazepine,Oxcarbazepine,D000078330,MESH:D012640,Seizures
DB00776,Oxcarbazepine,Oxcarbazepine,D000078330,MESH:D014277,Trigeminal Neuralgia
DB06230,Nalmefene,nalmefene,C038981,MESH:D000437,Alcoholism
DB06230,Nalmefene,nalmefene,C038981,MESH:D056912,Binge-Eating Disorder
DB01238,Aripiprazole,Aripiprazole,D000068180,MESH:D000437,Alcoholism
DB01238,Aripiprazole,Aripiprazole,D000068180,MESH:D019969,Amphetamine-Related Disorders
DB01238,Aripiprazole,Aripiprazole,D000068180,MESH:D001008,Anxiety Disorders
DB01238,Aripiprazole,Aripiprazole,D000068180,MESH:D020817,Asperger Syndrome
DB01238,Aripiprazole,Aripiprazole,D000068180,MESH:D001289,Attention Deficit Disorder with Hyperactivity
DB01238,Aripiprazole,Aripiprazole,D000068180,MESH:D001321,Autistic Disorder
DB01238,Aripiprazole,Aripiprazole,D000068180,MESH:D001714,Bipolar Disorder
DB01238,Aripiprazole,Aripiprazole,D000068180,MESH:D019970,Cocaine-Related Disorders
DB01238,Aripiprazole,Aripiprazole,D000068180,MESH:D003866,Depressive Disorder
DB01238,Aripiprazole,Aripiprazole,D000068180,MESH:D005687,Galactorrhea
DB01238,Aripiprazole,Aripiprazole,D000068180,MESH:D006816,Huntington Disease
DB01238,Aripiprazole,Aripiprazole,D000068180,MESH:D006948,Hyperkinesis
DB01238,Aripiprazole,Aripiprazole,D000068180,MESH:D006966,Hyperprolactinemia
DB01238,Aripiprazole,Aripiprazole,D000068180,MESH:D008607,Intellectual Disability
DB01238,Aripiprazole,Aripiprazole,D000068180,MESH:D001523,Mental Disorders
DB01238,Aripiprazole,Aripiprazole,D000068180,MESH:D009069,Movement Disorders
DB01238,Aripiprazole,Aripiprazole,D000068180,MESH:D009765,Obesity
DB01238,Aripiprazole,Aripiprazole,D000068180,MESH:D009771,Obsessive-Compulsive Disorder
DB01238,Aripiprazole,Aripiprazole,D000068180,MESH:D011618,Psychotic Disorders
DB01238,Aripiprazole,Aripiprazole,D000068180,MESH:D012559,Schizophrenia
DB01238,Aripiprazole,Aripiprazole,D000068180,MESH:D019956,Stereotypic Movement Disorder
DB01238,Aripiprazole,Aripiprazole,D000068180,MESH:D013981,Tic Disorders
DB01238,Aripiprazole,Aripiprazole,D000068180,MESH:D005879,Tourette Syndrome
DB01273,Varenicline,Varenicline,D000068580,MESH:D000437,Alcoholism
DB01273,Varenicline,Varenicline,D000068580,MESH:D008569,Memory Disorders
DB01273,Varenicline,Varenicline,D000068580,MESH:D010146,Pain
DB01273,Varenicline,Varenicline,D000068580,MESH:D014029,Tobacco Use Disorder
DB00524,Metolazone,Metolazone,D008788,MESH:D004487,Edema
DB00524,Metolazone,Metolazone,D008788,MESH:D006973,Hypertension
DB00797,Tolazoline,Tolazoline,D014043,MESH:D000860,Hypoxia
DB00797,Tolazoline,Tolazoline,D014043,MESH:D010547,Persistent Fetal Circulation Syndrome
DB00561,Doxapram,Doxapram,D004315,MESH:D001049,Apnea
DB00561,Doxapram,Doxapram,D004315,MESH:D000860,Hypoxia
DB00561,Doxapram,Doxapram,D004315,MESH:D011183,Postoperative Complications
DB01216,Finasteride,Finasteride,D018120,MESH:D000505,Alopecia
DB01216,Finasteride,Finasteride,D018120,MESH:D019970,Cocaine-Related Disorders
DB01216,Finasteride,Finasteride,D018120,MESH:D006417,Hematuria
DB01216,Finasteride,Finasteride,D018120,MESH:D009135,Muscular Diseases
DB01216,Finasteride,Finasteride,D018120,MESH:D011470,Prostatic Hyperplasia
DB01216,Finasteride,Finasteride,D018120,MESH:D011471,Prostatic Neoplasms
DB01216,Finasteride,Finasteride,D018120,MESH:D016055,Urinary Retention
DB00444,Teniposide,Teniposide,D013713,MESH:D001932,Brain Neoplasms
DB00444,Teniposide,Teniposide,D013713,MESH:D002277,Carcinoma
DB00444,Teniposide,Teniposide,D013713,MESH:D005909,Glioblastoma
DB00444,Teniposide,Teniposide,D013713,MESH:D006689,Hodgkin Disease
DB00444,Teniposide,Teniposide,D013713,MESH:D054198,Precursor Cell Lymphoblastic Leukemia-Lymphoma
DB00444,Teniposide,Teniposide,D013713,MESH:D001749,Urinary Bladder Neoplasms
DB01204,Mitoxantrone,Mitoxantrone,D008942,MESH:D058186,Acute Kidney Injury
DB01204,Mitoxantrone,Mitoxantrone,D008942,MESH:D001424,Bacterial Infections
DB01204,Mitoxantrone,Mitoxantrone,D008942,MESH:D019046,Bone Marrow Neoplasms
DB01204,Mitoxantrone,Mitoxantrone,D008942,MESH:D001943,Breast Neoplasms
DB01204,Mitoxantrone,Mitoxantrone,D008942,MESH:D002277,Carcinoma
DB01204,Mitoxantrone,Mitoxantrone,D008942,MESH:D016543,Central Nervous System Neoplasms
DB01204,Mitoxantrone,Mitoxantrone,D008942,MESH:D015179,Colorectal Neoplasms
DB01204,Mitoxantrone,Mitoxantrone,D008942,MESH:D018450,Disease Progression
DB01204,Mitoxantrone,Mitoxantrone,D008942,MESH:D006689,Hodgkin Disease
DB01204,Mitoxantrone,Mitoxantrone,D008942,MESH:D007938,Leukemia
DB01204,Mitoxantrone,Mitoxantrone,D008942,MESH:D008223,Lymphoma
DB01204,Mitoxantrone,Mitoxantrone,D008942,MESH:D008232,Lymphoproliferative Disorders
DB01204,Mitoxantrone,Mitoxantrone,D008942,MESH:D009103,Multiple Sclerosis
DB01204,Mitoxantrone,Mitoxantrone,D008942,MESH:D009190,Myelodysplastic Syndromes
DB01204,Mitoxantrone,Mitoxantrone,D008942,MESH:D009369,Neoplasms
DB01204,Mitoxantrone,Mitoxantrone,D008942,MESH:D010051,Ovarian Neoplasms
DB01204,Mitoxantrone,Mitoxantrone,D008942,MESH:D054198,Precursor Cell Lymphoblastic Leukemia-Lymphoma
DB01204,Mitoxantrone,Mitoxantrone,D008942,MESH:D011471,Prostatic Neoplasms
DB01204,Mitoxantrone,Mitoxantrone,D008942,MESH:D012008,Recurrence
DB01204,Mitoxantrone,Mitoxantrone,D008942,MESH:D012208,Rhabdomyosarcoma
DB01204,Mitoxantrone,Mitoxantrone,D008942,MESH:D001749,Urinary Bladder Neoplasms
DB01196,Estramustine,Estramustine,D004961,MESH:D010051,Ovarian Neoplasms
DB01196,Estramustine,Estramustine,D004961,MESH:D011471,Prostatic Neoplasms
DB01177,Idarubicin,Idarubicin,D015255,MESH:D007938,Leukemia
DB01177,Idarubicin,Idarubicin,D015255,MESH:D008223,Lymphoma
DB01177,Idarubicin,Idarubicin,D015255,MESH:D009101,Multiple Myeloma
DB01177,Idarubicin,Idarubicin,D015255,MESH:D009190,Myelodysplastic Syndromes
DB01177,Idarubicin,Idarubicin,D015255,MESH:D009369,Neoplasms
DB01177,Idarubicin,Idarubicin,D015255,MESH:D012008,Recurrence
DB01143,Amifostine,Amifostine,D004999,MESH:D058186,Acute Kidney Injury
DB01143,Amifostine,Amifostine,D004999,MESH:D055371,Acute Lung Injury
DB01143,Amifostine,Amifostine,D004999,MESH:D000505,Alopecia
DB01143,Amifostine,Amifostine,D004999,MESH:D001855,Bone Marrow Diseases
DB01143,Amifostine,Amifostine,D004999,MESH:D001943,Breast Neoplasms
DB01143,Amifostine,Amifostine,D004999,MESH:D009202,Cardiomyopathies
DB01143,Amifostine,Amifostine,D004999,MESH:D002386,Cataract
DB01143,Amifostine,Amifostine,D004999,MESH:D003556,Cystitis
DB01143,Amifostine,Amifostine,D004999,MESH:D003967,Diarrhea
DB01143,Amifostine,Amifostine,D004999,MESH:D004417,Dyspnea
DB01143,Amifostine,Amifostine,D004999,MESH:D004938,Esophageal Neoplasms
DB01143,Amifostine,Amifostine,D004999,MESH:D004941,Esophagitis
DB01143,Amifostine,Amifostine,D004999,MESH:D005119,Extravasation of Diagnostic and Therapeutic Materials
DB01143,Amifostine,Amifostine,D004999,MESH:D005767,Gastrointestinal Diseases
DB01143,Amifostine,Amifostine,D004999,MESH:D006258,Head and Neck Neoplasms
DB01143,Amifostine,Amifostine,D004999,MESH:D034381,Hearing Loss
DB01143,Amifostine,Amifostine,D004999,MESH:D006331,Heart Diseases
DB01143,Amifostine,Amifostine,D004999,MESH:D006470,Hemorrhage
DB01143,Amifostine,Amifostine,D004999,MESH:D006504,Hepatic Veno-Occlusive Disease
DB01143,Amifostine,Amifostine,D004999,MESH:D007674,Kidney Diseases
DB01143,Amifostine,Amifostine,D004999,MESH:D052016,Mucositis
DB01143,Amifostine,Amifostine,D004999,MESH:D009336,Necrosis
DB01143,Amifostine,Amifostine,D004999,MESH:D020258,Neurotoxicity Syndromes
DB01143,Amifostine,Amifostine,D004999,MESH:D010190,Pancreatic Neoplasms
DB01143,Amifostine,Amifostine,D004999,MESH:D010292,Paresthesia
DB01143,Amifostine,Amifostine,D004999,MESH:D011832,Radiation Injuries
DB01143,Amifostine,Amifostine,D004999,MESH:D051437,Renal Insufficiency
DB01143,Amifostine,Amifostine,D004999,MESH:D013272,Stomach Diseases
DB01143,Amifostine,Amifostine,D004999,MESH:D013921,Thrombocytopenia
DB01143,Amifostine,Amifostine,D004999,MESH:D014839,Vomiting
DB00445,Epirubicin,Epirubicin,D015251,MESH:D001943,Breast Neoplasms
DB00445,Epirubicin,Epirubicin,D015251,MESH:D004938,Esophageal Neoplasms
DB00445,Epirubicin,Epirubicin,D015251,MESH:D006258,Head and Neck Neoplasms
DB00445,Epirubicin,Epirubicin,D015251,MESH:D006689,Hodgkin Disease
DB00445,Epirubicin,Epirubicin,D015251,MESH:D008113,Liver Neoplasms
DB00445,Epirubicin,Epirubicin,D015251,MESH:D008175,Lung Neoplasms
DB00445,Epirubicin,Epirubicin,D015251,MESH:D008223,Lymphoma
DB00445,Epirubicin,Epirubicin,D015251,MESH:D008232,Lymphoproliferative Disorders
DB00445,Epirubicin,Epirubicin,D015251,MESH:D008545,Melanoma
DB00445,Epirubicin,Epirubicin,D015251,MESH:D009361,Neoplasm Invasiveness
DB00445,Epirubicin,Epirubicin,D015251,MESH:D012516,Osteosarcoma
DB00445,Epirubicin,Epirubicin,D015251,MESH:D010051,Ovarian Neoplasms
DB00445,Epirubicin,Epirubicin,D015251,MESH:D010412,Penile Neoplasms
DB00445,Epirubicin,Epirubicin,D015251,MESH:D011471,Prostatic Neoplasms
DB00445,Epirubicin,Epirubicin,D015251,MESH:D012004,Rectal Neoplasms
DB00445,Epirubicin,Epirubicin,D015251,MESH:D012509,Sarcoma
DB00445,Epirubicin,Epirubicin,D015251,MESH:D055752,Small Cell Lung Carcinoma
DB00445,Epirubicin,Epirubicin,D015251,MESH:D013274,Stomach Neoplasms
DB00445,Epirubicin,Epirubicin,D015251,MESH:D001749,Urinary Bladder Neoplasms
DB00445,Epirubicin,Epirubicin,D015251,MESH:D002583,Uterine Cervical Neoplasms
DB00897,Triazolam,Triazolam,D014229,MESH:D011507,Proteinuria
DB00897,Triazolam,Triazolam,D014229,MESH:D007319,Sleep Initiation and Maintenance Disorders
DB00897,Triazolam,Triazolam,D014229,MESH:D012893,Sleep Wake Disorders
DB00897,Triazolam,Triazolam,D014229,MESH:D013375,Substance Withdrawal Syndrome
DB01043,Memantine,Memantine,D008559,MESH:D020751,Alcohol-Induced Disorders
DB01043,Memantine,Memantine,D008559,MESH:D000544,Alzheimer Disease
DB01043,Memantine,Memantine,D008559,MESH:D000647,Amnesia
DB01043,Memantine,Memantine,D008559,MESH:D001321,Autistic Disorder
DB01043,Memantine,Memantine,D008559,MESH:D001927,Brain Diseases
DB01043,Memantine,Memantine,D008559,MESH:D001930,Brain Injuries
DB01043,Memantine,Memantine,D008559,MESH:D002375,Catalepsy
DB01043,Memantine,Memantine,D008559,MESH:D003072,Cognition Disorders
DB01043,Memantine,Memantine,D008559,MESH:D018352,Coronavirus Infections
DB01043,Memantine,Memantine,D008559,MESH:D003704,Dementia
DB01043,Memantine,Memantine,D008559,MESH:D003866,Depressive Disorder
DB01043,Memantine,Memantine,D008559,MESH:D002658,Developmental Disabilities
DB01043,Memantine,Memantine,D008559,MESH:D005207,Fasciculation
DB01043,Memantine,Memantine,D008559,MESH:D006212,Hallucinations
DB01043,Memantine,Memantine,D008559,MESH:D006930,Hyperalgesia
DB01043,Memantine,Memantine,D008559,MESH:D007859,Learning Disabilities
DB01043,Memantine,Memantine,D008559,MESH:D008569,Memory Disorders
DB01043,Memantine,Memantine,D008559,MESH:D008881,Migraine Disorders
DB01043,Memantine,Memantine,D008559,MESH:D009128,Muscle Spasticity
DB01043,Memantine,Memantine,D008559,MESH:D009135,Muscular Diseases
DB01043,Memantine,Memantine,D008559,MESH:D009336,Necrosis
DB01043,Memantine,Memantine,D008559,MESH:D009410,Nerve Degeneration
DB01043,Memantine,Memantine,D008559,MESH:D019636,Neurodegenerative Diseases
DB01043,Memantine,Memantine,D008559,MESH:D010146,Pain
DB01043,Memantine,Memantine,D008559,MESH:D011595,Psychomotor Agitation
DB01043,Memantine,Memantine,D008559,MESH:D012507,Sarcoidosis
DB01043,Memantine,Memantine,D008559,MESH:D012640,Seizures
DB01043,Memantine,Memantine,D008559,MESH:D013375,Substance Withdrawal Syndrome
DB01043,Memantine,Memantine,D008559,MESH:D014202,Tremor
DB00494,Entacapone,entacapone,C071192,MESH:D000544,Alzheimer Disease
DB00494,Entacapone,entacapone,C071192,MESH:D003866,Depressive Disorder
DB00494,Entacapone,entacapone,C071192,MESH:D010300,Parkinson Disease
DB00494,Entacapone,entacapone,C071192,MESH:D020734,Parkinsonian Disorders
DB00850,Perphenazine,Perphenazine,D010546,MESH:D000544,Alzheimer Disease
DB00850,Perphenazine,Perphenazine,D010546,MESH:D001714,Bipolar Disorder
DB00850,Perphenazine,Perphenazine,D010546,MESH:D003866,Depressive Disorder
DB00850,Perphenazine,Perphenazine,D010546,MESH:D020820,Dyskinesias
DB00850,Perphenazine,Perphenazine,D010546,MESH:D006212,Hallucinations
DB00850,Perphenazine,Perphenazine,D010546,MESH:D003865,Major Depressive Disorder
DB00850,Perphenazine,Perphenazine,D010546,MESH:D001523,Mental Disorders
DB00850,Perphenazine,Perphenazine,D010546,MESH:D009069,Movement Disorders
DB00850,Perphenazine,Perphenazine,D010546,MESH:D009325,Nausea
DB00850,Perphenazine,Perphenazine,D010546,MESH:D011618,Psychotic Disorders
DB00850,Perphenazine,Perphenazine,D010546,MESH:D012559,Schizophrenia
DB00850,Perphenazine,Perphenazine,D010546,MESH:D014839,Vomiting
DB00206,Reserpine,Reserpine,D012110,MESH:D000544,Alzheimer Disease
DB00206,Reserpine,Reserpine,D012110,MESH:D001161,Arteriosclerosis
DB00206,Reserpine,Reserpine,D012110,MESH:D001714,Bipolar Disorder
DB00206,Reserpine,Reserpine,D012110,MESH:D002375,Catalepsy
DB00206,Reserpine,Reserpine,D012110,MESH:D002819,Chorea
DB00206,Reserpine,Reserpine,D012110,MESH:D019970,Cocaine-Related Disorders
DB00206,Reserpine,Reserpine,D012110,MESH:D020820,Dyskinesias
DB00206,Reserpine,Reserpine,D012110,MESH:D005334,Fever
DB00206,Reserpine,Reserpine,D012110,MESH:D005921,Glomerulonephritis
DB00206,Reserpine,Reserpine,D012110,MESH:D006930,Hyperalgesia
DB00206,Reserpine,Reserpine,D012110,MESH:D006948,Hyperkinesis
DB00206,Reserpine,Reserpine,D012110,MESH:D017495,Hyperpigmentation
DB00206,Reserpine,Reserpine,D012110,MESH:D006965,Hyperplasia
DB00206,Reserpine,Reserpine,D012110,MESH:D006973,Hypertension
DB00206,Reserpine,Reserpine,D012110,MESH:D006980,Hyperthyroidism
DB00206,Reserpine,Reserpine,D012110,MESH:D008103,Liver Cirrhosis
DB00206,Reserpine,Reserpine,D012110,MESH:D001523,Mental Disorders
DB00206,Reserpine,Reserpine,D012110,MESH:D010243,Paralysis
DB00206,Reserpine,Reserpine,D012110,MESH:D012559,Schizophrenia
DB00176,Fluvoxamine,Fluvoxamine,D016666,MESH:D055371,Acute Lung Injury
DB00176,Fluvoxamine,Fluvoxamine,D016666,MESH:D000402,Airway Obstruction
DB00176,Fluvoxamine,Fluvoxamine,D016666,MESH:D000544,Alzheimer Disease
DB00176,Fluvoxamine,Fluvoxamine,D016666,MESH:D001008,Anxiety Disorders
DB00176,Fluvoxamine,Fluvoxamine,D016666,MESH:D001321,Autistic Disorder
DB00176,Fluvoxamine,Fluvoxamine,D016666,MESH:D001714,Bipolar Disorder
DB00176,Fluvoxamine,Fluvoxamine,D016666,MESH:D003866,Depressive Disorder
DB00176,Fluvoxamine,Fluvoxamine,D016666,MESH:D004487,Edema
DB00176,Fluvoxamine,Fluvoxamine,D016666,MESH:D006212,Hallucinations
DB00176,Fluvoxamine,Fluvoxamine,D016666,MESH:D006930,Hyperalgesia
DB00176,Fluvoxamine,Fluvoxamine,D016666,MESH:D006948,Hyperkinesis
DB00176,Fluvoxamine,Fluvoxamine,D016666,MESH:D003865,Major Depressive Disorder
DB00176,Fluvoxamine,Fluvoxamine,D016666,MESH:D001523,Mental Disorders
DB00176,Fluvoxamine,Fluvoxamine,D016666,MESH:D019964,Mood Disorders
DB00176,Fluvoxamine,Fluvoxamine,D016666,MESH:D009765,Obesity
DB00176,Fluvoxamine,Fluvoxamine,D016666,MESH:D009771,Obsessive-Compulsive Disorder
DB00176,Fluvoxamine,Fluvoxamine,D016666,MESH:D010146,Pain
DB00176,Fluvoxamine,Fluvoxamine,D016666,MESH:D016584,Panic Disorder
DB00176,Fluvoxamine,Fluvoxamine,D016666,MESH:D007319,Sleep Initiation and Maintenance Disorders
DB00176,Fluvoxamine,Fluvoxamine,D016666,MESH:D019956,Stereotypic Movement Disorder
DB12129,Tideglusib,tideglusib,C520571,MESH:D000544,Alzheimer Disease
DB12129,Tideglusib,tideglusib,C520571,MESH:D003072,Cognition Disorders
DB00014,Goserelin,Goserelin,D017273,MESH:D000544,Alzheimer Disease
DB00014,Goserelin,Goserelin,D017273,MESH:D001943,Breast Neoplasms
DB00014,Goserelin,Goserelin,D017273,MESH:D004715,Endometriosis
DB00014,Goserelin,Goserelin,D017273,MESH:D007889,Leiomyoma
DB00014,Goserelin,Goserelin,D017273,MESH:D011471,Prostatic Neoplasms
DB00934,Maprotiline,Maprotiline,D008376,MESH:D000544,Alzheimer Disease
DB00934,Maprotiline,Maprotiline,D008376,MESH:D001008,Anxiety Disorders
DB00934,Maprotiline,Maprotiline,D008376,MESH:D001714,Bipolar Disorder
DB00934,Maprotiline,Maprotiline,D008376,MESH:D001763,Blepharoptosis
DB00934,Maprotiline,Maprotiline,D008376,MESH:D002375,Catalepsy
DB00934,Maprotiline,Maprotiline,D008376,MESH:D003866,Depressive Disorder
DB00934,Maprotiline,Maprotiline,D008376,MESH:D006561,Herpes Simplex
DB00934,Maprotiline,Maprotiline,D008376,MESH:D007035,Hypothermia
DB00934,Maprotiline,Maprotiline,D008376,MESH:D003865,Major Depressive Disorder
DB00934,Maprotiline,Maprotiline,D008376,MESH:D001523,Mental Disorders
DB00934,Maprotiline,Maprotiline,D008376,MESH:D009437,Neuralgia
DB00981,Physostigmine,Physostigmine,D010830,MESH:D000544,Alzheimer Disease
DB00981,Physostigmine,Physostigmine,D010830,MESH:D000647,Amnesia
DB00981,Physostigmine,Physostigmine,D010830,MESH:D001049,Apnea
DB00981,Physostigmine,Physostigmine,D010830,MESH:D002375,Catalepsy
DB00981,Physostigmine,Physostigmine,D010830,MESH:D002493,Central Nervous System Diseases
DB00981,Physostigmine,Physostigmine,D010830,MESH:D023341,Chills
DB00981,Physostigmine,Physostigmine,D010830,MESH:D002819,Chorea
DB00981,Physostigmine,Physostigmine,D010830,MESH:D019970,Cocaine-Related Disorders
DB00981,Physostigmine,Physostigmine,D010830,MESH:D003072,Cognition Disorders
DB00981,Physostigmine,Physostigmine,D010830,MESH:D003128,Coma
DB00981,Physostigmine,Physostigmine,D010830,MESH:D055191,Delayed Emergence from Anesthesia
DB00981,Physostigmine,Physostigmine,D010830,MESH:D062787,Drug Overdose
DB00981,Physostigmine,Physostigmine,D010830,MESH:D004421,Dystonia
DB00981,Physostigmine,Physostigmine,D010830,MESH:D020821,Dystonic Disorders
DB00981,Physostigmine,Physostigmine,D010830,MESH:D005334,Fever
DB00981,Physostigmine,Physostigmine,D010830,MESH:D006212,Hallucinations
DB00981,Physostigmine,Physostigmine,D010830,MESH:D006816,Huntington Disease
DB00981,Physostigmine,Physostigmine,D010830,MESH:D006948,Hyperkinesis
DB00981,Physostigmine,Physostigmine,D010830,MESH:D006973,Hypertension
DB00981,Physostigmine,Physostigmine,D010830,MESH:D007008,Hypokalemia
DB00981,Physostigmine,Physostigmine,D010830,MESH:D007022,Hypotension
DB00981,Physostigmine,Physostigmine,D010830,MESH:D007035,Hypothermia
DB00981,Physostigmine,Physostigmine,D010830,MESH:D007859,Learning Disabilities
DB00981,Physostigmine,Physostigmine,D010830,MESH:D053609,Lethargy
DB00981,Physostigmine,Physostigmine,D010830,MESH:D008569,Memory Disorders
DB00981,Physostigmine,Physostigmine,D010830,MESH:D001523,Mental Disorders
DB00981,Physostigmine,Physostigmine,D010830,MESH:D009069,Movement Disorders
DB00981,Physostigmine,Physostigmine,D010830,MESH:D009461,Neurologic Manifestations
DB00981,Physostigmine,Physostigmine,D010830,MESH:D009886,Ophthalmoplegia
DB00981,Physostigmine,Physostigmine,D010830,MESH:D010146,Pain
DB00981,Physostigmine,Physostigmine,D010830,MESH:D010554,Personality Disorders
DB00981,Physostigmine,Physostigmine,D010830,MESH:D011183,Postoperative Complications
DB00981,Physostigmine,Physostigmine,D010830,MESH:D011595,Psychomotor Agitation
DB00981,Physostigmine,Physostigmine,D010830,MESH:D012131,Respiratory Insufficiency
DB00981,Physostigmine,Physostigmine,D010830,MESH:D012640,Seizures
DB00981,Physostigmine,Physostigmine,D010830,MESH:D012891,Sleep Apnea Syndromes
DB00981,Physostigmine,Physostigmine,D010830,MESH:D013064,Speech Disorders
DB00981,Physostigmine,Physostigmine,D010830,MESH:D013132,Spinocerebellar Degenerations
DB00981,Physostigmine,Physostigmine,D010830,MESH:D013226,Status Epilepticus
DB00981,Physostigmine,Physostigmine,D010830,MESH:D053608,Stupor
DB00981,Physostigmine,Physostigmine,D010830,MESH:D013375,Substance Withdrawal Syndrome
DB00981,Physostigmine,Physostigmine,D010830,MESH:D013610,Tachycardia
DB00981,Physostigmine,Physostigmine,D010830,MESH:D016171,Torsades de Pointes
DB00981,Physostigmine,Physostigmine,D010830,MESH:D014202,Tremor
DB00981,Physostigmine,Physostigmine,D010830,MESH:D014474,Unconsciousness
DB00981,Physostigmine,Physostigmine,D010830,MESH:D014693,Ventricular Fibrillation
DB11081,Aluminum chloride,Aluminum Chloride,D000077410,MESH:D009410,Nerve Degeneration
DB00674,Galantamine,Galantamine,D005702,MESH:D000544,Alzheimer Disease
DB00674,Galantamine,Galantamine,D005702,MESH:D000647,Amnesia
DB00674,Galantamine,Galantamine,D005702,MESH:D001321,Autistic Disorder
DB00674,Galantamine,Galantamine,D005702,MESH:D001768,Blister
DB00674,Galantamine,Galantamine,D005702,MESH:D003072,Cognition Disorders
DB00674,Galantamine,Galantamine,D005702,MESH:D062787,Drug Overdose
DB00674,Galantamine,Galantamine,D005702,MESH:D006948,Hyperkinesis
DB00674,Galantamine,Galantamine,D005702,MESH:D007859,Learning Disabilities
DB00674,Galantamine,Galantamine,D005702,MESH:D008569,Memory Disorders
DB00674,Galantamine,Galantamine,D005702,MESH:D010243,Paralysis
DB00674,Galantamine,Galantamine,D005702,MESH:D012640,Seizures
DB01618,Molindone,Molindone,D008972,MESH:D000544,Alzheimer Disease
DB01618,Molindone,Molindone,D008972,MESH:D006948,Hyperkinesis
DB01618,Molindone,Molindone,D008972,MESH:D001523,Mental Disorders
DB01618,Molindone,Molindone,D008972,MESH:D011618,Psychotic Disorders
DB01618,Molindone,Molindone,D008972,MESH:D012559,Schizophrenia
DB04864,Huperzine A,huperzine A,C050426,MESH:D000544,Alzheimer Disease
DB04864,Huperzine A,huperzine A,C050426,MESH:D003092,Colitis
DB04864,Huperzine A,huperzine A,C050426,MESH:D007249,Inflammation
DB04864,Huperzine A,huperzine A,C050426,MESH:D007859,Learning Disabilities
DB04864,Huperzine A,huperzine A,C050426,MESH:D008569,Memory Disorders
DB04864,Huperzine A,huperzine A,C050426,MESH:D009410,Nerve Degeneration
DB04864,Huperzine A,huperzine A,C050426,MESH:D020258,Neurotoxicity Syndromes
DB04864,Huperzine A,huperzine A,C050426,MESH:D012640,Seizures
DB00989,Rivastigmine,Rivastigmine,D000068836,MESH:D000544,Alzheimer Disease
DB00989,Rivastigmine,Rivastigmine,D000068836,MESH:D000647,Amnesia
DB00989,Rivastigmine,Rivastigmine,D000068836,MESH:D003072,Cognition Disorders
DB00989,Rivastigmine,Rivastigmine,D000068836,MESH:D003704,Dementia
DB00989,Rivastigmine,Rivastigmine,D000068836,MESH:D007859,Learning Disabilities
DB00989,Rivastigmine,Rivastigmine,D000068836,MESH:D008569,Memory Disorders
DB00989,Rivastigmine,Rivastigmine,D000068836,MESH:D009410,Nerve Degeneration
DB00989,Rivastigmine,Rivastigmine,D000068836,MESH:D010300,Parkinson Disease
DB00989,Rivastigmine,Rivastigmine,D000068836,MESH:D011618,Psychotic Disorders
DB00989,Rivastigmine,Rivastigmine,D000068836,MESH:D019966,Substance-Related Disorders
DB00382,Tacrine,Tacrine,D013619,MESH:D000544,Alzheimer Disease
DB00382,Tacrine,Tacrine,D013619,MESH:D000647,Amnesia
DB00382,Tacrine,Tacrine,D013619,MESH:D019970,Cocaine-Related Disorders
DB00382,Tacrine,Tacrine,D013619,MESH:D003072,Cognition Disorders
DB00382,Tacrine,Tacrine,D013619,MESH:D060825,Cognitive Dysfunction
DB00382,Tacrine,Tacrine,D013619,MESH:D048909,Diabetes Complications
DB00382,Tacrine,Tacrine,D013619,MESH:D006948,Hyperkinesis
DB00382,Tacrine,Tacrine,D013619,MESH:D007022,Hypotension
DB00382,Tacrine,Tacrine,D013619,MESH:D007859,Learning Disabilities
DB00382,Tacrine,Tacrine,D013619,MESH:D008569,Memory Disorders
DB00382,Tacrine,Tacrine,D013619,MESH:D009135,Muscular Diseases
DB00382,Tacrine,Tacrine,D013619,MESH:D009410,Nerve Degeneration
DB00382,Tacrine,Tacrine,D013619,MESH:D010146,Pain
DB00323,Tolcapone,Tolcapone,D000077867,MESH:D000544,Alzheimer Disease
DB00323,Tolcapone,Tolcapone,D000077867,MESH:D002375,Catalepsy
DB00323,Tolcapone,Tolcapone,D000077867,MESH:D003866,Depressive Disorder
DB00323,Tolcapone,Tolcapone,D000077867,MESH:D003865,Major Depressive Disorder
DB00323,Tolcapone,Tolcapone,D000077867,MESH:D010300,Parkinson Disease
DB00330,Ethambutol,Ethambutol,D004977,MESH:D004487,Edema
DB00330,Ethambutol,Ethambutol,D004977,MESH:D005334,Fever
DB00330,Ethambutol,Ethambutol,D004977,MESH:D006505,Hepatitis
DB00330,Ethambutol,Ethambutol,D004977,MESH:D009164,Mycobacterium Infections
DB00330,Ethambutol,Ethambutol,D004977,MESH:D010146,Pain
DB00330,Ethambutol,Ethambutol,D004977,MESH:D012141,Respiratory Tract Infections
DB00330,Ethambutol,Ethambutol,D004977,MESH:D014376,Tuberculosis
DB00246,Ziprasidone,ziprasidone,C092292,MESH:D001321,Autistic Disorder
DB00246,Ziprasidone,ziprasidone,C092292,MESH:D001714,Bipolar Disorder
DB00246,Ziprasidone,ziprasidone,C092292,MESH:D019970,Cocaine-Related Disorders
DB00246,Ziprasidone,ziprasidone,C092292,MESH:D006212,Hallucinations
DB00246,Ziprasidone,ziprasidone,C092292,MESH:D006948,Hyperkinesis
DB00246,Ziprasidone,ziprasidone,C092292,MESH:D003865,Major Depressive Disorder
DB00246,Ziprasidone,ziprasidone,C092292,MESH:D001523,Mental Disorders
DB00246,Ziprasidone,ziprasidone,C092292,MESH:D011618,Psychotic Disorders
DB00246,Ziprasidone,ziprasidone,C092292,MESH:D012559,Schizophrenia
DB00246,Ziprasidone,ziprasidone,C092292,MESH:D012640,Seizures
DB06288,Amisulpride,Amisulpride,D000077582,MESH:D001714,Bipolar Disorder
DB06288,Amisulpride,Amisulpride,D000077582,MESH:D003866,Depressive Disorder
DB06288,Amisulpride,Amisulpride,D000077582,MESH:D004421,Dystonia
DB06288,Amisulpride,Amisulpride,D000077582,MESH:D006948,Hyperkinesis
DB06288,Amisulpride,Amisulpride,D000077582,MESH:D018476,Hypokinesia
DB06288,Amisulpride,Amisulpride,D000077582,MESH:D007035,Hypothermia
DB06288,Amisulpride,Amisulpride,D000077582,MESH:D001523,Mental Disorders
DB06288,Amisulpride,Amisulpride,D000077582,MESH:D009069,Movement Disorders
DB06288,Amisulpride,Amisulpride,D000077582,MESH:D011618,Psychotic Disorders
DB06288,Amisulpride,Amisulpride,D000077582,MESH:D012559,Schizophrenia
DB00391,Sulpiride,Sulpiride,D013469,MESH:D000647,Amnesia
DB00391,Sulpiride,Sulpiride,D013469,MESH:D001008,Anxiety Disorders
DB00391,Sulpiride,Sulpiride,D013469,MESH:D001714,Bipolar Disorder
DB00391,Sulpiride,Sulpiride,D013469,MESH:D001919,Bradycardia
DB00391,Sulpiride,Sulpiride,D013469,MESH:D003866,Depressive Disorder
DB00391,Sulpiride,Sulpiride,D013469,MESH:D005334,Fever
DB00391,Sulpiride,Sulpiride,D013469,MESH:D006212,Hallucinations
DB00391,Sulpiride,Sulpiride,D013469,MESH:D006556,Heroin Dependence
DB00391,Sulpiride,Sulpiride,D013469,MESH:D006948,Hyperkinesis
DB00391,Sulpiride,Sulpiride,D013469,MESH:D018476,Hypokinesia
DB00391,Sulpiride,Sulpiride,D013469,MESH:D007022,Hypotension
DB00391,Sulpiride,Sulpiride,D013469,MESH:D007035,Hypothermia
DB00391,Sulpiride,Sulpiride,D013469,MESH:D001523,Mental Disorders
DB00391,Sulpiride,Sulpiride,D013469,MESH:D010146,Pain
DB00391,Sulpiride,Sulpiride,D013469,MESH:D016584,Panic Disorder
DB00391,Sulpiride,Sulpiride,D013469,MESH:D010409,Penile Diseases
DB00391,Sulpiride,Sulpiride,D013469,MESH:D011618,Psychotic Disorders
DB00391,Sulpiride,Sulpiride,D013469,MESH:D012559,Schizophrenia
DB00391,Sulpiride,Sulpiride,D013469,MESH:D019956,Stereotypic Movement Disorder
DB00391,Sulpiride,Sulpiride,D013469,MESH:D013262,Stevens-Johnson Syndrome
DB00391,Sulpiride,Sulpiride,D013469,MESH:D013276,Stomach Ulcer
DB00391,Sulpiride,Sulpiride,D013469,MESH:D013375,Substance Withdrawal Syndrome
DB00391,Sulpiride,Sulpiride,D013469,MESH:D013610,Tachycardia
DB00391,Sulpiride,Sulpiride,D013469,MESH:D014202,Tremor
DB00304,Desogestrel,Desogestrel,D017135,MESH:D004412,Dysmenorrhea
DB00304,Desogestrel,Desogestrel,D017135,MESH:D011085,Polycystic Ovary Syndrome
DB00304,Desogestrel,Desogestrel,D017135,MESH:D007319,Sleep Initiation and Maintenance Disorders
DB00312,Pentobarbital,Pentobarbital,D010424,MESH:D000740,Anemia
DB00312,Pentobarbital,Pentobarbital,D010424,MESH:D001008,Anxiety Disorders
DB00312,Pentobarbital,Pentobarbital,D010424,MESH:D001919,Bradycardia
DB00312,Pentobarbital,Pentobarbital,D010424,MESH:D001930,Brain Injuries
DB00312,Pentobarbital,Pentobarbital,D010424,MESH:D006259,Craniocerebral Trauma
DB00312,Pentobarbital,Pentobarbital,D010424,MESH:D004827,Epilepsy
DB00312,Pentobarbital,Pentobarbital,D010424,MESH:D019586,Intracranial Hypertension
DB00312,Pentobarbital,Pentobarbital,D010424,MESH:D009410,Nerve Degeneration
DB00312,Pentobarbital,Pentobarbital,D010424,MESH:D012640,Seizures
DB00312,Pentobarbital,Pentobarbital,D010424,MESH:D013035,Spasm
DB00312,Pentobarbital,Pentobarbital,D010424,MESH:D013226,Status Epilepticus
DB00312,Pentobarbital,Pentobarbital,D010424,MESH:D014202,Tremor
DB00312,Pentobarbital,Pentobarbital,D010424,MESH:D014693,Ventricular Fibrillation
DB00312,Pentobarbital,Pentobarbital,D010424,MESH:D014839,Vomiting
DB01576,Dextroamphetamine,Dextroamphetamine,D003913,MESH:D000647,Amnesia
DB01576,Dextroamphetamine,Dextroamphetamine,D003913,MESH:D019969,Amphetamine-Related Disorders
DB01576,Dextroamphetamine,Dextroamphetamine,D003913,MESH:D001289,Attention Deficit Disorder with Hyperactivity
DB01576,Dextroamphetamine,Dextroamphetamine,D003913,MESH:D056912,Binge-Eating Disorder
DB01576,Dextroamphetamine,Dextroamphetamine,D003913,MESH:D002375,Catalepsy
DB01576,Dextroamphetamine,Dextroamphetamine,D003913,MESH:D002389,Catatonia
DB01576,Dextroamphetamine,Dextroamphetamine,D003913,MESH:D019970,Cocaine-Related Disorders
DB01576,Dextroamphetamine,Dextroamphetamine,D003913,MESH:D003866,Depressive Disorder
DB01576,Dextroamphetamine,Dextroamphetamine,D003913,MESH:D020820,Dyskinesias
DB01576,Dextroamphetamine,Dextroamphetamine,D003913,MESH:D004827,Epilepsy
DB01576,Dextroamphetamine,Dextroamphetamine,D003913,MESH:D018476,Hypokinesia
DB01576,Dextroamphetamine,Dextroamphetamine,D003913,MESH:D053609,Lethargy
DB01576,Dextroamphetamine,Dextroamphetamine,D003913,MESH:D009290,Narcolepsy
DB01576,Dextroamphetamine,Dextroamphetamine,D003913,MESH:D009771,Obsessive-Compulsive Disorder
DB01576,Dextroamphetamine,Dextroamphetamine,D003913,MESH:D012559,Schizophrenia
DB01576,Dextroamphetamine,Dextroamphetamine,D003913,MESH:D007319,Sleep Initiation and Maintenance Disorders
DB01576,Dextroamphetamine,Dextroamphetamine,D003913,MESH:D013981,Tic Disorders
DB00457,Prazosin,Prazosin,D011224,MESH:D000855,Anorexia
DB00457,Prazosin,Prazosin,D011224,MESH:D001342,Autonomic Nervous System Diseases
DB00457,Prazosin,Prazosin,D011224,MESH:D001919,Bradycardia
DB00457,Prazosin,Prazosin,D011224,MESH:D009202,Cardiomyopathies
DB00457,Prazosin,Prazosin,D011224,MESH:D056486,Chemical and Drug Induced Liver Injury
DB00457,Prazosin,Prazosin,D011224,MESH:D019970,Cocaine-Related Disorders
DB00457,Prazosin,Prazosin,D011224,MESH:D062787,Drug Overdose
DB00457,Prazosin,Prazosin,D011224,MESH:D006212,Hallucinations
DB00457,Prazosin,Prazosin,D011224,MESH:D006333,Heart Failure
DB00457,Prazosin,Prazosin,D011224,MESH:D006930,Hyperalgesia
DB00457,Prazosin,Prazosin,D011224,MESH:D006948,Hyperkinesis
DB00457,Prazosin,Prazosin,D011224,MESH:D006973,Hypertension
DB00457,Prazosin,Prazosin,D011224,MESH:D007022,Hypotension
DB00457,Prazosin,Prazosin,D011224,MESH:D008944,Mitral Valve Insufficiency
DB00457,Prazosin,Prazosin,D011224,MESH:D019578,Multiple System Atrophy
DB00457,Prazosin,Prazosin,D011224,MESH:D009127,Muscle Rigidity
DB00457,Prazosin,Prazosin,D011224,MESH:D009410,Nerve Degeneration
DB00457,Prazosin,Prazosin,D011224,MESH:D010146,Pain
DB00457,Prazosin,Prazosin,D011224,MESH:D010673,Pheochromocytoma
DB00457,Prazosin,Prazosin,D011224,MESH:D011470,Prostatic Hyperplasia
DB00457,Prazosin,Prazosin,D011224,MESH:D011595,Psychomotor Agitation
DB00457,Prazosin,Prazosin,D011224,MESH:D011928,Raynaud Disease
DB00457,Prazosin,Prazosin,D011224,MESH:D051437,Renal Insufficiency
DB00457,Prazosin,Prazosin,D011224,MESH:D012640,Seizures
DB00457,Prazosin,Prazosin,D011224,MESH:D013610,Tachycardia
DB00457,Prazosin,Prazosin,D011224,MESH:D014202,Tremor
DB00457,Prazosin,Prazosin,D011224,MESH:D014555,Urination Disorders
DB00457,Prazosin,Prazosin,D011224,MESH:D018754,Ventricular Dysfunction
DB00457,Prazosin,Prazosin,D011224,MESH:D014693,Ventricular Fibrillation
DB00747,Scopolamine,Scopolamine,D012601,MESH:D001927,Brain Diseases
DB00747,Scopolamine,Scopolamine,D012601,MESH:D001930,Brain Injuries
DB00747,Scopolamine,Scopolamine,D012601,MESH:D002375,Catalepsy
DB00747,Scopolamine,Scopolamine,D012601,MESH:D002389,Catatonia
DB00747,Scopolamine,Scopolamine,D012601,MESH:D019970,Cocaine-Related Disorders
DB00747,Scopolamine,Scopolamine,D012601,MESH:D006973,Hypertension
DB00747,Scopolamine,Scopolamine,D012601,MESH:D018476,Hypokinesia
DB00747,Scopolamine,Scopolamine,D012601,MESH:D055370,Lung Injury
DB00747,Scopolamine,Scopolamine,D012601,MESH:D008569,Memory Disorders
DB00747,Scopolamine,Scopolamine,D012601,MESH:D009069,Movement Disorders
DB00747,Scopolamine,Scopolamine,D012601,MESH:D009127,Muscle Rigidity
DB00747,Scopolamine,Scopolamine,D012601,MESH:D009203,Myocardial Infarction
DB00747,Scopolamine,Scopolamine,D012601,MESH:D009325,Nausea
DB00747,Scopolamine,Scopolamine,D012601,MESH:D009410,Nerve Degeneration
DB00747,Scopolamine,Scopolamine,D012601,MESH:D009293,Opioid-Related Disorders
DB00747,Scopolamine,Scopolamine,D012601,MESH:D012640,Seizures
DB00747,Scopolamine,Scopolamine,D012601,MESH:D012798,Sialorrhea
DB00747,Scopolamine,Scopolamine,D012601,MESH:D013226,Status Epilepticus
DB00747,Scopolamine,Scopolamine,D012601,MESH:D013375,Substance Withdrawal Syndrome
DB00747,Scopolamine,Scopolamine,D012601,MESH:D005879,Tourette Syndrome
DB00747,Scopolamine,Scopolamine,D012601,MESH:D014202,Tremor
DB00747,Scopolamine,Scopolamine,D012601,MESH:D014839,Vomiting
DB00747,Scopolamine,Scopolamine,D012601,MESH:D015431,Weight Loss
DB01221,Ketamine,Ketamine,D007649,MESH:D001424,Bacterial Infections
DB01221,Ketamine,Ketamine,D007649,MESH:D001930,Brain Injuries
DB01221,Ketamine,Ketamine,D007649,MESH:D002056,Burns
DB01221,Ketamine,Ketamine,D007649,MESH:D002375,Catalepsy
DB01221,Ketamine,Ketamine,D007649,MESH:D003072,Cognition Disorders
DB01221,Ketamine,Ketamine,D007649,MESH:D003643,Death
DB01221,Ketamine,Ketamine,D007649,MESH:D003866,Depressive Disorder
DB01221,Ketamine,Ketamine,D007649,MESH:D020820,Dyskinesias
DB01221,Ketamine,Ketamine,D007649,MESH:D004827,Epilepsy
DB01221,Ketamine,Ketamine,D007649,MESH:D005334,Fever
DB01221,Ketamine,Ketamine,D007649,MESH:D005911,Gliosis
DB01221,Ketamine,Ketamine,D007649,MESH:D006261,Headache
DB01221,Ketamine,Ketamine,D007649,MESH:D006930,Hyperalgesia
DB01221,Ketamine,Ketamine,D007649,MESH:D006948,Hyperkinesis
DB01221,Ketamine,Ketamine,D007649,MESH:D007022,Hypotension
DB01221,Ketamine,Ketamine,D007649,MESH:D007249,Inflammation
DB01221,Ketamine,Ketamine,D007649,MESH:D007859,Learning Disabilities
DB01221,Ketamine,Ketamine,D007649,MESH:D003865,Major Depressive Disorder
DB01221,Ketamine,Ketamine,D007649,MESH:D008569,Memory Disorders
DB01221,Ketamine,Ketamine,D007649,MESH:D052016,Mucositis
DB01221,Ketamine,Ketamine,D007649,MESH:D009410,Nerve Degeneration
DB01221,Ketamine,Ketamine,D007649,MESH:D009422,Nervous System Diseases
DB01221,Ketamine,Ketamine,D007649,MESH:D009437,Neuralgia
DB01221,Ketamine,Ketamine,D007649,MESH:D010146,Pain
DB01221,Ketamine,Ketamine,D007649,MESH:D010523,Peripheral Nervous System Diseases
DB01221,Ketamine,Ketamine,D007649,MESH:D011183,Postoperative Complications
DB01221,Ketamine,Ketamine,D007649,MESH:D010149,Postoperative Pain
DB01221,Ketamine,Ketamine,D007649,MESH:D012559,Schizophrenia
DB01221,Ketamine,Ketamine,D007649,MESH:D012640,Seizures
DB01221,Ketamine,Ketamine,D007649,MESH:D013035,Spasm
DB01221,Ketamine,Ketamine,D007649,MESH:D013226,Status Epilepticus
DB01221,Ketamine,Ketamine,D007649,MESH:D013375,Substance Withdrawal Syndrome
DB01221,Ketamine,Ketamine,D007649,MESH:D015431,Weight Loss
DB00395,Carisoprodol,Carisoprodol,D002328,MESH:D001416,Back Pain
DB00395,Carisoprodol,Carisoprodol,D002328,MESH:D017116,Low Back Pain
DB01544,Flunitrazepam,Flunitrazepam,D005445,MESH:D003866,Depressive Disorder
DB01544,Flunitrazepam,Flunitrazepam,D005445,MESH:D006973,Hypertension
DB01544,Flunitrazepam,Flunitrazepam,D005445,MESH:D003865,Major Depressive Disorder
DB01544,Flunitrazepam,Flunitrazepam,D005445,MESH:D011595,Psychomotor Agitation
DB01544,Flunitrazepam,Flunitrazepam,D005445,MESH:D011618,Psychotic Disorders
DB01544,Flunitrazepam,Flunitrazepam,D005445,MESH:D012640,Seizures
DB01544,Flunitrazepam,Flunitrazepam,D005445,MESH:D007319,Sleep Initiation and Maintenance Disorders
DB01544,Flunitrazepam,Flunitrazepam,D005445,MESH:D013610,Tachycardia
DB00228,Enflurane,Enflurane,D004737,MESH:D006973,Hypertension
DB00714,Apomorphine,Apomorphine,D001058,MESH:D000647,Amnesia
DB00714,Apomorphine,Apomorphine,D001058,MESH:D001480,Basal Ganglia Diseases
DB00714,Apomorphine,Apomorphine,D001058,MESH:D002375,Catalepsy
DB00714,Apomorphine,Apomorphine,D001058,MESH:D002389,Catatonia
DB00714,Apomorphine,Apomorphine,D001058,MESH:D020820,Dyskinesias
DB00714,Apomorphine,Apomorphine,D001058,MESH:D004421,Dystonia
DB00714,Apomorphine,Apomorphine,D001058,MESH:D007172,Erectile Dysfunction
DB00714,Apomorphine,Apomorphine,D001058,MESH:D020329,Essential Tremor
DB00714,Apomorphine,Apomorphine,D001058,MESH:D006973,Hypertension
DB00714,Apomorphine,Apomorphine,D001058,MESH:D018476,Hypokinesia
DB00714,Apomorphine,Apomorphine,D001058,MESH:D009127,Muscle Rigidity
DB00714,Apomorphine,Apomorphine,D001058,MESH:D018908,Muscle Weakness
DB00714,Apomorphine,Apomorphine,D001058,MESH:D010300,Parkinson Disease
DB00714,Apomorphine,Apomorphine,D001058,MESH:D020734,Parkinsonian Disorders
DB00714,Apomorphine,Apomorphine,D001058,MESH:D010409,Penile Diseases
DB00714,Apomorphine,Apomorphine,D001058,MESH:D010554,Personality Disorders
DB00714,Apomorphine,Apomorphine,D001058,MESH:D011618,Psychotic Disorders
DB00714,Apomorphine,Apomorphine,D001058,MESH:D015427,Reperfusion Injury
DB00714,Apomorphine,Apomorphine,D001058,MESH:D012640,Seizures
DB00714,Apomorphine,Apomorphine,D001058,MESH:D013226,Status Epilepticus
DB00714,Apomorphine,Apomorphine,D001058,MESH:D014555,Urination Disorders
DB09282,Molsidomine,Molsidomine,D008981,MESH:D000647,Amnesia
DB09282,Molsidomine,Molsidomine,D008981,MESH:D000787,Angina Pectoris
DB09282,Molsidomine,Molsidomine,D008981,MESH:D001791,Blood Platelet Disorders
DB09282,Molsidomine,Molsidomine,D008981,MESH:D002375,Catalepsy
DB09282,Molsidomine,Molsidomine,D008981,MESH:D005621,Friedreich Ataxia
DB09282,Molsidomine,Molsidomine,D008981,MESH:D006973,Hypertension
DB00185,Cevimeline,cevimeline,C059240,MESH:D000647,Amnesia
DB01164,Calcium chloride,Calcium Chloride,D002122,MESH:D000647,Amnesia
DB01164,Calcium chloride,Calcium Chloride,D002122,MESH:D006327,Heart Block
DB01164,Calcium chloride,Calcium Chloride,D002122,MESH:D006973,Hypertension
DB01164,Calcium chloride,Calcium Chloride,D002122,MESH:D007022,Hypotension
DB01164,Calcium chloride,Calcium Chloride,D002122,MESH:D012804,Sick Sinus Syndrome
DB01164,Calcium chloride,Calcium Chloride,D002122,MESH:D014693,Ventricular Fibrillation
DB00122,Choline,Choline,D002794,MESH:D000647,Amnesia
DB00122,Choline,Choline,D002794,MESH:D001724,Birth Weight
DB00122,Choline,Choline,D002794,MESH:D001927,Brain Diseases
DB00122,Choline,Choline,D002794,MESH:D003072,Cognition Disorders
DB00122,Choline,Choline,D002794,MESH:D005234,Fatty Liver
DB00122,Choline,Choline,D002794,MESH:D005355,Fibrosis
DB00122,Choline,Choline,D002794,MESH:D006529,Hepatomegaly
DB00122,Choline,Choline,D002794,MESH:D007249,Inflammation
DB00122,Choline,Choline,D002794,MESH:D007674,Kidney Diseases
DB00122,Choline,Choline,D002794,MESH:D007859,Learning Disabilities
DB00122,Choline,Choline,D002794,MESH:D008569,Memory Disorders
DB00122,Choline,Choline,D002794,MESH:D065626,Non-alcoholic Fatty Liver Disease
DB00122,Choline,Choline,D002794,MESH:D009845,Oligospermia
DB00122,Choline,Choline,D002794,MESH:D010922,Placenta Diseases
DB00122,Choline,Choline,D002794,MESH:D016137,Spina Bifida Cystica
DB00122,Choline,Choline,D002794,MESH:D013733,Testicular Diseases
DB00122,Choline,Choline,D002794,MESH:D015431,Weight Loss
DB04841,Flunarizine,Flunarizine,D005444,MESH:D058186,Acute Kidney Injury
DB04841,Flunarizine,Flunarizine,D005444,MESH:D000647,Amnesia
DB04841,Flunarizine,Flunarizine,D005444,MESH:D001008,Anxiety Disorders
DB04841,Flunarizine,Flunarizine,D005444,MESH:D002545,Brain Ischemia
DB04841,Flunarizine,Flunarizine,D005444,MESH:D002375,Catalepsy
DB04841,Flunarizine,Flunarizine,D005444,MESH:D020820,Dyskinesias
DB04841,Flunarizine,Flunarizine,D005444,MESH:D004487,Edema
DB04841,Flunarizine,Flunarizine,D005444,MESH:D006505,Hepatitis
DB04841,Flunarizine,Flunarizine,D005444,MESH:D006948,Hyperkinesis
DB04841,Flunarizine,Flunarizine,D005444,MESH:D008569,Memory Disorders
DB04841,Flunarizine,Flunarizine,D005444,MESH:D008881,Migraine Disorders
DB04841,Flunarizine,Flunarizine,D005444,MESH:D051437,Renal Insufficiency
DB04841,Flunarizine,Flunarizine,D005444,MESH:D012640,Seizures
DB04841,Flunarizine,Flunarizine,D005444,MESH:D013226,Status Epilepticus
DB04841,Flunarizine,Flunarizine,D005444,MESH:D016171,Torsades de Pointes
DB04841,Flunarizine,Flunarizine,D005444,MESH:D014693,Ventricular Fibrillation
DB00368,Norepinephrine,Norepinephrine,D009638,MESH:D000647,Amnesia
DB00368,Norepinephrine,Norepinephrine,D009638,MESH:D001237,Asphyxia
DB00368,Norepinephrine,Norepinephrine,D009638,MESH:D001919,Bradycardia
DB00368,Norepinephrine,Norepinephrine,D009638,MESH:D002375,Catalepsy
DB00368,Norepinephrine,Norepinephrine,D009638,MESH:D004827,Epilepsy
DB00368,Norepinephrine,Norepinephrine,D009638,MESH:D005901,Glaucoma
DB00368,Norepinephrine,Norepinephrine,D009638,MESH:D006261,Headache
DB00368,Norepinephrine,Norepinephrine,D009638,MESH:D006323,Heart Arrest
DB00368,Norepinephrine,Norepinephrine,D009638,MESH:D006470,Hemorrhage
DB00368,Norepinephrine,Norepinephrine,D009638,MESH:D007022,Hypotension
DB00368,Norepinephrine,Norepinephrine,D009638,MESH:D008113,Liver Neoplasms
DB00368,Norepinephrine,Norepinephrine,D009638,MESH:D017202,Myocardial Ischemia
DB00368,Norepinephrine,Norepinephrine,D009638,MESH:D009798,Ocular Hypertension
DB00368,Norepinephrine,Norepinephrine,D009638,MESH:D009901,Optic Nerve Diseases
DB00368,Norepinephrine,Norepinephrine,D009638,MESH:D011183,Postoperative Complications
DB00368,Norepinephrine,Norepinephrine,D009638,MESH:D012120,Respiration Disorders
DB00368,Norepinephrine,Norepinephrine,D009638,MESH:D012131,Respiratory Insufficiency
DB00368,Norepinephrine,Norepinephrine,D009638,MESH:D012164,Retinal Diseases
DB00368,Norepinephrine,Norepinephrine,D009638,MESH:D018805,Sepsis
DB00368,Norepinephrine,Norepinephrine,D009638,MESH:D012769,Shock
DB00368,Norepinephrine,Norepinephrine,D009638,MESH:D013274,Stomach Neoplasms
DB00368,Norepinephrine,Norepinephrine,D009638,MESH:D013610,Tachycardia
DB00368,Norepinephrine,Norepinephrine,D009638,MESH:D014693,Ventricular Fibrillation
DB13345,Dihydroergocristine,Dihydroergocristine,D025442,MESH:D000647,Amnesia
DB13345,Dihydroergocristine,Dihydroergocristine,D025442,MESH:D006973,Hypertension
DB13345,Dihydroergocristine,Dihydroergocristine,D025442,MESH:D007022,Hypotension
DB00231,Temazepam,Temazepam,D013693,MESH:D003866,Depressive Disorder
DB00231,Temazepam,Temazepam,D013693,MESH:D007319,Sleep Initiation and Maintenance Disorders
DB00231,Temazepam,Temazepam,D013693,MESH:D012893,Sleep Wake Disorders
DB00425,Zolpidem,Zolpidem,D000077334,MESH:D001008,Anxiety Disorders
DB00425,Zolpidem,Zolpidem,D000077334,MESH:D001930,Brain Injuries
DB00425,Zolpidem,Zolpidem,D000077334,MESH:D003866,Depressive Disorder
DB00425,Zolpidem,Zolpidem,D000077334,MESH:D053609,Lethargy
DB00425,Zolpidem,Zolpidem,D000077334,MESH:D009069,Movement Disorders
DB00425,Zolpidem,Zolpidem,D000077334,MESH:D012640,Seizures
DB00425,Zolpidem,Zolpidem,D000077334,MESH:D007319,Sleep Initiation and Maintenance Disorders
DB00425,Zolpidem,Zolpidem,D000077334,MESH:D012893,Sleep Wake Disorders
DB01205,Flumazenil,Flumazenil,D005442,MESH:D000647,Amnesia
DB01205,Flumazenil,Flumazenil,D005442,MESH:D001049,Apnea
DB01205,Flumazenil,Flumazenil,D005442,MESH:D001259,Ataxia
DB01205,Flumazenil,Flumazenil,D005442,MESH:D001919,Bradycardia
DB01205,Flumazenil,Flumazenil,D005442,MESH:D002375,Catalepsy
DB01205,Flumazenil,Flumazenil,D005442,MESH:D002493,Central Nervous System Diseases
DB01205,Flumazenil,Flumazenil,D005442,MESH:D003072,Cognition Disorders
DB01205,Flumazenil,Flumazenil,D005442,MESH:D003128,Coma
DB01205,Flumazenil,Flumazenil,D005442,MESH:D004421,Dystonia
DB01205,Flumazenil,Flumazenil,D005442,MESH:D004827,Epilepsy
DB01205,Flumazenil,Flumazenil,D005442,MESH:D006501,Hepatic Encephalopathy
DB01205,Flumazenil,Flumazenil,D005442,MESH:D006930,Hyperalgesia
DB01205,Flumazenil,Flumazenil,D005442,MESH:D007022,Hypotension
DB01205,Flumazenil,Flumazenil,D005442,MESH:D007859,Learning Disabilities
DB01205,Flumazenil,Flumazenil,D005442,MESH:D001523,Mental Disorders
DB01205,Flumazenil,Flumazenil,D005442,MESH:D019957,Motor Skills Disorders
DB01205,Flumazenil,Flumazenil,D005442,MESH:D009123,Muscle Hypotonia
DB01205,Flumazenil,Flumazenil,D005442,MESH:D011595,Psychomotor Agitation
DB01205,Flumazenil,Flumazenil,D005442,MESH:D012131,Respiratory Insufficiency
DB01205,Flumazenil,Flumazenil,D005442,MESH:D012640,Seizures
DB01205,Flumazenil,Flumazenil,D005442,MESH:D013226,Status Epilepticus
DB01205,Flumazenil,Flumazenil,D005442,MESH:D013375,Substance Withdrawal Syndrome
DB01205,Flumazenil,Flumazenil,D005442,MESH:D013610,Tachycardia
DB01205,Flumazenil,Flumazenil,D005442,MESH:D014474,Unconsciousness
DB00804,Dicyclomine,Dicyclomine,D004025,MESH:D001930,Brain Injuries
DB00804,Dicyclomine,Dicyclomine,D004025,MESH:D009069,Movement Disorders
DB00260,Cycloserine,Cycloserine,D003523,MESH:D000647,Amnesia
DB00260,Cycloserine,Cycloserine,D003523,MESH:D001008,Anxiety Disorders
DB00260,Cycloserine,Cycloserine,D003523,MESH:D008569,Memory Disorders
DB00260,Cycloserine,Cycloserine,D003523,MESH:D013375,Substance Withdrawal Syndrome
DB00260,Cycloserine,Cycloserine,D003523,MESH:D014376,Tuberculosis
DB04599,Aniracetam,aniracetam,C036466,MESH:D000647,Amnesia
DB04599,Aniracetam,aniracetam,C036466,MESH:D001008,Anxiety Disorders
DB04599,Aniracetam,aniracetam,C036466,MESH:D007859,Learning Disabilities
DB04599,Aniracetam,aniracetam,C036466,MESH:D008569,Memory Disorders
DB00629,Guanabenz,Guanabenz,D006143,MESH:D056486,Chemical and Drug Induced Liver Injury
DB00629,Guanabenz,Guanabenz,D006143,MESH:D019970,Cocaine-Related Disorders
DB00629,Guanabenz,Guanabenz,D006143,MESH:D006973,Hypertension
DB00629,Guanabenz,Guanabenz,D006143,MESH:D009336,Necrosis
DB00466,Picrotoxin,Picrotoxin,D010852,MESH:D001919,Bradycardia
DB00466,Picrotoxin,Picrotoxin,D010852,MESH:D002375,Catalepsy
DB00466,Picrotoxin,Picrotoxin,D010852,MESH:D019970,Cocaine-Related Disorders
DB00466,Picrotoxin,Picrotoxin,D010852,MESH:D006930,Hyperalgesia
DB00466,Picrotoxin,Picrotoxin,D010852,MESH:D006948,Hyperkinesis
DB00466,Picrotoxin,Picrotoxin,D010852,MESH:D007022,Hypotension
DB00466,Picrotoxin,Picrotoxin,D010852,MESH:D009127,Muscle Rigidity
DB00466,Picrotoxin,Picrotoxin,D010852,MESH:D010409,Penile Diseases
DB00466,Picrotoxin,Picrotoxin,D010852,MESH:D012640,Seizures
DB00466,Picrotoxin,Picrotoxin,D010852,MESH:D014202,Tremor
DB00235,Milrinone,Milrinone,D020105,MESH:D000686,Amyloidosis
DB00235,Milrinone,Milrinone,D020105,MESH:D006333,Heart Failure
DB00235,Milrinone,Milrinone,D020105,MESH:D007022,Hypotension
DB00235,Milrinone,Milrinone,D020105,MESH:D009203,Myocardial Infarction
DB00235,Milrinone,Milrinone,D020105,MESH:D015428,Myocardial Reperfusion Injury
DB00235,Milrinone,Milrinone,D020105,MESH:D011183,Postoperative Complications
DB00235,Milrinone,Milrinone,D020105,MESH:D013345,Subarachnoid Hemorrhage
DB00235,Milrinone,Milrinone,D020105,MESH:D013610,Tachycardia
DB00235,Milrinone,Milrinone,D020105,MESH:D018754,Ventricular Dysfunction
DB01176,Cyclizine,Cyclizine,D003501,MESH:D014839,Vomiting
DB00827,Cinoxacin,Cinoxacin,D002937,MESH:D001424,Bacterial Infections
DB00827,Cinoxacin,Cinoxacin,D002937,MESH:D012141,Respiratory Tract Infections
DB00827,Cinoxacin,Cinoxacin,D002937,MESH:D014552,Urinary Tract Infections
DB00892,Oxybuprocaine,benoxinate,C005298,MESH:D010146,Pain
DB00626,Bacitracin,Bacitracin,D001414,MESH:D002056,Burns
DB01114,Chlorpheniramine,Chlorpheniramine,D002744,MESH:D000707,Anaphylaxis
DB01114,Chlorpheniramine,Chlorpheniramine,D002744,MESH:D004487,Edema
DB01114,Chlorpheniramine,Chlorpheniramine,D002744,MESH:D006967,Hypersensitivity
DB01114,Chlorpheniramine,Chlorpheniramine,D002744,MESH:D006980,Hyperthyroidism
DB01114,Chlorpheniramine,Chlorpheniramine,D002744,MESH:D010146,Pain
DB01114,Chlorpheniramine,Chlorpheniramine,D002744,MESH:D011537,Pruritus
DB01114,Chlorpheniramine,Chlorpheniramine,D002744,MESH:D011654,Pulmonary Edema
DB01114,Chlorpheniramine,Chlorpheniramine,D002744,MESH:D012131,Respiratory Insufficiency
DB01114,Chlorpheniramine,Chlorpheniramine,D002744,MESH:D012141,Respiratory Tract Infections
DB01114,Chlorpheniramine,Chlorpheniramine,D002744,MESH:D012912,Sneezing
DB01114,Chlorpheniramine,Chlorpheniramine,D002744,MESH:D013276,Stomach Ulcer
DB01114,Chlorpheniramine,Chlorpheniramine,D002744,MESH:D014581,Urticaria
DB01114,Chlorpheniramine,Chlorpheniramine,D002744,MESH:D014693,Ventricular Fibrillation
DB00833,Cefaclor,Cefaclor,D002433,MESH:D011704,Pyelonephritis
DB00833,Cefaclor,Cefaclor,D002433,MESH:D012141,Respiratory Tract Infections
DB00833,Cefaclor,Cefaclor,D002433,MESH:D012852,Sinusitis
DB00565,Cisatracurium,cisatracurium,C101584,MESH:D005207,Fasciculation
DB00565,Cisatracurium,cisatracurium,C101584,MESH:D013375,Substance Withdrawal Syndrome
DB06151,Acetylcysteine,Acetylcysteine,D000111,MESH:D058186,Acute Kidney Injury
DB06151,Acetylcysteine,Acetylcysteine,D000111,MESH:D055371,Acute Lung Injury
DB06151,Acetylcysteine,Acetylcysteine,D000111,MESH:D000740,Anemia
DB06151,Acetylcysteine,Acetylcysteine,D000111,MESH:D001167,Arteritis
DB06151,Acetylcysteine,Acetylcysteine,D000111,MESH:D001249,Asthma
DB06151,Acetylcysteine,Acetylcysteine,D000111,MESH:D001714,Bipolar Disorder
DB06151,Acetylcysteine,Acetylcysteine,D000111,MESH:D001862,Bone Resorption
DB06151,Acetylcysteine,Acetylcysteine,D000111,MESH:D001929,Brain Edema
DB06151,Acetylcysteine,Acetylcysteine,D000111,MESH:D001930,Brain Injuries
DB06151,Acetylcysteine,Acetylcysteine,D000111,MESH:D002545,Brain Ischemia
DB06151,Acetylcysteine,Acetylcysteine,D000111,MESH:D016535,Bronchial Hyperreactivity
DB06151,Acetylcysteine,Acetylcysteine,D000111,MESH:D063646,Carcinogenesis
DB06151,Acetylcysteine,Acetylcysteine,D000111,MESH:D009202,Cardiomyopathies
DB06151,Acetylcysteine,Acetylcysteine,D000111,MESH:D066126,Cardiotoxicity
DB06151,Acetylcysteine,Acetylcysteine,D000111,MESH:D018376,Cardiovascular Abnormalities
DB06151,Acetylcysteine,Acetylcysteine,D000111,MESH:D018188,Cardiovirus Infections
DB06151,Acetylcysteine,Acetylcysteine,D000111,MESH:D002357,Cartilage Diseases
DB06151,Acetylcysteine,Acetylcysteine,D000111,MESH:D056486,Chemical and Drug Induced Liver Injury
DB06151,Acetylcysteine,Acetylcysteine,D000111,MESH:D002869,Chromosome Aberrations
DB06151,Acetylcysteine,Acetylcysteine,D000111,MESH:D019457,Chromosome Breakage
DB06151,Acetylcysteine,Acetylcysteine,D000111,MESH:D019970,Cocaine-Related Disorders
DB06151,Acetylcysteine,Acetylcysteine,D000111,MESH:D015834,Cochlear Diseases
DB06151,Acetylcysteine,Acetylcysteine,D000111,MESH:D003072,Cognition Disorders
DB06151,Acetylcysteine,Acetylcysteine,D000111,MESH:D003110,Colonic Neoplasms
DB06151,Acetylcysteine,Acetylcysteine,D000111,MESH:D003161,Compartment Syndromes
DB06151,Acetylcysteine,Acetylcysteine,D000111,MESH:D003550,Cystic Fibrosis
DB06151,Acetylcysteine,Acetylcysteine,D000111,MESH:D003556,Cystitis
DB06151,Acetylcysteine,Acetylcysteine,D000111,MESH:D003711,Demyelinating Diseases
DB06151,Acetylcysteine,Acetylcysteine,D000111,MESH:D048909,Diabetes Complications
DB06151,Acetylcysteine,Acetylcysteine,D000111,MESH:D003925,Diabetic Angiopathies
DB06151,Acetylcysteine,Acetylcysteine,D000111,MESH:D004211,Disseminated Intravascular Coagulation
DB06151,Acetylcysteine,Acetylcysteine,D000111,MESH:D003875,Drug Eruptions
DB06151,Acetylcysteine,Acetylcysteine,D000111,MESH:D062787,Drug Overdose
DB06151,Acetylcysteine,Acetylcysteine,D000111,MESH:D050171,Dyslipidemias
DB06151,Acetylcysteine,Acetylcysteine,D000111,MESH:D004427,Ear Diseases
DB06151,Acetylcysteine,Acetylcysteine,D000111,MESH:D004487,Edema
DB06151,Acetylcysteine,Acetylcysteine,D000111,MESH:D004938,Esophageal Neoplasms
DB06151,Acetylcysteine,Acetylcysteine,D000111,MESH:D005234,Fatty Liver
DB06151,Acetylcysteine,Acetylcysteine,D000111,MESH:D005317,Fetal Growth Retardation
DB06151,Acetylcysteine,Acetylcysteine,D000111,MESH:D005334,Fever
DB06151,Acetylcysteine,Acetylcysteine,D000111,MESH:D005767,Gastrointestinal Diseases
DB06151,Acetylcysteine,Acetylcysteine,D000111,MESH:D005911,Gliosis
DB06151,Acetylcysteine,Acetylcysteine,D000111,MESH:D018149,Glucose Intolerance
DB06151,Acetylcysteine,Acetylcysteine,D000111,MESH:D006311,Hearing Disorders
DB06151,Acetylcysteine,Acetylcysteine,D000111,MESH:D034381,Hearing Loss
DB06151,Acetylcysteine,Acetylcysteine,D000111,MESH:D006331,Heart Diseases
DB06151,Acetylcysteine,Acetylcysteine,D000111,MESH:D006402,Hematologic Diseases
DB06151,Acetylcysteine,Acetylcysteine,D000111,MESH:D006417,Hematuria
DB06151,Acetylcysteine,Acetylcysteine,D000111,MESH:D006470,Hemorrhage
DB06151,Acetylcysteine,Acetylcysteine,D000111,MESH:D006501,Hepatic Encephalopathy
DB06151,Acetylcysteine,Acetylcysteine,D000111,MESH:D006505,Hepatitis
DB06151,Acetylcysteine,Acetylcysteine,D000111,MESH:D006529,Hepatomegaly
DB06151,Acetylcysteine,Acetylcysteine,D000111,MESH:D006943,Hyperglycemia
DB06151,Acetylcysteine,Acetylcysteine,D000111,MESH:D006948,Hyperkinesis
DB06151,Acetylcysteine,Acetylcysteine,D000111,MESH:D006959,Hyperoxaluria
DB06151,Acetylcysteine,Acetylcysteine,D000111,MESH:D006965,Hyperplasia
DB06151,Acetylcysteine,Acetylcysteine,D000111,MESH:D006967,Hypersensitivity
DB06151,Acetylcysteine,Acetylcysteine,D000111,MESH:D006973,Hypertension
DB06151,Acetylcysteine,Acetylcysteine,D000111,MESH:D006984,Hypertrophy
DB06151,Acetylcysteine,Acetylcysteine,D000111,MESH:D007022,Hypotension
DB06151,Acetylcysteine,Acetylcysteine,D000111,MESH:D007249,Inflammation
DB06151,Acetylcysteine,Acetylcysteine,D000111,MESH:D007333,Insulin Resistance
DB06151,Acetylcysteine,Acetylcysteine,D000111,MESH:D019190,Iron Overload
DB06151,Acetylcysteine,Acetylcysteine,D000111,MESH:D007674,Kidney Diseases
DB06151,Acetylcysteine,Acetylcysteine,D000111,MESH:D007859,Learning Disabilities
DB06151,Acetylcysteine,Acetylcysteine,D000111,MESH:D007964,Leukocytosis
DB06151,Acetylcysteine,Acetylcysteine,D000111,MESH:D008103,Liver Cirrhosis
DB06151,Acetylcysteine,Acetylcysteine,D000111,MESH:D008107,Liver Diseases
DB06151,Acetylcysteine,Acetylcysteine,D000111,MESH:D017093,Liver Failure
DB06151,Acetylcysteine,Acetylcysteine,D000111,MESH:D008133,Long QT Syndrome
DB06151,Acetylcysteine,Acetylcysteine,D000111,MESH:D008171,Lung Diseases
DB06151,Acetylcysteine,Acetylcysteine,D000111,MESH:D055370,Lung Injury
DB06151,Acetylcysteine,Acetylcysteine,D000111,MESH:D003865,Major Depressive Disorder
DB06151,Acetylcysteine,Acetylcysteine,D000111,MESH:D008569,Memory Disorders
DB06151,Acetylcysteine,Acetylcysteine,D000111,MESH:D008581,Meningitis
DB06151,Acetylcysteine,Acetylcysteine,D000111,MESH:D009069,Movement Disorders
DB06151,Acetylcysteine,Acetylcysteine,D000111,MESH:D009102,Multiple Organ Failure
DB06151,Acetylcysteine,Acetylcysteine,D000111,MESH:D009203,Myocardial Infarction
DB06151,Acetylcysteine,Acetylcysteine,D000111,MESH:D017202,Myocardial Ischemia
DB06151,Acetylcysteine,Acetylcysteine,D000111,MESH:D015428,Myocardial Reperfusion Injury
DB06151,Acetylcysteine,Acetylcysteine,D000111,MESH:D009205,Myocarditis
DB06151,Acetylcysteine,Acetylcysteine,D000111,MESH:D009336,Necrosis
DB06151,Acetylcysteine,Acetylcysteine,D000111,MESH:D009361,Neoplasm Invasiveness
DB06151,Acetylcysteine,Acetylcysteine,D000111,MESH:D009362,Neoplasm Metastasis
DB06151,Acetylcysteine,Acetylcysteine,D000111,MESH:D009410,Nerve Degeneration
DB06151,Acetylcysteine,Acetylcysteine,D000111,MESH:D009436,Neural Tube Defects
DB06151,Acetylcysteine,Acetylcysteine,D000111,MESH:D020258,Neurotoxicity Syndromes
DB06151,Acetylcysteine,Acetylcysteine,D000111,MESH:D009765,Obesity
DB06151,Acetylcysteine,Acetylcysteine,D000111,MESH:D010049,Ovarian Diseases
DB06151,Acetylcysteine,Acetylcysteine,D000111,MESH:D010146,Pain
DB06151,Acetylcysteine,Acetylcysteine,D000111,MESH:D010490,Pericardial Effusion
DB06151,Acetylcysteine,Acetylcysteine,D000111,MESH:D010523,Peripheral Nervous System Diseases
DB06151,Acetylcysteine,Acetylcysteine,D000111,MESH:D011488,Protein Deficiency
DB06151,Acetylcysteine,Acetylcysteine,D000111,MESH:D011507,Proteinuria
DB06151,Acetylcysteine,Acetylcysteine,D000111,MESH:D011654,Pulmonary Edema
DB06151,Acetylcysteine,Acetylcysteine,D000111,MESH:D011656,Pulmonary Emphysema
DB06151,Acetylcysteine,Acetylcysteine,D000111,MESH:D011658,Pulmonary Fibrosis
DB06151,Acetylcysteine,Acetylcysteine,D000111,MESH:D051437,Renal Insufficiency
DB06151,Acetylcysteine,Acetylcysteine,D000111,MESH:D012128,Respiratory Distress Syndrome
DB06151,Acetylcysteine,Acetylcysteine,D000111,MESH:D012555,Schistosomiasis mansoni
DB06151,Acetylcysteine,Acetylcysteine,D000111,MESH:D012640,Seizures
DB06151,Acetylcysteine,Acetylcysteine,D000111,MESH:D012798,Sialorrhea
DB06151,Acetylcysteine,Acetylcysteine,D000111,MESH:D012877,Skin Manifestations
DB06151,Acetylcysteine,Acetylcysteine,D000111,MESH:D012878,Skin Neoplasms
DB06151,Acetylcysteine,Acetylcysteine,D000111,MESH:D013276,Stomach Ulcer
DB06151,Acetylcysteine,Acetylcysteine,D000111,MESH:D013375,Substance Withdrawal Syndrome
DB06151,Acetylcysteine,Acetylcysteine,D000111,MESH:D013733,Testicular Diseases
DB06151,Acetylcysteine,Acetylcysteine,D000111,MESH:D001744,Urinary Bladder Calculi
DB06151,Acetylcysteine,Acetylcysteine,D000111,MESH:D014591,Uterine Diseases
DB06151,Acetylcysteine,Acetylcysteine,D000111,MESH:D018754,Ventricular Dysfunction
DB06151,Acetylcysteine,Acetylcysteine,D000111,MESH:D015431,Weight Loss
DB00200,Hydroxocobalamin,Hydroxocobalamin,D006879,MESH:D009157,Myasthenia Gravis
DB00200,Hydroxocobalamin,Hydroxocobalamin,D006879,MESH:D009902,Optic Neuritis
DB00200,Hydroxocobalamin,Hydroxocobalamin,D006879,MESH:D014786,Vision Disorders
DB01337,Pancuronium,Pancuronium,D010197,MESH:D001919,Bradycardia
DB01337,Pancuronium,Pancuronium,D010197,MESH:D005207,Fasciculation
DB01337,Pancuronium,Pancuronium,D010197,MESH:D009127,Muscle Rigidity
DB01337,Pancuronium,Pancuronium,D010197,MESH:D009135,Muscular Diseases
DB01337,Pancuronium,Pancuronium,D010197,MESH:D010146,Pain
DB01337,Pancuronium,Pancuronium,D010197,MESH:D010149,Postoperative Pain
DB00483,Gallamine triethiodide,Gallamine Triethiodide,D005703,MESH:D001919,Bradycardia
DB00483,Gallamine triethiodide,Gallamine Triethiodide,D005703,MESH:D005207,Fasciculation
DB00483,Gallamine triethiodide,Gallamine Triethiodide,D005703,MESH:D009135,Muscular Diseases
DB00483,Gallamine triethiodide,Gallamine Triethiodide,D005703,MESH:D010146,Pain
DB00483,Gallamine triethiodide,Gallamine Triethiodide,D005703,MESH:D010149,Postoperative Pain
DB00372,Thiethylperazine,Thiethylperazine,D013847,MESH:D003967,Diarrhea
DB00372,Thiethylperazine,Thiethylperazine,D013847,MESH:D008881,Migraine Disorders
DB00372,Thiethylperazine,Thiethylperazine,D013847,MESH:D009325,Nausea
DB00372,Thiethylperazine,Thiethylperazine,D013847,MESH:D014839,Vomiting
DB00768,Olopatadine,Olopatadine Hydrochloride,D000069605,MESH:D000707,Anaphylaxis
DB00768,Olopatadine,Olopatadine Hydrochloride,D000069605,MESH:D012912,Sneezing
DB00728,Rocuronium,Rocuronium,D000077123,MESH:D005207,Fasciculation
DB00728,Rocuronium,Rocuronium,D000077123,MESH:D009127,Muscle Rigidity
DB00728,Rocuronium,Rocuronium,D000077123,MESH:D009135,Muscular Diseases
DB00728,Rocuronium,Rocuronium,D000077123,MESH:D010149,Postoperative Pain
DB01060,Amoxicillin,Amoxicillin,D000658,MESH:D001424,Bacterial Infections
DB01060,Amoxicillin,Amoxicillin,D000658,MESH:D001987,Bronchiectasis
DB01060,Amoxicillin,Amoxicillin,D000658,MESH:D004927,Escherichia coli Infections
DB01060,Amoxicillin,Amoxicillin,D000658,MESH:D016905,Gram-Negative Bacterial Infections
DB01060,Amoxicillin,Amoxicillin,D000658,MESH:D016481,Helicobacter Infections
DB01060,Amoxicillin,Amoxicillin,D000658,MESH:D008590,Meningoencephalitis
DB01060,Amoxicillin,Amoxicillin,D000658,MESH:D016870,Neisseriaceae Infections
DB01060,Amoxicillin,Amoxicillin,D000658,MESH:D010437,Peptic Ulcer
DB01060,Amoxicillin,Amoxicillin,D000658,MESH:D010518,Periodontitis
DB01060,Amoxicillin,Amoxicillin,D000658,MESH:D011008,Pneumococcal Infections
DB01060,Amoxicillin,Amoxicillin,D000658,MESH:D012640,Seizures
DB01060,Amoxicillin,Amoxicillin,D000658,MESH:D018805,Sepsis
DB01060,Amoxicillin,Amoxicillin,D000658,MESH:D013276,Stomach Ulcer
DB01060,Amoxicillin,Amoxicillin,D000658,MESH:D014552,Urinary Tract Infections
DB00732,Atracurium besylate,Atracurium,D001279,MESH:D005207,Fasciculation
DB00732,Atracurium besylate,Atracurium,D001279,MESH:D009135,Muscular Diseases
DB00732,Atracurium besylate,Atracurium,D001279,MESH:D010146,Pain
DB00732,Atracurium besylate,Atracurium,D001279,MESH:D010149,Postoperative Pain
DB11136,Chromium,Chromium,D002857,MESH:D050197,Atherosclerosis
DB11136,Chromium,Chromium,D002857,MESH:D003866,Depressive Disorder
DB11136,Chromium,Chromium,D002857,MESH:D048909,Diabetes Complications
DB11136,Chromium,Chromium,D002857,MESH:D018149,Glucose Intolerance
DB11136,Chromium,Chromium,D002857,MESH:D006937,Hypercholesterolemia
DB11136,Chromium,Chromium,D002857,MESH:D006943,Hyperglycemia
DB11136,Chromium,Chromium,D002857,MESH:D006946,Hyperinsulinism
DB11136,Chromium,Chromium,D002857,MESH:D006949,Hyperlipidemias
DB11136,Chromium,Chromium,D002857,MESH:D006973,Hypertension
DB11136,Chromium,Chromium,D002857,MESH:D007249,Inflammation
DB11136,Chromium,Chromium,D002857,MESH:D007333,Insulin Resistance
DB11136,Chromium,Chromium,D002857,MESH:D008569,Memory Disorders
DB11136,Chromium,Chromium,D002857,MESH:D009133,Muscular Atrophy
DB11136,Chromium,Chromium,D002857,MESH:D015428,Myocardial Reperfusion Injury
DB11136,Chromium,Chromium,D002857,MESH:D065626,Non-alcoholic Fatty Liver Disease
DB11136,Chromium,Chromium,D002857,MESH:D050177,Overweight
DB11136,Chromium,Chromium,D002857,MESH:D010523,Peripheral Nervous System Diseases
DB01128,Bicalutamide,bicalutamide,C053541,MESH:D001943,Breast Neoplasms
DB01128,Bicalutamide,bicalutamide,C053541,MESH:D011471,Prostatic Neoplasms
DB07565,Chloramphenicol succinate,Chloramphenicol,D002701,MESH:D004927,Escherichia coli Infections
DB07565,Chloramphenicol succinate,Chloramphenicol,D002701,MESH:D016908,Gram-Positive Bacterial Infections
DB07565,Chloramphenicol succinate,Chloramphenicol,D002701,MESH:D007938,Leukemia
DB07565,Chloramphenicol succinate,Chloramphenicol,D002701,MESH:D008581,Meningitis
DB07565,Chloramphenicol succinate,Chloramphenicol,D002701,MESH:D010146,Pain
DB07565,Chloramphenicol succinate,Chloramphenicol,D002701,MESH:D011014,Pneumonia
DB07565,Chloramphenicol succinate,Chloramphenicol,D002701,MESH:D011552,Pseudomonas Infections
DB07565,Chloramphenicol succinate,Chloramphenicol,D002701,MESH:D014435,Typhoid Fever
DB00188,Bortezomib,Bortezomib,D000069286,MESH:D001943,Breast Neoplasms
DB00188,Bortezomib,Bortezomib,D000069286,MESH:D004938,Esophageal Neoplasms
DB00188,Bortezomib,Bortezomib,D000069286,MESH:D005909,Glioblastoma
DB00188,Bortezomib,Bortezomib,D000069286,MESH:D005910,Glioma
DB00188,Bortezomib,Bortezomib,D000069286,MESH:D006258,Head and Neck Neoplasms
DB00188,Bortezomib,Bortezomib,D000069286,MESH:D006934,Hypercalcemia
DB00188,Bortezomib,Bortezomib,D000069286,MESH:D007938,Leukemia
DB00188,Bortezomib,Bortezomib,D000069286,MESH:D008223,Lymphoma
DB00188,Bortezomib,Bortezomib,D000069286,MESH:D008527,Medulloblastoma
DB00188,Bortezomib,Bortezomib,D000069286,MESH:D009101,Multiple Myeloma
DB00188,Bortezomib,Bortezomib,D000069286,MESH:D009369,Neoplasms
DB00188,Bortezomib,Bortezomib,D000069286,MESH:D009447,Neuroblastoma
DB00188,Bortezomib,Bortezomib,D000069286,MESH:D012516,Osteosarcoma
DB00188,Bortezomib,Bortezomib,D000069286,MESH:D010051,Ovarian Neoplasms
DB00188,Bortezomib,Bortezomib,D000069286,MESH:D010190,Pancreatic Neoplasms
DB00188,Bortezomib,Bortezomib,D000069286,MESH:D051437,Renal Insufficiency
DB00188,Bortezomib,Bortezomib,D000069286,MESH:D018357,Respiratory Syncytial Virus Infections
DB00188,Bortezomib,Bortezomib,D000069286,MESH:D012208,Rhabdomyosarcoma
DB00188,Bortezomib,Bortezomib,D000069286,MESH:D012871,Skin Diseases
DB00188,Bortezomib,Bortezomib,D000069286,MESH:D013163,Splenomegaly
DB00188,Bortezomib,Bortezomib,D000069286,MESH:D001749,Urinary Bladder Neoplasms
DB00188,Bortezomib,Bortezomib,D000069286,MESH:D008258,Waldenstrom Macroglobulinemia
DB00643,Mebendazole,Mebendazole,D008463,MESH:D000740,Anemia
DB00643,Mebendazole,Mebendazole,D008463,MESH:D004443,Echinococcosis
DB01254,Dasatinib,Dasatinib,D000069439,MESH:D001943,Breast Neoplasms
DB01254,Dasatinib,Dasatinib,D000069439,MESH:D007938,Leukemia
DB01254,Dasatinib,Dasatinib,D000069439,MESH:D009361,Neoplasm Invasiveness
DB01254,Dasatinib,Dasatinib,D000069439,MESH:D011087,Polycythemia Vera
DB01254,Dasatinib,Dasatinib,D000069439,MESH:D015452,Precursor B-Cell Lymphoblastic Leukemia-Lymphoma
DB01254,Dasatinib,Dasatinib,D000069439,MESH:D054198,Precursor Cell Lymphoblastic Leukemia-Lymphoma
DB00127,Spermine,Spermine,D013096,MESH:D006331,Heart Diseases
DB00127,Spermine,Spermine,D013096,MESH:D006948,Hyperkinesis
DB00127,Spermine,Spermine,D013096,MESH:D012640,Seizures
DB00318,Codeine,Codeine,D003061,MESH:D003371,Cough
DB00318,Codeine,Codeine,D003061,MESH:D003967,Diarrhea
DB00318,Codeine,Codeine,D003061,MESH:D006930,Hyperalgesia
DB00318,Codeine,Codeine,D003061,MESH:D010146,Pain
DB00318,Codeine,Codeine,D003061,MESH:D010149,Postoperative Pain
DB01206,Lomustine,Lomustine,D008130,MESH:D001254,Astrocytoma
DB01206,Lomustine,Lomustine,D008130,MESH:D001929,Brain Edema
DB01206,Lomustine,Lomustine,D008130,MESH:D001932,Brain Neoplasms
DB01206,Lomustine,Lomustine,D008130,MESH:D016543,Central Nervous System Neoplasms
DB01206,Lomustine,Lomustine,D008130,MESH:D005134,Eye Neoplasms
DB01206,Lomustine,Lomustine,D008130,MESH:D005909,Glioblastoma
DB01206,Lomustine,Lomustine,D008130,MESH:D005910,Glioma
DB01206,Lomustine,Lomustine,D008130,MESH:D006689,Hodgkin Disease
DB01206,Lomustine,Lomustine,D008130,MESH:D008175,Lung Neoplasms
DB01206,Lomustine,Lomustine,D008130,MESH:D008223,Lymphoma
DB01206,Lomustine,Lomustine,D008130,MESH:D008545,Melanoma
DB01206,Lomustine,Lomustine,D008130,MESH:D009369,Neoplasms
DB01206,Lomustine,Lomustine,D008130,MESH:D009837,Oligodendroglioma
DB01206,Lomustine,Lomustine,D008130,MESH:D010190,Pancreatic Neoplasms
DB01206,Lomustine,Lomustine,D008130,MESH:D055752,Small Cell Lung Carcinoma
DB01206,Lomustine,Lomustine,D008130,MESH:D003969,Vipoma
DB00750,Prilocaine,Prilocaine,D011318,MESH:D010146,Pain
DB00750,Prilocaine,Prilocaine,D011318,MESH:D010243,Paralysis
DB00750,Prilocaine,Prilocaine,D011318,MESH:D010291,Paresis
DB05088,Tetrathiomolybdate,tetrathiomolybdate,C020809,MESH:D002100,Cachexia
DB05088,Tetrathiomolybdate,tetrathiomolybdate,C020809,MESH:D009202,Cardiomyopathies
DB05088,Tetrathiomolybdate,tetrathiomolybdate,C020809,MESH:D006527,Hepatolenticular Degeneration
DB05088,Tetrathiomolybdate,tetrathiomolybdate,C020809,MESH:D008654,Mesothelioma
DB05088,Tetrathiomolybdate,tetrathiomolybdate,C020809,MESH:D009369,Neoplasms
DB05088,Tetrathiomolybdate,tetrathiomolybdate,C020809,MESH:D009461,Neurologic Manifestations
DB05088,Tetrathiomolybdate,tetrathiomolybdate,C020809,MESH:D011658,Pulmonary Fibrosis
DB05088,Tetrathiomolybdate,tetrathiomolybdate,C020809,MESH:D015431,Weight Loss
DB12783,Benserazide,Benserazide,D001545,MESH:D001919,Bradycardia
DB12783,Benserazide,Benserazide,D001545,MESH:D006930,Hyperalgesia
DB12783,Benserazide,Benserazide,D001545,MESH:D007022,Hypotension
DB12783,Benserazide,Benserazide,D001545,MESH:D010300,Parkinson Disease
DB12783,Benserazide,Benserazide,D001545,MESH:D020734,Parkinsonian Disorders
DB12783,Benserazide,Benserazide,D001545,MESH:D010554,Personality Disorders
DB01087,Primaquine,Primaquine,D011319,MESH:D008288,Malaria
DB00970,Dactinomycin,Dactinomycin,D003609,MESH:D019046,Bone Marrow Neoplasms
DB00970,Dactinomycin,Dactinomycin,D003609,MESH:D006949,Hyperlipidemias
DB00970,Dactinomycin,Dactinomycin,D003609,MESH:D007680,Kidney Neoplasms
DB00970,Dactinomycin,Dactinomycin,D003609,MESH:D008545,Melanoma
DB00970,Dactinomycin,Dactinomycin,D003609,MESH:D008569,Memory Disorders
DB00970,Dactinomycin,Dactinomycin,D003609,MESH:D009410,Nerve Degeneration
DB00970,Dactinomycin,Dactinomycin,D003609,MESH:D009422,Nervous System Diseases
DB00970,Dactinomycin,Dactinomycin,D003609,MESH:D010001,Osteitis Deformans
DB00970,Dactinomycin,Dactinomycin,D003609,MESH:D012516,Osteosarcoma
DB00970,Dactinomycin,Dactinomycin,D003609,MESH:D010051,Ovarian Neoplasms
DB00970,Dactinomycin,Dactinomycin,D003609,MESH:D010146,Pain
DB00970,Dactinomycin,Dactinomycin,D003609,MESH:D010190,Pancreatic Neoplasms
DB00970,Dactinomycin,Dactinomycin,D003609,MESH:D012208,Rhabdomyosarcoma
DB00970,Dactinomycin,Dactinomycin,D003609,MESH:D009396,Wilms Tumor
DB00861,Diflunisal,Diflunisal,D004061,MESH:D010003,Osteoarthritis
DB00861,Diflunisal,Diflunisal,D004061,MESH:D010149,Postoperative Pain
DB00220,Nelfinavir,Nelfinavir,D019888,MESH:D001943,Breast Neoplasms
DB00220,Nelfinavir,Nelfinavir,D019888,MESH:D006526,Hepatitis C
DB00220,Nelfinavir,Nelfinavir,D019888,MESH:D015658,HIV Infections
DB00220,Nelfinavir,Nelfinavir,D019888,MESH:D007896,Leishmaniasis
DB00220,Nelfinavir,Nelfinavir,D019888,MESH:D007938,Leukemia
DB00220,Nelfinavir,Nelfinavir,D019888,MESH:D008080,Liposarcoma
DB00220,Nelfinavir,Nelfinavir,D019888,MESH:D008545,Melanoma
DB00220,Nelfinavir,Nelfinavir,D019888,MESH:D009369,Neoplasms
DB00220,Nelfinavir,Nelfinavir,D019888,MESH:D010051,Ovarian Neoplasms
DB00220,Nelfinavir,Nelfinavir,D019888,MESH:D011658,Pulmonary Fibrosis
DB08844,Uric acid,Uric Acid,D014527,MESH:D000740,Anemia
DB08844,Uric acid,Uric Acid,D014527,MESH:D002779,Cholestasis
DB08844,Uric acid,Uric Acid,D014527,MESH:D007970,Leukopenia
DB00585,Nizatidine,Nizatidine,D016567,MESH:D004381,Duodenal Ulcer
DB00585,Nizatidine,Nizatidine,D016567,MESH:D005764,Gastroesophageal Reflux
DB00585,Nizatidine,Nizatidine,D016567,MESH:D012859,Sjogren's Syndrome
DB00585,Nizatidine,Nizatidine,D016567,MESH:D015430,Weight Gain
DB01147,Cloxacillin,Cloxacillin,D003023,MESH:D002481,Cellulitis
DB01147,Cloxacillin,Cloxacillin,D003023,MESH:D013203,Staphylococcal Infections
DB00518,Albendazole,Albendazole,D015766,MESH:D056486,Chemical and Drug Induced Liver Injury
DB00518,Albendazole,Albendazole,D015766,MESH:D019586,Intracranial Hypertension
DB00518,Albendazole,Albendazole,D015766,MESH:D024801,Tauopathies
DB00593,Ethosuximide,Ethosuximide,D005013,MESH:D020820,Dyskinesias
DB00593,Ethosuximide,Ethosuximide,D005013,MESH:D004827,Epilepsy
DB00593,Ethosuximide,Ethosuximide,D005013,MESH:D006930,Hyperalgesia
DB00593,Ethosuximide,Ethosuximide,D005013,MESH:D007859,Learning Disabilities
DB00593,Ethosuximide,Ethosuximide,D005013,MESH:D008569,Memory Disorders
DB00593,Ethosuximide,Ethosuximide,D005013,MESH:D009410,Nerve Degeneration
DB00593,Ethosuximide,Ethosuximide,D005013,MESH:D012640,Seizures
DB00593,Ethosuximide,Ethosuximide,D005013,MESH:D014202,Tremor
DB00409,Remoxipride,Remoxipride,D017330,MESH:D001919,Bradycardia
DB00409,Remoxipride,Remoxipride,D017330,MESH:D003072,Cognition Disorders
DB00409,Remoxipride,Remoxipride,D017330,MESH:D006212,Hallucinations
DB00409,Remoxipride,Remoxipride,D017330,MESH:D006948,Hyperkinesis
DB00409,Remoxipride,Remoxipride,D017330,MESH:D007022,Hypotension
DB00409,Remoxipride,Remoxipride,D017330,MESH:D009069,Movement Disorders
DB00409,Remoxipride,Remoxipride,D017330,MESH:D011618,Psychotic Disorders
DB00409,Remoxipride,Remoxipride,D017330,MESH:D012559,Schizophrenia
DB00409,Remoxipride,Remoxipride,D017330,MESH:D019966,Substance-Related Disorders
DB00233,Aminosalicylic acid,Aminosalicylic Acid,D010131,MESH:D014376,Tuberculosis
DB00532,Mephenytoin,Mephenytoin,D008617,MESH:D004827,Epilepsy
DB00647,Dextropropoxyphene,Dextropropoxyphene,D011431,MESH:D010146,Pain
DB00647,Dextropropoxyphene,Dextropropoxyphene,D011431,MESH:D010149,Postoperative Pain
DB00647,Dextropropoxyphene,Dextropropoxyphene,D011431,MESH:D012148,Restless Legs Syndrome
DB00647,Dextropropoxyphene,Dextropropoxyphene,D011431,MESH:D013375,Substance Withdrawal Syndrome
DB00647,Dextropropoxyphene,Dextropropoxyphene,D011431,MESH:D005879,Tourette Syndrome
DB00247,Methysergide,Methysergide,D008784,MESH:D001714,Bipolar Disorder
DB00247,Methysergide,Methysergide,D008784,MESH:D002375,Catalepsy
DB00247,Methysergide,Methysergide,D008784,MESH:D004421,Dystonia
DB00247,Methysergide,Methysergide,D008784,MESH:D004487,Edema
DB00247,Methysergide,Methysergide,D008784,MESH:D006261,Headache
DB00247,Methysergide,Methysergide,D008784,MESH:D006930,Hyperalgesia
DB00247,Methysergide,Methysergide,D008784,MESH:D008881,Migraine Disorders
DB00247,Methysergide,Methysergide,D008784,MESH:D009135,Muscular Diseases
DB00247,Methysergide,Methysergide,D008784,MESH:D009336,Necrosis
DB00247,Methysergide,Methysergide,D008784,MESH:D010409,Penile Diseases
DB01327,Cefazolin,Cefazolin,D002437,MESH:D016470,Bacteremia
DB01327,Cefazolin,Cefazolin,D002437,MESH:D004927,Escherichia coli Infections
DB01327,Cefazolin,Cefazolin,D002437,MESH:D005334,Fever
DB01327,Cefazolin,Cefazolin,D002437,MESH:D010538,Peritonitis
DB01327,Cefazolin,Cefazolin,D002437,MESH:D011552,Pseudomonas Infections
DB01327,Cefazolin,Cefazolin,D002437,MESH:D013203,Staphylococcal Infections
DB01327,Cefazolin,Cefazolin,D002437,MESH:D001749,Urinary Bladder Neoplasms
DB01326,Cefamandole,Cefamandole,D002435,MESH:D001424,Bacterial Infections
DB01326,Cefamandole,Cefamandole,D002435,MESH:D013203,Staphylococcal Infections
DB01438,Phenazopyridine,Phenazopyridine,D010621,MESH:D011469,Prostatic Diseases
DB01438,Phenazopyridine,Phenazopyridine,D010621,MESH:D014552,Urinary Tract Infections
DB01329,Cefoperazone,Cefoperazone,D002438,MESH:D018805,Sepsis
DB00749,Etodolac,Etodolac,D017308,MESH:D001168,Arthritis
DB00749,Etodolac,Etodolac,D017308,MESH:D001416,Back Pain
DB00749,Etodolac,Etodolac,D017308,MESH:D001424,Bacterial Infections
DB00749,Etodolac,Etodolac,D017308,MESH:D003110,Colonic Neoplasms
DB00749,Etodolac,Etodolac,D017308,MESH:D015179,Colorectal Neoplasms
DB00749,Etodolac,Etodolac,D017308,MESH:D004487,Edema
DB00749,Etodolac,Etodolac,D017308,MESH:D008113,Liver Neoplasms
DB00749,Etodolac,Etodolac,D017308,MESH:D009362,Neoplasm Metastasis
DB00749,Etodolac,Etodolac,D017308,MESH:D010003,Osteoarthritis
DB00749,Etodolac,Etodolac,D017308,MESH:D010146,Pain
DB00749,Etodolac,Etodolac,D017308,MESH:D058566,Sacroiliitis
DB01124,Tolbutamide,Tolbutamide,D014044,MESH:D018149,Glucose Intolerance
DB01124,Tolbutamide,Tolbutamide,D014044,MESH:D006930,Hyperalgesia
DB01124,Tolbutamide,Tolbutamide,D014044,MESH:D006943,Hyperglycemia
DB01124,Tolbutamide,Tolbutamide,D014044,MESH:D009401,Nephrosis
DB01124,Tolbutamide,Tolbutamide,D014044,MESH:D014652,Vascular Diseases
DB00190,Carbidopa,Carbidopa,D002230,MESH:D058186,Acute Kidney Injury
DB00190,Carbidopa,Carbidopa,D002230,MESH:D001927,Brain Diseases
DB00190,Carbidopa,Carbidopa,D002230,MESH:D001930,Brain Injuries
DB00190,Carbidopa,Carbidopa,D002230,MESH:D002375,Catalepsy
DB00190,Carbidopa,Carbidopa,D002230,MESH:D002389,Catatonia
DB00190,Carbidopa,Carbidopa,D002230,MESH:D005911,Gliosis
DB00190,Carbidopa,Carbidopa,D002230,MESH:D006973,Hypertension
DB00190,Carbidopa,Carbidopa,D002230,MESH:D018476,Hypokinesia
DB00190,Carbidopa,Carbidopa,D002230,MESH:D007022,Hypotension
DB00190,Carbidopa,Carbidopa,D002230,MESH:D009127,Muscle Rigidity
DB00190,Carbidopa,Carbidopa,D002230,MESH:D009325,Nausea
DB00190,Carbidopa,Carbidopa,D002230,MESH:D009410,Nerve Degeneration
DB00190,Carbidopa,Carbidopa,D002230,MESH:D010300,Parkinson Disease
DB00190,Carbidopa,Carbidopa,D002230,MESH:D020734,Parkinsonian Disorders
DB00190,Carbidopa,Carbidopa,D002230,MESH:D014202,Tremor
DB00190,Carbidopa,Carbidopa,D002230,MESH:D014839,Vomiting
DB01086,Benzocaine,Benzocaine,D001566,MESH:D010146,Pain
DB00784,Mefenamic acid,Mefenamic Acid,D008528,MESH:D004412,Dysmenorrhea
DB00784,Mefenamic acid,Mefenamic Acid,D008528,MESH:D005334,Fever
DB00784,Mefenamic acid,Mefenamic Acid,D008528,MESH:D007405,Intervertebral Disc Displacement
DB00784,Mefenamic acid,Mefenamic Acid,D008528,MESH:D008881,Migraine Disorders
DB00784,Mefenamic acid,Mefenamic Acid,D008528,MESH:D010003,Osteoarthritis
DB00784,Mefenamic acid,Mefenamic Acid,D008528,MESH:D010146,Pain
DB00784,Mefenamic acid,Mefenamic Acid,D008528,MESH:D006831,Polyhydramnios
DB00784,Mefenamic acid,Mefenamic Acid,D008528,MESH:D010149,Postoperative Pain
DB00784,Mefenamic acid,Mefenamic Acid,D008528,MESH:D011507,Proteinuria
DB00784,Mefenamic acid,Mefenamic Acid,D008528,MESH:D012640,Seizures
DB01131,Proguanil,Proguanil,D002727,MESH:D008288,Malaria
DB00672,Chlorpropamide,Chlorpropamide,D002747,MESH:D003919,Diabetes Insipidus
DB00672,Chlorpropamide,Chlorpropamide,D002747,MESH:D003920,Diabetes Mellitus
DB00672,Chlorpropamide,Chlorpropamide,D002747,MESH:D004487,Edema
DB00672,Chlorpropamide,Chlorpropamide,D002747,MESH:D044882,Glucose Metabolism Disorders
DB00672,Chlorpropamide,Chlorpropamide,D002747,MESH:D007003,Hypoglycemia
DB00672,Chlorpropamide,Chlorpropamide,D002747,MESH:D009401,Nephrosis
DB00227,Lovastatin,Lovastatin,D008148,MESH:D050197,Atherosclerosis
DB00227,Lovastatin,Lovastatin,D008148,MESH:D001930,Brain Injuries
DB00227,Lovastatin,Lovastatin,D008148,MESH:D066126,Cardiotoxicity
DB00227,Lovastatin,Lovastatin,D008148,MESH:D056486,Chemical and Drug Induced Liver Injury
DB00227,Lovastatin,Lovastatin,D008148,MESH:D003110,Colonic Neoplasms
DB00227,Lovastatin,Lovastatin,D008148,MESH:D003324,Coronary Artery Disease
DB00227,Lovastatin,Lovastatin,D008148,MESH:D003866,Depressive Disorder
DB00227,Lovastatin,Lovastatin,D008148,MESH:D050171,Dyslipidemias
DB00227,Lovastatin,Lovastatin,D008148,MESH:D005234,Fatty Liver
DB00227,Lovastatin,Lovastatin,D008148,MESH:D018149,Glucose Intolerance
DB00227,Lovastatin,Lovastatin,D008148,MESH:D006529,Hepatomegaly
DB00227,Lovastatin,Lovastatin,D008148,MESH:D006937,Hypercholesterolemia
DB00227,Lovastatin,Lovastatin,D008148,MESH:D006949,Hyperlipidemias
DB00227,Lovastatin,Lovastatin,D008148,MESH:D006938,Hyperlipoproteinemia Type II
DB00227,Lovastatin,Lovastatin,D008148,MESH:D006973,Hypertension
DB00227,Lovastatin,Lovastatin,D008148,MESH:D015228,Hypertriglyceridemia
DB00227,Lovastatin,Lovastatin,D008148,MESH:D052456,Hypoalphalipoproteinemias
DB00227,Lovastatin,Lovastatin,D008148,MESH:D007674,Kidney Diseases
DB00227,Lovastatin,Lovastatin,D008148,MESH:D008103,Liver Cirrhosis
DB00227,Lovastatin,Lovastatin,D008148,MESH:D008223,Lymphoma
DB00227,Lovastatin,Lovastatin,D008148,MESH:D008569,Memory Disorders
DB00227,Lovastatin,Lovastatin,D008148,MESH:D009069,Movement Disorders
DB00227,Lovastatin,Lovastatin,D008148,MESH:D009362,Neoplasm Metastasis
DB00227,Lovastatin,Lovastatin,D008148,MESH:D010190,Pancreatic Neoplasms
DB00227,Lovastatin,Lovastatin,D008148,MESH:D011778,Q Fever
DB00227,Lovastatin,Lovastatin,D008148,MESH:D012509,Sarcoma
DB00227,Lovastatin,Lovastatin,D008148,MESH:D015430,Weight Gain
DB01142,Doxepin,Doxepin,D004316,MESH:D001008,Anxiety Disorders
DB01142,Doxepin,Doxepin,D004316,MESH:D001714,Bipolar Disorder
DB01142,Doxepin,Doxepin,D004316,MESH:D003866,Depressive Disorder
DB01142,Doxepin,Doxepin,D004316,MESH:D003865,Major Depressive Disorder
DB01142,Doxepin,Doxepin,D004316,MESH:D001523,Mental Disorders
DB01142,Doxepin,Doxepin,D004316,MESH:D010146,Pain
DB01142,Doxepin,Doxepin,D004316,MESH:D011537,Pruritus
DB01142,Doxepin,Doxepin,D004316,MESH:D011618,Psychotic Disorders
DB01142,Doxepin,Doxepin,D004316,MESH:D012640,Seizures
DB01142,Doxepin,Doxepin,D004316,MESH:D007319,Sleep Initiation and Maintenance Disorders
DB01142,Doxepin,Doxepin,D004316,MESH:D012893,Sleep Wake Disorders
DB00440,Trimethoprim,Trimethoprim,D014295,MESH:D017088,AIDS-Related Opportunistic Infections
DB00440,Trimethoprim,Trimethoprim,D014295,MESH:D012852,Sinusitis
DB00440,Trimethoprim,Trimethoprim,D014295,MESH:D014552,Urinary Tract Infections
DB00778,Roxithromycin,Roxithromycin,D015575,MESH:D007249,Inflammation
DB00778,Roxithromycin,Roxithromycin,D015575,MESH:D008171,Lung Diseases
DB00384,Triamterene,Triamterene,D014223,MESH:D001201,Ascites
DB00384,Triamterene,Triamterene,D014223,MESH:D006973,Hypertension
DB00384,Triamterene,Triamterene,D014223,MESH:D007008,Hypokalemia
DB00384,Triamterene,Triamterene,D014223,MESH:D020514,Hypokalemic Periodic Paralysis
DB00713,Oxacillin,Oxacillin,D010068,MESH:D016470,Bacteremia
DB00713,Oxacillin,Oxacillin,D010068,MESH:D013203,Staphylococcal Infections
DB04821,Nomifensine,Nomifensine,D009627,MESH:D001763,Blepharoptosis
DB04821,Nomifensine,Nomifensine,D009627,MESH:D002375,Catalepsy
DB04821,Nomifensine,Nomifensine,D009627,MESH:D003866,Depressive Disorder
DB04821,Nomifensine,Nomifensine,D009627,MESH:D006948,Hyperkinesis
DB04821,Nomifensine,Nomifensine,D009627,MESH:D018476,Hypokinesia
DB01405,Temafloxacin,temafloxacin,C054745,MESH:D013203,Staphylococcal Infections
DB00339,Pyrazinamide,Pyrazinamide,D011718,MESH:D014376,Tuberculosis
DB00168,Aspartame,Aspartame,D001218,MESH:D005334,Fever
DB00168,Aspartame,Aspartame,D001218,MESH:D007674,Kidney Diseases
DB00168,Aspartame,Aspartame,D001218,MESH:D010003,Osteoarthritis
DB00168,Aspartame,Aspartame,D001218,MESH:D010146,Pain
DB00497,Oxycodone,Oxycodone,D010098,MESH:D001416,Back Pain
DB00497,Oxycodone,Oxycodone,D010098,MESH:D003248,Constipation
DB00497,Oxycodone,Oxycodone,D010098,MESH:D017116,Low Back Pain
DB00497,Oxycodone,Oxycodone,D010098,MESH:D009437,Neuralgia
DB00497,Oxycodone,Oxycodone,D010098,MESH:D010146,Pain
DB00497,Oxycodone,Oxycodone,D010098,MESH:D010149,Postoperative Pain
DB00497,Oxycodone,Oxycodone,D010098,MESH:D012148,Restless Legs Syndrome
DB00497,Oxycodone,Oxycodone,D010098,MESH:D013705,Temporomandibular Joint Disorders
DB00497,Oxycodone,Oxycodone,D010098,MESH:D020323,Tics
DB00497,Oxycodone,Oxycodone,D010098,MESH:D005879,Tourette Syndrome
DB00327,Hydromorphone,Hydromorphone,D004091,MESH:D015746,Abdominal Pain
DB00327,Hydromorphone,Hydromorphone,D004091,MESH:D001416,Back Pain
DB00327,Hydromorphone,Hydromorphone,D004091,MESH:D019970,Cocaine-Related Disorders
DB00327,Hydromorphone,Hydromorphone,D004091,MESH:D006930,Hyperalgesia
DB00327,Hydromorphone,Hydromorphone,D004091,MESH:D010148,Intractable Pain
DB00327,Hydromorphone,Hydromorphone,D004091,MESH:D010146,Pain
DB00327,Hydromorphone,Hydromorphone,D004091,MESH:D010149,Postoperative Pain
DB00327,Hydromorphone,Hydromorphone,D004091,MESH:D013375,Substance Withdrawal Syndrome
DB00844,Nalbuphine,Nalbuphine,D009266,MESH:D019970,Cocaine-Related Disorders
DB00844,Nalbuphine,Nalbuphine,D009266,MESH:D006930,Hyperalgesia
DB00844,Nalbuphine,Nalbuphine,D009266,MESH:D009021,Morphine Dependence
DB00844,Nalbuphine,Nalbuphine,D009266,MESH:D009325,Nausea
DB00844,Nalbuphine,Nalbuphine,D009266,MESH:D010146,Pain
DB00844,Nalbuphine,Nalbuphine,D009266,MESH:D010149,Postoperative Pain
DB00844,Nalbuphine,Nalbuphine,D009266,MESH:D011537,Pruritus
DB00844,Nalbuphine,Nalbuphine,D009266,MESH:D012131,Respiratory Insufficiency
DB00844,Nalbuphine,Nalbuphine,D009266,MESH:D013035,Spasm
DB00844,Nalbuphine,Nalbuphine,D009266,MESH:D013610,Tachycardia
DB00844,Nalbuphine,Nalbuphine,D009266,MESH:D014839,Vomiting
DB02703,Fusidic acid,Fusidic Acid,D005672,MESH:D003424,Crohn Disease
DB02703,Fusidic acid,Fusidic Acid,D005672,MESH:D013203,Staphylococcal Infections
DB02703,Fusidic acid,Fusidic Acid,D005672,MESH:D014552,Urinary Tract Infections
DB00114,Pyridoxal phosphate,Pyridoxal,D011730,MESH:D012640,Seizures
DB00114,Pyridoxal phosphate,Pyridoxal Phosphate,D011732,MESH:D015179,Colorectal Neoplasms
DB00114,Pyridoxal phosphate,Pyridoxal Phosphate,D011732,MESH:D007674,Kidney Diseases
DB00770,Alprostadil,Alprostadil,D000527,MESH:D058186,Acute Kidney Injury
DB00770,Alprostadil,Alprostadil,D000527,MESH:D001157,Arterial Occlusive Diseases
DB00770,Alprostadil,Alprostadil,D000527,MESH:D002375,Catalepsy
DB00770,Alprostadil,Alprostadil,D000527,MESH:D056486,Chemical and Drug Induced Liver Injury
DB00770,Alprostadil,Alprostadil,D000527,MESH:D023921,Coronary Stenosis
DB00770,Alprostadil,Alprostadil,D000527,MESH:D003866,Depressive Disorder
DB00770,Alprostadil,Alprostadil,D000527,MESH:D004417,Dyspnea
DB00770,Alprostadil,Alprostadil,D000527,MESH:D007172,Erectile Dysfunction
DB00770,Alprostadil,Alprostadil,D000527,MESH:D005234,Fatty Liver
DB00770,Alprostadil,Alprostadil,D000527,MESH:D005767,Gastrointestinal Diseases
DB00770,Alprostadil,Alprostadil,D000527,MESH:D005921,Glomerulonephritis
DB00770,Alprostadil,Alprostadil,D000527,MESH:D006333,Heart Failure
DB00770,Alprostadil,Alprostadil,D000527,MESH:D006973,Hypertension
DB00770,Alprostadil,Alprostadil,D000527,MESH:D007511,Ischemia
DB00770,Alprostadil,Alprostadil,D000527,MESH:D009080,Mucocutaneous Lymph Node Syndrome
DB00770,Alprostadil,Alprostadil,D000527,MESH:D009336,Necrosis
DB00770,Alprostadil,Alprostadil,D000527,MESH:D058729,Peripheral Arterial Disease
DB00770,Alprostadil,Alprostadil,D000527,MESH:D011183,Postoperative Complications
DB00770,Alprostadil,Alprostadil,D000527,MESH:D011655,Pulmonary Embolism
DB00770,Alprostadil,Alprostadil,D000527,MESH:D011928,Raynaud Disease
DB00770,Alprostadil,Alprostadil,D000527,MESH:D012128,Respiratory Distress Syndrome
DB00770,Alprostadil,Alprostadil,D000527,MESH:D012883,Skin Ulcer
DB00770,Alprostadil,Alprostadil,D000527,MESH:D013771,Tetralogy of Fallot
DB01074,Perhexiline,Perhexiline,D010480,MESH:D000787,Angina Pectoris
DB01074,Perhexiline,Perhexiline,D010480,MESH:D006333,Heart Failure
DB01074,Perhexiline,perhexiline maleate,C023470,MESH:D000787,Angina Pectoris
DB01074,Perhexiline,perhexiline maleate,C023470,MESH:D003327,Coronary Disease
DB01074,Perhexiline,perhexiline maleate,C023470,MESH:D009203,Myocardial Infarction
DB00636,Clofibrate,Clofibrate,D002994,MESH:D058186,Acute Kidney Injury
DB00636,Clofibrate,Clofibrate,D002994,MESH:D000787,Angina Pectoris
DB00636,Clofibrate,Clofibrate,D002994,MESH:D050197,Atherosclerosis
DB00636,Clofibrate,Clofibrate,D002994,MESH:D056486,Chemical and Drug Induced Liver Injury
DB00636,Clofibrate,Clofibrate,D002994,MESH:D003327,Coronary Disease
DB00636,Clofibrate,Clofibrate,D002994,MESH:D003919,Diabetes Insipidus
DB00636,Clofibrate,Clofibrate,D002994,MESH:D016883,Diabetic Ketoacidosis
DB00636,Clofibrate,Clofibrate,D002994,MESH:D050171,Dyslipidemias
DB00636,Clofibrate,Clofibrate,D002994,MESH:D005234,Fatty Liver
DB00636,Clofibrate,Clofibrate,D002994,MESH:D006937,Hypercholesterolemia
DB00636,Clofibrate,Clofibrate,D002994,MESH:D006943,Hyperglycemia
DB00636,Clofibrate,Clofibrate,D002994,MESH:D006949,Hyperlipidemias
DB00636,Clofibrate,Clofibrate,D002994,MESH:D006951,Hyperlipoproteinemias
DB00636,Clofibrate,Clofibrate,D002994,MESH:D006953,Hyperlipoproteinemia Type IV
DB00636,Clofibrate,Clofibrate,D002994,MESH:D006965,Hyperplasia
DB00636,Clofibrate,Clofibrate,D002994,MESH:D006973,Hypertension
DB00636,Clofibrate,Clofibrate,D002994,MESH:D015228,Hypertriglyceridemia
DB00636,Clofibrate,Clofibrate,D002994,MESH:D007249,Inflammation
DB00636,Clofibrate,Clofibrate,D002994,MESH:D007674,Kidney Diseases
DB00636,Clofibrate,Clofibrate,D002994,MESH:D000068079,Motor Disorders
DB00636,Clofibrate,Clofibrate,D002994,MESH:D009203,Myocardial Infarction
DB00636,Clofibrate,Clofibrate,D002994,MESH:D009336,Necrosis
DB00636,Clofibrate,Clofibrate,D002994,MESH:D009362,Neoplasm Metastasis
DB00509,Dextrothyroxine,Dextrothyroxine,D003918,MESH:D006937,Hypercholesterolemia
DB00509,Dextrothyroxine,Dextrothyroxine,D003918,MESH:D006938,Hyperlipoproteinemia Type II
DB01138,Sulfinpyrazone,Sulfinpyrazone,D013442,MESH:D000787,Angina Pectoris
DB01138,Sulfinpyrazone,Sulfinpyrazone,D013442,MESH:D002545,Brain Ischemia
DB01138,Sulfinpyrazone,Sulfinpyrazone,D013442,MESH:D006073,Gout
DB01138,Sulfinpyrazone,Sulfinpyrazone,D013442,MESH:D033461,Hyperuricemia
DB01138,Sulfinpyrazone,Sulfinpyrazone,D013442,MESH:D009203,Myocardial Infarction
DB00752,Tranylcypromine,Tranylcypromine,D014191,MESH:D000856,Anorexia Nervosa
DB00752,Tranylcypromine,Tranylcypromine,D014191,MESH:D001008,Anxiety Disorders
DB00752,Tranylcypromine,Tranylcypromine,D014191,MESH:D001714,Bipolar Disorder
DB00752,Tranylcypromine,Tranylcypromine,D014191,MESH:D003866,Depressive Disorder
DB00752,Tranylcypromine,Tranylcypromine,D014191,MESH:D018476,Hypokinesia
DB00752,Tranylcypromine,Tranylcypromine,D014191,MESH:D007022,Hypotension
DB00752,Tranylcypromine,Tranylcypromine,D014191,MESH:D003865,Major Depressive Disorder
DB00752,Tranylcypromine,Tranylcypromine,D014191,MESH:D019964,Mood Disorders
DB00752,Tranylcypromine,Tranylcypromine,D014191,MESH:D009127,Muscle Rigidity
DB00752,Tranylcypromine,Tranylcypromine,D014191,MESH:D009410,Nerve Degeneration
DB00752,Tranylcypromine,Tranylcypromine,D014191,MESH:D009771,Obsessive-Compulsive Disorder
DB00752,Tranylcypromine,Tranylcypromine,D014191,MESH:D016584,Panic Disorder
DB00752,Tranylcypromine,Tranylcypromine,D014191,MESH:D010300,Parkinson Disease
DB00752,Tranylcypromine,Tranylcypromine,D014191,MESH:D010554,Personality Disorders
DB00752,Tranylcypromine,Tranylcypromine,D014191,MESH:D014202,Tremor
DB00270,Isradipine,Isradipine,D017275,MESH:D019969,Amphetamine-Related Disorders
DB00270,Isradipine,Isradipine,D017275,MESH:D000787,Angina Pectoris
DB00270,Isradipine,Isradipine,D017275,MESH:D050197,Atherosclerosis
DB00270,Isradipine,Isradipine,D017275,MESH:D002545,Brain Ischemia
DB00270,Isradipine,Isradipine,D017275,MESH:D019970,Cocaine-Related Disorders
DB00270,Isradipine,Isradipine,D017275,MESH:D003327,Coronary Disease
DB00270,Isradipine,Isradipine,D017275,MESH:D006965,Hyperplasia
DB00270,Isradipine,Isradipine,D017275,MESH:D006973,Hypertension
DB00270,Isradipine,Isradipine,D017275,MESH:D009069,Movement Disorders
DB01580,Oxprenolol,Oxprenolol,D010096,MESH:D000787,Angina Pectoris
DB01580,Oxprenolol,Oxprenolol,D010096,MESH:D006332,Cardiomegaly
DB01580,Oxprenolol,Oxprenolol,D010096,MESH:D003327,Coronary Disease
DB01580,Oxprenolol,Oxprenolol,D010096,MESH:D006973,Hypertension
DB01580,Oxprenolol,Oxprenolol,D010096,MESH:D006984,Hypertrophy
DB01580,Oxprenolol,Oxprenolol,D010096,MESH:D007008,Hypokalemia
DB01580,Oxprenolol,Oxprenolol,D010096,MESH:D009203,Myocardial Infarction
DB01580,Oxprenolol,Oxprenolol,D010096,MESH:D017202,Myocardial Ischemia
DB01580,Oxprenolol,Oxprenolol,D010096,MESH:D013610,Tachycardia
DB01580,Oxprenolol,Oxprenolol,D010096,MESH:D014202,Tremor
DB01580,Oxprenolol,Oxprenolol,D010096,MESH:D014693,Ventricular Fibrillation
DB01580,Oxprenolol,Oxprenolol,D010096,MESH:D018879,Ventricular Premature Complexes
DB04880,Enoximone,Enoximone,D017335,MESH:D003324,Coronary Artery Disease
DB04880,Enoximone,Enoximone,D017335,MESH:D006323,Heart Arrest
DB04880,Enoximone,Enoximone,D017335,MESH:D006333,Heart Failure
DB04880,Enoximone,Enoximone,D017335,MESH:D009203,Myocardial Infarction
DB00401,Nisoldipine,Nisoldipine,D015737,MESH:D058186,Acute Kidney Injury
DB00401,Nisoldipine,Nisoldipine,D015737,MESH:D000787,Angina Pectoris
DB00401,Nisoldipine,Nisoldipine,D015737,MESH:D006332,Cardiomegaly
DB00401,Nisoldipine,Nisoldipine,D015737,MESH:D002318,Cardiovascular Diseases
DB00401,Nisoldipine,Nisoldipine,D015737,MESH:D003327,Coronary Disease
DB00401,Nisoldipine,Nisoldipine,D015737,MESH:D006333,Heart Failure
DB00401,Nisoldipine,Nisoldipine,D015737,MESH:D006973,Hypertension
DB00401,Nisoldipine,Nisoldipine,D015737,MESH:D007511,Ischemia
DB00401,Nisoldipine,Nisoldipine,D015737,MESH:D009203,Myocardial Infarction
DB00401,Nisoldipine,Nisoldipine,D015737,MESH:D017202,Myocardial Ischemia
DB00401,Nisoldipine,Nisoldipine,D015737,MESH:D013927,Thrombosis
DB01088,Iloprost,Iloprost,D016285,MESH:D000787,Angina Pectoris
DB01088,Iloprost,Iloprost,D016285,MESH:D001157,Arterial Occlusive Diseases
DB01088,Iloprost,Iloprost,D016285,MESH:D009202,Cardiomyopathies
DB01088,Iloprost,Iloprost,D016285,MESH:D007511,Ischemia
DB01088,Iloprost,Iloprost,D016285,MESH:D009336,Necrosis
DB01088,Iloprost,Iloprost,D016285,MESH:D009798,Ocular Hypertension
DB01088,Iloprost,Iloprost,D016285,MESH:D016491,Peripheral Vascular Diseases
DB01088,Iloprost,Iloprost,D016285,MESH:D011225,Pre-Eclampsia
DB01088,Iloprost,Iloprost,D016285,MESH:D011928,Raynaud Disease
DB01088,Iloprost,Iloprost,D016285,MESH:D013921,Thrombocytopenia
DB01088,Iloprost,Iloprost,D016285,MESH:D013927,Thrombosis
DB00852,Pseudoephedrine,Pseudoephedrine,D054199,MESH:D006261,Headache
DB00852,Pseudoephedrine,Pseudoephedrine,D054199,MESH:D012220,Rhinitis
DB00852,Pseudoephedrine,Pseudoephedrine,D054199,MESH:D012852,Sinusitis
DB00243,Ranolazine,Ranolazine,D000069458,MESH:D000787,Angina Pectoris
DB00243,Ranolazine,Ranolazine,D000069458,MESH:D001281,Atrial Fibrillation
DB00243,Ranolazine,Ranolazine,D000069458,MESH:D004719,Endomyocardial Fibrosis
DB00243,Ranolazine,Ranolazine,D000069458,MESH:D017202,Myocardial Ischemia
DB00243,Ranolazine,Ranolazine,D000069458,MESH:D013610,Tachycardia
DB00243,Ranolazine,Ranolazine,D000069458,MESH:D016171,Torsades de Pointes
DB01244,Bepridil,Bepridil,D015764,MESH:D000787,Angina Pectoris
DB01244,Bepridil,Bepridil,D015764,MESH:D001281,Atrial Fibrillation
DB01244,Bepridil,Bepridil,D015764,MESH:D006332,Cardiomegaly
DB01244,Bepridil,Bepridil,D015764,MESH:D006973,Hypertension
DB01244,Bepridil,Bepridil,D015764,MESH:D013610,Tachycardia
DB01244,Bepridil,Bepridil,D015764,MESH:D014693,Ventricular Fibrillation
DB01240,Epoprostenol,Epoprostenol,D011464,MESH:D000787,Angina Pectoris
DB01240,Epoprostenol,Epoprostenol,D011464,MESH:D003328,Coronary Thrombosis
DB01240,Epoprostenol,Epoprostenol,D011464,MESH:D006948,Hyperkinesis
DB01240,Epoprostenol,Epoprostenol,D011464,MESH:D006973,Hypertension
DB01240,Epoprostenol,Epoprostenol,D011464,MESH:D009336,Necrosis
DB01240,Epoprostenol,Epoprostenol,D011464,MESH:D009369,Neoplasms
DB01240,Epoprostenol,Epoprostenol,D011464,MESH:D011655,Pulmonary Embolism
DB01240,Epoprostenol,Epoprostenol,D011464,MESH:D011928,Raynaud Disease
DB01240,Epoprostenol,Epoprostenol,D011464,MESH:D019956,Stereotypic Movement Disorder
DB01240,Epoprostenol,Epoprostenol,D011464,MESH:D013276,Stomach Ulcer
DB01240,Epoprostenol,Epoprostenol,D011464,MESH:D013927,Thrombosis
DB00598,Labetalol,Labetalol,D007741,MESH:D054058,Acute Coronary Syndrome
DB00598,Labetalol,Labetalol,D007741,MESH:D000787,Angina Pectoris
DB00598,Labetalol,Labetalol,D007741,MESH:D001014,Aortic Aneurysm
DB00598,Labetalol,Labetalol,D007741,MESH:D001281,Atrial Fibrillation
DB00598,Labetalol,Labetalol,D007741,MESH:D002318,Cardiovascular Diseases
DB00598,Labetalol,Labetalol,D007741,MESH:D002637,Chest Pain
DB00598,Labetalol,Labetalol,D007741,MESH:D000075222,Essential Hypertension
DB00598,Labetalol,Labetalol,D007741,MESH:D006470,Hemorrhage
DB00598,Labetalol,Labetalol,D007741,MESH:D006973,Hypertension
DB00598,Labetalol,Labetalol,D007741,MESH:D007022,Hypotension
DB00598,Labetalol,Labetalol,D007741,MESH:D007511,Ischemia
DB00598,Labetalol,Labetalol,D007741,MESH:D017202,Myocardial Ischemia
DB00598,Labetalol,Labetalol,D007741,MESH:D009336,Necrosis
DB00598,Labetalol,Labetalol,D007741,MESH:D010673,Pheochromocytoma
DB00598,Labetalol,Labetalol,D007741,MESH:D011225,Pre-Eclampsia
DB00598,Labetalol,Labetalol,D007741,MESH:D013345,Subarachnoid Hemorrhage
DB00598,Labetalol,Labetalol,D007741,MESH:D013375,Substance Withdrawal Syndrome
DB00598,Labetalol,Labetalol,D007741,MESH:D013610,Tachycardia
DB00598,Labetalol,Labetalol,D007741,MESH:D018879,Ventricular Premature Complexes
DB00692,Phentolamine,Phentolamine,D010646,MESH:D054058,Acute Coronary Syndrome
DB00692,Phentolamine,Phentolamine,D010646,MESH:D000787,Angina Pectoris
DB00692,Phentolamine,Phentolamine,D010646,MESH:D001022,Aortic Valve Insufficiency
DB00692,Phentolamine,Phentolamine,D010646,MESH:D001919,Bradycardia
DB00692,Phentolamine,Phentolamine,D010646,MESH:D001929,Brain Edema
DB00692,Phentolamine,Phentolamine,D010646,MESH:D056486,Chemical and Drug Induced Liver Injury
DB00692,Phentolamine,Phentolamine,D010646,MESH:D002637,Chest Pain
DB00692,Phentolamine,Phentolamine,D010646,MESH:D019970,Cocaine-Related Disorders
DB00692,Phentolamine,Phentolamine,D010646,MESH:D023921,Coronary Stenosis
DB00692,Phentolamine,Phentolamine,D010646,MESH:D004827,Epilepsy
DB00692,Phentolamine,Phentolamine,D010646,MESH:D007172,Erectile Dysfunction
DB00692,Phentolamine,Phentolamine,D010646,MESH:D006331,Heart Diseases
DB00692,Phentolamine,Phentolamine,D010646,MESH:D006333,Heart Failure
DB00692,Phentolamine,Phentolamine,D010646,MESH:D006930,Hyperalgesia
DB00692,Phentolamine,Phentolamine,D010646,MESH:D006943,Hyperglycemia
DB00692,Phentolamine,Phentolamine,D010646,MESH:D006948,Hyperkinesis
DB00692,Phentolamine,Phentolamine,D010646,MESH:D006973,Hypertension
DB00692,Phentolamine,Phentolamine,D010646,MESH:D007022,Hypotension
DB00692,Phentolamine,Phentolamine,D010646,MESH:D007511,Ischemia
DB00692,Phentolamine,Phentolamine,D010646,MESH:D008944,Mitral Valve Insufficiency
DB00692,Phentolamine,Phentolamine,D010646,MESH:D009203,Myocardial Infarction
DB00692,Phentolamine,Phentolamine,D010646,MESH:D017202,Myocardial Ischemia
DB00692,Phentolamine,Phentolamine,D010646,MESH:D009336,Necrosis
DB00692,Phentolamine,Phentolamine,D010646,MESH:D019954,Neurobehavioral Manifestations
DB00692,Phentolamine,Phentolamine,D010646,MESH:D010146,Pain
DB00692,Phentolamine,Phentolamine,D010646,MESH:D010554,Personality Disorders
DB00692,Phentolamine,Phentolamine,D010646,MESH:D012640,Seizures
DB00692,Phentolamine,Phentolamine,D010646,MESH:D013035,Spasm
DB00692,Phentolamine,Phentolamine,D010646,MESH:D013927,Thrombosis
DB00692,Phentolamine,Phentolamine,D010646,MESH:D018754,Ventricular Dysfunction
DB01095,Fluvastatin,Fluvastatin,D000077340,MESH:D050197,Atherosclerosis
DB01095,Fluvastatin,Fluvastatin,D000077340,MESH:D001424,Bacterial Infections
DB01095,Fluvastatin,Fluvastatin,D000077340,MESH:D009202,Cardiomyopathies
DB01095,Fluvastatin,Fluvastatin,D000077340,MESH:D002318,Cardiovascular Diseases
DB01095,Fluvastatin,Fluvastatin,D000077340,MESH:D003327,Coronary Disease
DB01095,Fluvastatin,Fluvastatin,D000077340,MESH:D003929,Diabetic Neuropathies
DB01095,Fluvastatin,Fluvastatin,D000077340,MESH:D050171,Dyslipidemias
DB01095,Fluvastatin,Fluvastatin,D000077340,MESH:D006333,Heart Failure
DB01095,Fluvastatin,Fluvastatin,D000077340,MESH:D006526,Hepatitis C
DB01095,Fluvastatin,Fluvastatin,D000077340,MESH:D006529,Hepatomegaly
DB01095,Fluvastatin,Fluvastatin,D000077340,MESH:D006937,Hypercholesterolemia
DB01095,Fluvastatin,Fluvastatin,D000077340,MESH:D006949,Hyperlipidemias
DB01095,Fluvastatin,Fluvastatin,D000077340,MESH:D006938,Hyperlipoproteinemia Type II
DB01095,Fluvastatin,Fluvastatin,D000077340,MESH:D015228,Hypertriglyceridemia
DB01095,Fluvastatin,Fluvastatin,D000077340,MESH:D009101,Multiple Myeloma
DB01095,Fluvastatin,Fluvastatin,D000077340,MESH:D009203,Myocardial Infarction
DB01095,Fluvastatin,Fluvastatin,D000077340,MESH:D015428,Myocardial Reperfusion Injury
DB01095,Fluvastatin,Fluvastatin,D000077340,MESH:D009361,Neoplasm Invasiveness
DB01095,Fluvastatin,Fluvastatin,D000077340,MESH:D009362,Neoplasm Metastasis
DB01095,Fluvastatin,Fluvastatin,D000077340,MESH:D009845,Oligospermia
DB01095,Fluvastatin,Fluvastatin,D000077340,MESH:D011507,Proteinuria
DB01095,Fluvastatin,Fluvastatin,D000077340,MESH:D000072660,Teratozoospermia
DB01095,Fluvastatin,Fluvastatin,D000077340,MESH:D013733,Testicular Diseases
DB01095,Fluvastatin,Fluvastatin,D000077340,MESH:D015430,Weight Gain
DB01095,Fluvastatin,Fluvastatin,D000077340,MESH:D015431,Weight Loss
DB00696,Ergotamine,Ergotamine,D004878,MESH:D006261,Headache
DB00696,Ergotamine,Ergotamine,D004878,MESH:D008881,Migraine Disorders
DB00669,Sumatriptan,Sumatriptan,D018170,MESH:D004487,Edema
DB00669,Sumatriptan,Sumatriptan,D018170,MESH:D005119,Extravasation of Diagnostic and Therapeutic Materials
DB00669,Sumatriptan,Sumatriptan,D018170,MESH:D006261,Headache
DB00669,Sumatriptan,Sumatriptan,D018170,MESH:D006930,Hyperalgesia
DB00669,Sumatriptan,Sumatriptan,D018170,MESH:D006940,Hyperemia
DB00669,Sumatriptan,Sumatriptan,D018170,MESH:D008881,Migraine Disorders
DB00669,Sumatriptan,Sumatriptan,D018170,MESH:D020325,Migraine with Aura
DB00669,Sumatriptan,Sumatriptan,D018170,MESH:D020326,Migraine without Aura
DB00669,Sumatriptan,Sumatriptan,D018170,MESH:D009325,Nausea
DB00669,Sumatriptan,Sumatriptan,D018170,MESH:D020078,Neurogenic Inflammation
DB00669,Sumatriptan,Sumatriptan,D018170,MESH:D010146,Pain
DB00669,Sumatriptan,Sumatriptan,D018170,MESH:D020795,Photophobia
DB00669,Sumatriptan,Sumatriptan,D018170,MESH:D012008,Recurrence
DB00669,Sumatriptan,Sumatriptan,D018170,MESH:D020225,Sagittal Sinus Thrombosis
DB00669,Sumatriptan,Sumatriptan,D018170,MESH:D014839,Vomiting
DB00669,Sumatriptan,Sumatriptan,D018170,MESH:D015431,Weight Loss
DB01023,Felodipine,Felodipine,D015736,MESH:D000787,Angina Pectoris
DB01023,Felodipine,Felodipine,D015736,MESH:D001161,Arteriosclerosis
DB01023,Felodipine,Felodipine,D015736,MESH:D003327,Coronary Disease
DB01023,Felodipine,Felodipine,D015736,MESH:D005355,Fibrosis
DB01023,Felodipine,Felodipine,D015736,MESH:D006333,Heart Failure
DB01023,Felodipine,Felodipine,D015736,MESH:D006973,Hypertension
DB01023,Felodipine,Felodipine,D015736,MESH:D012640,Seizures
DB09242,Moxonidine,moxonidine,C043482,MESH:D000787,Angina Pectoris
DB09242,Moxonidine,moxonidine,C043482,MESH:D006332,Cardiomegaly
DB09242,Moxonidine,moxonidine,C043482,MESH:D005315,Fetal Diseases
DB09242,Moxonidine,moxonidine,C043482,MESH:D018149,Glucose Intolerance
DB09242,Moxonidine,moxonidine,C043482,MESH:D006973,Hypertension
DB09242,Moxonidine,moxonidine,C043482,MESH:D013610,Tachycardia
DB01193,Acebutolol,Acebutolol,D000070,MESH:D000787,Angina Pectoris
DB01193,Acebutolol,Acebutolol,D000070,MESH:D001008,Anxiety Disorders
DB01193,Acebutolol,Acebutolol,D000070,MESH:D000075222,Essential Hypertension
DB01193,Acebutolol,Acebutolol,D000070,MESH:D006973,Hypertension
DB01193,Acebutolol,Acebutolol,D000070,MESH:D017202,Myocardial Ischemia
DB01193,Acebutolol,Acebutolol,D000070,MESH:D013610,Tachycardia
DB01193,Acebutolol,Acebutolol,D000070,MESH:D014693,Ventricular Fibrillation
DB01193,Acebutolol,Acebutolol,D000070,MESH:D018879,Ventricular Premature Complexes
DB01268,Sunitinib,Sunitinib,D000077210,MESH:D058186,Acute Kidney Injury
DB01268,Sunitinib,Sunitinib,D000077210,MESH:D005770,Gastrointestinal Neoplasms
DB01268,Sunitinib,Sunitinib,D000077210,MESH:D046152,Gastrointestinal Stromal Tumors
DB01268,Sunitinib,Sunitinib,D000077210,MESH:D009369,Neoplasms
DB01268,Sunitinib,Sunitinib,D000077210,MESH:D018358,Neuroendocrine Tumors
DB01268,Sunitinib,Sunitinib,D000077210,MESH:D011471,Prostatic Neoplasms
DB00195,Betaxolol,Betaxolol,D015784,MESH:D000787,Angina Pectoris
DB00195,Betaxolol,Betaxolol,D015784,MESH:D005355,Fibrosis
DB00195,Betaxolol,Betaxolol,D015784,MESH:D005901,Glaucoma
DB00195,Betaxolol,Betaxolol,D015784,MESH:D006973,Hypertension
DB00195,Betaxolol,Betaxolol,D015784,MESH:D020521,Stroke
DB00195,Betaxolol,Betaxolol,D015784,MESH:D013375,Substance Withdrawal Syndrome
DB00195,Betaxolol,Betaxolol,D015784,MESH:D014657,Vasculitis
DB00612,Bisoprolol,Bisoprolol,D017298,MESH:D000787,Angina Pectoris
DB00612,Bisoprolol,Bisoprolol,D017298,MESH:D001281,Atrial Fibrillation
DB00612,Bisoprolol,Bisoprolol,D017298,MESH:D009202,Cardiomyopathies
DB00612,Bisoprolol,Bisoprolol,D017298,MESH:D066126,Cardiotoxicity
DB00612,Bisoprolol,Bisoprolol,D017298,MESH:D005355,Fibrosis
DB00612,Bisoprolol,Bisoprolol,D017298,MESH:D006333,Heart Failure
DB00612,Bisoprolol,Bisoprolol,D017298,MESH:D006940,Hyperemia
DB00612,Bisoprolol,Bisoprolol,D017298,MESH:D006973,Hypertension
DB00612,Bisoprolol,Bisoprolol,D017298,MESH:D007008,Hypokalemia
DB00612,Bisoprolol,Bisoprolol,D017298,MESH:D007511,Ischemia
DB00612,Bisoprolol,Bisoprolol,D017298,MESH:D008881,Migraine Disorders
DB00612,Bisoprolol,Bisoprolol,D017298,MESH:D009203,Myocardial Infarction
DB00612,Bisoprolol,Bisoprolol,D017298,MESH:D019954,Neurobehavioral Manifestations
DB00612,Bisoprolol,Bisoprolol,D017298,MESH:D011183,Postoperative Complications
DB00612,Bisoprolol,Bisoprolol,D017298,MESH:D013610,Tachycardia
DB00612,Bisoprolol,Bisoprolol,D017298,MESH:D018754,Ventricular Dysfunction
DB00612,Bisoprolol,Bisoprolol,D017298,MESH:D018879,Ventricular Premature Complexes
DB00612,Bisoprolol,Bisoprolol,D017298,MESH:D020257,Ventricular Remodeling
DB00612,Bisoprolol,Bisoprolol,D017298,MESH:D015431,Weight Loss
DB09069,Trimetazidine,Trimetazidine,D014292,MESH:D058186,Acute Kidney Injury
DB09069,Trimetazidine,Trimetazidine,D014292,MESH:D000787,Angina Pectoris
DB09069,Trimetazidine,Trimetazidine,D014292,MESH:D009202,Cardiomyopathies
DB09069,Trimetazidine,Trimetazidine,D014292,MESH:D066126,Cardiotoxicity
DB09069,Trimetazidine,Trimetazidine,D014292,MESH:D056486,Chemical and Drug Induced Liver Injury
DB09069,Trimetazidine,Trimetazidine,D014292,MESH:D004487,Edema
DB09069,Trimetazidine,Trimetazidine,D014292,MESH:D006333,Heart Failure
DB09069,Trimetazidine,Trimetazidine,D014292,MESH:D006930,Hyperalgesia
DB09069,Trimetazidine,Trimetazidine,D014292,MESH:D006943,Hyperglycemia
DB09069,Trimetazidine,Trimetazidine,D014292,MESH:D007022,Hypotension
DB09069,Trimetazidine,Trimetazidine,D014292,MESH:D007674,Kidney Diseases
DB09069,Trimetazidine,Trimetazidine,D014292,MESH:D008103,Liver Cirrhosis
DB09069,Trimetazidine,Trimetazidine,D014292,MESH:D008133,Long QT Syndrome
DB09069,Trimetazidine,Trimetazidine,D014292,MESH:D017202,Myocardial Ischemia
DB09069,Trimetazidine,Trimetazidine,D014292,MESH:D009410,Nerve Degeneration
DB09069,Trimetazidine,Trimetazidine,D014292,MESH:D009461,Neurologic Manifestations
DB09069,Trimetazidine,Trimetazidine,D014292,MESH:D010146,Pain
DB00866,Alprenolol,Alprenolol,D000526,MESH:D000787,Angina Pectoris
DB00866,Alprenolol,Alprenolol,D000526,MESH:D001281,Atrial Fibrillation
DB00866,Alprenolol,Alprenolol,D000526,MESH:D006973,Hypertension
DB00866,Alprenolol,Alprenolol,D000526,MESH:D013610,Tachycardia
DB00988,Dopamine,Dopamine,D004298,MESH:D058186,Acute Kidney Injury
DB00988,Dopamine,Dopamine,D004298,MESH:D002375,Catalepsy
DB00988,Dopamine,Dopamine,D004298,MESH:D019970,Cocaine-Related Disorders
DB00988,Dopamine,Dopamine,D004298,MESH:D062787,Drug Overdose
DB00988,Dopamine,Dopamine,D004298,MESH:D004417,Dyspnea
DB00988,Dopamine,Dopamine,D004298,MESH:D006323,Heart Arrest
DB00988,Dopamine,Dopamine,D004298,MESH:D006331,Heart Diseases
DB00988,Dopamine,Dopamine,D004298,MESH:D006333,Heart Failure
DB00988,Dopamine,Dopamine,D004298,MESH:D018476,Hypokinesia
DB00988,Dopamine,Dopamine,D004298,MESH:D007022,Hypotension
DB00988,Dopamine,Dopamine,D004298,MESH:D009846,Oliguria
DB00988,Dopamine,Dopamine,D004298,MESH:D020734,Parkinsonian Disorders
DB00988,Dopamine,Dopamine,D004298,MESH:D010547,Persistent Fetal Circulation Syndrome
DB00988,Dopamine,Dopamine,D004298,MESH:D012640,Seizures
DB00988,Dopamine,Dopamine,D004298,MESH:D012769,Shock
DB00988,Dopamine,Dopamine,D004298,MESH:D016171,Torsades de Pointes
DB00988,Dopamine,Dopamine,D004298,MESH:D014202,Tremor
DB00610,Metaraminol,Metaraminol,D008680,MESH:D007022,Hypotension
DB00465,Ketorolac,Ketorolac,D020910,MESH:D001289,Attention Deficit Disorder with Hyperactivity
DB00465,Ketorolac,Ketorolac,D020910,MESH:D004487,Edema
DB00465,Ketorolac,Ketorolac,D020910,MESH:D005128,Eye Diseases
DB00465,Ketorolac,Ketorolac,D020910,MESH:D006261,Headache
DB00465,Ketorolac,Ketorolac,D020910,MESH:D006930,Hyperalgesia
DB00465,Ketorolac,Ketorolac,D020910,MESH:D007249,Inflammation
DB00465,Ketorolac,Ketorolac,D020910,MESH:D008881,Migraine Disorders
DB00465,Ketorolac,Ketorolac,D020910,MESH:D010146,Pain
DB00465,Ketorolac,Ketorolac,D020910,MESH:D010149,Postoperative Pain
DB00465,Ketorolac,Ketorolac,D020910,MESH:D011618,Psychotic Disorders
DB00465,Ketorolac,Ketorolac,D020910,MESH:D013375,Substance Withdrawal Syndrome
DB01009,Ketoprofen,Ketoprofen,D007660,MESH:D009202,Cardiomyopathies
DB01009,Ketoprofen,Ketoprofen,D007660,MESH:D003556,Cystitis
DB01009,Ketoprofen,Ketoprofen,D007660,MESH:D003866,Depressive Disorder
DB01009,Ketoprofen,Ketoprofen,D007660,MESH:D004487,Edema
DB01009,Ketoprofen,Ketoprofen,D007660,MESH:D005334,Fever
DB01009,Ketoprofen,Ketoprofen,D007660,MESH:D006973,Hypertension
DB01009,Ketoprofen,Ketoprofen,D007660,MESH:D007249,Inflammation
DB01009,Ketoprofen,Ketoprofen,D007660,MESH:D017116,Low Back Pain
DB01009,Ketoprofen,Ketoprofen,D007660,MESH:D009422,Nervous System Diseases
DB01009,Ketoprofen,Ketoprofen,D007660,MESH:D010003,Osteoarthritis
DB01009,Ketoprofen,Ketoprofen,D007660,MESH:D010146,Pain
DB01009,Ketoprofen,Ketoprofen,D007660,MESH:D011141,Polyuria
DB01009,Ketoprofen,Ketoprofen,D007660,MESH:D010149,Postoperative Pain
DB00961,Mepivacaine,Mepivacaine,D008619,MESH:D006940,Hyperemia
DB00961,Mepivacaine,Mepivacaine,D008619,MESH:D020078,Neurogenic Inflammation
DB00961,Mepivacaine,Mepivacaine,D008619,MESH:D010146,Pain
DB00961,Mepivacaine,Mepivacaine,D008619,MESH:D010243,Paralysis
DB00961,Mepivacaine,Mepivacaine,D008619,MESH:D010291,Paresis
DB00961,Mepivacaine,Mepivacaine,D008619,MESH:D012871,Skin Diseases
DB00533,Rofecoxib,rofecoxib,C116926,MESH:D001927,Brain Diseases
DB00533,Rofecoxib,rofecoxib,C116926,MESH:D002100,Cachexia
DB00533,Rofecoxib,rofecoxib,C116926,MESH:D006332,Cardiomegaly
DB00533,Rofecoxib,rofecoxib,C116926,MESH:D002389,Catatonia
DB00533,Rofecoxib,rofecoxib,C116926,MESH:D003072,Cognition Disorders
DB00533,Rofecoxib,rofecoxib,C116926,MESH:D003110,Colonic Neoplasms
DB00533,Rofecoxib,rofecoxib,C116926,MESH:D015179,Colorectal Neoplasms
DB00533,Rofecoxib,rofecoxib,C116926,MESH:D004487,Edema
DB00533,Rofecoxib,rofecoxib,C116926,MESH:D004715,Endometriosis
DB00533,Rofecoxib,rofecoxib,C116926,MESH:D006930,Hyperalgesia
DB00533,Rofecoxib,rofecoxib,C116926,MESH:D006973,Hypertension
DB00533,Rofecoxib,rofecoxib,C116926,MESH:D007417,Intestinal Polyps
DB00533,Rofecoxib,rofecoxib,C116926,MESH:D009069,Movement Disorders
DB00533,Rofecoxib,rofecoxib,C116926,MESH:D010003,Osteoarthritis
DB00533,Rofecoxib,rofecoxib,C116926,MESH:D010146,Pain
DB00533,Rofecoxib,rofecoxib,C116926,MESH:D010149,Postoperative Pain
DB00533,Rofecoxib,rofecoxib,C116926,MESH:D012640,Seizures
DB00533,Rofecoxib,rofecoxib,C116926,MESH:D015431,Weight Loss
DB00450,Droperidol,Droperidol,D004329,MESH:D001008,Anxiety Disorders
DB00450,Droperidol,Droperidol,D004329,MESH:D006212,Hallucinations
DB00450,Droperidol,Droperidol,D004329,MESH:D006973,Hypertension
DB00450,Droperidol,Droperidol,D004329,MESH:D008881,Migraine Disorders
DB00450,Droperidol,Droperidol,D004329,MESH:D009325,Nausea
DB00450,Droperidol,Droperidol,D004329,MESH:D010146,Pain
DB00450,Droperidol,Droperidol,D004329,MESH:D010554,Personality Disorders
DB00450,Droperidol,Droperidol,D004329,MESH:D020795,Photophobia
DB00450,Droperidol,Droperidol,D004329,MESH:D011183,Postoperative Complications
DB00450,Droperidol,Droperidol,D004329,MESH:D010149,Postoperative Pain
DB00450,Droperidol,Droperidol,D004329,MESH:D011595,Psychomotor Agitation
DB00450,Droperidol,Droperidol,D004329,MESH:D011618,Psychotic Disorders
DB00450,Droperidol,Droperidol,D004329,MESH:D013610,Tachycardia
DB00450,Droperidol,Droperidol,D004329,MESH:D014839,Vomiting
DB00455,Loratadine,Loratadine,D017336,MESH:D000799,Angioedema
DB00455,Loratadine,Loratadine,D017336,MESH:D001249,Asthma
DB00455,Loratadine,Loratadine,D017336,MESH:D006967,Hypersensitivity
DB00455,Loratadine,Loratadine,D017336,MESH:D014581,Urticaria
DB00193,Tramadol,Tramadol,D014147,MESH:D015746,Abdominal Pain
DB00193,Tramadol,Tramadol,D014147,MESH:D001416,Back Pain
DB00193,Tramadol,Tramadol,D014147,MESH:D001424,Bacterial Infections
DB00193,Tramadol,Tramadol,D014147,MESH:D006930,Hyperalgesia
DB00193,Tramadol,Tramadol,D014147,MESH:D009437,Neuralgia
DB00193,Tramadol,Tramadol,D014147,MESH:D010003,Osteoarthritis
DB00193,Tramadol,Tramadol,D014147,MESH:D010146,Pain
DB00193,Tramadol,Tramadol,D014147,MESH:D010149,Postoperative Pain
DB00193,Tramadol,Tramadol,D014147,MESH:D012148,Restless Legs Syndrome
DB05381,Histamine,Histamine,D006632,MESH:D006967,Hypersensitivity
DB05381,Histamine,Histamine,D006632,MESH:D007410,Intestinal Diseases
DB05381,Histamine,Histamine,D006632,MESH:D008545,Melanoma
DB05381,Histamine,Histamine,D006632,MESH:D008569,Memory Disorders
DB05381,Histamine,Histamine,D006632,MESH:D010146,Pain
DB05381,Histamine,Histamine,D006632,MESH:D012640,Seizures
DB00886,Omapatrilat,omapatrilat,C106266,MESH:D006332,Cardiomegaly
DB00886,Omapatrilat,omapatrilat,C106266,MESH:D006973,Hypertension
DB00342,Terfenadine,Terfenadine,D016593,MESH:D000799,Angioedema
DB00342,Terfenadine,Terfenadine,D016593,MESH:D001249,Asthma
DB00342,Terfenadine,Terfenadine,D016593,MESH:D006967,Hypersensitivity
DB00342,Terfenadine,Terfenadine,D016593,MESH:D008545,Melanoma
DB00342,Terfenadine,Terfenadine,D016593,MESH:D010024,Osteoporosis
DB00342,Terfenadine,Terfenadine,D016593,MESH:D011537,Pruritus
DB00342,Terfenadine,Terfenadine,D016593,MESH:D012852,Sinusitis
DB00342,Terfenadine,Terfenadine,D016593,MESH:D012912,Sneezing
DB00342,Terfenadine,Terfenadine,D016593,MESH:D014581,Urticaria
DB00302,Tranexamic acid,Tranexamic Acid,D014148,MESH:D000799,Angioedema
DB00302,Tranexamic acid,Tranexamic Acid,D014148,MESH:D056486,Chemical and Drug Induced Liver Injury
DB00302,Tranexamic acid,Tranexamic Acid,D014148,MESH:D004211,Disseminated Intravascular Coagulation
DB00302,Tranexamic acid,Tranexamic Acid,D014148,MESH:D006467,Hemophilia A
DB00302,Tranexamic acid,Tranexamic Acid,D014148,MESH:D006470,Hemorrhage
DB00302,Tranexamic acid,Tranexamic Acid,D014148,MESH:D002532,Intracranial Aneurysm
DB00302,Tranexamic acid,Tranexamic Acid,D014148,MESH:D007889,Leiomyoma
DB00302,Tranexamic acid,Tranexamic Acid,D014148,MESH:D009336,Necrosis
DB00302,Tranexamic acid,Tranexamic Acid,D014148,MESH:D011183,Postoperative Complications
DB00302,Tranexamic acid,Tranexamic Acid,D014148,MESH:D013345,Subarachnoid Hemorrhage
DB00302,Tranexamic acid,Tranexamic Acid,D014148,MESH:D014594,Uterine Neoplasms
DB00637,Astemizole,Astemizole,D016589,MESH:D000799,Angioedema
DB00637,Astemizole,Astemizole,D016589,MESH:D004802,Eosinophilia
DB00637,Astemizole,Astemizole,D016589,MESH:D008288,Malaria
DB00637,Astemizole,Astemizole,D016589,MESH:D008545,Melanoma
DB00637,Astemizole,Astemizole,D016589,MESH:D010146,Pain
DB00637,Astemizole,Astemizole,D016589,MESH:D010300,Parkinson Disease
DB00637,Astemizole,Astemizole,D016589,MESH:D014581,Urticaria
DB00881,Quinapril,Quinapril,D000077583,MESH:D006332,Cardiomegaly
DB00881,Quinapril,Quinapril,D000077583,MESH:D002561,Cerebrovascular Disorders
DB00881,Quinapril,Quinapril,D000077583,MESH:D003324,Coronary Artery Disease
DB00881,Quinapril,Quinapril,D000077583,MESH:D006333,Heart Failure
DB00881,Quinapril,Quinapril,D000077583,MESH:D006965,Hyperplasia
DB00881,Quinapril,Quinapril,D000077583,MESH:D006973,Hypertension
DB00881,Quinapril,Quinapril,D000077583,MESH:D007008,Hypokalemia
DB00881,Quinapril,Quinapril,D000077583,MESH:D007674,Kidney Diseases
DB00881,Quinapril,Quinapril,D000077583,MESH:D024821,Metabolic Syndrome
DB00881,Quinapril,Quinapril,D000077583,MESH:D009336,Necrosis
DB00881,Quinapril,Quinapril,D000077583,MESH:D011507,Proteinuria
DB00881,Quinapril,Quinapril,D000077583,MESH:D051437,Renal Insufficiency
DB00881,Quinapril,Quinapril,D000077583,MESH:D020521,Stroke
DB00881,Quinapril,Quinapril,D000077583,MESH:D013927,Thrombosis
DB00881,Quinapril,Quinapril,D000077583,MESH:D014652,Vascular Diseases
DB00471,Montelukast,montelukast,C093875,MESH:D058186,Acute Kidney Injury
DB00471,Montelukast,montelukast,C093875,MESH:D000799,Angioedema
DB00471,Montelukast,montelukast,C093875,MESH:D001249,Asthma
DB00471,Montelukast,montelukast,C093875,MESH:D006332,Cardiomegaly
DB00471,Montelukast,montelukast,C093875,MESH:D056486,Chemical and Drug Induced Liver Injury
DB00471,Montelukast,montelukast,C093875,MESH:D003072,Cognition Disorders
DB00471,Montelukast,montelukast,C093875,MESH:D005911,Gliosis
DB00471,Montelukast,montelukast,C093875,MESH:D007249,Inflammation
DB00471,Montelukast,montelukast,C093875,MESH:D008103,Liver Cirrhosis
DB00471,Montelukast,montelukast,C093875,MESH:D008881,Migraine Disorders
DB00471,Montelukast,montelukast,C093875,MESH:D009410,Nerve Degeneration
DB00471,Montelukast,montelukast,C093875,MESH:D010146,Pain
DB00471,Montelukast,montelukast,C093875,MESH:D011183,Postoperative Complications
DB00471,Montelukast,montelukast,C093875,MESH:D011658,Pulmonary Fibrosis
DB00471,Montelukast,montelukast,C093875,MESH:D012220,Rhinitis
DB00471,Montelukast,montelukast,C093875,MESH:D013119,Spinal Cord Injuries
DB00471,Montelukast,montelukast,C093875,MESH:D013276,Stomach Ulcer
DB00471,Montelukast,montelukast,C093875,MESH:D013375,Substance Withdrawal Syndrome
DB00471,Montelukast,montelukast,C093875,MESH:D014581,Urticaria
DB00513,Aminocaproic acid,Aminocaproic Acid,D015119,MESH:D000799,Angioedema
DB00513,Aminocaproic acid,Aminocaproic Acid,D015119,MESH:D003556,Cystitis
DB00513,Aminocaproic acid,Aminocaproic Acid,D015119,MESH:D005131,Eye Injuries
DB00513,Aminocaproic acid,Aminocaproic Acid,D015119,MESH:D006470,Hemorrhage
DB00513,Aminocaproic acid,Aminocaproic Acid,D015119,MESH:D009336,Necrosis
DB00513,Aminocaproic acid,Aminocaproic Acid,D015119,MESH:D009404,Nephrotic Syndrome
DB00513,Aminocaproic acid,Aminocaproic Acid,D015119,MESH:D013345,Subarachnoid Hemorrhage
DB06148,Mianserin,Mianserin,D008803,MESH:D000855,Anorexia
DB06148,Mianserin,Mianserin,D008803,MESH:D001714,Bipolar Disorder
DB06148,Mianserin,Mianserin,D008803,MESH:D001919,Bradycardia
DB06148,Mianserin,Mianserin,D008803,MESH:D002375,Catalepsy
DB06148,Mianserin,Mianserin,D008803,MESH:D003866,Depressive Disorder
DB06148,Mianserin,Mianserin,D008803,MESH:D004421,Dystonia
DB06148,Mianserin,Mianserin,D008803,MESH:D006948,Hyperkinesis
DB06148,Mianserin,Mianserin,D008803,MESH:D007035,Hypothermia
DB06148,Mianserin,Mianserin,D008803,MESH:D001523,Mental Disorders
DB06148,Mianserin,Mianserin,D008803,MESH:D010554,Personality Disorders
DB06148,Mianserin,Mianserin,D008803,MESH:D012640,Seizures
DB06148,Mianserin,Mianserin,D008803,MESH:D013375,Substance Withdrawal Syndrome
DB06148,Mianserin,Mianserin,D008803,MESH:D014202,Tremor
DB01365,Mephentermine,Mephentermine,D008616,MESH:D001049,Apnea
DB01365,Mephentermine,Mephentermine,D008616,MESH:D001919,Bradycardia
DB01365,Mephentermine,Mephentermine,D008616,MESH:D007022,Hypotension
DB01365,Mephentermine,Mephentermine,D008616,MESH:D012640,Seizures
DB00673,Aprepitant,Aprepitant,D000077608,MESH:D000855,Anorexia
DB00673,Aprepitant,Aprepitant,D000077608,MESH:D004487,Edema
DB00673,Aprepitant,Aprepitant,D000077608,MESH:D009325,Nausea
DB00673,Aprepitant,Aprepitant,D000077608,MESH:D010300,Parkinson Disease
DB00673,Aprepitant,Aprepitant,D000077608,MESH:D014839,Vomiting
DB00889,Granisetron,Granisetron,D017829,MESH:D000855,Anorexia
DB00889,Granisetron,Granisetron,D017829,MESH:D006930,Hyperalgesia
DB00889,Granisetron,Granisetron,D017829,MESH:D009325,Nausea
DB00889,Granisetron,Granisetron,D017829,MESH:D010146,Pain
DB00889,Granisetron,Granisetron,D017829,MESH:D014839,Vomiting
DB01068,Clonazepam,Clonazepam,D002998,MESH:D000855,Anorexia
DB01068,Clonazepam,Clonazepam,D002998,MESH:D001008,Anxiety Disorders
DB01068,Clonazepam,Clonazepam,D002998,MESH:D001714,Bipolar Disorder
DB01068,Clonazepam,Clonazepam,D002998,MESH:D001764,Blepharospasm
DB01068,Clonazepam,Clonazepam,D002998,MESH:D001930,Brain Injuries
DB01068,Clonazepam,Clonazepam,D002998,MESH:D002389,Catatonia
DB01068,Clonazepam,Clonazepam,D002998,MESH:D002524,Cerebellar Ataxia
DB01068,Clonazepam,Clonazepam,D002998,MESH:D003072,Cognition Disorders
DB01068,Clonazepam,Clonazepam,D002998,MESH:D003866,Depressive Disorder
DB01068,Clonazepam,Clonazepam,D002998,MESH:D020820,Dyskinesias
DB01068,Clonazepam,Clonazepam,D002998,MESH:D004421,Dystonia
DB01068,Clonazepam,Clonazepam,D002998,MESH:D020821,Dystonic Disorders
DB01068,Clonazepam,Clonazepam,D002998,MESH:D004827,Epilepsy
DB01068,Clonazepam,Clonazepam,D002998,MESH:D006212,Hallucinations
DB01068,Clonazepam,Clonazepam,D002998,MESH:D006948,Hyperkinesis
DB01068,Clonazepam,Clonazepam,D002998,MESH:D007035,Hypothermia
DB01068,Clonazepam,Clonazepam,D002998,MESH:D009157,Myasthenia Gravis
DB01068,Clonazepam,Clonazepam,D002998,MESH:D009437,Neuralgia
DB01068,Clonazepam,Clonazepam,D002998,MESH:D009771,Obsessive-Compulsive Disorder
DB01068,Clonazepam,Clonazepam,D002998,MESH:D016584,Panic Disorder
DB01068,Clonazepam,Clonazepam,D002998,MESH:D010300,Parkinson Disease
DB01068,Clonazepam,Clonazepam,D002998,MESH:D020734,Parkinsonian Disorders
DB01068,Clonazepam,Clonazepam,D002998,MESH:D011595,Psychomotor Agitation
DB01068,Clonazepam,Clonazepam,D002998,MESH:D012640,Seizures
DB01068,Clonazepam,Clonazepam,D002998,MESH:D007319,Sleep Initiation and Maintenance Disorders
DB01068,Clonazepam,Clonazepam,D002998,MESH:D012893,Sleep Wake Disorders
DB01068,Clonazepam,Clonazepam,D002998,MESH:D013226,Status Epilepticus
DB01068,Clonazepam,Clonazepam,D002998,MESH:D053608,Stupor
DB01068,Clonazepam,Clonazepam,D002998,MESH:D013375,Substance Withdrawal Syndrome
DB01068,Clonazepam,Clonazepam,D002998,MESH:D013981,Tic Disorders
DB01068,Clonazepam,Clonazepam,D002998,MESH:D014202,Tremor
DB00232,Methyclothiazide,Methyclothiazide,D008736,MESH:D006973,Hypertension
DB01105,Sibutramine,sibutramine,C058254,MESH:D005234,Fatty Liver
DB01105,Sibutramine,sibutramine,C058254,MESH:D007333,Insulin Resistance
DB01105,Sibutramine,sibutramine,C058254,MESH:D009765,Obesity
DB00498,Phenindione,Phenindione,D010630,MESH:D007674,Kidney Diseases
DB00498,Phenindione,Phenindione,D010630,MESH:D009203,Myocardial Infarction
DB00498,Phenindione,Phenindione,D010630,MESH:D013923,Thromboembolism
DB00498,Phenindione,Phenindione,D010630,MESH:D020246,Venous Thrombosis
DB00434,Cyproheptadine,Cyproheptadine,D003533,MESH:D000855,Anorexia
DB00434,Cyproheptadine,Cyproheptadine,D003533,MESH:D001022,Aortic Valve Insufficiency
DB00434,Cyproheptadine,Cyproheptadine,D003533,MESH:D001321,Autistic Disorder
DB00434,Cyproheptadine,Cyproheptadine,D003533,MESH:D001919,Bradycardia
DB00434,Cyproheptadine,Cyproheptadine,D003533,MESH:D002375,Catalepsy
DB00434,Cyproheptadine,Cyproheptadine,D003533,MESH:D003480,Cushing Syndrome
DB00434,Cyproheptadine,Cyproheptadine,D003533,MESH:D004487,Edema
DB00434,Cyproheptadine,Cyproheptadine,D003533,MESH:D001068,Feeding and Eating Disorders
DB00434,Cyproheptadine,Cyproheptadine,D003533,MESH:D005334,Fever
DB00434,Cyproheptadine,Cyproheptadine,D003533,MESH:D006948,Hyperkinesis
DB00434,Cyproheptadine,Cyproheptadine,D003533,MESH:D006973,Hypertension
DB00434,Cyproheptadine,Cyproheptadine,D003533,MESH:D007022,Hypotension
DB00434,Cyproheptadine,Cyproheptadine,D003533,MESH:D000860,Hypoxia
DB00434,Cyproheptadine,Cyproheptadine,D003533,MESH:D008288,Malaria
DB00434,Cyproheptadine,Cyproheptadine,D003533,MESH:D011537,Pruritus
DB00434,Cyproheptadine,Cyproheptadine,D003533,MESH:D011618,Psychotic Disorders
DB00434,Cyproheptadine,Cyproheptadine,D003533,MESH:D012640,Seizures
DB00434,Cyproheptadine,Cyproheptadine,D003533,MESH:D013375,Substance Withdrawal Syndrome
DB00434,Cyproheptadine,Cyproheptadine,D003533,MESH:D014202,Tremor
DB00434,Cyproheptadine,Cyproheptadine,D003533,MESH:D015431,Weight Loss
DB00581,Lactulose,Lactulose,D007792,MESH:D001927,Brain Diseases
DB00581,Lactulose,Lactulose,D007792,MESH:D056486,Chemical and Drug Induced Liver Injury
DB00581,Lactulose,Lactulose,D007792,MESH:D004487,Edema
DB00581,Lactulose,Lactulose,D007792,MESH:D019446,Endotoxemia
DB00581,Lactulose,Lactulose,D007792,MESH:D005911,Gliosis
DB00581,Lactulose,Lactulose,D007792,MESH:D006470,Hemorrhage
DB00581,Lactulose,Lactulose,D007792,MESH:D006501,Hepatic Encephalopathy
DB00581,Lactulose,Lactulose,D007792,MESH:D022124,Hyperammonemia
DB00581,Lactulose,Lactulose,D007792,MESH:D006940,Hyperemia
DB00581,Lactulose,Lactulose,D007792,MESH:D006965,Hyperplasia
DB00581,Lactulose,Lactulose,D007792,MESH:D007249,Inflammation
DB00581,Lactulose,Lactulose,D007792,MESH:D007674,Kidney Diseases
DB00581,Lactulose,Lactulose,D007792,MESH:D020258,Neurotoxicity Syndromes
DB00581,Lactulose,Lactulose,D007792,MESH:D014652,Vascular Diseases
DB01198,Zopiclone,zopiclone,C515050,MESH:D012559,Schizophrenia
DB01198,Zopiclone,zopiclone,C515050,MESH:D007319,Sleep Initiation and Maintenance Disorders
DB00567,Cephalexin,Cephalexin,D002506,MESH:D001424,Bacterial Infections
DB00567,Cephalexin,Cephalexin,D002506,MESH:D002481,Cellulitis
DB00567,Cephalexin,Cephalexin,D002506,MESH:D004927,Escherichia coli Infections
DB00567,Cephalexin,Cephalexin,D002506,MESH:D011183,Postoperative Complications
DB00567,Cephalexin,Cephalexin,D002506,MESH:D012852,Sinusitis
DB00567,Cephalexin,Cephalexin,D002506,MESH:D014552,Urinary Tract Infections
DB00211,Midodrine,Midodrine,D008879,MESH:D005221,Fatigue
DB00211,Midodrine,Midodrine,D008879,MESH:D006333,Heart Failure
DB00211,Midodrine,Midodrine,D008879,MESH:D007022,Hypotension
DB00211,Midodrine,Midodrine,D008879,MESH:D018908,Muscle Weakness
DB01077,Etidronic acid,Etidronic Acid,D012968,MESH:D001161,Arteriosclerosis
DB01077,Etidronic acid,Etidronic Acid,D012968,MESH:D010024,Osteoporosis
DB01211,Clarithromycin,Clarithromycin,D017291,MESH:D017088,AIDS-Related Opportunistic Infections
DB01211,Clarithromycin,Clarithromycin,D017291,MESH:D001281,Atrial Fibrillation
DB01211,Clarithromycin,Clarithromycin,D017291,MESH:D003371,Cough
DB01211,Clarithromycin,Clarithromycin,D017291,MESH:D004381,Duodenal Ulcer
DB01211,Clarithromycin,Clarithromycin,D017291,MESH:D004487,Edema
DB01211,Clarithromycin,Clarithromycin,D017291,MESH:D005334,Fever
DB01211,Clarithromycin,Clarithromycin,D017291,MESH:D016481,Helicobacter Infections
DB01211,Clarithromycin,Clarithromycin,D017291,MESH:D008171,Lung Diseases
DB01211,Clarithromycin,Clarithromycin,D017291,MESH:D009101,Multiple Myeloma
DB01211,Clarithromycin,Clarithromycin,D017291,MESH:D009164,Mycobacterium Infections
DB01211,Clarithromycin,Clarithromycin,D017291,MESH:D010146,Pain
DB01211,Clarithromycin,Clarithromycin,D017291,MESH:D010437,Peptic Ulcer
DB01211,Clarithromycin,Clarithromycin,D017291,MESH:D011014,Pneumonia
DB01211,Clarithromycin,Clarithromycin,D017291,MESH:D012141,Respiratory Tract Infections
DB01211,Clarithromycin,Clarithromycin,D017291,MESH:D012393,Rosacea
DB01211,Clarithromycin,Clarithromycin,D017291,MESH:D012852,Sinusitis
DB01211,Clarithromycin,Clarithromycin,D017291,MESH:D014456,Ulcer
DB01006,Letrozole,Letrozole,D000077289,MESH:D001943,Breast Neoplasms
DB01006,Letrozole,Letrozole,D000077289,MESH:D012640,Seizures
DB01006,Letrozole,Letrozole,D000077289,MESH:D013733,Testicular Diseases
DB01006,Letrozole,Letrozole,D000077289,MESH:D015431,Weight Loss
DB01956,Taurine,Taurine,D013654,MESH:D058186,Acute Kidney Injury
DB01956,Taurine,Taurine,D013654,MESH:D055371,Acute Lung Injury
DB01956,Taurine,Taurine,D013654,MESH:D000855,Anorexia
DB01956,Taurine,Taurine,D013654,MESH:D020261,Arsenic Poisoning
DB01956,Taurine,Taurine,D013654,MESH:D053627,Asthenozoospermia
DB01956,Taurine,Taurine,D013654,MESH:D009202,Cardiomyopathies
DB01956,Taurine,Taurine,D013654,MESH:D066126,Cardiotoxicity
DB01956,Taurine,Taurine,D013654,MESH:D056486,Chemical and Drug Induced Liver Injury
DB01956,Taurine,Taurine,D013654,MESH:D003072,Cognition Disorders
DB01956,Taurine,Taurine,D013654,MESH:D048909,Diabetes Complications
DB01956,Taurine,Taurine,D013654,MESH:D058065,Diabetic Cardiomyopathies
DB01956,Taurine,Taurine,D013654,MESH:D003928,Diabetic Nephropathies
DB01956,Taurine,Taurine,D013654,MESH:D050171,Dyslipidemias
DB01956,Taurine,Taurine,D013654,MESH:D004487,Edema
DB01956,Taurine,Taurine,D013654,MESH:D004646,Emphysema
DB01956,Taurine,Taurine,D013654,MESH:D019446,Endotoxemia
DB01956,Taurine,Taurine,D013654,MESH:D005198,Fanconi Syndrome
DB01956,Taurine,Taurine,D013654,MESH:D005355,Fibrosis
DB01956,Taurine,Taurine,D013654,MESH:D005911,Gliosis
DB01956,Taurine,Taurine,D013654,MESH:D006331,Heart Diseases
DB01956,Taurine,Taurine,D013654,MESH:D006470,Hemorrhage
DB01956,Taurine,Taurine,D013654,MESH:D006943,Hyperglycemia
DB01956,Taurine,Taurine,D013654,MESH:D017495,Hyperpigmentation
DB01956,Taurine,Taurine,D013654,MESH:D006973,Hypertension
DB01956,Taurine,Taurine,D013654,MESH:D006984,Hypertrophy
DB01956,Taurine,Taurine,D013654,MESH:D007022,Hypotension
DB01956,Taurine,Taurine,D013654,MESH:D000860,Hypoxia
DB01956,Taurine,Taurine,D013654,MESH:D007249,Inflammation
DB01956,Taurine,Taurine,D013654,MESH:D007674,Kidney Diseases
DB01956,Taurine,Taurine,D013654,MESH:D007859,Learning Disabilities
DB01956,Taurine,Taurine,D013654,MESH:D008103,Liver Cirrhosis
DB01956,Taurine,Taurine,D013654,MESH:D008569,Memory Disorders
DB01956,Taurine,Taurine,D013654,MESH:D018908,Muscle Weakness
DB01956,Taurine,Taurine,D013654,MESH:D009133,Muscular Atrophy
DB01956,Taurine,Taurine,D013654,MESH:D009203,Myocardial Infarction
DB01956,Taurine,Taurine,D013654,MESH:D009336,Necrosis
DB01956,Taurine,Taurine,D013654,MESH:D065626,Non-alcoholic Fatty Liver Disease
DB01956,Taurine,Taurine,D013654,MESH:D009765,Obesity
DB01956,Taurine,Taurine,D013654,MESH:D009845,Oligospermia
DB01956,Taurine,Taurine,D013654,MESH:D010182,Pancreatic Diseases
DB01956,Taurine,Taurine,D013654,MESH:D011507,Proteinuria
DB01956,Taurine,Taurine,D013654,MESH:D011658,Pulmonary Fibrosis
DB01956,Taurine,Taurine,D013654,MESH:D012640,Seizures
DB01956,Taurine,Taurine,D013654,MESH:D000072660,Teratozoospermia
DB01956,Taurine,Taurine,D013654,MESH:D013733,Testicular Diseases
DB01956,Taurine,Taurine,D013654,MESH:D015430,Weight Gain
DB01956,Taurine,Taurine,D013654,MESH:D015431,Weight Loss
DB01182,Propafenone,Propafenone,D011405,MESH:D001281,Atrial Fibrillation
DB01182,Propafenone,Propafenone,D011405,MESH:D013610,Tachycardia
DB01182,Propafenone,Propafenone,D011405,MESH:D018879,Ventricular Premature Complexes
DB01182,Propafenone,Propafenone,D011405,MESH:D014927,Wolff-Parkinson-White Syndrome
DB00229,Cefotiam,Cefotiam,D015310,MESH:D013203,Staphylococcal Infections
DB00325,Nitroprusside,Nitroprusside,D009599,MESH:D004417,Dyspnea
DB00325,Nitroprusside,Nitroprusside,D009599,MESH:D007172,Erectile Dysfunction
DB00325,Nitroprusside,Nitroprusside,D009599,MESH:D006333,Heart Failure
DB00325,Nitroprusside,Nitroprusside,D009599,MESH:D006470,Hemorrhage
DB00325,Nitroprusside,Nitroprusside,D009599,MESH:D006930,Hyperalgesia
DB00325,Nitroprusside,Nitroprusside,D009599,MESH:D006973,Hypertension
DB00325,Nitroprusside,Nitroprusside,D009599,MESH:D006984,Hypertrophy
DB00325,Nitroprusside,Nitroprusside,D009599,MESH:D007511,Ischemia
DB00325,Nitroprusside,Nitroprusside,D009599,MESH:D055370,Lung Injury
DB00325,Nitroprusside,Nitroprusside,D009599,MESH:D008545,Melanoma
DB00325,Nitroprusside,Nitroprusside,D009599,MESH:D065666,Mesenteric Ischemia
DB00325,Nitroprusside,Nitroprusside,D009599,MESH:D008944,Mitral Valve Insufficiency
DB00325,Nitroprusside,Nitroprusside,D009599,MESH:D009203,Myocardial Infarction
DB00325,Nitroprusside,Nitroprusside,D009599,MESH:D016491,Peripheral Vascular Diseases
DB00325,Nitroprusside,Nitroprusside,D009599,MESH:D011183,Postoperative Complications
DB00325,Nitroprusside,Nitroprusside,D009599,MESH:D011654,Pulmonary Edema
DB00325,Nitroprusside,Nitroprusside,D009599,MESH:D011655,Pulmonary Embolism
DB00325,Nitroprusside,Nitroprusside,D009599,MESH:D015427,Reperfusion Injury
DB00325,Nitroprusside,Nitroprusside,D009599,MESH:D012640,Seizures
DB00325,Nitroprusside,Nitroprusside,D009599,MESH:D013375,Substance Withdrawal Syndrome
DB00325,Nitroprusside,Nitroprusside,D009599,MESH:D013610,Tachycardia
DB12455,Omadacycline,omadacycline,C000591640,MESH:D004927,Escherichia coli Infections
DB12455,Omadacycline,omadacycline,C000591640,MESH:D010930,Plague
DB12455,Omadacycline,omadacycline,C000591640,MESH:D011008,Pneumococcal Infections
DB12455,Omadacycline,omadacycline,C000591640,MESH:D013203,Staphylococcal Infections
DB12455,Omadacycline,omadacycline,C000591640,MESH:D014552,Urinary Tract Infections
DB00359,Sulfadiazine,Sulfadiazine,D013411,MESH:D058186,Acute Kidney Injury
DB00359,Sulfadiazine,Sulfadiazine,D013411,MESH:D004660,Encephalitis
DB00359,Sulfadiazine,Sulfadiazine,D013411,MESH:D008581,Meningitis
DB00359,Sulfadiazine,Sulfadiazine,D013411,MESH:D012173,Retinitis
DB00359,Sulfadiazine,Sulfadiazine,D013411,MESH:D012852,Sinusitis
DB01241,Gemfibrozil,Gemfibrozil,D015248,MESH:D050197,Atherosclerosis
DB01241,Gemfibrozil,Gemfibrozil,D015248,MESH:D002318,Cardiovascular Diseases
DB01241,Gemfibrozil,Gemfibrozil,D015248,MESH:D003324,Coronary Artery Disease
DB01241,Gemfibrozil,Gemfibrozil,D015248,MESH:D003327,Coronary Disease
DB01241,Gemfibrozil,Gemfibrozil,D015248,MESH:D023921,Coronary Stenosis
DB01241,Gemfibrozil,Gemfibrozil,D015248,MESH:D050171,Dyslipidemias
DB01241,Gemfibrozil,Gemfibrozil,D015248,MESH:D006937,Hypercholesterolemia
DB01241,Gemfibrozil,Gemfibrozil,D015248,MESH:D006949,Hyperlipidemias
DB01241,Gemfibrozil,Gemfibrozil,D015248,MESH:D006938,Hyperlipoproteinemia Type II
DB01241,Gemfibrozil,Gemfibrozil,D015248,MESH:D006953,Hyperlipoproteinemia Type IV
DB01241,Gemfibrozil,Gemfibrozil,D015248,MESH:D015228,Hypertriglyceridemia
DB01241,Gemfibrozil,Gemfibrozil,D015248,MESH:D052456,Hypoalphalipoproteinemias
DB01241,Gemfibrozil,Gemfibrozil,D015248,MESH:D051437,Renal Insufficiency
DB00745,Modafinil,Modafinil,D000077408,MESH:D019969,Amphetamine-Related Disorders
DB00745,Modafinil,Modafinil,D000077408,MESH:D001289,Attention Deficit Disorder with Hyperactivity
DB00745,Modafinil,Modafinil,D000077408,MESH:D001714,Bipolar Disorder
DB00745,Modafinil,Modafinil,D000077408,MESH:D019970,Cocaine-Related Disorders
DB00745,Modafinil,Modafinil,D000077408,MESH:D003072,Cognition Disorders
DB00745,Modafinil,Modafinil,D000077408,MESH:D003866,Depressive Disorder
DB00745,Modafinil,Modafinil,D000077408,MESH:D005221,Fatigue
DB00745,Modafinil,Modafinil,D000077408,MESH:D003865,Major Depressive Disorder
DB00745,Modafinil,Modafinil,D000077408,MESH:D009290,Narcolepsy
DB00745,Modafinil,Modafinil,D000077408,MESH:D010698,Phobic Disorders
DB00745,Modafinil,Modafinil,D000077408,MESH:D012559,Schizophrenia
DB00745,Modafinil,Modafinil,D000077408,MESH:D012640,Seizures
DB00745,Modafinil,Modafinil,D000077408,MESH:D012893,Sleep Wake Disorders
DB00745,Modafinil,Modafinil,D000077408,MESH:D013375,Substance Withdrawal Syndrome
DB00557,Hydroxyzine,Hydroxyzine,D006919,MESH:D001008,Anxiety Disorders
DB00557,Hydroxyzine,Hydroxyzine,D006919,MESH:D006967,Hypersensitivity
DB00557,Hydroxyzine,Hydroxyzine,D006919,MESH:D011537,Pruritus
DB00557,Hydroxyzine,Hydroxyzine,D006919,MESH:D012220,Rhinitis
DB00557,Hydroxyzine,Hydroxyzine,D006919,MESH:D014581,Urticaria
DB00349,Clobazam,Clobazam,D000078306,MESH:D001008,Anxiety Disorders
DB00349,Clobazam,Clobazam,D000078306,MESH:D012640,Seizures
DB08815,Lurasidone,Lurasidone Hydrochloride,D000069056,MESH:D001008,Anxiety Disorders
DB08815,Lurasidone,Lurasidone Hydrochloride,D000069056,MESH:D003866,Depressive Disorder
DB01224,Quetiapine,Quetiapine Fumarate,D000069348,MESH:D019969,Amphetamine-Related Disorders
DB01224,Quetiapine,Quetiapine Fumarate,D000069348,MESH:D001008,Anxiety Disorders
DB01224,Quetiapine,Quetiapine Fumarate,D000069348,MESH:D001714,Bipolar Disorder
DB01224,Quetiapine,Quetiapine Fumarate,D000069348,MESH:D002819,Chorea
DB01224,Quetiapine,Quetiapine Fumarate,D000069348,MESH:D019970,Cocaine-Related Disorders
DB01224,Quetiapine,Quetiapine Fumarate,D000069348,MESH:D003072,Cognition Disorders
DB01224,Quetiapine,Quetiapine Fumarate,D000069348,MESH:D003704,Dementia
DB01224,Quetiapine,Quetiapine Fumarate,D000069348,MESH:D003711,Demyelinating Diseases
DB01224,Quetiapine,Quetiapine Fumarate,D000069348,MESH:D003866,Depressive Disorder
DB01224,Quetiapine,Quetiapine Fumarate,D000069348,MESH:D004827,Epilepsy
DB01224,Quetiapine,Quetiapine Fumarate,D000069348,MESH:D005334,Fever
DB01224,Quetiapine,Quetiapine Fumarate,D000069348,MESH:D057180,Frontotemporal Dementia
DB01224,Quetiapine,Quetiapine Fumarate,D000069348,MESH:D006212,Hallucinations
DB01224,Quetiapine,Quetiapine Fumarate,D000069348,MESH:D006948,Hyperkinesis
DB01224,Quetiapine,Quetiapine Fumarate,D000069348,MESH:D020961,Lewy Body Disease
DB01224,Quetiapine,Quetiapine Fumarate,D000069348,MESH:D003865,Major Depressive Disorder
DB01224,Quetiapine,Quetiapine Fumarate,D000069348,MESH:D001523,Mental Disorders
DB01224,Quetiapine,Quetiapine Fumarate,D000069348,MESH:D009069,Movement Disorders
DB01224,Quetiapine,Quetiapine Fumarate,D000069348,MESH:D009157,Myasthenia Gravis
DB01224,Quetiapine,Quetiapine Fumarate,D000069348,MESH:D009771,Obsessive-Compulsive Disorder
DB01224,Quetiapine,Quetiapine Fumarate,D000069348,MESH:D010259,Paranoid Disorders
DB01224,Quetiapine,Quetiapine Fumarate,D000069348,MESH:D010300,Parkinson Disease
DB01224,Quetiapine,Quetiapine Fumarate,D000069348,MESH:D011595,Psychomotor Agitation
DB01224,Quetiapine,Quetiapine Fumarate,D000069348,MESH:D011618,Psychotic Disorders
DB01224,Quetiapine,Quetiapine Fumarate,D000069348,MESH:D012559,Schizophrenia
DB01224,Quetiapine,Quetiapine Fumarate,D000069348,MESH:D019967,Schizophrenia Spectrum and Other Psychotic Disorders
DB01224,Quetiapine,Quetiapine Fumarate,D000069348,MESH:D007319,Sleep Initiation and Maintenance Disorders
DB01224,Quetiapine,Quetiapine Fumarate,D000069348,MESH:D012893,Sleep Wake Disorders
DB01224,Quetiapine,Quetiapine Fumarate,D000069348,MESH:D019966,Substance-Related Disorders
DB01224,Quetiapine,Quetiapine Fumarate,D000069348,MESH:D005879,Tourette Syndrome
DB00985,Dimenhydrinate,Dimenhydrinate,D004111,MESH:D053840,Brugada Syndrome
DB00985,Dimenhydrinate,Dimenhydrinate,D004111,MESH:D015837,Vestibular Diseases
DB01558,Bromazepam,Bromazepam,D001960,MESH:D001008,Anxiety Disorders
DB01558,Bromazepam,Bromazepam,D001960,MESH:D006948,Hyperkinesis
DB01558,Bromazepam,Bromazepam,D001960,MESH:D006973,Hypertension
DB01558,Bromazepam,Bromazepam,D001960,MESH:D010146,Pain
DB01558,Bromazepam,Bromazepam,D001960,MESH:D012640,Seizures
DB01558,Bromazepam,Bromazepam,D001960,MESH:D013610,Tachycardia
DB01063,Acetophenazine,acetophenazine,C100162,MESH:D001008,Anxiety Disorders
DB01063,Acetophenazine,acetophenazine,C100162,MESH:D003866,Depressive Disorder
DB01063,Acetophenazine,acetophenazine,C100162,MESH:D006331,Heart Diseases
DB01063,Acetophenazine,acetophenazine,C100162,MESH:D006948,Hyperkinesis
DB01063,Acetophenazine,acetophenazine,C100162,MESH:D001523,Mental Disorders
DB01063,Acetophenazine,acetophenazine,C100162,MESH:D010259,Paranoid Disorders
DB01063,Acetophenazine,acetophenazine,C100162,MESH:D011618,Psychotic Disorders
DB01063,Acetophenazine,acetophenazine,C100162,MESH:D012559,Schizophrenia
DB04896,Milnacipran,Milnacipran,D000078764,MESH:D001008,Anxiety Disorders
DB04896,Milnacipran,Milnacipran,D000078764,MESH:D003866,Depressive Disorder
DB04896,Milnacipran,Milnacipran,D000078764,MESH:D006930,Hyperalgesia
DB04896,Milnacipran,Milnacipran,D000078764,MESH:D003865,Major Depressive Disorder
DB06700,Desvenlafaxine,Desvenlafaxine Succinate,D000069468,MESH:D001523,Mental Disorders
DB00191,Phentermine,Phentermine,D010645,MESH:D056912,Binge-Eating Disorder
DB00191,Phentermine,Phentermine,D010645,MESH:D019970,Cocaine-Related Disorders
DB00191,Phentermine,Phentermine,D010645,MESH:D006973,Hypertension
DB00191,Phentermine,Phentermine,D010645,MESH:D007333,Insulin Resistance
DB00191,Phentermine,Phentermine,D010645,MESH:D009765,Obesity
DB00191,Phentermine,Phentermine,D010645,MESH:D015430,Weight Gain
DB01059,Norfloxacin,Norfloxacin,D009643,MESH:D003556,Cystitis
DB01059,Norfloxacin,Norfloxacin,D009643,MESH:D011552,Pseudomonas Infections
DB01059,Norfloxacin,Norfloxacin,D009643,MESH:D011704,Pyelonephritis
DB01059,Norfloxacin,Norfloxacin,D009643,MESH:D014552,Urinary Tract Infections
DB01262,Decitabine,Decitabine,D000077209,MESH:D058186,Acute Kidney Injury
DB01262,Decitabine,Decitabine,D000077209,MESH:D018268,Adrenocortical Carcinoma
DB01262,Decitabine,Decitabine,D000077209,MESH:D001008,Anxiety Disorders
DB01262,Decitabine,Decitabine,D000077209,MESH:D001249,Asthma
DB01262,Decitabine,Decitabine,D000077209,MESH:D001943,Breast Neoplasms
DB01262,Decitabine,Decitabine,D000077209,MESH:D002277,Carcinoma
DB01262,Decitabine,Decitabine,D000077209,MESH:D003110,Colonic Neoplasms
DB01262,Decitabine,Decitabine,D000077209,MESH:D015179,Colorectal Neoplasms
DB01262,Decitabine,Decitabine,D000077209,MESH:D004417,Dyspnea
DB01262,Decitabine,Decitabine,D000077209,MESH:D016889,Endometrial Neoplasms
DB01262,Decitabine,Decitabine,D000077209,MESH:D005234,Fatty Liver
DB01262,Decitabine,Decitabine,D000077209,MESH:D005355,Fibrosis
DB01262,Decitabine,Decitabine,D000077209,MESH:D006258,Head and Neck Neoplasms
DB01262,Decitabine,Decitabine,D000077209,MESH:D019337,Hematologic Neoplasms
DB01262,Decitabine,Decitabine,D000077209,MESH:D007938,Leukemia
DB01262,Decitabine,Decitabine,D000077209,MESH:D055370,Lung Injury
DB01262,Decitabine,Decitabine,D000077209,MESH:D008175,Lung Neoplasms
DB01262,Decitabine,Decitabine,D000077209,MESH:D008223,Lymphoma
DB01262,Decitabine,Decitabine,D000077209,MESH:D008545,Melanoma
DB01262,Decitabine,Decitabine,D000077209,MESH:D009101,Multiple Myeloma
DB01262,Decitabine,Decitabine,D000077209,MESH:D009190,Myelodysplastic Syndromes
DB01262,Decitabine,Decitabine,D000077209,MESH:D009369,Neoplasms
DB01262,Decitabine,Decitabine,D000077209,MESH:D009447,Neuroblastoma
DB01262,Decitabine,Decitabine,D000077209,MESH:D010051,Ovarian Neoplasms
DB01262,Decitabine,Decitabine,D000077209,MESH:D010190,Pancreatic Neoplasms
DB01262,Decitabine,Decitabine,D000077209,MESH:D054198,Precursor Cell Lymphoblastic Leukemia-Lymphoma
DB01262,Decitabine,Decitabine,D000077209,MESH:D055728,Primary Myelofibrosis
DB01262,Decitabine,Decitabine,D000077209,MESH:D012208,Rhabdomyosarcoma
DB01262,Decitabine,Decitabine,D000077209,MESH:D013274,Stomach Neoplasms
DB01262,Decitabine,Decitabine,D000077209,MESH:D013964,Thyroid Neoplasms
DB01262,Decitabine,Decitabine,D000077209,MESH:D001749,Urinary Bladder Neoplasms
DB01262,Decitabine,Decitabine,D000077209,MESH:D015431,Weight Loss
DB00490,Buspirone,Buspirone,D002065,MESH:D001008,Anxiety Disorders
DB00490,Buspirone,Buspirone,D002065,MESH:D001049,Apnea
DB00490,Buspirone,Buspirone,D002065,MESH:D001259,Ataxia
DB00490,Buspirone,Buspirone,D002065,MESH:D001284,Atrophy
DB00490,Buspirone,Buspirone,D002065,MESH:D001321,Autistic Disorder
DB00490,Buspirone,Buspirone,D002065,MESH:D001714,Bipolar Disorder
DB00490,Buspirone,Buspirone,D002065,MESH:D001919,Bradycardia
DB00490,Buspirone,Buspirone,D002065,MESH:D002375,Catalepsy
DB00490,Buspirone,Buspirone,D002065,MESH:D002524,Cerebellar Ataxia
DB00490,Buspirone,Buspirone,D002065,MESH:D019970,Cocaine-Related Disorders
DB00490,Buspirone,Buspirone,D002065,MESH:D003866,Depressive Disorder
DB00490,Buspirone,Buspirone,D002065,MESH:D004487,Edema
DB00490,Buspirone,Buspirone,D002065,MESH:D005334,Fever
DB00490,Buspirone,Buspirone,D002065,MESH:D006212,Hallucinations
DB00490,Buspirone,Buspirone,D002065,MESH:D009069,Movement Disorders
DB00490,Buspirone,Buspirone,D002065,MESH:D009410,Nerve Degeneration
DB00490,Buspirone,Buspirone,D002065,MESH:D009771,Obsessive-Compulsive Disorder
DB00490,Buspirone,Buspirone,D002065,MESH:D020734,Parkinsonian Disorders
DB00490,Buspirone,Buspirone,D002065,MESH:D010554,Personality Disorders
DB00490,Buspirone,Buspirone,D002065,MESH:D011297,Prenatal Exposure Delayed Effects
DB00490,Buspirone,Buspirone,D002065,MESH:D016649,Primary Ovarian Insufficiency
DB00490,Buspirone,Buspirone,D002065,MESH:D011618,Psychotic Disorders
DB00490,Buspirone,Buspirone,D002065,MESH:D012640,Seizures
DB00490,Buspirone,Buspirone,D002065,MESH:D014202,Tremor
DB00611,Butorphanol,Butorphanol,D002077,MESH:D006930,Hyperalgesia
DB00611,Butorphanol,Butorphanol,D002077,MESH:D010146,Pain
DB00611,Butorphanol,Butorphanol,D002077,MESH:D010149,Postoperative Pain
DB00611,Butorphanol,Butorphanol,D002077,MESH:D011537,Pruritus
DB01149,Nefazodone,nefazodone,C051752,MESH:D001008,Anxiety Disorders
DB01149,Nefazodone,nefazodone,C051752,MESH:D001480,Basal Ganglia Diseases
DB01149,Nefazodone,nefazodone,C051752,MESH:D001714,Bipolar Disorder
DB01149,Nefazodone,nefazodone,C051752,MESH:D019970,Cocaine-Related Disorders
DB01149,Nefazodone,nefazodone,C051752,MESH:D003866,Depressive Disorder
DB01149,Nefazodone,nefazodone,C051752,MESH:D003865,Major Depressive Disorder
DB00690,Flurazepam,Flurazepam,D005479,MESH:D001008,Anxiety Disorders
DB00690,Flurazepam,Flurazepam,D005479,MESH:D007319,Sleep Initiation and Maintenance Disorders
DB00690,Flurazepam,Flurazepam,D005479,MESH:D012893,Sleep Wake Disorders
DB01191,Dexfenfluramine,Dexfenfluramine,D020372,MESH:D006949,Hyperlipidemias
DB01191,Dexfenfluramine,Dexfenfluramine,D020372,MESH:D006973,Hypertension
DB01191,Dexfenfluramine,Dexfenfluramine,D020372,MESH:D009765,Obesity
DB14539,Hydrocortisone acetate,hydrocortisone acetate,C021650,MESH:D003875,Drug Eruptions
DB14539,Hydrocortisone acetate,hydrocortisone acetate,C021650,MESH:D009798,Ocular Hypertension
DB01186,Pergolide,Pergolide,D010479,MESH:D001289,Attention Deficit Disorder with Hyperactivity
DB01186,Pergolide,Pergolide,D010479,MESH:D004421,Dystonia
DB01186,Pergolide,Pergolide,D010479,MESH:D007172,Erectile Dysfunction
DB01186,Pergolide,Pergolide,D010479,MESH:D006973,Hypertension
DB01186,Pergolide,Pergolide,D010479,MESH:D018476,Hypokinesia
DB01186,Pergolide,Pergolide,D010479,MESH:D008881,Migraine Disorders
DB01186,Pergolide,Pergolide,D010479,MESH:D009127,Muscle Rigidity
DB01186,Pergolide,Pergolide,D010479,MESH:D010300,Parkinson Disease
DB01186,Pergolide,Pergolide,D010479,MESH:D020734,Parkinsonian Disorders
DB01186,Pergolide,Pergolide,D010479,MESH:D015175,Prolactinoma
DB01186,Pergolide,Pergolide,D010479,MESH:D012148,Restless Legs Syndrome
DB01186,Pergolide,Pergolide,D010479,MESH:D012640,Seizures
DB01186,Pergolide,Pergolide,D010479,MESH:D012893,Sleep Wake Disorders
DB01186,Pergolide,Pergolide,D010479,MESH:D013981,Tic Disorders
DB01186,Pergolide,Pergolide,D010479,MESH:D014202,Tremor
DB01039,Fenofibrate,Fenofibrate,D011345,MESH:D001018,Aortic Diseases
DB01039,Fenofibrate,Fenofibrate,D011345,MESH:D006332,Cardiomegaly
DB01039,Fenofibrate,Fenofibrate,D011345,MESH:D066126,Cardiotoxicity
DB01039,Fenofibrate,Fenofibrate,D011345,MESH:D002318,Cardiovascular Diseases
DB01039,Fenofibrate,Fenofibrate,D011345,MESH:D003324,Coronary Artery Disease
DB01039,Fenofibrate,Fenofibrate,D011345,MESH:D003930,Diabetic Retinopathy
DB01039,Fenofibrate,Fenofibrate,D011345,MESH:D050171,Dyslipidemias
DB01039,Fenofibrate,Fenofibrate,D011345,MESH:D016889,Endometrial Neoplasms
DB01039,Fenofibrate,Fenofibrate,D011345,MESH:D005234,Fatty Liver
DB01039,Fenofibrate,Fenofibrate,D011345,MESH:D005355,Fibrosis
DB01039,Fenofibrate,Fenofibrate,D011345,MESH:D018149,Glucose Intolerance
DB01039,Fenofibrate,Fenofibrate,D011345,MESH:D006073,Gout
DB01039,Fenofibrate,Fenofibrate,D011345,MESH:D006402,Hematologic Diseases
DB01039,Fenofibrate,Fenofibrate,D011345,MESH:D006937,Hypercholesterolemia
DB01039,Fenofibrate,Fenofibrate,D011345,MESH:D006949,Hyperlipidemias
DB01039,Fenofibrate,Fenofibrate,D011345,MESH:D006951,Hyperlipoproteinemias
DB01039,Fenofibrate,Fenofibrate,D011345,MESH:D006938,Hyperlipoproteinemia Type II
DB01039,Fenofibrate,Fenofibrate,D011345,MESH:D006953,Hyperlipoproteinemia Type IV
DB01039,Fenofibrate,Fenofibrate,D011345,MESH:D015228,Hypertriglyceridemia
DB01039,Fenofibrate,Fenofibrate,D011345,MESH:D033461,Hyperuricemia
DB01039,Fenofibrate,Fenofibrate,D011345,MESH:D007333,Insulin Resistance
DB01039,Fenofibrate,Fenofibrate,D011345,MESH:D007674,Kidney Diseases
DB01039,Fenofibrate,Fenofibrate,D011345,MESH:D024821,Metabolic Syndrome
DB01039,Fenofibrate,Fenofibrate,D011345,MESH:D009203,Myocardial Infarction
DB01039,Fenofibrate,Fenofibrate,D011345,MESH:D009361,Neoplasm Invasiveness
DB01039,Fenofibrate,Fenofibrate,D011345,MESH:D065626,Non-alcoholic Fatty Liver Disease
DB01039,Fenofibrate,Fenofibrate,D011345,MESH:D015427,Reperfusion Injury
DB01039,Fenofibrate,Fenofibrate,D011345,MESH:D012640,Seizures
DB01039,Fenofibrate,Fenofibrate,D011345,MESH:D013226,Status Epilepticus
DB01039,Fenofibrate,Fenofibrate,D011345,MESH:D013927,Thrombosis
DB01039,Fenofibrate,Fenofibrate,D011345,MESH:D015430,Weight Gain
DB01418,Acenocoumarol,Acenocoumarol,D000074,MESH:D001018,Aortic Diseases
DB01418,Acenocoumarol,Acenocoumarol,D000074,MESH:D001281,Atrial Fibrillation
DB01418,Acenocoumarol,Acenocoumarol,D000074,MESH:D020520,Brain Infarction
DB01418,Acenocoumarol,Acenocoumarol,D000074,MESH:D004617,Embolism
DB01418,Acenocoumarol,Acenocoumarol,D000074,MESH:D013921,Thrombocytopenia
DB01418,Acenocoumarol,Acenocoumarol,D000074,MESH:D013923,Thromboembolism
DB01418,Acenocoumarol,Acenocoumarol,D000074,MESH:D054556,Venous Thromboembolism
DB01418,Acenocoumarol,Acenocoumarol,D000074,MESH:D020246,Venous Thrombosis
DB00248,Cabergoline,Cabergoline,D000077465,MESH:D056486,Chemical and Drug Induced Liver Injury
DB00248,Cabergoline,Cabergoline,D000077465,MESH:D019970,Cocaine-Related Disorders
DB00248,Cabergoline,Cabergoline,D000077465,MESH:D006966,Hyperprolactinemia
DB00248,Cabergoline,Cabergoline,D000077465,MESH:D007006,Hypogonadism
DB00248,Cabergoline,Cabergoline,D000077465,MESH:D007674,Kidney Diseases
DB00248,Cabergoline,Cabergoline,D000077465,MESH:D055370,Lung Injury
DB00248,Cabergoline,Cabergoline,D000077465,MESH:D010195,Pancreatitis
DB00248,Cabergoline,Cabergoline,D000077465,MESH:D010300,Parkinson Disease
DB00248,Cabergoline,Cabergoline,D000077465,MESH:D020734,Parkinsonian Disorders
DB00248,Cabergoline,Cabergoline,D000077465,MESH:D047748,Pituitary ACTH Hypersecretion
DB00248,Cabergoline,Cabergoline,D000077465,MESH:D010911,Pituitary Neoplasms
DB00248,Cabergoline,Cabergoline,D000077465,MESH:D015175,Prolactinoma
DB00248,Cabergoline,Cabergoline,D000077465,MESH:D012148,Restless Legs Syndrome
DB00579,Mazindol,Mazindol,D008454,MESH:D006973,Hypertension
DB00579,Mazindol,Mazindol,D008454,MESH:D007035,Hypothermia
DB00579,Mazindol,Mazindol,D008454,MESH:D007333,Insulin Resistance
DB00579,Mazindol,Mazindol,D008454,MESH:D009290,Narcolepsy
DB00579,Mazindol,Mazindol,D008454,MESH:D009765,Obesity
DB00708,Sufentanil,Sufentanil,D017409,MESH:D010146,Pain
DB00708,Sufentanil,Sufentanil,D017409,MESH:D010149,Postoperative Pain
DB00296,Ropivacaine,Ropivacaine,D000077212,MESH:D010146,Pain
DB00296,Ropivacaine,Ropivacaine,D000077212,MESH:D010149,Postoperative Pain
DB00296,Ropivacaine,Ropivacaine,D000077212,MESH:D014012,Tinnitus
DB01120,Gliclazide,Gliclazide,D005907,MESH:D003920,Diabetes Mellitus
DB01120,Gliclazide,Gliclazide,D005907,MESH:D003928,Diabetic Nephropathies
DB01120,Gliclazide,Gliclazide,D005907,MESH:D018149,Glucose Intolerance
DB01120,Gliclazide,Gliclazide,D005907,MESH:D006943,Hyperglycemia
DB01120,Gliclazide,Gliclazide,D005907,MESH:D006946,Hyperinsulinism
DB01120,Gliclazide,Gliclazide,D005907,MESH:D007333,Insulin Resistance
DB01120,Gliclazide,Gliclazide,D005907,MESH:D009203,Myocardial Infarction
DB01120,Gliclazide,Gliclazide,D005907,MESH:D015431,Weight Loss
DB00420,Promazine,Promazine,D011395,MESH:D014202,Tremor
DB01239,Chlorprothixene,Chlorprothixene,D002749,MESH:D006561,Herpes Simplex
DB01239,Chlorprothixene,Chlorprothixene,D002749,MESH:D001523,Mental Disorders
DB01239,Chlorprothixene,Chlorprothixene,D002749,MESH:D009175,Mycoplasma Infections
DB01239,Chlorprothixene,Chlorprothixene,D002749,MESH:D011618,Psychotic Disorders
DB01239,Chlorprothixene,Chlorprothixene,D002749,MESH:D012559,Schizophrenia
DB00718,Adefovir dipivoxil,adefovir dipivoxil,C106812,MESH:D006509,Hepatitis B
DB00718,Adefovir dipivoxil,adefovir dipivoxil,C106812,MESH:D015658,HIV Infections
DB00718,Adefovir dipivoxil,adefovir dipivoxil,C106812,MESH:D008103,Liver Cirrhosis
DB00718,Adefovir dipivoxil,adefovir dipivoxil,C106812,MESH:D017093,Liver Failure
DB00718,Adefovir dipivoxil,adefovir dipivoxil,C106812,MESH:D014766,Viremia
DB01595,Nitrazepam,Nitrazepam,D009567,MESH:D001049,Apnea
DB01595,Nitrazepam,Nitrazepam,D009567,MESH:D003866,Depressive Disorder
DB01595,Nitrazepam,Nitrazepam,D009567,MESH:D004827,Epilepsy
DB01595,Nitrazepam,Nitrazepam,D009567,MESH:D011618,Psychotic Disorders
DB01595,Nitrazepam,Nitrazepam,D009567,MESH:D012640,Seizures
DB01595,Nitrazepam,Nitrazepam,D009567,MESH:D012893,Sleep Wake Disorders
DB00899,Remifentanil,Remifentanil,D000077208,MESH:D005207,Fasciculation
DB00899,Remifentanil,Remifentanil,D000077208,MESH:D006930,Hyperalgesia
DB00899,Remifentanil,Remifentanil,D000077208,MESH:D009203,Myocardial Infarction
DB00899,Remifentanil,Remifentanil,D000077208,MESH:D015428,Myocardial Reperfusion Injury
DB00899,Remifentanil,Remifentanil,D000077208,MESH:D010146,Pain
DB00633,Dexmedetomidine,Dexmedetomidine,D020927,MESH:D055371,Acute Lung Injury
DB00633,Dexmedetomidine,Dexmedetomidine,D020927,MESH:D056486,Chemical and Drug Induced Liver Injury
DB00633,Dexmedetomidine,Dexmedetomidine,D020927,MESH:D003072,Cognition Disorders
DB00633,Dexmedetomidine,Dexmedetomidine,D020927,MESH:D004487,Edema
DB00633,Dexmedetomidine,Dexmedetomidine,D020927,MESH:D006930,Hyperalgesia
DB00633,Dexmedetomidine,Dexmedetomidine,D020927,MESH:D008107,Liver Diseases
DB00633,Dexmedetomidine,Dexmedetomidine,D020927,MESH:D008569,Memory Disorders
DB00633,Dexmedetomidine,Dexmedetomidine,D020927,MESH:D009127,Muscle Rigidity
DB00633,Dexmedetomidine,Dexmedetomidine,D020927,MESH:D009203,Myocardial Infarction
DB00633,Dexmedetomidine,Dexmedetomidine,D020927,MESH:D017202,Myocardial Ischemia
DB00633,Dexmedetomidine,Dexmedetomidine,D020927,MESH:D020258,Neurotoxicity Syndromes
DB00633,Dexmedetomidine,Dexmedetomidine,D020927,MESH:D010146,Pain
DB00633,Dexmedetomidine,Dexmedetomidine,D020927,MESH:D011183,Postoperative Complications
DB00633,Dexmedetomidine,Dexmedetomidine,D020927,MESH:D010149,Postoperative Pain
DB00633,Dexmedetomidine,Dexmedetomidine,D020927,MESH:D011595,Psychomotor Agitation
DB00633,Dexmedetomidine,Dexmedetomidine,D020927,MESH:D011654,Pulmonary Edema
DB00633,Dexmedetomidine,Dexmedetomidine,D020927,MESH:D012128,Respiratory Distress Syndrome
DB00633,Dexmedetomidine,Dexmedetomidine,D020927,MESH:D012640,Seizures
DB00633,Dexmedetomidine,Dexmedetomidine,D020927,MESH:D013375,Substance Withdrawal Syndrome
DB00633,Dexmedetomidine,Dexmedetomidine,D020927,MESH:D013610,Tachycardia
DB00268,Ropinirole,ropinirole,C046649,MESH:D002375,Catalepsy
DB00268,Ropinirole,ropinirole,C046649,MESH:D019970,Cocaine-Related Disorders
DB00268,Ropinirole,ropinirole,C046649,MESH:D010300,Parkinson Disease
DB00268,Ropinirole,ropinirole,C046649,MESH:D020734,Parkinsonian Disorders
DB00268,Ropinirole,ropinirole,C046649,MESH:D012148,Restless Legs Syndrome
DB01628,Etoricoxib,Etoricoxib,D000077613,MESH:D016301,Alveolar Bone Loss
DB01628,Etoricoxib,Etoricoxib,D000077613,MESH:D003556,Cystitis
DB01628,Etoricoxib,Etoricoxib,D000077613,MESH:D006073,Gout
DB01628,Etoricoxib,Etoricoxib,D000077613,MESH:D006470,Hemorrhage
DB01628,Etoricoxib,Etoricoxib,D000077613,MESH:D017116,Low Back Pain
DB01628,Etoricoxib,Etoricoxib,D000077613,MESH:D010003,Osteoarthritis
DB01628,Etoricoxib,Etoricoxib,D000077613,MESH:D010518,Periodontitis
DB09212,Loxoprofen,loxoprofen,C040656,MESH:D001168,Arthritis
DB09212,Loxoprofen,loxoprofen,C040656,MESH:D001416,Back Pain
DB09212,Loxoprofen,loxoprofen,C040656,MESH:D010146,Pain
DB12965,Silver,Silver,D012834,MESH:D002056,Burns
DB12965,Silver,Silver,D012834,MESH:D003715,Dengue
DB12965,Silver,Silver,D012834,MESH:D007154,Immune System Diseases
DB12965,Silver,Silver,D012834,MESH:D007249,Inflammation
DB00411,Carbachol,Carbachol,D002217,MESH:D006948,Hyperkinesis
DB00411,Carbachol,Carbachol,D002217,MESH:D007022,Hypotension
DB00411,Carbachol,Carbachol,D002217,MESH:D010146,Pain
DB00411,Carbachol,Carbachol,D002217,MESH:D016055,Urinary Retention
DB01218,Halofantrine,halofantrine,C023768,MESH:D008288,Malaria
DB01002,Levobupivacaine,Levobupivacaine,D000077554,MESH:D010149,Postoperative Pain
DB00379,Mexiletine,Mexiletine,D008801,MESH:D004916,Erythromelalgia
DB00379,Mexiletine,Mexiletine,D008801,MESH:D006930,Hyperalgesia
DB00379,Mexiletine,Mexiletine,D008801,MESH:D008133,Long QT Syndrome
DB00379,Mexiletine,Mexiletine,D008801,MESH:D009437,Neuralgia
DB00379,Mexiletine,Mexiletine,D008801,MESH:D010009,Osteochondrodysplasias
DB00379,Mexiletine,Mexiletine,D008801,MESH:D010146,Pain
DB00379,Mexiletine,Mexiletine,D008801,MESH:D013610,Tachycardia
DB00379,Mexiletine,Mexiletine,D008801,MESH:D014693,Ventricular Fibrillation
DB00379,Mexiletine,Mexiletine,D008801,MESH:D018879,Ventricular Premature Complexes
DB04957,Azimilide,azimilide,C086123,MESH:D009203,Myocardial Infarction
DB04957,Azimilide,azimilide,C086123,MESH:D013610,Tachycardia
DB00933,Mesoridazine,Mesoridazine,D008653,MESH:D001714,Bipolar Disorder
DB00933,Mesoridazine,Mesoridazine,D008653,MESH:D012559,Schizophrenia
DB00204,Dofetilide,dofetilide,C063533,MESH:D001281,Atrial Fibrillation
DB00204,Dofetilide,dofetilide,C063533,MESH:D006333,Heart Failure
DB00308,Ibutilide,ibutilide,C067192,MESH:D001281,Atrial Fibrillation
DB00308,Ibutilide,ibutilide,C067192,MESH:D006333,Heart Failure
DB00640,Adenosine,Adenosine,D000241,MESH:D001249,Asthma
DB00640,Adenosine,Adenosine,D000241,MESH:D009202,Cardiomyopathies
DB00640,Adenosine,Adenosine,D000241,MESH:D004827,Epilepsy
DB00640,Adenosine,Adenosine,D000241,MESH:D006333,Heart Failure
DB00640,Adenosine,Adenosine,D000241,MESH:D006930,Hyperalgesia
DB00640,Adenosine,Adenosine,D000241,MESH:D006973,Hypertension
DB00640,Adenosine,Adenosine,D000241,MESH:D017202,Myocardial Ischemia
DB00640,Adenosine,Adenosine,D000241,MESH:D009336,Necrosis
DB00640,Adenosine,Adenosine,D000241,MESH:D009410,Nerve Degeneration
DB00640,Adenosine,Adenosine,D000241,MESH:D009422,Nervous System Diseases
DB00640,Adenosine,Adenosine,D000241,MESH:D010146,Pain
DB00640,Adenosine,Adenosine,D000241,MESH:D015427,Reperfusion Injury
DB00640,Adenosine,Adenosine,D000241,MESH:D012640,Seizures
DB00640,Adenosine,Adenosine,D000241,MESH:D013272,Stomach Diseases
DB00640,Adenosine,Adenosine,D000241,MESH:D013610,Tachycardia
DB01297,Practolol,Practolol,D011217,MESH:D001919,Bradycardia
DB01297,Practolol,Practolol,D011217,MESH:D006973,Hypertension
DB01297,Practolol,Practolol,D011217,MESH:D013610,Tachycardia
DB00280,Disopyramide,Disopyramide,D004206,MESH:D001281,Atrial Fibrillation
DB00280,Disopyramide,Disopyramide,D004206,MESH:D005315,Fetal Diseases
DB00280,Disopyramide,Disopyramide,D004206,MESH:D006327,Heart Block
DB00280,Disopyramide,Disopyramide,D004206,MESH:D009203,Myocardial Infarction
DB00280,Disopyramide,Disopyramide,D004206,MESH:D013610,Tachycardia
DB00280,Disopyramide,Disopyramide,D004206,MESH:D014693,Ventricular Fibrillation
DB00280,Disopyramide,Disopyramide,D004206,MESH:D018879,Ventricular Premature Complexes
DB00436,Bendroflumethiazide,Bendroflumethiazide,D001539,MESH:D003928,Diabetic Nephropathies
DB00436,Bendroflumethiazide,Bendroflumethiazide,D001539,MESH:D006333,Heart Failure
DB00436,Bendroflumethiazide,Bendroflumethiazide,D001539,MESH:D006929,Hyperaldosteronism
DB00436,Bendroflumethiazide,Bendroflumethiazide,D001539,MESH:D006973,Hypertension
DB04868,Nilotinib,nilotinib,C498826,MESH:D058186,Acute Kidney Injury
DB04868,Nilotinib,nilotinib,C498826,MESH:D055371,Acute Lung Injury
DB04868,Nilotinib,nilotinib,C498826,MESH:D056486,Chemical and Drug Induced Liver Injury
DB04868,Nilotinib,nilotinib,C498826,MESH:D005234,Fatty Liver
DB04868,Nilotinib,nilotinib,C498826,MESH:D006331,Heart Diseases
DB04868,Nilotinib,nilotinib,C498826,MESH:D008103,Liver Cirrhosis
DB04868,Nilotinib,nilotinib,C498826,MESH:D009196,Myeloproliferative Disorders
DB04868,Nilotinib,nilotinib,C498826,MESH:D011654,Pulmonary Edema
DB00346,Alfuzosin,alfuzosin,C047638,MESH:D011469,Prostatic Diseases
DB00346,Alfuzosin,alfuzosin,C047638,MESH:D011470,Prostatic Hyperplasia
DB00346,Alfuzosin,alfuzosin,C047638,MESH:D011472,Prostatitis
DB00346,Alfuzosin,alfuzosin,C047638,MESH:D016055,Urinary Retention
DB00346,Alfuzosin,alfuzosin,C047638,MESH:D014555,Urination Disorders
DB01228,Encainide,Encainide,D016700,MESH:D013610,Tachycardia
DB01154,Thiamylal,Thiamylal,D013840,MESH:D012640,Seizures
DB01427,Amrinone,Amrinone,D000676,MESH:D001919,Bradycardia
DB01427,Amrinone,Amrinone,D000676,MESH:D006333,Heart Failure
DB01427,Amrinone,Amrinone,D000676,MESH:D006973,Hypertension
DB01427,Amrinone,Amrinone,D000676,MESH:D007022,Hypotension
DB01427,Amrinone,Amrinone,D000676,MESH:D007674,Kidney Diseases
DB01427,Amrinone,Amrinone,D000676,MESH:D018754,Ventricular Dysfunction
DB00332,Ipratropium,Ipratropium,D009241,MESH:D001249,Asthma
DB00332,Ipratropium,Ipratropium,D009241,MESH:D004646,Emphysema
DB00332,Ipratropium,Ipratropium,D009241,MESH:D011014,Pneumonia
DB01626,Pargyline,Pargyline,D010293,MESH:D001919,Bradycardia
DB01626,Pargyline,Pargyline,D010293,MESH:D003866,Depressive Disorder
DB01626,Pargyline,Pargyline,D010293,MESH:D004421,Dystonia
DB01626,Pargyline,Pargyline,D010293,MESH:D006973,Hypertension
DB01626,Pargyline,Pargyline,D010293,MESH:D018476,Hypokinesia
DB01626,Pargyline,Pargyline,D010293,MESH:D009127,Muscle Rigidity
DB01626,Pargyline,Pargyline,D010293,MESH:D009136,Muscular Dystrophies
DB01626,Pargyline,Pargyline,D010293,MESH:D010554,Personality Disorders
DB01626,Pargyline,Pargyline,D010293,MESH:D014202,Tremor
DB04855,Dronedarone,Dronedarone,D000077764,MESH:D001281,Atrial Fibrillation
DB04855,Dronedarone,Dronedarone,D000077764,MESH:D013610,Tachycardia
DB00278,Argatroban,argatroban,C031942,MESH:D001157,Arterial Occlusive Diseases
DB00278,Argatroban,argatroban,C031942,MESH:D001778,Blood Coagulation Disorders
DB00278,Argatroban,argatroban,C031942,MESH:D004211,Disseminated Intravascular Coagulation
DB00278,Argatroban,argatroban,C031942,MESH:D016769,Embolism and Thrombosis
DB00278,Argatroban,argatroban,C031942,MESH:D011183,Postoperative Complications
DB00278,Argatroban,argatroban,C031942,MESH:D011655,Pulmonary Embolism
DB00278,Argatroban,argatroban,C031942,MESH:D020521,Stroke
DB00278,Argatroban,argatroban,C031942,MESH:D013921,Thrombocytopenia
DB00278,Argatroban,argatroban,C031942,MESH:D019851,Thrombophilia
DB00278,Argatroban,argatroban,C031942,MESH:D013927,Thrombosis
DB00278,Argatroban,argatroban,C031942,MESH:D020246,Venous Thrombosis
DB00823,Ethynodiol diacetate,Ethynodiol Diacetate,D005040,MESH:D004412,Dysmenorrhea
DB00721,Procaine,Procaine,D011343,MESH:D007674,Kidney Diseases
DB00721,Procaine,Procaine,D011343,MESH:D017202,Myocardial Ischemia
DB00721,Procaine,Procaine,D011343,MESH:D010146,Pain
DB09070,Tibolone,tibolone,C027385,MESH:D001161,Arteriosclerosis
DB09070,Tibolone,tibolone,C027385,MESH:D050197,Atherosclerosis
DB09070,Tibolone,tibolone,C027385,MESH:D001943,Breast Neoplasms
DB09070,Tibolone,tibolone,C027385,MESH:D004715,Endometriosis
DB09070,Tibolone,tibolone,C027385,MESH:D017202,Myocardial Ischemia
DB09070,Tibolone,tibolone,C027385,MESH:D010024,Osteoporosis
DB06154,Pentaerythritol tetranitrate,Pentaerythritol Tetranitrate,D010417,MESH:D001161,Arteriosclerosis
DB06154,Pentaerythritol tetranitrate,Pentaerythritol Tetranitrate,D010417,MESH:D003324,Coronary Artery Disease
DB06154,Pentaerythritol tetranitrate,Pentaerythritol Tetranitrate,D010417,MESH:D006973,Hypertension
DB00800,Fenoldopam,Fenoldopam,D018818,MESH:D058186,Acute Kidney Injury
DB00800,Fenoldopam,Fenoldopam,D018818,MESH:D006973,Hypertension
DB06725,Lornoxicam,lornoxicam,C059451,MESH:D001168,Arthritis
DB06725,Lornoxicam,lornoxicam,C059451,MESH:D017116,Low Back Pain
DB06725,Lornoxicam,lornoxicam,C059451,MESH:D010149,Postoperative Pain
DB04725,Licofelone,licofelone,C088092,MESH:D001168,Arthritis
DB04725,Licofelone,licofelone,C088092,MESH:D008175,Lung Neoplasms
DB01296,Glucosamine,Glucosamine,D005944,MESH:D018771,Arthralgia
DB01296,Glucosamine,Glucosamine,D005944,MESH:D001168,Arthritis
DB01296,Glucosamine,Glucosamine,D005944,MESH:D002544,Cerebral Infarction
DB01296,Glucosamine,Glucosamine,D005944,MESH:D007249,Inflammation
DB01296,Glucosamine,Glucosamine,D005944,MESH:D015212,Inflammatory Bowel Diseases
DB01296,Glucosamine,Glucosamine,D005944,MESH:D009062,Mouth Neoplasms
DB01296,Glucosamine,Glucosamine,D005944,MESH:D010003,Osteoarthritis
DB01296,Glucosamine,Glucosamine,D005944,MESH:D010024,Osteoporosis
DB01296,Glucosamine,Glucosamine,D005944,MESH:D010146,Pain
DB01296,Glucosamine,Glucosamine,D005944,MESH:D013272,Stomach Diseases
DB00814,Meloxicam,Meloxicam,D000077239,MESH:D001168,Arthritis
DB00814,Meloxicam,Meloxicam,D000077239,MESH:D015179,Colorectal Neoplasms
DB00814,Meloxicam,Meloxicam,D000077239,MESH:D004487,Edema
DB00814,Meloxicam,Meloxicam,D000077239,MESH:D007249,Inflammation
DB00814,Meloxicam,Meloxicam,D000077239,MESH:D007674,Kidney Diseases
DB00814,Meloxicam,Meloxicam,D000077239,MESH:D009369,Neoplasms
DB00814,Meloxicam,Meloxicam,D000077239,MESH:D010003,Osteoarthritis
DB00814,Meloxicam,Meloxicam,D000077239,MESH:D010146,Pain
DB00814,Meloxicam,Meloxicam,D000077239,MESH:D010149,Postoperative Pain
DB00814,Meloxicam,Meloxicam,D000077239,MESH:D047928,Premature Birth
DB00814,Meloxicam,Meloxicam,D000077239,MESH:D014839,Vomiting
DB04942,Tamibarotene,tamibarotene,C061133,MESH:D050197,Atherosclerosis
DB04942,Tamibarotene,tamibarotene,C061133,MESH:D006086,Graft vs Host Disease
DB04942,Tamibarotene,tamibarotene,C061133,MESH:D009069,Movement Disorders
DB04942,Tamibarotene,tamibarotene,C061133,MESH:D009101,Multiple Myeloma
DB04942,Tamibarotene,tamibarotene,C061133,MESH:D058426,Neointima
DB04942,Tamibarotene,tamibarotene,C061133,MESH:D009410,Nerve Degeneration
DB04942,Tamibarotene,tamibarotene,C061133,MESH:D009503,Neutropenia
DB04942,Tamibarotene,tamibarotene,C061133,MESH:D010198,Pancytopenia
DB04942,Tamibarotene,tamibarotene,C061133,MESH:D011471,Prostatic Neoplasms
DB04942,Tamibarotene,tamibarotene,C061133,MESH:D011565,Psoriasis
DB04942,Tamibarotene,tamibarotene,C061133,MESH:D013119,Spinal Cord Injuries
DB04942,Tamibarotene,tamibarotene,C061133,MESH:D013203,Staphylococcal Infections
DB04942,Tamibarotene,tamibarotene,C061133,MESH:D014605,Uveitis
DB00580,Valdecoxib,valdecoxib,C406224,MESH:D010003,Osteoarthritis
DB00469,Tenoxicam,tenoxicam,C032801,MESH:D004487,Edema
DB00469,Tenoxicam,tenoxicam,C032801,MESH:D010003,Osteoarthritis
DB00469,Tenoxicam,tenoxicam,C032801,MESH:D010146,Pain
DB00469,Tenoxicam,tenoxicam,C032801,MESH:D010149,Postoperative Pain
DB06736,Aceclofenac,aceclofenac,C056498,MESH:D017116,Low Back Pain
DB06736,Aceclofenac,aceclofenac,C056498,MESH:D010146,Pain
DB00946,Phenprocoumon,Phenprocoumon,D010644,MESH:D001281,Atrial Fibrillation
DB00946,Phenprocoumon,Phenprocoumon,D010644,MESH:D013923,Thromboembolism
DB00946,Phenprocoumon,Phenprocoumon,D010644,MESH:D013927,Thrombosis
DB00520,Caspofungin,Caspofungin,D000077336,MESH:D001228,Aspergillosis
DB00520,Caspofungin,Caspofungin,D000077336,MESH:D002177,Candidiasis
DB00520,Caspofungin,Caspofungin,D000077336,MESH:D009503,Neutropenia
DB00362,Anidulafungin,Anidulafungin,D000077612,MESH:D001228,Aspergillosis
DB00362,Anidulafungin,Anidulafungin,D000077612,MESH:D002177,Candidiasis
DB01263,Posaconazole,posaconazole,C101425,MESH:D001228,Aspergillosis
DB01263,Posaconazole,posaconazole,C101425,MESH:D054198,Precursor Cell Lymphoblastic Leukemia-Lymphoma
DB00697,Tizanidine,tizanidine,C023754,MESH:D001416,Back Pain
DB00697,Tizanidine,tizanidine,C023754,MESH:D004487,Edema
DB00697,Tizanidine,tizanidine,C023754,MESH:D006930,Hyperalgesia
DB00697,Tizanidine,tizanidine,C023754,MESH:D006973,Hypertension
DB00697,Tizanidine,tizanidine,C023754,MESH:D017116,Low Back Pain
DB00697,Tizanidine,tizanidine,C023754,MESH:D009128,Muscle Spasticity
DB00697,Tizanidine,tizanidine,C023754,MESH:D010146,Pain
DB00697,Tizanidine,tizanidine,C023754,MESH:D012640,Seizures
DB00697,Tizanidine,tizanidine,C023754,MESH:D013276,Stomach Ulcer
DB00697,Tizanidine,tizanidine,C023754,MESH:D014277,Trigeminal Neuralgia
DB00589,Lisuride,Lisuride,D008090,MESH:D003866,Depressive Disorder
DB00589,Lisuride,Lisuride,D008090,MESH:D020820,Dyskinesias
DB00589,Lisuride,Lisuride,D008090,MESH:D004421,Dystonia
DB00589,Lisuride,Lisuride,D008090,MESH:D006948,Hyperkinesis
DB00589,Lisuride,Lisuride,D008090,MESH:D006966,Hyperprolactinemia
DB00589,Lisuride,Lisuride,D008090,MESH:D018476,Hypokinesia
DB00589,Lisuride,Lisuride,D008090,MESH:D008881,Migraine Disorders
DB00589,Lisuride,Lisuride,D008090,MESH:D009127,Muscle Rigidity
DB00589,Lisuride,Lisuride,D008090,MESH:D010300,Parkinson Disease
DB00589,Lisuride,Lisuride,D008090,MESH:D012640,Seizures
DB00589,Lisuride,Lisuride,D008090,MESH:D014202,Tremor
DB00918,Almotriptan,almotriptan,C409045,MESH:D008881,Migraine Disorders
DB00918,Almotriptan,almotriptan,C409045,MESH:D014839,Vomiting
DB00706,Tamsulosin,Tamsulosin,D000077409,MESH:D011469,Prostatic Diseases
DB00706,Tamsulosin,Tamsulosin,D000077409,MESH:D011470,Prostatic Hyperplasia
DB00706,Tamsulosin,Tamsulosin,D000077409,MESH:D016055,Urinary Retention
DB00568,Cinnarizine,Cinnarizine,D002936,MESH:D012640,Seizures
DB00568,Cinnarizine,Cinnarizine,D002936,MESH:D014693,Ventricular Fibrillation
DB00568,Cinnarizine,Cinnarizine,D002936,MESH:D015837,Vestibular Diseases
DB01162,Terazosin,Terazosin,C041226,MESH:D006973,Hypertension
DB01162,Terazosin,Terazosin,C041226,MESH:D011470,Prostatic Hyperplasia
DB01162,Terazosin,Terazosin,C041226,MESH:D011471,Prostatic Neoplasms
DB01162,Terazosin,Terazosin,C041226,MESH:D016055,Urinary Retention
DB01162,Terazosin,Terazosin,C041226,MESH:D014555,Urination Disorders
DB00824,Enprofylline,enprofylline,C034347,MESH:D001249,Asthma
DB00936,Salicylic acid,Salicylic Acid,D020156,MESH:D050197,Atherosclerosis
DB00936,Salicylic acid,Salicylic Acid,D020156,MESH:D034381,Hearing Loss
DB00936,Salicylic acid,Salicylic Acid,D020156,MESH:D008569,Memory Disorders
DB00716,Nedocromil,Nedocromil,D017835,MESH:D001249,Asthma
DB00716,Nedocromil,Nedocromil,D017835,MESH:D007249,Inflammation
DB00901,Bitolterol,bitolterol,C011685,MESH:D001249,Asthma
DB00549,Zafirlukast,zafirlukast,C062735,MESH:D001249,Asthma
DB00549,Zafirlukast,zafirlukast,C062735,MESH:D001982,Bronchial Diseases
DB00549,Zafirlukast,zafirlukast,C062735,MESH:D003371,Cough
DB00549,Zafirlukast,zafirlukast,C062735,MESH:D003550,Cystic Fibrosis
DB00549,Zafirlukast,zafirlukast,C062735,MESH:D004487,Edema
DB00549,Zafirlukast,zafirlukast,C062735,MESH:D004715,Endometriosis
DB00549,Zafirlukast,zafirlukast,C062735,MESH:D004802,Eosinophilia
DB00549,Zafirlukast,zafirlukast,C062735,MESH:D007249,Inflammation
DB00549,Zafirlukast,zafirlukast,C062735,MESH:D008881,Migraine Disorders
DB00549,Zafirlukast,zafirlukast,C062735,MESH:D009298,Nasal Polyps
DB00549,Zafirlukast,zafirlukast,C062735,MESH:D019954,Neurobehavioral Manifestations
DB00549,Zafirlukast,zafirlukast,C062735,MESH:D010146,Pain
DB00549,Zafirlukast,zafirlukast,C062735,MESH:D011654,Pulmonary Edema
DB00549,Zafirlukast,zafirlukast,C062735,MESH:D015427,Reperfusion Injury
DB00549,Zafirlukast,zafirlukast,C062735,MESH:D012220,Rhinitis
DB00549,Zafirlukast,zafirlukast,C062735,MESH:D012852,Sinusitis
DB00549,Zafirlukast,zafirlukast,C062735,MESH:D014581,Urticaria
DB01364,Ephedrine,Ephedrine,D004809,MESH:D001249,Asthma
DB01364,Ephedrine,Ephedrine,D004809,MESH:D001763,Blepharoptosis
DB01364,Ephedrine,Ephedrine,D004809,MESH:D006323,Heart Arrest
DB01364,Ephedrine,Ephedrine,D004809,MESH:D006967,Hypersensitivity
DB01364,Ephedrine,Ephedrine,D004809,MESH:D006973,Hypertension
DB01364,Ephedrine,Ephedrine,D004809,MESH:D007022,Hypotension
DB01364,Ephedrine,Ephedrine,D004809,MESH:D007333,Insulin Resistance
DB01364,Ephedrine,Ephedrine,D004809,MESH:D009765,Obesity
DB01364,Ephedrine,Ephedrine,D004809,MESH:D010146,Pain
DB01364,Ephedrine,Ephedrine,D004809,MESH:D011658,Pulmonary Fibrosis
DB01366,Procaterol,Procaterol,D017265,MESH:D001249,Asthma
DB01408,Bambuterol,bambuterol,C047766,MESH:D001249,Asthma
DB00920,Ketotifen,Ketotifen,D007665,MESH:D001249,Asthma
DB00920,Ketotifen,Ketotifen,D007665,MESH:D006332,Cardiomegaly
DB00920,Ketotifen,Ketotifen,D007665,MESH:D003092,Colitis
DB00920,Ketotifen,Ketotifen,D007665,MESH:D004487,Edema
DB00920,Ketotifen,Ketotifen,D007665,MESH:D006086,Graft vs Host Disease
DB00920,Ketotifen,Ketotifen,D007665,MESH:D006930,Hyperalgesia
DB00920,Ketotifen,Ketotifen,D007665,MESH:D006967,Hypersensitivity
DB00920,Ketotifen,Ketotifen,D007665,MESH:D008288,Malaria
DB00920,Ketotifen,Ketotifen,D007665,MESH:D012640,Seizures
DB00920,Ketotifen,Ketotifen,D007665,MESH:D012912,Sneezing
DB00920,Ketotifen,Ketotifen,D007665,MESH:D013610,Tachycardia
DB00920,Ketotifen,Ketotifen,D007665,MESH:D014581,Urticaria
DB00983,Formoterol,Formoterol Fumarate,D000068759,MESH:D058186,Acute Kidney Injury
DB00983,Formoterol,Formoterol Fumarate,D000068759,MESH:D000419,Albuminuria
DB00983,Formoterol,Formoterol Fumarate,D000068759,MESH:D001249,Asthma
DB00983,Formoterol,Formoterol Fumarate,D000068759,MESH:D001930,Brain Injuries
DB00983,Formoterol,Formoterol Fumarate,D000068759,MESH:D016535,Bronchial Hyperreactivity
DB00983,Formoterol,Formoterol Fumarate,D000068759,MESH:D004417,Dyspnea
DB00983,Formoterol,Formoterol Fumarate,D000068759,MESH:D055370,Lung Injury
DB00983,Formoterol,Formoterol Fumarate,D000068759,MESH:D019957,Motor Skills Disorders
DB00983,Formoterol,Formoterol Fumarate,D000068759,MESH:D018908,Muscle Weakness
DB00983,Formoterol,Formoterol Fumarate,D000068759,MESH:D009135,Muscular Diseases
DB00983,Formoterol,Formoterol Fumarate,D000068759,MESH:D009205,Myocarditis
DB00983,Formoterol,Formoterol Fumarate,D000068759,MESH:D009410,Nerve Degeneration
DB00983,Formoterol,Formoterol Fumarate,D000068759,MESH:D011014,Pneumonia
DB00983,Formoterol,Formoterol Fumarate,D000068759,MESH:D011654,Pulmonary Edema
DB00983,Formoterol,Formoterol Fumarate,D000068759,MESH:D015431,Weight Loss
DB09273,Doxofylline,doxofylline,C029797,MESH:D001249,Asthma
DB00180,Flunisolide,flunisolide,C007734,MESH:D001249,Asthma
DB00180,Flunisolide,flunisolide,C007734,MESH:D004802,Eosinophilia
DB00180,Flunisolide,flunisolide,C007734,MESH:D007249,Inflammation
DB00874,Guaifenesin,Guaifenesin,D006140,MESH:D001249,Asthma
DB00874,Guaifenesin,Guaifenesin,D006140,MESH:D003371,Cough
DB00874,Guaifenesin,Guaifenesin,D006140,MESH:D012852,Sinusitis
DB01656,Roflumilast,Roflumilast,C424423,MESH:D001249,Asthma
DB01656,Roflumilast,Roflumilast,C424423,MESH:D008679,Metaplasia
DB01656,Roflumilast,Roflumilast,C424423,MESH:D009410,Nerve Degeneration
DB01656,Roflumilast,Roflumilast,C424423,MESH:D010300,Parkinson Disease
DB01656,Roflumilast,Roflumilast,C424423,MESH:D011654,Pulmonary Edema
DB01656,Roflumilast,Roflumilast,C424423,MESH:D000072660,Teratozoospermia
DB01656,Roflumilast,Roflumilast,C424423,MESH:D013733,Testicular Diseases
DB01656,Roflumilast,Roflumilast,C424423,MESH:D015431,Weight Loss
DB01288,Fenoterol,Fenoterol,D005280,MESH:D001249,Asthma
DB01288,Fenoterol,Fenoterol,D005280,MESH:D001982,Bronchial Diseases
DB01288,Fenoterol,Fenoterol,D005280,MESH:D006333,Heart Failure
DB01288,Fenoterol,Fenoterol,D005280,MESH:D011248,Pregnancy Complications
DB00909,Zonisamide,Zonisamide,D000078305,MESH:D001714,Bipolar Disorder
DB00909,Zonisamide,Zonisamide,D000078305,MESH:D003866,Depressive Disorder
DB00909,Zonisamide,Zonisamide,D000078305,MESH:D004827,Epilepsy
DB00909,Zonisamide,Zonisamide,D000078305,MESH:D020329,Essential Tremor
DB00909,Zonisamide,Zonisamide,D000078305,MESH:D006930,Hyperalgesia
DB00909,Zonisamide,Zonisamide,D000078305,MESH:D009437,Neuralgia
DB00909,Zonisamide,Zonisamide,D000078305,MESH:D010146,Pain
DB00909,Zonisamide,Zonisamide,D000078305,MESH:D010300,Parkinson Disease
DB00909,Zonisamide,Zonisamide,D000078305,MESH:D012640,Seizures
DB00909,Zonisamide,Zonisamide,D000078305,MESH:D013226,Status Epilepticus
DB00909,Zonisamide,Zonisamide,D000078305,MESH:D014202,Tremor
DB00909,Zonisamide,Zonisamide,D000078305,MESH:D020194,Unverricht-Lundborg Syndrome
DB00909,Zonisamide,Zonisamide,D000078305,MESH:D014839,Vomiting
DB03575,Phencyclidine,Phencyclidine,D010622,MESH:D002375,Catalepsy
DB03575,Phencyclidine,Phencyclidine,D010622,MESH:D020329,Essential Tremor
DB03575,Phencyclidine,Phencyclidine,D010622,MESH:D012640,Seizures
DB01185,Fluoxymesterone,Fluoxymesterone,D005474,MESH:D001943,Breast Neoplasms
DB01185,Fluoxymesterone,Fluoxymesterone,D005474,MESH:D007172,Erectile Dysfunction
DB01185,Fluoxymesterone,Fluoxymesterone,D005474,MESH:D005199,Fanconi Anemia
DB01520,Tenocyclidine,tenocyclidine,C012058,MESH:D012640,Seizures
DB00967,Desloratadine,desloratadine,C121345,MESH:D011537,Pruritus
DB00967,Desloratadine,desloratadine,C121345,MESH:D012220,Rhinitis
DB00967,Desloratadine,desloratadine,C121345,MESH:D014581,Urticaria
DB01497,Etorphine,Etorphine,D005048,MESH:D010146,Pain
DB00341,Cetirizine,Cetirizine,D017332,MESH:D004802,Eosinophilia
DB00341,Cetirizine,Cetirizine,D017332,MESH:D006967,Hypersensitivity
DB00341,Cetirizine,Cetirizine,D017332,MESH:D011537,Pruritus
DB00341,Cetirizine,Cetirizine,D017332,MESH:D012220,Rhinitis
DB00341,Cetirizine,Cetirizine,D017332,MESH:D012640,Seizures
DB00341,Cetirizine,Cetirizine,D017332,MESH:D012912,Sneezing
DB00341,Cetirizine,Cetirizine,D017332,MESH:D014581,Urticaria
DB00134,Methionine,Methionine,D008715,MESH:D000077192,Adenocarcinoma of Lung
DB00134,Methionine,Methionine,D008715,MESH:D056486,Chemical and Drug Induced Liver Injury
DB00134,Methionine,Methionine,D008715,MESH:D019970,Cocaine-Related Disorders
DB00134,Methionine,Methionine,D008715,MESH:D003711,Demyelinating Diseases
DB00134,Methionine,Methionine,D008715,MESH:D005327,Fetal Resorption
DB00134,Methionine,Methionine,D008715,MESH:D005355,Fibrosis
DB00134,Methionine,Methionine,D008715,MESH:D005910,Glioma
DB00134,Methionine,Methionine,D008715,MESH:D034381,Hearing Loss
DB00134,Methionine,Methionine,D008715,MESH:D006505,Hepatitis
DB00134,Methionine,Methionine,D008715,MESH:D006529,Hepatomegaly
DB00134,Methionine,Methionine,D008715,MESH:D007249,Inflammation
DB00134,Methionine,Methionine,D008715,MESH:D007669,Kidney Calculi
DB00134,Methionine,Methionine,D008715,MESH:D007674,Kidney Diseases
DB00134,Methionine,Methionine,D008715,MESH:D008113,Liver Neoplasms
DB00134,Methionine,Methionine,D008715,MESH:D065626,Non-alcoholic Fatty Liver Disease
DB00134,Methionine,Methionine,D008715,MESH:D012640,Seizures
DB00134,Methionine,Methionine,D008715,MESH:D013118,Spinal Cord Diseases
DB00134,Methionine,Methionine,D008715,MESH:D015431,Weight Loss
DB00979,Cyclopentolate,Cyclopentolate,D003519,MESH:D015877,Miosis
DB00979,Cyclopentolate,Cyclopentolate,D003519,MESH:D014786,Vision Disorders
DB00555,Lamotrigine,Lamotrigine,D000077213,MESH:D001714,Bipolar Disorder
DB00555,Lamotrigine,Lamotrigine,D000077213,MESH:D019970,Cocaine-Related Disorders
DB00555,Lamotrigine,Lamotrigine,D000077213,MESH:D003072,Cognition Disorders
DB00555,Lamotrigine,Lamotrigine,D000077213,MESH:D003866,Depressive Disorder
DB00555,Lamotrigine,Lamotrigine,D000077213,MESH:D004827,Epilepsy
DB00555,Lamotrigine,Lamotrigine,D000077213,MESH:D007172,Erectile Dysfunction
DB00555,Lamotrigine,Lamotrigine,D000077213,MESH:D006930,Hyperalgesia
DB00555,Lamotrigine,Lamotrigine,D000077213,MESH:D006948,Hyperkinesis
DB00555,Lamotrigine,Lamotrigine,D000077213,MESH:D007859,Learning Disabilities
DB00555,Lamotrigine,Lamotrigine,D000077213,MESH:D019964,Mood Disorders
DB00555,Lamotrigine,Lamotrigine,D000077213,MESH:D009084,Mucopolysaccharidosis III
DB00555,Lamotrigine,Lamotrigine,D000077213,MESH:D009410,Nerve Degeneration
DB00555,Lamotrigine,Lamotrigine,D000077213,MESH:D009437,Neuralgia
DB00555,Lamotrigine,Lamotrigine,D000077213,MESH:D012559,Schizophrenia
DB00555,Lamotrigine,Lamotrigine,D000077213,MESH:D012640,Seizures
DB00555,Lamotrigine,Lamotrigine,D000077213,MESH:D013375,Substance Withdrawal Syndrome
DB00263,Sulfisoxazole,Sulfisoxazole,D013444,MESH:D014552,Urinary Tract Infections
DB06283,Ziconotide,ziconotide,C078452,MESH:D010148,Intractable Pain
DB06283,Ziconotide,ziconotide,C078452,MESH:D010146,Pain
DB00387,Procyclidine,Procyclidine,D011352,MESH:D001480,Basal Ganglia Diseases
DB00387,Procyclidine,Procyclidine,D011352,MESH:D001714,Bipolar Disorder
DB00387,Procyclidine,Procyclidine,D011352,MESH:D002819,Chorea
DB00387,Procyclidine,Procyclidine,D011352,MESH:D004421,Dystonia
DB00387,Procyclidine,Procyclidine,D011352,MESH:D009127,Muscle Rigidity
DB00387,Procyclidine,Procyclidine,D011352,MESH:D010259,Paranoid Disorders
DB00387,Procyclidine,Procyclidine,D011352,MESH:D010300,Parkinson Disease
DB00387,Procyclidine,Procyclidine,D011352,MESH:D020734,Parkinsonian Disorders
DB00387,Procyclidine,Procyclidine,D011352,MESH:D011595,Psychomotor Agitation
DB00387,Procyclidine,Procyclidine,D011352,MESH:D012559,Schizophrenia
DB00387,Procyclidine,Procyclidine,D011352,MESH:D012640,Seizures
DB00387,Procyclidine,Procyclidine,D011352,MESH:D014202,Tremor
DB00906,Tiagabine,Tiagabine,D000078308,MESH:D019970,Cocaine-Related Disorders
DB00906,Tiagabine,Tiagabine,D000078308,MESH:D009069,Movement Disorders
DB00906,Tiagabine,Tiagabine,D000078308,MESH:D012640,Seizures
DB00906,Tiagabine,Tiagabine,D000078308,MESH:D014029,Tobacco Use Disorder
DB00376,Trihexyphenidyl,Trihexyphenidyl,D014282,MESH:D001480,Basal Ganglia Diseases
DB00376,Trihexyphenidyl,Trihexyphenidyl,D014282,MESH:D001714,Bipolar Disorder
DB00376,Trihexyphenidyl,Trihexyphenidyl,D014282,MESH:D001927,Brain Diseases
DB00376,Trihexyphenidyl,Trihexyphenidyl,D014282,MESH:D002375,Catalepsy
DB00376,Trihexyphenidyl,Trihexyphenidyl,D014282,MESH:D003128,Coma
DB00376,Trihexyphenidyl,Trihexyphenidyl,D014282,MESH:D004401,Dysarthria
DB00376,Trihexyphenidyl,Trihexyphenidyl,D014282,MESH:D004421,Dystonia
DB00376,Trihexyphenidyl,Trihexyphenidyl,D014282,MESH:D020821,Dystonic Disorders
DB00376,Trihexyphenidyl,Trihexyphenidyl,D014282,MESH:D018476,Hypokinesia
DB00376,Trihexyphenidyl,Trihexyphenidyl,D014282,MESH:D001523,Mental Disorders
DB00376,Trihexyphenidyl,Trihexyphenidyl,D014282,MESH:D015877,Miosis
DB00376,Trihexyphenidyl,Trihexyphenidyl,D014282,MESH:D009069,Movement Disorders
DB00376,Trihexyphenidyl,Trihexyphenidyl,D014282,MESH:D009127,Muscle Rigidity
DB00376,Trihexyphenidyl,Trihexyphenidyl,D014282,MESH:D010300,Parkinson Disease
DB00376,Trihexyphenidyl,Trihexyphenidyl,D014282,MESH:D020734,Parkinsonian Disorders
DB00376,Trihexyphenidyl,Trihexyphenidyl,D014282,MESH:D011595,Psychomotor Agitation
DB00376,Trihexyphenidyl,Trihexyphenidyl,D014282,MESH:D012559,Schizophrenia
DB00376,Trihexyphenidyl,Trihexyphenidyl,D014282,MESH:D012640,Seizures
DB00376,Trihexyphenidyl,Trihexyphenidyl,D014282,MESH:D013035,Spasm
DB00376,Trihexyphenidyl,Trihexyphenidyl,D014282,MESH:D014103,Torticollis
DB00376,Trihexyphenidyl,Trihexyphenidyl,D014282,MESH:D014202,Tremor
DB04844,Tetrabenazine,Tetrabenazine,D013747,MESH:D001714,Bipolar Disorder
DB04844,Tetrabenazine,Tetrabenazine,D013747,MESH:D002819,Chorea
DB04844,Tetrabenazine,Tetrabenazine,D013747,MESH:D020820,Dyskinesias
DB04844,Tetrabenazine,Tetrabenazine,D013747,MESH:D004421,Dystonia
DB04844,Tetrabenazine,Tetrabenazine,D013747,MESH:D006816,Huntington Disease
DB04844,Tetrabenazine,Tetrabenazine,D013747,MESH:D006948,Hyperkinesis
DB04844,Tetrabenazine,Tetrabenazine,D013747,MESH:D007022,Hypotension
DB04844,Tetrabenazine,Tetrabenazine,D013747,MESH:D009069,Movement Disorders
DB04844,Tetrabenazine,Tetrabenazine,D013747,MESH:D014103,Torticollis
DB04844,Tetrabenazine,Tetrabenazine,D013747,MESH:D005879,Tourette Syndrome
DB00408,Loxapine,Loxapine,D008152,MESH:D002375,Catalepsy
DB00408,Loxapine,Loxapine,D008152,MESH:D003704,Dementia
DB00408,Loxapine,Loxapine,D008152,MESH:D006948,Hyperkinesis
DB00408,Loxapine,Loxapine,D008152,MESH:D010259,Paranoid Disorders
DB00408,Loxapine,Loxapine,D008152,MESH:D011618,Psychotic Disorders
DB00408,Loxapine,Loxapine,D008152,MESH:D012559,Schizophrenia
DB01019,Bethanechol,Bethanechol,D018723,MESH:D003072,Cognition Disorders
DB01019,Bethanechol,Bethanechol,D018723,MESH:D007172,Erectile Dysfunction
DB01019,Bethanechol,Bethanechol,D018723,MESH:D005764,Gastroesophageal Reflux
DB01019,Bethanechol,Bethanechol,D018723,MESH:D010146,Pain
DB01019,Bethanechol,Bethanechol,D018723,MESH:D016055,Urinary Retention
DB09232,Cilnidipine,cilnidipine,C065927,MESH:D006332,Cardiomegaly
DB09232,Cilnidipine,cilnidipine,C065927,MESH:D006937,Hypercholesterolemia
DB09232,Cilnidipine,cilnidipine,C065927,MESH:D006973,Hypertension
DB09232,Cilnidipine,cilnidipine,C065927,MESH:D015228,Hypertriglyceridemia
DB09232,Cilnidipine,cilnidipine,C065927,MESH:D007674,Kidney Diseases
DB09232,Cilnidipine,cilnidipine,C065927,MESH:D011507,Proteinuria
DB01203,Nadolol,Nadolol,D009248,MESH:D001281,Atrial Fibrillation
DB01203,Nadolol,Nadolol,D009248,MESH:D003324,Coronary Artery Disease
DB01203,Nadolol,Nadolol,D009248,MESH:D004932,Esophageal and Gastric Varices
DB01203,Nadolol,Nadolol,D009248,MESH:D006471,Gastrointestinal Hemorrhage
DB01203,Nadolol,Nadolol,D009248,MESH:D006973,Hypertension
DB01203,Nadolol,Nadolol,D009248,MESH:D006980,Hyperthyroidism
DB01203,Nadolol,Nadolol,D009248,MESH:D013610,Tachycardia
DB01203,Nadolol,Nadolol,D009248,MESH:D014202,Tremor
DB01203,Nadolol,Nadolol,D009248,MESH:D014693,Ventricular Fibrillation
DB01173,Orphenadrine,Orphenadrine,D009966,MESH:D003866,Depressive Disorder
DB01173,Orphenadrine,Orphenadrine,D009966,MESH:D004421,Dystonia
DB01173,Orphenadrine,Orphenadrine,D009966,MESH:D006930,Hyperalgesia
DB01173,Orphenadrine,Orphenadrine,D009966,MESH:D009122,Muscle Hypertonia
DB01173,Orphenadrine,Orphenadrine,D009966,MESH:D010300,Parkinson Disease
DB13944,Testosterone enanthate,testosterone enanthate,C004648,MESH:D007172,Erectile Dysfunction
DB13944,Testosterone enanthate,testosterone enanthate,C004648,MESH:D019247,HIV Wasting Syndrome
DB13944,Testosterone enanthate,testosterone enanthate,C004648,MESH:D007006,Hypogonadism
DB13944,Testosterone enanthate,testosterone enanthate,C004648,MESH:D013733,Testicular Diseases
DB00947,Fulvestrant,Fulvestrant,D000077267,MESH:D001943,Breast Neoplasms
DB00947,Fulvestrant,Fulvestrant,D000077267,MESH:D005317,Fetal Growth Retardation
DB00947,Fulvestrant,Fulvestrant,D000077267,MESH:D006984,Hypertrophy
DB00947,Fulvestrant,Fulvestrant,D000077267,MESH:D008569,Memory Disorders
DB00947,Fulvestrant,Fulvestrant,D000077267,MESH:D009361,Neoplasm Invasiveness
DB00947,Fulvestrant,Fulvestrant,D000077267,MESH:D009410,Nerve Degeneration
DB00947,Fulvestrant,Fulvestrant,D000077267,MESH:D009447,Neuroblastoma
DB00947,Fulvestrant,Fulvestrant,D000077267,MESH:D011595,Psychomotor Agitation
DB01407,Clenbuterol,Clenbuterol,D002976,MESH:D001284,Atrophy
DB01407,Clenbuterol,Clenbuterol,D002976,MESH:D017093,Liver Failure
DB01407,Clenbuterol,Clenbuterol,D002976,MESH:D009133,Muscular Atrophy
DB01407,Clenbuterol,Clenbuterol,D002976,MESH:D015428,Myocardial Reperfusion Injury
DB01261,Sitagliptin,Sitagliptin Phosphate,D000068900,MESH:D066126,Cardiotoxicity
DB01261,Sitagliptin,Sitagliptin Phosphate,D000068900,MESH:D006943,Hyperglycemia
DB01261,Sitagliptin,Sitagliptin Phosphate,D000068900,MESH:D007249,Inflammation
DB01261,Sitagliptin,Sitagliptin Phosphate,D000068900,MESH:D009410,Nerve Degeneration
DB01261,Sitagliptin,Sitagliptin Phosphate,D000068900,MESH:D012640,Seizures
DB01261,Sitagliptin,Sitagliptin Phosphate,D000068900,MESH:D000072660,Teratozoospermia
DB01261,Sitagliptin,Sitagliptin Phosphate,D000068900,MESH:D013733,Testicular Diseases
DB01261,Sitagliptin,Sitagliptin Phosphate,D000068900,MESH:D015431,Weight Loss
DB01435,Antipyrine,Antipyrine,D000983,MESH:D003866,Depressive Disorder
DB01130,Prednicarbate,prednicarbate,C035287,MESH:D004485,Eczema
DB01130,Prednicarbate,prednicarbate,C035287,MESH:D020078,Neurogenic Inflammation
DB00146,Calcifediol,Calcifediol,D002112,MESH:D009135,Muscular Diseases
DB00146,Calcifediol,Calcifediol,D002112,MESH:D011471,Prostatic Neoplasms
DB05458,Pozanicline,pozanicline,C108326,MESH:D001289,Attention Deficit Disorder with Hyperactivity
DB05458,Pozanicline,pozanicline,C108326,MESH:D003072,Cognition Disorders
DB05458,Pozanicline,pozanicline,C108326,MESH:D009410,Nerve Degeneration
DB01037,Selegiline,Selegiline,D012642,MESH:D001289,Attention Deficit Disorder with Hyperactivity
DB01037,Selegiline,Selegiline,D012642,MESH:D002375,Catalepsy
DB01037,Selegiline,Selegiline,D012642,MESH:D002389,Catatonia
DB01037,Selegiline,Selegiline,D012642,MESH:D019970,Cocaine-Related Disorders
DB01037,Selegiline,Selegiline,D012642,MESH:D003072,Cognition Disorders
DB01037,Selegiline,Selegiline,D012642,MESH:D018476,Hypokinesia
DB01037,Selegiline,Selegiline,D012642,MESH:D007859,Learning Disabilities
DB01037,Selegiline,Selegiline,D012642,MESH:D003865,Major Depressive Disorder
DB01037,Selegiline,Selegiline,D012642,MESH:D008569,Memory Disorders
DB01037,Selegiline,Selegiline,D012642,MESH:D009127,Muscle Rigidity
DB01037,Selegiline,Selegiline,D012642,MESH:D009410,Nerve Degeneration
DB01037,Selegiline,Selegiline,D012642,MESH:D009461,Neurologic Manifestations
DB01037,Selegiline,Selegiline,D012642,MESH:D010300,Parkinson Disease
DB01037,Selegiline,Selegiline,D012642,MESH:D020734,Parkinsonian Disorders
DB01037,Selegiline,Selegiline,D012642,MESH:D012640,Seizures
DB01037,Selegiline,Selegiline,D012642,MESH:D019956,Stereotypic Movement Disorder
DB01037,Selegiline,Selegiline,D012642,MESH:D014202,Tremor
DB01018,Guanfacine,Guanfacine,D016316,MESH:D001289,Attention Deficit Disorder with Hyperactivity
DB01018,Guanfacine,Guanfacine,D016316,MESH:D001321,Autistic Disorder
DB01018,Guanfacine,Guanfacine,D016316,MESH:D002658,Developmental Disabilities
DB01018,Guanfacine,Guanfacine,D016316,MESH:D006973,Hypertension
DB01018,Guanfacine,Guanfacine,D016316,MESH:D019954,Neurobehavioral Manifestations
DB01018,Guanfacine,Guanfacine,D016316,MESH:D013375,Substance Withdrawal Syndrome
DB01018,Guanfacine,Guanfacine,D016316,MESH:D013610,Tachycardia
DB01018,Guanfacine,Guanfacine,D016316,MESH:D013981,Tic Disorders
DB01018,Guanfacine,Guanfacine,D016316,MESH:D018879,Ventricular Premature Complexes
DB00289,Atomoxetine,Atomoxetine Hydrochloride,D000069445,MESH:D001289,Attention Deficit Disorder with Hyperactivity
DB00289,Atomoxetine,Atomoxetine Hydrochloride,D000069445,MESH:D001321,Autistic Disorder
DB00289,Atomoxetine,Atomoxetine Hydrochloride,D000069445,MESH:D002658,Developmental Disabilities
DB00289,Atomoxetine,Atomoxetine Hydrochloride,D000069445,MESH:D006973,Hypertension
DB00151,Cysteine,Cysteine,D003545,MESH:D001930,Brain Injuries
DB00151,Cysteine,Cysteine,D003545,MESH:D006461,Hemolysis
DB00151,Cysteine,Cysteine,D003545,MESH:D020258,Neurotoxicity Syndromes
DB00151,Cysteine,Cysteine,D003545,MESH:D015431,Weight Loss
DB00360,Sapropterin,sapropterin,C003402,MESH:D001321,Autistic Disorder
DB00360,Sapropterin,sapropterin,C003402,MESH:D024821,Metabolic Syndrome
DB00924,Cyclobenzaprine,cyclobenzaprine,C004704,MESH:D001416,Back Pain
DB00924,Cyclobenzaprine,cyclobenzaprine,C004704,MESH:D010146,Pain
DB00924,Cyclobenzaprine,cyclobenzaprine,C004704,MESH:D013035,Spasm
DB00820,Tadalafil,Tadalafil,D000068581,MESH:D000544,Alzheimer Disease
DB00820,Tadalafil,Tadalafil,D000068581,MESH:D009202,Cardiomyopathies
DB00820,Tadalafil,Tadalafil,D000068581,MESH:D003072,Cognition Disorders
DB00820,Tadalafil,Tadalafil,D000068581,MESH:D003866,Depressive Disorder
DB00820,Tadalafil,Tadalafil,D000068581,MESH:D007172,Erectile Dysfunction
DB00820,Tadalafil,Tadalafil,D000068581,MESH:D007859,Learning Disabilities
DB00820,Tadalafil,Tadalafil,D000068581,MESH:D008569,Memory Disorders
DB00820,Tadalafil,Tadalafil,D000068581,MESH:D009461,Neurologic Manifestations
DB00820,Tadalafil,Tadalafil,D000068581,MESH:D013733,Testicular Diseases
DB00356,Chlorzoxazone,Chlorzoxazone,D002753,MESH:D001416,Back Pain
DB00356,Chlorzoxazone,Chlorzoxazone,D002753,MESH:D017116,Low Back Pain
DB00356,Chlorzoxazone,Chlorzoxazone,D002753,MESH:D013035,Spasm
DB01250,Olsalazine,olsalazine,C032587,MESH:D056486,Chemical and Drug Induced Liver Injury
DB01250,Olsalazine,olsalazine,C032587,MESH:D006529,Hepatomegaly
DB01250,Olsalazine,olsalazine,C032587,MESH:D015212,Inflammatory Bowel Diseases
DB01161,Chloroprocaine,chloroprocaine,C004616,MESH:D009362,Neoplasm Metastasis
DB01161,Chloroprocaine,chloroprocaine,C004616,MESH:D010146,Pain
DB01106,Levocabastine,levocabastine,C047340,MESH:D001424,Bacterial Infections
DB01106,Levocabastine,levocabastine,C047340,MESH:D006332,Cardiomegaly
DB01106,Levocabastine,levocabastine,C047340,MESH:D066126,Cardiotoxicity
DB01106,Levocabastine,levocabastine,C047340,MESH:D005355,Fibrosis
DB01106,Levocabastine,levocabastine,C047340,MESH:D006402,Hematologic Diseases
DB01106,Levocabastine,levocabastine,C047340,MESH:D006930,Hyperalgesia
DB01106,Levocabastine,levocabastine,C047340,MESH:D009437,Neuralgia
DB01106,Levocabastine,levocabastine,C047340,MESH:D012220,Rhinitis
DB01079,Tegaserod,tegaserod,C105050,MESH:D001424,Bacterial Infections
DB01079,Tegaserod,tegaserod,C105050,MESH:D018589,Gastroparesis
DB01079,Tegaserod,tegaserod,C105050,MESH:D043183,Irritable Bowel Syndrome
DB09216,Tolfenamic acid,tolfenamic acid,C009500,MESH:D001424,Bacterial Infections
DB09216,Tolfenamic acid,tolfenamic acid,C009500,MESH:D009362,Neoplasm Metastasis
DB00809,Tropicamide,Tropicamide,D014331,MESH:D001424,Bacterial Infections
DB00809,Tropicamide,Tropicamide,D014331,MESH:D006965,Hyperplasia
DB00809,Tropicamide,Tropicamide,D014331,MESH:D015877,Miosis
DB00809,Tropicamide,Tropicamide,D014331,MESH:D020734,Parkinsonian Disorders
DB00809,Tropicamide,Tropicamide,D014331,MESH:D014202,Tremor
DB00809,Tropicamide,Tropicamide,D014331,MESH:D014786,Vision Disorders
DB00935,Oxymetazoline,Oxymetazoline,D010109,MESH:D001424,Bacterial Infections
DB00935,Oxymetazoline,Oxymetazoline,D010109,MESH:D012640,Seizures
DB00991,Oxaprozin,Oxaprozin,D000077431,MESH:D001424,Bacterial Infections
DB00991,Oxaprozin,Oxaprozin,D000077431,MESH:D007249,Inflammation
DB00720,Clodronic acid,Clodronic Acid,D004002,MESH:D001424,Bacterial Infections
DB00720,Clodronic acid,Clodronic Acid,D004002,MESH:D001859,Bone Neoplasms
DB00720,Clodronic acid,Clodronic Acid,D004002,MESH:D001862,Bone Resorption
DB00720,Clodronic acid,Clodronic Acid,D004002,MESH:D016535,Bronchial Hyperreactivity
DB00720,Clodronic acid,Clodronic Acid,D004002,MESH:D056486,Chemical and Drug Induced Liver Injury
DB00720,Clodronic acid,Clodronic Acid,D004002,MESH:D005234,Fatty Liver
DB00720,Clodronic acid,Clodronic Acid,D004002,MESH:D006934,Hypercalcemia
DB00720,Clodronic acid,Clodronic Acid,D004002,MESH:D008103,Liver Cirrhosis
DB00720,Clodronic acid,Clodronic Acid,D004002,MESH:D009101,Multiple Myeloma
DB00720,Clodronic acid,Clodronic Acid,D004002,MESH:D009362,Neoplasm Metastasis
DB00720,Clodronic acid,Clodronic Acid,D004002,MESH:D009461,Neurologic Manifestations
DB00720,Clodronic acid,Clodronic Acid,D004002,MESH:D010146,Pain
DB00720,Clodronic acid,Clodronic Acid,D004002,MESH:D001745,Urinary Bladder Diseases
DB01137,Levofloxacin,Levofloxacin,D064704,MESH:D001424,Bacterial Infections
DB01616,Alverine,alverine,C010846,MESH:D015746,Abdominal Pain
DB01616,Alverine,alverine,C010846,MESH:D001424,Bacterial Infections
DB01616,Alverine,alverine,C010846,MESH:D006930,Hyperalgesia
DB01616,Alverine,alverine,C010846,MESH:D043183,Irritable Bowel Syndrome
DB01616,Alverine,alverine,C010846,MESH:D013035,Spasm
DB01084,Emedastine,emedastine,C043345,MESH:D001424,Bacterial Infections
DB01084,Emedastine,emedastine,C043345,MESH:D007035,Hypothermia
DB01015,Sulfamethoxazole,Sulfamethoxazole,D013420,MESH:D014552,Urinary Tract Infections
DB00213,Pantoprazole,Pantoprazole,D000077402,MESH:D015746,Abdominal Pain
DB00213,Pantoprazole,Pantoprazole,D000077402,MESH:D001471,Barrett Esophagus
DB00213,Pantoprazole,Pantoprazole,D000077402,MESH:D003967,Diarrhea
DB00213,Pantoprazole,Pantoprazole,D000077402,MESH:D004941,Esophagitis
DB00213,Pantoprazole,Pantoprazole,D000077402,MESH:D005764,Gastroesophageal Reflux
DB00213,Pantoprazole,Pantoprazole,D000077402,MESH:D006471,Gastrointestinal Hemorrhage
DB00213,Pantoprazole,Pantoprazole,D000077402,MESH:D016481,Helicobacter Infections
DB00213,Pantoprazole,Pantoprazole,D000077402,MESH:D010437,Peptic Ulcer
DB00213,Pantoprazole,Pantoprazole,D000077402,MESH:D012008,Recurrence
DB00213,Pantoprazole,Pantoprazole,D000077402,MESH:D013276,Stomach Ulcer
DB00213,Pantoprazole,Pantoprazole,D000077402,MESH:D013651,Taste Disorders
DB00213,Pantoprazole,Pantoprazole,D000077402,MESH:D014456,Ulcer
DB06144,Sertindole,sertindole,C066304,MESH:D006948,Hyperkinesis
DB06144,Sertindole,sertindole,C066304,MESH:D012559,Schizophrenia
DB06144,Sertindole,sertindole,C066304,MESH:D007319,Sleep Initiation and Maintenance Disorders
DB11757,Istradefylline,istradefylline,C111599,MESH:D001480,Basal Ganglia Diseases
DB11757,Istradefylline,istradefylline,C111599,MESH:D002545,Brain Ischemia
DB11757,Istradefylline,istradefylline,C111599,MESH:D002375,Catalepsy
DB11757,Istradefylline,istradefylline,C111599,MESH:D020820,Dyskinesias
DB11757,Istradefylline,istradefylline,C111599,MESH:D018476,Hypokinesia
DB11757,Istradefylline,istradefylline,C111599,MESH:D009127,Muscle Rigidity
DB11757,Istradefylline,istradefylline,C111599,MESH:D010300,Parkinson Disease
DB11757,Istradefylline,istradefylline,C111599,MESH:D020734,Parkinsonian Disorders
DB11757,Istradefylline,istradefylline,C111599,MESH:D014202,Tremor
DB09225,Zotepine,zotepine,C022172,MESH:D003866,Depressive Disorder
DB09225,Zotepine,zotepine,C022172,MESH:D006948,Hyperkinesis
DB09225,Zotepine,zotepine,C022172,MESH:D001523,Mental Disorders
DB09225,Zotepine,zotepine,C022172,MESH:D011618,Psychotic Disorders
DB09225,Zotepine,zotepine,C022172,MESH:D012559,Schizophrenia
DB06216,Asenapine,asenapine,C522667,MESH:D006948,Hyperkinesis
DB06216,Asenapine,asenapine,C522667,MESH:D012559,Schizophrenia
DB09286,Pipamperone,pipamperone,C005569,MESH:D001523,Mental Disorders
DB01184,Domperidone,Domperidone,D004294,MESH:D001919,Bradycardia
DB01184,Domperidone,Domperidone,D004294,MESH:D002493,Central Nervous System Diseases
DB01184,Domperidone,Domperidone,D004294,MESH:D005759,Gastroenteritis
DB01184,Domperidone,Domperidone,D004294,MESH:D005764,Gastroesophageal Reflux
DB01184,Domperidone,Domperidone,D004294,MESH:D018589,Gastroparesis
DB01184,Domperidone,Domperidone,D004294,MESH:D007022,Hypotension
DB01184,Domperidone,Domperidone,D004294,MESH:D008881,Migraine Disorders
DB01184,Domperidone,Domperidone,D004294,MESH:D009325,Nausea
DB01184,Domperidone,Domperidone,D004294,MESH:D010146,Pain
DB01184,Domperidone,Domperidone,D004294,MESH:D010300,Parkinson Disease
DB01184,Domperidone,Domperidone,D004294,MESH:D013272,Stomach Diseases
DB01184,Domperidone,Domperidone,D004294,MESH:D013375,Substance Withdrawal Syndrome
DB01184,Domperidone,Domperidone,D004294,MESH:D013610,Tachycardia
DB01184,Domperidone,Domperidone,D004294,MESH:D014277,Trigeminal Neuralgia
DB01184,Domperidone,Domperidone,D004294,MESH:D014456,Ulcer
DB01184,Domperidone,Domperidone,D004294,MESH:D014839,Vomiting
DB08922,Perospirone,perospirone,C065533,MESH:D006948,Hyperkinesis
DB08922,Perospirone,perospirone,C065533,MESH:D012559,Schizophrenia
DB08922,Perospirone,perospirone,C065533,MESH:D012640,Seizures
DB00392,Profenamine,profenamine,C084820,MESH:D001480,Basal Ganglia Diseases
DB00392,Profenamine,profenamine,C084820,MESH:D010300,Parkinson Disease
DB00392,Profenamine,profenamine,C084820,MESH:D020734,Parkinsonian Disorders
DB00392,Profenamine,profenamine,C084820,MESH:D012640,Seizures
DB00392,Profenamine,profenamine,C084820,MESH:D014202,Tremor
DB00810,Biperiden,Biperiden,D001712,MESH:D001480,Basal Ganglia Diseases
DB00810,Biperiden,Biperiden,D001712,MESH:D001714,Bipolar Disorder
DB00810,Biperiden,Biperiden,D001712,MESH:D002375,Catalepsy
DB00810,Biperiden,Biperiden,D001712,MESH:D002819,Chorea
DB00810,Biperiden,Biperiden,D001712,MESH:D003866,Depressive Disorder
DB00810,Biperiden,Biperiden,D001712,MESH:D004401,Dysarthria
DB00810,Biperiden,Biperiden,D001712,MESH:D004421,Dystonia
DB00810,Biperiden,Biperiden,D001712,MESH:D020821,Dystonic Disorders
DB00810,Biperiden,Biperiden,D001712,MESH:D009069,Movement Disorders
DB00810,Biperiden,Biperiden,D001712,MESH:D009437,Neuralgia
DB00810,Biperiden,Biperiden,D001712,MESH:D010300,Parkinson Disease
DB00810,Biperiden,Biperiden,D001712,MESH:D020734,Parkinsonian Disorders
DB00810,Biperiden,Biperiden,D001712,MESH:D011595,Psychomotor Agitation
DB00810,Biperiden,Biperiden,D001712,MESH:D011618,Psychotic Disorders
DB00810,Biperiden,Biperiden,D001712,MESH:D012559,Schizophrenia
DB00810,Biperiden,Biperiden,D001712,MESH:D012640,Seizures
DB00810,Biperiden,Biperiden,D001712,MESH:D013375,Substance Withdrawal Syndrome
DB00810,Biperiden,Biperiden,D001712,MESH:D014103,Torticollis
DB00810,Biperiden,Biperiden,D001712,MESH:D014202,Tremor
DB00737,Meclizine,Meclizine,D008468,MESH:D009325,Nausea
DB00737,Meclizine,Meclizine,D008468,MESH:D013375,Substance Withdrawal Syndrome
DB01623,Thiothixene,Thiothixene,D013888,MESH:D001714,Bipolar Disorder
DB01623,Thiothixene,Thiothixene,D013888,MESH:D003866,Depressive Disorder
DB01623,Thiothixene,Thiothixene,D013888,MESH:D006948,Hyperkinesis
DB01623,Thiothixene,Thiothixene,D013888,MESH:D011618,Psychotic Disorders
DB01623,Thiothixene,Thiothixene,D013888,MESH:D012559,Schizophrenia
DB00621,Oxandrolone,Oxandrolone,D010074,MESH:D002056,Burns
DB00621,Oxandrolone,Oxandrolone,D010074,MESH:D019247,HIV Wasting Syndrome
DB00621,Oxandrolone,Oxandrolone,D010074,MESH:D007006,Hypogonadism
DB00621,Oxandrolone,Oxandrolone,D010074,MESH:D010437,Peptic Ulcer
DB00621,Oxandrolone,Oxandrolone,D010074,MESH:D012640,Seizures
DB00609,Ethionamide,Ethionamide,D005000,MESH:D014376,Tuberculosis
DB00726,Trimipramine,Trimipramine,D014299,MESH:D003866,Depressive Disorder
DB00726,Trimipramine,Trimipramine,D014299,MESH:D008288,Malaria
DB00726,Trimipramine,Trimipramine,D014299,MESH:D001523,Mental Disorders
DB01403,Methotrimeprazine,Methotrimeprazine,D008728,MESH:D003866,Depressive Disorder
DB01403,Methotrimeprazine,Methotrimeprazine,D008728,MESH:D006212,Hallucinations
DB01403,Methotrimeprazine,Methotrimeprazine,D008728,MESH:D017116,Low Back Pain
DB01403,Methotrimeprazine,Methotrimeprazine,D008728,MESH:D003865,Major Depressive Disorder
DB01403,Methotrimeprazine,Methotrimeprazine,D008728,MESH:D001523,Mental Disorders
DB01403,Methotrimeprazine,Methotrimeprazine,D008728,MESH:D010146,Pain
DB01403,Methotrimeprazine,Methotrimeprazine,D008728,MESH:D010554,Personality Disorders
DB01403,Methotrimeprazine,Methotrimeprazine,D008728,MESH:D011183,Postoperative Complications
DB01403,Methotrimeprazine,Methotrimeprazine,D008728,MESH:D010149,Postoperative Pain
DB01403,Methotrimeprazine,Methotrimeprazine,D008728,MESH:D011618,Psychotic Disorders
DB01403,Methotrimeprazine,Methotrimeprazine,D008728,MESH:D012559,Schizophrenia
DB01403,Methotrimeprazine,Methotrimeprazine,D008728,MESH:D007319,Sleep Initiation and Maintenance Disorders
DB01171,Moclobemide,Moclobemide,D020912,MESH:D001714,Bipolar Disorder
DB01171,Moclobemide,Moclobemide,D020912,MESH:D003866,Depressive Disorder
DB01171,Moclobemide,Moclobemide,D020912,MESH:D007022,Hypotension
DB01171,Moclobemide,Moclobemide,D020912,MESH:D003865,Major Depressive Disorder
DB01171,Moclobemide,Moclobemide,D020912,MESH:D001523,Mental Disorders
DB09185,Viloxazine,Viloxazine,D014745,MESH:D003866,Depressive Disorder
DB09185,Viloxazine,Viloxazine,D014745,MESH:D001523,Mental Disorders
DB00234,Reboxetine,Reboxetine,D000077593,MESH:D019969,Amphetamine-Related Disorders
DB00234,Reboxetine,Reboxetine,D000077593,MESH:D001714,Bipolar Disorder
DB00234,Reboxetine,Reboxetine,D000077593,MESH:D019970,Cocaine-Related Disorders
DB00234,Reboxetine,Reboxetine,D000077593,MESH:D003866,Depressive Disorder
DB00234,Reboxetine,Reboxetine,D000077593,MESH:D003865,Major Depressive Disorder
DB00234,Reboxetine,Reboxetine,D000077593,MESH:D001523,Mental Disorders
DB00234,Reboxetine,Reboxetine,D000077593,MESH:D013375,Substance Withdrawal Syndrome
DB00830,Phenmetrazine,Phenmetrazine,D010633,MESH:D019970,Cocaine-Related Disorders
DB00535,Cefdinir,Cefdinir,D000077525,MESH:D005334,Fever
DB00218,Moxifloxacin,Moxifloxacin,D000077266,MESH:D002177,Candidiasis
DB00218,Moxifloxacin,Moxifloxacin,D000077266,MESH:D011014,Pneumonia
DB00218,Moxifloxacin,Moxifloxacin,D000077266,MESH:D012141,Respiratory Tract Infections
DB00218,Moxifloxacin,Moxifloxacin,D000077266,MESH:D013203,Staphylococcal Infections
DB00207,Azithromycin,Azithromycin,D017963,MESH:D015746,Abdominal Pain
DB00207,Azithromycin,Azithromycin,D017963,MESH:D001766,Blindness
DB00207,Azithromycin,Azithromycin,D017963,MESH:D002690,Chlamydia Infections
DB00207,Azithromycin,Azithromycin,D017963,MESH:D003967,Diarrhea
DB00207,Azithromycin,Azithromycin,D017963,MESH:D007249,Inflammation
DB00207,Azithromycin,Azithromycin,D017963,MESH:D007964,Leukocytosis
DB00207,Azithromycin,Azithromycin,D017963,MESH:D009164,Mycobacterium Infections
DB00207,Azithromycin,Azithromycin,D017963,MESH:D011008,Pneumococcal Infections
DB00207,Azithromycin,Azithromycin,D017963,MESH:D011014,Pneumonia
DB00207,Azithromycin,Azithromycin,D017963,MESH:D015427,Reperfusion Injury
DB00207,Azithromycin,Azithromycin,D017963,MESH:D012141,Respiratory Tract Infections
DB00207,Azithromycin,Azithromycin,D017963,MESH:D012393,Rosacea
DB00207,Azithromycin,Azithromycin,D017963,MESH:D014839,Vomiting
DB08995,Diosmin,Diosmin,D004145,MESH:D056486,Chemical and Drug Induced Liver Injury
DB08995,Diosmin,Diosmin,D004145,MESH:D048550,Hepatic Insufficiency
DB08995,Diosmin,Diosmin,D004145,MESH:D006529,Hepatomegaly
DB08995,Diosmin,Diosmin,D004145,MESH:D055370,Lung Injury
DB08995,Diosmin,Diosmin,D004145,MESH:D008175,Lung Neoplasms
DB08995,Diosmin,Diosmin,D004145,MESH:D011470,Prostatic Hyperplasia
DB00344,Protriptyline,Protriptyline,D011530,MESH:D002375,Catalepsy
DB00344,Protriptyline,Protriptyline,D011530,MESH:D003866,Depressive Disorder
DB00344,Protriptyline,Protriptyline,D011530,MESH:D008288,Malaria
DB01215,Estazolam,Estazolam,D004949,MESH:D001714,Bipolar Disorder
DB01215,Estazolam,Estazolam,D004949,MESH:D007319,Sleep Initiation and Maintenance Disorders
DB06756,Betaine,Betaine,D001622,MESH:D001724,Birth Weight
DB06756,Betaine,Betaine,D001622,MESH:D056486,Chemical and Drug Induced Liver Injury
DB06756,Betaine,Betaine,D001622,MESH:D003711,Demyelinating Diseases
DB06756,Betaine,Betaine,D001622,MESH:D004487,Edema
DB06756,Betaine,Betaine,D001622,MESH:D005355,Fibrosis
DB06756,Betaine,Betaine,D001622,MESH:D018149,Glucose Intolerance
DB06756,Betaine,Betaine,D001622,MESH:D048550,Hepatic Insufficiency
DB06756,Betaine,Betaine,D001622,MESH:D006529,Hepatomegaly
DB06756,Betaine,Betaine,D001622,MESH:D006712,Homocystinuria
DB06756,Betaine,Betaine,D001622,MESH:D007249,Inflammation
DB06756,Betaine,Betaine,D001622,MESH:D007410,Intestinal Diseases
DB06756,Betaine,Betaine,D001622,MESH:D007674,Kidney Diseases
DB06756,Betaine,Betaine,D001622,MESH:D052439,Lipid Metabolism Disorders
DB06756,Betaine,Betaine,D001622,MESH:D008113,Liver Neoplasms
DB06756,Betaine,Betaine,D001622,MESH:D008569,Memory Disorders
DB06756,Betaine,Betaine,D001622,MESH:D009203,Myocardial Infarction
DB06756,Betaine,Betaine,D001622,MESH:D017202,Myocardial Ischemia
DB06756,Betaine,Betaine,D001622,MESH:D009436,Neural Tube Defects
DB06756,Betaine,Betaine,D001622,MESH:D010182,Pancreatic Diseases
DB06756,Betaine,Betaine,D001622,MESH:D010922,Placenta Diseases
DB06756,Betaine,Betaine,D001622,MESH:D013610,Tachycardia
DB06756,Betaine,Betaine,D001622,MESH:D014657,Vasculitis
DB06756,Betaine,Betaine,D001622,MESH:D020257,Ventricular Remodeling
DB06756,Betaine,Betaine,D001622,MESH:D015431,Weight Loss
DB01419,Antrafenine,antrafenine,C017014,MESH:D004487,Edema
DB01419,Antrafenine,antrafenine,C017014,MESH:D010003,Osteoarthritis
DB01419,Antrafenine,antrafenine,C017014,MESH:D010146,Pain
DB00179,Masoprocol,Masoprocol,D009637,MESH:D001943,Breast Neoplasms
DB00179,Masoprocol,Masoprocol,D009637,MESH:D003110,Colonic Neoplasms
DB00179,Masoprocol,Masoprocol,D009637,MESH:D004487,Edema
DB00179,Masoprocol,Masoprocol,D009637,MESH:D006930,Hyperalgesia
DB00179,Masoprocol,Masoprocol,D009637,MESH:D007674,Kidney Diseases
DB00179,Masoprocol,Masoprocol,D009637,MESH:D010146,Pain
DB00179,Masoprocol,Masoprocol,D009637,MESH:D011471,Prostatic Neoplasms
DB00179,Masoprocol,Masoprocol,D009637,MESH:D011507,Proteinuria
DB00179,Masoprocol,Masoprocol,D009637,MESH:D012878,Skin Neoplasms
DB00179,Masoprocol,Masoprocol,D009637,MESH:D001745,Urinary Bladder Diseases
DB00429,Carboprost tromethamine,carboprost tromethamine,C062843,MESH:D003556,Cystitis
DB00429,Carboprost tromethamine,carboprost tromethamine,C062843,MESH:D006417,Hematuria
DB00429,Carboprost tromethamine,carboprost tromethamine,C062843,MESH:D006470,Hemorrhage
DB06196,Icatibant,icatibant,C065679,MESH:D058186,Acute Kidney Injury
DB06196,Icatibant,icatibant,C065679,MESH:D056486,Chemical and Drug Induced Liver Injury
DB06196,Icatibant,icatibant,C065679,MESH:D005119,Extravasation of Diagnostic and Therapeutic Materials
DB06196,Icatibant,icatibant,C065679,MESH:D006930,Hyperalgesia
DB06196,Icatibant,icatibant,C065679,MESH:D006940,Hyperemia
DB06196,Icatibant,icatibant,C065679,MESH:D006941,Hyperesthesia
DB06196,Icatibant,icatibant,C065679,MESH:D007022,Hypotension
DB06196,Icatibant,icatibant,C065679,MESH:D008171,Lung Diseases
DB06196,Icatibant,icatibant,C065679,MESH:D010146,Pain
DB06196,Icatibant,icatibant,C065679,MESH:D011658,Pulmonary Fibrosis
DB06196,Icatibant,icatibant,C065679,MESH:D001745,Urinary Bladder Diseases
DB01036,Tolterodine,Tolterodine Tartrate,D000068737,MESH:D001748,Urinary Bladder Neck Obstruction
DB12001,Abemaciclib,abemaciclib,C000590451,MESH:D001943,Breast Neoplasms
DB12001,Abemaciclib,abemaciclib,C000590451,MESH:D064726,Triple Negative Breast Neoplasms
DB12001,Abemaciclib,abemaciclib,C000590451,MESH:D001749,Urinary Bladder Neoplasms
DB01214,Metipranolol,Metipranolol,D014290,MESH:D006973,Hypertension
DB01214,Metipranolol,Metipranolol,D014290,MESH:D007008,Hypokalemia
DB01214,Metipranolol,Metipranolol,D014290,MESH:D013610,Tachycardia
DB00805,Minaprine,minaprine,C006149,MESH:D001763,Blepharoptosis
DB00805,Minaprine,minaprine,C006149,MESH:D002375,Catalepsy
DB00805,Minaprine,minaprine,C006149,MESH:D003866,Depressive Disorder
DB01010,Edrophonium,Edrophonium,D004491,MESH:D001763,Blepharoptosis
DB01010,Edrophonium,Edrophonium,D004491,MESH:D007022,Hypotension
DB01010,Edrophonium,Edrophonium,D004491,MESH:D018908,Muscle Weakness
DB01010,Edrophonium,Edrophonium,D004491,MESH:D009157,Myasthenia Gravis
DB01010,Edrophonium,Edrophonium,D004491,MESH:D009468,Neuromuscular Diseases
DB01010,Edrophonium,Edrophonium,D004491,MESH:D010243,Paralysis
DB09166,Etizolam,etizolam,C044610,MESH:D003865,Major Depressive Disorder
DB09166,Etizolam,etizolam,C044610,MESH:D012640,Seizures
DB04838,Cyclandelate,Cyclandelate,D003495,MESH:D001766,Blindness
DB12328,Cantharidin,Cantharidin,D002193,MESH:D008175,Lung Neoplasms
DB12328,Cantharidin,Cantharidin,D002193,MESH:D009361,Neoplasm Invasiveness
DB12328,Cantharidin,Cantharidin,D002193,MESH:D009369,Neoplasms
DB12328,Cantharidin,Cantharidin,D002193,MESH:D013274,Stomach Neoplasms
DB13125,Lusutrombopag,lusutrombopag,C000611387,MESH:D001791,Blood Platelet Disorders
DB00884,Risedronic acid,Risedronic Acid,D000068296,MESH:D001847,Bone Diseases
DB00884,Risedronic acid,Risedronic Acid,D000068296,MESH:D008654,Mesothelioma
DB00884,Risedronic acid,Risedronic Acid,D000068296,MESH:D010024,Osteoporosis
DB06693,Mevastatin,mevastatin,C012258,MESH:D001862,Bone Resorption
DB00724,Imiquimod,Imiquimod,D000077271,MESH:D002280,Basal Cell Carcinoma
DB00724,Imiquimod,Imiquimod,D000077271,MESH:D001913,Bowen's Disease
DB00724,Imiquimod,Imiquimod,D000077271,MESH:D006391,Hemangioma
DB00724,Imiquimod,Imiquimod,D000077271,MESH:D007642,Keratosis
DB08868,Fingolimod,Fingolimod Hydrochloride,D000068876,MESH:D055371,Acute Lung Injury
DB08868,Fingolimod,Fingolimod Hydrochloride,D000068876,MESH:D050197,Atherosclerosis
DB08868,Fingolimod,Fingolimod Hydrochloride,D000068876,MESH:D056486,Chemical and Drug Induced Liver Injury
DB08868,Fingolimod,Fingolimod Hydrochloride,D000068876,MESH:D005921,Glomerulonephritis
DB08868,Fingolimod,Fingolimod Hydrochloride,D000068876,MESH:D006940,Hyperemia
DB08868,Fingolimod,Fingolimod Hydrochloride,D000068876,MESH:D009103,Multiple Sclerosis
DB08868,Fingolimod,Fingolimod Hydrochloride,D000068876,MESH:D009361,Neoplasm Invasiveness
DB08868,Fingolimod,Fingolimod Hydrochloride,D000068876,MESH:D011507,Proteinuria
DB08868,Fingolimod,Fingolimod Hydrochloride,D000068876,MESH:D011658,Pulmonary Fibrosis
DB08868,Fingolimod,Fingolimod Hydrochloride,D000068876,MESH:D015431,Weight Loss
DB09477,Enalaprilat,Enalaprilat,D015773,MESH:D006332,Cardiomegaly
DB09477,Enalaprilat,Enalaprilat,D015773,MESH:D009202,Cardiomyopathies
DB09477,Enalaprilat,Enalaprilat,D015773,MESH:D006973,Hypertension
DB09477,Enalaprilat,Enalaprilat,D015773,MESH:D008133,Long QT Syndrome
DB09477,Enalaprilat,Enalaprilat,D015773,MESH:D014652,Vascular Diseases
DB00723,Methoxamine,Methoxamine,D008729,MESH:D002375,Catalepsy
DB00723,Methoxamine,Methoxamine,D008729,MESH:D007022,Hypotension
DB00723,Methoxamine,Methoxamine,D008729,MESH:D012640,Seizures
DB01210,Levobunolol,Levobunolol,D002040,MESH:D005901,Glaucoma
DB01210,Levobunolol,Levobunolol,D002040,MESH:D009798,Ocular Hypertension
DB01210,Levobunolol,Levobunolol,D002040,MESH:D013610,Tachycardia
DB06711,Naphazoline,Naphazoline,D009278,MESH:D002375,Catalepsy
DB04948,Lofexidine,lofexidine,C025655,MESH:D019970,Cocaine-Related Disorders
DB04948,Lofexidine,lofexidine,C025655,MESH:D006556,Heroin Dependence
DB04948,Lofexidine,lofexidine,C025655,MESH:D009293,Opioid-Related Disorders
DB04948,Lofexidine,lofexidine,C025655,MESH:D013276,Stomach Ulcer
DB04948,Lofexidine,lofexidine,C025655,MESH:D013375,Substance Withdrawal Syndrome
DB08838,Agmatine,Agmatine,D000376,MESH:D001919,Bradycardia
DB08838,Agmatine,Agmatine,D000376,MESH:D002544,Cerebral Infarction
DB08838,Agmatine,Agmatine,D000376,MESH:D056486,Chemical and Drug Induced Liver Injury
DB08838,Agmatine,Agmatine,D000376,MESH:D003072,Cognition Disorders
DB08838,Agmatine,Agmatine,D000376,MESH:D005234,Fatty Liver
DB08838,Agmatine,Agmatine,D000376,MESH:D006930,Hyperalgesia
DB08838,Agmatine,Agmatine,D000376,MESH:D007022,Hypotension
DB08838,Agmatine,Agmatine,D000376,MESH:D007249,Inflammation
DB08838,Agmatine,Agmatine,D000376,MESH:D009021,Morphine Dependence
DB08838,Agmatine,Agmatine,D000376,MESH:D009336,Necrosis
DB08838,Agmatine,Agmatine,D000376,MESH:D009293,Opioid-Related Disorders
DB08838,Agmatine,Agmatine,D000376,MESH:D010146,Pain
DB08838,Agmatine,Agmatine,D000376,MESH:D013375,Substance Withdrawal Syndrome
DB04861,Nebivolol,Nebivolol,D000068577,MESH:D050197,Atherosclerosis
DB04861,Nebivolol,Nebivolol,D000068577,MESH:D056486,Chemical and Drug Induced Liver Injury
DB04861,Nebivolol,Nebivolol,D000068577,MESH:D005357,Fibrous Dysplasia of Bone
DB04861,Nebivolol,Nebivolol,D000068577,MESH:D006973,Hypertension
DB04861,Nebivolol,Nebivolol,D000068577,MESH:D058426,Neointima
DB04861,Nebivolol,Nebivolol,D000068577,MESH:D010024,Osteoporosis
DB04861,Nebivolol,Nebivolol,D000068577,MESH:D013610,Tachycardia
DB00953,Rizatriptan,rizatriptan,C093622,MESH:D006930,Hyperalgesia
DB00953,Rizatriptan,rizatriptan,C093622,MESH:D008881,Migraine Disorders
DB00953,Rizatriptan,rizatriptan,C093622,MESH:D020326,Migraine without Aura
DB00953,Rizatriptan,rizatriptan,C093622,MESH:D009325,Nausea
DB00953,Rizatriptan,rizatriptan,C093622,MESH:D020795,Photophobia
DB00964,Apraclonidine,apraclonidine,C016986,MESH:D005141,Eyelid Diseases
DB00964,Apraclonidine,apraclonidine,C016986,MESH:D009798,Ocular Hypertension
DB00964,Apraclonidine,apraclonidine,C016986,MESH:D010149,Postoperative Pain
DB00670,Pirenzepine,Pirenzepine,D010890,MESH:D002375,Catalepsy
DB00670,Pirenzepine,Pirenzepine,D010890,MESH:D004381,Duodenal Ulcer
DB00670,Pirenzepine,Pirenzepine,D010890,MESH:D006973,Hypertension
DB00670,Pirenzepine,Pirenzepine,D010890,MESH:D009127,Muscle Rigidity
DB00670,Pirenzepine,Pirenzepine,D010890,MESH:D009216,Myopia
DB00670,Pirenzepine,Pirenzepine,D010890,MESH:D010437,Peptic Ulcer
DB00670,Pirenzepine,Pirenzepine,D010890,MESH:D012640,Seizures
DB00670,Pirenzepine,Pirenzepine,D010890,MESH:D013276,Stomach Ulcer
DB00670,Pirenzepine,Pirenzepine,D010890,MESH:D014202,Tremor
DB01170,Guanethidine,Guanethidine,D006145,MESH:D001919,Bradycardia
DB01170,Guanethidine,Guanethidine,D006145,MESH:D005901,Glaucoma
DB01170,Guanethidine,Guanethidine,D006145,MESH:D006930,Hyperalgesia
DB01170,Guanethidine,Guanethidine,D006145,MESH:D006973,Hypertension
DB01170,Guanethidine,Guanethidine,D006145,MESH:D007022,Hypotension
DB01170,Guanethidine,Guanethidine,D006145,MESH:D009203,Myocardial Infarction
DB01170,Guanethidine,Guanethidine,D006145,MESH:D010146,Pain
DB01170,Guanethidine,Guanethidine,D006145,MESH:D013375,Substance Withdrawal Syndrome
DB01192,Oxymorphone,Oxymorphone,D010111,MESH:D003371,Cough
DB01192,Oxymorphone,Oxymorphone,D010111,MESH:D017116,Low Back Pain
DB01192,Oxymorphone,Oxymorphone,D010111,MESH:D010146,Pain
DB01192,Oxymorphone,Oxymorphone,D010111,MESH:D010149,Postoperative Pain
DB01004,Ganciclovir,Ganciclovir,D015774,MESH:D058186,Acute Kidney Injury
DB01004,Ganciclovir,Ganciclovir,D015774,MESH:D017088,AIDS-Related Opportunistic Infections
DB01004,Ganciclovir,Ganciclovir,D015774,MESH:D003586,Cytomegalovirus Infections
DB01004,Ganciclovir,Ganciclovir,D015774,MESH:D004660,Encephalitis
DB01004,Ganciclovir,Ganciclovir,D015774,MESH:D005221,Fatigue
DB01004,Ganciclovir,Ganciclovir,D015774,MESH:D006509,Hepatitis B
DB01004,Ganciclovir,Ganciclovir,D015774,MESH:D012640,Seizures
DB08799,Antazoline,Antazoline,D000865,MESH:D001930,Brain Injuries
DB08799,Antazoline,Antazoline,D000865,MESH:D013226,Status Epilepticus
DB06204,Tapentadol,Tapentadol,D000077432,MESH:D010146,Pain
DB00733,Pralidoxime,pralidoxime,C028797,MESH:D001930,Brain Injuries
DB00733,Pralidoxime,pralidoxime,C028797,MESH:D020258,Neurotoxicity Syndromes
DB00733,Pralidoxime,pralidoxime,C028797,MESH:D010243,Paralysis
DB00733,Pralidoxime,pralidoxime,C028797,MESH:D012640,Seizures
DB00733,Pralidoxime,pralidoxime,C028797,MESH:D013226,Status Epilepticus
DB00990,Exemestane,exemestane,C056516,MESH:D001943,Breast Neoplasms
DB04960,Tipifarnib,tipifarnib,C402769,MESH:D001943,Breast Neoplasms
DB04960,Tipifarnib,tipifarnib,C402769,MESH:D003110,Colonic Neoplasms
DB04960,Tipifarnib,tipifarnib,C402769,MESH:D007249,Inflammation
DB04960,Tipifarnib,tipifarnib,C402769,MESH:D008175,Lung Neoplasms
DB04960,Tipifarnib,tipifarnib,C402769,MESH:D009101,Multiple Myeloma
DB04960,Tipifarnib,tipifarnib,C402769,MESH:D012878,Skin Neoplasms
DB11641,Vinflunine,vinflunine,C111217,MESH:D001943,Breast Neoplasms
DB01126,Dutasteride,Dutasteride,D000068538,MESH:D001943,Breast Neoplasms
DB01126,Dutasteride,Dutasteride,D000068538,MESH:D011470,Prostatic Hyperplasia
DB01126,Dutasteride,Dutasteride,D000068538,MESH:D011471,Prostatic Neoplasms
DB11431,Moxidectin,moxidectin,C027837,MESH:D001943,Breast Neoplasms
DB11431,Moxidectin,moxidectin,C027837,MESH:D004283,Dog Diseases
DB11431,Moxidectin,moxidectin,C027837,MESH:D005767,Gastrointestinal Diseases
DB00539,Toremifene,Toremifene,D017312,MESH:D001943,Breast Neoplasms
DB00539,Toremifene,Toremifene,D017312,MESH:D008113,Liver Neoplasms
DB00539,Toremifene,Toremifene,D017312,MESH:D010911,Pituitary Neoplasms
DB00539,Toremifene,Toremifene,D017312,MESH:D011230,Precancerous Conditions
DB00539,Toremifene,Toremifene,D017312,MESH:D013736,Testicular Neoplasms
DB02342,2-Methoxyestradiol,2-Methoxyestradiol,D000077584,MESH:D001943,Breast Neoplasms
DB02342,2-Methoxyestradiol,2-Methoxyestradiol,D000077584,MESH:D006332,Cardiomegaly
DB02342,2-Methoxyestradiol,2-Methoxyestradiol,D000077584,MESH:D015179,Colorectal Neoplasms
DB02342,2-Methoxyestradiol,2-Methoxyestradiol,D000077584,MESH:D005355,Fibrosis
DB02342,2-Methoxyestradiol,2-Methoxyestradiol,D000077584,MESH:D010190,Pancreatic Neoplasms
DB02342,2-Methoxyestradiol,2-Methoxyestradiol,D000077584,MESH:D011470,Prostatic Hyperplasia
DB02342,2-Methoxyestradiol,2-Methoxyestradiol,D000077584,MESH:D011471,Prostatic Neoplasms
DB01259,Lapatinib,Lapatinib,D000077341,MESH:D001943,Breast Neoplasms
DB01259,Lapatinib,Lapatinib,D000077341,MESH:D013274,Stomach Neoplasms
DB00140,Riboflavin,Riboflavin,D012256,MESH:D001943,Breast Neoplasms
DB00140,Riboflavin,Riboflavin,D012256,MESH:D002386,Cataract
DB00140,Riboflavin,Riboflavin,D012256,MESH:D015179,Colorectal Neoplasms
DB00140,Riboflavin,Riboflavin,D012256,MESH:D006261,Headache
DB00140,Riboflavin,Riboflavin,D012256,MESH:D006951,Hyperlipoproteinemias
DB00140,Riboflavin,Riboflavin,D012256,MESH:D015228,Hypertriglyceridemia
DB00140,Riboflavin,Riboflavin,D012256,MESH:D007249,Inflammation
DB00140,Riboflavin,Riboflavin,D012256,MESH:D008881,Migraine Disorders
DB00140,Riboflavin,Riboflavin,D012256,MESH:D009369,Neoplasms
DB00140,Riboflavin,Riboflavin,D012256,MESH:D019954,Neurobehavioral Manifestations
DB00140,Riboflavin,Riboflavin,D012256,MESH:D009845,Oligospermia
DB00140,Riboflavin,Riboflavin,D012256,MESH:D012871,Skin Diseases
DB00140,Riboflavin,Riboflavin,D012256,MESH:D020521,Stroke
DB00140,Riboflavin,Riboflavin,D012256,MESH:D013733,Testicular Diseases
DB00140,Riboflavin,Riboflavin,D012256,MESH:D015431,Weight Loss
DB09074,Olaparib,olaparib,C531550,MESH:D001943,Breast Neoplasms
DB09074,Olaparib,olaparib,C531550,MESH:D056486,Chemical and Drug Induced Liver Injury
DB09074,Olaparib,olaparib,C531550,MESH:D005234,Fatty Liver
DB09074,Olaparib,olaparib,C531550,MESH:D009410,Nerve Degeneration
DB04574,Estrone sulfate,Estrone,D004970,MESH:D006943,Hyperglycemia
DB04574,Estrone sulfate,Estrone,D004970,MESH:D006946,Hyperinsulinism
DB04574,Estrone sulfate,Estrone,D004970,MESH:D010182,Pancreatic Diseases
DB01324,Polythiazide,Polythiazide,D011139,MESH:D006973,Hypertension
DB01324,Polythiazide,Polythiazide,D011139,MESH:D009765,Obesity
DB08816,Ticagrelor,Ticagrelor,D000077486,MESH:D003324,Coronary Artery Disease
DB01166,Cilostazol,Cilostazol,D000077407,MESH:D002357,Cartilage Diseases
DB01166,Cilostazol,Cilostazol,D000077407,MESH:D002543,Cerebral Hemorrhage
DB01166,Cilostazol,Cilostazol,D000077407,MESH:D002544,Cerebral Infarction
DB01166,Cilostazol,Cilostazol,D000077407,MESH:D048909,Diabetes Complications
DB01166,Cilostazol,Cilostazol,D000077407,MESH:D006333,Heart Failure
DB01166,Cilostazol,Cilostazol,D000077407,MESH:D006965,Hyperplasia
DB01166,Cilostazol,Cilostazol,D000077407,MESH:D020300,Intracranial Hemorrhages
DB01166,Cilostazol,Cilostazol,D000077407,MESH:D007674,Kidney Diseases
DB01166,Cilostazol,Cilostazol,D000077407,MESH:D009203,Myocardial Infarction
DB01166,Cilostazol,Cilostazol,D000077407,MESH:D010049,Ovarian Diseases
DB01166,Cilostazol,Cilostazol,D000077407,MESH:D011014,Pneumonia
DB01166,Cilostazol,Cilostazol,D000077407,MESH:D020521,Stroke
DB01166,Cilostazol,Cilostazol,D000077407,MESH:D013345,Subarachnoid Hemorrhage
DB01166,Cilostazol,Cilostazol,D000077407,MESH:D013927,Thrombosis
DB00467,Enoxacin,Enoxacin,D015365,MESH:D001987,Bronchiectasis
DB00467,Enoxacin,Enoxacin,D015365,MESH:D016870,Neisseriaceae Infections
DB00467,Enoxacin,Enoxacin,D015365,MESH:D011014,Pneumonia
DB00467,Enoxacin,Enoxacin,D015365,MESH:D012640,Seizures
DB00671,Cefixime,Cefixime,D020682,MESH:D004927,Escherichia coli Infections
DB00671,Cefixime,Cefixime,D020682,MESH:D011008,Pneumococcal Infections
DB00671,Cefixime,Cefixime,D020682,MESH:D011014,Pneumonia
DB00671,Cefixime,Cefixime,D020682,MESH:D012141,Respiratory Tract Infections
DB00671,Cefixime,Cefixime,D020682,MESH:D014552,Urinary Tract Infections
DB00618,Demeclocycline,Demeclocycline,D003707,MESH:D006948,Hyperkinesis
DB00618,Demeclocycline,Demeclocycline,D003707,MESH:D007010,Hyponatremia
DB00618,Demeclocycline,Demeclocycline,D003707,MESH:D007177,Inappropriate ADH Syndrome
DB01022,Vitamin K1,Vitamin K 1,D010837,MESH:D002543,Cerebral Hemorrhage
DB01022,Vitamin K1,Vitamin K 1,D010837,MESH:D006406,Hematoma
DB01022,Vitamin K1,Vitamin K 1,D010837,MESH:D020300,Intracranial Hemorrhages
DB01022,Vitamin K1,Vitamin K 1,D010837,MESH:D053040,Nephrolithiasis
DB00760,Meropenem,Meropenem,D000077731,MESH:D004927,Escherichia coli Infections
DB00760,Meropenem,Meropenem,D000077731,MESH:D016908,Gram-Positive Bacterial Infections
DB00760,Meropenem,Meropenem,D000077731,MESH:D008581,Meningitis
DB00760,Meropenem,Meropenem,D000077731,MESH:D011014,Pneumonia
DB00760,Meropenem,Meropenem,D000077731,MESH:D013203,Staphylococcal Infections
DB01141,Micafungin,Micafungin,D000077551,MESH:D002177,Candidiasis
DB01141,Micafungin,Micafungin,D000077551,MESH:D066126,Cardiotoxicity
DB01141,Micafungin,Micafungin,D000077551,MESH:D011014,Pneumonia
DB01208,Sparfloxacin,sparfloxacin,C061363,MESH:D011472,Prostatitis
DB01208,Sparfloxacin,sparfloxacin,C061363,MESH:D014552,Urinary Tract Infections
DB06777,Chenodeoxycholic acid,Chenodeoxycholic Acid,D002635,MESH:D042882,Gallstones
DB06777,Chenodeoxycholic acid,Chenodeoxycholic Acid,D002635,MESH:D006949,Hyperlipidemias
DB06777,Chenodeoxycholic acid,Chenodeoxycholic Acid,D002635,MESH:D014376,Tuberculosis
DB06777,Chenodeoxycholic acid,Chenodeoxycholic Acid,D002635,MESH:D015430,Weight Gain
DB08916,Afatinib,Afatinib,D000077716,MESH:D008175,Lung Neoplasms
DB00796,Candesartan cilexetil,candesartan cilexetil,C077793,MESH:D006332,Cardiomegaly
DB00796,Candesartan cilexetil,candesartan cilexetil,C077793,MESH:D003928,Diabetic Nephropathies
DB00796,Candesartan cilexetil,candesartan cilexetil,C077793,MESH:D005921,Glomerulonephritis
DB00796,Candesartan cilexetil,candesartan cilexetil,C077793,MESH:D006331,Heart Diseases
DB00796,Candesartan cilexetil,candesartan cilexetil,C077793,MESH:D006333,Heart Failure
DB00796,Candesartan cilexetil,candesartan cilexetil,C077793,MESH:D006973,Hypertension
DB00796,Candesartan cilexetil,candesartan cilexetil,C077793,MESH:D007674,Kidney Diseases
DB00796,Candesartan cilexetil,candesartan cilexetil,C077793,MESH:D011507,Proteinuria
DB00796,Candesartan cilexetil,candesartan cilexetil,C077793,MESH:D066253,Vascular Remodeling
DB00796,Candesartan cilexetil,candesartan cilexetil,C077793,MESH:D020257,Ventricular Remodeling
DB09072,Sodium oxybate,Sodium Oxybate,D012978,MESH:D020329,Essential Tremor
DB09072,Sodium oxybate,Sodium Oxybate,D012978,MESH:D009290,Narcolepsy
DB09072,Sodium oxybate,Sodium Oxybate,D012978,MESH:D012640,Seizures
DB00284,Acarbose,Acarbose,D020909,MESH:D002318,Cardiovascular Diseases
DB00284,Acarbose,Acarbose,D020909,MESH:D004719,Endomyocardial Fibrosis
DB00284,Acarbose,Acarbose,D020909,MESH:D005234,Fatty Liver
DB00284,Acarbose,Acarbose,D020909,MESH:D005770,Gastrointestinal Neoplasms
DB00284,Acarbose,Acarbose,D020909,MESH:D006943,Hyperglycemia
DB00284,Acarbose,Acarbose,D020909,MESH:D007249,Inflammation
DB00284,Acarbose,Acarbose,D020909,MESH:D065626,Non-alcoholic Fatty Liver Disease
DB00284,Acarbose,Acarbose,D020909,MESH:D009765,Obesity
DB04854,Febuxostat,Febuxostat,D000069465,MESH:D055371,Acute Lung Injury
DB04854,Febuxostat,Febuxostat,D000069465,MESH:D066126,Cardiotoxicity
DB04854,Febuxostat,Febuxostat,D000069465,MESH:D056486,Chemical and Drug Induced Liver Injury
DB04854,Febuxostat,Febuxostat,D000069465,MESH:D004714,Endometrial Hyperplasia
DB04854,Febuxostat,Febuxostat,D000069465,MESH:D004719,Endomyocardial Fibrosis
DB04854,Febuxostat,Febuxostat,D000069465,MESH:D006073,Gout
DB04854,Febuxostat,Febuxostat,D000069465,MESH:D033461,Hyperuricemia
DB04854,Febuxostat,Febuxostat,D000069465,MESH:D007249,Inflammation
DB04854,Febuxostat,Febuxostat,D000069465,MESH:D007674,Kidney Diseases
DB04854,Febuxostat,Febuxostat,D000069465,MESH:D011658,Pulmonary Fibrosis
DB04854,Febuxostat,Febuxostat,D000069465,MESH:D015431,Weight Loss
DB06719,Buserelin,Buserelin,D002064,MESH:D011471,Prostatic Neoplasms
DB06536,Tesaglitazar,tesaglitazar,C501413,MESH:D002318,Cardiovascular Diseases
DB06536,Tesaglitazar,tesaglitazar,C501413,MESH:D006943,Hyperglycemia
DB06536,Tesaglitazar,tesaglitazar,C501413,MESH:D015228,Hypertriglyceridemia
DB06536,Tesaglitazar,tesaglitazar,C501413,MESH:D007333,Insulin Resistance
DB01048,Abacavir,Abacavir,D000099227,MESH:D006509,Hepatitis B
DB01048,Abacavir,Abacavir,D000099227,MESH:D015658,HIV Infections
DB08818,Hyaluronic acid,Hyaluronic Acid,D006820,MESH:D002357,Cartilage Diseases
DB08818,Hyaluronic acid,Hyaluronic Acid,D006820,MESH:D056486,Chemical and Drug Induced Liver Injury
DB08818,Hyaluronic acid,Hyaluronic Acid,D006820,MESH:D007249,Inflammation
DB08818,Hyaluronic acid,Hyaluronic Acid,D006820,MESH:D008548,Melanosis
DB08818,Hyaluronic acid,Hyaluronic Acid,D006820,MESH:D012868,Skin Abnormalities
DB08818,Hyaluronic acid,Hyaluronic Acid,D006820,MESH:D014947,Wounds and Injuries
DB00939,Meclofenamic acid,Meclofenamic Acid,D008469,MESH:D004487,Edema
DB00939,Meclofenamic acid,Meclofenamic Acid,D008469,MESH:D005334,Fever
DB00939,Meclofenamic acid,Meclofenamic Acid,D008469,MESH:D006973,Hypertension
DB00939,Meclofenamic acid,Meclofenamic Acid,D008469,MESH:D012640,Seizures
DB04926,Neramexane,neramexane,C114144,MESH:D002375,Catalepsy
DB04926,Neramexane,neramexane,C114144,MESH:D020734,Parkinsonian Disorders
DB04926,Neramexane,neramexane,C114144,MESH:D012640,Seizures
DB04926,Neramexane,neramexane,C114144,MESH:D013375,Substance Withdrawal Syndrome
DB04888,Bifeprunox,bifeprunox,C509981,MESH:D002375,Catalepsy
DB04888,Bifeprunox,bifeprunox,C509981,MESH:D012559,Schizophrenia
DB06800,Methylnaltrexone,methylnaltrexone,C032257,MESH:D002375,Catalepsy
DB12278,Propiverine,propiverine,C015586,MESH:D011470,Prostatic Hyperplasia
DB00854,Levorphanol,Levorphanol,D007981,MESH:D006930,Hyperalgesia
DB00854,Levorphanol,Levorphanol,D007981,MESH:D010146,Pain
DB00854,Levorphanol,Levorphanol,D007981,MESH:D013375,Substance Withdrawal Syndrome
DB00837,Progabide,progabide,C017985,MESH:D002375,Catalepsy
DB00837,Progabide,progabide,C017985,MESH:D004827,Epilepsy
DB00837,Progabide,progabide,C017985,MESH:D006816,Huntington Disease
DB00837,Progabide,progabide,C017985,MESH:D009069,Movement Disorders
DB00837,Progabide,progabide,C017985,MESH:D012640,Seizures
DB00837,Progabide,progabide,C017985,MESH:D019956,Stereotypic Movement Disorder
DB06262,Droxidopa,Droxidopa,D015103,MESH:D002375,Catalepsy
DB06262,Droxidopa,Droxidopa,D015103,MESH:D003967,Diarrhea
DB06262,Droxidopa,Droxidopa,D015103,MESH:D014202,Tremor
DB05316,Pimavanserin,pimavanserin,C510793,MESH:D002375,Catalepsy
DB05316,Pimavanserin,pimavanserin,C510793,MESH:D006948,Hyperkinesis
DB05316,Pimavanserin,pimavanserin,C510793,MESH:D012559,Schizophrenia
DB05316,Pimavanserin,pimavanserin,C510793,MESH:D014202,Tremor
DB09238,Manidipine,manidipine,C054218,MESH:D006973,Hypertension
DB00403,Ceruletide,Ceruletide,D002108,MESH:D002375,Catalepsy
DB00403,Ceruletide,Ceruletide,D002108,MESH:D006948,Hyperkinesis
DB00403,Ceruletide,Ceruletide,D002108,MESH:D012640,Seizures
DB00403,Ceruletide,Ceruletide,D002108,MESH:D013035,Spasm
DB06694,Xylometazoline,xylometazoline,C009695,MESH:D002375,Catalepsy
DB09304,Setiptiline,setiptiline,C050605,MESH:D002375,Catalepsy
DB09304,Setiptiline,setiptiline,C050605,MESH:D003866,Depressive Disorder
DB01367,Rasagiline,rasagiline,C031967,MESH:D002375,Catalepsy
DB01367,Rasagiline,rasagiline,C031967,MESH:D003072,Cognition Disorders
DB01367,Rasagiline,rasagiline,C031967,MESH:D018476,Hypokinesia
DB01367,Rasagiline,rasagiline,C031967,MESH:D008569,Memory Disorders
DB01367,Rasagiline,rasagiline,C031967,MESH:D010300,Parkinson Disease
DB01367,Rasagiline,rasagiline,C031967,MESH:D020734,Parkinsonian Disorders
DB08908,Dimethyl fumarate,Dimethyl Fumarate,D000069462,MESH:D056486,Chemical and Drug Induced Liver Injury
DB08908,Dimethyl fumarate,Dimethyl Fumarate,D000069462,MESH:D006505,Hepatitis
DB08908,Dimethyl fumarate,Dimethyl Fumarate,D000069462,MESH:D006529,Hepatomegaly
DB08908,Dimethyl fumarate,Dimethyl Fumarate,D000069462,MESH:D006943,Hyperglycemia
DB08908,Dimethyl fumarate,Dimethyl Fumarate,D000069462,MESH:D007037,Hypothyroidism
DB08908,Dimethyl fumarate,Dimethyl Fumarate,D000069462,MESH:D008103,Liver Cirrhosis
DB08908,Dimethyl fumarate,Dimethyl Fumarate,D000069462,MESH:D009103,Multiple Sclerosis
DB08908,Dimethyl fumarate,Dimethyl Fumarate,D000069462,MESH:D000072660,Teratozoospermia
DB08908,Dimethyl fumarate,Dimethyl Fumarate,D000069462,MESH:D013733,Testicular Diseases
DB08908,Dimethyl fumarate,Dimethyl Fumarate,D000069462,MESH:D015431,Weight Loss
DB08899,Enzalutamide,enzalutamide,C540278,MESH:D009361,Neoplasm Invasiveness
DB08899,Enzalutamide,enzalutamide,C540278,MESH:D011471,Prostatic Neoplasms
DB08899,Enzalutamide,enzalutamide,C540278,MESH:D064726,Triple Negative Breast Neoplasms
DB01602,Bacampicillin,bacampicillin,C011674,MESH:D002481,Cellulitis
DB01602,Bacampicillin,bacampicillin,C011674,MESH:D011014,Pneumonia
DB00427,Triprolidine,Triprolidine,D014311,MESH:D008545,Melanoma
DB00427,Triprolidine,Triprolidine,D014311,MESH:D012220,Rhinitis
DB00427,Triprolidine,Triprolidine,D014311,MESH:D012852,Sinusitis
DB00484,Brimonidine,Brimonidine Tartrate,D000068438,MESH:D004751,Enteritis
DB00484,Brimonidine,Brimonidine Tartrate,D000068438,MESH:D005901,Glaucoma
DB00484,Brimonidine,Brimonidine Tartrate,D000068438,MESH:D006973,Hypertension
DB00484,Brimonidine,Brimonidine Tartrate,D000068438,MESH:D009798,Ocular Hypertension
DB00484,Brimonidine,Brimonidine Tartrate,D000068438,MESH:D009901,Optic Nerve Diseases
DB00484,Brimonidine,Brimonidine Tartrate,D000068438,MESH:D012640,Seizures
DB01073,Fludarabine,fludarabine,C024352,MESH:D005271,Femur Head Necrosis
DB01073,Fludarabine,fludarabine,C024352,MESH:D019337,Hematologic Neoplasms
DB01073,Fludarabine,fludarabine,C024352,MESH:D007938,Leukemia
DB01073,Fludarabine,fludarabine,C024352,MESH:D010020,Osteonecrosis
DB01073,Fludarabine,fludarabine,C024352,MESH:D054198,Precursor Cell Lymphoblastic Leukemia-Lymphoma
DB01073,Fludarabine,fludarabine,C024352,MESH:D012008,Recurrence
DB01073,Fludarabine,fludarabine,C024352,MESH:D008258,Waldenstrom Macroglobulinemia
DB01437,Glutethimide,Glutethimide,D005984,MESH:D012640,Seizures
DB03880,Batimastat,batimastat,C080985,MESH:D010911,Pituitary Neoplasms
DB00217,Bethanidine,Bethanidine,D001627,MESH:D006973,Hypertension
DB00217,Bethanidine,Bethanidine,D001627,MESH:D014693,Ventricular Fibrillation
DB00691,Moexipril,moexipril,C058302,MESH:D002545,Brain Ischemia
DB00691,Moexipril,moexipril,C058302,MESH:D006973,Hypertension
DB06712,Nilvadipine,nilvadipine,C035100,MESH:D002545,Brain Ischemia
DB06712,Nilvadipine,nilvadipine,C035100,MESH:D006973,Hypertension
DB06712,Nilvadipine,nilvadipine,C035100,MESH:D007674,Kidney Diseases
DB05229,Beraprost,beraprost,C048081,MESH:D002545,Brain Ischemia
DB05229,Beraprost,beraprost,C048081,MESH:D005767,Gastrointestinal Diseases
DB05229,Beraprost,beraprost,C048081,MESH:D005921,Glomerulonephritis
DB05229,Beraprost,beraprost,C048081,MESH:D006470,Hemorrhage
DB05229,Beraprost,beraprost,C048081,MESH:D011655,Pulmonary Embolism
DB05229,Beraprost,beraprost,C048081,MESH:D013276,Stomach Ulcer
DB08814,Triflusal,triflusal,C016167,MESH:D002561,Cerebrovascular Disorders
DB08814,Triflusal,triflusal,C016167,MESH:D009203,Myocardial Infarction
DB08814,Triflusal,triflusal,C016167,MESH:D020521,Stroke
DB00685,Trovafloxacin,trovafloxacin,C080163,MESH:D002690,Chlamydia Infections
DB00685,Trovafloxacin,trovafloxacin,C080163,MESH:D011008,Pneumococcal Infections
DB00685,Trovafloxacin,trovafloxacin,C080163,MESH:D013203,Staphylococcal Infections
DB04953,Ezogabine,ezogabine,C101866,MESH:D001930,Brain Injuries
DB04953,Ezogabine,ezogabine,C101866,MESH:D002658,Developmental Disabilities
DB04953,Ezogabine,ezogabine,C101866,MESH:D005911,Gliosis
DB04953,Ezogabine,ezogabine,C101866,MESH:D006930,Hyperalgesia
DB04953,Ezogabine,ezogabine,C101866,MESH:D006948,Hyperkinesis
DB04953,Ezogabine,ezogabine,C101866,MESH:D009410,Nerve Degeneration
DB04953,Ezogabine,ezogabine,C101866,MESH:D010146,Pain
DB04953,Ezogabine,ezogabine,C101866,MESH:D012640,Seizures
DB04953,Ezogabine,ezogabine,C101866,MESH:D014555,Urination Disorders
DB04953,Ezogabine,ezogabine,C101866,MESH:D015431,Weight Loss
DB00485,Dicloxacillin,Dicloxacillin,D004009,MESH:D013203,Staphylococcal Infections
DB00485,Dicloxacillin,Dicloxacillin,D004009,MESH:D014552,Urinary Tract Infections
DB01044,Gatifloxacin,Gatifloxacin,D000077734,MESH:D012852,Sinusitis
DB00222,Glimepiride,glimepiride,C057619,MESH:D010182,Pancreatic Diseases
DB00222,Glimepiride,glimepiride,C057619,MESH:D015431,Weight Loss
DB00414,Acetohexamide,Acetohexamide,D000092,MESH:D009401,Nephrosis
DB04878,Voglibose,voglibose,C102817,MESH:D003920,Diabetes Mellitus
DB04878,Voglibose,voglibose,C102817,MESH:D018149,Glucose Intolerance
DB04878,Voglibose,voglibose,C102817,MESH:D007022,Hypotension
DB01430,Almitrine,Almitrine,D015765,MESH:D012131,Respiratory Insufficiency
DB00559,Bosentan,Bosentan,D000077300,MESH:D056486,Chemical and Drug Induced Liver Injury
DB00559,Bosentan,Bosentan,D000077300,MESH:D003384,Coxsackievirus Infections
DB00559,Bosentan,Bosentan,D000077300,MESH:D005355,Fibrosis
DB00559,Bosentan,Bosentan,D000077300,MESH:D006333,Heart Failure
DB00559,Bosentan,Bosentan,D000077300,MESH:D006937,Hypercholesterolemia
DB00559,Bosentan,Bosentan,D000077300,MESH:D006973,Hypertension
DB00559,Bosentan,Bosentan,D000077300,MESH:D006984,Hypertrophy
DB00559,Bosentan,Bosentan,D000077300,MESH:D007022,Hypotension
DB00559,Bosentan,Bosentan,D000077300,MESH:D007674,Kidney Diseases
DB00559,Bosentan,Bosentan,D000077300,MESH:D008545,Melanoma
DB00559,Bosentan,Bosentan,D000077300,MESH:D009203,Myocardial Infarction
DB00559,Bosentan,Bosentan,D000077300,MESH:D015428,Myocardial Reperfusion Injury
DB00559,Bosentan,Bosentan,D000077300,MESH:D011507,Proteinuria
DB00559,Bosentan,Bosentan,D000077300,MESH:D051437,Renal Insufficiency
DB00559,Bosentan,Bosentan,D000077300,MESH:D013345,Subarachnoid Hemorrhage
DB00972,Azelastine,azelastine,C020976,MESH:D004802,Eosinophilia
DB00972,Azelastine,azelastine,C020976,MESH:D010505,Familial Mediterranean Fever
DB00972,Azelastine,azelastine,C020976,MESH:D006930,Hyperalgesia
DB00972,Azelastine,azelastine,C020976,MESH:D011537,Pruritus
DB00972,Azelastine,azelastine,C020976,MESH:D012912,Sneezing
DB00426,Famciclovir,Famciclovir,D000077595,MESH:D006509,Hepatitis B
DB00711,Diethylcarbamazine,Diethylcarbamazine,D004049,MESH:D006973,Hypertension
DB04876,Vildagliptin,Vildagliptin,D000077597,MESH:D003072,Cognition Disorders
DB04876,Vildagliptin,Vildagliptin,D000077597,MESH:D019446,Endotoxemia
DB04876,Vildagliptin,Vildagliptin,D000077597,MESH:D005334,Fever
DB04876,Vildagliptin,Vildagliptin,D000077597,MESH:D005355,Fibrosis
DB04876,Vildagliptin,Vildagliptin,D000077597,MESH:D006946,Hyperinsulinism
DB04876,Vildagliptin,Vildagliptin,D000077597,MESH:D007333,Insulin Resistance
DB04876,Vildagliptin,Vildagliptin,D000077597,MESH:D008103,Liver Cirrhosis
DB04876,Vildagliptin,Vildagliptin,D000077597,MESH:D051437,Renal Insufficiency
DB04876,Vildagliptin,Vildagliptin,D000077597,MESH:D015431,Weight Loss
DB06292,Dapagliflozin,dapagliflozin,C529054,MESH:D000419,Albuminuria
DB06292,Dapagliflozin,dapagliflozin,C529054,MESH:D066126,Cardiotoxicity
DB06292,Dapagliflozin,dapagliflozin,C529054,MESH:D056486,Chemical and Drug Induced Liver Injury
DB06292,Dapagliflozin,dapagliflozin,C529054,MESH:D003072,Cognition Disorders
DB06292,Dapagliflozin,dapagliflozin,C529054,MESH:D003092,Colitis
DB06292,Dapagliflozin,dapagliflozin,C529054,MESH:D058065,Diabetic Cardiomyopathies
DB06292,Dapagliflozin,dapagliflozin,C529054,MESH:D003928,Diabetic Nephropathies
DB06292,Dapagliflozin,dapagliflozin,C529054,MESH:D004487,Edema
DB06292,Dapagliflozin,dapagliflozin,C529054,MESH:D004719,Endomyocardial Fibrosis
DB06292,Dapagliflozin,dapagliflozin,C529054,MESH:D005355,Fibrosis
DB06292,Dapagliflozin,dapagliflozin,C529054,MESH:D018149,Glucose Intolerance
DB06292,Dapagliflozin,dapagliflozin,C529054,MESH:D006943,Hyperglycemia
DB06292,Dapagliflozin,dapagliflozin,C529054,MESH:D007249,Inflammation
DB06292,Dapagliflozin,dapagliflozin,C529054,MESH:D007333,Insulin Resistance
DB06292,Dapagliflozin,dapagliflozin,C529054,MESH:D007674,Kidney Diseases
DB06292,Dapagliflozin,dapagliflozin,C529054,MESH:D008133,Long QT Syndrome
DB06292,Dapagliflozin,dapagliflozin,C529054,MESH:D009765,Obesity
DB06292,Dapagliflozin,dapagliflozin,C529054,MESH:D011507,Proteinuria
DB06292,Dapagliflozin,dapagliflozin,C529054,MESH:D013733,Testicular Diseases
DB06292,Dapagliflozin,dapagliflozin,C529054,MESH:D020257,Ventricular Remodeling
DB06292,Dapagliflozin,dapagliflozin,C529054,MESH:D015430,Weight Gain
DB11642,Pitolisant,pitolisant,C516975,MESH:D003072,Cognition Disorders
DB11642,Pitolisant,pitolisant,C516975,MESH:D004827,Epilepsy
DB11642,Pitolisant,pitolisant,C516975,MESH:D012559,Schizophrenia
DB11642,Pitolisant,pitolisant,C516975,MESH:D014376,Tuberculosis
DB08860,Pitavastatin,pitavastatin,C108475,MESH:D003072,Cognition Disorders
DB08860,Pitavastatin,pitavastatin,C108475,MESH:D006333,Heart Failure
DB08860,Pitavastatin,pitavastatin,C108475,MESH:D011507,Proteinuria
DB01014,Balsalazide,balsalazide,C038637,MESH:D003092,Colitis
DB09221,Polaprezinc,polaprezinc,C061957,MESH:D003092,Colitis
DB09221,Polaprezinc,polaprezinc,C061957,MESH:D015212,Inflammatory Bowel Diseases
DB09221,Polaprezinc,polaprezinc,C061957,MESH:D013276,Stomach Ulcer
DB09221,Polaprezinc,polaprezinc,C061957,MESH:D014456,Ulcer
DB00836,Loperamide,Loperamide,D008139,MESH:D015746,Abdominal Pain
DB00836,Loperamide,Loperamide,D008139,MESH:D018352,Coronavirus Infections
DB00836,Loperamide,Loperamide,D008139,MESH:D003967,Diarrhea
DB00836,Loperamide,Loperamide,D008139,MESH:D004487,Edema
DB00836,Loperamide,Loperamide,D008139,MESH:D005759,Gastroenteritis
DB00836,Loperamide,Loperamide,D008139,MESH:D015430,Weight Gain
DB00836,Loperamide,Loperamide,D008139,MESH:D015431,Weight Loss
DB04690,Camptothecin,Camptothecin,D002166,MESH:D003110,Colonic Neoplasms
DB04690,Camptothecin,Camptothecin,D002166,MESH:D005621,Friedreich Ataxia
DB04690,Camptothecin,Camptothecin,D002166,MESH:D005910,Glioma
DB04690,Camptothecin,Camptothecin,D002166,MESH:D018316,Gliosarcoma
DB04690,Camptothecin,Camptothecin,D002166,MESH:D006816,Huntington Disease
DB04690,Camptothecin,Camptothecin,D002166,MESH:D009369,Neoplasms
DB04690,Camptothecin,Camptothecin,D002166,MESH:D024801,Tauopathies
DB00249,Idoxuridine,Idoxuridine,D007065,MESH:D003110,Colonic Neoplasms
DB05246,Methsuximide,methsuximide,C100286,MESH:D012640,Seizures
DB00402,Eszopiclone,Eszopiclone,D000069582,MESH:D003865,Major Depressive Disorder
DB00402,Eszopiclone,Eszopiclone,D000069582,MESH:D007319,Sleep Initiation and Maintenance Disorders
DB01129,Rabeprazole,Rabeprazole,D064750,MESH:D004935,Esophageal Diseases
DB01129,Rabeprazole,Rabeprazole,D064750,MESH:D004941,Esophagitis
DB01129,Rabeprazole,Rabeprazole,D064750,MESH:D005764,Gastroesophageal Reflux
DB01129,Rabeprazole,Rabeprazole,D064750,MESH:D005767,Gastrointestinal Diseases
DB01129,Rabeprazole,Rabeprazole,D064750,MESH:D006356,Heartburn
DB01129,Rabeprazole,Rabeprazole,D064750,MESH:D016481,Helicobacter Infections
DB01129,Rabeprazole,Rabeprazole,D064750,MESH:D010195,Pancreatitis
DB01129,Rabeprazole,Rabeprazole,D064750,MESH:D013276,Stomach Ulcer
DB00905,Bimatoprost,Bimatoprost,D000069580,MESH:D005901,Glaucoma
DB00905,Bimatoprost,Bimatoprost,D000069580,MESH:D009798,Ocular Hypertension
DB00905,Bimatoprost,Bimatoprost,D000069580,MESH:D014605,Uveitis
DB00969,Alosetron,alosetron,C090840,MESH:D006930,Hyperalgesia
DB00969,Alosetron,alosetron,C090840,MESH:D043183,Irritable Bowel Syndrome
DB00969,Alosetron,alosetron,C090840,MESH:D010146,Pain
DB01591,Solifenacin,Solifenacin Succinate,D000069464,MESH:D003248,Constipation
DB01591,Solifenacin,Solifenacin Succinate,D000069464,MESH:D003967,Diarrhea
DB01232,Saquinavir,Saquinavir,D019258,MESH:D015658,HIV Infections
DB01291,Pirbuterol,pirbuterol,C009118,MESH:D003324,Coronary Artery Disease
DB01291,Pirbuterol,pirbuterol,C009118,MESH:D006333,Heart Failure
DB00006,Bivalirudin,bivalirudin,C074619,MESH:D054058,Acute Coronary Syndrome
DB00006,Bivalirudin,bivalirudin,C074619,MESH:D003328,Coronary Thrombosis
DB00006,Bivalirudin,bivalirudin,C074619,MESH:D048909,Diabetes Complications
DB00006,Bivalirudin,bivalirudin,C074619,MESH:D016769,Embolism and Thrombosis
DB00006,Bivalirudin,bivalirudin,C074619,MESH:D006470,Hemorrhage
DB00006,Bivalirudin,bivalirudin,C074619,MESH:D007249,Inflammation
DB00006,Bivalirudin,bivalirudin,C074619,MESH:D007511,Ischemia
DB00006,Bivalirudin,bivalirudin,C074619,MESH:D017202,Myocardial Ischemia
DB00006,Bivalirudin,bivalirudin,C074619,MESH:D020521,Stroke
DB00006,Bivalirudin,bivalirudin,C074619,MESH:D013921,Thrombocytopenia
DB00006,Bivalirudin,bivalirudin,C074619,MESH:D013927,Thrombosis
DB00757,Dolasetron,dolasetron,C060344,MESH:D009325,Nausea
DB00757,Dolasetron,dolasetron,C060344,MESH:D014839,Vomiting
DB00952,Naratriptan,naratriptan,C106783,MESH:D008881,Migraine Disorders
DB00952,Naratriptan,naratriptan,C106783,MESH:D012008,Recurrence
DB00956,Hydrocodone,Hydrocodone,D006853,MESH:D003371,Cough
DB00956,Hydrocodone,Hydrocodone,D006853,MESH:D043183,Irritable Bowel Syndrome
DB00956,Hydrocodone,Hydrocodone,D006853,MESH:D010146,Pain
DB01348,Spirapril,spirapril,C052555,MESH:D006973,Hypertension
DB01416,Cefpodoxime,Cefpodoxime,D000097623,MESH:D003371,Cough
DB01416,Cefpodoxime,Cefpodoxime,D000097623,MESH:D005334,Fever
DB01416,Cefpodoxime,Cefpodoxime,D000097623,MESH:D014552,Urinary Tract Infections
DB00771,Clidinium,clidinium,C054940,MESH:D003424,Crohn Disease
DB00828,Fosfomycin,Fosfomycin,D005578,MESH:D016470,Bacteremia
DB00828,Fosfomycin,Fosfomycin,D005578,MESH:D003550,Cystic Fibrosis
DB00828,Fosfomycin,Fosfomycin,D005578,MESH:D004927,Escherichia coli Infections
DB00828,Fosfomycin,Fosfomycin,D005578,MESH:D005921,Glomerulonephritis
DB00828,Fosfomycin,Fosfomycin,D005578,MESH:D007674,Kidney Diseases
DB00828,Fosfomycin,Fosfomycin,D005578,MESH:D011183,Postoperative Complications
DB00828,Fosfomycin,Fosfomycin,D005578,MESH:D011507,Proteinuria
DB00828,Fosfomycin,Fosfomycin,D005578,MESH:D011704,Pyelonephritis
DB00828,Fosfomycin,Fosfomycin,D005578,MESH:D051437,Renal Insufficiency
DB00828,Fosfomycin,Fosfomycin,D005578,MESH:D018805,Sepsis
DB00828,Fosfomycin,Fosfomycin,D005578,MESH:D013203,Staphylococcal Infections
DB00828,Fosfomycin,Fosfomycin,D005578,MESH:D014552,Urinary Tract Infections
DB01421,Paromomycin,Paromomycin,D010303,MESH:D017088,AIDS-Related Opportunistic Infections
DB01421,Paromomycin,Paromomycin,D010303,MESH:D006501,Hepatic Encephalopathy
DB04866,Halofuginone,halofuginone,C010176,MESH:D006965,Hyperplasia
DB04866,Halofuginone,halofuginone,C010176,MESH:D008103,Liver Cirrhosis
DB04866,Halofuginone,halofuginone,C010176,MESH:D012871,Skin Diseases
DB01108,Trilostane,trilostane,C009954,MESH:D003480,Cushing Syndrome
DB01108,Trilostane,trilostane,C009954,MESH:D003866,Depressive Disorder
DB08820,Ivacaftor,ivacaftor,C545203,MESH:D003550,Cystic Fibrosis
DB00419,Miglustat,miglustat,C059896,MESH:D003550,Cystic Fibrosis
DB00419,Miglustat,miglustat,C059896,MESH:D005776,Gaucher Disease
DB00419,Miglustat,miglustat,C059896,MESH:D015658,HIV Infections
DB00978,Lomefloxacin,lomefloxacin,C053091,MESH:D003556,Cystitis
DB04842,Fluspirilene,Fluspirilene,D005484,MESH:D003866,Depressive Disorder
DB04842,Fluspirilene,Fluspirilene,D005484,MESH:D011618,Psychotic Disorders
DB04842,Fluspirilene,Fluspirilene,D005484,MESH:D012559,Schizophrenia
DB11181,Homatropine,homatropine,C100236,MESH:D006965,Hyperplasia
DB11181,Homatropine,homatropine,C100236,MESH:D015877,Miosis
DB11181,Homatropine,homatropine,C100236,MESH:D014786,Vision Disorders
DB06698,Betahistine,Betahistine,D001621,MESH:D050197,Atherosclerosis
DB00913,Anileridine,anileridine,C100232,MESH:D010149,Postoperative Pain
DB01093,Dimethyl sulfoxide,Dimethyl Sulfoxide,D004121,MESH:D058186,Acute Kidney Injury
DB01093,Dimethyl sulfoxide,Dimethyl Sulfoxide,D004121,MESH:D056486,Chemical and Drug Induced Liver Injury
DB01093,Dimethyl sulfoxide,Dimethyl Sulfoxide,D004121,MESH:D004890,Erythema
DB01093,Dimethyl sulfoxide,Dimethyl Sulfoxide,D004121,MESH:D005119,Extravasation of Diagnostic and Therapeutic Materials
DB01093,Dimethyl sulfoxide,Dimethyl Sulfoxide,D004121,MESH:D034381,Hearing Loss
DB01093,Dimethyl sulfoxide,Dimethyl Sulfoxide,D004121,MESH:D007022,Hypotension
DB01093,Dimethyl sulfoxide,Dimethyl Sulfoxide,D004121,MESH:D007249,Inflammation
DB01093,Dimethyl sulfoxide,Dimethyl Sulfoxide,D004121,MESH:D009336,Necrosis
DB01093,Dimethyl sulfoxide,Dimethyl Sulfoxide,D004121,MESH:D010292,Paresthesia
DB01093,Dimethyl sulfoxide,Dimethyl Sulfoxide,D004121,MESH:D011507,Proteinuria
DB01093,Dimethyl sulfoxide,Dimethyl Sulfoxide,D004121,MESH:D012640,Seizures
DB01093,Dimethyl sulfoxide,Dimethyl Sulfoxide,D004121,MESH:D012883,Skin Ulcer
DB01093,Dimethyl sulfoxide,Dimethyl Sulfoxide,D004121,MESH:D014456,Ulcer
DB09068,Vortioxetine,Vortioxetine,D000078784,MESH:D003866,Depressive Disorder
DB09068,Vortioxetine,Vortioxetine,D000078784,MESH:D003865,Major Depressive Disorder
DB06594,Agomelatine,agomelatine,C084711,MESH:D066126,Cardiotoxicity
DB06594,Agomelatine,agomelatine,C084711,MESH:D003866,Depressive Disorder
DB06594,Agomelatine,agomelatine,C084711,MESH:D005355,Fibrosis
DB06594,Agomelatine,agomelatine,C084711,MESH:D006946,Hyperinsulinism
DB06594,Agomelatine,agomelatine,C084711,MESH:D007333,Insulin Resistance
DB06594,Agomelatine,agomelatine,C084711,MESH:D055370,Lung Injury
DB06594,Agomelatine,agomelatine,C084711,MESH:D003865,Major Depressive Disorder
DB06594,Agomelatine,agomelatine,C084711,MESH:D008569,Memory Disorders
DB06594,Agomelatine,agomelatine,C084711,MESH:D051437,Renal Insufficiency
DB06594,Agomelatine,agomelatine,C084711,MESH:D013733,Testicular Diseases
DB01021,Trichlormethiazide,Trichlormethiazide,D014237,MESH:D058186,Acute Kidney Injury
DB01021,Trichlormethiazide,Trichlormethiazide,D014237,MESH:D005921,Glomerulonephritis
DB01021,Trichlormethiazide,Trichlormethiazide,D014237,MESH:D006973,Hypertension
DB09245,Toloxatone,toloxatone,C010798,MESH:D003866,Depressive Disorder
DB09194,Etoperidone,etoperidone,C013528,MESH:D003866,Depressive Disorder
DB01553,Cloxazolam,cloxazolam,C005522,MESH:D003866,Depressive Disorder
DB01559,Clotiazepam,clotiazepam,C084599,MESH:D003866,Depressive Disorder
DB14533,Zinc chloride,zinc chloride,C016837,MESH:D020261,Arsenic Poisoning
DB14533,Zinc chloride,zinc chloride,C016837,MESH:D056486,Chemical and Drug Induced Liver Injury
DB14533,Zinc chloride,zinc chloride,C016837,MESH:D003866,Depressive Disorder
DB14533,Zinc chloride,zinc chloride,C016837,MESH:D006940,Hyperemia
DB14533,Zinc chloride,zinc chloride,C016837,MESH:D009336,Necrosis
DB14533,Zinc chloride,zinc chloride,C016837,MESH:D009369,Neoplasms
DB14533,Zinc chloride,zinc chloride,C016837,MESH:D011507,Proteinuria
DB09244,Pirlindole,pirlindole,C009830,MESH:D003866,Depressive Disorder
DB00337,Pimecrolimus,pimecrolimus,C117268,MESH:D004890,Erythema
DB00337,Pimecrolimus,pimecrolimus,C117268,MESH:D005148,Facial Dermatoses
DB00337,Pimecrolimus,pimecrolimus,C117268,MESH:D011565,Psoriasis
DB00337,Pimecrolimus,pimecrolimus,C117268,MESH:D012393,Rosacea
DB00337,Pimecrolimus,pimecrolimus,C117268,MESH:D014820,Vitiligo
DB11994,Diacerein,diacerein,C025292,MESH:D058186,Acute Kidney Injury
DB11994,Diacerein,diacerein,C025292,MESH:D056486,Chemical and Drug Induced Liver Injury
DB11994,Diacerein,diacerein,C025292,MESH:D006943,Hyperglycemia
DB11994,Diacerein,diacerein,C025292,MESH:D010003,Osteoarthritis
DB11994,Diacerein,diacerein,C025292,MESH:D010212,Papilloma
DB11994,Diacerein,diacerein,C025292,MESH:D011085,Polycystic Ovary Syndrome
DB11994,Diacerein,diacerein,C025292,MESH:D011230,Precancerous Conditions
DB11994,Diacerein,diacerein,C025292,MESH:D012878,Skin Neoplasms
DB11994,Diacerein,diacerein,C025292,MESH:D013276,Stomach Ulcer
DB11994,Diacerein,diacerein,C025292,MESH:D015430,Weight Gain
DB01220,Rifaximin,Rifaximin,D000078262,MESH:D015212,Inflammatory Bowel Diseases
DB09019,Bromhexine,Bromhexine,D001964,MESH:D012859,Sjogren's Syndrome
DB01012,Cinacalcet,Cinacalcet,D000069449,MESH:D018771,Arthralgia
DB01012,Cinacalcet,Cinacalcet,D000069449,MESH:D006934,Hypercalcemia
DB01012,Cinacalcet,Cinacalcet,D000069449,MESH:D006961,Hyperparathyroidism
DB01012,Cinacalcet,Cinacalcet,D000069449,MESH:D006973,Hypertension
DB01012,Cinacalcet,Cinacalcet,D000069449,MESH:D008569,Memory Disorders
DB01012,Cinacalcet,Cinacalcet,D000069449,MESH:D011537,Pruritus
DB01047,Fluocinonide,Fluocinonide,D005447,MESH:D011565,Psoriasis
DB00288,Amcinonide,amcinonide,C012716,MESH:D004485,Eczema
DB00288,Amcinonide,amcinonide,C012716,MESH:D004487,Edema
DB00288,Amcinonide,amcinonide,C012716,MESH:D011565,Psoriasis
DB00880,Chlorothiazide,Chlorothiazide,D002740,MESH:D003919,Diabetes Insipidus
DB00880,Chlorothiazide,Chlorothiazide,D002740,MESH:D053565,Hypercalciuria
DB00880,Chlorothiazide,Chlorothiazide,D002740,MESH:D006973,Hypertension
DB00880,Chlorothiazide,Chlorothiazide,D002740,MESH:D007669,Kidney Calculi
DB00880,Chlorothiazide,Chlorothiazide,D002740,MESH:D011141,Polyuria
DB00880,Chlorothiazide,Chlorothiazide,D002740,MESH:D020246,Venous Thrombosis
DB01067,Glipizide,Glipizide,D005913,MESH:D003920,Diabetes Mellitus
DB01067,Glipizide,Glipizide,D005913,MESH:D044882,Glucose Metabolism Disorders
DB00912,Repaglinide,repaglinide,C072379,MESH:D003920,Diabetes Mellitus
DB00912,Repaglinide,repaglinide,C072379,MESH:D005911,Gliosis
DB00912,Repaglinide,repaglinide,C072379,MESH:D006943,Hyperglycemia
DB00912,Repaglinide,repaglinide,C072379,MESH:D018908,Muscle Weakness
DB00912,Repaglinide,repaglinide,C072379,MESH:D009410,Nerve Degeneration
DB00912,Repaglinide,repaglinide,C072379,MESH:D015431,Weight Loss
DB00731,Nateglinide,Nateglinide,D000077715,MESH:D003920,Diabetes Mellitus
DB09231,Benidipine,benidipine,C061004,MESH:D006973,Hypertension
DB09231,Benidipine,benidipine,C061004,MESH:D011507,Proteinuria
DB06335,Saxagliptin,saxagliptin,C502994,MESH:D007674,Kidney Diseases
DB06335,Saxagliptin,saxagliptin,C502994,MESH:D019957,Motor Skills Disorders
DB06335,Saxagliptin,saxagliptin,C502994,MESH:D009127,Muscle Rigidity
DB06335,Saxagliptin,saxagliptin,C502994,MESH:D015431,Weight Loss
DB09089,Trimebutine,Trimebutine,D014287,MESH:D003967,Diarrhea
DB09026,Aliskiren,aliskiren,C446481,MESH:D006332,Cardiomegaly
DB09026,Aliskiren,aliskiren,C446481,MESH:D004719,Endomyocardial Fibrosis
DB09026,Aliskiren,aliskiren,C446481,MESH:D006973,Hypertension
DB09026,Aliskiren,aliskiren,C446481,MESH:D059606,Polydipsia
DB09026,Aliskiren,aliskiren,C446481,MESH:D011141,Polyuria
DB09026,Aliskiren,aliskiren,C446481,MESH:D013276,Stomach Ulcer
DB00447,Loracarbef,loracarbef,C054920,MESH:D011704,Pyelonephritis
DB06448,Lonafarnib,lonafarnib,C115354,MESH:D009101,Multiple Myeloma
DB12598,Nafamostat,nafamostat,C032855,MESH:D018352,Coronavirus Infections
DB12598,Nafamostat,nafamostat,C032855,MESH:D004211,Disseminated Intravascular Coagulation
DB12598,Nafamostat,nafamostat,C032855,MESH:D010146,Pain
DB12598,Nafamostat,nafamostat,C032855,MESH:D012162,Retinal Degeneration
DB00528,Lercanidipine,lercanidipine,C060343,MESH:D006973,Hypertension
DB00528,Lercanidipine,lercanidipine,C060343,MESH:D007674,Kidney Diseases
DB00919,Spectinomycin,Spectinomycin,D000198,MESH:D016870,Neisseriaceae Infections
DB01148,Flavoxate,Flavoxate,D005422,MESH:D011470,Prostatic Hyperplasia
DB00364,Sucralfate,Sucralfate,D013392,MESH:D004381,Duodenal Ulcer
DB00364,Sucralfate,Sucralfate,D013392,MESH:D006471,Gastrointestinal Hemorrhage
DB00364,Sucralfate,Sucralfate,D013392,MESH:D013276,Stomach Ulcer
DB04982,Talampanel,talampanel,C085266,MESH:D020734,Parkinsonian Disorders
DB04982,Talampanel,talampanel,C085266,MESH:D012640,Seizures
DB00486,Nabilone,nabilone,C011941,MESH:D014839,Vomiting
DB01283,Lumiracoxib,lumiracoxib,C473384,MESH:D004412,Dysmenorrhea
DB01283,Lumiracoxib,lumiracoxib,C473384,MESH:D006073,Gout
DB01283,Lumiracoxib,lumiracoxib,C473384,MESH:D010003,Osteoarthritis
DB01283,Lumiracoxib,lumiracoxib,C473384,MESH:D010146,Pain
DB01283,Lumiracoxib,lumiracoxib,C473384,MESH:D010149,Postoperative Pain
DB00751,Epinastine,epinastine,C053090,MESH:D004802,Eosinophilia
DB00751,Epinastine,epinastine,C053090,MESH:D012220,Rhinitis
DB00751,Epinastine,epinastine,C053090,MESH:D012912,Sneezing
DB04879,Vatalanib,vatalanib,C404768,MESH:D013964,Thyroid Neoplasms
DB06212,Tolvaptan,Tolvaptan,D000077602,MESH:D006333,Heart Failure
DB06212,Tolvaptan,Tolvaptan,D000077602,MESH:D007010,Hyponatremia
DB06212,Tolvaptan,Tolvaptan,D000077602,MESH:D011507,Proteinuria
DB04573,Estriol,Estriol,D004964,MESH:D050197,Atherosclerosis
DB04573,Estriol,Estriol,D004964,MESH:D004714,Endometrial Hyperplasia
DB04573,Estriol,Estriol,D004964,MESH:D006059,Gonadal Dysgenesis
DB04573,Estriol,Estriol,D004964,MESH:D007018,Hypopituitarism
DB11979,Elagolix,elagolix,C539351,MESH:D004715,Endometriosis
DB05885,Seletracetam,Seletracetam,C518915,MESH:D004827,Epilepsy
DB05541,Brivaracetam,brivaracetam,C482793,MESH:D004827,Epilepsy
DB01320,Fosphenytoin,fosphenytoin,C043114,MESH:D012640,Seizures
DB01320,Fosphenytoin,fosphenytoin,C043114,MESH:D013226,Status Epilepticus
DB00303,Ertapenem,Ertapenem,D000077727,MESH:D004927,Escherichia coli Infections
DB00560,Tigecycline,Tigecycline,D000078304,MESH:D004927,Escherichia coli Infections
DB00560,Tigecycline,Tigecycline,D000078304,MESH:D009410,Nerve Degeneration
DB00560,Tigecycline,Tigecycline,D000078304,MESH:D013203,Staphylococcal Infections
DB01579,Phendimetrazine,phendimetrazine,C100294,MESH:D009765,Obesity
DB08934,Sofosbuvir,Sofosbuvir,D000069474,MESH:D006526,Hepatitis C
DB01265,Telbivudine,Telbivudine,D000077712,MESH:D006505,Hepatitis
DB01265,Telbivudine,Telbivudine,D000077712,MESH:D006509,Hepatitis B
DB00547,Desoximetasone,Desoximetasone,D003899,MESH:D010146,Pain
DB00984,Nandrolone phenpropionate,nandrolone phenpropionate,C008580,MESH:D005234,Fatty Liver
DB09289,Tianeptine,tianeptine,C050504,MESH:D013276,Stomach Ulcer
DB13751,Glycyrrhizic acid,Glycyrrhizic Acid,D019695,MESH:D058186,Acute Kidney Injury
DB13751,Glycyrrhizic acid,Glycyrrhizic Acid,D019695,MESH:D001930,Brain Injuries
DB13751,Glycyrrhizic acid,Glycyrrhizic Acid,D019695,MESH:D056486,Chemical and Drug Induced Liver Injury
DB13751,Glycyrrhizic acid,Glycyrrhizic Acid,D019695,MESH:D005234,Fatty Liver
DB13751,Glycyrrhizic acid,Glycyrrhizic Acid,D019695,MESH:D007674,Kidney Diseases
DB13751,Glycyrrhizic acid,Glycyrrhizic Acid,D019695,MESH:D008113,Liver Neoplasms
DB13751,Glycyrrhizic acid,Glycyrrhizic Acid,D019695,MESH:D008171,Lung Diseases
DB13751,Glycyrrhizic acid,Glycyrrhizic Acid,D019695,MESH:D008175,Lung Neoplasms
DB13751,Glycyrrhizic acid,Glycyrrhizic Acid,D019695,MESH:D009336,Necrosis
DB13751,Glycyrrhizic acid,Glycyrrhizic Acid,D019695,MESH:D009404,Nephrotic Syndrome
DB13751,Glycyrrhizic acid,Glycyrrhizic Acid,D019695,MESH:D011658,Pulmonary Fibrosis
DB13751,Glycyrrhizic acid,Glycyrrhizic Acid,D019695,MESH:D015431,Weight Loss
DB00910,Paricalcitol,paricalcitol,C084656,MESH:D006332,Cardiomegaly
DB00910,Paricalcitol,paricalcitol,C084656,MESH:D005355,Fibrosis
DB00910,Paricalcitol,paricalcitol,C084656,MESH:D006333,Heart Failure
DB00910,Paricalcitol,paricalcitol,C084656,MESH:D006529,Hepatomegaly
DB00910,Paricalcitol,paricalcitol,C084656,MESH:D006961,Hyperparathyroidism
DB00910,Paricalcitol,paricalcitol,C084656,MESH:D006973,Hypertension
DB00910,Paricalcitol,paricalcitol,C084656,MESH:D007938,Leukemia
DB00910,Paricalcitol,paricalcitol,C084656,MESH:D065626,Non-alcoholic Fatty Liver Disease
DB00910,Paricalcitol,paricalcitol,C084656,MESH:D011471,Prostatic Neoplasms
DB01425,Alizapride,alizapride,C033968,MESH:D005764,Gastroesophageal Reflux
DB01425,Alizapride,alizapride,C033968,MESH:D014839,Vomiting
DB03516,Eniluracil,eniluracil,C073482,MESH:D009422,Nervous System Diseases
DB01117,Atovaquone,Atovaquone,D053626,MESH:D017088,AIDS-Related Opportunistic Infections
DB01117,Atovaquone,Atovaquone,D053626,MESH:D007896,Leishmaniasis
DB01117,Atovaquone,Atovaquone,D053626,MESH:D008288,Malaria
DB00869,Dorzolamide,dorzolamide,C062765,MESH:D005901,Glaucoma
DB00869,Dorzolamide,dorzolamide,C062765,MESH:D009798,Ocular Hypertension
DB00287,Travoprost,Travoprost,D000069557,MESH:D005901,Glaucoma
DB00287,Travoprost,Travoprost,D000069557,MESH:D009798,Ocular Hypertension
DB00287,Travoprost,Travoprost,D000069557,MESH:D014605,Uveitis
DB00654,Latanoprost,Latanoprost,D000077338,MESH:D017889,Exfoliation Syndrome
DB00654,Latanoprost,Latanoprost,D000077338,MESH:D005901,Glaucoma
DB00654,Latanoprost,Latanoprost,D000077338,MESH:D009798,Ocular Hypertension
DB00654,Latanoprost,Latanoprost,D000077338,MESH:D014605,Uveitis
DB00449,Dipivefrin,dipivefrin,C015173,MESH:D017889,Exfoliation Syndrome
DB00449,Dipivefrin,dipivefrin,C015173,MESH:D005901,Glaucoma
DB00449,Dipivefrin,dipivefrin,C015173,MESH:D057066,Low Tension Glaucoma
DB00449,Dipivefrin,dipivefrin,C015173,MESH:D009798,Ocular Hypertension
DB01194,Brinzolamide,brinzolamide,C111827,MESH:D009798,Ocular Hypertension
DB06809,Plerixafor,plerixafor,C088327,MESH:D005909,Glioblastoma
DB00719,Azatadine,azatadine,C006656,MESH:D012912,Sneezing
DB00464,Sodium tetradecyl sulfate,Sodium Tetradecyl Sulfate,D012981,MESH:D014648,Varicose Veins
DB00464,Sodium tetradecyl sulfate,Sodium Tetradecyl Sulfate,D012981,MESH:D054079,Vascular Malformations
DB08836,Temocapril,temocapril hydrochloride,C055603,MESH:D006332,Cardiomegaly
DB08836,Temocapril,temocapril hydrochloride,C055603,MESH:D009202,Cardiomyopathies
DB08836,Temocapril,temocapril hydrochloride,C055603,MESH:D006333,Heart Failure
DB08836,Temocapril,temocapril hydrochloride,C055603,MESH:D006973,Hypertension
DB08836,Temocapril,temocapril hydrochloride,C055603,MESH:D058426,Neointima
DB08836,Temocapril,temocapril hydrochloride,C055603,MESH:D011507,Proteinuria
DB00380,Dexrazoxane,Dexrazoxane,D064730,MESH:D066126,Cardiotoxicity
DB00380,Dexrazoxane,Dexrazoxane,D064730,MESH:D004487,Edema
DB00380,Dexrazoxane,Dexrazoxane,D064730,MESH:D006333,Heart Failure
DB00380,Dexrazoxane,Dexrazoxane,D064730,MESH:D006335,Heart Injuries
DB00380,Dexrazoxane,Dexrazoxane,D064730,MESH:D006470,Hemorrhage
DB00380,Dexrazoxane,Dexrazoxane,D064730,MESH:D001745,Urinary Bladder Diseases
DB00261,Anagrelide,anagrelide,C021139,MESH:D011087,Polycythemia Vera
DB00261,Anagrelide,anagrelide,C021139,MESH:D013922,Thrombocytosis
DB00261,Anagrelide,anagrelide,C021139,MESH:D013923,Thromboembolism
DB00261,Anagrelide,anagrelide,C021139,MESH:D020246,Venous Thrombosis
DB04883,Darusentan,darusentan,C107831,MESH:D006333,Heart Failure
DB04883,Darusentan,darusentan,C107831,MESH:D006973,Hypertension
DB12371,Siponimod,siponimod,C578989,MESH:D009103,Multiple Sclerosis
DB01280,Nelarabine,nelarabine,C104457,MESH:D054218,Precursor T-Cell Lymphoblastic Leukemia-Lymphoma
DB09075,Edoxaban,edoxaban,C552171,MESH:D002318,Cardiovascular Diseases
DB09075,Edoxaban,edoxaban,C552171,MESH:D004617,Embolism
DB09075,Edoxaban,edoxaban,C552171,MESH:D005355,Fibrosis
DB09075,Edoxaban,edoxaban,C552171,MESH:D006470,Hemorrhage
DB09075,Edoxaban,edoxaban,C552171,MESH:D020521,Stroke
DB09075,Edoxaban,edoxaban,C552171,MESH:D054556,Venous Thromboembolism
DB06689,Ethanolamine oleate,ethanolamine oleate,C033343,MESH:D006471,Gastrointestinal Hemorrhage
DB00569,Fondaparinux,Fondaparinux,D000077425,MESH:D006502,Budd-Chiari Syndrome
DB00569,Fondaparinux,Fondaparinux,D000077425,MESH:D016769,Embolism and Thrombosis
DB00569,Fondaparinux,Fondaparinux,D000077425,MESH:D013921,Thrombocytopenia
DB00569,Fondaparinux,Fondaparinux,D000077425,MESH:D013927,Thrombosis
DB00569,Fondaparinux,Fondaparinux,D000077425,MESH:D020246,Venous Thrombosis
DB00299,Penciclovir,penciclovir,C053539,MESH:D006509,Hepatitis B
DB09102,Daclatasvir,daclatasvir,C549273,MESH:D006526,Hepatitis C
DB09296,Ombitasvir,ombitasvir,C586094,MESH:D006526,Hepatitis C
DB09183,Dasabuvir,dasabuvir,C588260,MESH:D006526,Hepatitis C
DB09297,Paritaprevir,paritaprevir,C585405,MESH:D006526,Hepatitis C
DB06290,Simeprevir,Simeprevir,D000069616,MESH:D006526,Hepatitis C
DB09027,Ledipasvir,ledipasvir,C586541,MESH:D006526,Hepatitis C
DB05521,Telaprevir,telaprevir,C486464,MESH:D006526,Hepatitis C
DB05260,Gallium nitrate,gallium nitrate,C027235,MESH:D006934,Hypercalcemia
DB13872,Lormetazepam,lormetazepam,C023842,MESH:D012206,Rhabdomyolysis
DB13872,Lormetazepam,lormetazepam,C023842,MESH:D007319,Sleep Initiation and Maintenance Disorders
DB01072,Atazanavir,Atazanavir Sulfate,D000069446,MESH:D015658,HIV Infections
DB01072,Atazanavir,Atazanavir Sulfate,D000069446,MESH:D006679,HIV Seropositivity
DB13025,Tiapride,Tiapride Hydrochloride,D063325,MESH:D006816,Huntington Disease
DB13025,Tiapride,Tiapride Hydrochloride,D063325,MESH:D011595,Psychomotor Agitation
DB00701,Amprenavir,amprenavir,C095108,MESH:D015658,HIV Infections
DB11093,Calcium citrate,Calcium,D002118,MESH:D058186,Acute Kidney Injury
DB11093,Calcium citrate,Calcium,D002118,MESH:D001847,Bone Diseases
DB11093,Calcium citrate,Calcium,D002118,MESH:D001919,Bradycardia
DB11093,Calcium citrate,Calcium,D002118,MESH:D009202,Cardiomyopathies
DB11093,Calcium citrate,Calcium,D002118,MESH:D003092,Colitis
DB11093,Calcium citrate,Calcium,D002118,MESH:D062787,Drug Overdose
DB11093,Calcium citrate,Calcium,D002118,MESH:D006973,Hypertension
DB11093,Calcium citrate,Calcium,D002118,MESH:D006996,Hypocalcemia
DB11093,Calcium citrate,Calcium,D002118,MESH:D007011,Hypoparathyroidism
DB11093,Calcium citrate,Calcium,D002118,MESH:D007022,Hypotension
DB11093,Calcium citrate,Calcium,D002118,MESH:D007674,Kidney Diseases
DB11093,Calcium citrate,Calcium,D002118,MESH:D009069,Movement Disorders
DB11093,Calcium citrate,Calcium,D002118,MESH:D009369,Neoplasms
DB11093,Calcium citrate,Calcium,D002118,MESH:D009397,Nephrocalcinosis
DB11093,Calcium citrate,Calcium,D002118,MESH:D053040,Nephrolithiasis
DB11093,Calcium citrate,Calcium,D002118,MESH:D009461,Neurologic Manifestations
DB11093,Calcium citrate,Calcium,D002118,MESH:D010024,Osteoporosis
DB11093,Calcium citrate,Calcium,D002118,MESH:D010437,Peptic Ulcer
DB11093,Calcium citrate,Calcium,D002118,MESH:D010518,Periodontitis
DB11093,Calcium citrate,Calcium,D002118,MESH:D051437,Renal Insufficiency
DB11093,Calcium citrate,Calcium,D002118,MESH:D012279,Rickets
DB11093,Calcium citrate,Calcium,D002118,MESH:D012640,Seizures
DB11093,Calcium citrate,Calcium,D002118,MESH:D001745,Urinary Bladder Diseases
DB11093,Calcium citrate,Calcium,D002118,MESH:D015430,Weight Gain
DB01070,Dihydrotachysterol,Dihydrotachysterol,D004097,MESH:D006961,Hyperparathyroidism
DB00491,Miglitol,miglitol,C045621,MESH:D006943,Hyperglycemia
DB01090,Pentolinium,Pentolinium Tartrate,D010425,MESH:D006943,Hyperglycemia
DB01090,Pentolinium,Pentolinium Tartrate,D010425,MESH:D006973,Hypertension
DB01090,Pentolinium,Pentolinium Tartrate,D010425,MESH:D011654,Pulmonary Edema
DB01090,Pentolinium,Pentolinium Tartrate,D010425,MESH:D012640,Seizures
DB01090,Pentolinium,Pentolinium Tartrate,D010425,MESH:D013610,Tachycardia
DB00119,Pyruvic acid,Pyruvic Acid,D019289,MESH:D028361,Mitochondrial Diseases
DB00119,Pyruvic acid,Pyruvic Acid,D019289,MESH:D009336,Necrosis
DB01620,Pheniramine,Pheniramine,D010632,MESH:D006948,Hyperkinesis
DB01620,Pheniramine,Pheniramine,D010632,MESH:D012640,Seizures
DB01620,Pheniramine,Pheniramine,D010632,MESH:D013375,Substance Withdrawal Syndrome
DB05271,Rotigotine,rotigotine,C047508,MESH:D010300,Parkinson Disease
DB05271,Rotigotine,rotigotine,C047508,MESH:D012148,Restless Legs Syndrome
DB09118,Stiripentol,stiripentol,C021092,MESH:D004827,Epilepsy
DB09118,Stiripentol,stiripentol,C021092,MESH:D012640,Seizures
DB09097,Quinagolide,quinagolide,C046650,MESH:D006966,Hyperprolactinemia
DB01071,Mequitazine,mequitazine,C006069,MESH:D006967,Hypersensitivity
DB00891,Sulfapyridine,Sulfapyridine,D013427,MESH:D013276,Stomach Ulcer
DB00606,Cyclothiazide,cyclothiazide,C004639,MESH:D006973,Hypertension
DB08807,Bopindolol,bopindolol,C036007,MESH:D006973,Hypertension
DB01359,Penbutolol,Penbutolol,D010394,MESH:D006973,Hypertension
DB00651,Dyphylline,Dyphylline,D004400,MESH:D006973,Hypertension
DB09229,Aranidipine,aranidipine,C059427,MESH:D006973,Hypertension
DB00212,Remikiren,remikiren,C065581,MESH:D006973,Hypertension
DB01295,Bevantolol,bevantolol,C021148,MESH:D006973,Hypertension
DB01295,Bevantolol,bevantolol,C021148,MESH:D013610,Tachycardia
DB00226,Guanadrel,guanadrel,C004945,MESH:D006973,Hypertension
DB09236,Lacidipine,lacidipine,C060285,MESH:D050197,Atherosclerosis
DB09236,Lacidipine,lacidipine,C060285,MESH:D006973,Hypertension
DB09236,Lacidipine,lacidipine,C060285,MESH:D006984,Hypertrophy
DB09236,Lacidipine,lacidipine,C060285,MESH:D009203,Myocardial Infarction
DB00980,Ramelteon,ramelteon,C495910,MESH:D006973,Hypertension
DB00980,Ramelteon,ramelteon,C495910,MESH:D055370,Lung Injury
DB00980,Ramelteon,ramelteon,C495910,MESH:D007319,Sleep Initiation and Maintenance Disorders
DB00980,Ramelteon,ramelteon,C495910,MESH:D015430,Weight Gain
DB04920,Clevidipine,clevidipine,C118563,MESH:D006973,Hypertension
DB00876,Eprosartan,eprosartan,C068373,MESH:D006973,Hypertension
DB09279,Fimasartan,fimasartan,C558933,MESH:D006973,Hypertension
DB06403,Ambrisentan,ambrisentan,C467894,MESH:D058186,Acute Kidney Injury
DB06403,Ambrisentan,ambrisentan,C467894,MESH:D015431,Weight Loss
DB09418,Potassium perchlorate,potassium perchlorate,C009006,MESH:D006980,Hyperthyroidism
DB00872,Conivaptan,conivaptan,C106389,MESH:D007010,Hyponatremia
DB09059,Atosiban,atosiban,C047046,MESH:D012640,Seizures
DB00418,Secobarbital,Secobarbital,D012631,MESH:D012640,Seizures
DB09205,Moxisylyte,Moxisylyte,D013948,MESH:D007022,Hypotension
DB09205,Moxisylyte,Moxisylyte,D013948,MESH:D007511,Ischemia
DB09205,Moxisylyte,Moxisylyte,D013948,MESH:D019578,Multiple System Atrophy
DB03904,Urea,Urea,D014508,MESH:D007177,Inappropriate ADH Syndrome
DB03904,Urea,Urea,D014508,MESH:D010243,Paralysis
DB06267,Udenafil,udenafil,C419664,MESH:D007172,Erectile Dysfunction
DB13946,Testosterone undecanoate,testosterone undecanoate,C010792,MESH:D007172,Erectile Dysfunction
DB03701,Vanoxerine,vanoxerine,C043425,MESH:D019970,Cocaine-Related Disorders
DB03701,Vanoxerine,vanoxerine,C043425,MESH:D012640,Seizures
DB00198,Oseltamivir,Oseltamivir,D053139,MESH:D009976,Orthomyxoviridae Infections
DB01589,Quazepam,quazepam,C025130,MESH:D007319,Sleep Initiation and Maintenance Disorders
DB01589,Quazepam,quazepam,C025130,MESH:D012893,Sleep Wake Disorders
DB00962,Zaleplon,zaleplon,C085665,MESH:D012640,Seizures
DB00962,Zaleplon,zaleplon,C085665,MESH:D007319,Sleep Initiation and Maintenance Disorders
DB09129,Chromic chloride,chromic chloride,C022990,MESH:D007333,Insulin Resistance
DB06663,Pasireotide,pasireotide,C517782,MESH:D007511,Ischemia
DB06663,Pasireotide,pasireotide,C517782,MESH:D047748,Pituitary ACTH Hypersecretion
DB01127,Econazole,Econazole,D004464,MESH:D007634,Keratitis
DB08881,Vemurafenib,Vemurafenib,D000077484,MESH:D008545,Melanoma
DB08881,Vemurafenib,Vemurafenib,D000077484,MESH:D009361,Neoplasm Invasiveness
DB08881,Vemurafenib,Vemurafenib,D000077484,MESH:D013964,Thyroid Neoplasms
DB04892,Phenserine,phenserine,C092280,MESH:D007859,Learning Disabilities
DB04892,Phenserine,phenserine,C092280,MESH:D008569,Memory Disorders
DB09031,Miltefosine,miltefosine,C039128,MESH:D007896,Leishmaniasis
DB09053,Ibrutinib,ibrutinib,C551803,MESH:D008232,Lymphoproliferative Disorders
DB04335,Inosine,Inosine,D007288,MESH:D009202,Cardiomyopathies
DB04335,Inosine,Inosine,D007288,MESH:D007970,Leukopenia
DB01608,Periciazine,periciazine,C084584,MESH:D019969,Amphetamine-Related Disorders
DB01608,Periciazine,periciazine,C084584,MESH:D012559,Schizophrenia
DB01608,Periciazine,periciazine,C084584,MESH:D013375,Substance Withdrawal Syndrome
DB00216,Eletriptan,eletriptan,C115647,MESH:D008881,Migraine Disorders
DB12831,Gabexate,Gabexate,D016670,MESH:D008107,Liver Diseases
DB01433,Methadyl acetate,Methadyl Acetate,D008692,MESH:D019970,Cocaine-Related Disorders
DB01433,Methadyl acetate,Methadyl Acetate,D008692,MESH:D009293,Opioid-Related Disorders
DB01433,Methadyl acetate,Methadyl Acetate,D008692,MESH:D010146,Pain
DB01433,Methadyl acetate,Methadyl Acetate,D008692,MESH:D019966,Substance-Related Disorders
DB08903,Bedaquiline,bedaquiline,C493870,MESH:D014376,Tuberculosis
DB11828,Neratinib,neratinib,C487932,MESH:D008175,Lung Neoplasms
DB11697,Pacritinib,pacritinib,C561234,MESH:D008223,Lymphoma
DB11697,Pacritinib,pacritinib,C561234,MESH:D055728,Primary Myelofibrosis
DB08912,Dabrafenib,dabrafenib,C561627,MESH:D008545,Melanoma
DB01051,Novobiocin,Novobiocin,D009675,MESH:D008545,Melanoma
DB01034,Cerulenin,Cerulenin,D002569,MESH:D008545,Melanoma
DB01034,Cerulenin,Cerulenin,D002569,MESH:D009369,Neoplasms
DB08911,Trametinib,trametinib,C560077,MESH:D008545,Melanoma
DB08911,Trametinib,trametinib,C560077,MESH:D010190,Pancreatic Neoplasms
DB08911,Trametinib,trametinib,C560077,MESH:D013274,Stomach Neoplasms
DB01892,Hyperforin,hyperforin,C001654,MESH:D007859,Learning Disabilities
DB01892,Hyperforin,hyperforin,C001654,MESH:D008569,Memory Disorders
DB01892,Hyperforin,hyperforin,C001654,MESH:D010146,Pain
DB04869,Olcegepant,olcegepant,C406305,MESH:D008881,Migraine Disorders
DB00998,Frovatriptan,frovatriptan,C108128,MESH:D008881,Migraine Disorders
DB00998,Frovatriptan,frovatriptan,C108128,MESH:D020325,Migraine with Aura
DB00050,Cetrorelix,cetrorelix,C062876,MESH:D009101,Multiple Myeloma
DB08880,Teriflunomide,teriflunomide,C527525,MESH:D009103,Multiple Sclerosis
DB08837,Tetraethylammonium,Tetraethylammonium,D019789,MESH:D009127,Muscle Rigidity
DB00504,Levallorphan,Levallorphan,D007977,MESH:D015877,Miosis
DB00504,Levallorphan,Levallorphan,D007977,MESH:D009127,Muscle Rigidity
DB06595,Midostaurin,midostaurin,C059539,MESH:D009196,Myeloproliferative Disorders
DB01319,Fosamprenavir,fosamprenavir,C426859,MESH:D015658,HIV Infections
DB00219,Oxyphenonium,Oxyphenonium,D010115,MESH:D009216,Myopia
DB00377,Palonosetron,Palonosetron,D000077924,MESH:D009325,Nausea
DB00377,Palonosetron,Palonosetron,D000077924,MESH:D014839,Vomiting
DB09288,Propacetamol,propacetamol,C063776,MESH:D010149,Postoperative Pain
DB11638,Artenimol,artenimol,C039060,MESH:D009369,Neoplasms
DB09078,Lenvatinib,lenvatinib,C531958,MESH:D016889,Endometrial Neoplasms
DB09078,Lenvatinib,lenvatinib,C531958,MESH:D013964,Thyroid Neoplasms
DB00839,Tolazamide,Tolazamide,D014042,MESH:D009401,Nephrosis
DB14011,Nabiximols,nabiximols,C587251,MESH:D009103,Multiple Sclerosis
DB14011,Nabiximols,nabiximols,C587251,MESH:D009128,Muscle Spasticity
DB14011,Nabiximols,nabiximols,C587251,MESH:D009437,Neuralgia
DB04871,Lorcaserin,lorcaserin,C506658,MESH:D009765,Obesity
DB04871,Lorcaserin,lorcaserin,C506658,MESH:D015430,Weight Gain
DB06202,Lasofoxifene,Lasofoxifene,C111332,MESH:D010024,Osteoporosis
DB01466,Ethylmorphine,Ethylmorphine,D005036,MESH:D010146,Pain
DB00868,Benzonatate,benzonatate,C029755,MESH:D010146,Pain
DB11640,Amifampridine,Amifampridine,D000077770,MESH:D018908,Muscle Weakness
DB11640,Amifampridine,Amifampridine,D000077770,MESH:D010243,Paralysis
DB01245,Decamethonium,decamethonium,C033019,MESH:D012640,Seizures
DB08806,Roxatidine acetate,roxatidine acetate,C053742,MESH:D010437,Peptic Ulcer
DB00194,Vidarabine,Vidarabine Phosphate,D001084,MESH:D006561,Herpes Simplex
DB01606,Tazobactam,Tazobactam,D000078142,MESH:D010538,Peritonitis
DB04884,Dapoxetine,dapoxetine,C080598,MESH:D011470,Prostatic Hyperplasia
DB06772,Cabazitaxel,cabazitaxel,C552428,MESH:D011471,Prostatic Neoplasms
DB00665,Nilutamide,nilutamide,C021277,MESH:D011471,Prostatic Neoplasms
DB05812,Abiraterone,abiraterone,C089740,MESH:D011471,Prostatic Neoplasms
DB01260,Desonide,Desonide,D003898,MESH:D011565,Psoriasis
DB00799,Tazarotene,tazarotene,C086827,MESH:D011565,Psoriasis
DB00799,Tazarotene,tazarotene,C086827,MESH:D012871,Skin Diseases
DB11157,Anthralin,Anthralin,D000875,MESH:D011565,Psoriasis
DB08877,Ruxolitinib,ruxolitinib,C540383,MESH:D056486,Chemical and Drug Induced Liver Injury
DB08877,Ruxolitinib,ruxolitinib,C540383,MESH:D011565,Psoriasis
DB08877,Ruxolitinib,ruxolitinib,C540383,MESH:D013163,Splenomegaly
DB01415,Ceftibuten,Ceftibuten,D000077722,MESH:D011704,Pyelonephritis
DB00705,Delavirdine,Delavirdine,D020008,MESH:D015658,HIV Infections
DB09223,Blonanserin,blonanserin,C079310,MESH:D012559,Schizophrenia
DB00767,Benzquinamide,benzquinamide,C100234,MESH:D012559,Schizophrenia
DB09119,Eslicarbazepine acetate,eslicarbazepine acetate,C416835,MESH:D012640,Seizures
DB05087,Ganaxolone,ganaxolone,C105051,MESH:D012640,Seizures
DB01121,Phenacemide,phenacemide,C005396,MESH:D012640,Seizures
DB00147,Pyridoxal,Pyridoxal,D011730,MESH:D012640,Seizures
DB00147,Pyridoxal,Pyridoxal Phosphate,D011732,MESH:D015179,Colorectal Neoplasms
DB00147,Pyridoxal,Pyridoxal Phosphate,D011732,MESH:D007674,Kidney Diseases
DB06201,Rufinamide,rufinamide,C079703,MESH:D004827,Epilepsy
DB06201,Rufinamide,rufinamide,C079703,MESH:D012640,Seizures
DB09028,Cytisine,cytisine,C004712,MESH:D014029,Tobacco Use Disorder
DB00423,Methocarbamol,Methocarbamol,D008721,MESH:D017116,Low Back Pain
DB00600,Monobenzone,monobenzone,C006429,MESH:D012871,Skin Diseases
DB00600,Monobenzone,monobenzone,C006429,MESH:D014820,Vitiligo
DB06696,Arbekacin,arbekacin,C031986,MESH:D018805,Sepsis
DB06696,Arbekacin,arbekacin,C031986,MESH:D013203,Staphylococcal Infections
DB04918,Ceftobiprole,ceftobiprole,C443755,MESH:D013203,Staphylococcal Infections
DB00558,Zanamivir,Zanamivir,D053243,MESH:D020751,Alcohol-Induced Disorders
DB00558,Zanamivir,Zanamivir,D053243,MESH:D056486,Chemical and Drug Induced Liver Injury
DB06414,Etravirine,etravirine,C451734,MESH:D015658,HIV Infections
DB04835,Maraviroc,Maraviroc,D000077592,MESH:D015658,HIV Infections
DB06228,Rivaroxaban,Rivaroxaban,D000069552,MESH:D056486,Chemical and Drug Induced Liver Injury
DB06228,Rivaroxaban,Rivaroxaban,D000069552,MESH:D016769,Embolism and Thrombosis
DB06228,Rivaroxaban,Rivaroxaban,D000069552,MESH:D008103,Liver Cirrhosis
DB06228,Rivaroxaban,Rivaroxaban,D000069552,MESH:D013733,Testicular Diseases
DB06228,Rivaroxaban,Rivaroxaban,D000069552,MESH:D054556,Venous Thromboembolism
DB06203,Alogliptin,alogliptin,C520853,MESH:D013733,Testicular Diseases
DB06203,Alogliptin,alogliptin,C520853,MESH:D015430,Weight Gain
DB13155,Esculin,Esculin,D004929,MESH:D011014,Pneumonia
DB13155,Esculin,Esculin,D004929,MESH:D011654,Pulmonary Edema
DB13155,Esculin,Esculin,D004929,MESH:D013272,Stomach Diseases
DB13729,Camostat,camostat,C034532,MESH:D006930,Hyperalgesia
DB13729,Camostat,camostat,C034532,MESH:D009393,Nephritis
DB13729,Camostat,camostat,C034532,MESH:D045169,Severe Acute Respiratory Syndrome
DB13729,Camostat,camostat,C034532,MESH:D013276,Stomach Ulcer
DB09204,Arotinolol,arotinolol,C024523,MESH:D013610,Tachycardia
DB01158,Bretylium,bretylium,C045166,MESH:D013610,Tachycardia
DB01158,Bretylium,bretylium,C045166,MESH:D014693,Ventricular Fibrillation
DB01158,Bretylium,Bretylium Tosylate,D001950,MESH:D011183,Postoperative Complications
DB01158,Bretylium,Bretylium Tosylate,D001950,MESH:D016171,Torsades de Pointes
DB01158,Bretylium,Bretylium Tosylate,D001950,MESH:D014693,Ventricular Fibrillation
DB01125,Anisindione,anisindione,C010679,MESH:D013927,Thrombosis
DB01125,Anisindione,anisindione,C010679,MESH:D020246,Venous Thrombosis
DB11921,Deflazacort,deflazacort,C021988,MESH:D014514,Ureteral Calculi
DB04886,Calanolide A,calanolide A,C075959,MESH:D015658,HIV Infections
DB00256,Lymecycline,Lymecycline,D008194,MESH:D016481,Helicobacter Infections
DB01163,Amdinocillin,Amdinocillin,D000560,MESH:D016905,Gram-Negative Bacterial Infections
DB09472,Sodium sulfate,Sodium,D012964,MESH:D058186,Acute Kidney Injury
DB09472,Sodium sulfate,Sodium,D012964,MESH:D006331,Heart Diseases
DB09472,Sodium sulfate,Sodium,D012964,MESH:D007022,Hypotension
DB09472,Sodium sulfate,Sodium,D012964,MESH:D007674,Kidney Diseases
DB09472,Sodium sulfate,Sodium,D012964,MESH:D051437,Renal Insufficiency
DB09472,Sodium sulfate,Sodium,D012964,MESH:D013610,Tachycardia
DB09472,Sodium sulfate,Sodium,D012964,MESH:D014693,Ventricular Fibrillation
DB09472,Sodium sulfate,Sodium Citrate,D000077559,MESH:D000138,Acidosis
DB09472,Sodium sulfate,Sodium Citrate,D000077559,MESH:D009397,Nephrocalcinosis
DB09472,Sodium sulfate,Sodium Citrate,D000077559,MESH:D012859,Sjogren's Syndrome
DB05676,Apremilast,apremilast,C505730,MESH:D020083,Acquired Hyperostosis Syndrome
DB05676,Apremilast,apremilast,C505730,MESH:D066126,Cardiotoxicity
DB00145,Glycine,Glycine,D005998,MESH:D013733,Testicular Diseases
DB00348,Nitisinone,nitisinone,C077073,MESH:D020176,Tyrosinemias
DB06480,Prucalopride,prucalopride,C406662,MESH:D043183,Irritable Bowel Syndrome
DB04856,Dexloxiglumide,dexloxiglumide,C103490,MESH:D043183,Irritable Bowel Syndrome
DB08890,Linaclotide,linaclotide,C523483,MESH:D043183,Irritable Bowel Syndrome
DB01046,Lubiprostone,Lubiprostone,D000068238,MESH:D043183,Irritable Bowel Syndrome
DB00551,Acetohydroxamic acid,acetohydroxamic acid,C006358,MESH:D052878,Urolithiasis
DB11581,Venetoclax,venetoclax,C579720,MESH:D054198,Precursor Cell Lymphoblastic Leukemia-Lymphoma
DB09460,Sodium carbonate,sodium carbonate,C005686,MESH:D056693,Propionic Acidemia
DB01597,Cilastatin,Cilastatin,D015377,MESH:D058186,Acute Kidney Injury
