drugID,diseaseID,label,split,count_drug,count_disease,q_score_PS,p_score_Target,p_score_Category,p_score_Conditions,p_score_Description,p_score_Mechanism,p_score_Pharmacodynamics,p_score_Smile,adj_q_score_PS,adj_p_score_Target,adj_p_score_Category,adj_p_score_Conditions,adj_p_score_Description,adj_p_score_Mechanism,adj_p_score_Pharmacodynamics,adj_p_score_Smile,coverage_count,num_preds
DB01169,D131200,0,train,9.0,1.0,0.0,0.0,0.1282051282051282,0.0,0.8299536,0.70337045,0.7210798,0.027027027027027,0.0,0.0,0.1282051282051282,0.0,0.8299536,0.70337045,0.7210798,0.027027027027027,5,0
DB00883,D607628,0,train,4.0,4.0,0.14882,0.0,0.04,0.0,0.80416,0.7344239,0.7423827,0.075,0.59528,0.0,0.16,0.0,3.21664,2.9376956,2.9695308,0.3,5,0
DB00755,D137800,0,train,1.0,1.0,0.090017,0.0,0.0943396226415094,0.0,0.8423316,0.70516634,0.7367877,0.034090909090909,0.090017,0.0,0.0943396226415094,0.0,0.8423316,0.70516634,0.7367877,0.034090909090909,5,0
DB00285,D151590,0,train,6.0,5.0,0.11193,0.0,0.1411764705882353,0.0,0.8384795,0.81362164,0.8411341,0.1216216216216216,0.6715800000000001,0.0,0.7058823529411764,0.0,4.1923975,4.0681082,4.2056705,0.608108108108108,5,0
DB00255,D146255,0,train,15.0,1.0,0.10964,0.3,0.2043010752688172,0.0,0.7252406,0.8678779,0.73888075,0.3431372549019608,1.6446,0.3,0.2043010752688172,0.0,0.7252406,0.8678779,0.73888075,0.3431372549019608,5,0
DB01275,D157700,0,train,8.0,1.0,0.1848,0.0,0.1363636363636363,0.0,0.8380457,0.7827469,0.85510683,0.1785714285714285,1.4784,0.0,0.1363636363636363,0.0,0.8380457,0.7827469,0.85510683,0.1785714285714285,5,0
DB01224,D270960,0,train,1.0,2.0,0.10607,0.0,0.0333333333333333,0.0,0.70357245,0.5660628,0.5741443,0.2230215827338129,0.10607,0.0,0.0666666666666666,0.0,1.4071449,1.1321256,1.1482886,0.4460431654676258,5,0
DB00338,D181500,0,train,18.0,1.0,0.021216,0.0,0.2236842105263158,0.0,0.8500388,0.77969325,0.85996985,0.1884057971014492,0.381888,0.0,0.2236842105263158,0.0,0.8500388,0.77969325,0.85996985,0.1884057971014492,5,0
DB00757,D107650,0,train,1.0,2.0,0.26852,0.0,0.1219512195121951,0.0,0.8070113,0.81850594,0.7752934,0.1752577319587628,0.26852,0.0,0.2439024390243902,0.0,1.6140226,1.63701188,1.5505868,0.3505154639175256,5,0
DB00449,D137800,0,train,1.0,2.0,0.14931,0.0,0.0,0.0,0.7323866,0.44827718,0.8227914,0.0659340659340659,0.14931,0.0,0.0,0.0,1.4647732,0.89655436,1.6455828,0.1318681318681318,5,0
DB00647,D236000,0,train,15.0,2.0,0.28267,0.1428571428571428,0.1636363636363636,0.0,0.84815115,0.86346054,0.82953995,0.2574850299401197,4.24005,0.2857142857142856,0.3272727272727272,0.0,1.6963023,1.72692108,1.6590799,0.5149700598802394,5,0
DB00346,D178600,0,train,5.0,3.0,0.20847,0.0444444444444444,0.1639344262295081,0.0,0.8205618,0.808473,0.84061384,0.1311475409836065,1.04235,0.1333333333333332,0.4918032786885243,0.0,2.4616854,2.425419,2.52184152,0.3934426229508195,5,0
DB01043,D135550,0,train,1.0,1.0,0.0,0.0,0.0652173913043478,0.0,0.71215683,0.77195543,0.77393794,0.0384615384615384,0.0,0.0,0.0652173913043478,0.0,0.71215683,0.77195543,0.77393794,0.0384615384615384,5,0
DB00210,D143100,0,train,2.0,1.0,0.10942,0.0,0.0,0.0,0.76924205,0.6173558,0.7283151,0.1327433628318584,0.21884,0.0,0.0,0.0,0.76924205,0.6173558,0.7283151,0.1327433628318584,5,0
DB00710,D300494,0,train,3.0,5.0,0.26358,0.0,0.0476190476190476,0.0,0.70182025,0.6535024,0.7099653,0.087378640776699,0.79074,0.0,0.238095238095238,0.0,3.50910125,3.267512,3.5498265,0.436893203883495,5,0
DB01367,D184700,0,train,4.0,1.0,0.21503,0.0,0.05,0.0,0.8183491,0.7750941,0.57079667,0.1919191919191919,0.86012,0.0,0.05,0.0,0.8183491,0.7750941,0.57079667,0.1919191919191919,5,0
DB00696,D115000,0,train,11.0,4.0,0.060723,0.0,0.1739130434782608,0.0,0.82493633,0.82728964,0.7789192,0.2203389830508474,0.667953,0.0,0.6956521739130432,0.0,3.29974532,3.30915856,3.1156768,0.8813559322033896,5,0
DB01137,D115195,0,train,1.0,2.0,0.11628,0.0,0.0,0.0,0.57865894,0.579541,0.66338694,0.0638297872340425,0.11628,0.0,0.0,0.0,1.15731788,1.159082,1.32677388,0.127659574468085,5,0
DB00318,D273800,0,train,3.0,2.0,0.19746,0.0,0.0677966101694915,0.0,0.7517221,0.73070574,0.80392677,0.1726618705035971,0.59238,0.0,0.135593220338983,0.0,1.5034442,1.46141148,1.60785354,0.3453237410071942,5,0
DB00569,D160750,0,train,1.0,6.0,0.13726,0.0,0.0175438596491228,0.0,0.64652085,0.7986657,0.6822042,0.0403458213256484,0.13726,0.0,0.1052631578947368,0.0,3.8791251,4.7919942,4.0932252,0.2420749279538904,5,0
DB00434,D102300,0,train,8.0,5.0,0.06405,0.1034482758620689,0.175438596491228,0.0,0.84599394,0.8127855,0.8127469,0.2473118279569892,0.5124,0.5172413793103445,0.87719298245614,0.0,4.2299697,4.0639275,4.063734500000001,1.236559139784946,5,0
DB00966,D212140,0,train,1.0,2.0,0.19404,0.0,0.0545454545454545,0.0,0.7473961,0.86146075,0.75913453,0.2428571428571428,0.19404,0.0,0.109090909090909,0.0,1.4947922,1.7229215,1.51826906,0.4857142857142856,5,0
DB00669,D600263,0,train,7.0,3.0,0.21561,0.1428571428571428,0.1095890410958904,0.0,0.830147,0.8403309,0.7366863,0.168141592920354,1.50927,0.4285714285714284,0.3287671232876712,0.0,2.490441,2.5209927,2.2100589,0.504424778761062,5,0
DB00366,D602080,0,train,5.0,3.0,0.12503,0.0,0.0422535211267605,0.0,0.76897925,0.80205595,0.7054104,0.1727272727272727,0.62515,0.0,0.1267605633802815,0.0,2.30693775,2.40616785,2.1162312,0.5181818181818181,5,0
DB00451,D175100,0,train,1.0,1.0,0.10458,0.0,0.0172413793103448,0.0,0.65457714,0.58185756,0.743009,0.1407407407407407,0.10458,0.0,0.0172413793103448,0.0,0.65457714,0.58185756,0.743009,0.1407407407407407,5,0
DB00627,D134750,0,train,1.0,5.0,0.33273,0.0,0.0357142857142857,0.0,0.7910611,0.8464389,0.7344327,0.0821917808219178,0.33273,0.0,0.1785714285714285,0.0,3.9553055,4.2321945,3.6721635,0.410958904109589,5,0
DB01394,D125310,0,train,8.0,2.0,0.13278,0.0,0.0833333333333333,0.0,0.78926915,0.86099184,0.7779842,0.1869158878504672,1.06224,0.0,0.1666666666666666,0.0,1.5785383,1.72198368,1.5559684,0.3738317757009344,5,0
DB00363,D208550,0,train,27.0,3.0,0.13153,0.5,0.25,0.0,0.8602768,0.8277985,0.85107565,0.2689075630252101,3.5513100000000004,1.5,0.75,0.0,2.5808304,2.4833955,2.55322695,0.8067226890756303,5,0
DB00332,D114480,0,train,14.0,1.0,0.087523,0.0,0.119047619047619,0.0,0.87752384,0.8767143,0.81915385,0.2244897959183673,1.225322,0.0,0.119047619047619,0.0,0.87752384,0.8767143,0.81915385,0.2244897959183673,5,0
DB01088,D144110,0,train,5.0,1.0,0.16489,0.0,0.0,0.0,0.7672261,0.8353065,0.87409705,0.0902777777777777,0.82445,0.0,0.0,0.0,0.7672261,0.8353065,0.87409705,0.0902777777777777,5,0
DB00843,D114480,0,train,14.0,1.0,0.087523,0.1333333333333333,0.4545454545454545,0.0,0.92190737,0.82390994,0.8794025,0.2518518518518518,1.225322,0.1333333333333333,0.4545454545454545,0.0,0.92190737,0.82390994,0.8794025,0.2518518518518518,5,0
DB00404,D277440,0,train,2.0,0.0,0.0,0.0,0.0545454545454545,0.0,0.73591214,0.79153836,0.6785803,0.0359712230215827,0.0,0.0,0.0,0.0,0.0,0.0,0.0,0.0,5,0
DB00191,D148000,0,train,4.0,3.0,0.1466,0.0,0.12,0.0,0.71745443,0.8231703,0.7830873,0.1733333333333333,0.5864,0.0,0.36,0.0,2.15236329,2.4695109,2.3492619,0.5199999999999999,5,0
DB00284,D165720,0,train,15.0,2.0,0.0,0.0909090909090909,0.3,0.0,0.87620187,0.7669512,0.8215458,0.1176470588235294,0.0,0.1818181818181818,0.6,0.0,1.75240374,1.5339024,1.6430916,0.2352941176470588,5,0
DB00475,D600807,0,train,18.0,2.0,0.04299,0.0,0.1621621621621621,0.0,0.8286305,0.8400297,0.77057976,0.2696629213483146,0.77382,0.0,0.3243243243243242,0.0,1.657261,1.6800594,1.54115952,0.5393258426966292,5,0
DB00191,D606842,0,train,1.0,3.0,0.077581,0.0,0.0,0.0,0.74442023,0.68460083,0.61977947,0.096,0.077581,0.0,0.0,0.0,2.23326069,2.0538024900000003,1.85933841,0.288,5,0
DB00927,D607631,0,train,4.0,2.0,0.15653,0.0,0.0594059405940594,0.0,0.87504965,0.73377305,0.8588414,0.0944881889763779,0.62612,0.0,0.1188118811881188,0.0,1.7500993,1.4675461,1.7176828,0.1889763779527558,5,0
DB00465,D110100,0,train,6.0,1.0,0.23975,0.0,0.048780487804878,0.0,0.88898146,0.87470317,0.78735805,0.18,1.4385,0.0,0.048780487804878,0.0,0.88898146,0.87470317,0.78735805,0.18,5,0
DB00445,D144110,0,train,5.0,3.0,0.090758,0.0,0.0256410256410256,0.0,0.70539355,0.73889524,0.7396618,0.1233766233766233,0.45379,0.0,0.0769230769230767,0.0,2.11618065,2.21668572,2.2189854,0.3701298701298699,5,0
DB00716,D146110,0,train,1.0,5.0,0.37762,0.0,0.0512820512820512,0.0,0.7320324,0.835037,0.5882941,0.2045454545454545,0.37762,0.0,0.256410256410256,0.0,3.660162,4.175185,2.9414705000000003,1.0227272727272725,5,0
DB01062,D604416,0,train,14.0,1.0,0.076531,0.0,0.1818181818181818,0.0,0.768504,0.88742316,0.8218153,0.2113821138211382,1.071434,0.0,0.1818181818181818,0.0,0.768504,0.88742316,0.8218153,0.2113821138211382,5,0
DB00216,D102500,0,train,12.0,6.0,0.16824,0.0,0.1016949152542373,0.0,0.82311594,0.7501038,0.77813864,0.2608695652173913,2.01888,0.0,0.6101694915254238,0.0,4.93869564,4.5006228,4.66883184,1.5652173913043477,5,0
DB00399,D168100,0,train,14.0,2.0,0.22837,0.0,0.037037037037037,0.0,0.83913636,0.63878757,0.81671727,0.1216216216216216,3.19718,0.0,0.074074074074074,0.0,1.67827272,1.27757514,1.63343454,0.2432432432432432,5,0
DB00549,D148000,0,train,4.0,1.0,0.10275,0.0,0.037037037037037,0.0,0.87238586,0.8315003,0.74506104,0.3356643356643357,0.411,0.0,0.037037037037037,0.0,0.87238586,0.8315003,0.74506104,0.3356643356643357,5,0
DB00957,D131300,0,train,4.0,4.0,0.19437,0.0,0.087719298245614,0.0,0.8224312,0.84562886,0.8874255,0.1379310344827586,0.77748,0.0,0.350877192982456,0.0,3.2897248,3.38251544,3.549702,0.5517241379310344,5,0
DB00397,D165150,0,train,0.0,2.0,0.039799,0.0,0.0,0.0,0.0,0.0,0.0,0.0,0.0,0.0,0.0,0.0,0.0,0.0,0.0,0.0,5,0
DB01177,D230800,0,train,1.0,6.0,0.25795,0.0,0.0555555555555555,0.0,0.5981285,0.55631536,0.701842,0.1357142857142857,0.25795,0.0,0.333333333333333,0.0,3.5887709999999995,3.33789216,4.211052,0.8142857142857143,5,0
DB01156,D605021,0,train,2.0,1.0,0.052932,0.0,0.1346153846153846,0.0,0.89990824,0.8336797,0.6277845,0.1214285714285714,0.105864,0.0,0.1346153846153846,0.0,0.89990824,0.8336797,0.6277845,0.1214285714285714,5,0
DB00199,D608622,0,train,52.0,1.0,0.0,0.125,0.2258064516129032,0.0,0.79934895,0.81452924,0.8009354,0.2036363636363636,0.0,0.125,0.2258064516129032,0.0,0.79934895,0.81452924,0.8009354,0.2036363636363636,5,0
DB00852,D607682,0,train,5.0,3.0,0.11183,0.054054054054054,0.0845070422535211,0.0,0.78960884,0.82889503,0.753043,0.1333333333333333,0.55915,0.162162162162162,0.2535211267605632,0.0,2.36882652,2.48668509,2.259129,0.3999999999999999,5,0
DB00262,D246400,0,train,0.0,5.0,0.24841,0.0,0.0,0.0,0.0,0.0,0.0,0.0,0.0,0.0,0.0,0.0,0.0,0.0,0.0,0.0,5,0
DB01073,D268220,0,train,4.0,3.0,0.20746,0.0,0.1578947368421052,0.0,0.6853934,0.8306598,0.7633716,0.0927152317880794,0.82984,0.0,0.4736842105263156,0.0,2.0561802,2.4919794,2.2901148,0.2781456953642382,5,0
DB00829,D312910,0,train,1.0,0.0,0.0,0.0,0.0338983050847457,0.0,0.46575385,0.67394435,0.5943823,0.094017094017094,0.0,0.0,0.0,0.0,0.0,0.0,0.0,0.0,5,0
DB00745,D277350,0,train,2.0,7.0,0.24938,0.0,0.0,0.0,0.59705347,0.69242764,0.58948123,0.2134831460674157,0.49876,0.0,0.0,0.0,4.17937429,4.84699348,4.12636861,1.49438202247191,5,0
DB00917,D211980,0,train,1.0,1.0,0.041535,0.0,0.0,0.0,0.6614307,0.7817595,0.69533414,0.0967741935483871,0.041535,0.0,0.0,0.0,0.6614307,0.7817595,0.69533414,0.0967741935483871,5,0
DB00672,D308350,0,train,2.0,3.0,0.31299,0.0,0.0454545454545454,0.0,0.79565984,0.8026041,0.8117354,0.1258741258741259,0.62598,0.0,0.1363636363636362,0.0,2.38697952,2.4078123,2.4352062,0.3776223776223776,5,0
DB00722,D602522,0,train,1.0,1.0,0.09883,0.0,0.0,0.0,0.7737552,0.76888394,0.5900132,0.1319444444444444,0.09883,0.0,0.0,0.0,0.7737552,0.76888394,0.5900132,0.1319444444444444,5,0
DB00394,D231900,0,train,1.0,1.0,0.0,0.0,0.1129032258064516,0.0,0.66536915,0.6852871,0.7287097,0.0969696969696969,0.0,0.0,0.1129032258064516,0.0,0.66536915,0.6852871,0.7287097,0.0969696969696969,5,0
DB00530,D254770,0,train,0.0,1.0,0.24932,0.0,0.0,0.0,0.0,0.0,0.0,0.0,0.0,0.0,0.0,0.0,0.0,0.0,0.0,0.0,5,0
DB01399,D150699,0,train,1.0,2.0,0.15424,0.0,0.0,0.0,0.5750567,0.5790019,0.6108652,0.1090225563909774,0.15424,0.0,0.0,0.0,1.1501134,1.1580038,1.2217304,0.2180451127819548,5,0
DB00451,D133600,0,train,5.0,1.0,0.0,0.0,0.0222222222222222,0.0,0.8742609,0.77110285,0.7495162,0.1168831168831168,0.0,0.0,0.0222222222222222,0.0,0.8742609,0.77110285,0.7495162,0.1168831168831168,5,0
DB00480,D263800,0,train,1.0,2.0,0.18801,0.0,0.0465116279069767,0.0,0.70048445,0.66458404,0.6010437,0.1894736842105263,0.18801,0.0,0.0930232558139534,0.0,1.4009689,1.32916808,1.2020874,0.3789473684210526,5,0
DB00368,D189600,0,train,2.0,3.0,0.30168,0.0,0.0483870967741935,0.0,0.80537236,0.802088,0.8521365,0.2727272727272727,0.60336,0.0,0.1451612903225805,0.0,2.4161170800000003,2.406264,2.5564095,0.8181818181818181,5,0
DB00337,D125310,0,train,8.0,3.0,0.10374,0.0,0.15,0.0,0.70893145,0.866194,0.71937007,0.1256544502617801,0.82992,0.0,0.4499999999999999,0.0,2.12679435,2.598582,2.15811021,0.3769633507853402,5,0
DB00179,D165199,0,train,6.0,0.0,0.0,0.0,0.0697674418604651,0.0,0.7265354,0.8323758,0.7766413,0.1764705882352941,0.0,0.0,0.0,0.0,0.0,0.0,0.0,0.0,5,0
DB01169,D107650,0,train,1.0,1.0,0.2101,0.0,0.025,0.0,0.7818753,0.7209852,0.6924356,0.0178571428571428,0.2101,0.0,0.025,0.0,0.7818753,0.7209852,0.6924356,0.0178571428571428,5,0
DB00758,D145200,0,train,1.0,2.0,0.22832,0.0,0.0,0.0,0.73635644,0.8290593,0.42443898,0.2,0.22832,0.0,0.0,0.0,1.47271288,1.6581186,0.84887796,0.4,5,0
DB00484,D155601,0,train,5.0,2.0,0.0,0.0434782608695652,0.1282051282051282,0.0,0.8724695,0.8440888,0.6821937,0.1358024691358024,0.0,0.0869565217391304,0.2564102564102564,0.0,1.744939,1.6881776,1.3643874,0.2716049382716048,5,0
DB01128,D114550,0,train,1.0,3.0,0.32326,0.0,0.0169491525423728,0.0,0.53600246,0.74044746,0.6811362,0.1030927835051546,0.32326,0.0,0.0508474576271184,0.0,1.60800738,2.22134238,2.0434086,0.3092783505154638,5,0
DB01177,D601042,0,train,7.0,6.0,0.093476,0.0,0.1,0.0,0.78433776,0.7434242,0.76722527,0.2209944751381215,0.654332,0.0,0.6000000000000001,0.0,4.70602656,4.4605452,4.60335162,1.325966850828729,5,0
DB01075,D144700,0,train,8.0,1.0,0.12249,0.0625,0.1142857142857142,0.0,0.87015384,0.78650314,0.79512256,0.2577319587628865,0.97992,0.0625,0.1142857142857142,0.0,0.87015384,0.78650314,0.79512256,0.2577319587628865,5,0
DB00353,D109800,0,train,5.0,0.0,0.0,0.0,0.119047619047619,0.0,0.80698603,0.7769973,0.79307246,0.1727272727272727,0.0,0.0,0.0,0.0,0.0,0.0,0.0,0.0,5,0
DB01033,D157950,0,train,3.0,3.0,0.030171,0.0,0.0,0.0,0.7052731,0.81188357,0.680968,0.078125,0.090513,0.0,0.0,0.0,2.1158193,2.43565071,2.042904,0.234375,5,0
DB00476,D254450,0,train,1.0,1.0,0.0,0.0,0.064516129032258,0.0,0.6139448,0.8505443,0.69014084,0.1886792452830188,0.0,0.0,0.064516129032258,0.0,0.6139448,0.8505443,0.69014084,0.1886792452830188,5,0
DB00794,D125851,0,train,11.0,1.0,0.12258,0.0,0.1228070175438596,0.0,0.8334562,0.87856704,0.8097018,0.1818181818181818,1.34838,0.0,0.1228070175438596,0.0,0.8334562,0.87856704,0.8097018,0.1818181818181818,5,0
DB00248,D208750,0,train,1.0,1.0,0.0,0.0,0.0754716981132075,0.0,0.8017256,0.7590016,0.5659092,0.1228070175438596,0.0,0.0,0.0754716981132075,0.0,0.8017256,0.7590016,0.5659092,0.1228070175438596,5,0
DB00899,D259660,0,train,1.0,1.0,0.0,0.0,0.0,0.0,0.46516415,0.6047968,0.56747705,0.0689655172413793,0.0,0.0,0.0,0.0,0.46516415,0.6047968,0.56747705,0.0689655172413793,5,0
DB00227,D173200,0,train,1.0,1.0,0.14926,0.0,0.2753623188405797,0.0,0.6837253,0.6733861,0.717623,0.0804597701149425,0.14926,0.0,0.2753623188405797,0.0,0.6837253,0.6733861,0.717623,0.0804597701149425,5,0
DB02546,D125852,0,train,1.0,2.0,0.1577,0.0,0.1111111111111111,0.0,0.83409524,0.73451996,0.0,0.1396396396396396,0.1577,0.0,0.2222222222222222,0.0,1.66819048,1.46903992,0.0,0.2792792792792792,5,0
DB00764,D208920,0,train,2.0,1.0,0.16941,0.0,0.0222222222222222,0.0,0.60006356,0.81937116,0.67608714,0.1016949152542373,0.33882,0.0,0.0222222222222222,0.0,0.60006356,0.81937116,0.67608714,0.1016949152542373,5,0
DB00381,D146110,0,train,1.0,3.0,0.17352,0.0,0.015625,0.0,0.6750307,0.76131624,0.8327399,0.1726618705035971,0.17352,0.0,0.046875,0.0,2.0250921,2.28394872,2.4982197,0.5179856115107913,5,0
DB00586,D607682,0,train,5.0,1.0,0.0,0.0,0.0984848484848484,0.0,0.8787794,0.81001985,0.75964355,0.140495867768595,0.0,0.0,0.0984848484848484,0.0,0.8787794,0.81001985,0.75964355,0.140495867768595,5,0
DB00652,D143880,0,train,5.0,5.0,0.1296,0.0,0.0208333333333333,0.0,0.74324393,0.6842916,0.75506425,0.158273381294964,0.6479999999999999,0.0,0.1041666666666665,0.0,3.71621965,3.421458,3.77532125,0.7913669064748199,5,0
DB01019,D161900,0,train,70.0,1.0,0.058819,0.7142857142857143,0.1428571428571428,0.0,0.8437779,0.8523647,0.7689561,0.1785714285714285,4.11733,0.7142857142857143,0.1428571428571428,0.0,0.8437779,0.8523647,0.7689561,0.1785714285714285,5,0
DB01241,D119500,0,train,1.0,2.0,0.059312,0.0,0.0579710144927536,0.0,0.79771847,0.61153483,0.5594443,0.1949152542372881,0.059312,0.0,0.1159420289855072,0.0,1.59543694,1.22306966,1.1188886,0.3898305084745762,5,0
DB00757,D270960,0,train,1.0,2.0,0.060114,0.0,0.0263157894736842,0.0,0.777879,0.77599984,0.53985465,0.1764705882352941,0.060114,0.0,0.0526315789473684,0.0,1.555758,1.55199968,1.0797093,0.3529411764705882,5,0
DB00181,D131300,0,train,4.0,8.0,0.28616,0.0,0.0701754385964912,0.0,0.80229557,0.8040558,0.8163276,0.2051282051282051,1.14464,0.0,0.5614035087719296,0.0,6.41836456,6.4324464,6.5306208,1.6410256410256407,5,0
DB00598,D266600,0,train,7.0,4.0,0.25081,0.0,0.0869565217391304,0.0,0.85517293,0.77423036,0.76443267,0.3333333333333333,1.7556699999999998,0.0,0.3478260869565216,0.0,3.42069172,3.09692144,3.05773068,1.3333333333333333,5,0
DB00492,D260480,0,train,1.0,1.0,0.014741,0.0,0.1052631578947368,0.0,0.8669418,0.7319019,0.7441832,0.1474358974358974,0.014741,0.0,0.1052631578947368,0.0,0.8669418,0.7319019,0.7441832,0.1474358974358974,5,0
DB00630,D241100,0,train,2.0,1.0,0.025256,0.0,0.0,0.0,0.73299104,0.77024853,0.69396526,0.0526315789473684,0.050512,0.0,0.0,0.0,0.73299104,0.77024853,0.69396526,0.0526315789473684,5,0
DB01148,D189600,0,train,2.0,2.0,0.070935,0.0,0.0952380952380952,0.0,0.79690325,0.7769683,0.80155975,0.2016806722689075,0.14187,0.0,0.1904761904761904,0.0,1.5938065,1.5539366,1.6031195,0.403361344537815,5,0
DB11750,D182000,0,train,0.0,2.0,0.10776,0.0,0.0,0.0,0.0,0.0,0.0,0.0,0.0,0.0,0.0,0.0,0.0,0.0,0.0,0.0,5,0
DB00162,D148100,0,train,1.0,1.0,0.075592,0.0,0.0,0.0,0.6607635,0.57231915,0.66726965,0.064516129032258,0.075592,0.0,0.0,0.0,0.6607635,0.57231915,0.66726965,0.064516129032258,5,0
DB00532,D540000,0,train,4.0,1.0,0.32571,0.0,0.1320754716981132,0.0,0.8292347,0.7931756,0.7948976,0.2,1.30284,0.0,0.1320754716981132,0.0,0.8292347,0.7931756,0.7948976,0.2,5,0
DB00536,D140300,0,train,1.0,3.0,0.26146,0.0,0.0416666666666666,0.0,0.5566441,0.50089324,0.683155,0.0294117647058823,0.26146,0.0,0.1249999999999998,0.0,1.6699323,1.5026797200000002,2.049465,0.0882352941176469,5,0
DB00644,D175100,0,train,1.0,1.0,0.10458,0.0,0.0,0.0,0.5017106,0.7876299,0.71013296,0.1198630136986301,0.10458,0.0,0.0,0.0,0.5017106,0.7876299,0.71013296,0.1198630136986301,5,0
DB01118,D267740,0,train,4.0,1.0,0.0,0.0384615384615384,0.2432432432432432,0.0,0.8186778,0.8811523,0.80971843,0.1780821917808219,0.0,0.0384615384615384,0.2432432432432432,0.0,0.8186778,0.8811523,0.80971843,0.1780821917808219,5,0
DB03796,D145600,0,train,1.0,0.0,0.0,0.0,0.0277777777777777,0.0,0.46976602,0.5625634,0.62452626,0.018348623853211,0.0,0.0,0.0,0.0,0.0,0.0,0.0,0.0,5,0
DB01231,D266120,0,train,1.0,1.0,0.13937,0.0,0.0,0.0,0.7095417,0.80914915,0.7437508,0.0629370629370629,0.13937,0.0,0.0,0.0,0.7095417,0.80914915,0.7437508,0.0629370629370629,5,0
DB00655,D147540,0,train,8.0,2.0,0.022781,0.0,0.1351351351351351,0.0,0.80857444,0.72613007,0.7484578,0.1553398058252427,0.182248,0.0,0.2702702702702702,0.0,1.61714888,1.45226014,1.4969156,0.3106796116504854,5,0
DB00262,D147540,0,train,8.0,5.0,0.10851,0.0,0.2285714285714285,0.0,0.8760756,0.9063339,0.849424,0.0512820512820512,0.86808,0.0,1.1428571428571426,0.0,4.380377999999999,4.5316695000000005,4.24712,0.256410256410256,5,0
DB01019,D304790,0,train,8.0,1.0,0.10094,0.0,0.0606060606060606,0.0,0.8275599,0.83789146,0.8589851,0.1016949152542373,0.80752,0.0,0.0606060606060606,0.0,0.8275599,0.83789146,0.8589851,0.1016949152542373,5,0
DB00471,D131200,0,train,9.0,6.0,0.12253,0.1666666666666666,0.1111111111111111,0.0,0.8628529,0.76946557,0.83613884,0.2364864864864864,1.10277,0.9999999999999996,0.6666666666666666,0.0,5.1771174,4.6167934200000005,5.01683304,1.4189189189189184,5,0
DB00232,D150600,0,train,5.0,1.0,0.20721,0.0,0.0333333333333333,0.0,0.8555133,0.8053697,0.75973773,0.1304347826086956,1.03605,0.0,0.0333333333333333,0.0,0.8555133,0.8053697,0.75973773,0.1304347826086956,5,0
DB01018,D125851,0,train,11.0,3.0,0.091787,0.0625,0.1489361702127659,0.0,0.8707892,0.85102206,0.8074305,0.2441860465116279,1.009657,0.1875,0.4468085106382977,0.0,2.6123676,2.55306618,2.4222915,0.7325581395348837,5,0
DB00945,D151400,0,train,3.0,1.0,0.16632,0.0,0.0595238095238095,0.0,0.7973327,0.77334005,0.7292536,0.1769911504424778,0.4989599999999999,0.0,0.0595238095238095,0.0,0.7973327,0.77334005,0.7292536,0.1769911504424778,5,0
DB00230,D601042,0,train,7.0,2.0,0.1832,0.0,0.25,0.0,0.87932587,0.8083174,0.53655946,0.2692307692307692,1.2824,0.0,0.5,0.0,1.75865174,1.6166348,1.07311892,0.5384615384615384,5,0
DB00674,D160300,0,train,1.0,2.0,0.077249,0.0,0.0,0.0,0.6856618,0.49654174,0.58238626,0.036144578313253,0.077249,0.0,0.0,0.0,1.3713236,0.99308348,1.16477252,0.072289156626506,5,0
DB00461,D157950,0,train,3.0,0.0,0.0,1.0,0.2571428571428571,0.0,0.8227509,0.88928044,0.781149,0.216867469879518,0.0,0.0,0.0,0.0,0.0,0.0,0.0,0.0,5,0
DB00580,D102400,0,train,1.0,1.0,0.075982,0.0,0.05,0.0,0.8252925,0.61608493,0.55932355,0.0333333333333333,0.075982,0.0,0.05,0.0,0.8252925,0.61608493,0.55932355,0.0333333333333333,5,0
DB00672,D607554,0,train,10.0,3.0,0.14337,0.5,0.7142857142857143,0.0,0.8765862,0.9119417,0.90891933,0.6666666666666666,1.4337,1.5,2.142857142857143,0.0,2.6297586,2.7358251,2.7267579900000003,2.0,5,0
DB00398,D155600,0,train,4.0,7.0,0.32532,0.0,0.1159420289855072,0.0,0.70958626,0.6567214,0.7816044,0.1794871794871795,1.30128,0.0,0.8115942028985504,0.0,4.96710382,4.5970498,5.4712308,1.2564102564102564,5,0
DB11750,D218200,0,train,2.0,2.0,0.19626,0.0,0.0566037735849056,0.0,0.7777455,0.19795512,0.0,0.0977443609022556,0.39252,0.0,0.1132075471698112,0.0,1.555491,0.39591024,0.0,0.1954887218045112,5,0
DB01248,D125853,0,train,13.0,3.0,0.1353,0.0,0.1265822784810126,0.0,0.76175714,0.8415333,0.7869054,0.1773399014778325,1.7589,0.0,0.3797468354430378,0.0,2.28527142,2.5245999,2.3607162,0.5320197044334974,5,0
DB00502,D275000,0,train,3.0,2.0,0.20005,0.0952380952380952,0.1153846153846153,0.0,0.7972263,0.80005085,0.73929733,0.1801242236024844,0.60015,0.1904761904761904,0.2307692307692306,0.0,1.5944526,1.6001017,1.47859466,0.3602484472049688,5,0
DB00468,D246470,0,train,5.0,1.0,0.023023,0.0,0.1296296296296296,0.0,0.7793495,0.6708256,0.81158686,0.208695652173913,0.115115,0.0,0.1296296296296296,0.0,0.7793495,0.6708256,0.81158686,0.208695652173913,5,0
DB00215,D607631,0,train,4.0,9.0,0.31232,0.0,0.2222222222222222,0.0,0.8102648,0.8131155,0.83594275,0.1229508196721311,1.24928,0.0,2.0,0.0,7.2923832,7.3180395,7.52348475,1.10655737704918,5,0
DB01200,D600496,0,train,12.0,9.0,0.072842,0.4705882352941176,0.2063492063492063,0.0,0.850657,0.8766452,0.7850462,0.1703296703296703,0.874104,4.235294117647058,1.8571428571428568,0.0,7.655913,7.889806800000001,7.0654158,1.5329670329670328,5,0
DB00966,D136200,0,train,2.0,2.0,0.0,0.0,0.0212765957446808,0.0,0.7783861,0.6917402,0.6851951,0.1470588235294117,0.0,0.0,0.0425531914893616,0.0,1.5567722,1.3834804,1.3703902,0.2941176470588234,5,0
DB00424,D131300,0,train,4.0,1.0,0.16931,0.0,0.1228070175438596,0.0,0.8638714,0.80766416,0.7569462,0.1717171717171717,0.67724,0.0,0.1228070175438596,0.0,0.8638714,0.80766416,0.7569462,0.1717171717171717,5,0
DB00305,D300494,0,train,3.0,2.0,0.0,0.0,0.12,0.0,0.8416866,0.69924396,0.80392903,0.1041666666666666,0.0,0.0,0.24,0.0,1.6833732,1.39848792,1.60785806,0.2083333333333332,5,0
DB00226,D166300,0,train,4.0,2.0,0.28418,0.0,0.0769230769230769,0.0,0.77453905,0.8675198,0.74302167,0.0579710144927536,1.13672,0.0,0.1538461538461538,0.0,1.5490781,1.7350396,1.48604334,0.1159420289855072,5,0
DB00816,D146850,0,train,1.0,6.0,0.1343,0.0,0.0,0.0,0.7473711,0.56786865,0.63376826,0.0684931506849315,0.1343,0.0,0.0,0.0,4.4842266,3.4072119,3.80260956,0.410958904109589,5,0
DB00126,D601626,0,train,9.0,3.0,0.20925,0.0,0.0416666666666666,0.0,0.5790789,0.71058184,0.7333617,0.1234567901234567,1.88325,0.0,0.1249999999999998,0.0,1.7372367,2.13174552,2.2000851,0.3703703703703701,5,0
DB01241,D220120,0,train,1.0,2.0,0.18857,0.0,0.0579710144927536,0.0,0.52301425,0.65456975,0.5453333,0.1285714285714285,0.18857,0.0,0.1159420289855072,0.0,1.0460285,1.3091395,1.0906666,0.257142857142857,5,0
DB00214,D167320,0,train,6.0,6.0,0.19347,0.0,0.1162790697674418,0.0,0.8322813,0.82901174,0.83254886,0.2109375,1.16082,0.0,0.6976744186046508,0.0,4.9936878,4.97407044,4.995293159999999,1.265625,5,0
DB00957,D190310,0,train,17.0,4.0,0.094345,0.3333333333333333,0.1011235955056179,0.0,0.81759197,0.8486624,0.86537266,0.1484375,1.603865,1.3333333333333333,0.4044943820224716,0.0,3.27036788,3.3946496,3.46149064,0.59375,5,0
DB00337,D605055,0,train,7.0,3.0,0.10934,0.0,0.073170731707317,0.0,0.72826266,0.8424434,0.7449308,0.1047120418848167,0.7653800000000001,0.0,0.219512195121951,0.0,2.18478798,2.5273302,2.2347924,0.3141361256544501,5,0
DB01175,D107550,0,train,1.0,1.0,0.28141,0.1333333333333333,0.1014492753623188,0.0,0.7080317,0.83326524,0.7958861,0.1296296296296296,0.28141,0.1333333333333333,0.1014492753623188,0.0,0.7080317,0.83326524,0.7958861,0.1296296296296296,5,0
DB00901,D208750,0,train,1.0,6.0,0.18879,0.0,0.025,0.0,0.69886523,0.62123257,0.7479137,0.1415929203539823,0.18879,0.0,0.15,0.0,4.19319138,3.72739542,4.4874822000000005,0.8495575221238938,5,0
DB00925,D179800,0,train,0.0,1.0,0.15282,0.0,0.0,0.0,0.0,0.0,0.0,0.0,0.0,0.0,0.0,0.0,0.0,0.0,0.0,0.0,5,0
DB00889,D226150,0,train,5.0,1.0,0.0,0.0,0.1666666666666666,0.0,0.7589314,0.8653289,0.7884687,0.1764705882352941,0.0,0.0,0.1666666666666666,0.0,0.7589314,0.8653289,0.7884687,0.1764705882352941,5,0
DB00208,D194200,0,train,2.0,1.0,0.23792,0.0,0.078125,0.0,0.7520875,0.80259496,0.7322414,0.2,0.47584,0.0,0.078125,0.0,0.7520875,0.80259496,0.7322414,0.2,5,0
DB00773,D300491,0,train,5.0,0.0,0.0,0.0,0.146788990825688,0.0,0.77178204,0.7798375,0.77300835,0.1226415094339622,0.0,0.0,0.0,0.0,0.0,0.0,0.0,0.0,5,0
DB00641,D110100,0,train,6.0,1.0,0.18502,0.0,0.1428571428571428,0.0,0.7772818,0.78027487,0.78618544,0.2137404580152671,1.11012,0.0,0.1428571428571428,0.0,0.7772818,0.78027487,0.78618544,0.2137404580152671,5,0
DB01202,D140850,0,train,1.0,5.0,0.20972,0.0,0.02,0.0,0.6973218,0.7389787,0.7128979,0.0765027322404371,0.20972,0.0,0.1,0.0,3.486609,3.6948935,3.5644895,0.3825136612021855,5,0
DB00550,D256370,0,train,5.0,1.0,0.075994,0.0,0.04,0.0,0.884555,0.76190495,0.76511586,0.12,0.37997,0.0,0.04,0.0,0.884555,0.76190495,0.76511586,0.12,5,0
DB00637,D241519,0,train,1.0,1.0,0.059396,0.0337078651685393,0.1846153846153846,0.0,0.8423472,0.7823185,0.55925286,0.1716417910447761,0.059396,0.0337078651685393,0.1846153846153846,0.0,0.8423472,0.7823185,0.55925286,0.1716417910447761,5,0
DB00572,D119500,0,train,1.0,5.0,0.25285,0.0,0.0408163265306122,0.0,0.75681865,0.60906184,0.59300697,0.1953125,0.25285,0.0,0.204081632653061,0.0,3.78409325,3.0453092,2.9650348500000003,0.9765625,5,0
DB01216,D605055,0,train,7.0,2.0,0.076052,0.0,0.0625,0.0,0.76184577,0.80941904,0.7739806,0.1271186440677966,0.532364,0.0,0.125,0.0,1.52369154,1.61883808,1.5479612,0.2542372881355932,5,0
DB00014,D181460,0,train,1.0,4.0,0.093781,0.0,0.0136986301369863,0.0,0.638764,0.77443475,0.56468284,0.106060606060606,0.093781,0.0,0.0547945205479452,0.0,2.555056,3.097739,2.25873136,0.424242424242424,5,0
DB09026,D605021,0,train,2.0,2.0,0.0,0.0,0.0961538461538461,0.0,0.7883023,0.8794619,0.8379154,0.1526315789473684,0.0,0.0,0.1923076923076922,0.0,1.5766046,1.7589238,1.6758308,0.3052631578947368,5,0
DB00295,D188050,0,train,4.0,1.0,0.050625,0.0,0.1566265060240964,0.0,0.81927836,0.7446753,0.76233923,0.1702127659574468,0.2025,0.0,0.1566265060240964,0.0,0.81927836,0.7446753,0.76233923,0.1702127659574468,5,0
DB00350,D125700,0,train,3.0,2.0,0.19666,0.0,0.025,0.0,0.79139835,0.7491873,0.77501243,0.1071428571428571,0.58998,0.0,0.05,0.0,1.5827967,1.4983746,1.55002486,0.2142857142857142,5,0
DB00583,D600351,0,train,16.0,2.0,0.1289,0.0769230769230769,0.0555555555555555,0.0,0.89188623,0.7445582,0.75066394,0.1095890410958904,2.0624,0.1538461538461538,0.111111111111111,0.0,1.78377246,1.4891164,1.50132788,0.2191780821917808,5,0
DB01003,D607554,0,train,10.0,5.0,0.17171,0.0,0.1282051282051282,0.0,0.80685824,0.7868239,0.804007,0.1653543307086614,1.7171,0.0,0.641025641025641,0.0,4.0342912,3.9341195,4.020035,0.826771653543307,5,0
DB00927,D138800,0,train,1.0,2.0,0.065759,0.0,0.027027027027027,0.0,0.75564337,0.7843804,0.809957,0.0642201834862385,0.065759,0.0,0.054054054054054,0.0,1.51128674,1.5687608,1.619914,0.128440366972477,5,0
DB00501,D102400,0,train,1.0,2.0,0.078116,0.0,0.0149253731343283,0.0,0.8302612,0.63147163,0.6754153,0.0259740259740259,0.078116,0.0,0.0298507462686566,0.0,1.6605224,1.26294326,1.3508306,0.0519480519480518,5,0
DB00357,D104130,0,train,8.0,1.0,0.036535,0.0,0.0769230769230769,0.0,0.8618424,0.8704683,0.78344375,0.2592592592592592,0.29228,0.0,0.0769230769230769,0.0,0.8618424,0.8704683,0.78344375,0.2592592592592592,5,0
DB01356,D268220,0,train,4.0,1.0,0.086525,0.0,0.0512820512820512,0.0,0.7898327,0.7721707,0.6636641,0.0,0.3461,0.0,0.0512820512820512,0.0,0.7898327,0.7721707,0.6636641,0.0,5,0
DB13919,D249100,0,train,1.0,2.0,0.096495,0.0,0.0217391304347826,0.0,0.7950046,0.6031623,0.0,0.1074380165289256,0.096495,0.0,0.0434782608695652,0.0,1.5900092,1.2063246,0.0,0.2148760330578512,5,0
DB00500,D600263,0,train,7.0,2.0,0.16422,0.0,0.1818181818181818,0.0,0.787905,0.7264977,0.8261434,0.2169811320754717,1.14954,0.0,0.3636363636363636,0.0,1.57581,1.4529954,1.6522868,0.4339622641509434,5,0
DB00596,D181460,0,train,1.0,4.0,0.05142,0.0,0.0151515151515151,0.0,0.7011585,0.79628676,0.8160784,0.125,0.05142,0.0,0.0606060606060604,0.0,2.804634,3.18514704,3.2643136,0.5,5,0
DB01235,D109100,0,train,7.0,2.0,0.18922,0.0,0.0754716981132075,0.0,0.84474534,0.8385312,0.7920358,0.1791044776119403,1.32454,0.0,0.150943396226415,0.0,1.68949068,1.6770624,1.5840716,0.3582089552238806,5,0
DB00605,D145100,0,train,1.0,1.0,0.13288,0.0,0.0,0.0,0.7598897,0.8549516,0.85191756,0.1443298969072164,0.13288,0.0,0.0,0.0,0.7598897,0.8549516,0.85191756,0.1443298969072164,5,0
DB00193,D607516,0,train,1.0,2.0,0.14418,0.0,0.2105263157894736,0.0,0.7785188,0.8296002,0.810748,0.1592920353982301,0.14418,0.0,0.4210526315789472,0.0,1.5570376,1.6592004,1.621496,0.3185840707964602,5,0
DB00563,D143880,0,train,5.0,6.0,0.21451,0.0,0.2456140350877192,0.0,0.7802022,0.9178679,0.7937759,0.1764705882352941,1.07255,0.0,1.4736842105263153,0.0,4.6812132,5.5072074,4.7626554,1.0588235294117645,5,0
DB01050,D121200,0,train,0.0,1.0,0.033998,0.0,0.0,0.0,0.0,0.0,0.0,0.0,0.0,0.0,0.0,0.0,0.0,0.0,0.0,0.0,5,0
DB01185,D126200,0,train,10.0,2.0,0.22498,0.0,0.0285714285714285,0.0,0.7843564,0.89830077,0.7855323,0.1212121212121212,2.2498,0.0,0.057142857142857,0.0,1.5687128,1.79660154,1.5710646,0.2424242424242424,5,0
DB00380,D150600,0,train,5.0,6.0,0.21476,0.0,0.048780487804878,0.0,0.7304303,0.7869736,0.7801445,0.1022727272727272,1.0738,0.0,0.292682926829268,0.0,4.3825818,4.7218416,4.680867,0.6136363636363632,5,0
DB02546,D237500,0,train,1.0,2.0,0.31975,0.0,0.0689655172413793,0.0,0.69785976,0.69122434,0.0,0.1684210526315789,0.31975,0.0,0.1379310344827586,0.0,1.39571952,1.38244868,0.0,0.3368421052631578,5,0
DB00843,D184700,0,train,4.0,1.0,0.044766,0.0,0.075,0.0,0.76743066,0.8005509,0.7397841,0.2777777777777778,0.179064,0.0,0.075,0.0,0.76743066,0.8005509,0.7397841,0.2777777777777778,5,0
DB00696,D606703,0,train,1.0,4.0,0.36374,0.3529411764705882,0.140625,0.0,0.82149243,0.88511574,0.7826223,0.1878787878787878,0.36374,1.4117647058823528,0.5625,0.0,3.28596972,3.54046296,3.1304892,0.7515151515151512,5,0
DB00554,D605055,0,train,7.0,3.0,0.44096,0.0,0.1030927835051546,0.0,0.7734657,0.8396275,0.79825395,0.1702127659574468,3.08672,0.0,0.3092783505154638,0.0,2.3203971,2.5188825,2.39476185,0.5106382978723404,5,0
DB00710,D133690,0,train,3.0,5.0,0.11403,0.0,0.0208333333333333,0.0,0.7656417,0.7053194,0.78551066,0.0614035087719298,0.34209,0.0,0.1041666666666665,0.0,3.8282085,3.526597,3.9275533,0.307017543859649,5,0
DB00661,D607508,0,train,1.0,5.0,0.17366,0.0,0.0886075949367088,0.0,0.5812818,0.542604,0.6891219,0.1655172413793103,0.17366,0.0,0.443037974683544,0.0,2.906409,2.71302,3.4456095,0.8275862068965514,5,0
DB00694,D263300,0,train,2.0,9.0,0.18844,0.0,0.1568627450980392,0.0,0.7445367,0.6911904,0.7462532,0.1927710843373494,0.37688,0.0,1.4117647058823528,0.0,6.700830300000001,6.2207136,6.7162788,1.7349397590361446,5,0
DB01224,D203700,0,train,4.0,2.0,0.11009,0.0,0.081967213114754,0.0,0.82000405,0.77899355,0.77476317,0.1923076923076923,0.44036,0.0,0.163934426229508,0.0,1.6400081,1.5579871,1.54952634,0.3846153846153846,5,0
DB00195,D157300,0,train,22.0,3.0,0.25193,0.25,0.282051282051282,0.0,0.8670118,0.8614078,0.86460054,0.1981132075471698,5.54246,0.75,0.846153846153846,0.0,2.6010354,2.5842234,2.59380162,0.5943396226415094,5,0
DB00424,D114480,0,train,14.0,1.0,0.2369,0.0,0.1739130434782608,0.0,0.8923577,0.82610774,0.80596554,0.2333333333333333,3.3166,0.0,0.1739130434782608,0.0,0.8923577,0.82610774,0.80596554,0.2333333333333333,5,0
DB00268,D160300,0,train,1.0,3.0,0.30542,0.0,0.0,0.0,0.72392666,0.4543019,0.66078556,0.0666666666666666,0.30542,0.0,0.0,0.0,2.17177998,1.3629057,1.98235668,0.1999999999999998,5,0
DB00413,D182000,0,train,0.0,3.0,0.043149,0.0,0.0,0.0,0.0,0.0,0.0,0.0,0.0,0.0,0.0,0.0,0.0,0.0,0.0,0.0,5,0
DB00596,D190400,0,train,3.0,4.0,0.061246,0.0,0.0344827586206896,0.0,0.71465033,0.8172716,0.8119419,0.1428571428571428,0.183738,0.0,0.1379310344827584,0.0,2.85860132,3.2690864,3.2477676,0.5714285714285712,5,0
DB00333,D252320,0,train,11.0,3.0,0.095555,0.0,0.1891891891891892,0.0,0.8482973,0.8261262,0.8455528,0.2,1.051105,0.0,0.5675675675675675,0.0,2.5448919,2.4783786,2.5366584,0.6000000000000001,5,0
DB00754,D157700,0,train,8.0,5.0,0.19674,0.0,0.217391304347826,0.0,0.9246815,0.8690418,0.8649105,0.1910112359550561,1.57392,0.0,1.08695652173913,0.0,4.6234075,4.345209,4.3245525,0.9550561797752803,5,0
DB00316,D311360,0,train,3.0,3.0,0.16656,0.0,0.1785714285714285,0.0,0.8639778,0.8614905,0.68842214,0.1830985915492957,0.49968,0.0,0.5357142857142855,0.0,2.5919334000000003,2.5844715000000003,2.06526642,0.549295774647887,5,0
DB00724,D145500,0,train,5.0,2.0,0.27022,0.0,0.1224489795918367,0.0,0.79856384,0.86034834,0.8023993,0.1777777777777777,1.3511000000000002,0.0,0.2448979591836734,0.0,1.59712768,1.72069668,1.6047986,0.3555555555555554,5,0
DB00977,D176807,0,train,10.0,1.0,0.15522,0.3333333333333333,0.2698412698412698,0.0,0.7900287,0.8423079,0.8819124,0.4285714285714285,1.5522,0.3333333333333333,0.2698412698412698,0.0,0.7900287,0.8423079,0.8819124,0.4285714285714285,5,0
DB01018,D147480,0,train,1.0,3.0,0.06364,0.0,0.0943396226415094,0.0,0.8781167,0.85564435,0.6207182,0.1111111111111111,0.06364,0.0,0.2830188679245282,0.0,2.6343501,2.5669330500000003,1.8621546,0.3333333333333333,5,0
DB01395,D189800,0,train,2.0,2.0,0.026169,0.0,0.073170731707317,0.0,0.7127878,0.7300116,0.8055639,0.125,0.052338,0.0,0.146341463414634,0.0,1.4255756,1.4600232,1.6111278,0.25,5,0
DB00604,D106400,0,train,5.0,6.0,0.25259,0.2,0.1016949152542373,0.0,0.8550113,0.74985087,0.77033514,0.213235294117647,1.26295,1.2000000000000002,0.6101694915254238,0.0,5.1300678,4.49910522,4.62201084,1.279411764705882,5,0
DB00722,D239350,0,train,8.0,1.0,0.0,0.0,0.0925925925925925,0.0,0.8348717,0.82085025,0.74641967,0.1693548387096774,0.0,0.0,0.0925925925925925,0.0,0.8348717,0.82085025,0.74641967,0.1693548387096774,5,0
DB01115,D102500,0,train,12.0,1.0,0.066591,0.0,0.2258064516129032,0.0,0.80914485,0.7939464,0.86248606,0.1862745098039215,0.7990919999999999,0.0,0.2258064516129032,0.0,0.80914485,0.7939464,0.86248606,0.1862745098039215,5,0
DB00226,D140300,0,train,1.0,2.0,0.26995,0.0,0.0,0.0,0.68723464,0.5861535,0.71382236,0.0294117647058823,0.26995,0.0,0.0,0.0,1.37446928,1.172307,1.42764472,0.0588235294117646,5,0
DB00334,D134500,0,train,0.0,2.0,0.0685,0.0,0.0,0.0,0.0,0.0,0.0,0.0,0.0,0.0,0.0,0.0,0.0,0.0,0.0,0.0,5,0
DB00316,D102100,0,train,0.0,3.0,0.25912,0.0,0.0,0.0,0.0,0.0,0.0,0.0,0.0,0.0,0.0,0.0,0.0,0.0,0.0,0.0,5,0
DB01193,D140300,0,train,1.0,4.0,0.26995,0.0,0.0,0.0,0.76433945,0.6717296,0.8061121,0.1441441441441441,0.26995,0.0,0.0,0.0,3.0573578,2.6869184,3.2244484,0.5765765765765763,5,0
DB00334,D205700,0,train,1.0,2.0,0.042285,0.0,0.0259740259740259,0.0,0.56350815,0.71745145,0.62568426,0.0625,0.042285,0.0,0.0519480519480518,0.0,1.1270163,1.4349029,1.25136852,0.125,5,0
DB00759,D190300,0,train,4.0,4.0,0.17905,0.0,0.1238095238095238,0.0,0.77112514,0.6857861,0.7244406,0.1167883211678832,0.7162,0.0,0.4952380952380952,0.0,3.08450056,2.7431444,2.8977624,0.4671532846715328,5,0
DB00584,D133600,0,train,5.0,3.0,0.047123,0.0,0.054054054054054,0.0,0.81791484,0.760494,0.7827979,0.1366459627329192,0.235615,0.0,0.162162162162162,0.0,2.45374452,2.281482,2.3483937,0.4099378881987576,5,0
DB00282,D143500,0,train,1.0,6.0,0.18063,0.0,0.0188679245283018,0.0,0.7744392,0.57269424,0.6392249,0.0232558139534883,0.18063,0.0,0.1132075471698108,0.0,4.6466352,3.43616544,3.8353494,0.1395348837209298,5,0
DB00860,D230450,0,train,1.0,5.0,0.20097,0.0,0.109375,0.0,0.73673636,0.7919428,0.8257111,0.0839160839160839,0.20097,0.0,0.546875,0.0,3.6836818,3.959714,4.1285555,0.4195804195804195,5,0
DB00864,D237450,0,train,0.0,3.0,0.1196,0.0,0.0,0.0,0.0,0.0,0.0,0.0,0.0,0.0,0.0,0.0,0.0,0.0,0.0,0.0,5,0
DB01161,D266600,0,train,7.0,5.0,0.29817,0.0,0.1276595744680851,0.0,0.8132988,0.8395024,0.85594684,0.3,2.08719,0.0,0.6382978723404255,0.0,4.066494,4.197512,4.2797342,1.5,5,0
DB00903,D146850,0,train,1.0,2.0,0.11663,0.0,0.0,0.0,0.75329125,0.5424381,0.6764181,0.1139240506329113,0.11663,0.0,0.0,0.0,1.5065825,1.0848762,1.3528362,0.2278481012658226,5,0
DB00218,D266120,0,train,1.0,1.0,0.088948,0.0,0.0222222222222222,0.0,0.7565528,0.5882441,0.7442702,0.064516129032258,0.088948,0.0,0.0222222222222222,0.0,0.7565528,0.5882441,0.7442702,0.064516129032258,5,0
DB00366,D254500,0,train,9.0,3.0,0.14067,0.24,0.1780821917808219,0.0,0.88768345,0.88427013,0.7895509,0.2857142857142857,1.26603,0.72,0.5342465753424657,0.0,2.66305035,2.65281039,2.3686527,0.8571428571428571,5,0
DB00210,D176800,0,train,1.0,1.0,0.10902,0.0,0.0169491525423728,0.0,0.8432309,0.70905817,0.86544406,0.2519685039370078,0.10902,0.0,0.0169491525423728,0.0,0.8432309,0.70905817,0.86544406,0.2519685039370078,5,0
DB01403,D266600,0,train,7.0,3.0,0.23264,0.2285714285714285,0.1168831168831168,0.0,0.8777226,0.8416767,0.8339256,0.2291666666666666,1.62848,0.6857142857142855,0.3506493506493504,0.0,2.6331678,2.5250301000000004,2.5017768,0.6874999999999998,5,0
DB01234,D217150,0,train,1.0,2.0,0.028427,0.0,0.1111111111111111,0.0,0.5868724,0.76031756,0.6849235,0.0714285714285714,0.028427,0.0,0.2222222222222222,0.0,1.1737448,1.52063512,1.369847,0.1428571428571428,5,0
DB00776,D182830,0,train,2.0,4.0,0.28592,0.0,0.1343283582089552,0.0,0.8317408,0.85339034,0.8509475,0.173076923076923,0.57184,0.0,0.5373134328358208,0.0,3.3269632,3.41356136,3.40379,0.692307692307692,5,0
DB00884,D133690,0,train,3.0,10.0,0.18143,0.0,0.0,0.0,0.81149095,0.80555636,0.64893633,0.1037735849056603,0.54429,0.0,0.0,0.0,8.1149095,8.0555636,6.489363299999999,1.0377358490566029,5,0
DB00458,D252320,0,train,11.0,2.0,0.32759,0.1818181818181818,0.1489361702127659,0.0,0.8397674,0.86708325,0.84919137,0.2291666666666666,3.60349,0.3636363636363636,0.2978723404255318,0.0,1.6795348,1.7341665,1.69838274,0.4583333333333332,5,0
DB00580,D254770,0,train,0.0,1.0,0.13335,0.0,0.0,0.0,0.0,0.0,0.0,0.0,0.0,0.0,0.0,0.0,0.0,0.0,0.0,0.0,5,0
DB00332,D140850,0,train,1.0,1.0,0.029576,0.0,0.0163934426229508,0.0,0.7451183,0.7917773,0.70604116,0.1428571428571428,0.029576,0.0,0.0163934426229508,0.0,0.7451183,0.7917773,0.70604116,0.1428571428571428,5,0
DB13919,D150699,0,train,1.0,2.0,0.12323,0.0,0.0,0.0,0.7599499,0.61867106,0.0,0.1418918918918918,0.12323,0.0,0.0,0.0,1.5198998,1.23734212,0.0,0.2837837837837836,5,0
DB00527,D230450,0,train,1.0,1.0,0.15595,0.0,0.02,0.0,0.5819493,0.7960022,0.5633139,0.1071428571428571,0.15595,0.0,0.02,0.0,0.5819493,0.7960022,0.5633139,0.1071428571428571,5,0
DB00928,D601626,0,train,9.0,2.0,0.0,0.0,0.0588235294117647,0.0,0.8569087,0.74176985,0.81337845,0.1157894736842105,0.0,0.0,0.1176470588235294,0.0,1.7138174,1.4835397,1.6267569,0.231578947368421,5,0
DB00180,D605021,0,train,2.0,2.0,0.0,0.0,0.0869565217391304,0.0,0.82109356,0.85219264,0.83904207,0.2016806722689075,0.0,0.0,0.1739130434782608,0.0,1.64218712,1.70438528,1.67808414,0.403361344537815,5,0
DB00995,D113610,0,train,2.0,12.0,0.32699,0.0,0.04,0.0,0.78472507,0.73720664,0.70573294,0.0684931506849315,0.65398,0.0,0.48,0.0,9.41670084,8.84647968,8.46879528,0.821917808219178,5,0
DB00523,D212110,0,train,1.0,3.0,0.15301,0.0,0.0,0.0,0.77072054,0.5909582,0.7756806,0.1275167785234899,0.15301,0.0,0.0,0.0,2.31216162,1.7728746,2.3270418,0.3825503355704697,5,0
DB00208,D256700,0,train,4.0,1.0,0.14408,0.0,0.086021505376344,0.0,0.8560766,0.82472354,0.77540034,0.2528735632183908,0.57632,0.0,0.086021505376344,0.0,0.8560766,0.82472354,0.77540034,0.2528735632183908,5,0
DB00401,D151400,0,train,3.0,2.0,0.073464,0.0,0.072463768115942,0.0,0.77408653,0.74657947,0.8229198,0.174863387978142,0.220392,0.0,0.144927536231884,0.0,1.54817306,1.49315894,1.6458396,0.349726775956284,5,0
DB00901,D254770,0,train,0.0,6.0,0.22473,0.0,0.0,0.0,0.0,0.0,0.0,0.0,0.0,0.0,0.0,0.0,0.0,0.0,0.0,0.0,5,0
DB00286,D115645,0,train,1.0,5.0,0.31343,0.0,0.0517241379310344,0.0,0.7970058,0.71176296,0.5323617,0.091743119266055,0.31343,0.0,0.258620689655172,0.0,3.985029,3.5588147999999995,2.6618085,0.458715596330275,5,0
DB01403,D131440,0,train,1.0,3.0,0.20727,0.0,0.0519480519480519,0.0,0.6612333,0.74132735,0.5407164,0.1944444444444444,0.20727,0.0,0.1558441558441557,0.0,1.9836999,2.22398205,1.6221492,0.5833333333333331,5,0
DB00279,D194070,0,train,3.0,4.0,0.23064,0.0,0.0,0.0,0.7279171,0.64176756,0.7652919,0.1512605042016806,0.6919200000000001,0.0,0.0,0.0,2.9116684,2.56707024,3.0611676,0.6050420168067224,5,0
DB01244,D254800,0,train,1.0,5.0,0.12769,0.0,0.0277777777777777,0.0,0.6034246,0.64187396,0.5327647,0.1517241379310344,0.12769,0.0,0.1388888888888885,0.0,3.017123,3.2093698,2.6638235,0.7586206896551719,5,0
DB01406,D208230,0,train,16.0,1.0,0.1413,0.125,0.2222222222222222,0.0,0.85285336,0.8721317,0.8499408,0.2941176470588235,2.2608,0.125,0.2222222222222222,0.0,0.85285336,0.8721317,0.8499408,0.2941176470588235,5,0
DB00382,D131300,0,train,4.0,4.0,0.26207,0.0,0.1489361702127659,0.0,0.8453907,0.91035306,0.8285079,0.188235294117647,1.04828,0.0,0.5957446808510636,0.0,3.3815628,3.64141224,3.3140316,0.752941176470588,5,0
DB00795,D155100,0,train,2.0,2.0,0.31345,0.0,0.0344827586206896,0.0,0.83588004,0.75853,0.69833696,0.1496598639455782,0.6269,0.0,0.0689655172413792,0.0,1.67176008,1.51706,1.39667392,0.2993197278911564,5,0
DB00554,D602522,0,train,1.0,3.0,0.24582,0.0,0.0178571428571428,0.0,0.78989077,0.76281583,0.7199352,0.0977443609022556,0.24582,0.0,0.0535714285714284,0.0,2.36967231,2.28844749,2.1598056,0.2932330827067668,5,0
DB00810,D181460,0,train,1.0,1.0,0.0,0.0,0.0606060606060606,0.0,0.7812874,0.8030156,0.7600404,0.0909090909090909,0.0,0.0,0.0606060606060606,0.0,0.7812874,0.8030156,0.7600404,0.0909090909090909,5,0
DB00604,D160750,0,train,1.0,6.0,0.13473,0.0555555555555555,0.1408450704225352,0.0,0.6687073,0.70751345,0.7520106,0.1767955801104972,0.13473,0.333333333333333,0.8450704225352111,0.0,4.0122438,4.2450807,4.512063599999999,1.0607734806629832,5,0
DB00731,D104300,0,train,5.0,1.0,0.12771,0.5,0.2941176470588235,0.0,0.90583044,0.7046145,0.68163896,0.1836734693877551,0.63855,0.5,0.2941176470588235,0.0,0.90583044,0.7046145,0.68163896,0.1836734693877551,5,0
DB00813,D143500,0,train,1.0,6.0,0.099895,0.0,0.0972222222222222,0.0,0.82954276,0.81762874,0.73346674,0.2871287128712871,0.099895,0.0,0.5833333333333331,0.0,4.977256560000001,4.90577244,4.40080044,1.7227722772277223,5,0
DB00706,D151400,0,train,3.0,1.0,0.098902,0.0,0.0444444444444444,0.0,0.80572927,0.6415094,0.786037,0.1912568306010929,0.296706,0.0,0.0444444444444444,0.0,0.80572927,0.6415094,0.786037,0.1912568306010929,5,0
DB00297,D236000,0,train,15.0,1.0,0.0,0.0,0.1509433962264151,0.0,0.65167016,0.7729227,0.79905534,0.21875,0.0,0.0,0.1509433962264151,0.0,0.65167016,0.7729227,0.79905534,0.21875,5,0
DB00324,D243200,0,train,1.0,2.0,0.16014,0.0,0.0,0.0,0.789342,0.7877834,0.5177025,0.087378640776699,0.16014,0.0,0.0,0.0,1.578684,1.5755668,1.035405,0.174757281553398,5,0
DB00635,D115300,0,train,1.0,1.0,0.16335,0.0,0.0476190476190476,0.0,0.85027313,0.8091309,0.0,0.0869565217391304,0.16335,0.0,0.0476190476190476,0.0,0.85027313,0.8091309,0.0,0.0869565217391304,5,0
DB01367,D602068,0,train,2.0,1.0,0.12498,0.0,0.024390243902439,0.0,0.7788394,0.73101336,0.7410151,0.1443298969072164,0.24996,0.0,0.024390243902439,0.0,0.7788394,0.73101336,0.7410151,0.1443298969072164,5,0
DB01233,D191390,0,train,3.0,14.0,0.30557,0.12,0.1914893617021276,0.0,0.8158319,0.78150177,0.79512,0.2407407407407407,0.91671,1.68,2.6808510638297864,0.0,11.4216466,10.94102478,11.13168,3.37037037037037,5,0
DB00324,D147530,0,train,60.0,2.0,0.057637,1.0,0.4545454545454545,0.0,0.90111995,0.8684598,0.82323974,0.4954128440366973,3.45822,2.0,0.909090909090909,0.0,1.8022399,1.7369196,1.64647948,0.9908256880733946,5,0
DB01109,D152700,0,train,3.0,2.0,0.23467,0.0,0.0,0.0,0.8670304,0.809521,0.7638433,0.050251256281407,0.70401,0.0,0.0,0.0,1.7340608,1.619042,1.5276866,0.100502512562814,5,0
DB00813,D252320,0,train,11.0,6.0,0.14831,0.0,0.1666666666666666,0.1666666666666666,0.8581019,0.8203185,0.82378113,0.1962025316455696,1.63141,0.0,0.9999999999999996,0.9999999999999996,5.1486114,4.921911,4.94268678,1.1772151898734178,5,0
DB01156,D165199,0,train,6.0,1.0,0.043426,0.0,0.1012658227848101,0.0,0.8781255,0.80632454,0.8968277,0.1860465116279069,0.260556,0.0,0.1012658227848101,0.0,0.8781255,0.80632454,0.8968277,0.1860465116279069,5,0
DB00165,D109350,0,train,11.0,2.0,0.0,0.0,0.075,0.0,0.7544534,0.6579108,0.8381297,0.1121495327102803,0.0,0.0,0.15,0.0,1.5089068,1.3158216,1.6762594,0.2242990654205606,5,0
DB01062,D308600,0,train,0.0,1.0,0.054604,0.0,0.0,0.0,0.0,0.0,0.0,0.0,0.0,0.0,0.0,0.0,0.0,0.0,0.0,0.0,5,0
DB00773,D128101,0,train,2.0,0.0,0.0,0.0,0.1944444444444444,0.0,0.80634886,0.8599727,0.72965145,0.0769230769230769,0.0,0.0,0.0,0.0,0.0,0.0,0.0,0.0,5,0
DB00627,D155100,0,train,2.0,5.0,0.34941,0.0,0.0625,0.0,0.71846795,0.7689501,0.82989174,0.0747663551401869,0.69882,0.0,0.3125,0.0,3.59233975,3.8447505,4.1494587,0.3738317757009345,5,0
DB01202,D210050,0,train,9.0,5.0,0.17513,0.0,0.0666666666666666,0.0,0.8321291,0.68463516,0.78975785,0.1323529411764706,1.57617,0.0,0.333333333333333,0.0,4.160645499999999,3.4231758,3.94878925,0.6617647058823529,5,0
DB00977,D308350,0,train,2.0,1.0,0.0,0.0,0.1518987341772152,0.0,0.74440527,0.76593363,0.7768698,0.0707964601769911,0.0,0.0,0.1518987341772152,0.0,0.74440527,0.76593363,0.7768698,0.0707964601769911,5,0
DB01231,D134510,0,train,1.0,1.0,0.089123,0.0,0.0,0.0,0.8823222,0.69288385,0.75735736,0.0652173913043478,0.089123,0.0,0.0,0.0,0.8823222,0.69288385,0.75735736,0.0652173913043478,5,0
DB00668,D151590,0,train,6.0,2.0,0.025759,0.0,0.0891089108910891,0.0,0.8237809,0.82921916,0.86050385,0.1492537313432835,0.154554,0.0,0.1782178217821782,0.0,1.6475618,1.65843832,1.7210077,0.298507462686567,5,0
DB00357,D601626,0,train,9.0,1.0,0.27328,0.0,0.08,0.0,0.8975674,0.87349653,0.7781143,0.1910112359550561,2.4595200000000004,0.0,0.08,0.0,0.8975674,0.87349653,0.7781143,0.1910112359550561,5,0
DB00515,D109350,0,train,11.0,3.0,0.058819,0.0,0.1463414634146341,0.0,0.8136065,0.91582835,0.8598575,0.0434782608695652,0.6470090000000001,0.0,0.4390243902439023,0.0,2.4408195,2.74748505,2.5795725000000003,0.1304347826086956,5,0
DB00933,D608088,0,train,10.0,4.0,0.20452,0.1666666666666666,0.5277777777777778,0.0,0.87390876,0.8832541,0.79944277,0.4343434343434343,2.0452,0.6666666666666664,2.111111111111111,0.0,3.49563504,3.5330164,3.19777108,1.7373737373737372,5,0
DB01216,D305300,0,train,1.0,2.0,0.072213,0.0,0.0666666666666666,0.0,0.7130997,0.5080706,0.622138,0.058252427184466,0.072213,0.0,0.1333333333333332,0.0,1.4261994,1.0161412,1.244276,0.116504854368932,5,0
DB03904,D134520,0,train,1.0,2.0,0.055617,0.0,0.0454545454545454,0.0,0.8360798,0.68523175,0.64674413,0.1176470588235294,0.055617,0.0,0.0909090909090908,0.0,1.6721596,1.3704635,1.29348826,0.2352941176470588,5,0
DB00275,D125851,0,train,11.0,1.0,0.10521,0.0,0.1063829787234042,0.0,0.8675328,0.8457923,0.85242176,0.2180451127819548,1.15731,0.0,0.1063829787234042,0.0,0.8675328,0.8457923,0.85242176,0.2180451127819548,5,0
DB00401,D263300,0,train,2.0,2.0,0.073421,0.0,0.0638297872340425,0.0,0.6572453,0.84411204,0.7561566,0.1805555555555555,0.146842,0.0,0.127659574468085,0.0,1.3144906,1.68822408,1.5123132,0.361111111111111,5,0
DB01241,D277460,0,train,2.0,2.0,0.22168,0.0,0.0617283950617283,0.0,0.782959,0.7336729,0.75619817,0.1403508771929824,0.44336,0.0,0.1234567901234566,0.0,1.565918,1.4673458,1.51239634,0.2807017543859648,5,0
DB00533,D119500,0,train,1.0,2.0,0.13062,0.0,0.0652173913043478,0.0,0.7544924,0.65102804,0.49688947,0.183206106870229,0.13062,0.0,0.1304347826086956,0.0,1.5089848,1.30205608,0.99377894,0.366412213740458,5,0
DB01240,D608217,0,train,1.0,2.0,0.11149,0.0,0.0,0.0,0.75437194,0.7444769,0.7209841,0.040983606557377,0.11149,0.0,0.0,0.0,1.50874388,1.4889538,1.4419682,0.081967213114754,5,0
DB01197,D176800,0,train,1.0,1.0,0.077266,0.0,0.1044776119402985,0.0,0.80984116,0.7387389,0.5999602,0.1157894736842105,0.077266,0.0,0.1044776119402985,0.0,0.80984116,0.7387389,0.5999602,0.1157894736842105,5,0
DB00734,D137215,0,train,4.0,3.0,0.45109,0.0,0.1147540983606557,0.0,0.80548435,0.730085,0.8707088,0.136986301369863,1.80436,0.0,0.3442622950819671,0.0,2.41645305,2.190255,2.6121264,0.410958904109589,5,0
DB01367,D607631,0,train,4.0,1.0,0.081676,0.0,0.2,0.0,0.8934133,0.79295397,0.69436383,0.128440366972477,0.326704,0.0,0.2,0.0,0.8934133,0.79295397,0.69436383,0.128440366972477,5,0
DB00564,D150699,0,train,1.0,1.0,0.046295,0.0,0.0105263157894736,0.0,0.72822446,0.5536154,0.76446015,0.1052631578947368,0.046295,0.0,0.0105263157894736,0.0,0.72822446,0.5536154,0.76446015,0.1052631578947368,5,0
DB00755,D166710,0,train,6.0,1.0,0.0,0.0,0.0980392156862745,0.0,0.8405159,0.81153375,0.7779981,0.0769230769230769,0.0,0.0,0.0980392156862745,0.0,0.8405159,0.81153375,0.7779981,0.0769230769230769,5,0
DB01167,D273300,0,train,4.0,1.0,0.20578,0.0,0.0422535211267605,0.0,0.85099405,0.7535259,0.74110377,0.1363636363636363,0.82312,0.0,0.0422535211267605,0.0,0.85099405,0.7535259,0.74110377,0.1363636363636363,5,0
DB00335,D607459,0,train,16.0,1.0,0.076986,0.0,0.1833333333333333,0.0,0.8576779,0.82581466,0.90253174,0.2241379310344827,1.231776,0.0,0.1833333333333333,0.0,0.8576779,0.82581466,0.90253174,0.2241379310344827,5,0
DB00734,D134750,0,train,1.0,3.0,0.0,0.0,0.0298507462686567,0.0,0.61845565,0.81277394,0.62361795,0.1015625,0.0,0.0,0.0895522388059701,0.0,1.85536695,2.43832182,1.87085385,0.3046875,5,0
DB00178,D181460,0,train,1.0,2.0,0.021984,0.0,0.0476190476190476,0.0,0.69263375,0.8219886,0.7619033,0.1809523809523809,0.021984,0.0,0.0952380952380952,0.0,1.3852675,1.6439772,1.5238066,0.3619047619047618,5,0
DB00806,D134500,0,train,0.0,4.0,0.13126,0.0,0.0,0.0,0.0,0.0,0.0,0.0,0.0,0.0,0.0,0.0,0.0,0.0,0.0,0.0,5,0
DB00482,D240400,0,train,1.0,2.0,0.15132,0.0,0.0151515151515151,0.0,0.5706101,0.6775114,0.7245114,0.0408163265306122,0.15132,0.0,0.0303030303030302,0.0,1.1412202,1.3550228,1.4490228,0.0816326530612244,5,0
DB00491,D165720,0,train,15.0,3.0,0.12441,0.0,0.2272727272727272,0.0,0.7696961,0.86970246,0.8159092,0.1973684210526315,1.86615,0.0,0.6818181818181817,0.0,2.3090883,2.60910738,2.4477276,0.5921052631578945,5,0
DB01001,D126200,0,train,10.0,1.0,0.25363,1.0,0.1272727272727272,0.0,0.87747425,0.80313313,0.827649,0.3636363636363636,2.5363,1.0,0.1272727272727272,0.0,0.87747425,0.80313313,0.827649,0.3636363636363636,5,0
DB01041,D604827,0,train,2.0,3.0,0.095234,0.0,0.0333333333333333,0.0,0.68715876,0.7622973,0.77404195,0.1311475409836065,0.190468,0.0,0.0999999999999999,0.0,2.06147628,2.2868919,2.32212585,0.3934426229508195,5,0
DB00544,D114480,0,train,14.0,2.0,0.16818,0.0,0.2075471698113207,0.0,0.8811326,0.83807325,0.8473576,0.0925925925925925,2.35452,0.0,0.4150943396226414,0.0,1.7622652,1.6761465,1.6947152,0.185185185185185,5,0
DB01124,D602068,0,train,2.0,1.0,0.0,0.0,0.1162790697674418,0.0,0.80559444,0.8056417,0.8126529,0.1401869158878504,0.0,0.0,0.1162790697674418,0.0,0.80559444,0.8056417,0.8126529,0.1401869158878504,5,0
DB00678,D231200,0,train,4.0,1.0,0.15945,0.0,0.22,0.0,0.8802082,0.74890965,0.78195035,0.2279411764705882,0.6378,0.0,0.22,0.0,0.8802082,0.74890965,0.78195035,0.2279411764705882,5,0
DB00277,D119500,0,train,1.0,2.0,0.1203,0.0,0.0833333333333333,0.0,0.6612565,0.66923386,0.520594,0.0847457627118644,0.1203,0.0,0.1666666666666666,0.0,1.322513,1.33846772,1.041188,0.1694915254237288,5,0
DB01192,D174800,0,train,2.0,2.0,0.22475,0.0,0.2195121951219512,0.0,0.7298836,0.65930414,0.79622406,0.2842105263157894,0.4495,0.0,0.4390243902439024,0.0,1.4597672,1.31860828,1.59244812,0.5684210526315788,5,0
DB00983,D601665,0,train,6.0,6.0,0.21981,0.0,0.135593220338983,0.0,0.7554038,0.79131955,0.7958796,0.2317073170731707,1.31886,0.0,0.8135593220338979,0.0,4.5324228,4.7479173,4.7752776,1.390243902439024,5,0
DB01189,D132090,0,train,0.0,1.0,0.10713,0.0,0.0,0.0,0.0,0.0,0.0,0.0,0.0,0.0,0.0,0.0,0.0,0.0,0.0,0.0,5,0
DB00457,D212050,0,train,3.0,4.0,0.090611,0.0,0.027027027027027,0.0,0.84306675,0.8044827,0.77739143,0.2459016393442623,0.271833,0.0,0.108108108108108,0.0,3.372267,3.2179308,3.10956572,0.9836065573770492,5,0
DB00374,D144010,0,train,8.0,1.0,0.058916,0.3333333333333333,0.6296296296296297,0.0,0.8707491,0.8178942,0.83150387,0.3423423423423423,0.471328,0.3333333333333333,0.6296296296296297,0.0,0.8707491,0.8178942,0.83150387,0.3423423423423423,5,0
DB00264,D237500,0,train,1.0,6.0,0.10102,0.0,0.0857142857142857,0.0,0.80338717,0.7431748,0.75116336,0.1956521739130435,0.10102,0.0,0.5142857142857142,0.0,4.82032302,4.4590488,4.50698016,1.173913043478261,5,0
DB01128,D212110,0,train,1.0,3.0,0.0,0.0,0.0784313725490196,0.0,0.5872962,0.7453822,0.74065846,0.0751445086705202,0.0,0.0,0.2352941176470588,0.0,1.7618886000000002,2.2361466,2.22197538,0.2254335260115605,5,0
DB00199,D607682,0,train,5.0,1.0,0.0,0.125,0.1261261261261261,0.0,0.70398545,0.6775455,0.75264174,0.1122448979591836,0.0,0.125,0.1261261261261261,0.0,0.70398545,0.6775455,0.75264174,0.1122448979591836,5,0
DB01217,D212050,0,train,3.0,8.0,0.20042,0.0,0.1129032258064516,0.0,0.70618796,0.8035594,0.7339016,0.1044776119402985,0.6012599999999999,0.0,0.9032258064516128,0.0,5.64950368,6.4284752,5.8712128,0.835820895522388,5,0
DB00933,D153880,0,train,2.0,4.0,0.2424,0.2,0.1636363636363636,0.0,0.83541906,0.8662854,0.7046282,0.1025641025641025,0.4848,0.8,0.6545454545454544,0.0,3.34167624,3.4651416,2.8185128,0.41025641025641,5,0
DB00871,D308205,0,train,2.0,1.0,0.065472,0.0,0.0465116279069767,0.0,0.8139841,0.79327935,0.78820586,0.0869565217391304,0.130944,0.0,0.0465116279069767,0.0,0.8139841,0.79327935,0.78820586,0.0869565217391304,5,0
DB00710,D176807,0,train,10.0,5.0,0.12167,0.0,0.0555555555555555,0.0,0.7572895,0.61884785,0.8172563,0.08,1.2167,0.0,0.2777777777777774,0.0,3.7864475,3.09423925,4.0862815,0.4,5,0
DB01173,D188050,0,train,4.0,9.0,0.29897,0.0555555555555555,0.1518987341772152,0.0,0.85013205,0.81665754,0.81636745,0.2823529411764706,1.19588,0.4999999999999994,1.3670886075949369,0.0,7.65118845,7.34991786,7.347307049999999,2.541176470588235,5,0
DB00126,D601367,0,train,4.0,3.0,0.25756,0.0,0.06,0.0,0.7040916,0.73045534,0.74700886,0.0681818181818181,1.03024,0.0,0.18,0.0,2.1122748,2.19136602,2.24102658,0.2045454545454542,5,0
DB01240,D254800,0,train,1.0,2.0,0.1418,0.0,0.0285714285714285,0.0,0.7051586,0.70115995,0.61403847,0.0675675675675675,0.1418,0.0,0.057142857142857,0.0,1.4103172,1.4023199,1.22807694,0.135135135135135,5,0
DB00717,D121200,0,train,0.0,1.0,0.11542,0.0,0.0,0.0,0.0,0.0,0.0,0.0,0.0,0.0,0.0,0.0,0.0,0.0,0.0,0.0,5,0
DB00583,D208920,0,train,2.0,2.0,0.24919,0.0,0.0555555555555555,0.0,0.69873893,0.7395711,0.75066394,0.1276595744680851,0.49838,0.0,0.111111111111111,0.0,1.39747786,1.4791422,1.50132788,0.2553191489361702,5,0
DB00213,D601626,0,train,9.0,2.0,0.074196,0.0,0.0847457627118644,0.0,0.86391234,0.72195804,0.82036,0.2119205298013245,0.667764,0.0,0.1694915254237288,0.0,1.72782468,1.44391608,1.64072,0.423841059602649,5,0
DB00555,D131440,0,train,1.0,2.0,0.087087,0.0238095238095238,0.1,0.0,0.77555966,0.7332916,0.71143967,0.0693069306930693,0.087087,0.0476190476190476,0.2,0.0,1.55111932,1.4665832,1.42287934,0.1386138613861386,5,0
DB00906,D220120,0,train,1.0,1.0,0.10146,0.0,0.0,0.0,0.3773342,0.6838032,0.535578,0.0851063829787234,0.10146,0.0,0.0,0.0,0.3773342,0.6838032,0.535578,0.0851063829787234,5,0
DB00651,D114550,0,train,1.0,1.0,0.050681,0.0,0.1052631578947368,0.0,0.47927552,0.8099045,0.6682526,0.0833333333333333,0.050681,0.0,0.1052631578947368,0.0,0.47927552,0.8099045,0.6682526,0.0833333333333333,5,0
DB01248,D166710,0,train,6.0,3.0,0.087376,0.0,0.1,0.0,0.92285025,0.8053682,0.8172307,0.1186440677966101,0.5242559999999999,0.0,0.3,0.0,2.76855075,2.4161046,2.4516921,0.3559322033898303,5,0
DB00331,D607685,0,train,1.0,3.0,0.30422,0.0,0.0222222222222222,0.0,0.7798463,0.71847445,0.74547887,0.036144578313253,0.30422,0.0,0.0666666666666666,0.0,2.3395389,2.15542335,2.23643661,0.108433734939759,5,0
DB00382,D121201,0,train,2.0,4.0,0.20813,0.0,0.1454545454545454,0.0,0.8337872,0.8817433,0.8492151,0.1477272727272727,0.41626,0.0,0.5818181818181816,0.0,3.3351488,3.5269732,3.3968604,0.5909090909090908,5,0
DB01068,D604278,0,train,1.0,2.0,0.099249,0.0,0.0,0.0,0.5939024,0.6404325,0.6335141,0.0144927536231884,0.099249,0.0,0.0,0.0,1.1878048,1.280865,1.2670282,0.0289855072463768,5,0
DB00661,D237500,0,train,1.0,5.0,0.21634,0.0,0.0898876404494382,0.0,0.62993604,0.75581074,0.69747317,0.184,0.21634,0.0,0.449438202247191,0.0,3.1496802,3.7790537,3.48736585,0.92,5,0
DB01214,D208230,0,train,16.0,3.0,0.15348,0.0,0.2456140350877192,0.0,0.8463478,0.8861491,0.7778211,0.1505376344086021,2.45568,0.0,0.7368421052631576,0.0,2.5390434,2.6584473,2.3334633,0.4516129032258063,5,0
DB00545,D143880,0,train,5.0,1.0,0.094825,0.0,0.0652173913043478,0.0,0.8291416,0.82445586,0.7522523,0.1071428571428571,0.474125,0.0,0.0652173913043478,0.0,0.8291416,0.82445586,0.7522523,0.1071428571428571,5,0
DB00241,D165720,0,train,15.0,1.0,0.095923,0.037037037037037,0.1162790697674418,0.0,0.8754277,0.82412976,0.8322422,0.1234567901234567,1.438845,0.037037037037037,0.1162790697674418,0.0,0.8754277,0.82412976,0.8322422,0.1234567901234567,5,0
DB00215,D220120,0,train,1.0,9.0,0.31947,0.0,0.0,0.0,0.46951917,0.6500236,0.5514094,0.0421052631578947,0.31947,0.0,0.0,0.0,4.22567253,5.8502124,4.9626846,0.3789473684210523,5,0
DB00882,D190400,0,train,3.0,3.0,0.0,0.0,0.0327868852459016,0.0,0.72935444,0.7118025,0.8089107,0.1629213483146067,0.0,0.0,0.0983606557377048,0.0,2.1880633200000004,2.1354075,2.4267321,0.4887640449438201,5,0
DB00731,D181460,0,train,1.0,1.0,0.0,0.0909090909090909,0.106060606060606,0.0,0.7942494,0.7268045,0.55288243,0.2839506172839506,0.0,0.0909090909090909,0.106060606060606,0.0,0.7942494,0.7268045,0.55288243,0.2839506172839506,5,0
DB01133,D606842,0,train,1.0,3.0,0.1605,0.0,0.0,0.0,0.7461174,0.6380626,0.63599527,0.126865671641791,0.1605,0.0,0.0,0.0,2.2383522,1.9141878,1.90798581,0.380597014925373,5,0
DB00953,D247640,0,train,14.0,2.0,0.019506,0.0344827586206896,0.1375,0.0,0.7765116,0.79102254,0.81860054,0.180327868852459,0.273084,0.0689655172413792,0.275,0.0,1.5530232,1.58204508,1.63720108,0.360655737704918,5,0
DB00868,D254500,0,train,9.0,3.0,0.25922,0.0,0.0869565217391304,0.0,0.8195197,0.7729746,0.8023915,0.0984455958549222,2.33298,0.0,0.2608695652173912,0.0,2.4585591,2.3189238,2.4071745,0.2953367875647666,5,0
DB00180,D236000,0,train,15.0,2.0,0.2668,1.0,0.3859649122807017,0.0,0.8855705,0.91421187,0.7916495,0.3947368421052631,4.002,2.0,0.7719298245614034,0.0,1.771141,1.82842374,1.583299,0.7894736842105262,5,0
DB00454,D240400,0,train,1.0,4.0,0.16915,0.0,0.0,0.0,0.50938094,0.73537946,0.69267315,0.0379746835443038,0.16915,0.0,0.0,0.0,2.03752376,2.94151784,2.7706926,0.1518987341772152,5,0
DB00533,D166710,0,train,6.0,2.0,0.11865,0.2,0.05,0.0,0.854273,0.80540144,0.6647998,0.173469387755102,0.7119,0.4,0.1,0.0,1.708546,1.61080288,1.3295996,0.346938775510204,5,0
DB01202,D165199,0,train,6.0,5.0,0.17752,0.0,0.1515151515151515,0.0,0.93407464,0.8452534,0.79202247,0.1320754716981132,1.06512,0.0,0.7575757575757575,0.0,4.6703732,4.226267,3.96011235,0.660377358490566,5,0
DB00535,D600807,0,train,18.0,3.0,0.13562,0.0,0.0769230769230769,0.0,0.71605074,0.7954286,0.72807986,0.1956521739130435,2.44116,0.0,0.2307692307692307,0.0,2.14815222,2.3862858,2.18423958,0.5869565217391305,5,0
DB01017,D261515,0,train,1.0,1.0,0.099555,0.0,0.0,0.0,0.47500604,0.67826366,0.45210364,0.0638297872340425,0.099555,0.0,0.0,0.0,0.47500604,0.67826366,0.45210364,0.0638297872340425,5,0
DB00949,D607685,0,train,1.0,1.0,0.16204,0.0,0.0862068965517241,0.0,0.8220658,0.67117286,0.6377542,0.1326530612244898,0.16204,0.0,0.0862068965517241,0.0,0.8220658,0.67117286,0.6377542,0.1326530612244898,5,0
DB00555,D607685,0,train,1.0,2.0,0.09083,0.0238095238095238,0.1,0.0,0.77555966,0.7332916,0.71143967,0.0693069306930693,0.09083,0.0476190476190476,0.2,0.0,1.55111932,1.4665832,1.42287934,0.1386138613861386,5,0
DB00342,D602522,0,train,1.0,2.0,0.28475,0.0,0.0784313725490196,0.0,0.7463046,0.67486215,0.6690457,0.1234567901234567,0.28475,0.0,0.1568627450980392,0.0,1.4926092,1.3497243,1.3380914,0.2469135802469134,5,0
DB00881,D188050,0,train,4.0,1.0,0.025456,0.0,0.0588235294117647,0.0,0.84294593,0.69851625,0.66007197,0.273972602739726,0.101824,0.0,0.0588235294117647,0.0,0.84294593,0.69851625,0.66007197,0.273972602739726,5,0
DB01235,D254200,0,train,5.0,2.0,0.1263,0.0,0.0909090909090909,0.0,0.71555746,0.78722966,0.8061171,0.2162162162162162,0.6315,0.0,0.1818181818181818,0.0,1.43111492,1.57445932,1.6122342,0.4324324324324324,5,0
DB04844,D608088,0,train,10.0,4.0,0.13291,0.1666666666666666,0.1851851851851851,0.0,0.8281604,0.9201411,0.5743281,0.1538461538461538,1.3291,0.6666666666666664,0.7407407407407404,0.0,3.3126416,3.6805644,2.2973124,0.6153846153846152,5,0
DB00240,D127350,0,train,1.0,1.0,0.099705,0.0,0.0,0.0,0.8229518,0.76477027,0.5773973,0.1769911504424778,0.099705,0.0,0.0,0.0,0.8229518,0.76477027,0.5773973,0.1769911504424778,5,0
DB00921,D125320,0,train,13.0,3.0,0.15184,0.0,0.1486486486486486,0.0,0.8367611,0.889254,0.80737555,0.1333333333333333,1.97392,0.0,0.4459459459459458,0.0,2.5102833,2.667762,2.42212665,0.3999999999999999,5,0
DB00883,D119500,0,train,1.0,4.0,0.38835,0.0,0.0,0.0,0.711924,0.53976303,0.59850776,0.0378787878787878,0.38835,0.0,0.0,0.0,2.847696,2.15905212,2.39403104,0.1515151515151512,5,0
DB01175,D194070,0,train,3.0,1.0,0.038638,0.56,0.3333333333333333,0.0,0.8745534,0.7697605,0.7635398,0.1981132075471698,0.1159139999999999,0.56,0.3333333333333333,0.0,0.8745534,0.7697605,0.7635398,0.1981132075471698,5,0
DB00630,D145100,0,train,1.0,1.0,0.0,0.0,0.0,0.0,0.71326685,0.6375454,0.64025354,0.0410958904109589,0.0,0.0,0.0,0.0,0.71326685,0.6375454,0.64025354,0.0410958904109589,5,0
DB00550,D605839,0,train,6.0,1.0,0.15161,0.0,0.0392156862745098,0.0,0.89488333,0.775681,0.7079198,0.1149425287356321,0.90966,0.0,0.0392156862745098,0.0,0.89488333,0.775681,0.7079198,0.1149425287356321,5,0
DB01197,D148100,0,train,1.0,1.0,0.0,0.0,0.0555555555555555,0.0,0.810674,0.74286187,0.76678,0.074074074074074,0.0,0.0,0.0555555555555555,0.0,0.810674,0.74286187,0.76678,0.074074074074074,5,0
DB00968,D102400,0,train,1.0,1.0,0.030657,0.0,0.025,0.0,0.7411261,0.62407684,0.6919638,0.1111111111111111,0.030657,0.0,0.025,0.0,0.7411261,0.62407684,0.6919638,0.1111111111111111,5,0
DB00281,D194070,0,train,3.0,1.0,0.056794,0.1428571428571428,0.2363636363636363,0.0,0.60172856,0.87058705,0.78916293,0.174757281553398,0.1703819999999999,0.1428571428571428,0.2363636363636363,0.0,0.60172856,0.87058705,0.78916293,0.174757281553398,5,0
DB00162,D608583,0,train,7.0,1.0,0.0,0.0,0.06,0.0,0.704489,0.6392642,0.6835041,0.072072072072072,0.0,0.0,0.06,0.0,0.704489,0.6392642,0.6835041,0.072072072072072,5,0
DB00611,D208920,0,train,2.0,2.0,0.1591,0.0,0.0217391304347826,0.0,0.59701735,0.62147844,0.62187624,0.087719298245614,0.3182,0.0,0.0434782608695652,0.0,1.1940347,1.24295688,1.24375248,0.175438596491228,5,0
DB00989,D125851,0,train,11.0,1.0,0.1372,0.5,0.217391304347826,0.0,0.7812032,0.84821045,0.80931264,0.1979166666666666,1.5092,0.5,0.217391304347826,0.0,0.7812032,0.84821045,0.80931264,0.1979166666666666,5,0
DB00882,D254200,0,train,5.0,3.0,0.17561,0.0,0.027027027027027,0.0,0.6849865,0.6951545,0.8055635,0.2454545454545454,0.87805,0.0,0.081081081081081,0.0,2.0549595000000003,2.0854635,2.4166905,0.7363636363636362,5,0
DB01157,D165720,0,train,15.0,1.0,0.14691,0.0,0.1052631578947368,0.0,0.86768967,0.811387,0.8806493,0.2043795620437956,2.20365,0.0,0.1052631578947368,0.0,0.86768967,0.811387,0.8806493,0.2043795620437956,5,0
DB01151,D217150,0,train,1.0,2.0,0.028607,0.0,0.073170731707317,0.0,0.6300617,0.81276566,0.64108944,0.1018518518518518,0.028607,0.0,0.146341463414634,0.0,1.2601234,1.62553132,1.28217888,0.2037037037037036,5,0
DB00767,D604278,0,train,1.0,2.0,0.1224,0.0,0.0,0.0,0.602548,0.6814539,0.79755455,0.0352941176470588,0.1224,0.0,0.0,0.0,1.205096,1.3629078,1.5951091,0.0705882352941176,5,0
DB01017,D217150,0,train,1.0,1.0,0.028607,0.0,0.0,0.0,0.5896297,0.68072546,0.79485935,0.0652173913043478,0.028607,0.0,0.0,0.0,0.5896297,0.68072546,0.79485935,0.0652173913043478,5,0
DB00188,D192000,0,train,6.0,1.0,0.039101,0.0,0.0847457627118644,0.0,0.7290708,0.7663101,0.74381167,0.2272727272727272,0.2346059999999999,0.0,0.0847457627118644,0.0,0.7290708,0.7663101,0.74381167,0.2272727272727272,5,0
DB00297,D608217,0,train,1.0,1.0,0.1358,0.125,0.1379310344827586,0.0,0.6091322,0.74259776,0.6326733,0.1717171717171717,0.1358,0.125,0.1379310344827586,0.0,0.6091322,0.74259776,0.6326733,0.1717171717171717,5,0
DB00476,D268320,0,train,1.0,1.0,0.2654,0.0,0.0697674418604651,0.0,0.80758613,0.609609,0.8475394,0.0818181818181818,0.2654,0.0,0.0697674418604651,0.0,0.80758613,0.609609,0.8475394,0.0818181818181818,5,0
DB00244,D152700,0,train,3.0,1.0,0.39881,0.0,0.0294117647058823,0.0,0.8022803,0.79755735,0.7947227,0.1690140845070422,1.19643,0.0,0.0294117647058823,0.0,0.8022803,0.79755735,0.7947227,0.1690140845070422,5,0
DB00679,D205700,0,train,1.0,2.0,0.047814,0.0,0.03125,0.0,0.59909755,0.7726025,0.6227771,0.0666666666666666,0.047814,0.0,0.0625,0.0,1.1981951,1.545205,1.2455542,0.1333333333333332,5,0
DB00476,D166760,0,train,7.0,1.0,0.090447,0.0,0.1428571428571428,0.0,0.92057616,0.7829712,0.8448452,0.3274336283185841,0.633129,0.0,0.1428571428571428,0.0,0.92057616,0.7829712,0.8448452,0.3274336283185841,5,0
DB00480,D145590,0,train,19.0,2.0,0.15363,0.1428571428571428,0.1162790697674418,0.0,0.8350702,0.8273077,0.82173914,0.2125,2.91897,0.2857142857142856,0.2325581395348836,0.0,1.6701404,1.6546154,1.64347828,0.425,5,0
DB00524,D266600,0,train,7.0,1.0,0.052144,0.0,0.0166666666666666,0.0,0.8145882,0.87835425,0.7843329,0.2087912087912088,0.365008,0.0,0.0166666666666666,0.0,0.8145882,0.87835425,0.7843329,0.2087912087912088,5,0
DB00929,D165199,0,train,6.0,1.0,0.13642,0.0,0.0909090909090909,0.5,0.8008341,0.7987249,0.78255576,0.1118881118881118,0.8185200000000001,0.0,0.0909090909090909,0.5,0.8008341,0.7987249,0.78255576,0.1118881118881118,5,0
DB00240,D601682,0,train,8.0,1.0,0.0,0.0,0.0612244897959183,0.0,0.8138775,0.88256323,0.8083866,0.1476510067114094,0.0,0.0,0.0612244897959183,0.0,0.8138775,0.88256323,0.8083866,0.1476510067114094,5,0
DB01098,D238800,0,train,1.0,1.0,0.031603,0.0,0.1129032258064516,0.0,0.70618796,0.8035594,0.7339016,0.1044776119402985,0.031603,0.0,0.1129032258064516,0.0,0.70618796,0.8035594,0.7339016,0.1044776119402985,5,0
DB00641,D171300,0,train,6.0,1.0,0.31115,0.0,0.1428571428571428,0.0,0.80866,0.78027487,0.80590487,0.2137404580152671,1.8669,0.0,0.1428571428571428,0.0,0.80866,0.78027487,0.80590487,0.2137404580152671,5,0
DB01019,D143880,0,train,5.0,1.0,0.043247,0.0,0.0,0.0,0.7493783,0.75503564,0.57921684,0.0655737704918032,0.216235,0.0,0.0,0.0,0.7493783,0.75503564,0.57921684,0.0655737704918032,5,0
DB00542,D168600,0,train,8.0,4.0,0.09307,0.0,0.0784313725490196,0.0,0.85978913,0.8308325,0.8381851,0.2792792792792792,0.74456,0.0,0.3137254901960784,0.0,3.43915652,3.32333,3.3527404,1.1171171171171168,5,0
DB00804,D138800,0,train,1.0,2.0,0.036262,0.0,0.032258064516129,0.0,0.6785817,0.5327436,0.7638248,0.0416666666666666,0.036262,0.0,0.064516129032258,0.0,1.3571634,1.0654872,1.5276496,0.0833333333333332,5,0
DB00490,D601042,0,train,7.0,3.0,0.037449,0.2941176470588235,0.2181818181818181,0.0,0.8384322,0.85592586,0.81536716,0.1263736263736263,0.262143,0.8823529411764705,0.6545454545454543,0.0,2.5152966,2.56777758,2.44610148,0.3791208791208789,5,0
DB00829,D254400,0,train,6.0,0.0,0.0,0.0,0.1388888888888889,0.0,0.7041578,0.86363244,0.78370136,0.1869158878504672,0.0,0.0,0.0,0.0,0.0,0.0,0.0,0.0,5,0
DB00333,D133239,0,train,3.0,3.0,0.066971,0.25,0.3142857142857143,0.0,0.82413614,0.8669552,0.7907526,0.2241379310344827,0.200913,0.75,0.9428571428571428,0.0,2.47240842,2.6008656,2.3722578,0.6724137931034482,5,0
DB00924,D600808,0,train,3.0,1.0,0.067258,0.0,0.03125,0.0,0.61862427,0.56806755,0.7052724,0.1102362204724409,0.201774,0.0,0.03125,0.0,0.61862427,0.56806755,0.7052724,0.1102362204724409,5,0
DB00308,D192000,0,train,6.0,2.0,0.0,0.0,0.04,0.0,0.83055377,0.8432059,0.7570153,0.1415929203539823,0.0,0.0,0.08,0.0,1.66110754,1.6864118,1.5140306,0.2831858407079646,5,0
DB01113,D208085,0,train,1.0,3.0,0.14989,0.0,0.0317460317460317,0.0,0.75823295,0.8400966,0.85329026,0.1636363636363636,0.14989,0.0,0.0952380952380951,0.0,2.27469885,2.5202898,2.55987078,0.4909090909090908,5,0
DB00153,D167320,0,train,6.0,2.0,0.21509,0.0,0.1428571428571428,1.0,0.66025174,0.8021407,0.78025997,0.044862518089725,1.29054,0.0,0.2857142857142856,2.0,1.32050348,1.6042814,1.56051994,0.08972503617945,5,0
DB00310,D125851,0,train,11.0,2.0,0.16505,0.0,0.1025641025641025,0.0,0.83869094,0.8581177,0.0,0.2450980392156862,1.81555,0.0,0.205128205128205,0.0,1.67738188,1.7162354,0.0,0.4901960784313724,5,0
DB00783,D125850,0,train,13.0,1.0,0.057624,0.0,0.0923076923076923,0.0,0.7957579,0.6728887,0.85414636,0.208695652173913,0.749112,0.0,0.0923076923076923,0.0,0.7957579,0.6728887,0.85414636,0.208695652173913,5,0
DB05259,D605021,0,train,2.0,1.0,0.13391,0.0,0.0,0.0,0.83686316,0.78359956,0.70878917,0.1684210526315789,0.26782,0.0,0.0,0.0,0.83686316,0.78359956,0.70878917,0.1684210526315789,5,0
DB01221,D140300,0,train,1.0,5.0,0.26146,0.0,0.0196078431372549,0.0,0.7556449,0.4774885,0.6918866,0.1030927835051546,0.26146,0.0,0.0980392156862745,0.0,3.7782245,2.3874425,3.459433,0.515463917525773,5,0
DB00476,D107650,0,train,1.0,1.0,0.15005,0.0,0.1636363636363636,0.0,0.80607474,0.6296546,0.6451243,0.2325581395348837,0.15005,0.0,0.1636363636363636,0.0,0.80607474,0.6296546,0.6451243,0.2325581395348837,5,0
DB00017,D608105,0,train,5.0,4.0,0.17908,0.0,0.0714285714285714,0.0,0.7545726,0.71979475,0.6935425,0.0779036827195467,0.8954,0.0,0.2857142857142856,0.0,3.0182904,2.879179,2.77417,0.3116147308781868,5,0
DB13919,D151400,0,train,3.0,2.0,0.054526,0.0,0.123076923076923,0.0,0.8126074,0.5366442,0.0,0.2164948453608247,0.163578,0.0,0.246153846153846,0.0,1.6252148,1.0732884,0.0,0.4329896907216494,5,0
DB01069,D115645,0,train,1.0,2.0,0.11419,0.0,0.1617647058823529,0.0,0.73003703,0.5416095,0.71027803,0.1868131868131868,0.11419,0.0,0.3235294117647058,0.0,1.46007406,1.083219,1.42055606,0.3736263736263736,5,0
DB00707,D608217,0,train,1.0,2.0,0.11788,0.0,0.0,0.0,0.6935904,0.6906585,0.70055014,0.0685920577617328,0.11788,0.0,0.0,0.0,1.3871808,1.381317,1.40110028,0.1371841155234656,5,0
DB00017,D310468,0,train,2.0,4.0,0.10097,0.0,0.0,0.0,0.7381552,0.6675139,0.800296,0.0347322720694645,0.20194,0.0,0.0,0.0,2.9526208,2.6700556,3.201184,0.138929088277858,5,0
DB00925,D125310,0,train,8.0,1.0,0.10374,0.1666666666666666,0.12,0.0,0.8206961,0.86011815,0.8441203,0.2,0.82992,0.1666666666666666,0.12,0.0,0.8206961,0.86011815,0.8441203,0.2,5,0
DB00669,D240400,0,train,1.0,3.0,0.3441,0.0,0.0172413793103448,0.0,0.47113523,0.64851993,0.6249962,0.0617283950617283,0.3441,0.0,0.0517241379310344,0.0,1.41340569,1.94555979,1.8749886,0.1851851851851849,5,0
DB00521,D125320,0,train,13.0,1.0,0.0,0.0,0.1320754716981132,0.0,0.8620461,0.8413923,0.8172897,0.3023255813953488,0.0,0.0,0.1320754716981132,0.0,0.8620461,0.8413923,0.8172897,0.3023255813953488,5,0
DB00898,D608088,0,train,10.0,1.0,0.20452,0.2678571428571428,0.2456140350877192,0.0,0.65676314,0.8478534,0.7881036,0.0588235294117647,2.0452,0.2678571428571428,0.2456140350877192,0.0,0.65676314,0.8478534,0.7881036,0.0588235294117647,5,0
DB11750,D607225,0,train,2.0,2.0,0.07282,0.0,0.074074074074074,0.0,0.7706623,0.2217341,0.0,0.1078431372549019,0.14564,0.0,0.148148148148148,0.0,1.5413246,0.4434682,0.0,0.2156862745098038,5,0
DB00952,D179600,0,train,9.0,1.0,0.080428,0.0,0.125,0.0,0.8221252,0.83697426,0.7739013,0.2210526315789473,0.7238519999999999,0.0,0.125,0.0,0.8221252,0.83697426,0.7739013,0.2210526315789473,5,0
DB01254,D254400,0,train,6.0,2.0,0.0,0.0,0.1702127659574468,0.0,0.84106207,0.8130009,0.7172067,0.1791907514450867,0.0,0.0,0.3404255319148936,0.0,1.68212414,1.6260018,1.4344134,0.3583815028901734,5,0
DB01070,D103100,0,train,0.0,1.0,0.063842,0.0,0.0,0.0,0.0,0.0,0.0,0.0,0.0,0.0,0.0,0.0,0.0,0.0,0.0,0.0,5,0
DB00569,D148100,0,train,1.0,6.0,0.23356,0.0,0.0144927536231884,0.0,0.66394675,0.7843653,0.64317083,0.0206489675516224,0.23356,0.0,0.0869565217391304,0.0,3.9836805,4.7061918,3.85902498,0.1238938053097344,5,0
DB01162,D146255,0,train,15.0,2.0,0.16577,0.0674157303370786,0.1333333333333333,0.0,0.8702651,0.83479416,0.745441,0.1441441441441441,2.48655,0.1348314606741572,0.2666666666666666,0.0,1.7405302,1.66958832,1.490882,0.2882882882882882,5,0
DB01073,D144650,0,train,3.0,3.0,0.055566,0.0,0.028169014084507,0.0,0.6608754,0.8200275,0.6329796,0.0956521739130434,0.1666979999999999,0.0,0.084507042253521,0.0,1.9826262,2.4600825,1.8989388,0.2869565217391302,5,0
DB00982,D134510,0,train,1.0,2.0,0.087828,0.0,0.0512820512820512,0.0,0.7976375,0.8296081,0.5900961,0.0987654320987654,0.087828,0.0,0.1025641025641024,0.0,1.595275,1.6592162,1.1801922,0.1975308641975308,5,0
DB01142,D133239,0,train,3.0,1.0,0.40631,0.1578947368421052,0.2125,0.0,0.7422895,0.8099003,0.8673417,0.208695652173913,1.21893,0.1578947368421052,0.2125,0.0,0.7422895,0.8099003,0.8673417,0.208695652173913,5,0
DB01064,D223350,0,train,10.0,4.0,0.079183,0.12,0.0833333333333333,0.0,0.82391775,0.7790648,0.7883655,0.1481481481481481,0.79183,0.48,0.3333333333333332,0.0,3.295671,3.1162592,3.153462,0.5925925925925924,5,0
DB01030,D127750,0,train,0.0,2.0,0.016814,0.0,0.0,0.0,0.0,0.0,0.0,0.0,0.0,0.0,0.0,0.0,0.0,0.0,0.0,0.0,5,0
DB01008,D137750,0,train,9.0,5.0,0.191,0.0,0.1272727272727272,0.0,0.82241774,0.84858006,0.7680093,0.119047619047619,1.719,0.0,0.636363636363636,0.0,4.1120887,4.2429003,3.8400465,0.595238095238095,5,0
DB01042,D260570,0,train,2.0,3.0,0.1188,0.0,0.0851063829787234,0.0,0.7074617,0.8154094,0.5764311,0.2133333333333333,0.2376,0.0,0.2553191489361702,0.0,2.1223851,2.4462282,1.7292933,0.6399999999999999,5,0
DB00860,D212140,0,train,1.0,5.0,0.14429,0.0,0.0547945205479452,0.0,0.78032374,0.7727451,0.70782644,0.064,0.14429,0.0,0.273972602739726,0.0,3.9016187,3.8637255,3.5391322,0.32,5,0
DB00091,D276300,0,train,34.0,1.0,0.1032,0.0,0.2439024390243902,0.0,0.849454,0.8703208,0.86698425,0.0905797101449275,3.5088,0.0,0.2439024390243902,0.0,0.849454,0.8703208,0.86698425,0.0905797101449275,5,0
DB01225,D607508,0,train,1.0,1.0,0.048264,0.0,0.0,0.0,0.65142286,0.6911482,0.65652996,0.0357142857142857,0.048264,0.0,0.0,0.0,0.65142286,0.6911482,0.65652996,0.0357142857142857,5,0
DB01045,D264120,0,train,8.0,8.0,0.097393,0.0,0.0444444444444444,0.0,0.78603673,0.66230524,0.79726547,0.2076923076923077,0.779144,0.0,0.3555555555555552,0.0,6.28829384,5.29844192,6.37812376,1.6615384615384616,5,0
DB00324,D102100,0,train,0.0,2.0,0.0,0.0,0.0,0.0,0.0,0.0,0.0,0.0,0.0,0.0,0.0,0.0,0.0,0.0,0.0,0.0,5,0
DB00848,D147530,0,train,60.0,5.0,0.04357,0.0169491525423728,0.1,0.0,0.90357256,0.89211965,0.77059865,0.2289156626506024,2.6142,0.084745762711864,0.5,0.0,4.5178628,4.46059825,3.85299325,1.144578313253012,5,0
DB00454,D607225,0,train,2.0,4.0,0.07792,0.0,0.0606060606060606,0.0,0.807472,0.79969805,0.8741548,0.141025641025641,0.15584,0.0,0.2424242424242424,0.0,3.229888,3.1987922,3.4966192,0.564102564102564,5,0
DB00535,D178600,0,train,5.0,3.0,0.1061,0.0,0.0434782608695652,0.0,0.6332132,0.7652186,0.64919966,0.1170212765957446,0.5305,0.0,0.1304347826086956,0.0,1.8996396,2.2956558,1.94759898,0.3510638297872338,5,0
DB01193,D600634,0,train,1.0,4.0,0.050572,0.1,0.064516129032258,0.0,0.82865274,0.8191112,0.6036702,0.1703703703703703,0.050572,0.4,0.258064516129032,0.0,3.31461096,3.2764448,2.4146808,0.6814814814814812,5,0
DB05259,D312910,0,train,1.0,1.0,0.052728,0.0,0.0,0.0,0.71296144,0.72343373,0.7988397,0.0920245398773006,0.052728,0.0,0.0,0.0,0.71296144,0.72343373,0.7988397,0.0920245398773006,5,0
DB00763,D311360,0,train,3.0,2.0,0.15962,0.0,0.0833333333333333,0.0,0.72031665,0.8238834,0.85593957,0.0579710144927536,0.47886,0.0,0.1666666666666666,0.0,1.4406333,1.6477668,1.71187914,0.1159420289855072,5,0
DB01255,D601682,0,train,8.0,2.0,0.024754,0.0,0.1481481481481481,0.0,0.80826414,0.89411736,0.791528,0.18,0.198032,0.0,0.2962962962962962,0.0,1.61652828,1.78823472,1.583056,0.36,5,0
DB01291,D125310,0,train,8.0,0.0,0.0,0.0,0.1142857142857142,0.0,0.8102321,0.8829237,0.790474,0.1358024691358024,0.0,0.0,0.0,0.0,0.0,0.0,0.0,0.0,5,0
DB01579,D147480,0,train,1.0,2.0,0.097208,0.0,0.1052631578947368,0.0,0.76106685,0.8071394,0.7335971,0.081081081081081,0.097208,0.0,0.2105263157894736,0.0,1.5221337,1.6142788,1.4671942,0.162162162162162,5,0
DB00990,D230800,0,train,1.0,3.0,0.16102,0.0,0.03125,0.0,0.616457,0.6623062,0.80291337,0.1509433962264151,0.16102,0.0,0.09375,0.0,1.849371,1.9869186,2.40874011,0.4528301886792453,5,0
DB00767,D206200,0,train,2.0,2.0,0.10206,0.0,0.0263157894736842,0.0,0.7246723,0.7955246,0.7355232,0.1458333333333333,0.20412,0.0,0.0526315789473684,0.0,1.4493446,1.5910492,1.4710464,0.2916666666666666,5,0
DB01394,D254770,0,train,0.0,2.0,0.079613,0.0,0.0,0.0,0.0,0.0,0.0,0.0,0.0,0.0,0.0,0.0,0.0,0.0,0.0,0.0,5,0
DB00393,D140600,0,train,23.0,1.0,0.053789,0.0833333333333333,0.1166666666666666,0.0,0.80024344,0.8437916,0.7931339,0.2149532710280373,1.237147,0.0833333333333333,0.1166666666666666,0.0,0.80024344,0.8437916,0.7931339,0.2149532710280373,5,0
DB01248,D192200,0,train,0.0,3.0,0.063539,0.0,0.0,0.0,0.0,0.0,0.0,0.0,0.0,0.0,0.0,0.0,0.0,0.0,0.0,0.0,5,0
DB00787,D138800,0,train,1.0,11.0,0.072589,0.0,0.0454545454545454,0.0,0.6679662,0.70980275,0.6976095,0.1030927835051546,0.072589,0.0,0.4999999999999994,0.0,7.347628199999999,7.80783025,7.673704499999999,1.1340206185567006,5,0
DB00491,D256700,0,train,4.0,3.0,0.22023,0.0,0.0196078431372549,0.0,0.7325348,0.7920786,0.74785566,0.0606060606060606,0.88092,0.0,0.0588235294117647,0.0,2.1976044000000003,2.3762358,2.24356698,0.1818181818181818,5,0
DB00282,D273800,0,train,3.0,6.0,0.25318,0.0,0.0476190476190476,0.0,0.83535534,0.62032205,0.7624075,0.2352941176470588,0.7595400000000001,0.0,0.2857142857142856,0.0,5.01213204,3.7219323,4.574445,1.4117647058823528,5,0
DB00612,D143100,0,train,2.0,4.0,0.20593,0.0,0.0416666666666666,0.0,0.77739906,0.7407216,0.73165524,0.1590909090909091,0.41186,0.0,0.1666666666666664,0.0,3.10959624,2.9628864,2.92662096,0.6363636363636364,5,0
DB00630,D128101,0,train,2.0,1.0,0.0,0.0,0.0833333333333333,0.0,0.6617933,0.83189917,0.66859627,0.0909090909090909,0.0,0.0,0.0833333333333333,0.0,0.6617933,0.83189917,0.66859627,0.0909090909090909,5,0
DB00284,D237450,0,train,0.0,2.0,0.10195,0.0,0.0,0.0,0.0,0.0,0.0,0.0,0.0,0.0,0.0,0.0,0.0,0.0,0.0,0.0,5,0
DB00590,D230450,0,train,1.0,1.0,0.038639,0.0,0.0851063829787234,0.0,0.69205225,0.8685937,0.7966066,0.0654761904761904,0.038639,0.0,0.0851063829787234,0.0,0.69205225,0.8685937,0.7966066,0.0654761904761904,5,0
DB01232,D188470,0,train,1.0,2.0,0.17824,0.0,0.0,0.0,0.69929546,0.55734444,0.8202295,0.0891719745222929,0.17824,0.0,0.0,0.0,1.39859092,1.11468888,1.640459,0.1783439490445858,5,0
DB01062,D600263,0,train,7.0,1.0,0.17987,0.0,0.1764705882352941,0.0,0.6964973,0.8922066,0.7929038,0.2735042735042735,1.25909,0.0,0.1764705882352941,0.0,0.6964973,0.8922066,0.7929038,0.2735042735042735,5,0
DB00790,D304790,0,train,8.0,15.0,0.10298,0.5,0.3636363636363636,0.0,0.93374395,0.7090013,0.87122095,0.46,0.82384,7.5,5.454545454545454,0.0,14.00615925,10.6350195,13.06831425,6.9,5,0
DB00596,D263300,0,train,2.0,4.0,0.11178,0.0,0.0465116279069767,0.0,0.853537,0.82896435,0.75986046,0.0817610062893081,0.22356,0.0,0.1860465116279068,0.0,3.414148,3.3158574,3.03944184,0.3270440251572324,5,0
DB01200,D601626,0,train,9.0,9.0,0.0,0.3157894736842105,0.1910112359550561,0.0,0.8861922,0.8342006,0.80429626,0.1676646706586826,0.0,2.8421052631578947,1.7191011235955047,0.0,7.9757298,7.5078054,7.23866634,1.5089820359281434,5,0
DB00883,D165150,0,train,0.0,4.0,0.15121,0.0,0.0,0.0,0.0,0.0,0.0,0.0,0.0,0.0,0.0,0.0,0.0,0.0,0.0,0.0,5,0
DB00810,D156190,0,train,1.0,1.0,0.072309,0.0,0.0681818181818181,0.0,0.728251,0.8050753,0.61561364,0.0841121495327102,0.072309,0.0,0.0681818181818181,0.0,0.728251,0.8050753,0.61561364,0.0841121495327102,5,0
DB00449,D157300,0,train,22.0,2.0,0.18651,0.3,0.3387096774193548,0.0,0.87657654,0.86206514,0.82332814,0.3333333333333333,4.10322,0.6,0.6774193548387096,0.0,1.75315308,1.72413028,1.64665628,0.6666666666666666,5,0
DB00590,D254800,0,train,1.0,1.0,0.078256,0.0,0.054054054054054,0.0,0.68970066,0.5764657,0.6838335,0.1509433962264151,0.078256,0.0,0.054054054054054,0.0,0.68970066,0.5764657,0.6838335,0.1509433962264151,5,0
DB00580,D144700,0,train,8.0,1.0,0.1717,0.0,0.1147540983606557,0.0,0.85776234,0.81082356,0.7903588,0.2403846153846154,1.3736,0.0,0.1147540983606557,0.0,0.85776234,0.81082356,0.7903588,0.2403846153846154,5,0
DB00635,D608217,0,train,1.0,1.0,0.0,0.0,0.0337078651685393,0.0,0.8195039,0.8093539,0.81739277,0.0756302521008403,0.0,0.0,0.0337078651685393,0.0,0.8195039,0.8093539,0.81739277,0.0756302521008403,5,0
DB00548,D127750,0,train,0.0,1.0,0.0,0.0,0.0,0.0,0.0,0.0,0.0,0.0,0.0,0.0,0.0,0.0,0.0,0.0,0.0,0.0,5,0
DB00295,D277350,0,train,2.0,1.0,0.0,0.0,0.0,0.0,0.6377603,0.64970523,0.5341759,0.0833333333333333,0.0,0.0,0.0,0.0,0.6377603,0.64970523,0.5341759,0.0833333333333333,5,0
DB00816,D256700,0,train,4.0,6.0,0.25034,0.0416666666666666,0.0566037735849056,0.0,0.864684,0.7871142,0.7180234,0.1011235955056179,1.00136,0.2499999999999996,0.3396226415094336,0.0,5.188104,4.7226852,4.3081404,0.6067415730337075,5,0
DB01058,D109200,0,train,0.0,1.0,0.13781,0.0,0.0,0.0,0.0,0.0,0.0,0.0,0.0,0.0,0.0,0.0,0.0,0.0,0.0,0.0,5,0
DB00641,D115195,0,train,1.0,1.0,0.041421,0.0,0.0,0.0,0.77143717,0.6633952,0.7607102,0.0891089108910891,0.041421,0.0,0.0,0.0,0.77143717,0.6633952,0.7607102,0.0891089108910891,5,0
DB01016,D210050,0,train,9.0,1.0,0.0,0.0,0.1578947368421052,0.0,0.86441123,0.8525117,0.8215622,0.1987179487179487,0.0,0.0,0.1578947368421052,0.0,0.86441123,0.8525117,0.8215622,0.1987179487179487,5,0
DB00387,D150699,0,train,1.0,6.0,0.15623,0.0,0.0,0.0,0.6796748,0.7273188,0.74901754,0.0935251798561151,0.15623,0.0,0.0,0.0,4.0780488,4.3639128000000005,4.49410524,0.5611510791366906,5,0
DB00945,D240400,0,train,1.0,1.0,0.20193,0.0,0.0158730158730158,0.0,0.52481496,0.5958426,0.7304184,0.064516129032258,0.20193,0.0,0.0158730158730158,0.0,0.52481496,0.5958426,0.7304184,0.064516129032258,5,0
DB01041,D243200,0,train,1.0,3.0,0.14937,0.0,0.0,0.0,0.63810027,0.6949123,0.68346685,0.0689655172413793,0.14937,0.0,0.0,0.0,1.91430081,2.0847369,2.05040055,0.2068965517241379,5,0
DB01395,D605839,0,train,6.0,2.0,0.093374,0.0,0.0714285714285714,0.0,0.74173045,0.7805277,0.79353285,0.1216216216216216,0.560244,0.0,0.1428571428571428,0.0,1.4834609,1.5610554,1.5870657,0.2432432432432432,5,0
DB09026,D230800,0,train,1.0,2.0,0.16787,0.0,0.064516129032258,0.0,0.640007,0.8483962,0.67684734,0.1,0.16787,0.0,0.129032258064516,0.0,1.280014,1.6967924,1.35369468,0.2,5,0
DB00675,D125320,0,train,13.0,3.0,0.18589,0.125,0.2,0.0,0.7995,0.78908885,0.8273354,0.3076923076923077,2.41657,0.375,0.6000000000000001,0.0,2.3985,2.36726655,2.4820062000000003,0.9230769230769232,5,0
DB00644,D178600,0,train,5.0,1.0,0.017576,0.0,0.0263157894736842,0.0,0.70059836,0.8847999,0.70334387,0.1211072664359861,0.08788,0.0,0.0263157894736842,0.0,0.70059836,0.8847999,0.70334387,0.1211072664359861,5,0
DB00490,D602080,0,train,5.0,3.0,0.079358,0.0,0.0972222222222222,0.0,0.6252396,0.70279026,0.7331915,0.1159420289855072,0.39679,0.0,0.2916666666666666,0.0,1.8757188,2.10837078,2.1995745,0.3478260869565216,5,0
DB00717,D608105,0,train,5.0,1.0,0.08325,0.0,0.0657894736842105,0.0,0.80227166,0.7641176,0.78741205,0.124223602484472,0.41625,0.0,0.0657894736842105,0.0,0.80227166,0.7641176,0.78741205,0.124223602484472,5,0
DB01118,D128101,0,train,2.0,1.0,0.099322,0.0,0.1123595505617977,0.0,0.7877141,0.8121359,0.82294,0.1483870967741935,0.198644,0.0,0.1123595505617977,0.0,0.7877141,0.8121359,0.82294,0.1483870967741935,5,0
DB00674,D128101,0,train,2.0,2.0,0.1609,0.0,0.0769230769230769,0.0,0.7481358,0.66131306,0.858096,0.1011235955056179,0.3218,0.0,0.1538461538461538,0.0,1.4962716,1.32262612,1.716192,0.2022471910112358,5,0
DB00295,D146500,0,train,2.0,1.0,0.101,0.0,0.0588235294117647,0.0,0.7451031,0.8008037,0.80648416,0.1296296296296296,0.202,0.0,0.0588235294117647,0.0,0.7451031,0.8008037,0.80648416,0.1296296296296296,5,0
DB01075,D259500,0,train,4.0,1.0,0.1354,0.0,0.1403508771929824,0.0,0.7534649,0.8524145,0.87449515,0.4367816091954023,0.5416,0.0,0.1403508771929824,0.0,0.7534649,0.8524145,0.87449515,0.4367816091954023,5,0
DB00631,D248190,0,train,1.0,17.0,0.12262,0.0,0.0208333333333333,0.0,0.55587995,0.64564157,0.5918956,0.0865384615384615,0.12262,0.0,0.3541666666666661,0.0,9.44995915,10.97590669,10.0622252,1.4711538461538454,5,0
DB00860,D607554,0,train,10.0,5.0,0.094944,0.0,0.0833333333333333,0.0,0.86817694,0.8550185,0.8148632,0.1666666666666666,0.94944,0.0,0.4166666666666665,0.0,4.3408847,4.2750925,4.074316,0.833333333333333,5,0
DB00736,D238800,0,train,1.0,3.0,0.03769,0.0,0.1016949152542373,0.0,0.73339534,0.7941523,0.6761217,0.1339285714285714,0.03769,0.0,0.3050847457627119,0.0,2.20018602,2.3824569,2.0283651000000003,0.4017857142857142,5,0
DB00367,D260570,0,train,2.0,1.0,0.058113,0.0,0.0142857142857142,0.0,0.70667857,0.7919293,0.751977,0.0721649484536082,0.116226,0.0,0.0142857142857142,0.0,0.70667857,0.7919293,0.751977,0.0721649484536082,5,0
DB00937,D110100,0,train,6.0,1.0,0.12951,0.0,0.0555555555555555,0.0,0.6802779,0.7889097,0.77012527,0.1538461538461538,0.7770599999999999,0.0,0.0555555555555555,0.0,0.6802779,0.7889097,0.77012527,0.1538461538461538,5,0
DB00153,D220120,0,train,1.0,2.0,0.26227,0.0,0.0333333333333333,0.0,0.70162743,0.76645654,0.7187477,0.018348623853211,0.26227,0.0,0.0666666666666666,0.0,1.40325486,1.53291308,1.4374954,0.036697247706422,5,0
DB00550,D137400,0,train,0.0,1.0,0.059161,0.0,0.0,0.0,0.0,0.0,0.0,0.0,0.0,0.0,0.0,0.0,0.0,0.0,0.0,0.0,5,0
DB00714,D603165,0,train,5.0,3.0,0.19917,0.0,0.1320754716981132,0.0,0.8011982,0.7536558,0.8898374,0.1692307692307692,0.99585,0.0,0.3962264150943396,0.0,2.4035946,2.2609674,2.6695122,0.5076923076923077,5,0
DB00248,D266120,0,train,1.0,1.0,0.039072,0.0,0.0714285714285714,0.0,0.6146447,0.8191723,0.6510514,0.0925925925925925,0.039072,0.0,0.0714285714285714,0.0,0.6146447,0.8191723,0.6510514,0.0925925925925925,5,0
DB00307,D125853,0,train,13.0,2.0,0.1353,0.0,0.2,0.0,0.79166275,0.82124346,0.7909411,0.2636363636363636,1.7589,0.0,0.4,0.0,1.5833255,1.64248692,1.5818822,0.5272727272727272,5,0
DB00407,D144010,0,train,8.0,1.0,0.22488,0.0,0.1034482758620689,0.0,0.74262875,0.79902476,0.84276056,0.0825688073394495,1.79904,0.0,0.1034482758620689,0.0,0.74262875,0.79902476,0.84276056,0.0825688073394495,5,0
DB00297,D146255,0,train,15.0,1.0,0.073406,0.0112359550561797,0.078125,0.0,0.6391342,0.819937,0.783164,0.2222222222222222,1.10109,0.0112359550561797,0.078125,0.0,0.6391342,0.819937,0.783164,0.2222222222222222,5,0
DB00988,D608088,0,train,10.0,4.0,0.14415,0.1111111111111111,0.2105263157894736,0.0,0.79928064,0.8045822,0.7734206,0.1891891891891892,1.4415,0.4444444444444444,0.8421052631578944,0.0,3.19712256,3.2183288,3.0936824,0.7567567567567568,5,0
DB00861,D607516,0,train,1.0,3.0,0.10009,0.0,0.0535714285714285,0.0,0.7782361,0.64197296,0.62573755,0.1545454545454545,0.10009,0.0,0.1607142857142855,0.0,2.3347083,1.92591888,1.87721265,0.4636363636363635,5,0
DB01410,D125600,0,train,6.0,1.0,0.0,0.0,0.0857142857142857,0.0,0.8352828,0.8704157,0.81447166,0.109375,0.0,0.0,0.0857142857142857,0.0,0.8352828,0.8704157,0.81447166,0.109375,5,0
DB00153,D600631,0,train,2.0,2.0,0.06678,0.0,0.0,0.0,0.5476901,0.7496069,0.68830615,0.0970149253731343,0.13356,0.0,0.0,0.0,1.0953802,1.4992138,1.3766123,0.1940298507462686,5,0
DB00126,D115645,0,train,1.0,3.0,0.1733,0.0,0.0,0.0,0.5138126,0.7312671,0.6331536,0.0933333333333333,0.1733,0.0,0.0,0.0,1.5414377999999995,2.1938013,1.8994608,0.2799999999999999,5,0
DB01219,D114550,0,train,1.0,1.0,0.050681,0.0,0.0232558139534883,0.0,0.56317604,0.67461336,0.6120649,0.0919540229885057,0.050681,0.0,0.0232558139534883,0.0,0.56317604,0.67461336,0.6120649,0.0919540229885057,5,0
DB00939,D210050,0,train,9.0,7.0,0.23417,0.4,0.3409090909090909,0.0,0.86838007,0.82205325,0.6020927,0.2637362637362637,2.10753,2.8000000000000003,2.386363636363636,0.0,6.07866049,5.75437275,4.2146489,1.8461538461538456,5,0
DB00199,D165199,0,train,6.0,1.0,0.0,0.0294117647058823,0.2025316455696202,0.0,0.70398545,0.7811287,0.7257558,0.1122448979591836,0.0,0.0294117647058823,0.2025316455696202,0.0,0.70398545,0.7811287,0.7257558,0.1122448979591836,5,0
DB00114,D208085,0,train,1.0,2.0,0.085756,0.0,0.0,0.0,0.46771294,0.48320735,0.59329903,0.0879120879120879,0.085756,0.0,0.0,0.0,0.93542588,0.9664147,1.18659806,0.1758241758241758,5,0
DB01167,D153880,0,train,2.0,1.0,0.087871,0.0,0.0895522388059701,0.0,0.7660256,0.7475124,0.6206028,0.1011235955056179,0.175742,0.0,0.0895522388059701,0.0,0.7660256,0.7475124,0.6206028,0.1011235955056179,5,0
DB01216,D267730,0,train,6.0,2.0,0.068272,0.0,0.0958904109589041,0.0,0.74015486,0.77088773,0.78025997,0.2314049586776859,0.409632,0.0,0.1917808219178082,0.0,1.48030972,1.54177546,1.56051994,0.4628099173553718,5,0
DB01062,D175505,0,train,1.0,1.0,0.01541,0.0,0.1304347826086956,0.0,0.6172604,0.6634232,0.7325349,0.1610738255033557,0.01541,0.0,0.1304347826086956,0.0,0.6172604,0.6634232,0.7325349,0.1610738255033557,5,0
DB00706,D208085,0,train,1.0,1.0,0.085678,0.0,0.078125,0.0,0.8057748,0.80330247,0.6798526,0.2385321100917431,0.085678,0.0,0.078125,0.0,0.8057748,0.80330247,0.6798526,0.2385321100917431,5,0
DB01157,D608088,0,train,10.0,1.0,0.20452,0.0,0.15,0.0,0.8411982,0.8429705,0.80755633,0.146551724137931,2.0452,0.0,0.15,0.0,0.8411982,0.8429705,0.80755633,0.146551724137931,5,0
DB01058,D231200,0,train,4.0,1.0,0.10604,0.0,0.125,0.0,0.68225414,0.7346426,0.72133636,0.1597222222222222,0.42416,0.0,0.125,0.0,0.68225414,0.7346426,0.72133636,0.1597222222222222,5,0
DB01058,D145500,0,train,5.0,1.0,0.10776,0.0,0.108695652173913,0.0,0.67039,0.7516249,0.8169432,0.1373390557939914,0.5388,0.0,0.108695652173913,0.0,0.67039,0.7516249,0.8169432,0.1373390557939914,5,0
DB01197,D121201,0,train,2.0,1.0,0.20425,0.1666666666666666,0.34375,0.0,0.9164486,1.0000002,0.84279346,0.2705882352941176,0.4085,0.1666666666666666,0.34375,0.0,0.9164486,1.0000002,0.84279346,0.2705882352941176,5,0
DB00353,D140600,0,train,23.0,0.0,0.0,0.1111111111111111,0.1333333333333333,0.0,0.8086587,0.86994946,0.81535697,0.2242990654205607,0.0,0.0,0.0,0.0,0.0,0.0,0.0,0.0,5,0
DB01214,D137400,0,train,0.0,3.0,0.0,0.0,0.0,0.0,0.0,0.0,0.0,0.0,0.0,0.0,0.0,0.0,0.0,0.0,0.0,0.0,5,0
DB00630,D152700,0,train,3.0,1.0,0.066341,0.0,0.0222222222222222,0.0,0.7670812,0.746276,0.601426,0.1320754716981132,0.199023,0.0,0.0222222222222222,0.0,0.7670812,0.746276,0.601426,0.1320754716981132,5,0
DB00608,D256370,0,train,5.0,1.0,0.022438,0.0,0.0845070422535211,0.0,0.786404,0.7547909,0.7606907,0.176,0.11219,0.0,0.0845070422535211,0.0,0.786404,0.7547909,0.7606907,0.176,5,0
DB00366,D146850,0,train,1.0,3.0,0.0671,0.0,0.0,0.0,0.67473704,0.6142061,0.6203971,0.0674157303370786,0.0671,0.0,0.0,0.0,2.02421112,1.8426183,1.8611913,0.2022471910112357,5,0
DB00067,D600807,0,train,18.0,2.0,0.13444,0.0,0.027027027027027,0.0,0.81298244,0.77289546,0.830758,0.0958605664488017,2.4199200000000003,0.0,0.054054054054054,0.0,1.62596488,1.54579092,1.661516,0.1917211328976034,5,0
DB01268,D106400,0,train,5.0,2.0,0.070399,0.0,0.0526315789473684,0.0,0.795459,0.8110141,0.6969844,0.1428571428571428,0.351995,0.0,0.1052631578947368,0.0,1.590918,1.6220282,1.3939688,0.2857142857142856,5,0
DB00806,D107320,0,train,1.0,4.0,0.21871,0.0,0.0384615384615384,0.0,0.8501214,0.38255137,0.51078546,0.0927835051546391,0.21871,0.0,0.1538461538461536,0.0,3.4004856,1.53020548,2.04314184,0.3711340206185564,5,0
DB00763,D275000,0,train,3.0,2.0,0.17042,0.0,0.2586206896551724,0.0,0.81892145,0.7997549,0.7883603,0.0546875,0.5112599999999999,0.0,0.5172413793103448,0.0,1.6378429,1.5995098,1.5767206,0.109375,5,0
DB01095,D600496,0,train,12.0,1.0,0.19514,0.0,0.2054794520547945,0.0,0.8202099,0.8643487,0.85933053,0.183206106870229,2.34168,0.0,0.2054794520547945,0.0,0.8202099,0.8643487,0.85933053,0.183206106870229,5,0
DB00776,D115645,0,train,1.0,4.0,0.31343,0.0,0.032258064516129,0.0,0.82376724,0.64922583,0.71639544,0.1290322580645161,0.31343,0.0,0.129032258064516,0.0,3.29506896,2.59690332,2.86558176,0.5161290322580644,5,0
DB03904,D138800,0,train,1.0,2.0,0.02511,0.0,0.0,0.0,0.6850611,0.4029496,0.5152498,0.0606060606060606,0.02511,0.0,0.0,0.0,1.3701222,0.8058992,1.0304996,0.1212121212121212,5,0
DB00881,D137750,0,train,9.0,1.0,0.023132,1.0,0.6875,0.0,0.9278215,0.88423604,0.75136524,0.5663716814159292,0.2081879999999999,1.0,0.6875,0.0,0.9278215,0.88423604,0.75136524,0.5663716814159292,5,0
DB00999,D607508,0,train,1.0,1.0,0.10765,0.0,0.0166666666666666,0.0,0.7614805,0.48842812,0.7115349,0.128440366972477,0.10765,0.0,0.0166666666666666,0.0,0.7614805,0.48842812,0.7115349,0.128440366972477,5,0
DB00208,D268220,0,train,4.0,1.0,0.052973,0.0,0.0666666666666666,0.0,0.8560766,0.83016026,0.77540034,0.2602739726027397,0.211892,0.0,0.0666666666666666,0.0,0.8560766,0.83016026,0.77540034,0.2602739726027397,5,0
DB01175,D226150,0,train,5.0,1.0,0.046131,0.1333333333333333,0.4590163934426229,0.0,0.95608056,0.85809463,0.83217376,0.2376237623762376,0.230655,0.1333333333333333,0.4590163934426229,0.0,0.95608056,0.85809463,0.83217376,0.2376237623762376,5,0
DB00767,D132100,0,train,1.0,2.0,0.07826,0.0,0.037037037037037,0.0,0.6096754,0.60104007,0.69987845,0.1796875,0.07826,0.0,0.074074074074074,0.0,1.2193508,1.20208014,1.3997569,0.359375,5,0
DB00968,D102500,0,train,12.0,1.0,0.054041,0.0,0.1896551724137931,0.0,0.89977944,0.83878213,0.83128947,0.2470588235294117,0.648492,0.0,0.1896551724137931,0.0,0.89977944,0.83878213,0.83128947,0.2470588235294117,5,0
DB00448,D175505,0,train,1.0,2.0,0.039669,0.0,0.0793650793650793,0.0,0.70698655,0.7789502,0.78194934,0.1342281879194631,0.039669,0.0,0.1587301587301586,0.0,1.4139731,1.5579004,1.56389868,0.2684563758389262,5,0
DB00328,D110100,0,train,6.0,4.0,0.22134,0.0,0.1219512195121951,0.0,0.8233444,0.7255479,0.80036294,0.1584158415841584,1.32804,0.0,0.4878048780487804,0.0,3.2933776,2.9021916,3.20145176,0.6336633663366336,5,0
DB00696,D145100,0,train,1.0,4.0,0.28002,0.0,0.0727272727272727,0.0,0.8515143,0.8183651,0.67739594,0.1870503597122302,0.28002,0.0,0.2909090909090908,0.0,3.4060572,3.2734604,2.70958376,0.7482014388489208,5,0
DB00491,D137580,0,train,2.0,3.0,0.24759,0.0,0.0289855072463768,0.0,0.7920749,0.82440466,0.8388117,0.043859649122807,0.49518,0.0,0.0869565217391304,0.0,2.3762247,2.47321398,2.5164351000000003,0.131578947368421,5,0
DB01129,D146850,0,train,1.0,3.0,0.10851,0.0,0.0153846153846153,0.0,0.71629107,0.54641175,0.6362283,0.0891089108910891,0.10851,0.0,0.0461538461538459,0.0,2.14887321,1.63923525,1.9086849,0.2673267326732673,5,0
DB00178,D254400,0,train,6.0,2.0,0.075078,0.0,0.1,0.0,0.8819364,0.8947549,0.82184017,0.1323529411764706,0.450468,0.0,0.2,0.0,1.7638728,1.7895098,1.64368034,0.2647058823529412,5,0
DB00492,D239350,0,train,8.0,1.0,0.089761,0.0,0.0980392156862745,0.0,0.81283617,0.7176461,0.82149076,0.1752577319587628,0.718088,0.0,0.0980392156862745,0.0,0.81283617,0.7176461,0.82149076,0.1752577319587628,5,0
DB00569,D146850,0,train,1.0,6.0,0.24667,0.0,0.032258064516129,0.0,0.6578964,0.5292901,0.68446064,0.018450184501845,0.24667,0.0,0.1935483870967739,0.0,3.9473784,3.1757406,4.106763839999999,0.11070110701107,5,0
DB00800,D164230,0,train,8.0,2.0,0.078275,0.1818181818181818,0.0833333333333333,0.0,0.8530346,0.835984,0.76613045,0.1851851851851851,0.6262,0.3636363636363636,0.1666666666666666,0.0,1.7060692,1.671968,1.5322609,0.3703703703703702,5,0
DB00346,D138800,0,train,1.0,3.0,0.13682,0.0,0.0,0.0,0.77432114,0.6254176,0.7531382,0.128,0.13682,0.0,0.0,0.0,2.32296342,1.8762528,2.2594146,0.384,5,0
DB01170,D106400,0,train,5.0,3.0,0.15689,0.0,0.0769230769230769,0.0,0.8799716,0.8879925,0.7552655,0.116504854368932,0.78445,0.0,0.2307692307692307,0.0,2.6399148,2.6639775,2.2657965,0.349514563106796,5,0
DB00788,D600131,0,train,5.0,3.0,0.2314,0.0,0.0638297872340425,0.0,0.8691412,0.8539646,0.79068816,0.2473118279569892,1.157,0.0,0.1914893617021275,0.0,2.6074236,2.5618938,2.37206448,0.7419354838709675,5,0
DB01085,D607681,0,train,4.0,2.0,0.12113,0.0,0.135593220338983,0.0,0.8408975,0.7757279,0.7812878,0.1027397260273972,0.48452,0.0,0.271186440677966,0.0,1.681795,1.5514558,1.5625756,0.2054794520547944,5,0
DB00548,D144010,0,train,8.0,1.0,0.21908,0.0,0.0344827586206896,0.0,0.75907254,0.78388804,0.6937909,0.2352941176470588,1.75264,0.0,0.0344827586206896,0.0,0.75907254,0.78388804,0.6937909,0.2352941176470588,5,0
DB00947,D200170,0,train,11.0,0.0,0.0,0.0,0.0655737704918032,0.0,0.74183565,0.8068607,0.86710477,0.1635220125786163,0.0,0.0,0.0,0.0,0.0,0.0,0.0,0.0,5,0
DB00497,D608033,0,train,3.0,1.0,0.071478,0.0,0.1525423728813559,0.0,0.78773665,0.7609353,0.7859653,0.1271186440677966,0.214434,0.0,0.1525423728813559,0.0,0.78773665,0.7609353,0.7859653,0.1271186440677966,5,0
DB00679,D182830,0,train,2.0,2.0,0.27915,0.0,0.2727272727272727,0.0,0.85220164,0.8327416,0.72353977,0.1848739495798319,0.5583,0.0,0.5454545454545454,0.0,1.70440328,1.6654832,1.44707954,0.3697478991596638,5,0
DB00240,D238800,0,train,1.0,1.0,0.032281,0.0,0.0816326530612244,0.0,0.6592163,0.7751107,0.6177789,0.0714285714285714,0.032281,0.0,0.0816326530612244,0.0,0.6592163,0.7751107,0.6177789,0.0714285714285714,5,0
DB00686,D231090,0,train,2.0,2.0,0.055983,0.0,0.05,0.0,0.77122974,0.7364523,0.65203243,0.046875,0.111966,0.0,0.1,0.0,1.54245948,1.4729046,1.30406486,0.09375,5,0
DB01551,D134750,0,train,1.0,2.0,0.0,0.0,0.0454545454545454,0.0,0.6767039,0.6424831,0.5066983,0.0833333333333333,0.0,0.0,0.0909090909090908,0.0,1.3534078,1.2849662,1.0133966,0.1666666666666666,5,0
DB00337,D187950,0,train,1.0,3.0,0.22947,0.0,0.0975609756097561,0.0,0.6648677,0.86939514,0.7938808,0.0881057268722467,0.22947,0.0,0.2926829268292683,0.0,1.9946031,2.60818542,2.3816424,0.2643171806167401,5,0
DB05259,D600634,0,train,1.0,1.0,0.0,0.0,0.0,0.0,0.71040094,0.70041466,0.7704604,0.1235955056179775,0.0,0.0,0.0,0.0,0.71040094,0.70041466,0.7704604,0.1235955056179775,5,0
DB00268,D255900,0,train,2.0,3.0,0.16806,0.1666666666666666,0.0256410256410256,0.0,0.6691451,0.8049462,0.67312306,0.1121495327102803,0.33612,0.4999999999999998,0.0769230769230767,0.0,2.0074353,2.4148386,2.01936918,0.3364485981308409,5,0
DB00642,D602080,0,train,5.0,1.0,0.16212,0.0,0.1343283582089552,0.0,0.80187315,0.8381008,0.7680353,0.2153846153846154,0.8106,0.0,0.1343283582089552,0.0,0.80187315,0.8381008,0.7680353,0.2153846153846154,5,0
DB00659,D125310,0,train,8.0,7.0,0.23879,0.0357142857142857,0.0612244897959183,0.0,0.7048745,0.84030396,0.80811834,0.1029411764705882,1.91032,0.2499999999999999,0.428571428571428,0.0,4.9341215,5.88212772,5.65682838,0.7205882352941174,5,0
DB00399,D103780,0,train,5.0,2.0,0.11221,0.0,0.0,0.0,0.85602593,0.5034506,0.7506811,0.0705882352941176,0.56105,0.0,0.0,0.0,1.71205186,1.0069012,1.5013622,0.1411764705882352,5,0
DB03904,D132300,0,train,1.0,2.0,0.13373,0.0,0.0,0.0,0.73960817,0.562291,0.73931444,0.0394736842105263,0.13373,0.0,0.0,0.0,1.47921634,1.124582,1.47862888,0.0789473684210526,5,0
DB00245,D602068,0,train,2.0,3.0,0.0,0.0,0.0222222222222222,0.0,0.77546346,0.75632274,0.6747176,0.1463414634146341,0.0,0.0,0.0666666666666666,0.0,2.32639038,2.26896822,2.0241528,0.4390243902439023,5,0
DB01195,D131440,0,train,1.0,2.0,0.11647,0.0,0.0689655172413793,0.0,0.73116755,0.7184763,0.73370916,0.128,0.11647,0.0,0.1379310344827586,0.0,1.4623351,1.4369526,1.46741832,0.256,5,0
DB01222,D256700,0,train,4.0,3.0,0.23627,0.0,0.1358024691358024,0.0,0.79139644,0.7721403,0.8108299,0.125,0.94508,0.0,0.4074074074074072,0.0,2.37418932,2.3164209,2.4324897,0.375,5,0
DB01222,D151590,0,train,6.0,3.0,0.12645,0.0,0.0985915492957746,0.0,0.7890544,0.78079724,0.7767676,0.1452991452991453,0.7587,0.0,0.2957746478873237,0.0,2.3671632,2.34239172,2.3303028,0.4358974358974359,5,0
DB01194,D165199,0,train,6.0,1.0,0.046611,0.0,0.1044776119402985,0.0,0.79301566,0.6573653,0.8247982,0.0970149253731343,0.2796659999999999,0.0,0.1044776119402985,0.0,0.79301566,0.6573653,0.8247982,0.0970149253731343,5,0
DB00169,D144010,0,train,8.0,2.0,0.25087,0.0,0.1016949152542373,0.0,0.7824425,0.6218319,0.67953837,0.2342342342342342,2.00696,0.0,0.2033898305084746,0.0,1.564885,1.2436638,1.35907674,0.4684684684684684,5,0
DB00125,D148000,0,train,4.0,1.0,0.11155,0.0,0.03125,0.0,0.4762658,0.7186352,0.514083,0.072289156626506,0.4462,0.0,0.03125,0.0,0.4762658,0.7186352,0.514083,0.072289156626506,5,0
DB00179,D254770,0,train,0.0,0.0,0.0,0.0,0.0,0.0,0.0,0.0,0.0,0.0,0.0,0.0,0.0,0.0,0.0,0.0,0.0,0.0,5,0
DB00822,D608088,0,train,10.0,3.0,0.19732,0.0,0.2,0.0,0.81009537,0.8763281,0.7480601,0.0638297872340425,1.9732,0.0,0.6000000000000001,0.0,2.43028611,2.6289843,2.2441803,0.1914893617021275,5,0
DB01080,D212110,0,train,1.0,0.0,0.0,0.0,0.0,0.0,0.760255,0.81727445,0.74984616,0.0476190476190476,0.0,0.0,0.0,0.0,0.0,0.0,0.0,0.0,5,0
DB01080,D220120,0,train,1.0,0.0,0.0,0.0,0.09375,0.0,0.37571007,0.7824667,0.42186755,0.2558139534883721,0.0,0.0,0.0,0.0,0.0,0.0,0.0,0.0,5,0
DB00724,D146255,0,train,15.0,2.0,0.21911,0.0,0.15,0.0,0.80822074,0.8028088,0.8470131,0.2558139534883721,3.28665,0.0,0.3,0.0,1.61644148,1.6056176,1.6940262,0.5116279069767442,5,0
DB00918,D190300,0,train,4.0,0.0,0.0,0.0,0.1016949152542373,0.0,0.74837285,0.6679791,0.70485944,0.1652173913043478,0.0,0.0,0.0,0.0,0.0,0.0,0.0,0.0,5,0
DB00605,D166760,0,train,7.0,1.0,0.052649,0.125,0.375,0.0,0.93320125,0.9021318,0.8386008,0.2018348623853211,0.368543,0.125,0.375,0.0,0.93320125,0.9021318,0.8386008,0.2018348623853211,5,0
DB00328,D239350,0,train,8.0,4.0,0.10234,0.2,0.4426229508196721,0.0,0.81758285,0.77659,0.8491104,0.1981981981981982,0.81872,0.8,1.7704918032786885,0.0,3.2703314,3.10636,3.3964416,0.7927927927927928,5,0
DB02546,D171300,0,train,6.0,2.0,0.26656,0.0,0.0943396226415094,0.0,0.8020318,0.85138214,0.0,0.2068965517241379,1.59936,0.0,0.1886792452830188,0.0,1.6040636,1.70276428,0.0,0.4137931034482758,5,0
DB00881,D150600,0,train,5.0,1.0,0.019915,0.0,0.048780487804878,0.0,0.8450362,0.7722862,0.78699034,0.2033898305084746,0.099575,0.0,0.048780487804878,0.0,0.8450362,0.7722862,0.78699034,0.2033898305084746,5,0
DB00424,D246470,0,train,5.0,1.0,0.22606,0.16,0.1320754716981132,0.0,0.83484954,0.7657188,0.69520485,0.1666666666666666,1.1303,0.16,0.1320754716981132,0.0,0.83484954,0.7657188,0.69520485,0.1666666666666666,5,0
DB00755,D268220,0,train,4.0,1.0,0.15762,0.0,0.1571428571428571,0.0,0.8176707,0.8556338,0.7407555,0.1358024691358024,0.63048,0.0,0.1571428571428571,0.0,0.8176707,0.8556338,0.7407555,0.1358024691358024,5,0
DB00472,D151590,0,train,6.0,2.0,0.091703,0.0,0.2209302325581395,0.0,0.84070873,0.7607348,0.81150836,0.2285714285714285,0.5502180000000001,0.0,0.441860465116279,0.0,1.68141746,1.5214696,1.62301672,0.457142857142857,5,0
DB00007,D113610,0,train,2.0,7.0,0.12072,0.0,0.0727272727272727,0.0,0.66054803,0.7464385,0.71333086,0.1091549295774647,0.24144,0.0,0.5090909090909088,0.0,4.62383621,5.2250695,4.99331602,0.7640845070422528,5,0
DB00554,D237500,0,train,1.0,3.0,0.13351,0.0,0.0666666666666666,0.0,0.85460913,0.81373227,0.89549994,0.2222222222222222,0.13351,0.0,0.1999999999999998,0.0,2.56382739,2.44119681,2.68649982,0.6666666666666666,5,0
DB01073,D607508,0,train,1.0,3.0,0.11027,0.0,0.0175438596491228,0.0,0.5510487,0.54422194,0.58437496,0.064,0.11027,0.0,0.0526315789473684,0.0,1.6531460999999998,1.6326658200000002,1.75312488,0.192,5,0
DB00136,D212050,0,train,3.0,3.0,0.15464,0.0,0.064516129032258,0.0,0.81272036,0.82779765,0.75964475,0.1038961038961039,0.46392,0.0,0.1935483870967739,0.0,2.43816108,2.4833929500000003,2.27893425,0.3116883116883117,5,0
DB00497,D137800,0,train,1.0,1.0,0.24724,0.0,0.024390243902439,0.0,0.6872323,0.60802174,0.72226894,0.0104166666666666,0.24724,0.0,0.024390243902439,0.0,0.6872323,0.60802174,0.72226894,0.0104166666666666,5,0
DB00982,D110100,0,train,6.0,2.0,0.13083,0.0,0.0461538461538461,0.0,0.8064673,0.8762584,0.6052199,0.1239669421487603,0.78498,0.0,0.0923076923076922,0.0,1.6129346,1.7525168,1.2104398,0.2479338842975206,5,0
DB01259,D188470,0,train,1.0,1.0,0.065647,0.0,0.0,0.0,0.7312466,0.73795986,0.6750352,0.0206896551724137,0.065647,0.0,0.0,0.0,0.7312466,0.73795986,0.6750352,0.0206896551724137,5,0
DB00721,D125853,0,train,13.0,4.0,0.22802,0.04,0.1,0.0,0.7833935,0.88873196,0.8584247,0.3009708737864077,2.96426,0.16,0.4,0.0,3.133574,3.55492784,3.4336988,1.2038834951456308,5,0
DB00783,D607508,0,train,1.0,1.0,0.13675,0.0,0.0779220779220779,0.0,0.64141405,0.4759612,0.7886392,0.125,0.13675,0.0,0.0779220779220779,0.0,0.64141405,0.4759612,0.7886392,0.125,5,0
DB00992,D247200,0,train,2.0,9.0,0.29192,0.0,0.0,0.0,0.69206655,0.6753714,0.5821364,0.1267605633802817,0.58384,0.0,0.0,0.0,6.228598949999999,6.078342599999999,5.2392276,1.1408450704225352,5,0
DB00669,D166710,0,train,6.0,3.0,0.3685,0.0,0.0566037735849056,0.0,0.76693594,0.7657539,0.7344173,0.125,2.211,0.0,0.1698113207547168,0.0,2.30080782,2.2972617,2.2032519,0.375,5,0
DB01204,D607850,0,train,14.0,5.0,0.089418,0.0,0.1272727272727272,0.0,0.8413339,0.8496517,0.7680093,0.1454545454545454,1.251852,0.0,0.636363636363636,0.0,4.2066695,4.2482585,3.8400465,0.727272727272727,5,0
DB00706,D145200,0,train,1.0,1.0,0.045089,0.0,0.0,0.0,0.7805739,0.78010565,0.5805062,0.1881188118811881,0.045089,0.0,0.0,0.0,0.7805739,0.78010565,0.5805062,0.1881188118811881,5,0
DB00668,D148000,0,train,4.0,2.0,0.038263,0.5,0.1012658227848101,0.0,0.89392114,0.8532471,0.69554776,0.1923076923076923,0.153052,1.0,0.2025316455696202,0.0,1.78784228,1.7064942,1.39109552,0.3846153846153846,5,0
DB01223,D208920,0,train,2.0,2.0,0.35078,0.0,0.05,0.0,0.66822594,0.7852948,0.6338978,0.0983606557377049,0.70156,0.0,0.1,0.0,1.33645188,1.5705896,1.2677956,0.1967213114754098,5,0
DB00470,D212140,0,train,1.0,1.0,0.15006,0.0,0.1549295774647887,0.0,0.7255721,0.7654295,0.5270773,0.0956521739130434,0.15006,0.0,0.1549295774647887,0.0,0.7255721,0.7654295,0.5270773,0.0956521739130434,5,0
DB00591,D218800,0,train,1.0,1.0,0.17824,0.0,0.044776119402985,0.0,0.84266645,0.8691803,0.7932999,0.0671641791044776,0.17824,0.0,0.044776119402985,0.0,0.84266645,0.8691803,0.7932999,0.0671641791044776,5,0
DB00822,D602068,0,train,2.0,3.0,0.0,0.0,0.0816326530612244,0.0,0.7788071,0.81842124,0.78310037,0.027027027027027,0.0,0.0,0.2448979591836732,0.0,2.3364213,2.45526372,2.34930111,0.081081081081081,5,0
DB01001,D134520,0,train,1.0,1.0,0.025395,0.0,0.0,0.0,0.86174846,0.6896998,0.7840428,0.0273972602739726,0.025395,0.0,0.0,0.0,0.86174846,0.6896998,0.7840428,0.0273972602739726,5,0
DB00277,D267730,0,train,6.0,2.0,0.078586,0.0,0.127906976744186,0.0,0.8092246,0.8982274,0.7857678,0.0820895522388059,0.471516,0.0,0.255813953488372,0.0,1.6184492,1.7964548,1.5715356,0.1641791044776118,5,0
DB00679,D308350,0,train,2.0,2.0,0.27919,0.0,0.064516129032258,0.0,0.89920527,0.80301034,0.70860326,0.1604938271604938,0.55838,0.0,0.129032258064516,0.0,1.79841054,1.60602068,1.41720652,0.3209876543209876,5,0
DB00947,D189800,0,train,2.0,0.0,0.0,0.0,0.1025641025641025,0.0,0.71437657,0.76985145,0.7450544,0.1780821917808219,0.0,0.0,0.0,0.0,0.0,0.0,0.0,0.0,5,0
DB00126,D300494,0,train,3.0,3.0,0.11798,0.0,0.0625,0.0,0.64163727,0.77036333,0.7695595,0.059322033898305,0.35394,0.0,0.1875,0.0,1.92491181,2.31108999,2.3086785,0.177966101694915,5,0
DB00350,D181000,0,train,4.0,2.0,0.2366,0.1111111111111111,0.0714285714285714,0.0,0.85365874,0.7549361,0.82252634,0.1022727272727272,0.9464,0.2222222222222222,0.1428571428571428,0.0,1.70731748,1.5098722,1.64505268,0.2045454545454544,5,0
DB00499,D182280,0,train,5.0,4.0,0.06518,0.0,0.0888888888888888,0.0,0.8083328,0.8476401,0.83904135,0.1145833333333333,0.3259,0.0,0.3555555555555552,0.0,3.2333312,3.3905604,3.3561654,0.4583333333333332,5,0
DB01221,D217200,0,train,17.0,5.0,0.20697,0.2,0.1454545454545454,0.0,0.8240162,0.78230584,0.8305616,0.2027027027027027,3.51849,1.0,0.727272727272727,0.0,4.120081,3.9115292,4.152808,1.0135135135135134,5,0
DB01030,D194200,0,train,2.0,2.0,0.0,0.0,0.08,0.0,0.7002718,0.7311749,0.75426376,0.1341463414634146,0.0,0.0,0.16,0.0,1.4005436,1.4623498,1.50852752,0.2682926829268292,5,0
DB00532,D134430,0,train,2.0,1.0,0.0,0.0,0.0,0.0,0.8489874,0.76938784,0.83166826,0.1017699115044247,0.0,0.0,0.0,0.0,0.8489874,0.76938784,0.83166826,0.1017699115044247,5,0
DB00947,D247200,0,train,2.0,0.0,0.0,0.0,0.131578947368421,0.0,0.7631106,0.7065299,0.6108154,0.1242603550295858,0.0,0.0,0.0,0.0,0.0,0.0,0.0,0.0,5,0
DB01064,D143100,0,train,2.0,4.0,0.20425,0.0,0.0196078431372549,0.0,0.71929276,0.824309,0.7859045,0.1818181818181818,0.4085,0.0,0.0784313725490196,0.0,2.87717104,3.297236,3.143618,0.7272727272727272,5,0
DB01174,D233810,0,train,10.0,1.0,0.18035,0.0,0.0864197530864197,0.0,0.6961286,0.8150552,0.78501093,0.145985401459854,1.8035,0.0,0.0864197530864197,0.0,0.6961286,0.8150552,0.78501093,0.145985401459854,5,0
DB00627,D164230,0,train,8.0,5.0,0.13992,0.0,0.1392405063291139,0.0,0.7605329,0.83545536,0.80375594,0.1923076923076923,1.11936,0.0,0.6962025316455694,0.0,3.8026645,4.1772768,4.0187797,0.9615384615384616,5,0
DB00279,D212050,0,train,3.0,4.0,0.20768,0.0,0.0408163265306122,0.0,0.6881978,0.7555119,0.70809925,0.1538461538461538,0.62304,0.0,0.1632653061224488,0.0,2.7527912,3.0220476,2.832397,0.6153846153846152,5,0
DB05259,D247200,0,train,2.0,1.0,0.20346,0.0,0.0,0.0,0.74667174,0.7023492,0.6550126,0.1027397260273972,0.40692,0.0,0.0,0.0,0.74667174,0.7023492,0.6550126,0.1027397260273972,5,0
DB00764,D125853,0,train,13.0,1.0,0.18238,0.5,0.4722222222222222,0.0,0.6438332,0.83785295,0.8660613,0.4272727272727272,2.37094,0.5,0.4722222222222222,0.0,0.6438332,0.83785295,0.8660613,0.4272727272727272,5,0
DB01122,D273300,0,train,4.0,3.0,0.15802,0.0,0.0714285714285714,0.0,0.85567683,0.8609323,0.7377957,0.174496644295302,0.63208,0.0,0.2142857142857142,0.0,2.56703049,2.5827969,2.2133871000000003,0.5234899328859061,5,0
DB01296,D134430,0,train,2.0,1.0,0.0,0.0,0.0,0.0,0.6976421,0.7512456,0.8054198,0.0892857142857142,0.0,0.0,0.0,0.0,0.6976421,0.7512456,0.8054198,0.0892857142857142,5,0
DB00014,D246400,0,train,0.0,4.0,0.1932,0.0,0.0,0.0,0.0,0.0,0.0,0.0,0.0,0.0,0.0,0.0,0.0,0.0,0.0,0.0,5,0
DB00398,D125600,0,train,6.0,7.0,0.24311,0.0,0.15,0.0,0.85831,0.7674212,0.8357991,0.1555555555555555,1.45866,0.0,1.05,0.0,6.00817,5.3719484,5.8505937,1.0888888888888886,5,0
DB00596,D238800,0,train,1.0,4.0,0.11607,0.0,0.0,0.0,0.62339646,0.76669675,0.7995086,0.0703125,0.11607,0.0,0.0,0.0,2.49358584,3.066787,3.1980344,0.28125,5,0
DB00659,D263300,0,train,2.0,7.0,0.21397,0.0,0.0,0.0,0.5892903,0.7588837,0.67529815,0.0695652173913043,0.42794,0.0,0.0,0.0,4.1250321,5.3121859,4.727087050000001,0.48695652173913,5,0
DB01029,D137750,0,train,9.0,2.0,0.074031,0.0,0.1818181818181818,0.0,0.9091234,0.891859,0.78144675,0.1984732824427481,0.666279,0.0,0.3636363636363636,0.0,1.8182468,1.783718,1.5628935,0.3969465648854962,5,0
DB01042,D194200,0,train,2.0,3.0,0.17454,0.0,0.0204081632653061,0.0,0.68193436,0.8128987,0.5562222,0.1176470588235294,0.34908,0.0,0.0612244897959183,0.0,2.04580308,2.4386961,1.6686666,0.3529411764705882,5,0
DB00917,D607685,0,train,1.0,1.0,0.16204,0.0,0.0,0.0,0.6207911,0.7160904,0.64679796,0.08130081300813,0.16204,0.0,0.0,0.0,0.6207911,0.7160904,0.64679796,0.08130081300813,5,0
DB01068,D256700,0,train,4.0,2.0,0.17785,0.0,0.1372549019607843,0.0,0.8023507,0.81025034,0.7614131,0.2921348314606741,0.7114,0.0,0.2745098039215686,0.0,1.6047014,1.62050068,1.5228262,0.5842696629213482,5,0
DB00959,D300232,0,train,1.0,1.0,0.08093,0.0,0.0394736842105263,0.0,0.7587714,0.8407621,0.7087451,0.110091743119266,0.08093,0.0,0.0394736842105263,0.0,0.7587714,0.8407621,0.7087451,0.110091743119266,5,0
DB00686,D188050,0,train,4.0,2.0,0.13818,0.0,0.081081081081081,0.0,0.79154253,0.764387,0.6866805,0.0747126436781609,0.55272,0.0,0.162162162162162,0.0,1.58308506,1.528774,1.373361,0.1494252873563218,5,0
DB00537,D601367,0,train,4.0,6.0,0.12976,0.0,0.0895522388059701,0.0,0.70664537,0.6563693,0.7522125,0.1711711711711711,0.51904,0.0,0.5373134328358207,0.0,4.2398722200000005,3.9382158,4.513275,1.0270270270270263,5,0
DB00580,D134500,0,train,0.0,1.0,0.14012,0.0,0.0,0.0,0.0,0.0,0.0,0.0,0.0,0.0,0.0,0.0,0.0,0.0,0.0,0.0,5,0
DB03904,D263300,0,train,2.0,2.0,0.056341,0.0,0.0277777777777777,0.0,0.7883383,0.6337577,0.8209882,0.03,0.112682,0.0,0.0555555555555554,0.0,1.5766766,1.2675154,1.6419764,0.06,5,0
DB01217,D158280,0,train,2.0,8.0,0.14686,0.0,0.109375,0.0,0.6489374,0.7566735,0.6746728,0.0849056603773584,0.29372,0.0,0.875,0.0,5.1914992,6.053388,5.3973824,0.6792452830188672,5,0
DB01255,D107550,0,train,1.0,2.0,0.12382,0.0,0.1372549019607843,0.0,0.68981236,0.8731438,0.75570107,0.2298850574712643,0.12382,0.0,0.2745098039215686,0.0,1.37962472,1.7462876,1.51140214,0.4597701149425286,5,0
DB01320,D115300,0,train,1.0,0.0,0.0,0.0,0.0172413793103448,0.0,0.7401002,0.68878865,0.0,0.1698113207547169,0.0,0.0,0.0,0.0,0.0,0.0,0.0,0.0,5,0
DB05259,D275000,0,train,3.0,1.0,0.24049,0.0,0.0,0.0,0.85252655,0.7042072,0.79478294,0.1818181818181818,0.7214700000000001,0.0,0.0,0.0,0.85252655,0.7042072,0.79478294,0.1818181818181818,5,0
DB00160,D150600,0,train,5.0,1.0,0.19572,0.0,0.0,0.0,0.59712,0.6894975,0.5536823,0.1515151515151515,0.9786,0.0,0.0,0.0,0.59712,0.6894975,0.5536823,0.1515151515151515,5,0
DB01101,D145590,0,train,19.0,2.0,0.15366,0.0,0.2142857142857142,0.0,0.8946598,0.837206,0.9107296,0.1610169491525423,2.91954,0.0,0.4285714285714284,0.0,1.7893196,1.674412,1.8214592,0.3220338983050846,5,0
DB00707,D147530,0,train,60.0,2.0,0.070988,0.0,0.0571428571428571,0.0,0.89097035,0.79820335,0.7614305,0.1211267605633802,4.25928,0.0,0.1142857142857142,0.0,1.7819407,1.5964067,1.522861,0.2422535211267604,5,0
DB01204,D157700,0,train,8.0,5.0,0.19561,0.0,0.2758620689655172,0.0,0.81526697,0.8358833,0.6827969,0.1259842519685039,1.56488,0.0,1.379310344827586,0.0,4.07633485,4.1794165,3.4139845,0.6299212598425196,5,0
DB01551,D212130,0,train,1.0,2.0,0.0,0.0,0.0975609756097561,0.0,0.7496919,0.43790227,0.6287087,0.1136363636363636,0.0,0.0,0.1951219512195122,0.0,1.4993838,0.87580454,1.2574174,0.2272727272727272,5,0
DB01008,D131200,0,train,9.0,5.0,0.020203,0.0,0.06,0.0,0.77495074,0.69465363,0.7390091,0.09,0.181827,0.0,0.3,0.0,3.8747537,3.47326815,3.6950455,0.4499999999999999,5,0
DB01189,D605839,0,train,6.0,1.0,0.0,0.0,0.1176470588235294,0.0,0.7313832,0.7727454,0.73443127,0.0761904761904762,0.0,0.0,0.1176470588235294,0.0,0.7313832,0.7727454,0.73443127,0.0761904761904762,5,0
DB01193,D102400,0,train,1.0,4.0,0.045371,0.0,0.0,0.0,0.7583072,0.61092496,0.57900673,0.0549450549450549,0.045371,0.0,0.0,0.0,3.0332288,2.44369984,2.31602692,0.2197802197802196,5,0
DB00691,D154276,0,train,1.0,5.0,0.18033,0.0,0.0204081632653061,0.0,0.7059306,0.80383855,0.7159482,0.1188811188811188,0.18033,0.0,0.1020408163265305,0.0,3.529653,4.01919275,3.5797410000000003,0.5944055944055939,5,0
DB04861,D134500,0,train,0.0,1.0,0.084372,0.0,0.0,0.0,0.0,0.0,0.0,0.0,0.0,0.0,0.0,0.0,0.0,0.0,0.0,0.0,5,0
DB00346,D126200,0,train,10.0,3.0,0.19278,0.0,0.1555555555555555,0.0,0.82974774,0.8142609,0.8560142,0.1621621621621621,1.9278,0.0,0.4666666666666665,0.0,2.48924322,2.4427827,2.5680426,0.4864864864864863,5,0
DB00657,D264120,0,train,8.0,1.0,0.20823,0.0,0.08,0.0,0.8378342,0.8562405,0.8516872,0.1125,1.66584,0.0,0.08,0.0,0.8378342,0.8562405,0.8516872,0.1125,5,0
DB00324,D241100,0,train,2.0,2.0,0.13503,0.0,0.05,0.0,0.82138526,0.80050665,0.7496252,0.0748299319727891,0.27006,0.0,0.1,0.0,1.64277052,1.6010133,1.4992504,0.1496598639455782,5,0
DB00524,D247200,0,train,2.0,1.0,0.063995,0.0,0.0232558139534883,0.0,0.8162421,0.6647029,0.73806787,0.1015625,0.12799,0.0,0.0232558139534883,0.0,0.8162421,0.6647029,0.73806787,0.1015625,5,0
DB00749,D107320,0,train,1.0,1.0,0.090642,0.3333333333333333,0.4285714285714285,0.0,0.8991211,0.7009967,0.70064336,0.1808510638297872,0.090642,0.3333333333333333,0.4285714285714285,0.0,0.8991211,0.7009967,0.70064336,0.1808510638297872,5,0
DB00727,D600803,0,train,0.0,4.0,0.21126,0.0,0.0,0.0,0.0,0.0,0.0,0.0,0.0,0.0,0.0,0.0,0.0,0.0,0.0,0.0,5,0
DB00325,D102400,0,train,1.0,2.0,0.1206,0.0,0.0,0.0,0.8004456,0.5947385,0.5157019,0.0158730158730158,0.1206,0.0,0.0,0.0,1.6008912,1.189477,1.0314038,0.0317460317460316,5,0
DB00422,D107550,0,train,1.0,3.0,0.1606,0.25,0.1372549019607843,0.0,0.72567236,0.82347417,0.708442,0.2560975609756097,0.1606,0.75,0.4117647058823529,0.0,2.17701708,2.47042251,2.1253260000000003,0.7682926829268291,5,0
DB00788,D115300,0,train,1.0,3.0,0.18427,0.0,0.0172413793103448,0.0,0.71714246,0.7623881,0.0,0.1348314606741573,0.18427,0.0,0.0517241379310344,0.0,2.1514273800000003,2.2871643,0.0,0.4044943820224719,5,0
DB00758,D237450,0,train,0.0,2.0,0.1204,0.0,0.0,0.0,0.0,0.0,0.0,0.0,0.0,0.0,0.0,0.0,0.0,0.0,0.0,0.0,5,0
DB00178,D255900,0,train,2.0,2.0,0.16109,0.0,0.0,0.0,0.8142592,0.76766336,0.76872474,0.1461538461538461,0.32218,0.0,0.0,0.0,1.6285184,1.53532672,1.53744948,0.2923076923076922,5,0
DB00851,D226000,0,train,0.0,2.0,0.0,0.0,0.0,0.0,0.0,0.0,0.0,0.0,0.0,0.0,0.0,0.0,0.0,0.0,0.0,0.0,5,0
DB00691,D146255,0,train,15.0,5.0,0.38439,0.5,0.7,0.0,0.87637806,0.8905339,0.8387277,0.5333333333333333,5.76585,2.5,3.5,0.0,4.3818903,4.4526695,4.1936385,2.6666666666666665,5,0
DB00252,D600631,0,train,2.0,3.0,0.0,0.0232558139534883,0.0256410256410256,0.0,0.70397425,0.60482633,0.76604337,0.1255411255411255,0.0,0.0697674418604649,0.0769230769230767,0.0,2.11192275,1.81447899,2.29813011,0.3766233766233765,5,0
DB00586,D148000,0,train,4.0,1.0,0.17661,0.0,0.0697674418604651,0.0,0.8733406,0.8417144,0.7667052,0.28,0.70644,0.0,0.0697674418604651,0.0,0.8733406,0.8417144,0.7667052,0.28,5,0
DB00451,D200170,0,train,11.0,1.0,0.049705,0.0,0.046875,0.0,0.72675526,0.7224901,0.8121862,0.1566265060240964,0.546755,0.0,0.046875,0.0,0.72675526,0.7224901,0.8121862,0.1566265060240964,5,0
DB00712,D212050,0,train,3.0,1.0,0.06568,0.0,0.0677966101694915,0.0,0.84326094,0.8015074,0.7531906,0.2,0.19704,0.0,0.0677966101694915,0.0,0.84326094,0.8015074,0.7531906,0.2,5,0
DB01118,D134750,0,train,1.0,1.0,0.1107,0.0,0.0263157894736842,0.0,0.78047043,0.74430805,0.5964235,0.0763358778625954,0.1107,0.0,0.0263157894736842,0.0,0.78047043,0.74430805,0.5964235,0.0763358778625954,5,0
DB00527,D601608,0,train,2.0,1.0,0.066014,0.0,0.0862068965517241,0.0,0.6862212,0.73985,0.64198714,0.4204545454545454,0.132028,0.0,0.0862068965517241,0.0,0.6862212,0.73985,0.64198714,0.4204545454545454,5,0
DB00800,D144650,0,train,3.0,2.0,0.21831,0.0,0.0638297872340425,0.0,0.7636922,0.70283747,0.65927315,0.1111111111111111,0.65493,0.0,0.127659574468085,0.0,1.5273844,1.40567494,1.3185463,0.2222222222222222,5,0
DB00563,D109800,0,train,5.0,6.0,0.090282,0.0,0.1964285714285714,0.0,0.7656419,0.78884566,0.7953063,0.175438596491228,0.45141,0.0,1.1785714285714284,0.0,4.5938514,4.7330739600000005,4.7718378,1.052631578947368,5,0
DB00659,D606842,0,train,1.0,7.0,0.24082,0.0,0.0,0.0,0.6647353,0.7608743,0.60239184,0.0975609756097561,0.24082,0.0,0.0,0.0,4.6531471,5.3261201,4.21674288,0.6829268292682927,5,0
DB00795,D109800,0,train,5.0,2.0,0.24518,0.0,0.0816326530612244,0.0,0.83814996,0.79650915,0.6883683,0.3034482758620689,1.2259,0.0,0.1632653061224488,0.0,1.67629992,1.5930183,1.3767366,0.6068965517241378,5,0
DB01062,D137750,0,train,9.0,1.0,0.12296,0.75,0.1372549019607843,0.0,0.7440427,0.85540706,0.83120096,0.4020618556701031,1.10664,0.75,0.1372549019607843,0.0,0.7440427,0.85540706,0.83120096,0.4020618556701031,5,0
DB01069,D217200,0,train,17.0,2.0,0.32505,0.0884955752212389,0.1666666666666666,0.0,0.77950084,0.85379773,0.8544375,0.3734939759036144,5.52585,0.1769911504424778,0.3333333333333332,0.0,1.55900168,1.70759546,1.708875,0.7469879518072288,5,0
DB00806,D114480,0,train,14.0,4.0,0.24616,0.125,0.1052631578947368,0.0,0.84613335,0.6926231,0.8238186,0.136,3.44624,0.5,0.4210526315789472,0.0,3.3845334,2.7704924,3.2952744,0.544,5,0
DB01267,D102500,0,train,12.0,2.0,0.13713,0.1111111111111111,0.0985915492957746,0.0,0.8295138,0.7511084,0.793963,0.1804511278195488,1.64556,0.2222222222222222,0.1971830985915492,0.0,1.6590276,1.5022168,1.587926,0.3609022556390976,5,0
DB00570,D167870,0,train,12.0,8.0,0.24283,0.0,0.1454545454545454,0.0,0.9285488,0.80631727,0.75781894,0.1778846153846154,2.91396,0.0,1.1636363636363631,0.0,7.4283904,6.45053816,6.06255152,1.4230769230769231,5,0
DB00282,D243200,0,train,1.0,6.0,0.15289,0.0,0.0,0.0,0.80240285,0.6111498,0.65272284,0.0597014925373134,0.15289,0.0,0.0,0.0,4.8144171,3.6668988,3.91633704,0.3582089552238804,5,0
DB00947,D268320,0,train,1.0,0.0,0.0,0.1428571428571428,0.2166666666666666,0.0,0.845253,0.7033618,0.54732525,0.3790322580645161,0.0,0.0,0.0,0.0,0.0,0.0,0.0,0.0,5,0
DB00820,D157300,0,train,22.0,1.0,0.12774,0.0571428571428571,0.109090909090909,0.0,0.8946851,0.8494976,0.8510434,0.2558139534883721,2.81028,0.0571428571428571,0.109090909090909,0.0,0.8946851,0.8494976,0.8510434,0.2558139534883721,5,0
DB01151,D277350,0,train,2.0,2.0,0.27475,0.0,0.0579710144927536,0.0,0.62284386,0.7738831,0.55806637,0.1894736842105263,0.5495,0.0,0.1159420289855072,0.0,1.24568772,1.5477662,1.11613274,0.3789473684210526,5,0
DB00554,D114480,0,train,14.0,3.0,0.20577,0.0689655172413793,0.3275862068965517,0.0,0.8568907,0.8836032,0.8465588,0.256198347107438,2.88078,0.2068965517241379,0.9827586206896552,0.0,2.5706721,2.6508096,2.5396764,0.7685950413223139,5,0
DB00136,D171300,0,train,6.0,3.0,0.25875,0.0,0.1698113207547169,0.0,0.85931396,0.81845534,0.6961842,0.1629629629629629,1.5524999999999998,0.0,0.5094339622641506,0.0,2.57794188,2.45536602,2.0885526,0.4888888888888887,5,0
DB00218,D203700,0,train,4.0,1.0,0.10857,0.2,0.0784313725490196,0.0,0.78970313,0.8429524,0.7695391,0.1572327044025157,0.43428,0.2,0.0784313725490196,0.0,0.78970313,0.8429524,0.7695391,0.1572327044025157,5,0
DB00535,D260970,0,train,3.0,3.0,0.30472,0.0,0.037037037037037,0.0,0.66476095,0.7734114,0.6698014,0.0689655172413793,0.91416,0.0,0.111111111111111,0.0,1.99428285,2.3202342,2.0094042,0.2068965517241379,5,0
DB00181,D109800,0,train,5.0,8.0,0.10827,0.0,0.1842105263157894,0.0,0.8498933,0.8007587,0.8133408,0.1639344262295081,0.54135,0.0,1.4736842105263153,0.0,6.7991464,6.4060696,6.5067264,1.3114754098360648,5,0
DB00559,D144110,0,train,5.0,15.0,0.15709,0.0,0.075,0.0,0.7617147,0.8214506,0.83522177,0.1925925925925926,0.78545,0.0,1.125,0.0,11.4257205,12.321759,12.52832655,2.888888888888889,5,0
DB00998,D109100,0,train,7.0,4.0,0.19666,0.0,0.0727272727272727,0.0,0.8535251,0.84777445,0.8403435,0.1772151898734177,1.37662,0.0,0.2909090909090908,0.0,3.4141004,3.3910978,3.361374,0.7088607594936708,5,0
DB00126,D256700,0,train,4.0,3.0,0.19449,0.0,0.0204081632653061,0.0,0.46897697,0.7462116,0.69232523,0.0769230769230769,0.77796,0.0,0.0612244897959183,0.0,1.40693091,2.2386348,2.0769756900000003,0.2307692307692307,5,0
DB01221,D134520,0,train,1.0,5.0,0.15605,0.0,0.0869565217391304,0.0,0.7305659,0.70446104,0.7893459,0.0714285714285714,0.15605,0.0,0.434782608695652,0.0,3.6528295,3.5223052,3.9467295,0.357142857142857,5,0
DB00672,D308600,0,train,0.0,3.0,0.099928,0.0,0.0,0.0,0.0,0.0,0.0,0.0,0.0,0.0,0.0,0.0,0.0,0.0,0.0,0.0,5,0
DB01045,D210050,0,train,9.0,8.0,0.20482,0.0,0.09,0.0,0.8682741,0.8643731,0.7447214,0.2358490566037736,1.84338,0.0,0.72,0.0,6.9461928,6.9149848,5.9577712,1.8867924528301887,5,0
DB01170,D134510,0,train,1.0,3.0,0.068543,0.0,0.0,0.0,0.86569047,0.80817115,0.76032865,0.1111111111111111,0.068543,0.0,0.0,0.0,2.59707141,2.42451345,2.2809859500000003,0.3333333333333333,5,0
DB01133,D266600,0,train,7.0,3.0,0.29817,0.0,0.1111111111111111,0.0,0.78823984,0.6200532,0.7724849,0.1686746987951807,2.08719,0.0,0.3333333333333333,0.0,2.36471952,1.8601596,2.3174547,0.5060240963855421,5,0
DB00126,D143465,0,train,13.0,3.0,0.24538,0.0,0.0327868852459016,0.0,0.61652976,0.8337028,0.7922948,0.1238095238095238,3.18994,0.0,0.0983606557377048,0.0,1.84958928,2.5011084,2.3768844,0.3714285714285714,5,0
DB01367,D104130,0,train,8.0,1.0,0.15233,0.0,0.0689655172413793,0.0,0.86455935,0.8773221,0.80670893,0.1481481481481481,1.21864,0.0,0.0689655172413793,0.0,0.86455935,0.8773221,0.80670893,0.1481481481481481,5,0
DB01268,D189800,0,train,2.0,2.0,0.27376,0.0,0.125,0.0,0.8210822,0.8480717,0.5901128,0.1311475409836065,0.54752,0.0,0.25,0.0,1.6421644,1.6961434,1.1802256,0.262295081967213,5,0
DB00591,D145590,0,train,19.0,1.0,0.081468,0.1,0.1627906976744186,0.0,0.87414056,0.87440634,0.8075284,0.2164179104477611,1.547892,0.1,0.1627906976744186,0.0,0.87414056,0.87440634,0.8075284,0.2164179104477611,5,0
DB00868,D109543,0,train,10.0,3.0,0.05823,0.0,0.05,0.0,0.82598245,0.7457318,0.7927731,0.1028571428571428,0.5822999999999999,0.0,0.15,0.0,2.47794735,2.2371954,2.3783193,0.3085714285714284,5,0
DB00471,D187950,0,train,1.0,6.0,0.17711,0.0,0.0727272727272727,0.0,0.86080706,0.63401127,0.7089046,0.192090395480226,0.17711,0.0,0.4363636363636362,0.0,5.16484236,3.80406762,4.2534276,1.152542372881356,5,0
DB00580,D277460,0,train,2.0,1.0,0.33033,0.0,0.0545454545454545,0.0,0.8006424,0.83931965,0.71266186,0.0656934306569343,0.66066,0.0,0.0545454545454545,0.0,0.8006424,0.83931965,0.71266186,0.0656934306569343,5,0
DB01128,D148100,0,train,1.0,3.0,0.059297,0.0,0.2054794520547945,0.0,0.7145342,0.7968196,0.7468063,0.1858974358974359,0.059297,0.0,0.6164383561643836,0.0,2.1436026,2.3904588,2.2404189,0.5576923076923077,5,0
DB01221,D605839,0,train,6.0,5.0,0.143,0.1470588235294117,0.1159420289855072,0.0,0.85517293,0.7554469,0.77899444,0.1971830985915492,0.8579999999999999,0.7352941176470584,0.579710144927536,0.0,4.27586465,3.7772345,3.8949722,0.985915492957746,5,0
DB01400,D138800,0,train,1.0,0.0,0.0,0.0,0.0,0.0,0.74985176,0.6123817,0.7779732,0.1555555555555555,0.0,0.0,0.0,0.0,0.0,0.0,0.0,0.0,5,0
DB00573,D147540,0,train,8.0,7.0,0.086915,0.0,0.02,0.0,0.8442295,0.87801594,0.85548013,0.2150537634408602,0.69532,0.0,0.14,0.0,5.9096065,6.14611158,5.98836091,1.5053763440860213,5,0
DB00211,D600351,0,train,16.0,1.0,0.0,0.375,0.3333333333333333,0.0,0.91413283,0.88681877,0.74120927,0.2560975609756097,0.0,0.375,0.3333333333333333,0.0,0.91413283,0.88681877,0.74120927,0.2560975609756097,5,0
DB00953,D601626,0,train,9.0,2.0,0.021173,0.0344827586206896,0.1375,0.0,0.7765116,0.79102254,0.81860054,0.1782178217821782,0.190557,0.0689655172413792,0.275,0.0,1.5530232,1.58204508,1.63720108,0.3564356435643564,5,0
DB00929,D212350,0,train,2.0,1.0,0.17926,0.0,0.0,0.0,0.7555004,0.78986835,0.8011547,0.059322033898305,0.35852,0.0,0.0,0.0,0.7555004,0.78986835,0.8011547,0.059322033898305,5,0
DB09026,D604278,0,train,1.0,2.0,0.12785,0.0,0.0,0.0,0.77436286,0.5293251,0.67041427,0.0566037735849056,0.12785,0.0,0.0,0.0,1.54872572,1.0586502,1.34082854,0.1132075471698112,5,0
DB00181,D261515,0,train,1.0,8.0,0.28145,0.0,0.0909090909090909,0.0,0.35439512,0.6539677,0.51451874,0.1590909090909091,0.28145,0.0,0.7272727272727272,0.0,2.83516096,5.2317416,4.11614992,1.2727272727272727,5,0
DB01579,D607631,0,train,4.0,2.0,0.019167,0.25,0.1176470588235294,0.0,0.76770073,0.8372661,0.72809976,0.1595744680851064,0.076668,0.5,0.2352941176470588,0.0,1.53540146,1.6745322,1.45619952,0.3191489361702128,5,0
DB00573,D208085,0,train,1.0,7.0,0.14989,0.0,0.0491803278688524,0.0,0.9035032,0.7716198,0.9229212,0.35,0.14989,0.0,0.3442622950819668,0.0,6.324522399999999,5.4013386,6.4604484,2.45,5,0
DB00331,D134520,0,train,1.0,3.0,0.083568,0.0,0.0,0.0,0.73057854,0.8066151,0.75711924,0.04,0.083568,0.0,0.0,0.0,2.19173562,2.4198453,2.27135772,0.12,5,0
DB00635,D102500,0,train,12.0,1.0,0.039207,0.0,0.1111111111111111,0.5,0.84029067,0.8434578,0.8251746,0.2522522522522522,0.470484,0.0,0.1111111111111111,0.5,0.84029067,0.8434578,0.8251746,0.2522522522522522,5,0
DB00564,D109350,0,train,11.0,1.0,0.0,0.0,0.1525423728813559,0.0,0.8191783,0.8662194,0.8383815,0.2477064220183486,0.0,0.0,0.1525423728813559,0.0,0.8191783,0.8662194,0.8383815,0.2477064220183486,5,0
DB00544,D308205,0,train,2.0,2.0,0.1097,0.0,0.0,0.0,0.7822849,0.7942585,0.70679915,0.0512820512820512,0.2194,0.0,0.0,0.0,1.5645698,1.588517,1.4135983,0.1025641025641024,5,0
DB00820,D144010,0,train,8.0,1.0,0.28327,0.0,0.1111111111111111,0.0,0.88599527,0.80684644,0.7314978,0.1843971631205673,2.26616,0.0,0.1111111111111111,0.0,0.88599527,0.80684644,0.7314978,0.1843971631205673,5,0
DB01232,D145200,0,train,1.0,2.0,0.0,0.0,0.0,0.0,0.67025286,0.5318669,0.74543226,0.1392405063291139,0.0,0.0,0.0,0.0,1.34050572,1.0637338,1.49086452,0.2784810126582278,5,0
DB01255,D147530,0,train,60.0,2.0,0.087523,0.0,0.2115384615384615,0.0,0.83229744,0.8965407,0.88405246,0.238095238095238,5.25138,0.0,0.423076923076923,0.0,1.66459488,1.7930814,1.76810492,0.476190476190476,5,0
DB00222,D206200,0,train,2.0,4.0,0.22693,0.0,0.0444444444444444,0.0,0.7483972,0.769354,0.66307724,0.2013422818791946,0.45386,0.0,0.1777777777777776,0.0,2.9935888,3.077416,2.65230896,0.8053691275167784,5,0
DB00904,D203700,0,train,4.0,4.0,0.15594,0.0,0.108695652173913,0.0,0.8424006,0.86308527,0.7163397,0.2441860465116279,0.62376,0.0,0.434782608695652,0.0,3.3696024,3.45234108,2.8653588,0.9767441860465116,5,0
DB00346,D145200,0,train,1.0,3.0,0.1496,0.0,0.0,0.0,0.8440529,0.7541159,0.7581879,0.0803571428571428,0.1496,0.0,0.0,0.0,2.5321587,2.2623477,2.2745637,0.2410714285714283,5,0
DB01124,D260970,0,train,3.0,1.0,0.042682,0.0,0.0588235294117647,0.0,0.76412153,0.77566403,0.73445743,0.1584158415841584,0.128046,0.0,0.0588235294117647,0.0,0.76412153,0.77566403,0.73445743,0.1584158415841584,5,0
DB00787,D208550,0,train,27.0,11.0,0.17964,0.0,0.1388888888888889,0.0,0.82228184,0.77467,0.74832296,0.1594202898550724,4.85028,0.0,1.527777777777778,0.0,9.04510024,8.52137,8.231552559999999,1.7536231884057965,5,0
DB00010,D188050,0,train,4.0,1.0,0.10704,0.0,0.025,0.0,0.61695975,0.6279495,0.6570436,0.0625909752547307,0.42816,0.0,0.025,0.0,0.61695975,0.6279495,0.6570436,0.0625909752547307,5,0
DB00861,D243200,0,train,1.0,3.0,0.074272,0.0,0.0784313725490196,0.0,0.7966737,0.79596025,0.70068514,0.141025641025641,0.074272,0.0,0.2352941176470588,0.0,2.3900211,2.38788075,2.10205542,0.423076923076923,5,0
DB00820,D176800,0,train,1.0,1.0,0.0,0.0,0.0704225352112676,0.0,0.81104875,0.6858639,0.7055521,0.1860465116279069,0.0,0.0,0.0704225352112676,0.0,0.81104875,0.6858639,0.7055521,0.1860465116279069,5,0
DB00458,D206200,0,train,2.0,2.0,0.0,0.12,0.1931818181818181,0.0,0.86539435,0.7597046,0.7556655,0.2586206896551724,0.0,0.24,0.3863636363636362,0.0,1.7307887,1.5194092,1.511331,0.5172413793103448,5,0
DB01070,D151590,0,train,6.0,1.0,0.068956,0.0,0.0,0.0,0.46745807,0.8441359,0.71549284,0.1017964071856287,0.413736,0.0,0.0,0.0,0.46745807,0.8441359,0.71549284,0.1017964071856287,5,0
DB00586,D146110,0,train,1.0,1.0,0.12182,0.0,0.0375,0.0,0.7439447,0.8535812,0.61334795,0.1982758620689655,0.12182,0.0,0.0375,0.0,0.7439447,0.8535812,0.61334795,0.1982758620689655,5,0
DB00169,D275000,0,train,3.0,2.0,0.3076,0.0,0.109375,0.0,0.79324734,0.5874388,0.6551109,0.0837988826815642,0.9228,0.0,0.21875,0.0,1.58649468,1.1748776,1.3102218,0.1675977653631284,5,0
DB00227,D607628,0,train,4.0,1.0,0.059054,0.0,0.145631067961165,0.0,0.79445875,0.6995607,0.7947345,0.1637426900584795,0.236216,0.0,0.145631067961165,0.0,0.79445875,0.6995607,0.7947345,0.1637426900584795,5,0
DB00771,D165720,0,train,15.0,3.0,0.13118,0.125,0.1590909090909091,0.0,0.8942683,0.7978623,0.83904135,0.3577981651376147,1.9677,0.375,0.4772727272727273,0.0,2.6828049,2.3935869,2.51712405,1.073394495412844,5,0
DB00992,D128101,0,train,2.0,9.0,0.21852,0.0,0.0727272727272727,0.0,0.5902847,0.62792885,0.55665743,0.1228070175438596,0.43704,0.0,0.6545454545454543,0.0,5.3125623,5.65135965,5.00991687,1.1052631578947365,5,0
DB00958,D208085,0,train,1.0,3.0,0.15264,0.0,0.0,0.0,0.6531908,0.48398837,0.607237,0.0,0.15264,0.0,0.0,0.0,1.9595724,1.45196511,1.821711,0.0,5,0
DB01203,D239350,0,train,8.0,8.0,0.093903,0.5,0.1272727272727272,0.0,0.80457735,0.80710536,0.8150654,0.1919191919191919,0.751224,4.0,1.0181818181818176,0.0,6.4366188,6.45684288,6.5205232,1.5353535353535352,5,0
DB00125,D231900,0,train,1.0,1.0,0.17908,0.0,0.048780487804878,0.0,0.6225933,0.7137148,0.62316453,0.0648148148148148,0.17908,0.0,0.048780487804878,0.0,0.6225933,0.7137148,0.62316453,0.0648148148148148,5,0
DB01157,D260480,0,train,1.0,1.0,0.016741,0.0,0.0238095238095238,0.0,0.82769984,0.8379943,0.68186116,0.0211267605633802,0.016741,0.0,0.0238095238095238,0.0,0.82769984,0.8379943,0.68186116,0.0211267605633802,5,0
DB01039,D212050,0,train,3.0,1.0,0.11132,0.0,0.1818181818181818,0.0,0.7947719,0.7484952,0.72834,0.1729323308270676,0.33396,0.0,0.1818181818181818,0.0,0.7947719,0.7484952,0.72834,0.1729323308270676,5,0
DB01170,D602068,0,train,2.0,3.0,0.14846,0.0,0.054054054054054,0.0,0.8645224,0.8191951,0.83354867,0.087378640776699,0.29692,0.0,0.162162162162162,0.0,2.5935672,2.4575853,2.50064601,0.262135922330097,5,0
DB01202,D208750,0,train,1.0,5.0,0.25738,0.0,0.0,0.0,0.7832154,0.53682125,0.7650665,0.0806451612903225,0.25738,0.0,0.0,0.0,3.916077,2.68410625,3.8253325,0.4032258064516125,5,0
DB00604,D143100,0,train,2.0,6.0,0.38525,0.0,0.0363636363636363,0.0,0.77143496,0.5367448,0.8062474,0.1636363636363636,0.7705,0.0,0.2181818181818178,0.0,4.62860976,3.2204688,4.837484399999999,0.9818181818181816,5,0
DB00993,D230800,0,train,1.0,1.0,0.14379,0.0,0.0526315789473684,0.0,0.6539292,0.70711386,0.6170409,0.0648148148148148,0.14379,0.0,0.0526315789473684,0.0,0.6539292,0.70711386,0.6170409,0.0648148148148148,5,0
DB00993,D175100,0,train,1.0,1.0,0.080982,0.0,0.0161290322580645,0.0,0.7458126,0.5339556,0.65704,0.0827067669172932,0.080982,0.0,0.0161290322580645,0.0,0.7458126,0.5339556,0.65704,0.0827067669172932,5,0
DB00810,D165720,0,train,15.0,1.0,0.14691,0.125,0.2558139534883721,0.0,0.81464404,0.8272742,0.81401455,0.2589285714285714,2.20365,0.125,0.2558139534883721,0.0,0.81464404,0.8272742,0.81401455,0.2589285714285714,5,0
DB00596,D104130,0,train,8.0,4.0,0.24752,0.0,0.0327868852459016,0.0,0.7767484,0.83381283,0.817683,0.1063829787234042,1.98016,0.0,0.1311475409836064,0.0,3.1069936,3.33525132,3.270732,0.4255319148936168,5,0
DB00889,D150699,0,train,1.0,1.0,0.024748,0.0,0.0384615384615384,0.0,0.7905341,0.69797933,0.6692442,0.12,0.024748,0.0,0.0384615384615384,0.0,0.7905341,0.69797933,0.6692442,0.12,5,0
DB00014,D184700,0,train,4.0,4.0,0.3282,0.0,0.0232558139534883,0.0,0.7378191,0.85667086,0.60385734,0.099644128113879,1.3128,0.0,0.0930232558139532,0.0,2.9512764,3.42668344,2.41542936,0.398576512455516,5,0
DB00764,D238800,0,train,1.0,1.0,0.050229,0.0,0.1016949152542373,0.0,0.47423765,0.75249785,0.7453617,0.0714285714285714,0.050229,0.0,0.1016949152542373,0.0,0.47423765,0.75249785,0.7453617,0.0714285714285714,5,0
DB00497,D137400,0,train,0.0,1.0,0.0,0.0,0.0,0.0,0.0,0.0,0.0,0.0,0.0,0.0,0.0,0.0,0.0,0.0,0.0,0.0,5,0
DB00905,D151400,0,train,3.0,1.0,0.0,0.0,0.044776119402985,0.0,0.7839973,0.60740185,0.67679656,0.1582278481012658,0.0,0.0,0.044776119402985,0.0,0.7839973,0.60740185,0.67679656,0.1582278481012658,5,0
DB00640,D600631,0,train,2.0,1.0,0.0,0.0,0.0416666666666666,0.0,0.8037179,0.54885495,0.77325964,0.081081081081081,0.0,0.0,0.0416666666666666,0.0,0.8037179,0.54885495,0.77325964,0.081081081081081,5,0
DB00549,D304790,0,train,8.0,1.0,0.32352,0.0,0.0987654320987654,0.0,0.86023366,0.787222,0.76364243,0.19375,2.58816,0.0,0.0987654320987654,0.0,0.86023366,0.787222,0.76364243,0.19375,5,0
DB00813,D167320,0,train,6.0,6.0,0.2036,0.0,0.072289156626506,0.0,0.8032359,0.8530228,0.7483518,0.1788617886178861,1.2216,0.0,0.433734939759036,0.0,4.8194154000000005,5.1181368,4.4901108,1.0731707317073167,5,0
DB01400,D237450,0,train,0.0,0.0,0.0,0.0,0.0,0.0,0.0,0.0,0.0,0.0,0.0,0.0,0.0,0.0,0.0,0.0,0.0,0.0,5,0
DB00583,D607681,0,train,4.0,2.0,0.23627,0.0,0.064516129032258,0.0,0.79091424,0.7518583,0.73413527,0.1136363636363636,0.94508,0.0,0.129032258064516,0.0,1.58182848,1.5037166,1.46827054,0.2272727272727272,5,0
DB01133,D190300,0,train,4.0,3.0,0.19047,0.0,0.125,0.0,0.7570257,0.56385845,0.75076425,0.1411764705882353,0.76188,0.0,0.375,0.0,2.2710771000000003,1.69157535,2.25229275,0.4235294117647059,5,0
DB00696,D188470,0,train,1.0,4.0,0.14192,0.0,0.1129032258064516,0.0,0.84127074,0.7445204,0.75991356,0.0833333333333333,0.14192,0.0,0.4516129032258064,0.0,3.36508296,2.9780816,3.03965424,0.3333333333333332,5,0
DB01192,D268220,0,train,4.0,2.0,0.086525,0.0,0.1304347826086956,0.0,0.8672988,0.674151,0.8602309,0.1616161616161616,0.3461,0.0,0.2608695652173912,0.0,1.7345976,1.348302,1.7204618,0.3232323232323232,5,0
DB00776,D132300,0,train,1.0,4.0,0.18252,0.0,0.0192307692307692,0.0,0.7949046,0.6241941,0.7731687,0.0504201680672268,0.18252,0.0,0.0769230769230768,0.0,3.1796184,2.4967764,3.0926748,0.2016806722689072,5,0
DB00733,D212350,0,train,2.0,6.0,0.41392,0.0,0.075,0.0,0.73175645,0.71955526,0.76199937,0.1285714285714285,0.82784,0.0,0.4499999999999999,0.0,4.3905387000000005,4.31733156,4.57199622,0.771428571428571,5,0
DB00441,D247640,0,train,14.0,4.0,0.11462,0.0,0.2195121951219512,0.0,0.91884744,0.82408416,0.8819901,0.160377358490566,1.60468,0.0,0.8780487804878048,0.0,3.67538976,3.29633664,3.5279604,0.641509433962264,5,0
DB00282,D604278,0,train,1.0,6.0,0.26824,0.0,0.0,0.0,0.83568406,0.47935313,0.5656502,0.054054054054054,0.26824,0.0,0.0,0.0,5.014104359999999,2.87611878,3.3939012,0.324324324324324,5,0
DB00535,D600496,0,train,12.0,3.0,0.14054,0.0,0.088235294117647,0.0,0.69337714,0.78799325,0.7505208,0.1379310344827586,1.68648,0.0,0.264705882352941,0.0,2.08013142,2.36397975,2.2515624,0.4137931034482758,5,0
DB01351,D131440,0,train,1.0,1.0,0.087481,0.0,0.02,0.0,0.76793176,0.75455505,0.0,0.1157894736842105,0.087481,0.0,0.02,0.0,0.76793176,0.75455505,0.0,0.1157894736842105,5,0
DB00179,D114480,0,train,14.0,0.0,0.0,0.0,0.1320754716981132,0.0,0.7628086,0.85221654,0.77378964,0.168141592920354,0.0,0.0,0.0,0.0,0.0,0.0,0.0,0.0,5,0
DB00208,D102500,0,train,12.0,1.0,0.10909,0.0,0.1481481481481481,0.0,0.8567555,0.8735685,0.71292555,0.238095238095238,1.30908,0.0,0.1481481481481481,0.0,0.8567555,0.8735685,0.71292555,0.238095238095238,5,0
DB01148,D210050,0,train,9.0,2.0,0.14025,0.0833333333333333,0.0909090909090909,0.0,0.7725588,0.861341,0.87983966,0.205607476635514,1.26225,0.1666666666666666,0.1818181818181818,0.0,1.5451176,1.722682,1.75967932,0.411214953271028,5,0
DB00731,D138800,0,train,1.0,1.0,0.23214,0.0,0.0263157894736842,0.0,0.7115233,0.54828197,0.5899174,0.1666666666666666,0.23214,0.0,0.0263157894736842,0.0,0.7115233,0.54828197,0.5899174,0.1666666666666666,5,0
DB00771,D208085,0,train,1.0,3.0,0.10151,0.0,0.1272727272727272,0.0,0.84874153,0.80205935,0.792964,0.2571428571428571,0.10151,0.0,0.3818181818181816,0.0,2.54622459,2.40617805,2.378892,0.7714285714285714,5,0
DB00776,D260570,0,train,2.0,4.0,0.13849,0.0,0.0694444444444444,0.0,0.83655775,0.76837665,0.81434894,0.1682242990654205,0.27698,0.0,0.2777777777777776,0.0,3.346231,3.0735066,3.25739576,0.672897196261682,5,0
DB00622,D156190,0,train,1.0,1.0,0.18379,0.0,0.1159420289855072,0.0,0.69193107,0.84641904,0.72457486,0.1240310077519379,0.18379,0.0,0.1159420289855072,0.0,0.69193107,0.84641904,0.72457486,0.1240310077519379,5,0
DB00104,D189600,0,train,2.0,1.0,0.079926,0.0,0.0256410256410256,0.0,0.75553656,0.8043655,0.7697182,0.1217391304347826,0.159852,0.0,0.0256410256410256,0.0,0.75553656,0.8043655,0.7697182,0.1217391304347826,5,0
DB00620,D165720,0,train,15.0,2.0,0.12441,1.0,0.5081967213114754,0.0,0.8994528,0.86192083,0.79046595,0.5051546391752577,1.86615,2.0,1.0163934426229508,0.0,1.7989056,1.72384166,1.5809319,1.0103092783505154,5,0
DB01216,D134500,0,train,0.0,2.0,0.11889,0.0,0.0,0.0,0.0,0.0,0.0,0.0,0.0,0.0,0.0,0.0,0.0,0.0,0.0,0.0,5,0
DB00264,D176800,0,train,1.0,6.0,0.14798,0.0,0.05,0.0,0.82483816,0.6269199,0.69789255,0.173076923076923,0.14798,0.0,0.3,0.0,4.94902896,3.7615194,4.1873553,1.038461538461538,5,0
DB00573,D127750,0,train,0.0,7.0,0.24518,0.0,0.0,0.0,0.0,0.0,0.0,0.0,0.0,0.0,0.0,0.0,0.0,0.0,0.0,0.0,5,0
DB00694,D601608,0,train,2.0,9.0,0.11689,0.0,0.0898876404494382,0.0,0.7741281,0.7026879,0.7898232,0.1294964028776978,0.23378,0.0,0.8089887640449438,0.0,6.9671529,6.3241911,7.108408799999999,1.1654676258992804,5,0
DB00696,D600803,0,train,0.0,4.0,0.11169,0.0,0.0,0.0,0.0,0.0,0.0,0.0,0.0,0.0,0.0,0.0,0.0,0.0,0.0,0.0,5,0
DB00898,D236000,0,train,15.0,1.0,0.0,0.1029411764705882,0.1184210526315789,0.0,0.68755096,0.8021169,0.8279863,0.064516129032258,0.0,0.1029411764705882,0.1184210526315789,0.0,0.68755096,0.8021169,0.8279863,0.064516129032258,5,0
DB00594,D236000,0,train,15.0,1.0,0.081516,0.0,0.0681818181818181,0.0,0.8282174,0.82911086,0.8319113,0.0886075949367088,1.2227400000000002,0.0,0.0681818181818181,0.0,0.8282174,0.82911086,0.8319113,0.0886075949367088,5,0
DB01241,D167320,0,train,6.0,2.0,0.13992,0.0,0.1578947368421052,0.0,0.7741478,0.82089585,0.8449888,0.1587301587301587,0.8395199999999999,0.0,0.3157894736842104,0.0,1.5482956,1.6417917,1.6899776,0.3174603174603174,5,0
DB01070,D109543,0,train,10.0,1.0,0.0,0.0,0.0,0.0,0.6685995,0.7265593,0.75376034,0.1023622047244094,0.0,0.0,0.0,0.0,0.6685995,0.7265593,0.75376034,0.1023622047244094,5,0
DB00289,D206200,0,train,2.0,0.0,0.0,0.0,0.1304347826086956,0.0,0.8086859,0.8084525,0.7231709,0.1864406779661017,0.0,0.0,0.0,0.0,0.0,0.0,0.0,0.0,5,0
DB00457,D602522,0,train,1.0,4.0,0.13714,0.0,0.0256410256410256,0.0,0.7385762,0.72987014,0.60499704,0.1172413793103448,0.13714,0.0,0.1025641025641024,0.0,2.9543048,2.91948056,2.41998816,0.4689655172413792,5,0
DB01029,D254400,0,train,6.0,2.0,0.13426,0.0,0.1162790697674418,0.0,0.863535,0.84234333,0.6736518,0.2,0.8055599999999999,0.0,0.2325581395348836,0.0,1.72707,1.68468666,1.3473036,0.4,5,0
DB01204,D259500,0,train,4.0,5.0,0.18751,0.0,0.18,0.0,0.81164634,0.75690454,0.75886595,0.1428571428571428,0.75004,0.0,0.8999999999999999,0.0,4.0582317,3.7845227,3.79432975,0.714285714285714,5,0
DB00499,D608217,0,train,1.0,4.0,0.20842,0.0,0.064516129032258,0.0,0.7241774,0.7841425,0.7884165,0.1157894736842105,0.20842,0.0,0.258064516129032,0.0,2.8967096,3.13657,3.153666,0.463157894736842,5,0
DB00521,D102300,0,train,8.0,1.0,0.025632,0.0,0.0806451612903225,0.0,0.8620461,0.83258015,0.86844885,0.1808510638297872,0.205056,0.0,0.0806451612903225,0.0,0.8620461,0.83258015,0.86844885,0.1808510638297872,5,0
DB00380,D255900,0,train,2.0,6.0,0.13967,0.0,0.0344827586206896,0.0,0.7907822,0.755621,0.72292614,0.073394495412844,0.27934,0.0,0.2068965517241376,0.0,4.7446932,4.533726,4.33755684,0.440366972477064,5,0
DB01142,D226150,0,train,5.0,1.0,0.095559,0.3157894736842105,0.3132530120481928,0.0,0.866837,0.90456444,0.8751659,0.388235294117647,0.477795,0.3157894736842105,0.3132530120481928,0.0,0.866837,0.90456444,0.8751659,0.388235294117647,5,0
DB01173,D133600,0,train,5.0,9.0,0.029073,0.0,0.1136363636363636,0.0,0.8853803,0.81556165,0.8161973,0.1538461538461538,0.145365,0.0,1.0227272727272725,0.0,7.9684227,7.34005485,7.3457757,1.384615384615384,5,0
DB00714,D308205,0,train,2.0,3.0,0.22972,0.0,0.0408163265306122,0.0,0.81267214,0.697833,0.7273111,0.036036036036036,0.45944,0.0,0.1224489795918366,0.0,2.43801642,2.093499,2.1819333,0.108108108108108,5,0
DB00987,D144700,0,train,8.0,4.0,0.21647,0.0,0.1794871794871795,0.0,0.7479226,0.81398857,0.80421877,0.134453781512605,1.73176,0.0,0.717948717948718,0.0,2.9916904,3.25595428,3.21687508,0.53781512605042,5,0
DB00999,D239350,0,train,8.0,1.0,0.025399,0.0,0.0847457627118644,0.0,0.838587,0.7294854,0.79616714,0.1354166666666666,0.203192,0.0,0.0847457627118644,0.0,0.838587,0.7294854,0.79616714,0.1354166666666666,5,0
DB01069,D212140,0,train,1.0,2.0,0.21546,0.0,0.0533333333333333,0.0,0.71098197,0.7989735,0.6928581,0.2268041237113402,0.21546,0.0,0.1066666666666666,0.0,1.42196394,1.597947,1.3857162,0.4536082474226804,5,0
DB00928,D601665,0,train,6.0,2.0,0.060882,0.0,0.0980392156862745,0.0,0.7958758,0.7416783,0.7640355,0.092391304347826,0.365292,0.0,0.196078431372549,0.0,1.5917516,1.4833566,1.528071,0.184782608695652,5,0
DB00494,D273300,0,train,4.0,1.0,0.054599,0.0,0.06,0.0,0.777816,0.7798446,0.7189347,0.1223021582733813,0.218396,0.0,0.06,0.0,0.777816,0.7798446,0.7189347,0.1223021582733813,5,0
DB00010,D225755,0,train,2.0,1.0,0.045923,0.0,0.0,0.0,0.60730195,0.639261,0.6533319,0.0353982300884955,0.091846,0.0,0.0,0.0,0.60730195,0.639261,0.6533319,0.0353982300884955,5,0
DB00443,D181460,0,train,1.0,5.0,0.14478,0.0,0.0505050505050505,0.0,0.7641465,0.86057866,0.84772843,0.1274509803921568,0.14478,0.0,0.2525252525252525,0.0,3.8207325,4.3028933,4.23864215,0.637254901960784,5,0
DB01192,D300125,0,train,8.0,2.0,0.24817,0.6666666666666666,0.6363636363636364,0.0,0.968769,0.7235191,0.84463483,0.3157894736842105,1.98536,1.3333333333333333,1.2727272727272727,0.0,1.937538,1.4470382,1.68926966,0.631578947368421,5,0
DB00631,D125852,0,train,1.0,17.0,0.36773,0.0,0.0212765957446808,0.0,0.75593746,0.7286124,0.86653084,0.0583333333333333,0.36773,0.0,0.3617021276595735,0.0,12.85093682,12.3864108,14.73102428,0.991666666666666,5,0
DB01677,D215470,0,train,5.0,2.0,0.10295,0.0,0.0,0.0,0.16352832,0.6962371,0.0,0.1204819277108433,0.51475,0.0,0.0,0.0,0.32705664,1.3924742,0.0,0.2409638554216866,5,0
DB01050,D113610,0,train,2.0,1.0,0.018962,0.0,0.081081081081081,0.0,0.80288553,0.83506674,0.827737,0.1188118811881188,0.037924,0.0,0.081081081081081,0.0,0.80288553,0.83506674,0.827737,0.1188118811881188,5,0
DB01137,D155100,0,train,2.0,2.0,0.15814,0.0,0.0909090909090909,0.0,0.7811776,0.8375322,0.7850615,0.087248322147651,0.31628,0.0,0.1818181818181818,0.0,1.5623552,1.6750644,1.570123,0.174496644295302,5,0
DB00722,D187950,0,train,1.0,1.0,0.0,0.0,0.0416666666666666,0.0,0.765407,0.7614083,0.626035,0.1578947368421052,0.0,0.0,0.0416666666666666,0.0,0.765407,0.7614083,0.626035,0.1578947368421052,5,0
DB01228,D260570,0,train,2.0,2.0,0.10324,0.0,0.0444444444444444,0.0,0.62189347,0.70082366,0.82281697,0.168,0.20648,0.0,0.0888888888888888,0.0,1.24378694,1.40164732,1.64563394,0.336,5,0
DB01086,D103100,0,train,0.0,4.0,0.10496,0.0,0.0,0.0,0.0,0.0,0.0,0.0,0.0,0.0,0.0,0.0,0.0,0.0,0.0,0.0,5,0
DB01196,D102100,0,train,0.0,7.0,0.23199,0.0,0.0,0.0,0.0,0.0,0.0,0.0,0.0,0.0,0.0,0.0,0.0,0.0,0.0,0.0,5,0
DB00280,D144110,0,train,5.0,1.0,0.0,0.0555555555555555,0.1111111111111111,0.0,0.76834947,0.8303748,0.88129073,0.2903225806451613,0.0,0.0555555555555555,0.1111111111111111,0.0,0.76834947,0.8303748,0.88129073,0.2903225806451613,5,0
DB00514,D157700,0,train,8.0,8.0,0.20014,0.1428571428571428,0.25,0.0,0.8271892,0.9109919,0.84412336,0.3368421052631579,1.60112,1.1428571428571423,2.0,0.0,6.6175136,7.2879352,6.75298688,2.694736842105263,5,0
DB01241,D194070,0,train,3.0,2.0,0.14795,0.0,0.050632911392405,0.0,0.7538768,0.69726455,0.68805057,0.1495327102803738,0.4438499999999999,0.0,0.10126582278481,0.0,1.5077536,1.3945291,1.37610114,0.2990654205607476,5,0
DB00376,D300232,0,train,1.0,1.0,0.0,0.0,0.0277777777777777,0.0,0.7837746,0.73811865,0.66168034,0.0865384615384615,0.0,0.0,0.0277777777777777,0.0,0.7837746,0.73811865,0.66168034,0.0865384615384615,5,0
DB00747,D190310,0,train,17.0,5.0,0.074789,0.1388888888888889,0.203125,0.0,0.8606883,0.7723741,0.8298676,0.3176470588235294,1.271413,0.6944444444444444,1.015625,0.0,4.3034415,3.8618705,4.149338,1.588235294117647,5,0
DB00216,D233810,0,train,10.0,6.0,0.12452,0.0,0.1111111111111111,0.0,0.7727715,0.76369894,0.7931522,0.2051282051282051,1.2452,0.0,0.6666666666666666,0.0,4.636628999999999,4.58219364,4.7589132,1.2307692307692306,5,0
DB01217,D231900,0,train,1.0,8.0,0.27056,0.0,0.0535714285714285,0.0,0.6776124,0.7488746,0.7892905,0.0588235294117647,0.27056,0.0,0.428571428571428,0.0,5.4208992,5.9909968,6.314324,0.4705882352941176,5,0
DB00844,D210050,0,train,9.0,1.0,0.15466,0.125,0.1176470588235294,0.0,0.86296225,0.79348457,0.80596185,0.1510791366906475,1.39194,0.125,0.1176470588235294,0.0,0.86296225,0.79348457,0.80596185,0.1510791366906475,5,0
DB00959,D246470,0,train,5.0,1.0,0.13673,0.0,0.0875,0.0,0.8701353,0.8295343,0.7287572,0.1984732824427481,0.68365,0.0,0.0875,0.0,0.8701353,0.8295343,0.7287572,0.1984732824427481,5,0
DB00906,D145590,0,train,19.0,1.0,0.061678,0.0,0.1914893617021276,0.0,0.9157951,0.83811027,0.8523166,0.1983471074380165,1.171882,0.0,0.1914893617021276,0.0,0.9157951,0.83811027,0.8523166,0.1983471074380165,5,0
DB00733,D156190,0,train,1.0,6.0,0.31761,0.0,0.0571428571428571,0.0,0.75835824,0.8018984,0.71866035,0.1176470588235294,0.31761,0.0,0.3428571428571426,0.0,4.55014944,4.8113904000000005,4.3119621,0.7058823529411764,5,0
DB00206,D608217,0,train,1.0,1.0,0.072025,0.0,0.037037037037037,0.0,0.72449446,0.83277035,0.88964874,0.0838323353293413,0.072025,0.0,0.037037037037037,0.0,0.72449446,0.83277035,0.88964874,0.0838323353293413,5,0
DB00014,D227300,0,train,1.0,4.0,0.11115,0.0,0.027027027027027,0.0,0.67670333,0.81994146,0.5473052,0.0522388059701492,0.11115,0.0,0.108108108108108,0.0,2.70681332,3.27976584,2.1892208,0.2089552238805968,5,0
DB01148,D147540,0,train,8.0,2.0,0.032115,0.5,0.1153846153846153,0.0,0.80783397,0.8552802,0.80543387,0.3153153153153153,0.25692,1.0,0.2307692307692306,0.0,1.61566794,1.7105604,1.61086774,0.6306306306306306,5,0
DB00356,D304900,0,train,2.0,0.0,0.0,0.0,0.0188679245283018,0.0,0.72793096,0.63420963,0.75600487,0.0535714285714285,0.0,0.0,0.0,0.0,0.0,0.0,0.0,0.0,5,0
DB01410,D179800,0,train,0.0,1.0,0.0,0.0,0.0,0.0,0.0,0.0,0.0,0.0,0.0,0.0,0.0,0.0,0.0,0.0,0.0,0.0,5,0
DB00187,D164230,0,train,8.0,2.0,0.14181,0.0,0.1034482758620689,0.0,0.8051317,0.8828218,0.0,0.2258064516129032,1.13448,0.0,0.2068965517241378,0.0,1.6102634,1.7656436,0.0,0.4516129032258064,5,0
DB00215,D226000,0,train,0.0,9.0,0.23172,0.0,0.0,0.0,0.0,0.0,0.0,0.0,0.0,0.0,0.0,0.0,0.0,0.0,0.0,0.0,5,0
DB00915,D276300,0,train,34.0,1.0,0.11129,0.1739130434782608,0.1379310344827586,0.0,0.8290191,0.8348652,0.8781312,0.1153846153846153,3.78386,0.1739130434782608,0.1379310344827586,0.0,0.8290191,0.8348652,0.8781312,0.1153846153846153,5,0
DB01058,D128101,0,train,2.0,1.0,0.032456,0.0,0.0701754385964912,0.0,0.68659747,0.7782742,0.74231327,0.1170212765957446,0.064912,0.0,0.0701754385964912,0.0,0.68659747,0.7782742,0.74231327,0.1170212765957446,5,0
DB00547,D303110,0,train,4.0,1.0,0.021914,0.1,0.0983606557377049,0.0,0.84960514,0.77059615,0.8069356,0.2924528301886792,0.087656,0.1,0.0983606557377049,0.0,0.84960514,0.77059615,0.8069356,0.2924528301886792,5,0
DB00401,D175100,0,train,1.0,2.0,0.10923,0.0,0.0833333333333333,0.0,0.7287102,0.5208043,0.7872229,0.1538461538461538,0.10923,0.0,0.1666666666666666,0.0,1.4574204,1.0416086,1.5744458,0.3076923076923076,5,0
DB00695,D604416,0,train,14.0,2.0,0.0,0.0,0.1034482758620689,0.0,0.8518589,0.8323038,0.77884823,0.2,0.0,0.0,0.2068965517241378,0.0,1.7037178,1.6646076,1.55769646,0.4,5,0
DB00337,D167870,0,train,12.0,3.0,0.08354,0.0,0.0952380952380952,0.0,0.73203254,0.87019074,0.7312417,0.116751269035533,1.00248,0.0,0.2857142857142856,0.0,2.19609762,2.61057222,2.1937251,0.350253807106599,5,0
DB00477,D144010,0,train,8.0,1.0,0.19899,0.037037037037037,0.2045454545454545,0.0,0.79221034,0.7901102,0.7690319,0.3068181818181818,1.59192,0.037037037037037,0.2045454545454545,0.0,0.79221034,0.7901102,0.7690319,0.3068181818181818,5,0
DB01122,D140850,0,train,1.0,3.0,0.088012,0.0,0.0,0.0,0.7307222,0.8598872,0.69127667,0.1373390557939914,0.088012,0.0,0.0,0.0,2.1921666,2.5796616,2.07383001,0.4120171673819741,5,0
DB01174,D109100,0,train,7.0,1.0,0.074115,0.0,0.1,0.0,0.73753715,0.8712429,0.6581,0.1616161616161616,0.518805,0.0,0.1,0.0,0.73753715,0.8712429,0.6581,0.1616161616161616,5,0
DB00936,D606798,0,train,1.0,2.0,0.1184,0.0,0.046875,0.0,0.74503773,0.81021976,0.74524754,0.1363636363636363,0.1184,0.0,0.09375,0.0,1.49007546,1.62043952,1.49049508,0.2727272727272726,5,0
DB00284,D148100,0,train,1.0,2.0,0.0,0.0,0.0153846153846153,0.0,0.7021549,0.65309465,0.6204488,0.0273972602739726,0.0,0.0,0.0307692307692306,0.0,1.4043098,1.3061893,1.2408976,0.0547945205479452,5,0
DB00017,D134520,0,train,1.0,4.0,0.24402,0.0,0.0333333333333333,0.0,0.73157424,0.6303826,0.7215802,0.024390243902439,0.24402,0.0,0.1333333333333332,0.0,2.92629696,2.5215304,2.8863208,0.097560975609756,5,0
DB00936,D225740,0,train,5.0,2.0,0.12885,0.0,0.0535714285714285,0.0,0.7697237,0.8145282,0.7676531,0.2222222222222222,0.64425,0.0,0.107142857142857,0.0,1.5394474,1.6290564,1.5353062,0.4444444444444444,5,0
DB01042,D600803,0,train,0.0,3.0,0.13701,0.0,0.0,0.0,0.0,0.0,0.0,0.0,0.0,0.0,0.0,0.0,0.0,0.0,0.0,0.0,5,0
DB00232,D191800,0,train,1.0,1.0,0.0,0.0,0.0232558139534883,0.0,0.80258775,0.7791322,0.69850296,0.15,0.0,0.0,0.0232558139534883,0.0,0.80258775,0.7791322,0.69850296,0.15,5,0
DB01241,D147530,0,train,60.0,2.0,0.13524,0.125,0.1022727272727272,0.0,0.8698896,0.85486645,0.9030065,0.2876712328767123,8.1144,0.25,0.2045454545454544,0.0,1.7397792,1.7097329,1.806013,0.5753424657534246,5,0
DB00975,D136200,0,train,2.0,5.0,0.12995,0.0,0.024390243902439,0.0,0.80287087,0.76390153,0.7440414,0.0774193548387096,0.2599,0.0,0.121951219512195,0.0,4.01435435,3.81950765,3.720207,0.387096774193548,5,0
DB00519,D231900,0,train,1.0,3.0,0.12116,0.0,0.027027027027027,0.0,0.7189871,0.6564348,0.79339266,0.0822784810126582,0.12116,0.0,0.081081081081081,0.0,2.1569613,1.9693044,2.38017798,0.2468354430379745,5,0
DB00278,D212130,0,train,1.0,1.0,0.072852,0.0,0.0666666666666666,0.0,0.8156895,0.6216456,0.74662334,0.1293103448275862,0.072852,0.0,0.0666666666666666,0.0,0.8156895,0.6216456,0.74662334,0.1293103448275862,5,0
DB01124,D607681,0,train,4.0,1.0,0.16874,0.0,0.0588235294117647,0.0,0.8276198,0.84350246,0.8103074,0.1214953271028037,0.67496,0.0,0.0588235294117647,0.0,0.8276198,0.84350246,0.8103074,0.1214953271028037,5,0
DB01132,D194200,0,train,2.0,2.0,0.15733,0.0,0.08,0.0,0.69973624,0.78509724,0.71319306,0.2554744525547445,0.31466,0.0,0.16,0.0,1.39947248,1.57019448,1.42638612,0.510948905109489,5,0
DB01406,D131440,0,train,1.0,1.0,0.1282,0.0,0.0,0.0,0.76414037,0.71634686,0.5646738,0.0546875,0.1282,0.0,0.0,0.0,0.76414037,0.71634686,0.5646738,0.0546875,5,0
DB01148,D607501,0,train,1.0,2.0,0.13426,0.0,0.02,0.0,0.7546531,0.6920904,0.6841953,0.2755905511811024,0.13426,0.0,0.04,0.0,1.5093062,1.3841808,1.3683906,0.5511811023622047,5,0
DB00195,D184700,0,train,4.0,3.0,0.24496,0.0,0.0851063829787234,0.0,0.7756205,0.86574286,0.81143683,0.1442307692307692,0.97984,0.0,0.2553191489361702,0.0,2.3268615,2.59722858,2.43431049,0.4326923076923076,5,0
DB01125,D191390,0,train,3.0,1.0,0.1712,0.0,0.0,0.0,0.72458345,0.7801822,0.721727,0.1927710843373494,0.5136,0.0,0.0,0.0,0.72458345,0.7801822,0.721727,0.1927710843373494,5,0
DB00335,D607516,0,train,1.0,1.0,0.0475,0.0,0.0535714285714285,0.0,0.6416014,0.76223886,0.84341073,0.1504424778761062,0.0475,0.0,0.0535714285714285,0.0,0.6416014,0.76223886,0.84341073,0.1504424778761062,5,0
DB00580,D600496,0,train,12.0,1.0,0.27124,0.0512820512820512,0.1551724137931034,0.0,0.8052394,0.8717927,0.84154695,0.3116883116883117,3.25488,0.0512820512820512,0.1551724137931034,0.0,0.8052394,0.8717927,0.84154695,0.3116883116883117,5,0
DB00869,D607554,0,train,10.0,1.0,0.0,0.8,0.56,0.0,0.91922206,0.71076214,0.84448415,0.5555555555555556,0.0,0.8,0.56,0.0,0.91922206,0.71076214,0.84448415,0.5555555555555556,5,0
DB00727,D150600,0,train,5.0,4.0,0.25825,0.0,0.0408163265306122,0.0,0.82239056,0.81769675,0.77271837,0.0777777777777777,1.2912499999999998,0.0,0.1632653061224488,0.0,3.28956224,3.270787,3.09087348,0.3111111111111108,5,0
DB01232,D194070,0,train,3.0,2.0,0.1035,0.0,0.0891089108910891,0.0,0.69929546,0.5634058,0.8202295,0.2383720930232558,0.3105,0.0,0.1782178217821782,0.0,1.39859092,1.1268116,1.640459,0.4767441860465116,5,0
DB01200,D208300,0,train,5.0,9.0,0.20246,0.0,0.1052631578947368,0.0,0.8375242,0.86100805,0.79354995,0.1490683229813664,1.0123,0.0,0.9473684210526312,0.0,7.5377178,7.74907245,7.14194955,1.3416149068322976,5,0
DB00449,D300494,0,train,3.0,2.0,0.16483,0.4,0.0555555555555555,0.0,0.8191371,0.7870417,0.8179083,0.1517857142857142,0.49449,0.8,0.111111111111111,0.0,1.6382742,1.5740834,1.6358166,0.3035714285714284,5,0
DB00226,D140600,0,train,23.0,2.0,0.11644,0.04,0.0425531914893617,0.0,0.8586076,0.92296994,0.7911917,0.1269841269841269,2.67812,0.08,0.0851063829787234,0.0,1.7172152,1.84593988,1.5823834,0.2539682539682538,5,0
DB00731,D210050,0,train,9.0,1.0,0.047629,0.0,0.173076923076923,0.0,0.8473104,0.79652333,0.8070407,0.1978021978021978,0.4286609999999999,0.0,0.173076923076923,0.0,0.8473104,0.79652333,0.8070407,0.1978021978021978,5,0
DB00351,D134750,0,train,1.0,1.0,0.087381,0.0,0.0545454545454545,0.0,0.80972624,0.7929503,0.57388973,0.056910569105691,0.087381,0.0,0.0545454545454545,0.0,0.80972624,0.7929503,0.57388973,0.056910569105691,5,0
DB00977,D601042,0,train,7.0,1.0,0.0,0.0,0.2,0.0,0.76614946,0.8881394,0.8557268,0.2093023255813953,0.0,0.0,0.2,0.0,0.76614946,0.8881394,0.8557268,0.2093023255813953,5,0
DB00586,D270960,0,train,1.0,1.0,0.1401,0.0,0.0410958904109589,0.0,0.8147811,0.76983786,0.51175255,0.2222222222222222,0.1401,0.0,0.0410958904109589,0.0,0.8147811,0.76983786,0.51175255,0.2222222222222222,5,0
DB00925,D300125,0,train,8.0,1.0,0.047489,0.6,0.0909090909090909,0.0,0.8737849,0.8505474,0.8568002,0.2300884955752212,0.379912,0.6,0.0909090909090909,0.0,0.8737849,0.8505474,0.8568002,0.2300884955752212,5,0
DB00969,D184700,0,train,4.0,1.0,0.21021,0.0,0.1219512195121951,0.0,0.82731545,0.8395439,0.7888955,0.1764705882352941,0.84084,0.0,0.1219512195121951,0.0,0.82731545,0.8395439,0.7888955,0.1764705882352941,5,0
DB01101,D311360,0,train,3.0,2.0,0.12824,0.0,0.0612244897959183,0.0,0.7643471,0.63858485,0.80695605,0.1567164179104477,0.3847199999999999,0.0,0.1224489795918366,0.0,1.5286942,1.2771697,1.6139121,0.3134328358208954,5,0
DB01110,D137215,0,train,4.0,2.0,0.056222,0.027027027027027,0.0833333333333333,0.0,0.8078899,0.8248789,0.8512733,0.1538461538461538,0.224888,0.054054054054054,0.1666666666666666,0.0,1.6157798,1.6497578,1.7025466,0.3076923076923076,5,0
DB00605,D127350,0,train,1.0,1.0,0.065556,0.0,0.0697674418604651,0.0,0.7895267,0.78035474,0.49715677,0.1339285714285714,0.065556,0.0,0.0697674418604651,0.0,0.7895267,0.78035474,0.49715677,0.1339285714285714,5,0
DB00904,D211980,0,train,1.0,4.0,0.11545,0.0,0.0727272727272727,0.0,0.81296766,0.7423714,0.8267324,0.0434782608695652,0.11545,0.0,0.2909090909090908,0.0,3.25187064,2.9694856,3.3069296,0.1739130434782608,5,0
DB00390,D179600,0,train,9.0,1.0,0.17524,0.0,0.1836734693877551,0.0,0.7910323,0.86867476,0.83559346,0.1509433962264151,1.57716,0.0,0.1836734693877551,0.0,0.7910323,0.86867476,0.83559346,0.1509433962264151,5,0
DB00810,D308205,0,train,2.0,1.0,0.062449,0.0,0.0277777777777777,0.0,0.80606186,0.8272742,0.7294937,0.0327868852459016,0.124898,0.0,0.0277777777777777,0.0,0.80606186,0.8272742,0.7294937,0.0327868852459016,5,0
DB00889,D256700,0,train,4.0,1.0,0.18001,0.0,0.1818181818181818,0.0,0.8083602,0.8475659,0.7918966,0.203883495145631,0.72004,0.0,0.1818181818181818,0.0,0.8083602,0.8475659,0.7918966,0.203883495145631,5,0
DB00373,D252320,0,train,11.0,2.0,0.090567,0.0,0.1632653061224489,0.0,0.7945093,0.8519906,0.73503304,0.125,0.996237,0.0,0.3265306122448978,0.0,1.5890186,1.7039812,1.47006608,0.25,5,0
DB01197,D179800,0,train,0.0,1.0,0.036338,0.0,0.0,0.0,0.0,0.0,0.0,0.0,0.0,0.0,0.0,0.0,0.0,0.0,0.0,0.0,5,0
DB00915,D600803,0,train,0.0,1.0,0.0,0.0,0.0,0.0,0.0,0.0,0.0,0.0,0.0,0.0,0.0,0.0,0.0,0.0,0.0,0.0,5,0
DB00899,D137400,0,train,0.0,1.0,0.071124,0.0,0.0,0.0,0.0,0.0,0.0,0.0,0.0,0.0,0.0,0.0,0.0,0.0,0.0,0.0,5,0
DB00441,D182000,0,train,0.0,4.0,0.34387,0.0,0.0,0.0,0.0,0.0,0.0,0.0,0.0,0.0,0.0,0.0,0.0,0.0,0.0,0.0,5,0
DB00230,D189800,0,train,2.0,2.0,0.026169,0.0,0.1363636363636363,0.0,0.85533017,0.76735663,0.71384954,0.1126760563380281,0.052338,0.0,0.2727272727272726,0.0,1.71066034,1.53471326,1.42769908,0.2253521126760562,5,0
DB00721,D300491,0,train,5.0,4.0,0.27965,0.0,0.0588235294117647,0.0,0.73959935,0.89717436,0.86671996,0.1891891891891892,1.39825,0.0,0.2352941176470588,0.0,2.9583974,3.58869744,3.46687984,0.7567567567567568,5,0
DB00983,D175505,0,train,1.0,6.0,0.46908,0.0,0.0,0.0,0.6563282,0.77085626,0.70967597,0.2071428571428571,0.46908,0.0,0.0,0.0,3.9379692,4.62513756,4.25805582,1.2428571428571429,5,0
DB00536,D200170,0,train,11.0,3.0,0.13438,0.0,0.074074074074074,0.0,0.7763618,0.60685813,0.8438256,0.1162790697674418,1.47818,0.0,0.222222222222222,0.0,2.3290854,1.82057439,2.5314768,0.3488372093023254,5,0
DB00313,D601004,0,train,1.0,8.0,0.11706,0.0,0.0459770114942528,0.0,0.6950033,0.6770418,0.6976026,0.0625,0.11706,0.0,0.3678160919540224,0.0,5.5600264,5.4163344,5.5808208,0.5,5,0
DB01351,D190400,0,train,3.0,1.0,0.037795,0.0,0.1212121212121212,0.0,0.8362684,0.830181,0.0,0.0991735537190082,0.113385,0.0,0.1212121212121212,0.0,0.8362684,0.830181,0.0,0.0991735537190082,5,0
DB01214,D121201,0,train,2.0,3.0,0.15285,0.0,0.119047619047619,0.0,0.88942164,0.7411524,0.81513053,0.1274509803921568,0.3057,0.0,0.357142857142857,0.0,2.66826492,2.2234572000000004,2.44539159,0.3823529411764704,5,0
DB01181,D208230,0,train,16.0,0.0,0.0,0.5,0.2419354838709677,0.0,0.8468209,0.82959396,0.729294,0.0980392156862745,0.0,0.0,0.0,0.0,0.0,0.0,0.0,0.0,5,0
DB00248,D603165,0,train,5.0,1.0,0.064826,0.1304347826086956,0.1132075471698113,0.0,0.85782695,0.86354756,0.7210492,0.1705426356589147,0.32413,0.1304347826086956,0.1132075471698113,0.0,0.85782695,0.86354756,0.7210492,0.1705426356589147,5,0
DB00500,D239350,0,train,8.0,2.0,0.099386,1.0,0.5405405405405406,0.0,0.89571977,0.68871856,0.80060345,0.2210526315789473,0.795088,2.0,1.0810810810810811,0.0,1.79143954,1.37743712,1.6012069,0.4421052631578946,5,0
DB00508,D607554,0,train,10.0,1.0,0.063246,0.0833333333333333,0.1147540983606557,0.0,0.77161443,0.86732656,0.7195438,0.1854838709677419,0.63246,0.0833333333333333,0.1147540983606557,0.0,0.77161443,0.86732656,0.7195438,0.1854838709677419,5,0
DB00213,D182000,0,train,0.0,2.0,0.11827,0.0,0.0,0.0,0.0,0.0,0.0,0.0,0.0,0.0,0.0,0.0,0.0,0.0,0.0,0.0,5,0
DB01063,D600263,0,train,7.0,2.0,0.22471,0.5,0.1428571428571428,0.0,0.8126316,0.87133604,0.72573125,0.2307692307692307,1.57297,1.0,0.2857142857142856,0.0,1.6252632,1.74267208,1.4514625,0.4615384615384614,5,0
DB00419,D107650,0,train,1.0,6.0,0.2101,0.0,0.0263157894736842,0.0,0.772411,0.802794,0.739431,0.024390243902439,0.2101,0.0,0.1578947368421052,0.0,4.634466,4.816764,4.436586,0.146341463414634,5,0
DB00385,D208230,0,train,16.0,1.0,0.096177,0.0,0.1153846153846153,0.0,0.88066506,0.81835365,0.69071156,0.1975806451612903,1.538832,0.0,0.1153846153846153,0.0,0.88066506,0.81835365,0.69071156,0.1975806451612903,5,0
DB00921,D133600,0,train,5.0,3.0,0.12602,0.75,0.34,0.0,0.88492465,0.74550146,0.7447927,0.3050847457627119,0.6301,2.25,1.02,0.0,2.65477395,2.23650438,2.2343781,0.9152542372881356,5,0
DB00686,D121201,0,train,2.0,2.0,0.10805,0.0,0.0,0.0,0.83480513,0.78001624,0.70809567,0.0657894736842105,0.2161,0.0,0.0,0.0,1.66961026,1.56003248,1.41619134,0.131578947368421,5,0
DB00747,D600351,0,train,16.0,5.0,0.052739,0.2272727272727272,0.1833333333333333,0.0,0.9196249,0.7097428,0.79810405,0.1636363636363636,0.843824,1.136363636363636,0.9166666666666664,0.0,4.5981245,3.548714,3.99052025,0.818181818181818,5,0
DB00775,D601682,0,train,8.0,10.0,0.3535,0.0,0.0317460317460317,0.0,0.84349185,0.87148833,0.8576734,0.1811023622047244,2.828,0.0,0.317460317460317,0.0,8.4349185,8.7148833,8.576734,1.811023622047244,5,0
DB00998,D173200,0,train,1.0,4.0,0.16475,0.0,0.0256410256410256,0.0,0.66367376,0.7639451,0.6515198,0.1521739130434782,0.16475,0.0,0.1025641025641024,0.0,2.65469504,3.0557804,2.6060792,0.6086956521739127,5,0
DB01143,D181000,0,train,4.0,3.0,0.30691,0.0,0.027027027027027,0.0,0.76732826,0.6943662,0.8381017,0.1153846153846153,1.22764,0.0,0.081081081081081,0.0,2.30198478,2.0830986,2.5143051,0.3461538461538458,5,0
DB00499,D102500,0,train,12.0,4.0,0.19923,0.0,0.1343283582089552,0.0,0.84298813,0.83664966,0.82744896,0.2777777777777778,2.39076,0.0,0.5373134328358208,0.0,3.37195252,3.34659864,3.30979584,1.1111111111111112,5,0
DB00177,D134430,0,train,2.0,1.0,0.0,0.0,0.0185185185185185,0.0,0.83106095,0.8492975,0.7429433,0.1614173228346456,0.0,0.0,0.0185185185185185,0.0,0.83106095,0.8492975,0.7429433,0.1614173228346456,5,0
DB01579,D300494,0,train,3.0,2.0,0.0,0.0,0.0153846153846153,0.0,0.75632787,0.8285762,0.772444,0.1818181818181818,0.0,0.0,0.0307692307692306,0.0,1.51265574,1.6571524,1.544888,0.3636363636363636,5,0
DB00325,D151400,0,train,3.0,2.0,0.047624,0.0,0.0,0.0,0.8529685,0.6762967,0.67245233,0.0076923076923076,0.142872,0.0,0.0,0.0,1.705937,1.3525934,1.34490466,0.0153846153846152,5,0
DB00907,D266600,0,train,7.0,3.0,0.091069,0.0714285714285714,0.1343283582089552,0.0,0.8226166,0.84376454,0.7635666,0.2637362637362637,0.637483,0.2142857142857142,0.4029850746268656,0.0,2.4678498,2.53129362,2.2906998,0.7912087912087911,5,0
DB00204,D236000,0,train,15.0,3.0,0.066407,0.0,0.175,0.0,0.81562287,0.7437192,0.79573846,0.2605042016806723,0.996105,0.0,0.5249999999999999,0.0,2.44686861,2.2311576,2.38721538,0.7815126050420169,5,0
DB00969,D174800,0,train,2.0,1.0,0.15139,0.0,0.108695652173913,0.0,0.7883108,0.74437606,0.79377526,0.160377358490566,0.30278,0.0,0.108695652173913,0.0,0.7883108,0.74437606,0.79377526,0.160377358490566,5,0
DB00162,D239350,0,train,8.0,1.0,0.027446,0.0,0.1162790697674418,0.25,0.77201045,0.61078227,0.7519406,0.1979166666666666,0.219568,0.0,0.1162790697674418,0.25,0.77201045,0.61078227,0.7519406,0.1979166666666666,5,0
DB00153,D189600,0,train,2.0,2.0,0.20045,0.0,0.0,0.0,0.35911384,0.7478138,0.6366458,0.0451127819548872,0.4009,0.0,0.0,0.0,0.71822768,1.4956276,1.2732916,0.0902255639097744,5,0
DB00869,D608622,0,train,52.0,1.0,0.078696,0.4,0.2580645161290322,0.0,0.8910709,0.6891296,0.8270543,0.2337662337662337,4.092192,0.4,0.2580645161290322,0.0,0.8910709,0.6891296,0.8270543,0.2337662337662337,5,0
DB00287,D600131,0,train,5.0,3.0,0.10285,0.0,0.0303030303030303,0.0,0.79747754,0.801674,0.8112606,0.1602564102564102,0.51425,0.0,0.0909090909090909,0.0,2.39243262,2.405022,2.4337818,0.4807692307692305,5,0
DB01260,D600082,0,train,7.0,4.0,0.044152,0.25,0.2040816326530612,0.0,0.8999109,0.80892396,0.7895791,0.3106060606060606,0.309064,1.0,0.8163265306122448,0.0,3.5996436,3.23569584,3.1583164,1.2424242424242424,5,0
DB01260,D173200,0,train,1.0,4.0,0.19822,0.0,0.056338028169014,0.0,0.73708576,0.8304057,0.6597264,0.0857142857142857,0.19822,0.0,0.225352112676056,0.0,2.94834304,3.3216228,2.6389056,0.3428571428571428,5,0
DB00407,D602080,0,train,5.0,1.0,0.17934,0.0,0.0714285714285714,0.0,0.7747273,0.8055098,0.7562038,0.0604113110539845,0.8967,0.0,0.0714285714285714,0.0,0.7747273,0.8055098,0.7562038,0.0604113110539845,5,0
DB00938,D608088,0,train,10.0,1.0,0.20452,0.0,0.1,0.0,0.8130924,0.7884337,0.79310155,0.1846153846153846,2.0452,0.0,0.1,0.0,0.8130924,0.7884337,0.79310155,0.1846153846153846,5,0
DB00640,D258360,0,train,2.0,1.0,0.27817,0.0,0.0357142857142857,0.0,0.7466475,0.5573303,0.77980226,0.0594059405940594,0.55634,0.0,0.0357142857142857,0.0,0.7466475,0.5573303,0.77980226,0.0594059405940594,5,0
DB00337,D277350,0,train,2.0,3.0,0.20729,0.0,0.0588235294117647,0.0,0.6354026,0.8436557,0.61486804,0.094240837696335,0.41458,0.0,0.1764705882352941,0.0,1.9062078,2.5309671,1.84460412,0.282722513089005,5,0
DB00115,D267740,0,train,4.0,1.0,0.0,0.0,0.0869565217391304,0.0,0.45870882,0.77732724,0.66500175,0.1166666666666666,0.0,0.0,0.0869565217391304,0.0,0.45870882,0.77732724,0.66500175,0.1166666666666666,5,0
DB00928,D254450,0,train,1.0,2.0,0.0,0.0,0.073170731707317,0.0,0.65395045,0.6690629,0.76583093,0.0679611650485436,0.0,0.0,0.146341463414634,0.0,1.3079009,1.3381258,1.53166186,0.1359223300970872,5,0
DB00232,D165199,0,train,6.0,1.0,0.039328,0.0,0.0526315789473684,0.0,0.8420792,0.79604995,0.72861874,0.0980392156862745,0.235968,0.0,0.0526315789473684,0.0,0.8420792,0.79604995,0.72861874,0.0980392156862745,5,0
DB01210,D191800,0,train,1.0,1.0,0.0,0.0,0.1020408163265306,0.0,0.8150442,0.8850924,0.6605607,0.1529411764705882,0.0,0.0,0.1020408163265306,0.0,0.8150442,0.8850924,0.6605607,0.1529411764705882,5,0
DB01200,D106400,0,train,5.0,9.0,0.033805,0.1111111111111111,0.1475409836065573,0.0,0.84414566,0.88079536,0.7750599,0.1686746987951807,0.169025,1.0,1.3278688524590156,0.0,7.59731094,7.927158240000001,6.975539100000001,1.5180722891566265,5,0
DB01075,D608033,0,train,3.0,1.0,0.10562,0.3333333333333333,0.1506849315068493,0.0,0.7245051,0.7587999,0.8214744,0.23,0.31686,0.3333333333333333,0.1506849315068493,0.0,0.7245051,0.7587999,0.8214744,0.23,5,0
DB00905,D143500,0,train,1.0,1.0,0.061346,0.0,0.0476190476190476,0.0,0.79335123,0.8520762,0.7096063,0.1451612903225806,0.061346,0.0,0.0476190476190476,0.0,0.79335123,0.8520762,0.7096063,0.1451612903225806,5,0
DB00882,D125700,0,train,3.0,3.0,0.20486,0.0,0.0238095238095238,0.0,0.72301656,0.77787423,0.8358373,0.1201550387596899,0.6145799999999999,0.0,0.0714285714285714,0.0,2.16904968,2.33362269,2.5075119,0.3604651162790697,5,0
DB00652,D146255,0,train,15.0,5.0,0.32505,0.0,0.0666666666666666,0.0,0.8617701,0.77915335,0.8124082,0.1864406779661017,4.87575,0.0,0.333333333333333,0.0,4.3088505,3.89576675,4.062041,0.9322033898305084,5,0
DB00691,D607554,0,train,10.0,5.0,0.45235,0.0,0.1666666666666666,0.0,0.86985373,0.8738929,0.8512027,0.2180451127819548,4.523499999999999,0.0,0.833333333333333,0.0,4.34926865,4.369464499999999,4.2560135,1.090225563909774,5,0
DB00787,D237450,0,train,0.0,11.0,0.1344,0.0,0.0,0.0,0.0,0.0,0.0,0.0,0.0,0.0,0.0,0.0,0.0,0.0,0.0,0.0,5,0
DB00591,D161900,0,train,70.0,1.0,0.2163,0.2857142857142857,0.6486486486486487,0.1428571428571428,0.9282743,0.883644,0.8700373,0.6464646464646465,15.141,0.2857142857142857,0.6486486486486487,0.1428571428571428,0.9282743,0.883644,0.8700373,0.6464646464646465,5,0
DB00991,D115195,0,train,1.0,1.0,0.09457,0.0,0.0,0.0,0.63189703,0.8353639,0.7382235,0.0697674418604651,0.09457,0.0,0.0,0.0,0.63189703,0.8353639,0.7382235,0.0697674418604651,5,0
DB00248,D256700,0,train,4.0,1.0,0.15502,0.375,0.2166666666666666,0.0,0.87795246,0.7991018,0.74719375,0.1526717557251908,0.62008,0.375,0.2166666666666666,0.0,0.87795246,0.7991018,0.74719375,0.1526717557251908,5,0
DB00653,D184700,0,train,4.0,3.0,0.19325,0.0,0.0517241379310344,0.0,0.80079544,0.72248733,0.8158851,0.024390243902439,0.773,0.0,0.1551724137931032,0.0,2.40238632,2.16746199,2.4476553,0.073170731707317,5,0
DB00477,D138800,0,train,1.0,1.0,0.080596,0.0,0.0125,0.0,0.70731974,0.5562668,0.5616068,0.1296296296296296,0.080596,0.0,0.0125,0.0,0.70731974,0.5562668,0.5616068,0.1296296296296296,5,0
DB00035,D608583,0,train,7.0,5.0,0.11083,0.0,0.0526315789473684,0.0,0.86609244,0.6874246,0.8419682,0.1220472440944882,0.77581,0.0,0.263157894736842,0.0,4.3304622,3.437123,4.209841,0.610236220472441,5,0
DB00179,D258360,0,train,2.0,0.0,0.0,0.0,0.0,0.0,0.7256692,0.65145624,0.6877,0.0458715596330275,0.0,0.0,0.0,0.0,0.0,0.0,0.0,0.0,5,0
DB01400,D121201,0,train,2.0,0.0,0.0,0.0,0.1320754716981132,0.0,0.8197688,0.88138527,0.8326454,0.1927710843373494,0.0,0.0,0.0,0.0,0.0,0.0,0.0,0.0,5,0
DB00575,D604278,0,train,1.0,5.0,0.22176,0.0,0.0,0.0,0.7758717,0.61097133,0.43826386,0.0,0.22176,0.0,0.0,0.0,3.8793585,3.05485665,2.1913193,0.0,5,0
DB00465,D165720,0,train,15.0,1.0,0.16539,0.4,0.3571428571428571,0.0,0.9695544,0.83641034,0.84521717,0.2828282828282828,2.48085,0.4,0.3571428571428571,0.0,0.9695544,0.83641034,0.84521717,0.2828282828282828,5,0
DB00594,D607498,0,train,1.0,1.0,0.11,0.0,0.0,0.0,0.7569601,0.6468751,0.77028126,0.0446428571428571,0.11,0.0,0.0,0.0,0.7569601,0.6468751,0.77028126,0.0446428571428571,5,0
DB00554,D238800,0,train,1.0,3.0,0.12235,0.0,0.078125,0.0,0.6951833,0.7892484,0.68946046,0.0973451327433628,0.12235,0.0,0.234375,0.0,2.0855499,2.3677452,2.06838138,0.2920353982300884,5,0
DB01248,D114550,0,train,1.0,3.0,0.19138,0.0,0.0,0.0,0.5332846,0.67549706,0.7311477,0.1333333333333333,0.19138,0.0,0.0,0.0,1.5998538,2.02649118,2.1934431,0.3999999999999999,5,0
DB00691,D304900,0,train,2.0,5.0,0.14472,0.0,0.024390243902439,0.0,0.8729632,0.7370678,0.8234415,0.1776061776061776,0.28944,0.0,0.121951219512195,0.0,4.364816,3.685339,4.1172075,0.888030888030888,5,0
DB00255,D137800,0,train,1.0,1.0,0.37449,0.0,0.0677966101694915,0.0,0.6603883,0.6785937,0.6456269,0.0352941176470588,0.37449,0.0,0.0677966101694915,0.0,0.6603883,0.6785937,0.6456269,0.0352941176470588,5,0
DB00393,D208230,0,train,16.0,1.0,0.080978,0.0833333333333333,0.1166666666666666,0.0,0.80024344,0.8182699,0.7931339,0.2149532710280373,1.295648,0.0833333333333333,0.1166666666666666,0.0,0.80024344,0.8182699,0.7931339,0.2149532710280373,5,0
DB00437,D233810,0,train,10.0,3.0,0.18211,0.0,0.1714285714285714,0.0,0.89793164,0.8337021,0.83095515,0.12,1.8211,0.0,0.5142857142857142,0.0,2.69379492,2.5011063,2.49286545,0.36,5,0
DB00533,D246470,0,train,5.0,2.0,0.086691,0.0,0.0980392156862745,0.0,0.8000607,0.784069,0.8236026,0.2474226804123711,0.433455,0.0,0.196078431372549,0.0,1.6001214,1.568138,1.6472052,0.4948453608247422,5,0
DB00697,D600634,0,train,1.0,0.0,0.0,0.2857142857142857,0.0892857142857142,0.0,0.800626,0.8239769,0.6517468,0.09375,0.0,0.0,0.0,0.0,0.0,0.0,0.0,0.0,5,0
DB00721,D608583,0,train,7.0,4.0,0.49842,0.0512820512820512,0.2181818181818181,0.0,0.76546156,0.8363484,0.84754395,0.2526315789473684,3.48894,0.2051282051282048,0.8727272727272724,0.0,3.06184624,3.3453936,3.3901758,1.0105263157894735,5,0
DB00864,D140300,0,train,1.0,3.0,0.16068,0.0,0.02,0.0,0.7019975,0.5181808,0.70379317,0.0585365853658536,0.16068,0.0,0.06,0.0,2.1059925,1.5545424,2.11137951,0.1756097560975608,5,0
DB01042,D607685,0,train,1.0,3.0,0.22268,0.0,0.0,0.0,0.7016016,0.53987336,0.61642575,0.2083333333333333,0.22268,0.0,0.0,0.0,2.1048048,1.6196200799999998,1.84927725,0.6249999999999999,5,0
DB01202,D179800,0,train,0.0,5.0,0.18256,0.0,0.0,0.0,0.0,0.0,0.0,0.0,0.0,0.0,0.0,0.0,0.0,0.0,0.0,0.0,5,0
DB01042,D137800,0,train,1.0,3.0,0.29655,0.0,0.3571428571428571,0.0,0.80681324,0.8715693,0.6012986,0.2352941176470588,0.29655,0.0,1.0714285714285712,0.0,2.42043972,2.6147079,1.8038958,0.7058823529411764,5,0
DB00917,D250790,0,train,1.0,1.0,0.16178,0.0,0.0465116279069767,0.0,0.5545855,0.70707786,0.7710187,0.1111111111111111,0.16178,0.0,0.0465116279069767,0.0,0.5545855,0.70707786,0.7710187,0.1111111111111111,5,0
DB00444,D220120,0,train,1.0,2.0,0.19126,0.0,0.0,0.0,0.39014214,0.63008994,0.6083113,0.0124223602484472,0.19126,0.0,0.0,0.0,0.78028428,1.26017988,1.2166226,0.0248447204968944,5,0
DB00169,D601626,0,train,9.0,2.0,0.16386,0.0,0.1081081081081081,0.0,0.79743236,0.6514754,0.6322448,0.1764705882352941,1.4747400000000002,0.0,0.2162162162162162,0.0,1.59486472,1.3029508,1.2644896,0.3529411764705882,5,0
DB04861,D230800,0,train,1.0,1.0,0.2597,0.0,0.0212765957446808,0.0,0.63663846,0.7177904,0.7632349,0.1428571428571428,0.2597,0.0,0.0212765957446808,0.0,0.63663846,0.7177904,0.7632349,0.1428571428571428,5,0
DB00255,D161900,0,train,70.0,1.0,0.086127,0.4,0.2063492063492063,0.0,0.7324157,0.9525595,0.76896346,0.3431372549019608,6.02889,0.4,0.2063492063492063,0.0,0.7324157,0.9525595,0.76896346,0.3431372549019608,5,0
DB00514,D233810,0,train,10.0,8.0,0.18369,0.1428571428571428,0.2040816326530612,0.0,0.83331776,0.9011425,0.8728643,0.2452830188679245,1.8369,1.1428571428571423,1.6326530612244896,0.0,6.66654208,7.20914,6.9829144,1.962264150943396,5,0
DB00695,D260480,0,train,1.0,2.0,0.054743,0.0,0.0784313725490196,0.0,0.9065959,0.70623267,0.76738286,0.0672268907563025,0.054743,0.0,0.1568627450980392,0.0,1.8131918,1.41246534,1.53476572,0.134453781512605,5,0
DB00925,D121201,0,train,2.0,1.0,0.039539,0.0,0.1212121212121212,0.0,0.8368821,0.8769379,0.871221,0.3720930232558139,0.079078,0.0,0.1212121212121212,0.0,0.8368821,0.8769379,0.871221,0.3720930232558139,5,0
DB00527,D146850,0,train,1.0,1.0,0.13269,0.0,0.0,0.0,0.7073826,0.45894897,0.40537074,0.09,0.13269,0.0,0.0,0.0,0.7073826,0.45894897,0.40537074,0.09,5,0
DB04844,D263800,0,train,1.0,4.0,0.26507,0.0,0.0833333333333333,0.0,0.7356819,0.7488825,0.6183565,0.2156862745098039,0.26507,0.0,0.3333333333333332,0.0,2.9427276,2.99553,2.473426,0.8627450980392156,5,0
DB01577,D607628,0,train,4.0,2.0,0.15922,0.1153846153846153,0.1764705882352941,0.0,0.7803571,0.79745084,0.83729273,0.1372549019607843,0.63688,0.2307692307692306,0.3529411764705882,0.0,1.5607142,1.59490168,1.67458546,0.2745098039215686,5,0
DB00757,D200170,0,train,11.0,2.0,0.12675,0.0,0.2,0.0,0.7894147,0.8728627,0.86215043,0.2292993630573248,1.39425,0.0,0.4,0.0,1.5788294,1.7457254,1.72430086,0.4585987261146496,5,0
DB00843,D601665,0,train,6.0,1.0,0.070252,0.0,0.1538461538461538,0.0,0.790868,0.81735015,0.8078907,0.2197802197802197,0.421512,0.0,0.1538461538461538,0.0,0.790868,0.81735015,0.8078907,0.2197802197802197,5,0
DB01240,D261515,0,train,1.0,2.0,0.22913,0.0,0.0,0.0,0.34334043,0.7189237,0.50192404,0.0921052631578947,0.22913,0.0,0.0,0.0,0.68668086,1.4378474,1.00384808,0.1842105263157894,5,0
DB01058,D208300,0,train,5.0,1.0,0.076762,0.0,0.09375,0.0,0.6366414,0.76243544,0.7733377,0.2197802197802197,0.38381,0.0,0.09375,0.0,0.6366414,0.76243544,0.7733377,0.2197802197802197,5,0
DB01110,D312910,0,train,1.0,2.0,0.024375,0.0,0.0163934426229508,0.0,0.68319035,0.8496213,0.6478801,0.0597014925373134,0.024375,0.0,0.0327868852459016,0.0,1.3663807,1.6992426,1.2957602,0.1194029850746268,5,0
DB01017,D267730,0,train,6.0,1.0,0.0,0.0,0.0422535211267605,0.0,0.8056612,0.7833224,0.80346334,0.1739130434782608,0.0,0.0,0.0422535211267605,0.0,0.8056612,0.7833224,0.80346334,0.1739130434782608,5,0
DB00687,D192200,0,train,0.0,2.0,0.16829,0.0,0.0,0.0,0.0,0.0,0.0,0.0,0.0,0.0,0.0,0.0,0.0,0.0,0.0,0.0,5,0
DB00541,D602522,0,train,1.0,2.0,0.28475,0.0,0.14,0.0,0.79501444,0.8217626,0.78725,0.1363636363636363,0.28475,0.0,0.28,0.0,1.59002888,1.6435252,1.5745,0.2727272727272726,5,0
DB00413,D231900,0,train,1.0,3.0,0.15664,0.0,0.0697674418604651,0.0,0.5780274,0.7318732,0.7222421,0.0782608695652174,0.15664,0.0,0.2093023255813953,0.0,1.7340822,2.1956196,2.1667263,0.2347826086956522,5,0
DB01275,D104130,0,train,8.0,1.0,0.11077,0.0,0.08,0.0,0.8433174,0.82912093,0.85627824,0.1842105263157894,0.88616,0.0,0.08,0.0,0.8433174,0.82912093,0.85627824,0.1842105263157894,5,0
DB00352,D190400,0,train,3.0,1.0,0.046675,0.0,0.1875,0.0,0.83772945,0.8264315,0.7723911,0.0990990990990991,0.140025,0.0,0.1875,0.0,0.83772945,0.8264315,0.7723911,0.0990990990990991,5,0
DB00612,D102100,0,train,0.0,4.0,0.16687,0.0,0.0,0.0,0.0,0.0,0.0,0.0,0.0,0.0,0.0,0.0,0.0,0.0,0.0,0.0,5,0
DB00443,D266600,0,train,7.0,5.0,0.24366,0.0,0.1058823529411764,0.0,0.8356236,0.92092276,0.83626366,0.1417910447761194,1.70562,0.0,0.529411764705882,0.0,4.178118,4.6046138,4.1813183,0.708955223880597,5,0
DB00869,D208300,0,train,5.0,1.0,0.16835,0.0,0.2285714285714285,0.0,0.8332641,0.71652895,0.77270955,0.1372549019607843,0.84175,0.0,0.2285714285714285,0.0,0.8332641,0.71652895,0.77270955,0.1372549019607843,5,0
DB04272,D134510,0,train,1.0,1.0,0.10019,0.0,0.032258064516129,0.0,0.8052274,0.778441,0.0,0.1071428571428571,0.10019,0.0,0.032258064516129,0.0,0.8052274,0.778441,0.0,0.1071428571428571,5,0
DB00245,D208920,0,train,2.0,3.0,0.21246,0.0,0.0196078431372549,0.0,0.7063063,0.6985504,0.5835584,0.0603448275862069,0.42492,0.0,0.0588235294117647,0.0,2.1189189,2.0956512,1.7506752,0.1810344827586207,5,0
DB00419,D260480,0,train,1.0,6.0,0.20364,0.0,0.0,0.0,0.75930953,0.8229828,0.6585946,0.2087912087912088,0.20364,0.0,0.0,0.0,4.55585718,4.9378968,3.9515676,1.2527472527472527,5,0
DB00136,D127350,0,train,1.0,3.0,0.2377,0.0,0.0,0.0,0.78790784,0.7567846,0.5419843,0.1570247933884297,0.2377,0.0,0.0,0.0,2.36372352,2.2703538,1.6259529,0.4710743801652891,5,0
DB00927,D277460,0,train,2.0,2.0,0.16628,0.0,0.0192307692307692,0.0,0.79801893,0.85911083,0.7917552,0.0381679389312977,0.33256,0.0,0.0384615384615384,0.0,1.59603786,1.71822166,1.5835104,0.0763358778625954,5,0
DB00542,D270960,0,train,1.0,4.0,0.22586,1.0,0.631578947368421,0.0,0.8696687,0.781536,0.72795886,0.5614035087719298,0.22586,4.0,2.526315789473684,0.0,3.4786748,3.126144,2.91183544,2.245614035087719,5,0
DB01203,D188470,0,train,1.0,8.0,0.26509,0.0,0.0909090909090909,0.0,0.79695034,0.71504104,0.6651584,0.0568181818181818,0.26509,0.0,0.7272727272727272,0.0,6.37560272,5.72032832,5.3212672,0.4545454545454544,5,0
DB00289,D607682,0,train,5.0,0.0,0.0,0.0,0.1034482758620689,0.0,0.8530337,0.8286232,0.8654441,0.1290322580645161,0.0,0.0,0.0,0.0,0.0,0.0,0.0,0.0,5,0
DB00245,D217200,0,train,17.0,3.0,0.18811,0.2,0.2727272727272727,0.0,0.85497046,0.87560403,0.86424565,0.358695652173913,3.19787,0.6000000000000001,0.8181818181818181,0.0,2.56491138,2.62681209,2.59273695,1.076086956521739,5,0
DB00995,D145100,0,train,1.0,12.0,0.3034,0.0,0.0,0.0,0.69737697,0.744784,0.6195664,0.0495867768595041,0.3034,0.0,0.0,0.0,8.36852364,8.937408,7.434796799999999,0.5950413223140492,5,0
DB01067,D600131,0,train,5.0,7.0,0.31218,0.0,0.0454545454545454,0.0,0.73563915,0.64647996,0.788358,0.226950354609929,1.5609000000000002,0.0,0.3181818181818178,0.0,5.14947405,4.52535972,5.518506,1.588652482269503,5,0
DB00302,D147480,0,train,1.0,4.0,0.12998,0.0,0.0,0.0,0.81624144,0.7856595,0.6630078,0.0294117647058823,0.12998,0.0,0.0,0.0,3.26496576,3.142638,2.6520312,0.1176470588235292,5,0
DB00765,D247200,0,train,2.0,0.0,0.0,0.0,0.0357142857142857,0.0,0.83199024,0.7192785,0.83236635,0.0970873786407767,0.0,0.0,0.0,0.0,0.0,0.0,0.0,0.0,5,0
DB01064,D260970,0,train,3.0,4.0,0.076615,0.0,0.0975609756097561,0.0,0.7851572,0.79152393,0.76772165,0.1272727272727272,0.229845,0.0,0.3902439024390244,0.0,3.1406288,3.16609572,3.0708866,0.5090909090909088,5,0
DB00650,D168600,0,train,8.0,1.0,0.060936,0.0,0.0333333333333333,0.0,0.87382126,0.83530223,0.8486321,0.16,0.487488,0.0,0.0333333333333333,0.0,0.87382126,0.83530223,0.8486321,0.16,5,0
DB00412,D217200,0,train,17.0,3.0,0.24245,0.0769230769230769,0.2459016393442623,0.0,0.75056094,0.79866415,0.7598531,0.2524271844660194,4.12165,0.2307692307692307,0.7377049180327868,0.0,2.25168282,2.39599245,2.2795593,0.7572815533980582,5,0
DB01120,D241100,0,train,2.0,0.0,0.0,0.0,0.0227272727272727,0.0,0.7278341,0.80926585,0.7044161,0.1260504201680672,0.0,0.0,0.0,0.0,0.0,0.0,0.0,0.0,5,0
DB01188,D182280,0,train,5.0,1.0,0.019652,0.0,0.0476190476190476,0.0,0.8133013,0.89801145,0.831428,0.2195121951219512,0.09826,0.0,0.0476190476190476,0.0,0.8133013,0.89801145,0.831428,0.2195121951219512,5,0
DB00631,D137400,0,train,0.0,17.0,0.18442,0.0,0.0,0.0,0.0,0.0,0.0,0.0,0.0,0.0,0.0,0.0,0.0,0.0,0.0,0.0,5,0
DB00652,D218800,0,train,1.0,5.0,0.17824,0.0,0.0634920634920634,0.0,0.9100276,0.7872045,0.69134575,0.116504854368932,0.17824,0.0,0.317460317460317,0.0,4.5501380000000005,3.9360225,3.45672875,0.58252427184466,5,0
DB01197,D150600,0,train,5.0,1.0,0.017872,0.0,0.0638297872340425,0.0,0.8210778,0.7439528,0.7043333,0.087719298245614,0.08936,0.0,0.0638297872340425,0.0,0.8210778,0.7439528,0.7043333,0.087719298245614,5,0
DB01185,D601665,0,train,6.0,2.0,0.13548,0.2727272727272727,0.1034482758620689,0.0,0.7981329,0.8802922,0.7951229,0.4175824175824176,0.8128799999999999,0.5454545454545454,0.2068965517241378,0.0,1.5962658,1.7605844,1.5902458,0.8351648351648352,5,0
DB01063,D125700,0,train,3.0,2.0,0.13463,0.0,0.088235294117647,0.0,0.8248936,0.8808701,0.6491228,0.1739130434782608,0.4038899999999999,0.0,0.176470588235294,0.0,1.6497872,1.7617402,1.2982456,0.3478260869565216,5,0
DB00650,D127750,0,train,0.0,1.0,0.025006,0.0,0.0,0.0,0.0,0.0,0.0,0.0,0.0,0.0,0.0,0.0,0.0,0.0,0.0,0.0,5,0
DB00929,D174800,0,train,2.0,1.0,0.16241,0.0,0.0196078431372549,0.0,0.77672035,0.79418904,0.78029495,0.112781954887218,0.32482,0.0,0.0196078431372549,0.0,0.77672035,0.79418904,0.78029495,0.112781954887218,5,0
DB01136,D150699,0,train,1.0,2.0,0.09064,0.0,0.0,0.0,0.6520735,0.59724504,0.74164635,0.1458333333333333,0.09064,0.0,0.0,0.0,1.304147,1.19449008,1.4832927,0.2916666666666666,5,0
DB00952,D179830,0,train,1.0,1.0,0.023731,0.0,0.0,0.0,0.66993856,0.6065421,0.6345578,0.0138888888888888,0.023731,0.0,0.0,0.0,0.66993856,0.6065421,0.6345578,0.0138888888888888,5,0
DB00642,D607628,0,train,4.0,1.0,0.047022,0.0,0.0967741935483871,0.0,0.72768635,0.8075446,0.79251236,0.2127659574468085,0.188088,0.0,0.0967741935483871,0.0,0.72768635,0.8075446,0.79251236,0.2127659574468085,5,0
DB00846,D190300,0,train,4.0,1.0,0.17905,0.0,0.0625,0.0,0.7830395,0.71615446,0.63815635,0.1313868613138686,0.7162,0.0,0.0625,0.0,0.7830395,0.71615446,0.63815635,0.1313868613138686,5,0
DB01062,D607850,0,train,14.0,1.0,0.089751,0.375,0.18,0.0,0.77274674,0.8522863,0.81161964,0.2641509433962264,1.256514,0.375,0.18,0.0,0.77274674,0.8522863,0.81161964,0.2641509433962264,5,0
DB00814,D143880,0,train,5.0,2.0,0.19071,0.0,0.0625,0.0,0.81614685,0.7357035,0.79972625,0.1782945736434108,0.95355,0.0,0.125,0.0,1.6322937,1.471407,1.5994525,0.3565891472868216,5,0
DB00956,D165199,0,train,6.0,3.0,0.0,0.0,0.1363636363636363,0.0,0.8473675,0.81558585,0.80620885,0.125,0.0,0.0,0.4090909090909089,0.0,2.5421025000000004,2.44675755,2.41862655,0.375,5,0
DB00933,D263300,0,train,2.0,4.0,0.02595,0.0,0.0204081632653061,0.0,0.72266674,0.7709819,0.7152224,0.1486486486486486,0.0519,0.0,0.0816326530612244,0.0,2.89066696,3.0839276,2.8608896,0.5945945945945944,5,0
DB00343,D304790,0,train,8.0,2.0,0.13286,0.0,0.1272727272727272,0.0,0.82562125,0.7744329,0.8610116,0.2136752136752136,1.06288,0.0,0.2545454545454544,0.0,1.6512425,1.5488658,1.7220232,0.4273504273504272,5,0
DB01162,D150699,0,train,1.0,2.0,0.11089,0.0,0.0,0.0,0.8201123,0.6906259,0.6198424,0.0878378378378378,0.11089,0.0,0.0,0.0,1.6402246,1.3812518,1.2396848,0.1756756756756756,5,0
DB00494,D601004,0,train,1.0,1.0,0.0,0.0,0.0303030303030303,0.0,0.8333025,0.70694745,0.7262667,0.1074380165289256,0.0,0.0,0.0303030303030303,0.0,0.8333025,0.70694745,0.7262667,0.1074380165289256,5,0
DB01169,D125320,0,train,13.0,1.0,0.10547,0.0465116279069767,0.1470588235294117,0.0,0.8484539,0.8269406,0.77289224,0.0365853658536585,1.3711099999999998,0.0465116279069767,0.1470588235294117,0.0,0.8484539,0.8269406,0.77289224,0.0365853658536585,5,0
DB00257,D208230,0,train,16.0,1.0,0.098971,0.2,0.1527777777777778,0.0,0.8460244,0.7874165,0.83092797,0.2457627118644068,1.583536,0.2,0.1527777777777778,0.0,0.8460244,0.7874165,0.83092797,0.2457627118644068,5,0
DB01181,D606842,0,train,1.0,0.0,0.0,0.0,0.0363636363636363,0.0,0.73193145,0.7604961,0.71343005,0.0354609929078014,0.0,0.0,0.0,0.0,0.0,0.0,0.0,0.0,5,0
DB00775,D270960,0,train,1.0,10.0,0.026685,0.0,0.0384615384615384,0.0,0.79342437,0.6682405,0.7532639,0.2068965517241379,0.026685,0.0,0.384615384615384,0.0,7.9342437,6.682405,7.532639,2.068965517241379,5,0
DB00988,D263300,0,train,2.0,4.0,0.21029,0.0,0.0,0.0,0.7015091,0.6315071,0.67906255,0.1160714285714285,0.42058,0.0,0.0,0.0,2.8060364,2.5260284,2.7162502,0.464285714285714,5,0
DB00947,D160300,0,train,1.0,0.0,0.0,0.0,0.0571428571428571,0.0,0.61537164,0.6646515,0.3585601,0.037037037037037,0.0,0.0,0.0,0.0,0.0,0.0,0.0,0.0,5,0
DB01017,D607499,0,train,2.0,1.0,0.18854,0.0416666666666666,0.0227272727272727,0.0,0.6906482,0.60660756,0.67944866,0.1215469613259668,0.37708,0.0416666666666666,0.0227272727272727,0.0,0.6906482,0.60660756,0.67944866,0.1215469613259668,5,0
DB01238,D136200,0,train,2.0,3.0,0.0,0.0,0.140625,0.0,0.7870439,0.72322,0.61167854,0.1363636363636363,0.0,0.0,0.421875,0.0,2.3611317,2.16966,1.83503562,0.4090909090909089,5,0
DB00966,D109200,0,train,0.0,2.0,0.14486,0.0,0.0,0.0,0.0,0.0,0.0,0.0,0.0,0.0,0.0,0.0,0.0,0.0,0.0,0.0,5,0
DB00704,D137750,0,train,9.0,3.0,0.13835,0.125,0.0847457627118644,0.0,0.8051731,0.824733,0.85102457,0.1666666666666666,1.24515,0.375,0.2542372881355932,0.0,2.4155193,2.474199,2.55307371,0.4999999999999998,5,0
DB01320,D178600,0,train,5.0,0.0,0.0,0.0,0.0735294117647058,0.0,0.78357023,0.82520354,0.8056327,0.2622950819672131,0.0,0.0,0.0,0.0,0.0,0.0,0.0,0.0,5,0
DB00489,D145600,0,train,1.0,4.0,0.32625,0.0,0.0172413793103448,0.0,0.6586982,0.75604886,0.7583525,0.1020408163265306,0.32625,0.0,0.0689655172413792,0.0,2.6347928,3.02419544,3.03341,0.4081632653061224,5,0
DB01086,D212112,0,train,0.0,4.0,0.1398,0.0,0.0,0.0,0.0,0.0,0.0,0.0,0.0,0.0,0.0,0.0,0.0,0.0,0.0,0.0,5,0
DB01086,D250790,0,train,1.0,4.0,0.21055,0.0,0.0,0.0,0.45944992,0.46627748,0.630215,0.0666666666666666,0.21055,0.0,0.0,0.0,1.83779968,1.86510992,2.52086,0.2666666666666664,5,0
DB01403,D259050,0,train,1.0,3.0,0.30612,0.0,0.0869565217391304,0.0,0.746788,0.742826,0.6163242,0.1649484536082474,0.30612,0.0,0.2608695652173912,0.0,2.240364,2.228478,1.8489726,0.4948453608247422,5,0
DB00175,D264120,0,train,8.0,0.0,0.0,0.0,0.0925925925925925,0.0,0.85458946,0.86021817,0.7945225,0.1367521367521367,0.0,0.0,0.0,0.0,0.0,0.0,0.0,0.0,5,0
DB00175,D601518,0,train,3.0,0.0,0.0,0.0,0.0625,0.0,0.7488942,0.85322195,0.7816056,0.1023890784982935,0.0,0.0,0.0,0.0,0.0,0.0,0.0,0.0,5,0
DB00736,D182830,0,train,2.0,3.0,0.1857,0.0,0.1515151515151515,0.0,0.8594506,0.8694433,0.8431367,0.125,0.3714,0.0,0.4545454545454545,0.0,2.5783518,2.6083299,2.5294101,0.375,5,0
DB01133,D188470,0,train,1.0,3.0,0.13451,0.0,0.0,0.0,0.680569,0.5844053,0.7519742,0.0266666666666666,0.13451,0.0,0.0,0.0,2.041707,1.7532159,2.2559226,0.0799999999999998,5,0
DB09026,D107320,0,train,1.0,2.0,0.089979,0.0,0.0714285714285714,0.0,0.7338984,0.50325245,0.5081418,0.0985915492957746,0.089979,0.0,0.1428571428571428,0.0,1.4677968,1.0065049,1.0162836,0.1971830985915492,5,0
DB00775,D308205,0,train,2.0,10.0,0.31435,0.0,0.0333333333333333,0.0,0.7455852,0.7866676,0.8860964,0.1623931623931624,0.6287,0.0,0.333333333333333,0.0,7.455851999999999,7.866676,8.860964,1.623931623931624,5,0
DB00346,D194200,0,train,2.0,3.0,0.27239,0.0,0.1363636363636363,0.0,0.7686515,0.77681386,0.69538057,0.1548387096774193,0.54478,0.0,0.4090909090909089,0.0,2.3059545000000004,2.33044158,2.08614171,0.4645161290322579,5,0
DB00559,D605839,0,train,6.0,15.0,0.42005,0.0,0.0862068965517241,0.0,0.8844471,0.8359523,0.7577887,0.1987951807228915,2.5203,0.0,1.2931034482758614,0.0,13.266706500000002,12.5392845,11.3668305,2.981927710843373,5,0
DB00604,D608320,0,train,4.0,6.0,0.093642,0.0434782608695652,0.135593220338983,0.0,0.76491547,0.7345906,0.7985164,0.2342342342342342,0.374568,0.2608695652173912,0.8135593220338979,0.0,4.58949282,4.4075436,4.7910984,1.4054054054054053,5,0
DB00177,D246470,0,train,5.0,1.0,0.0,0.0,0.0625,0.0,0.790427,0.78518426,0.729796,0.2314049586776859,0.0,0.0,0.0625,0.0,0.790427,0.78518426,0.729796,0.2314049586776859,5,0
DB00304,D606798,0,train,1.0,2.0,0.0,0.0,0.0535714285714285,0.0,0.6889596,0.74170935,0.7129545,0.0697674418604651,0.0,0.0,0.107142857142857,0.0,1.3779192,1.4834187,1.425909,0.1395348837209302,5,0
DB00741,D212112,0,train,0.0,2.0,0.0,0.0,0.0,0.0,0.0,0.0,0.0,0.0,0.0,0.0,0.0,0.0,0.0,0.0,0.0,0.0,5,0
DB01009,D212140,0,train,1.0,1.0,0.19553,0.2,0.3584905660377358,0.0,0.8487369,0.8865928,0.8739294,0.2777777777777778,0.19553,0.2,0.3584905660377358,0.0,0.8487369,0.8865928,0.8739294,0.2777777777777778,5,0
DB01029,D137580,0,train,2.0,2.0,0.10642,0.0,0.056338028169014,0.0,0.85971856,0.81831104,0.6167176,0.2137931034482758,0.21284,0.0,0.112676056338028,0.0,1.71943712,1.63662208,1.2334352,0.4275862068965516,5,0
DB01110,D156190,0,train,1.0,2.0,0.027664,0.0138888888888888,0.0,0.0,0.6692715,0.76495636,0.57750666,0.1121495327102803,0.027664,0.0277777777777776,0.0,0.0,1.338543,1.52991272,1.15501332,0.2242990654205606,5,0
DB00912,D263300,0,train,2.0,2.0,0.15897,0.0,0.0789473684210526,0.0,0.6999498,0.8277659,0.5775283,0.2207792207792207,0.31794,0.0,0.1578947368421052,0.0,1.3998996,1.6555318,1.1550566,0.4415584415584414,5,0
DB00848,D166710,0,train,6.0,5.0,0.15998,0.0,0.03125,0.0,0.80144644,0.7882978,0.7407061,0.1585365853658536,0.95988,0.0,0.15625,0.0,4.0072322,3.941489,3.7035305,0.792682926829268,5,0
DB01156,D607554,0,train,10.0,1.0,0.081643,0.0869565217391304,0.1612903225806451,0.0,0.8188335,0.8416731,0.78224736,0.1818181818181818,0.81643,0.0869565217391304,0.1612903225806451,0.0,0.8188335,0.8416731,0.78224736,0.1818181818181818,5,0
DB00489,D175100,0,train,1.0,4.0,0.2483,0.1666666666666666,0.0655737704918032,0.0,0.746114,0.591699,0.68831205,0.1219512195121951,0.2483,0.6666666666666664,0.2622950819672128,0.0,2.984456,2.366796,2.7532482,0.4878048780487804,5,0
DB00637,D144010,0,train,8.0,1.0,0.1714,0.2,0.1851851851851851,0.0,0.7412013,0.85251033,0.66643083,0.2448979591836734,1.3712,0.2,0.1851851851851851,0.0,0.7412013,0.85251033,0.66643083,0.2448979591836734,5,0
DB00178,D137800,0,train,1.0,2.0,0.1899,0.0,0.0,0.0,0.63377875,0.7345142,0.7626045,0.074074074074074,0.1899,0.0,0.0,0.0,1.2675575,1.4690284,1.525209,0.148148148148148,5,0
DB00302,D143880,0,train,5.0,4.0,0.13517,0.0,0.0333333333333333,0.0,0.79998314,0.804628,0.7928258,0.0892857142857142,0.6758500000000001,0.0,0.1333333333333332,0.0,3.19993256,3.218512,3.1713032,0.3571428571428568,5,0
DB00806,D156190,0,train,1.0,4.0,0.085442,0.0,0.04,0.0,0.80401444,0.68941724,0.662397,0.0967741935483871,0.085442,0.0,0.16,0.0,3.21605776,2.75766896,2.649588,0.3870967741935484,5,0
DB00328,D248190,0,train,1.0,4.0,0.0999,0.0,0.0869565217391304,0.0,0.78405696,0.66059524,0.66336155,0.1339285714285714,0.0999,0.0,0.3478260869565216,0.0,3.13622784,2.64238096,2.6534462,0.5357142857142856,5,0
DB01033,D607498,0,train,1.0,3.0,0.23727,0.0,0.0181818181818181,0.0,0.70084965,0.66852677,0.6492795,0.07,0.23727,0.0,0.0545454545454543,0.0,2.10254895,2.00558031,1.9478385,0.21,5,0
DB01182,D277440,0,train,2.0,3.0,0.26056,0.0,0.074074074074074,0.0,0.7133399,0.7198732,0.68576497,0.0620689655172413,0.52112,0.0,0.222222222222222,0.0,2.1400197,2.1596196,2.05729491,0.1862068965517239,5,0
DB00623,D178600,0,train,5.0,2.0,0.11019,0.0869565217391304,0.21875,0.0,0.7682075,0.82862896,0.7025014,0.3007518796992481,0.5509499999999999,0.1739130434782608,0.4375,0.0,1.536415,1.65725792,1.4050028,0.6015037593984962,5,0
DB00499,D607628,0,train,4.0,4.0,0.17651,0.0,0.081967213114754,0.0,0.7693134,0.8539692,0.7394937,0.12,0.70604,0.0,0.327868852459016,0.0,3.0772536,3.4158768,2.9579748,0.48,5,0
DB01262,D608217,0,train,1.0,0.0,0.0,0.0,0.015625,0.0,0.57875156,0.593703,0.6875709,0.0412371134020618,0.0,0.0,0.0,0.0,0.0,0.0,0.0,0.0,5,0
DB00547,D300232,0,train,1.0,1.0,0.17794,0.0,0.0,0.0,0.77303076,0.68757355,0.6815344,0.110091743119266,0.17794,0.0,0.0,0.0,0.77303076,0.68757355,0.6815344,0.110091743119266,5,0
DB00213,D608217,0,train,1.0,2.0,0.13199,0.0,0.072463768115942,0.0,0.7744202,0.6831808,0.839104,0.1403508771929824,0.13199,0.0,0.144927536231884,0.0,1.5488404,1.3663616,1.678208,0.2807017543859648,5,0
DB01058,D608033,0,train,3.0,1.0,0.051706,0.0,0.0909090909090909,0.0,0.7003038,0.78525275,0.7587137,0.1046511627906976,0.155118,0.0,0.0909090909090909,0.0,0.7003038,0.78525275,0.7587137,0.1046511627906976,5,0
DB00871,D110100,0,train,6.0,1.0,0.020167,0.0967741935483871,0.0789473684210526,0.0,0.7927778,0.81668854,0.8404925,0.1276595744680851,0.121002,0.0967741935483871,0.0789473684210526,0.0,0.7927778,0.81668854,0.8404925,0.1276595744680851,5,0
DB00190,D256370,0,train,5.0,3.0,0.0,0.0,0.0512820512820512,0.0,0.84599394,0.8264435,0.795257,0.1780821917808219,0.0,0.0,0.1538461538461535,0.0,2.53798182,2.4793305,2.385771,0.5342465753424657,5,0
DB00302,D157950,0,train,3.0,4.0,0.14652,0.0,0.0357142857142857,0.0,0.85305,0.8587183,0.8352079,0.0769230769230769,0.43956,0.0,0.1428571428571428,0.0,3.4122,3.4348732,3.3408316,0.3076923076923076,5,0
DB01132,D115195,0,train,1.0,2.0,0.065591,0.0,0.0285714285714285,0.0,0.72032785,0.66426384,0.8220626,0.0638297872340425,0.065591,0.0,0.057142857142857,0.0,1.4406557,1.32852768,1.6441252,0.127659574468085,5,0
DB00636,D304790,0,train,8.0,0.0,0.0,0.0,0.1159420289855072,0.0,0.84440184,0.7995561,0.8027539,0.18,0.0,0.0,0.0,0.0,0.0,0.0,0.0,0.0,5,0
DB01043,D115000,0,train,11.0,1.0,0.0,0.3333333333333333,0.1724137931034483,0.0,0.8054055,0.86111534,0.8840405,0.0806451612903225,0.0,0.3333333333333333,0.1724137931034483,0.0,0.8054055,0.86111534,0.8840405,0.0806451612903225,5,0
DB00744,D601626,0,train,9.0,4.0,0.17741,0.0,0.123076923076923,0.0,0.8588296,0.8308125,0.8399728,0.1704545454545454,1.5966900000000002,0.0,0.492307692307692,0.0,3.4353184,3.32325,3.3598912,0.6818181818181815,5,0
DB00992,D125851,0,train,11.0,9.0,0.12339,0.0,0.0294117647058823,0.0,0.7642507,0.7165097,0.64374393,0.1341463414634146,1.35729,0.0,0.2647058823529407,0.0,6.878256299999999,6.4485873,5.79369537,1.2073170731707312,5,0
DB00800,D217200,0,train,17.0,2.0,0.02677,0.4444444444444444,0.2,0.0,0.8840446,0.8041891,0.7767319,0.17,0.45509,0.8888888888888888,0.4,0.0,1.7680892,1.6083782,1.5534638,0.34,5,0
DB00771,D254450,0,train,1.0,3.0,0.10676,0.0,0.0,0.0,0.6952671,0.72212,0.68074393,0.1300813008130081,0.10676,0.0,0.0,0.0,2.0858013,2.16636,2.04223179,0.3902439024390243,5,0
DB00764,D179830,0,train,1.0,1.0,0.15614,0.0,0.024390243902439,0.0,0.33557856,0.6334074,0.74213314,0.0375,0.15614,0.0,0.024390243902439,0.0,0.33557856,0.6334074,0.74213314,0.0375,5,0
DB00320,D156000,0,train,2.0,0.0,0.0,0.0,0.0952380952380952,0.0,0.8102329,0.80407137,0.7250021,0.2049180327868852,0.0,0.0,0.0,0.0,0.0,0.0,0.0,0.0,5,0
DB01204,D189600,0,train,2.0,5.0,0.13321,0.0,0.0508474576271186,0.0,0.7699568,0.6932256,0.6823818,0.1374045801526717,0.26642,0.0,0.254237288135593,0.0,3.849784,3.466128,3.411909,0.6870229007633586,5,0
DB00787,D102400,0,train,1.0,11.0,0.34475,0.0,0.025,0.0,0.76882696,0.6790686,0.69516957,0.0704225352112676,0.34475,0.0,0.275,0.0,8.45709656,7.4697546,7.64686527,0.7746478873239435,5,0
DB00216,D121200,0,train,0.0,6.0,0.21385,0.0,0.0,0.0,0.0,0.0,0.0,0.0,0.0,0.0,0.0,0.0,0.0,0.0,0.0,0.0,5,0
DB01395,D608217,0,train,1.0,2.0,0.1358,0.0,0.0461538461538461,0.0,0.7245431,0.8334231,0.8618327,0.046875,0.1358,0.0,0.0923076923076922,0.0,1.4490862,1.6668462,1.7236654,0.09375,5,0
DB01129,D175510,0,train,1.0,3.0,0.089657,0.0,0.0129870129870129,0.0,0.77907526,0.60245514,0.63184965,0.1134751773049645,0.089657,0.0,0.0389610389610386,0.0,2.3372257800000003,1.80736542,1.89554895,0.3404255319148935,5,0
DB00153,D104300,0,train,5.0,2.0,0.23772,0.1724137931034483,0.0303030303030303,0.0,0.58805764,0.783609,0.6937105,0.0466666666666666,1.1886,0.3448275862068966,0.0606060606060606,0.0,1.17611528,1.567218,1.387421,0.0933333333333332,5,0
DB00278,D151590,0,train,6.0,1.0,0.088912,0.0,0.1351351351351351,0.0,0.83240485,0.8185649,0.84918964,0.1494252873563218,0.5334720000000001,0.0,0.1351351351351351,0.0,0.83240485,0.8185649,0.84918964,0.1494252873563218,5,0
DB00508,D241100,0,train,2.0,1.0,0.039603,0.2222222222222222,0.4,0.0,0.7518499,0.90550065,0.75042814,0.59375,0.079206,0.2222222222222222,0.4,0.0,0.7518499,0.90550065,0.75042814,0.59375,5,0
DB00334,D208550,0,train,27.0,2.0,0.1848,0.4888888888888889,0.2638888888888889,0.0,0.8801513,0.890163,0.9004941,0.2463768115942029,4.989599999999999,0.9777777777777776,0.5277777777777778,0.0,1.7603026,1.780326,1.8009882,0.4927536231884058,5,0
DB01098,D157700,0,train,8.0,1.0,0.16943,0.0,0.1014492753623188,0.0,0.9007154,0.8148313,0.8234863,0.1848739495798319,1.35544,0.0,0.1014492753623188,0.0,0.9007154,0.8148313,0.8234863,0.1848739495798319,5,0
DB00580,D602080,0,train,5.0,1.0,0.16947,0.0,0.12,0.0,0.7671763,0.78600043,0.67691326,0.2072072072072072,0.84735,0.0,0.12,0.0,0.7671763,0.78600043,0.67691326,0.2072072072072072,5,0
DB00622,D264120,0,train,8.0,1.0,0.19063,0.16,0.1625,0.0,0.7740136,0.80456805,0.8135583,0.2,1.52504,0.16,0.1625,0.0,0.7740136,0.80456805,0.8135583,0.2,5,0
DB00570,D607498,0,train,1.0,8.0,0.76944,0.0,0.123076923076923,0.0,0.6167395,0.56676966,0.76755124,0.1682692307692307,0.76944,0.0,0.984615384615384,0.0,4.933916,4.53415728,6.14040992,1.3461538461538456,5,0
DB00549,D601042,0,train,7.0,1.0,0.20082,0.0,0.2807017543859649,0.0,0.8279558,0.83432555,0.7541524,0.2256410256410256,1.40574,0.0,0.2807017543859649,0.0,0.8279558,0.83432555,0.7541524,0.2256410256410256,5,0
DB00937,D212130,0,train,1.0,1.0,0.0,0.0,0.0256410256410256,0.0,0.55576944,0.5851518,0.6956967,0.2063492063492063,0.0,0.0,0.0256410256410256,0.0,0.55576944,0.5851518,0.6956967,0.2063492063492063,5,0
DB00687,D175100,0,train,1.0,2.0,0.19139,0.0,0.0535714285714285,0.0,0.7581224,0.62048376,0.74040794,0.1088435374149659,0.19139,0.0,0.107142857142857,0.0,1.5162448,1.24096752,1.48081588,0.2176870748299318,5,0
DB01068,D600496,0,train,12.0,2.0,0.043164,0.1458333333333333,0.2,0.0,0.8517963,0.86745924,0.77169454,0.2647058823529412,0.517968,0.2916666666666666,0.4,0.0,1.7035926,1.73491848,1.54338908,0.5294117647058824,5,0
DB00162,D137750,0,train,9.0,1.0,0.15196,0.0,0.0405405405405405,0.0,0.69939417,0.67806375,0.685989,0.0990990990990991,1.3676400000000002,0.0,0.0405405405405405,0.0,0.69939417,0.67806375,0.685989,0.0990990990990991,5,0
DB00924,D137580,0,train,2.0,1.0,0.16081,0.1142857142857142,0.2333333333333333,0.0,0.5870663,0.5955618,0.72979647,0.1532258064516129,0.32162,0.1142857142857142,0.2333333333333333,0.0,0.5870663,0.5955618,0.72979647,0.1532258064516129,5,0
DB01033,D311360,0,train,3.0,3.0,0.10089,0.0,0.04,0.0,0.7364042,0.7821692,0.76742053,0.0641025641025641,0.30267,0.0,0.12,0.0,2.2092126,2.3465076,2.30226159,0.1923076923076923,5,0
DB00338,D188030,0,train,5.0,1.0,0.056859,0.0,0.2051282051282051,0.0,0.8659687,0.7255032,0.6002277,0.174496644295302,0.284295,0.0,0.2051282051282051,0.0,0.8659687,0.7255032,0.6002277,0.174496644295302,5,0
DB00508,D103100,0,train,0.0,1.0,0.11185,0.0,0.0,0.0,0.0,0.0,0.0,0.0,0.0,0.0,0.0,0.0,0.0,0.0,0.0,0.0,5,0
DB00993,D161900,0,train,70.0,1.0,0.23624,0.0,0.25,0.0,0.86997736,0.8986386,0.8417922,0.1489361702127659,16.5368,0.0,0.25,0.0,0.86997736,0.8986386,0.8417922,0.1489361702127659,5,0
DB00278,D217150,0,train,1.0,1.0,0.045881,0.0,0.0943396226415094,0.0,0.6952076,0.75332534,0.6721669,0.0684931506849315,0.045881,0.0,0.0943396226415094,0.0,0.6952076,0.75332534,0.6721669,0.0684931506849315,5,0
DB00201,D217150,0,train,1.0,3.0,0.18469,0.0,0.1290322580645161,0.0,0.6496915,0.7345668,0.6316462,0.1149425287356321,0.18469,0.0,0.3870967741935482,0.0,1.9490745,2.2037004,1.8949386,0.3448275862068963,5,0
DB00697,D143500,0,train,1.0,0.0,0.0,0.0,0.1833333333333333,0.0,0.83890057,0.9239926,0.85075146,0.0721649484536082,0.0,0.0,0.0,0.0,0.0,0.0,0.0,0.0,5,0
DB00915,D277460,0,train,2.0,1.0,0.0,0.0,0.0,0.0,0.8245559,0.7917301,0.73142684,0.1067961165048543,0.0,0.0,0.0,0.0,0.8245559,0.7917301,0.73142684,0.1067961165048543,5,0
DB00642,D157950,0,train,3.0,1.0,0.10348,0.0,0.0408163265306122,0.0,0.7003361,0.7928273,0.7872067,0.188034188034188,0.31044,0.0,0.0408163265306122,0.0,0.7003361,0.7928273,0.7872067,0.188034188034188,5,0
DB01219,D540000,0,train,4.0,1.0,0.15184,0.0,0.0769230769230769,0.0,0.7020941,0.75741535,0.79117143,0.1538461538461538,0.60736,0.0,0.0769230769230769,0.0,0.7020941,0.75741535,0.79117143,0.1538461538461538,5,0
DB00852,D607681,0,train,4.0,3.0,0.11023,0.054054054054054,0.0845070422535211,0.0,0.78960884,0.79708433,0.753043,0.1333333333333333,0.44092,0.162162162162162,0.2535211267605632,0.0,2.36882652,2.39125299,2.259129,0.3999999999999999,5,0
DB00333,D304790,0,train,8.0,3.0,0.19575,0.0,0.108695652173913,0.0,0.84708136,0.835984,0.8102007,0.3888888888888889,1.566,0.0,0.326086956521739,0.0,2.54124408,2.507952,2.4306021,1.1666666666666667,5,0
DB00938,D607459,0,train,16.0,1.0,0.089522,0.0,0.1527777777777778,0.0,0.83386624,0.8101647,0.8685372,0.2121212121212121,1.432352,0.0,0.1527777777777778,0.0,0.83386624,0.8101647,0.8685372,0.2121212121212121,5,0
DB00707,D133239,0,train,3.0,2.0,0.1282,0.0,0.0185185185185185,0.0,0.7816652,0.6584681,0.7206775,0.0856164383561643,0.3846,0.0,0.037037037037037,0.0,1.5633304,1.3169362,1.441355,0.1712328767123286,5,0
DB01050,D304900,0,train,2.0,1.0,0.0,0.0,0.0259740259740259,0.0,0.7306006,0.5961696,0.7710457,0.084070796460177,0.0,0.0,0.0259740259740259,0.0,0.7306006,0.5961696,0.7710457,0.084070796460177,5,0
DB01217,D230800,0,train,1.0,8.0,0.26664,0.0,0.0208333333333333,0.0,0.6100022,0.7477836,0.7516966,0.0614035087719298,0.26664,0.0,0.1666666666666664,0.0,4.8800176,5.9822688,6.0135728,0.4912280701754384,5,0
DB00385,D256370,0,train,5.0,1.0,0.0,0.5,0.3055555555555556,0.0,0.83973503,0.86919427,0.65736693,0.6283783783783784,0.0,0.5,0.3055555555555556,0.0,0.83973503,0.86919427,0.65736693,0.6283783783783784,5,0
DB00687,D225755,0,train,2.0,2.0,0.14699,0.0,0.0491803278688524,0.0,0.7988685,0.77709,0.81771004,0.0681818181818181,0.29398,0.0,0.0983606557377048,0.0,1.597737,1.55418,1.63542008,0.1363636363636362,5,0
DB00936,D206200,0,train,2.0,2.0,0.19285,0.0,0.0535714285714285,0.0,0.6396676,0.8187403,0.79650086,0.1313131313131313,0.3857,0.0,0.107142857142857,0.0,1.2793352,1.6374806,1.59300172,0.2626262626262626,5,0
DB13919,D137580,0,train,2.0,2.0,0.10785,0.0,0.050632911392405,0.0,0.84434634,0.55753714,0.0,0.1710526315789473,0.2157,0.0,0.10126582278481,0.0,1.68869268,1.11507428,0.0,0.3421052631578946,5,0
DB01224,D166300,0,train,4.0,2.0,0.13534,0.0,0.0512820512820512,0.0,0.68235564,0.6472236,0.67851114,0.123076923076923,0.54136,0.0,0.1025641025641024,0.0,1.36471128,1.2944472,1.35702228,0.246153846153846,5,0
DB00318,D145600,0,train,1.0,2.0,0.10988,0.0,0.0689655172413793,0.0,0.65931964,0.6897413,0.69179654,0.0884955752212389,0.10988,0.0,0.1379310344827586,0.0,1.31863928,1.3794826,1.38359308,0.1769911504424778,5,0
DB01075,D602068,0,train,2.0,1.0,0.13123,0.0,0.032258064516129,0.0,0.7433875,0.7291243,0.75344247,0.1636363636363636,0.26246,0.0,0.032258064516129,0.0,0.7433875,0.7291243,0.75344247,0.1636363636363636,5,0
DB00376,D107320,0,train,1.0,1.0,0.079,0.0,0.0,0.0,0.73781884,0.6894829,0.49059638,0.125,0.079,0.0,0.0,0.0,0.73781884,0.6894829,0.49059638,0.125,5,0
DB00672,D608320,0,train,4.0,3.0,0.15636,0.0,0.0701754385964912,0.0,0.75344104,0.75559074,0.77354604,0.2236842105263158,0.62544,0.0,0.2105263157894736,0.0,2.26032312,2.26677222,2.32063812,0.6710526315789473,5,0
DB01008,D217150,0,train,1.0,5.0,0.18469,0.0,0.109090909090909,0.0,0.68692195,0.66992474,0.72057986,0.032258064516129,0.18469,0.0,0.545454545454545,0.0,3.43460975,3.3496237,3.6028993,0.161290322580645,5,0
DB01085,D109100,0,train,7.0,2.0,0.081763,0.6,0.0921052631578947,0.0,0.885553,0.85023093,0.6827727,0.1149425287356321,0.572341,1.2,0.1842105263157894,0.0,1.771106,1.70046186,1.3655454,0.2298850574712642,5,0
DB00419,D146110,0,train,1.0,6.0,0.24789,0.0,0.0263157894736842,0.0,0.71528184,0.8381234,0.77476245,0.05,0.24789,0.0,0.1578947368421052,0.0,4.29169104,5.0287404,4.6485747,0.3,5,0
DB00244,D175100,0,train,1.0,1.0,0.32876,0.0,0.0185185185185185,0.0,0.70789194,0.71987855,0.76388586,0.1442307692307692,0.32876,0.0,0.0185185185185185,0.0,0.70789194,0.71987855,0.76388586,0.1442307692307692,5,0
DB00957,D165150,0,train,0.0,4.0,0.069231,0.0,0.0,0.0,0.0,0.0,0.0,0.0,0.0,0.0,0.0,0.0,0.0,0.0,0.0,0.0,5,0
DB00631,D217200,0,train,17.0,17.0,0.24501,0.0,0.0681818181818181,0.0,0.703589,0.85845137,0.7734887,0.1447368421052631,4.16517,0.0,1.1590909090909076,0.0,11.961013,14.593673290000002,13.1493079,2.460526315789473,5,0
DB01267,D134750,0,train,1.0,2.0,0.067138,0.0,0.0491803278688524,0.0,0.6295714,0.7375823,0.65828437,0.1,0.067138,0.0,0.0983606557377048,0.0,1.2591428,1.4751646,1.31656874,0.2,5,0
DB00675,D210050,0,train,9.0,3.0,0.24143,0.0,0.2289156626506024,0.0,0.70282376,0.83896977,0.8487522,0.2411347517730496,2.17287,0.0,0.6867469879518072,0.0,2.10847128,2.51690931,2.5462566,0.7234042553191489,5,0
DB00695,D156190,0,train,1.0,2.0,0.18444,0.0,0.0535714285714285,0.0,0.8074894,0.8458025,0.7956455,0.1666666666666666,0.18444,0.0,0.107142857142857,0.0,1.6149788,1.691605,1.591291,0.3333333333333332,5,0
DB00327,D246470,0,train,5.0,9.0,0.030727,0.0,0.0609756097560975,0.0,0.7835302,0.8263398,0.7483099,0.1707317073170731,0.153635,0.0,0.5487804878048774,0.0,7.051771799999999,7.437058199999999,6.7347891,1.536585365853658,5,0
DB00937,D179800,0,train,0.0,1.0,0.10105,0.0,0.0,0.0,0.0,0.0,0.0,0.0,0.0,0.0,0.0,0.0,0.0,0.0,0.0,0.0,5,0
DB00404,D310468,0,train,2.0,0.0,0.0,0.0,0.0588235294117647,0.0,0.74724495,0.63504106,0.77330863,0.1810344827586207,0.0,0.0,0.0,0.0,0.0,0.0,0.0,0.0,5,0
DB01410,D607501,0,train,1.0,1.0,0.050706,0.0,0.08,0.0,0.7788376,0.61291283,0.7040363,0.0872093023255814,0.050706,0.0,0.08,0.0,0.7788376,0.61291283,0.7040363,0.0872093023255814,5,0
DB00290,D131440,0,train,1.0,5.0,0.24472,0.0,0.0222222222222222,0.0,0.6124923,0.6107102,0.6491368,0.0979729729729729,0.24472,0.0,0.111111111111111,0.0,3.0624615,3.053551,3.245684,0.4898648648648645,5,0
DB00554,D230800,0,train,1.0,3.0,0.21314,0.0,0.0612244897959183,0.0,0.6070933,0.6783392,0.71281385,0.146788990825688,0.21314,0.0,0.1836734693877549,0.0,1.8212799,2.0350176,2.13844155,0.440366972477064,5,0
DB01590,D266600,0,train,7.0,1.0,0.23951,0.0,0.081967213114754,0.0,0.7639363,0.83761775,0.0,0.1379310344827586,1.67657,0.0,0.081967213114754,0.0,0.7639363,0.83761775,0.0,0.1379310344827586,5,0
DB01124,D261515,0,train,1.0,1.0,0.11169,0.0,0.0,0.0,0.46224862,0.76069015,0.5809082,0.0689655172413793,0.11169,0.0,0.0,0.0,0.46224862,0.76069015,0.5809082,0.0689655172413793,5,0
DB00482,D208750,0,train,1.0,2.0,0.18879,0.0,0.0983606557377049,0.0,0.8079222,0.7174413,0.8040867,0.1157894736842105,0.18879,0.0,0.1967213114754098,0.0,1.6158444,1.4348826,1.6081734,0.231578947368421,5,0
DB01175,D133239,0,train,3.0,1.0,0.0,0.2,0.2622950819672131,0.0,0.81467044,0.76809907,0.79854655,0.1774193548387097,0.0,0.2,0.2622950819672131,0.0,0.81467044,0.76809907,0.79854655,0.1774193548387097,5,0
DB00925,D600082,0,train,7.0,1.0,0.023006,0.1111111111111111,0.2,0.0,0.8959886,0.7893908,0.8832617,0.2136752136752136,0.161042,0.1111111111111111,0.2,0.0,0.8959886,0.7893908,0.8832617,0.2136752136752136,5,0
DB00398,D249100,0,train,1.0,7.0,0.2717,0.0,0.0555555555555555,0.0,0.74477756,0.65151554,0.6529499,0.0762711864406779,0.2717,0.0,0.3888888888888885,0.0,5.213442919999999,4.56060878,4.5706493,0.5338983050847453,5,0
DB00519,D608320,0,train,4.0,3.0,0.27223,0.0,0.08,0.0,0.8185081,0.7105898,0.81075746,0.1554054054054054,1.08892,0.0,0.24,0.0,2.4555243,2.1317694,2.43227238,0.4662162162162162,5,0
DB00499,D208750,0,train,1.0,4.0,0.19263,0.25,0.125,0.0,0.7530649,0.68437654,0.700602,0.1666666666666666,0.19263,1.0,0.5,0.0,3.0122596,2.73750616,2.802408,0.6666666666666664,5,0
DB00898,D603165,0,train,5.0,1.0,0.016521,0.0181818181818181,0.1129032258064516,0.0,0.6931671,0.73877037,0.76591694,0.0588235294117647,0.082605,0.0181818181818181,0.1129032258064516,0.0,0.6931671,0.73877037,0.76591694,0.0588235294117647,5,0
DB00165,D121200,0,train,0.0,2.0,0.26464,0.0,0.0,0.0,0.0,0.0,0.0,0.0,0.0,0.0,0.0,0.0,0.0,0.0,0.0,0.0,5,0
DB00342,D607459,0,train,16.0,2.0,0.086166,0.5,0.2166666666666666,0.0,0.87899804,0.8161686,0.8218387,0.373015873015873,1.378656,1.0,0.4333333333333332,0.0,1.75799608,1.6323372,1.6436774,0.746031746031746,5,0
DB01006,D176807,0,train,10.0,4.0,0.20916,0.0,0.1276595744680851,0.0,0.8602308,0.8787527,0.81823754,0.18,2.0916,0.0,0.5106382978723404,0.0,3.4409232,3.5150108,3.27295016,0.72,5,0
DB00594,D102400,0,train,1.0,1.0,0.1928,0.0,0.0,0.0,0.8175682,0.5466062,0.7160611,0.0294117647058823,0.1928,0.0,0.0,0.0,0.8175682,0.5466062,0.7160611,0.0294117647058823,5,0
DB01125,D104300,0,train,5.0,1.0,0.20912,0.0,0.0,0.0,0.73259306,0.8323904,0.81267726,0.2129629629629629,1.0456,0.0,0.0,0.0,0.73259306,0.8323904,0.81267726,0.2129629629629629,5,0
DB00382,D208750,0,train,1.0,4.0,0.14036,0.0,0.05,0.0,0.77471215,0.69052047,0.71488166,0.144927536231884,0.14036,0.0,0.2,0.0,3.0988486,2.76208188,2.85952664,0.579710144927536,5,0
DB00929,D247200,0,train,2.0,1.0,0.24709,0.0,0.1111111111111111,0.0,0.7935061,0.85664064,0.83311963,0.0666666666666666,0.49418,0.0,0.1111111111111111,0.0,0.7935061,0.85664064,0.83311963,0.0666666666666666,5,0
DB01223,D190310,0,train,17.0,2.0,0.22238,0.0,0.1095890410958904,0.0,0.82161987,0.8338321,0.7528324,0.136986301369863,3.78046,0.0,0.2191780821917808,0.0,1.64323974,1.6676642,1.5056648,0.273972602739726,5,0
DB00868,D194070,0,train,3.0,3.0,0.21831,1.0,0.0555555555555555,0.0,0.76590914,0.70135367,0.8023915,0.1314285714285714,0.65493,3.0,0.1666666666666665,0.0,2.29772742,2.10406101,2.4071745,0.3942857142857142,5,0
DB01014,D600631,0,train,2.0,1.0,0.0,0.0,0.0169491525423728,0.0,0.7909648,0.7047479,0.80957913,0.1487603305785124,0.0,0.0,0.0169491525423728,0.0,0.7909648,0.7047479,0.80957913,0.1487603305785124,5,0
DB00839,D212050,0,train,3.0,2.0,0.057678,0.0,0.2272727272727272,0.0,0.7712451,0.7804512,0.7991213,0.1491228070175438,0.173034,0.0,0.4545454545454544,0.0,1.5424902,1.5609024,1.5982426,0.2982456140350876,5,0
DB01255,D109543,0,train,10.0,2.0,0.11816,0.0,0.1232876712328767,0.0,0.7466077,0.77475196,0.82546425,0.2058823529411764,1.1816,0.0,0.2465753424657534,0.0,1.4932154,1.54950392,1.6509285,0.4117647058823528,5,0
DB00712,D600803,0,train,0.0,1.0,0.017962,0.0,0.0,0.0,0.0,0.0,0.0,0.0,0.0,0.0,0.0,0.0,0.0,0.0,0.0,0.0,5,0
DB01193,D246300,0,train,2.0,4.0,0.19611,0.0,0.0377358490566037,0.0,0.823985,0.7943678,0.8266218,0.1981981981981982,0.39222,0.0,0.1509433962264148,0.0,3.29594,3.1774712,3.3064872,0.7927927927927928,5,0
DB00697,D600803,0,train,0.0,0.0,0.0,0.0,0.0,0.0,0.0,0.0,0.0,0.0,0.0,0.0,0.0,0.0,0.0,0.0,0.0,0.0,5,0
DB00691,D601518,0,train,3.0,5.0,0.11395,0.0,0.0714285714285714,0.0,0.7682168,0.8836953,0.73017895,0.1712328767123287,0.34185,0.0,0.357142857142857,0.0,3.841084,4.4184765,3.65089475,0.8561643835616435,5,0
DB00226,D208700,0,train,3.0,2.0,0.11167,0.0,0.0869565217391304,0.0,0.79458106,0.8496491,0.7533415,0.0961538461538461,0.33501,0.0,0.1739130434782608,0.0,1.58916212,1.6992982,1.506683,0.1923076923076922,5,0
DB00337,D102400,0,train,1.0,3.0,0.078264,0.0,0.0,0.0,0.66200316,0.60273516,0.6331804,0.0280898876404494,0.078264,0.0,0.0,0.0,1.98600948,1.8082054800000005,1.8995412,0.0842696629213482,5,0
DB00530,D304900,0,train,2.0,1.0,0.1028,0.0,0.0,0.0,0.69740963,0.66287833,0.0,0.0823970037453183,0.2056,0.0,0.0,0.0,0.69740963,0.66287833,0.0,0.0823970037453183,5,0
DB00387,D607498,0,train,1.0,6.0,0.13189,0.0,0.0476190476190476,0.0,0.7575307,0.76108783,0.7438797,0.2068965517241379,0.13189,0.0,0.2857142857142856,0.0,4.5451842,4.56652698,4.4632782,1.2413793103448274,5,0
DB00122,D143465,0,train,13.0,3.0,0.10764,0.0,0.0714285714285714,0.0,0.47074062,0.74719864,0.80127704,0.0735294117647058,1.39932,0.0,0.2142857142857142,0.0,1.41222186,2.24159592,2.40383112,0.2205882352941174,5,0
DB00901,D155600,0,train,4.0,6.0,0.24089,0.0476190476190476,0.3076923076923077,0.0,0.80782384,0.83020353,0.71683806,0.2193548387096774,0.96356,0.2857142857142856,1.8461538461538465,0.0,4.846943039999999,4.98122118,4.30102836,1.3161290322580643,5,0
DB00795,D166760,0,train,7.0,2.0,0.070551,0.0833333333333333,0.1372549019607843,0.0,0.84637386,0.9121179,0.6065024,0.3055555555555556,0.493857,0.1666666666666666,0.2745098039215686,0.0,1.69274772,1.8242358,1.2130048,0.6111111111111112,5,0
DB00500,D107650,0,train,1.0,2.0,0.28955,0.0,0.1621621621621621,0.0,0.82562333,0.4870753,0.7220123,0.1851851851851851,0.28955,0.0,0.3243243243243242,0.0,1.65124666,0.9741506,1.4440246,0.3703703703703702,5,0
DB00257,D145500,0,train,5.0,1.0,0.21483,0.05,0.2156862745098039,0.0,0.78411406,0.8083921,0.80892324,0.3025210084033613,1.07415,0.05,0.2156862745098039,0.0,0.78411406,0.8083921,0.80892324,0.3025210084033613,5,0
DB00434,D308600,0,train,0.0,5.0,0.094691,0.0,0.0,0.0,0.0,0.0,0.0,0.0,0.0,0.0,0.0,0.0,0.0,0.0,0.0,0.0,5,0
DB01035,D255900,0,train,2.0,2.0,0.13965,0.0,0.0204081632653061,0.0,0.7639546,0.71105427,0.6398941,0.1428571428571428,0.2793,0.0,0.0408163265306122,0.0,1.5279092,1.42210854,1.2797882,0.2857142857142856,5,0
DB00956,D114550,0,train,1.0,3.0,0.14328,0.0,0.0408163265306122,0.0,0.61164963,0.83545876,0.6506091,0.0689655172413793,0.14328,0.0,0.1224489795918366,0.0,1.83494889,2.50637628,1.9518273,0.2068965517241379,5,0
DB01075,D241519,0,train,1.0,1.0,0.14702,0.0227272727272727,0.359375,0.0,0.7072173,0.7622186,0.8236199,0.3493975903614458,0.14702,0.0227272727272727,0.359375,0.0,0.7072173,0.7622186,0.8236199,0.3493975903614458,5,0
DB00960,D137215,0,train,4.0,2.0,0.13928,0.0,0.2222222222222222,0.0,0.8682356,0.7652286,0.73042065,0.1926605504587156,0.55712,0.0,0.4444444444444444,0.0,1.7364712,1.5304572,1.4608413,0.3853211009174312,5,0
DB00733,D102400,0,train,1.0,6.0,0.16114,0.0,0.0,0.0,0.80328846,0.65350235,0.7160494,0.0172413793103448,0.16114,0.0,0.0,0.0,4.81973076,3.9210141,4.296296399999999,0.1034482758620688,5,0
DB00302,D273300,0,train,4.0,4.0,0.066506,0.0,0.1153846153846153,0.0,0.8701315,0.8830858,0.8370728,0.1290322580645161,0.266024,0.0,0.4615384615384612,0.0,3.480526,3.5323432,3.3482912,0.5161290322580644,5,0
DB00692,D305300,0,train,1.0,5.0,0.13701,0.0,0.025,0.0,0.8190716,0.64384663,0.76048636,0.1566265060240964,0.13701,0.0,0.125,0.0,4.095358,3.21923315,3.8024318,0.7831325301204819,5,0
DB01177,D109100,0,train,7.0,6.0,0.29869,0.0,0.15625,0.0,0.83150685,0.89301336,0.82202107,0.1360544217687075,2.09083,0.0,0.9375,0.0,4.9890411,5.35808016,4.93212642,0.8163265306122449,5,0
DB00755,D188050,0,train,4.0,1.0,0.034462,0.0,0.0875,0.0,0.78241825,0.6667229,0.6987893,0.0992907801418439,0.137848,0.0,0.0875,0.0,0.78241825,0.6667229,0.6987893,0.0992907801418439,5,0
DB00880,D134510,0,train,1.0,3.0,0.02431,0.0,0.0,0.0,0.83110124,0.79261756,0.76439244,0.0273972602739726,0.02431,0.0,0.0,0.0,2.49330372,2.37785268,2.29317732,0.0821917808219178,5,0
DB00153,D308205,0,train,2.0,2.0,0.21688,0.0,0.0344827586206896,0.0,0.5484613,0.6615033,0.6195522,0.0737704918032786,0.43376,0.0,0.0689655172413792,0.0,1.0969226,1.3230066,1.2391044,0.1475409836065572,5,0
DB00696,D270960,0,train,1.0,4.0,0.050657,0.0,0.0363636363636363,0.0,0.78752536,0.80186254,0.63067704,0.2456140350877192,0.050657,0.0,0.1454545454545452,0.0,3.15010144,3.20745016,2.52270816,0.9824561403508768,5,0
DB01217,D231200,0,train,4.0,8.0,0.19006,0.0,0.175438596491228,0.0,0.821192,0.80383855,0.8094944,0.1188811188811188,0.76024,0.0,1.403508771929824,0.0,6.569536,6.4307084,6.4759552,0.9510489510489504,5,0
DB00357,D113610,0,train,2.0,1.0,0.052128,0.0,0.0,0.0,0.8024161,0.8718857,0.74999416,0.1538461538461538,0.104256,0.0,0.0,0.0,0.8024161,0.8718857,0.74999416,0.1538461538461538,5,0
DB00461,D132300,0,train,1.0,0.0,0.0,0.0,0.0465116279069767,0.0,0.7586957,0.65673906,0.7589947,0.072072072072072,0.0,0.0,0.0,0.0,0.0,0.0,0.0,0.0,5,0
DB01255,D133690,0,train,3.0,2.0,0.16391,0.0,0.0784313725490196,0.0,0.75637126,0.71155035,0.8240337,0.2352941176470588,0.49173,0.0,0.1568627450980392,0.0,1.51274252,1.4231007,1.6480674,0.4705882352941176,5,0
DB00959,D212130,0,train,1.0,1.0,0.082931,0.0,0.0410958904109589,0.0,0.74283195,0.73919183,0.6458026,0.0909090909090909,0.082931,0.0,0.0410958904109589,0.0,0.74283195,0.73919183,0.6458026,0.0909090909090909,5,0
DB00949,D310468,0,train,2.0,1.0,0.0,0.0,0.0555555555555555,0.0,0.8629185,0.68461716,0.68412673,0.1764705882352941,0.0,0.0,0.0555555555555555,0.0,0.8629185,0.68461716,0.68412673,0.1764705882352941,5,0
DB09026,D160300,0,train,1.0,2.0,0.0,0.0,0.0,0.0,0.6910249,0.6936612,0.6184596,0.1111111111111111,0.0,0.0,0.0,0.0,1.3820498,1.3873224,1.2369192,0.2222222222222222,5,0
DB06287,D132300,0,train,1.0,2.0,0.15404,0.0,0.037037037037037,0.0,0.77914095,0.7339759,0.0,0.1255230125523012,0.15404,0.0,0.074074074074074,0.0,1.5582819,1.4679518,0.0,0.2510460251046024,5,0
DB00421,D134750,0,train,1.0,1.0,0.0,0.0,0.0,0.0,0.7756727,0.7290009,0.63079834,0.0546875,0.0,0.0,0.0,0.0,0.7756727,0.7290009,0.63079834,0.0546875,5,0
DB00604,D125700,0,train,3.0,6.0,0.19239,0.0,0.1206896551724138,0.0,0.75937504,0.8006017,0.8016569,0.1848739495798319,0.57717,0.0,0.7241379310344828,0.0,4.55625024,4.8036102,4.8099414,1.1092436974789912,5,0
DB01248,D151590,0,train,6.0,3.0,0.16369,0.1428571428571428,0.2361111111111111,0.0,0.8906761,0.8261663,0.86957395,0.1710526315789473,0.98214,0.4285714285714284,0.7083333333333333,0.0,2.6720283,2.4784989,2.60872185,0.5131578947368418,5,0
DB00230,D102400,0,train,1.0,2.0,0.026685,0.0,0.0,0.0,0.7959004,0.5271067,0.40082365,0.1132075471698113,0.026685,0.0,0.0,0.0,1.5918008,1.0542134,0.8016473,0.2264150943396226,5,0
DB00596,D148000,0,train,4.0,4.0,0.12557,0.0,0.0303030303030303,0.0,0.85082614,0.8152572,0.774884,0.1157024793388429,0.50228,0.0,0.1212121212121212,0.0,3.40330456,3.2610288,3.099536,0.4628099173553716,5,0
DB00367,D212112,0,train,0.0,1.0,0.099774,0.0,0.0,0.0,0.0,0.0,0.0,0.0,0.0,0.0,0.0,0.0,0.0,0.0,0.0,0.0,5,0
DB01018,D188030,0,train,5.0,3.0,0.060633,0.0454545454545454,0.0983606557377049,0.0,0.85252917,0.9095835,0.66390526,0.175,0.303165,0.1363636363636362,0.2950819672131147,0.0,2.55758751,2.7287505,1.9917157800000005,0.5249999999999999,5,0
DB01088,D230800,0,train,1.0,1.0,0.25447,0.0,0.0,0.0,0.54294497,0.7135049,0.7327964,0.0725806451612903,0.25447,0.0,0.0,0.0,0.54294497,0.7135049,0.7327964,0.0725806451612903,5,0
DB01023,D212140,0,train,1.0,5.0,0.2589,0.0,0.1,0.0,0.7678226,0.7650992,0.5904918,0.1415929203539823,0.2589,0.0,0.5,0.0,3.839113,3.825496,2.952459,0.7079646017699115,5,0
DB00321,D176800,0,train,1.0,2.0,0.077266,0.0,0.1214953271028037,0.0,0.7819607,0.634912,0.80095446,0.1711711711711711,0.077266,0.0,0.2429906542056074,0.0,1.5639214,1.269824,1.60190892,0.3423423423423422,5,0
DB00810,D175505,0,train,1.0,1.0,0.023326,0.0,0.0217391304347826,0.0,0.68514407,0.73683196,0.6119317,0.237037037037037,0.023326,0.0,0.0217391304347826,0.0,0.68514407,0.73683196,0.6119317,0.237037037037037,5,0
DB00727,D194200,0,train,2.0,4.0,0.11488,0.0,0.0,0.0,0.7401137,0.7546823,0.65196735,0.0303030303030303,0.22976,0.0,0.0,0.0,2.9604548,3.0187292,2.6078694,0.1212121212121212,5,0
DB00273,D194200,0,train,2.0,5.0,0.17464,0.0,0.0181818181818181,0.0,0.8038225,0.79029995,0.65675193,0.0701754385964912,0.34928,0.0,0.0909090909090905,0.0,4.0191125,3.95149975,3.28375965,0.350877192982456,5,0
DB01225,D605055,0,train,7.0,1.0,0.0,0.0,0.0392156862745098,0.0,0.82711273,0.8765192,0.80671453,0.0601851851851851,0.0,0.0,0.0392156862745098,0.0,0.82711273,0.8765192,0.80671453,0.0601851851851851,5,0
DB00091,D167870,0,train,12.0,1.0,0.16378,0.0,0.1585365853658536,0.0,0.8300707,0.81825733,0.7704967,0.0769230769230769,1.96536,0.0,0.1585365853658536,0.0,0.8300707,0.81825733,0.7704967,0.0769230769230769,5,0
DB00851,D192000,0,train,6.0,2.0,0.039664,0.0,0.0277777777777777,0.0,0.8582038,0.7963444,0.6641881,0.1219512195121951,0.2379839999999999,0.0,0.0555555555555554,0.0,1.7164076,1.5926888,1.3283762,0.2439024390243902,5,0
DB01590,D181000,0,train,4.0,1.0,0.19376,0.0,0.106060606060606,0.0,0.7194193,0.8694743,0.0,0.0851063829787234,0.77504,0.0,0.106060606060606,0.0,0.7194193,0.8694743,0.0,0.0851063829787234,5,0
DB00131,D165199,0,train,6.0,1.0,0.056566,0.0,0.1333333333333333,0.0,0.61611116,0.8167534,0.7235399,0.1240875912408759,0.339396,0.0,0.1333333333333333,0.0,0.61611116,0.8167534,0.7235399,0.1240875912408759,5,0
DB00338,D254450,0,train,1.0,1.0,0.056004,0.0,0.1228070175438596,0.0,0.7030697,0.6299192,0.6701404,0.1008403361344537,0.056004,0.0,0.1228070175438596,0.0,0.7030697,0.6299192,0.6701404,0.1008403361344537,5,0
DB00804,D212112,0,train,0.0,2.0,0.088856,0.0,0.0,0.0,0.0,0.0,0.0,0.0,0.0,0.0,0.0,0.0,0.0,0.0,0.0,0.0,5,0
DB00384,D156190,0,train,1.0,0.0,0.0,0.0,0.1,0.0,0.78004354,0.81027013,0.82654244,0.0851063829787234,0.0,0.0,0.0,0.0,0.0,0.0,0.0,0.0,5,0
DB00863,D140850,0,train,1.0,1.0,0.097781,0.0,0.1076923076923077,0.0,0.7788058,0.74494445,0.6921186,0.0619047619047619,0.097781,0.0,0.1076923076923077,0.0,0.7788058,0.74494445,0.6921186,0.0619047619047619,5,0
DB03796,D125700,0,train,3.0,0.0,0.0,0.0,0.0,0.0,0.64662814,0.6037042,0.697632,0.0622406639004149,0.0,0.0,0.0,0.0,0.0,0.0,0.0,0.0,5,0
DB01356,D160750,0,train,1.0,1.0,0.20823,0.0,0.0980392156862745,0.0,0.79383934,0.62536824,0.6991894,0.0,0.20823,0.0,0.0980392156862745,0.0,0.79383934,0.62536824,0.6991894,0.0,5,0
DB00163,D258360,0,train,2.0,7.0,0.19214,0.0,0.0,0.0,0.6477151,0.5923888,0.7917552,0.037593984962406,0.38428,0.0,0.0,0.0,4.5340057,4.1467216,5.5422864,0.263157894736842,5,0
DB00285,D600803,0,train,0.0,5.0,0.069381,0.0,0.0,0.0,0.0,0.0,0.0,0.0,0.0,0.0,0.0,0.0,0.0,0.0,0.0,0.0,5,0
DB00482,D184700,0,train,4.0,2.0,0.19325,0.0,0.09375,0.0,0.8613731,0.87111634,0.8096049,0.1636363636363636,0.773,0.0,0.1875,0.0,1.7227462,1.74223268,1.6192098,0.3272727272727272,5,0
DB00795,D208300,0,train,5.0,2.0,0.0,0.0,0.0638297872340425,0.0,0.8936982,0.8820263,0.6172702,0.2393162393162393,0.0,0.0,0.127659574468085,0.0,1.7873964,1.7640526,1.2345404,0.4786324786324786,5,0
DB00925,D182000,0,train,0.0,1.0,0.10093,0.0,0.0,0.0,0.0,0.0,0.0,0.0,0.0,0.0,0.0,0.0,0.0,0.0,0.0,0.0,5,0
DB13919,D304790,0,train,8.0,2.0,0.10094,0.0,0.1136363636363636,0.0,0.9008707,0.5793128,0.0,0.2288135593220339,0.80752,0.0,0.2272727272727272,0.0,1.8017414,1.1586256,0.0,0.4576271186440678,5,0
DB00822,D125700,0,train,3.0,3.0,0.12824,0.0,0.0377358490566037,0.0,0.7663663,0.79170346,0.8162688,0.0248962655601659,0.3847199999999999,0.0,0.1132075471698111,0.0,2.2990989,2.37511038,2.4488064,0.0746887966804977,5,0
DB00691,D125853,0,train,13.0,5.0,0.19814,0.0,0.1590909090909091,0.0,0.85649747,0.8668425,0.89173377,0.218978102189781,2.57582,0.0,0.7954545454545454,0.0,4.28248735,4.3342125,4.45866885,1.094890510948905,5,0
DB01204,D125852,0,train,1.0,5.0,0.24442,0.0,0.12,0.0,0.85644555,0.6975893,0.7477633,0.1422924901185771,0.24442,0.0,0.6,0.0,4.28222775,3.4879465,3.7388165,0.7114624505928855,5,0
DB01410,D190310,0,train,17.0,1.0,0.0,0.0,0.1142857142857142,0.0,0.8081906,0.8691013,0.8293336,0.2328767123287671,0.0,0.0,0.1142857142857142,0.0,0.8081906,0.8691013,0.8293336,0.2328767123287671,5,0
DB01235,D256370,0,train,5.0,2.0,0.028003,0.0,0.0377358490566037,0.0,0.7801353,0.819367,0.77838326,0.1619047619047619,0.140015,0.0,0.0754716981132074,0.0,1.5602706,1.638734,1.55676652,0.3238095238095238,5,0
DB13919,D191800,0,train,1.0,2.0,0.0,0.0,0.0588235294117647,0.0,0.83169746,0.5489918,0.0,0.1147540983606557,0.0,0.0,0.1176470588235294,0.0,1.66339492,1.0979836,0.0,0.2295081967213114,5,0
DB00901,D608033,0,train,3.0,6.0,0.33504,0.0,0.074074074074074,0.0,0.75589085,0.75910693,0.75029093,0.1571428571428571,1.00512,0.0,0.444444444444444,0.0,4.5353451,4.55464158,4.50174558,0.9428571428571426,5,0
DB00925,D125320,0,train,13.0,1.0,0.0,0.5454545454545454,0.125,0.0,0.8333491,0.85283136,0.8864068,0.3529411764705882,0.0,0.5454545454545454,0.125,0.0,0.8333491,0.85283136,0.8864068,0.3529411764705882,5,0
DB00412,D607225,0,train,2.0,3.0,0.12843,0.0,0.1694915254237288,0.0,0.6914569,0.75709087,0.8075143,0.134020618556701,0.25686,0.0,0.5084745762711864,0.0,2.0743707,2.27127261,2.4225429,0.402061855670103,5,0
DB00876,D230450,0,train,1.0,2.0,0.12134,0.0,0.0,0.0,0.6641523,0.81403935,0.70702237,0.0833333333333333,0.12134,0.0,0.0,0.0,1.3283046,1.6280787,1.41404474,0.1666666666666666,5,0
DB00468,D604416,0,train,14.0,1.0,0.16782,0.0,0.1666666666666666,0.0,0.79974854,0.82282954,0.8363058,0.205607476635514,2.34948,0.0,0.1666666666666666,0.0,0.79974854,0.82282954,0.8363058,0.205607476635514,5,0
DB00204,D145100,0,train,1.0,3.0,0.0,0.0,0.0571428571428571,0.0,0.8020595,0.78551483,0.7569721,0.1296296296296296,0.0,0.0,0.1714285714285713,0.0,2.4061785,2.35654449,2.2709163,0.3888888888888888,5,0
DB00278,D210050,0,train,9.0,1.0,0.097211,0.0,0.1111111111111111,0.0,0.8289807,0.83212715,0.7935848,0.1569767441860465,0.8748990000000001,0.0,0.1111111111111111,0.0,0.8289807,0.83212715,0.7935848,0.1569767441860465,5,0
DB00959,D254400,0,train,6.0,1.0,0.075648,0.0,0.1384615384615384,0.0,0.8202982,0.8125107,0.82575005,0.1532258064516129,0.453888,0.0,0.1384615384615384,0.0,0.8202982,0.8125107,0.82575005,0.1532258064516129,5,0
DB00559,D606798,0,train,1.0,15.0,0.17241,0.0,0.074074074074074,0.0,0.7503529,0.77773005,0.8294988,0.14375,0.17241,0.0,1.11111111111111,0.0,11.2552935,11.66595075,12.442482,2.15625,5,0
DB00653,D115300,0,train,1.0,3.0,0.16765,0.0,0.0,0.0,0.6528713,0.6687318,0.0,0.0317460317460317,0.16765,0.0,0.0,0.0,1.9586139,2.0061954,0.0,0.0952380952380951,5,0
DB01063,D208085,0,train,1.0,2.0,0.089293,0.0,0.0377358490566037,0.0,0.80822325,0.88048655,0.78011787,0.175,0.089293,0.0,0.0754716981132074,0.0,1.6164465,1.7609731,1.56023574,0.35,5,0
DB01151,D155100,0,train,2.0,2.0,0.11038,0.0,0.1125,0.0,0.7284815,0.74366695,0.7649137,0.1287878787878787,0.22076,0.0,0.225,0.0,1.456963,1.4873339,1.5298274,0.2575757575757574,5,0
DB00182,D187950,0,train,1.0,1.0,0.061854,0.0,0.0,0.0,0.6812617,0.62472486,0.55345833,0.1081081081081081,0.061854,0.0,0.0,0.0,0.6812617,0.62472486,0.55345833,0.1081081081081081,5,0
DB00222,D263800,0,train,1.0,4.0,0.24055,0.0,0.0526315789473684,0.0,0.71433973,0.6245247,0.7302536,0.1578947368421052,0.24055,0.0,0.2105263157894736,0.0,2.85735892,2.4980988,2.9210144,0.6315789473684208,5,0
DB00744,D190300,0,train,4.0,4.0,0.27893,0.0,0.08,0.0,0.80984265,0.7144526,0.808949,0.1414141414141414,1.11572,0.0,0.32,0.0,3.2393706,2.8578104,3.235796,0.5656565656565656,5,0
DB00627,D147480,0,train,1.0,5.0,0.16046,0.0,0.0,0.0,0.82254887,0.72388905,0.66237766,0.0833333333333333,0.16046,0.0,0.0,0.0,4.11274435,3.61944525,3.3118883,0.4166666666666665,5,0
DB01050,D191390,0,train,3.0,1.0,0.081744,0.0,0.1466666666666666,0.0,0.8084923,0.8070278,0.8175019,0.1647058823529411,0.245232,0.0,0.1466666666666666,0.0,0.8084923,0.8070278,0.8175019,0.1647058823529411,5,0
DB00991,D181500,0,train,18.0,1.0,0.021851,1.0,0.5384615384615384,0.0,0.9621656,0.91490704,0.90939987,0.3473684210526316,0.393318,1.0,0.5384615384615384,0.0,0.9621656,0.91490704,0.90939987,0.3473684210526316,5,0
DB00800,D194070,0,train,3.0,2.0,0.16086,0.2307692307692307,0.0689655172413793,0.0,0.8587903,0.805483,0.6591724,0.1683168316831683,0.48258,0.4615384615384614,0.1379310344827586,0.0,1.7175806,1.610966,1.3183448,0.3366336633663366,5,0
DB00741,D115645,0,train,1.0,2.0,0.1657,0.0,0.0113636363636363,0.0,0.8383247,0.5825694,0.70104176,0.0608695652173913,0.1657,0.0,0.0227272727272726,0.0,1.6766494,1.1651388,1.40208352,0.1217391304347826,5,0
DB00010,D143880,0,train,5.0,1.0,0.037502,0.0,0.3076923076923077,0.0,0.67161167,0.7650607,0.7082303,0.5599022004889975,0.18751,0.0,0.3076923076923077,0.0,0.67161167,0.7650607,0.7082303,0.5599022004889975,5,0
DB00203,D212112,0,train,0.0,1.0,0.06824,0.0,0.0,0.0,0.0,0.0,0.0,0.0,0.0,0.0,0.0,0.0,0.0,0.0,0.0,0.0,5,0
DB01394,D102400,0,train,1.0,2.0,0.16832,0.0,0.0588235294117647,0.0,0.7805074,0.6057555,0.6559441,0.018348623853211,0.16832,0.0,0.1176470588235294,0.0,1.5610148,1.211511,1.3118882,0.036697247706422,5,0
DB00190,D304790,0,train,8.0,3.0,0.03164,0.0,0.1081081081081081,0.0,0.83512473,0.8610822,0.7956116,0.2465753424657534,0.25312,0.0,0.3243243243243243,0.0,2.50537419,2.5832466,2.3868348,0.7397260273972602,5,0
DB00412,D178600,0,train,5.0,3.0,0.0,0.0,0.0634920634920634,0.0,0.7553934,0.6915565,0.8198577,0.2892561983471074,0.0,0.0,0.1904761904761902,0.0,2.2661802,2.0746695,2.4595731,0.8677685950413223,5,0
DB00540,D190300,0,train,4.0,12.0,0.18747,0.125,0.168,0.0,0.7380419,0.84261,0.75724167,0.1428571428571428,0.74988,1.5,2.016,0.0,8.856502800000001,10.11132,9.08690004,1.7142857142857135,5,0
DB00903,D189600,0,train,2.0,2.0,0.12811,0.0,0.0,0.0,0.797944,0.7838619,0.82823336,0.2222222222222222,0.25622,0.0,0.0,0.0,1.595888,1.5677238,1.65646672,0.4444444444444444,5,0
DB00175,D606798,0,train,1.0,0.0,0.0,0.0,0.0384615384615384,0.0,0.7490911,0.86024815,0.7653205,0.0620689655172413,0.0,0.0,0.0,0.0,0.0,0.0,0.0,0.0,5,0
DB00575,D154276,0,train,1.0,5.0,0.15135,0.0,0.054054054054054,0.0,0.7588274,0.77863383,0.78786445,0.075268817204301,0.15135,0.0,0.27027027027027,0.0,3.794137,3.89316915,3.93932225,0.376344086021505,5,0
DB00195,D212350,0,train,2.0,3.0,0.21447,0.4,0.4,0.0,0.893486,0.7572842,0.8181207,0.3950617283950617,0.42894,1.2000000000000002,1.2000000000000002,0.0,2.680458,2.2718526,2.4543621,1.1851851851851851,5,0
DB00594,D231200,0,train,4.0,1.0,0.058994,0.0,0.1071428571428571,0.0,0.83103085,0.78411734,0.80906594,0.0692307692307692,0.235976,0.0,0.1071428571428571,0.0,0.83103085,0.78411734,0.80906594,0.0692307692307692,5,0
DB00605,D156190,0,train,1.0,1.0,0.21567,0.0,0.0425531914893617,0.0,0.78916097,0.84394926,0.41624406,0.1584158415841584,0.21567,0.0,0.0425531914893617,0.0,0.78916097,0.84394926,0.41624406,0.1584158415841584,5,0
DB01427,D308600,0,train,0.0,1.0,0.034543,0.0,0.0,0.0,0.0,0.0,0.0,0.0,0.0,0.0,0.0,0.0,0.0,0.0,0.0,0.0,5,0
DB00593,D131200,0,train,9.0,3.0,0.15956,0.0,0.1219512195121951,0.0,0.8576555,0.7128979,0.7864154,0.1123595505617977,1.43604,0.0,0.3658536585365853,0.0,2.5729665,2.1386937,2.3592462,0.3370786516853931,5,0
DB00289,D191390,0,train,3.0,0.0,0.0,0.09375,0.1176470588235294,0.0,0.7631747,0.73154855,0.80287576,0.1904761904761904,0.0,0.0,0.0,0.0,0.0,0.0,0.0,0.0,5,0
DB01002,D144010,0,train,8.0,2.0,0.19223,0.0,0.1153846153846153,0.0,0.7884293,0.86516565,0.71217966,0.1910112359550561,1.53784,0.0,0.2307692307692306,0.0,1.5768586,1.7303313,1.42435932,0.3820224719101122,5,0
DB01268,D607501,0,train,1.0,2.0,0.22378,0.0,0.0983606557377049,0.0,0.5859959,0.63273257,0.57222116,0.1285714285714285,0.22378,0.0,0.1967213114754098,0.0,1.1719918,1.26546514,1.14444232,0.257142857142857,5,0
DB00904,D114580,0,train,4.0,4.0,0.17321,0.0,0.131578947368421,0.0,0.7913802,0.78758776,0.7193422,0.1958041958041958,0.69284,0.0,0.526315789473684,0.0,3.1655208,3.15035104,2.8773688,0.7832167832167832,5,0
DB00795,D175100,0,train,1.0,2.0,0.17983,0.0,0.0483870967741935,0.0,0.76498854,0.5162143,0.59415424,0.1496598639455782,0.17983,0.0,0.096774193548387,0.0,1.52997708,1.0324286,1.18830848,0.2993197278911564,5,0
DB00366,D144110,0,train,5.0,3.0,0.11342,0.0,0.0909090909090909,0.0,0.79308206,0.8489276,0.7436763,0.2705882352941176,0.5671,0.0,0.2727272727272727,0.0,2.37924618,2.5467828,2.2310289,0.8117647058823527,5,0
DB01120,D179800,0,train,0.0,0.0,0.0,0.0,0.0,0.0,0.0,0.0,0.0,0.0,0.0,0.0,0.0,0.0,0.0,0.0,0.0,0.0,5,0
DB01125,D608033,0,train,3.0,1.0,0.071478,0.0,0.0,0.0,0.8024053,0.84966934,0.76718974,0.1844660194174757,0.214434,0.0,0.0,0.0,0.8024053,0.84966934,0.76718974,0.1844660194174757,5,0
DB00901,D607225,0,train,2.0,6.0,0.16753,0.0,0.0285714285714285,0.0,0.71538484,0.7419287,0.7935479,0.1578947368421052,0.33506,0.0,0.171428571428571,0.0,4.29230904,4.4515722,4.7612874,0.9473684210526312,5,0
DB00494,D143100,0,train,2.0,1.0,0.12219,0.0,0.0666666666666666,0.0,0.71943384,0.7283821,0.7813547,0.1162790697674418,0.24438,0.0,0.0666666666666666,0.0,0.71943384,0.7283821,0.7813547,0.1162790697674418,5,0
DB01296,D150699,0,train,1.0,1.0,0.046594,0.0,0.0,0.0,0.59476393,0.64398384,0.7506908,0.0263157894736842,0.046594,0.0,0.0,0.0,0.59476393,0.64398384,0.7506908,0.0263157894736842,5,0
DB01101,D247200,0,train,2.0,2.0,0.146,0.0,0.048780487804878,0.0,0.7442654,0.7431236,0.72125477,0.1076923076923077,0.292,0.0,0.097560975609756,0.0,1.4885308,1.4862472,1.44250954,0.2153846153846154,5,0
DB01170,D540000,0,train,4.0,3.0,0.32571,0.3333333333333333,0.125,0.0,0.797335,0.8667075,0.7040202,0.1976744186046511,1.30284,1.0,0.375,0.0,2.392005,2.6001225,2.1120606,0.5930232558139533,5,0
DB00757,D605839,0,train,6.0,2.0,0.064643,0.0,0.2307692307692307,0.0,0.8088873,0.85316396,0.8011098,0.1827956989247312,0.387858,0.0,0.4615384615384614,0.0,1.6177746,1.70632792,1.6022196,0.3655913978494624,5,0
DB00674,D212350,0,train,2.0,2.0,0.12268,0.0,0.0909090909090909,0.0,0.7356986,0.5316473,0.8160803,0.1443298969072164,0.24536,0.0,0.1818181818181818,0.0,1.4713972,1.0632946,1.6321606,0.2886597938144328,5,0
DB00545,D148000,0,train,4.0,1.0,0.088999,0.0,0.0344827586206896,0.0,0.8966874,0.7930882,0.73044527,0.1458333333333333,0.355996,0.0,0.0344827586206896,0.0,0.8966874,0.7930882,0.73044527,0.1458333333333333,5,0
DB00982,D166300,0,train,4.0,2.0,0.12717,0.0,0.125,0.0,0.7980648,0.8278392,0.5563313,0.0945945945945946,0.50868,0.0,0.25,0.0,1.5961296,1.6556784,1.1126626,0.1891891891891892,5,0
DB00871,D107650,0,train,1.0,1.0,0.2101,0.0,0.0408163265306122,0.0,0.76458347,0.83344936,0.7088502,0.131578947368421,0.2101,0.0,0.0408163265306122,0.0,0.76458347,0.83344936,0.7088502,0.131578947368421,5,0
DB00637,D263800,0,train,1.0,1.0,0.14742,0.0,0.0377358490566037,0.0,0.73237383,0.7772125,0.627059,0.1267605633802817,0.14742,0.0,0.0377358490566037,0.0,0.73237383,0.7772125,0.627059,0.1267605633802817,5,0
DB01427,D143500,0,train,1.0,1.0,0.07783,0.0,0.0338983050847457,0.0,0.8311025,0.758449,0.6401272,0.127906976744186,0.07783,0.0,0.0338983050847457,0.0,0.8311025,0.758449,0.6401272,0.127906976744186,5,0
DB00343,D247200,0,train,2.0,2.0,0.15197,0.0,0.0806451612903225,0.0,0.7474806,0.6746581,0.7785458,0.0902777777777777,0.30394,0.0,0.161290322580645,0.0,1.4949612,1.3493162,1.5570916,0.1805555555555554,5,0
DB00384,D176800,0,train,1.0,0.0,0.0,0.0,0.0769230769230769,0.0,0.7589911,0.62391925,0.7999549,0.128440366972477,0.0,0.0,0.0,0.0,0.0,0.0,0.0,0.0,5,0
DB01033,D601518,0,train,3.0,3.0,0.0,0.0,0.0434782608695652,0.0,0.7753585,0.8528861,0.6996558,0.06,0.0,0.0,0.1304347826086956,0.0,2.3260755,2.5586583,2.0989674000000003,0.18,5,0
DB00549,D600803,0,train,0.0,1.0,0.081426,0.0,0.0,0.0,0.0,0.0,0.0,0.0,0.0,0.0,0.0,0.0,0.0,0.0,0.0,0.0,5,0
DB01189,D145200,0,train,1.0,1.0,0.030934,0.0,0.0967741935483871,0.0,0.62566197,0.8148433,0.6439285,0.0,0.030934,0.0,0.0967741935483871,0.0,0.62566197,0.8148433,0.6439285,0.0,5,0
DB00871,D102500,0,train,12.0,1.0,0.098586,0.3333333333333333,0.1964285714285714,0.0,0.8667728,0.8623538,0.8276098,0.2111111111111111,1.183032,0.3333333333333333,0.1964285714285714,0.0,0.8667728,0.8623538,0.8276098,0.2111111111111111,5,0
DB00651,D146500,0,train,2.0,1.0,0.101,0.0,0.0,0.0,0.7524018,0.8431007,0.82182765,0.0761904761904762,0.202,0.0,0.0,0.0,0.7524018,0.8431007,0.82182765,0.0761904761904762,5,0
DB00876,D606798,0,train,1.0,2.0,0.06336,0.0,0.0217391304347826,0.0,0.81178486,0.7890498,0.74336195,0.1791044776119403,0.06336,0.0,0.0434782608695652,0.0,1.62356972,1.5780996,1.4867239,0.3582089552238806,5,0
DB00745,D165199,0,train,6.0,7.0,0.25097,0.0,0.1919191919191919,0.0,0.7114553,0.7765456,0.7876374,0.379746835443038,1.5058200000000002,0.0,1.3434343434343434,0.0,4.9801871,5.435819199999999,5.5134618,2.6582278481012658,5,0
DB00963,D231090,0,train,2.0,3.0,0.0648,0.0,0.119047619047619,0.0,0.773545,0.78698504,0.6730582,0.1619718309859155,0.1296,0.0,0.357142857142857,0.0,2.320635,2.36095512,2.0191746000000004,0.4859154929577465,5,0
DB00844,D132100,0,train,1.0,1.0,0.090413,0.0,0.025,0.0,0.7535455,0.6542814,0.749342,0.1068702290076335,0.090413,0.0,0.025,0.0,0.7535455,0.6542814,0.749342,0.1068702290076335,5,0
DB01104,D267730,0,train,6.0,1.0,0.0,0.1538461538461538,0.253012048192771,0.0,0.7490245,0.82369787,0.7081997,0.2747252747252747,0.0,0.1538461538461538,0.253012048192771,0.0,0.7490245,0.82369787,0.7081997,0.2747252747252747,5,0
DB00364,D236000,0,train,15.0,1.0,0.0,0.0,0.0689655172413793,0.0,0.8396808,0.79121274,0.77254635,0.2768361581920904,0.0,0.0,0.0689655172413793,0.0,0.8396808,0.79121274,0.77254635,0.2768361581920904,5,0
DB00630,D268320,0,train,1.0,1.0,0.022949,0.0,0.0,0.0,0.7054798,0.55514616,0.5339968,0.0224719101123595,0.022949,0.0,0.0,0.0,0.7054798,0.55514616,0.5339968,0.0224719101123595,5,0
DB00287,D277440,0,train,2.0,3.0,0.19374,0.0,0.0384615384615384,0.0,0.74505913,0.8068195,0.5705477,0.1558441558441558,0.38748,0.0,0.1153846153846152,0.0,2.23517739,2.4204585,1.7116431,0.4675324675324674,5,0
DB00710,D190300,0,train,4.0,5.0,0.24838,0.0,0.0555555555555555,0.0,0.7430476,0.56385845,0.76123536,0.091743119266055,0.99352,0.0,0.2777777777777774,0.0,3.715238,2.81929225,3.8061768,0.458715596330275,5,0
DB01234,D167320,0,train,6.0,2.0,0.16866,0.0,0.1101694915254237,0.0,0.7517218,0.83380514,0.7704786,0.0869565217391304,1.01196,0.0,0.2203389830508474,0.0,1.5034436,1.66761028,1.5409572,0.1739130434782608,5,0
DB01142,D602080,0,train,5.0,1.0,0.13272,0.0,0.1089108910891089,0.0,0.58569014,0.79904944,0.78359073,0.1666666666666666,0.6636,0.0,0.1089108910891089,0.0,0.58569014,0.79904944,0.78359073,0.1666666666666666,5,0
DB00227,D261515,0,train,1.0,1.0,0.22913,0.0,0.0,0.0,0.46766698,0.7872131,0.5322991,0.0813953488372093,0.22913,0.0,0.0,0.0,0.46766698,0.7872131,0.5322991,0.0813953488372093,5,0
DB01241,D303110,0,train,4.0,2.0,0.097085,0.0,0.108433734939759,0.0,0.78598416,0.7815263,0.8179527,0.1818181818181818,0.38834,0.0,0.216867469879518,0.0,1.57196832,1.5630526,1.6359054,0.3636363636363636,5,0
DB01217,D239350,0,train,8.0,8.0,0.20519,0.0,0.1818181818181818,0.0,0.7714796,0.80434394,0.80983126,0.1363636363636363,1.64152,0.0,1.4545454545454544,0.0,6.1718368,6.43475152,6.47865008,1.0909090909090904,5,0
DB03796,D250790,0,train,1.0,0.0,0.0,0.0,0.0,0.0,0.64718413,0.53194654,0.6339998,0.0379746835443038,0.0,0.0,0.0,0.0,0.0,0.0,0.0,0.0,5,0
DB00757,D109350,0,train,11.0,2.0,0.0,0.0303030303030303,0.2105263157894736,0.0,0.8064214,0.87411773,0.84807813,0.1810344827586207,0.0,0.0606060606060606,0.4210526315789472,0.0,1.6128428,1.74823546,1.69615626,0.3620689655172414,5,0
DB00532,D125600,0,train,6.0,1.0,0.0,0.0,0.1219512195121951,0.0,0.86914355,0.7870332,0.8521959,0.202020202020202,0.0,0.0,0.1219512195121951,0.0,0.86914355,0.7870332,0.8521959,0.202020202020202,5,0
DB00368,D115300,0,train,1.0,3.0,0.26757,0.0,0.0185185185185185,0.0,0.76577055,0.61974233,0.0,0.1025641025641025,0.26757,0.0,0.0555555555555555,0.0,2.29731165,1.85922699,0.0,0.3076923076923075,5,0
DB00385,D165720,0,train,15.0,1.0,0.11816,0.0,0.1,0.0,0.88066506,0.8108946,0.705016,0.1975806451612903,1.7724,0.0,0.1,0.0,0.88066506,0.8108946,0.705016,0.1975806451612903,5,0
DB00193,D256700,0,train,4.0,2.0,0.18001,0.2051282051282051,0.2711864406779661,0.0,0.8333174,0.8633939,0.9000987,0.3373493975903614,0.72004,0.4102564102564102,0.5423728813559322,0.0,1.6666348,1.7267878,1.8001974,0.6746987951807228,5,0
DB01035,D167320,0,train,6.0,2.0,0.093006,0.0,0.072289156626506,0.0,0.784508,0.73310626,0.75262976,0.1666666666666666,0.558036,0.0,0.144578313253012,0.0,1.569016,1.46621252,1.50525952,0.3333333333333332,5,0
DB00333,D161900,0,train,70.0,3.0,0.11854,0.4375,0.4285714285714285,0.0,0.9409746,0.89218307,0.86273336,0.3679245283018867,8.2978,1.3125,1.2857142857142856,0.0,2.8229238,2.67654921,2.58820008,1.1037735849056602,5,0
DB01400,D607516,0,train,1.0,0.0,0.0,0.0,0.0652173913043478,0.0,0.6375813,0.766007,0.7865909,0.1111111111111111,0.0,0.0,0.0,0.0,0.0,0.0,0.0,0.0,5,0
DB04272,D600082,0,train,7.0,1.0,0.077539,0.0,0.024390243902439,0.0,0.7986055,0.6993411,0.0,0.0884955752212389,0.542773,0.0,0.024390243902439,0.0,0.7986055,0.6993411,0.0,0.0884955752212389,5,0
DB00642,D125700,0,train,3.0,1.0,0.22679,0.0,0.0666666666666666,0.0,0.71764815,0.8108386,0.8119409,0.1781376518218623,0.6803699999999999,0.0,0.0666666666666666,0.0,0.71764815,0.8108386,0.8119409,0.1781376518218623,5,0
DB00816,D155100,0,train,2.0,6.0,0.26022,0.0,0.0161290322580645,0.0,0.7780107,0.67979854,0.6817456,0.1111111111111111,0.52044,0.0,0.0967741935483869,0.0,4.6680642,4.078791239999999,4.090473599999999,0.6666666666666666,5,0
DB00465,D608088,0,train,10.0,1.0,0.062446,0.5,0.0545454545454545,0.0,0.8030603,0.8995136,0.8439087,0.2210526315789473,0.62446,0.5,0.0545454545454545,0.0,0.8030603,0.8995136,0.8439087,0.2210526315789473,5,0
DB00903,D254770,0,train,0.0,2.0,0.13981,0.0,0.0,0.0,0.0,0.0,0.0,0.0,0.0,0.0,0.0,0.0,0.0,0.0,0.0,0.0,5,0
DB00396,D212110,0,train,1.0,3.0,0.045242,0.1,0.2033898305084746,0.0,0.6403773,0.5416968,0.7360179,0.2720588235294117,0.045242,0.3,0.6101694915254238,0.0,1.9211319,1.6250904,2.2080537,0.8161764705882351,5,0
DB00160,D188030,0,train,5.0,1.0,0.079658,0.0,0.1111111111111111,0.0,0.47505,0.6743098,0.61825955,0.1470588235294117,0.39829,0.0,0.1111111111111111,0.0,0.47505,0.6743098,0.61825955,0.1470588235294117,5,0
DB01110,D190300,0,train,4.0,2.0,0.034161,0.0131578947368421,0.1025641025641025,0.0,0.7385397,0.7637785,0.8274622,0.1570247933884297,0.136644,0.0263157894736842,0.205128205128205,0.0,1.4770794,1.527557,1.6549244,0.3140495867768594,5,0
DB01356,D212130,0,train,1.0,1.0,0.082931,0.0,0.0,0.0,0.7173,0.6429171,0.5543801,0.0,0.082931,0.0,0.0,0.0,0.7173,0.6429171,0.5543801,0.0,5,0
DB09026,D115300,0,train,1.0,2.0,0.38837,0.0,0.0294117647058823,0.0,0.75145096,0.73046196,0.0,0.1532846715328467,0.38837,0.0,0.0588235294117646,0.0,1.50290192,1.46092392,0.0,0.3065693430656934,5,0
DB01189,D308600,0,train,0.0,1.0,0.041269,0.0,0.0,0.0,0.0,0.0,0.0,0.0,0.0,0.0,0.0,0.0,0.0,0.0,0.0,0.0,5,0
DB00692,D607554,0,train,10.0,5.0,0.081026,0.4285714285714285,0.1363636363636363,0.0,0.9351957,0.83760333,0.78670394,0.2333333333333333,0.81026,2.1428571428571423,0.6818181818181814,0.0,4.675978499999999,4.18801665,3.9335197,1.1666666666666663,5,0
DB01189,D300232,0,train,1.0,1.0,0.06272,0.0,0.075,0.0,0.6689054,0.8506409,0.6382741,0.0285714285714285,0.06272,0.0,0.075,0.0,0.6689054,0.8506409,0.6382741,0.0285714285714285,5,0
DB00182,D607850,0,train,14.0,1.0,0.10764,0.3333333333333333,0.144927536231884,0.0,0.8309572,0.81401104,0.7686758,0.2394366197183098,1.50696,0.3333333333333333,0.144927536231884,0.0,0.8309572,0.81401104,0.7686758,0.2394366197183098,5,0
DB00788,D140600,0,train,23.0,3.0,0.11847,0.4,0.1538461538461538,0.0,0.85890424,0.90584606,0.8318046,0.2419354838709677,2.72481,1.2000000000000002,0.4615384615384614,0.0,2.57671272,2.71753818,2.4954138,0.725806451612903,5,0
DB00471,D166760,0,train,7.0,6.0,0.17004,0.0,0.1428571428571428,0.0,0.8799797,0.8036923,0.789936,0.2215568862275449,1.19028,0.0,0.8571428571428568,0.0,5.279878200000001,4.822153800000001,4.739616,1.3293413173652695,5,0
DB00404,D308350,0,train,2.0,0.0,0.0,0.0227272727272727,0.08,0.0,0.8628802,0.6571684,0.878086,0.2013422818791946,0.0,0.0,0.0,0.0,0.0,0.0,0.0,0.0,5,0
DB01023,D190400,0,train,3.0,5.0,0.080051,0.0,0.0857142857142857,0.0,0.71558106,0.8468637,0.7017732,0.144927536231884,0.240153,0.0,0.4285714285714285,0.0,3.5779053,4.2343185,3.508866,0.7246376811594201,5,0
DB00605,D300491,0,train,5.0,1.0,0.14356,0.0,0.1034482758620689,0.0,0.8784311,0.85630333,0.6672882,0.1393939393939394,0.7178,0.0,0.1034482758620689,0.0,0.8784311,0.85630333,0.6672882,0.1393939393939394,5,0
DB00554,D125852,0,train,1.0,3.0,0.21971,0.0,0.0175438596491228,0.0,0.80537474,0.77627635,0.8280611,0.1336206896551724,0.21971,0.0,0.0526315789473684,0.0,2.41612422,2.32882905,2.4841833,0.4008620689655172,5,0
DB00992,D125320,0,train,13.0,9.0,0.20518,0.0,0.1333333333333333,0.0,0.7615205,0.669599,0.69115,0.1704545454545454,2.66734,0.0,1.1999999999999995,0.0,6.8536845,6.026391,6.220350000000001,1.5340909090909085,5,0
DB00482,D227300,0,train,1.0,2.0,0.12103,0.0,0.0,0.0,0.82479215,0.854892,0.82352096,0.0202020202020202,0.12103,0.0,0.0,0.0,1.6495843,1.709784,1.64704192,0.0404040404040404,5,0
DB01101,D260970,0,train,3.0,2.0,0.1457,0.0,0.0307692307692307,0.0,0.71221715,0.7430463,0.82061106,0.1056910569105691,0.4371,0.0,0.0615384615384614,0.0,1.4244343,1.4860926,1.64122212,0.2113821138211382,5,0
DB00480,D181000,0,train,4.0,2.0,0.21759,0.1,0.15,0.0,0.80073917,0.8131554,0.8540561,0.1296296296296296,0.87036,0.2,0.3,0.0,1.60147834,1.6263108,1.7081122,0.2592592592592592,5,0
DB00279,D600631,0,train,2.0,4.0,0.080733,0.0,0.0975609756097561,0.0,0.7182385,0.6965174,0.77847326,0.1415929203539823,0.161466,0.0,0.3902439024390244,0.0,2.872954,2.7860696,3.11389304,0.5663716814159292,5,0
DB00929,D607681,0,train,4.0,1.0,0.16222,0.0,0.0588235294117647,0.0,0.8373841,0.7773307,0.81692237,0.1417322834645669,0.64888,0.0,0.0588235294117647,0.0,0.8373841,0.7773307,0.81692237,0.1417322834645669,5,0
DB01259,D246300,0,train,2.0,1.0,0.095689,0.0,0.0983606557377049,0.0,0.75885415,0.74884486,0.6836467,0.1656050955414012,0.191378,0.0,0.0983606557377049,0.0,0.75885415,0.74884486,0.6836467,0.1656050955414012,5,0
DB00647,D126200,0,train,10.0,2.0,0.16084,0.0,0.175,0.0,0.77734345,0.82204795,0.79191935,0.2348484848484848,1.6084,0.0,0.35,0.0,1.5546869,1.6440959,1.5838387,0.4696969696969696,5,0
DB00214,D608320,0,train,4.0,6.0,0.16116,0.0,0.0483870967741935,0.0,0.80022156,0.84773386,0.78916067,0.2282608695652173,0.64464,0.0,0.290322580645161,0.0,4.80132936,5.08640316,4.73496402,1.3695652173913038,5,0
DB01030,D250790,0,train,1.0,2.0,0.041067,0.0,0.0,0.0,0.48813075,0.71999717,0.60172474,0.0934579439252336,0.041067,0.0,0.0,0.0,0.9762615,1.43999434,1.20344948,0.1869158878504672,5,0
DB00881,D103100,0,train,0.0,1.0,0.02476,0.0,0.0,0.0,0.0,0.0,0.0,0.0,0.0,0.0,0.0,0.0,0.0,0.0,0.0,0.0,5,0
DB00636,D607499,0,train,2.0,0.0,0.0,0.0,0.1320754716981132,0.0,0.7726779,0.69538134,0.87561655,0.1691176470588235,0.0,0.0,0.0,0.0,0.0,0.0,0.0,0.0,5,0
DB00909,D145500,0,train,5.0,2.0,0.34796,0.0,0.0983606557377049,0.0,0.826713,0.83782566,0.7368341,0.180327868852459,1.7398,0.0,0.1967213114754098,0.0,1.653426,1.67565132,1.4736682,0.360655737704918,5,0
DB00191,D189600,0,train,2.0,3.0,0.090297,0.0,0.1777777777777777,0.0,0.6675749,0.8350308,0.7729879,0.1558441558441558,0.180594,0.0,0.5333333333333331,0.0,2.0027247,2.5050924,2.3189637,0.4675324675324674,5,0
DB00853,D134750,0,train,1.0,6.0,0.19795,0.0,0.1764705882352941,0.0,0.70371854,0.5648177,0.82441175,0.1645569620253164,0.19795,0.0,1.0588235294117645,0.0,4.22231124,3.3889062,4.9464705,0.9873417721518984,5,0
DB00160,D259500,0,train,4.0,1.0,0.11731,0.0,0.064516129032258,0.0,0.44771534,0.73497045,0.5932164,0.15,0.46924,0.0,0.064516129032258,0.0,0.44771534,0.73497045,0.5932164,0.15,5,0
DB00864,D211980,0,train,1.0,3.0,0.087521,0.0,0.0327868852459016,0.0,0.7683535,0.75627756,0.77793854,0.0681818181818181,0.087521,0.0,0.0983606557377048,0.0,2.3050605,2.26883268,2.33381562,0.2045454545454542,5,0
DB00279,D145200,0,train,1.0,4.0,0.19012,0.0,0.032258064516129,0.0,0.71165043,0.611483,0.67269236,0.1304347826086956,0.19012,0.0,0.129032258064516,0.0,2.84660172,2.445932,2.69076944,0.5217391304347824,5,0
DB00458,D601626,0,train,9.0,2.0,0.0,0.4411764705882353,0.6265060240963856,0.0,0.9295917,0.82990855,0.83414435,0.4457831325301205,0.0,0.8823529411764706,1.2530120481927711,0.0,1.8591834,1.6598171,1.6682887,0.891566265060241,5,0
DB01085,D608622,0,train,52.0,2.0,0.037861,0.7142857142857143,0.1489361702127659,0.0,0.90111995,0.83780754,0.770941,0.1525423728813559,1.968772,1.4285714285714286,0.2978723404255318,0.0,1.8022399,1.67561508,1.541882,0.3050847457627118,5,0
DB00969,D161900,0,train,70.0,1.0,0.17873,0.2,0.4146341463414634,0.0,0.85318047,0.86970973,0.8131906,0.5,12.5111,0.2,0.4146341463414634,0.0,0.85318047,0.86970973,0.8131906,0.5,5,0
DB00773,D150600,0,train,5.0,0.0,0.0,0.0,0.056338028169014,0.0,0.7646833,0.8168752,0.80787915,0.188034188034188,0.0,0.0,0.0,0.0,0.0,0.0,0.0,0.0,5,0
DB00454,D601608,0,train,2.0,4.0,0.1079,0.2121212121212121,0.1647058823529411,0.0,0.8886908,0.80069625,0.86632586,0.1827956989247312,0.2158,0.8484848484848484,0.6588235294117644,0.0,3.5547632,3.202785,3.46530344,0.7311827956989247,5,0
DB00397,D225755,0,train,2.0,2.0,0.050756,0.0,0.0571428571428571,0.0,0.60809004,0.76293457,0.7150016,0.2340425531914893,0.101512,0.0,0.1142857142857142,0.0,1.21618008,1.52586914,1.4300032,0.4680851063829786,5,0
DB01075,D170900,0,train,1.0,1.0,0.065638,0.0,0.0,0.0,0.39363033,0.63068527,0.6370363,0.0409556313993174,0.065638,0.0,0.0,0.0,0.39363033,0.63068527,0.6370363,0.0409556313993174,5,0
DB01228,D254500,0,train,9.0,2.0,0.19247,0.0,0.0784313725490196,0.0,0.6352206,0.79280776,0.7551492,0.2788461538461538,1.73223,0.0,0.1568627450980392,0.0,1.2704412,1.58561552,1.5102984,0.5576923076923076,5,0
DB00899,D226150,0,train,5.0,1.0,0.032543,0.0,0.0757575757575757,0.0,0.8483435,0.8149633,0.81415534,0.2015503875968992,0.162715,0.0,0.0757575757575757,0.0,0.8483435,0.8149633,0.81415534,0.2015503875968992,5,0
DB00408,D607682,0,train,5.0,4.0,0.059788,0.4705882352941176,0.1451612903225806,0.0,0.81552863,0.83518517,0.75452507,0.1826086956521739,0.29894,1.8823529411764703,0.5806451612903224,0.0,3.26211452,3.34074068,3.01810028,0.7304347826086957,5,0
DB00444,D192000,0,train,6.0,2.0,0.06679,0.0,0.0784313725490196,0.0,0.7651365,0.78250813,0.6421524,0.1403508771929824,0.40074,0.0,0.1568627450980392,0.0,1.530273,1.56501626,1.2843048,0.2807017543859648,5,0
DB01151,D143880,0,train,5.0,2.0,0.2607,0.0,0.1354166666666666,0.0,0.7373627,0.73325515,0.7805843,0.1472868217054263,1.3035,0.0,0.2708333333333332,0.0,1.4747254,1.4665103,1.5611686,0.2945736434108526,5,0
DB01143,D143500,0,train,1.0,3.0,0.16172,0.0,0.0,0.0,0.7119093,0.6468307,0.8062653,0.0229885057471264,0.16172,0.0,0.0,0.0,2.1357279,1.9404921,2.4187959,0.0689655172413792,5,0
DB00176,D166760,0,train,7.0,1.0,0.0,0.125,0.1643835616438356,0.0,0.87959397,0.818357,0.85950094,0.1461538461538461,0.0,0.125,0.1643835616438356,0.0,0.87959397,0.818357,0.85950094,0.1461538461538461,5,0
DB01023,D191390,0,train,3.0,5.0,0.18982,0.0,0.0833333333333333,0.0,0.7488458,0.8638067,0.6563403,0.2,0.56946,0.0,0.4166666666666665,0.0,3.744229,4.3190335,3.2817015,1.0,5,0
DB00304,D602080,0,train,5.0,2.0,0.037918,0.0,0.1063829787234042,0.0,0.71320796,0.77769506,0.7973142,0.058252427184466,0.18959,0.0,0.2127659574468084,0.0,1.42641592,1.55539012,1.5946284,0.116504854368932,5,0
DB00245,D248190,0,train,1.0,3.0,0.032224,0.0,0.0888888888888888,0.0,0.7278414,0.8188751,0.86424565,0.125,0.032224,0.0,0.2666666666666664,0.0,2.1835242,2.4566253,2.59273695,0.375,5,0
DB00569,D600263,0,train,7.0,6.0,0.2295,0.0,0.081081081081081,0.0,0.88740706,0.87466896,0.8625992,0.0863509749303621,1.6065,0.0,0.486486486486486,0.0,5.32444236,5.24801376,5.1755952,0.5181058495821727,5,0
DB01200,D246300,0,train,2.0,9.0,0.038147,0.0208333333333333,0.1166666666666666,0.0,0.81681603,0.7839794,0.7440712,0.1265060240963855,0.076294,0.1874999999999997,1.0499999999999994,0.0,7.35134427,7.0558146,6.696640800000001,1.1385542168674696,5,0
DB00480,D168100,0,train,14.0,2.0,0.13311,0.0,0.0425531914893617,0.0,0.8281098,0.79933286,0.7711282,0.2022471910112359,1.86354,0.0,0.0851063829787234,0.0,1.6562196,1.59866572,1.5422564,0.4044943820224718,5,0
DB00586,D189800,0,train,2.0,1.0,0.10163,0.0,0.0519480519480519,0.0,0.8052038,0.76722443,0.78502566,0.1954022988505747,0.20326,0.0,0.0519480519480519,0.0,0.8052038,0.76722443,0.78502566,0.1954022988505747,5,0
DB00465,D137800,0,train,1.0,1.0,0.14273,0.0,0.0217391304347826,0.0,0.77263147,0.61560714,0.7946719,0.048780487804878,0.14273,0.0,0.0217391304347826,0.0,0.77263147,0.61560714,0.7946719,0.048780487804878,5,0
DB00604,D103780,0,train,5.0,6.0,0.16914,0.1,0.2676056338028169,0.0,0.8604699,0.67168444,0.7766899,0.2248062015503876,0.8457000000000001,0.6000000000000001,1.6056338028169013,0.0,5.1628194,4.0301066400000005,4.6601394,1.3488372093023258,5,0
DB00188,D230800,0,train,1.0,1.0,0.30101,0.0,0.0377358490566037,0.0,0.60154253,0.65201014,0.6289647,0.1393442622950819,0.30101,0.0,0.0377358490566037,0.0,0.60154253,0.65201014,0.6289647,0.1393442622950819,5,0
DB00290,D102300,0,train,8.0,5.0,0.04105,0.0,0.1132075471698113,0.0,0.9009966,0.7631725,0.7844801,0.1354838709677419,0.3284,0.0,0.5660377358490565,0.0,4.504983,3.8158625,3.9224005,0.6774193548387095,5,0
DB01009,D246400,0,train,0.0,1.0,0.23163,0.0,0.0,0.0,0.0,0.0,0.0,0.0,0.0,0.0,0.0,0.0,0.0,0.0,0.0,0.0,5,0
DB00686,D601665,0,train,6.0,2.0,0.12818,0.0,0.0408163265306122,0.0,0.80147433,0.77249616,0.7325558,0.1181818181818181,0.76908,0.0,0.0816326530612244,0.0,1.60294866,1.54499232,1.4651116,0.2363636363636362,5,0
DB00230,D154276,0,train,1.0,2.0,0.073211,0.0,0.0,0.0,0.6701353,0.7070476,0.49280953,0.0352941176470588,0.073211,0.0,0.0,0.0,1.3402706,1.4140952,0.98561906,0.0705882352941176,5,0
DB00762,D241100,0,train,2.0,0.0,0.0,0.0,0.064516129032258,0.0,0.77812856,0.70476353,0.6609397,0.1420765027322404,0.0,0.0,0.0,0.0,0.0,0.0,0.0,0.0,5,0
DB01234,D150699,0,train,1.0,2.0,0.0,0.0,0.05,0.0,0.7246811,0.6079289,0.8141744,0.0856164383561643,0.0,0.0,0.1,0.0,1.4493622,1.2158578,1.6283488,0.1712328767123286,5,0
DB00307,D145590,0,train,19.0,2.0,0.099021,0.1875,0.196078431372549,0.0,0.80684066,0.80674064,0.8306759,0.2708333333333333,1.881399,0.375,0.392156862745098,0.0,1.61368132,1.61348128,1.6613518,0.5416666666666666,5,0
DB00544,D166300,0,train,4.0,2.0,0.12268,0.0,0.3333333333333333,0.0,0.8672217,0.8568423,0.88866025,0.0769230769230769,0.49072,0.0,0.6666666666666666,0.0,1.7344434,1.7136846,1.7773205,0.1538461538461538,5,0
DB00385,D300494,0,train,3.0,1.0,0.16371,0.0,0.0697674418604651,0.0,0.8031294,0.7711117,0.6481798,0.1317073170731707,0.4911299999999999,0.0,0.0697674418604651,0.0,0.8031294,0.7711117,0.6481798,0.1317073170731707,5,0
DB00382,D208230,0,train,16.0,4.0,0.25718,0.0,0.1555555555555555,0.0,0.8487109,0.9324837,0.7805475,0.1851851851851851,4.11488,0.0,0.622222222222222,0.0,3.3948436,3.7299348,3.12219,0.7407407407407404,5,0
DB00657,D226150,0,train,5.0,1.0,0.031912,0.1,0.1153846153846153,0.0,0.84767663,0.88887656,0.89518523,0.0980392156862745,0.15956,0.1,0.1153846153846153,0.0,0.84767663,0.88887656,0.89518523,0.0980392156862745,5,0
DB01203,D266120,0,train,1.0,8.0,0.14393,0.0,0.0172413793103448,0.0,0.6208495,0.8642793,0.73988223,0.099236641221374,0.14393,0.0,0.1379310344827584,0.0,4.966796,6.9142344,5.91905784,0.793893129770992,5,0
DB01221,D114580,0,train,4.0,5.0,0.25788,0.0,0.0804597701149425,0.0,0.7941955,0.6659344,0.76273865,0.1666666666666666,1.03152,0.0,0.4022988505747125,0.0,3.9709775,3.3296720000000004,3.81369325,0.833333333333333,5,0
DB00215,D231900,0,train,1.0,9.0,0.20766,0.0,0.0606060606060606,0.0,0.6329015,0.85435057,0.7423518,0.1094890510948905,0.20766,0.0,0.5454545454545454,0.0,5.6961135,7.68915513,6.6811662,0.9854014598540144,5,0
DB00363,D259050,0,train,1.0,3.0,0.11531,0.0,0.0681818181818181,0.0,0.72376585,0.70245445,0.625904,0.1057692307692307,0.11531,0.0,0.2045454545454542,0.0,2.17129755,2.10736335,1.877712,0.317307692307692,5,0
DB00190,D254400,0,train,6.0,3.0,0.0,0.0,0.0689655172413793,0.0,0.8623882,0.9172988,0.86315364,0.1566265060240964,0.0,0.0,0.2068965517241379,0.0,2.5871646000000004,2.7518964,2.58946092,0.4698795180722891,5,0
DB00704,D606798,0,train,1.0,3.0,0.081331,0.0,0.08,0.0,0.7917289,0.82491153,0.84182906,0.125,0.081331,0.0,0.24,0.0,2.3751867,2.47473459,2.52548718,0.375,5,0
DB00210,D608217,0,train,1.0,1.0,0.0,0.0,0.0,0.0,0.73463166,0.6844423,0.80936277,0.1395348837209302,0.0,0.0,0.0,0.0,0.73463166,0.6844423,0.80936277,0.1395348837209302,5,0
DB00343,D246470,0,train,5.0,2.0,0.038922,0.0,0.1095890410958904,0.0,0.70170164,0.71510386,0.7913125,0.2583333333333333,0.19461,0.0,0.2191780821917808,0.0,1.40340328,1.43020772,1.582625,0.5166666666666666,5,0
DB01231,D125320,0,train,13.0,1.0,0.080773,0.1428571428571428,0.1666666666666666,0.0,0.83982533,0.8577001,0.8184446,0.3203883495145631,1.050049,0.1428571428571428,0.1666666666666666,0.0,0.83982533,0.8577001,0.8184446,0.3203883495145631,5,0
DB00315,D147540,0,train,8.0,3.0,0.10604,0.0,0.0952380952380952,0.0,0.83438706,0.6208743,0.85564387,0.1796875,0.84832,0.0,0.2857142857142856,0.0,2.50316118,1.8626229,2.56693161,0.5390625,5,0
DB00717,D125850,0,train,13.0,1.0,0.0,0.3333333333333333,0.1372549019607843,0.0,0.805969,0.8694417,0.7801965,0.2100840336134453,0.0,0.3333333333333333,0.1372549019607843,0.0,0.805969,0.8694417,0.7801965,0.2100840336134453,5,0
DB01086,D259050,0,train,1.0,4.0,0.11531,0.0,0.0545454545454545,0.0,0.6712703,0.7137092,0.6297307,0.1911764705882352,0.11531,0.0,0.218181818181818,0.0,2.6850812,2.8548368,2.5189228,0.7647058823529408,5,0
DB01395,D170900,0,train,1.0,2.0,0.0,0.0,0.0,0.0,0.5223936,0.6850977,0.6326532,0.0721311475409836,0.0,0.0,0.0,0.0,1.0447872,1.3701954,1.2653064,0.1442622950819672,5,0
DB00280,D206200,0,train,2.0,1.0,0.0,0.0,0.0566037735849056,0.0,0.75629103,0.69988585,0.75554997,0.1755725190839694,0.0,0.0,0.0566037735849056,0.0,0.75629103,0.69988585,0.75554997,0.1755725190839694,5,0
DB01219,D170900,0,train,1.0,1.0,0.0,0.0,0.0,0.0,0.45573586,0.6701197,0.6125113,0.0535117056856187,0.0,0.0,0.0,0.0,0.45573586,0.6701197,0.6125113,0.0535117056856187,5,0
DB00384,D601682,0,train,8.0,0.0,0.0,0.0,0.0869565217391304,0.0,0.8198181,0.7900725,0.8775204,0.1923076923076923,0.0,0.0,0.0,0.0,0.0,0.0,0.0,0.0,5,0
DB11750,D143500,0,train,1.0,2.0,0.16383,0.0,0.0454545454545454,0.0,0.80610335,0.1256592,0.0,0.073170731707317,0.16383,0.0,0.0909090909090908,0.0,1.6122067,0.2513184,0.0,0.146341463414634,5,0
DB00744,D600131,0,train,5.0,4.0,0.17681,0.0,0.1,0.0,0.80984265,0.7392458,0.808949,0.1414141414141414,0.88405,0.0,0.4,0.0,3.2393706,2.9569832,3.235796,0.5656565656565656,5,0
DB00014,D182830,0,train,2.0,4.0,0.093541,0.0,0.0285714285714285,0.0,0.6742177,0.8685694,0.60415024,0.0847457627118644,0.187082,0.0,0.114285714285714,0.0,2.6968708,3.4742776,2.41660096,0.3389830508474576,5,0
DB00308,D273300,0,train,4.0,2.0,0.076225,0.0,0.0833333333333333,0.0,0.7822622,0.7569268,0.7446664,0.0970149253731343,0.3049,0.0,0.1666666666666666,0.0,1.5645244,1.5138536,1.4893328,0.1940298507462686,5,0
DB00936,D608622,0,train,52.0,2.0,0.18312,0.6666666666666666,0.3095238095238095,0.0,0.84768784,0.88600737,0.85038733,0.2771084337349397,9.52224,1.3333333333333333,0.619047619047619,0.0,1.69537568,1.77201474,1.70077466,0.5542168674698794,5,0
DB00458,D211980,0,train,1.0,2.0,0.0,0.0,0.0526315789473684,0.0,0.8586221,0.75180364,0.7538509,0.0444444444444444,0.0,0.0,0.1052631578947368,0.0,1.7172442,1.50360728,1.5077018,0.0888888888888888,5,0
DB00712,D145600,0,train,1.0,1.0,0.18303,0.0,0.0588235294117647,0.0,0.6923769,0.75634956,0.60817695,0.1,0.18303,0.0,0.0588235294117647,0.0,0.6923769,0.75634956,0.60817695,0.1,5,0
DB11750,D187950,0,train,1.0,2.0,0.33225,0.0,0.04,0.0,0.8319274,0.20452909,0.0,0.0828025477707006,0.33225,0.0,0.08,0.0,1.6638548,0.40905818,0.0,0.1656050955414012,5,0
DB00262,D175100,0,train,1.0,5.0,0.46862,0.0,0.0363636363636363,0.0,0.6679602,0.39615348,0.69409233,0.0701754385964912,0.46862,0.0,0.1818181818181815,0.0,3.339801,1.9807674,3.4704616500000003,0.350877192982456,5,0
DB00968,D155601,0,train,5.0,1.0,0.0,0.0454545454545454,0.1228070175438596,0.0,0.81823814,0.7923635,0.80073327,0.1452991452991453,0.0,0.0454545454545454,0.1228070175438596,0.0,0.81823814,0.7923635,0.80073327,0.1452991452991453,5,0
DB00814,D260570,0,train,2.0,2.0,0.23295,0.0,0.0163934426229508,0.0,0.77325,0.8570041,0.8753734,0.1590909090909091,0.4659,0.0,0.0327868852459016,0.0,1.5465,1.7140082,1.7507468,0.3181818181818182,5,0
DB01233,D206200,0,train,2.0,14.0,0.44878,0.1666666666666666,0.2280701754385964,0.0,0.8417933,0.87431383,0.74139035,0.112,0.89756,2.3333333333333326,3.1929824561403497,0.0,11.7851062,12.24039362,10.3794649,1.568,5,0
DB00514,D241519,0,train,1.0,8.0,0.13604,0.0,0.1466666666666666,0.0,0.7828488,0.8047448,0.836128,0.1057692307692307,0.13604,0.0,1.173333333333333,0.0,6.2627904,6.4379584,6.689024,0.8461538461538456,5,0
DB00924,D602080,0,train,5.0,1.0,0.10182,0.0,0.0638297872340425,0.0,0.68281734,0.7080904,0.7818613,0.1666666666666666,0.5091,0.0,0.0638297872340425,0.0,0.68281734,0.7080904,0.7818613,0.1666666666666666,5,0
DB00603,D254770,0,train,0.0,1.0,0.0,0.0,0.0,0.0,0.0,0.0,0.0,0.0,0.0,0.0,0.0,0.0,0.0,0.0,0.0,0.0,5,0
DB00704,D114580,0,train,4.0,3.0,0.10982,0.0,0.0444444444444444,0.0,0.74868894,0.710402,0.7560473,0.1626016260162601,0.43928,0.0,0.1333333333333332,0.0,2.24606682,2.131206,2.2681419,0.4878048780487803,5,0
DB01260,D184700,0,train,4.0,4.0,0.40315,0.0,0.0930232558139534,0.0,0.8543804,0.8164222,0.7686492,0.1328671328671328,1.6126,0.0,0.3720930232558136,0.0,3.4175216,3.2656888,3.0745968,0.5314685314685312,5,0
DB00800,D275000,0,train,3.0,2.0,0.32352,0.1818181818181818,0.0344827586206896,0.0,0.8381843,0.85045123,0.6918205,0.1862745098039215,0.97056,0.3636363636363636,0.0689655172413792,0.0,1.6763686,1.70090246,1.383641,0.372549019607843,5,0
DB00163,D264120,0,train,8.0,7.0,0.23295,0.0,0.0625,0.0,0.75499237,0.85461974,0.80022174,0.0916030534351145,1.8636,0.0,0.4375,0.0,5.28494659,5.982338179999999,5.6015521800000005,0.6412213740458015,5,0
DB01136,D125853,0,train,13.0,2.0,0.13078,0.1363636363636363,0.2419354838709677,0.0,0.81752837,0.88445747,0.82038265,0.28,1.7001400000000002,0.2727272727272726,0.4838709677419354,0.0,1.63505674,1.76891494,1.6407653,0.56,5,0
DB00497,D305300,0,train,1.0,1.0,0.09993,0.0,0.0930232558139534,0.0,0.7493803,0.59393966,0.73623276,0.1111111111111111,0.09993,0.0,0.0930232558139534,0.0,0.7493803,0.59393966,0.73623276,0.1111111111111111,5,0
DB01255,D150699,0,train,1.0,2.0,0.24328,0.0,0.0,0.0,0.68378615,0.64566606,0.7123576,0.1259541984732824,0.24328,0.0,0.0,0.0,1.3675723,1.29133212,1.4247152,0.2519083969465648,5,0
DB00596,D109350,0,train,11.0,4.0,0.16271,0.0,0.027027027027027,0.0,0.81668025,0.8357443,0.8577073,0.196078431372549,1.78981,0.0,0.108108108108108,0.0,3.266721,3.3429772,3.4308292,0.784313725490196,5,0
DB01085,D176800,0,train,1.0,2.0,0.042497,0.0,0.0714285714285714,0.0,0.8260901,0.7481537,0.5061701,0.088235294117647,0.042497,0.0,0.1428571428571428,0.0,1.6521802,1.4963074,1.0123402,0.176470588235294,5,0
DB01014,D231090,0,train,2.0,1.0,0.027781,0.0,0.074074074074074,0.0,0.6734764,0.80409896,0.7243999,0.1518987341772152,0.055562,0.0,0.074074074074074,0.0,0.6734764,0.80409896,0.7243999,0.1518987341772152,5,0
DB00889,D231090,0,train,2.0,1.0,0.027583,0.0,0.1020408163265306,0.0,0.78982663,0.82739156,0.8354379,0.1139240506329113,0.055166,0.0,0.1020408163265306,0.0,0.78982663,0.82739156,0.8354379,0.1139240506329113,5,0
DB01294,D607225,0,train,2.0,4.0,0.30138,0.0,0.0,0.0,0.6916002,0.72743595,0.78351957,0.1612903225806451,0.60276,0.0,0.0,0.0,2.7664008,2.9097438,3.13407828,0.6451612903225804,5,0
DB00763,D182280,0,train,5.0,2.0,0.154,0.0,0.0526315789473684,0.0,0.76230663,0.77007747,0.78923565,0.0845070422535211,0.77,0.0,0.1052631578947368,0.0,1.52461326,1.54015494,1.5784713,0.1690140845070422,5,0
DB00186,D166300,0,train,4.0,3.0,0.15645,0.0,0.0588235294117647,0.0,0.6976449,0.7414732,0.79976964,0.1682242990654205,0.6258,0.0,0.1764705882352941,0.0,2.0929347,2.2244196,2.39930892,0.5046728971962615,5,0
DB00731,D233810,0,train,10.0,1.0,0.11233,0.0,0.0888888888888888,0.0,0.8008618,0.7030781,0.69133264,0.1393442622950819,1.1233,0.0,0.0888888888888888,0.0,0.8008618,0.7030781,0.69133264,0.1393442622950819,5,0
DB00290,D254770,0,train,0.0,5.0,0.0,0.0,0.0,0.0,0.0,0.0,0.0,0.0,0.0,0.0,0.0,0.0,0.0,0.0,0.0,0.0,5,0
DB00957,D145590,0,train,19.0,4.0,0.067448,0.4,0.3846153846153846,0.0,0.8530624,0.9274229,0.878592,0.2540983606557377,1.281512,1.6,1.5384615384615383,0.0,3.4122496,3.7096916,3.514368,1.0163934426229508,5,0
DB00555,D121201,0,train,2.0,2.0,0.15285,0.0434782608695652,0.1142857142857142,0.0,0.8266088,0.7856147,0.82933784,0.0978260869565217,0.3057,0.0869565217391304,0.2285714285714284,0.0,1.6532176,1.5712294,1.65867568,0.1956521739130434,5,0
DB00523,D168100,0,train,14.0,3.0,0.10004,0.2307692307692307,0.03125,0.0,0.8529431,0.74963045,0.7477172,0.1376146788990825,1.40056,0.6923076923076921,0.09375,0.0,2.5588293,2.24889135,2.2431516,0.4128440366972474,5,0
DB01002,D144110,0,train,5.0,2.0,0.14024,0.0909090909090909,0.2592592592592592,0.2857142857142857,0.77726805,0.9303649,0.65514815,0.2272727272727272,0.7012,0.1818181818181818,0.5185185185185184,0.5714285714285714,1.5545361,1.8607298,1.3102963,0.4545454545454544,5,0
DB00350,D264120,0,train,8.0,2.0,0.14173,0.25,0.04,0.0,0.8444267,0.77784616,0.81944335,0.0765027322404371,1.13384,0.5,0.08,0.0,1.6888534,1.55569232,1.6388867,0.1530054644808742,5,0
DB01132,D133690,0,train,3.0,2.0,0.21492,0.0,0.1052631578947368,0.0,0.685828,0.8172033,0.71566933,0.2272727272727272,0.64476,0.0,0.2105263157894736,0.0,1.371656,1.6344066,1.43133866,0.4545454545454544,5,0
DB00952,D187950,0,train,1.0,1.0,0.15906,0.0,0.0192307692307692,0.0,0.6829559,0.81654334,0.63402,0.1034482758620689,0.15906,0.0,0.0192307692307692,0.0,0.6829559,0.81654334,0.63402,0.1034482758620689,5,0
DB01238,D102500,0,train,12.0,3.0,0.23929,0.0888888888888888,0.0853658536585365,1.0,0.8003238,0.8537736,0.66379654,0.2068965517241379,2.87148,0.2666666666666664,0.2560975609756095,3.0,2.4009714,2.5613208,1.99138962,0.6206896551724137,5,0
DB00444,D300232,0,train,1.0,2.0,0.21969,0.0,0.037037037037037,0.0,0.71488124,0.66137713,0.59013975,0.0650887573964497,0.21969,0.0,0.074074074074074,0.0,1.42976248,1.32275426,1.1802795,0.1301775147928994,5,0
DB00535,D145200,0,train,1.0,3.0,0.024253,0.0,0.0,0.0,0.5435595,0.7334667,0.4794257,0.0970873786407767,0.024253,0.0,0.0,0.0,1.6306785,2.2004001,1.4382771,0.2912621359223301,5,0
DB00335,D206200,0,train,2.0,1.0,0.10297,0.0,0.0175438596491228,0.0,0.68249273,0.7515516,0.7568711,0.1229508196721311,0.20594,0.0,0.0175438596491228,0.0,0.68249273,0.7515516,0.7568711,0.1229508196721311,5,0
DB01045,D256700,0,train,4.0,8.0,0.20494,0.0,0.0879120879120879,0.0,0.7189843,0.7696259,0.72979313,0.1099476439790576,0.81976,0.0,0.7032967032967032,0.0,5.7518744,6.1570072,5.83834504,0.8795811518324608,5,0
DB01151,D227300,0,train,1.0,2.0,0.22627,0.0,0.0,0.0,0.79504824,0.8328913,0.8000275,0.0348837209302325,0.22627,0.0,0.0,0.0,1.59009648,1.6657826,1.600055,0.069767441860465,5,0
DB00346,D205700,0,train,1.0,3.0,0.061509,0.0,0.0222222222222222,0.0,0.6483444,0.6327119,0.7743009,0.1260504201680672,0.061509,0.0,0.0666666666666666,0.0,1.9450332,1.8981357,2.3229027,0.3781512605042015,5,0
DB00925,D184700,0,train,4.0,1.0,0.20834,0.0,0.0909090909090909,0.0,0.8270481,0.8110787,0.8034793,0.3258426966292135,0.83336,0.0,0.0909090909090909,0.0,0.8270481,0.8110787,0.8034793,0.3258426966292135,5,0
DB01162,D260570,0,train,2.0,2.0,0.05523,0.0405405405405405,0.1162790697674418,0.0,0.89940774,0.7396719,0.6978115,0.1018518518518518,0.11046,0.081081081081081,0.2325581395348836,0.0,1.79881548,1.4793438,1.395623,0.2037037037037036,5,0
DB00675,D121200,0,train,0.0,3.0,0.2011,0.0,0.0,0.0,0.0,0.0,0.0,0.0,0.0,0.0,0.0,0.0,0.0,0.0,0.0,0.0,5,0
DB00182,D236000,0,train,15.0,1.0,0.049803,0.4,0.1707317073170731,0.0,0.87646276,0.76182556,0.75353247,0.25,0.747045,0.4,0.1707317073170731,0.0,0.87646276,0.76182556,0.75353247,0.25,5,0
DB00216,D145500,0,train,5.0,6.0,0.18171,0.0,0.0989010989010989,0.0,0.79741466,0.68731976,0.7362727,0.2045454545454545,0.90855,0.0,0.5934065934065934,0.0,4.78448796,4.12391856,4.4176362000000005,1.227272727272727,5,0
DB01165,D181460,0,train,1.0,3.0,0.087359,0.0,0.0428571428571428,0.0,0.5895231,0.6832065,0.66613543,0.1089108910891089,0.087359,0.0,0.1285714285714284,0.0,1.7685692999999998,2.0496195000000004,1.99840629,0.3267326732673267,5,0
DB00218,D140850,0,train,1.0,1.0,0.0,0.0,0.0344827586206896,0.0,0.7421999,0.81403786,0.7545548,0.160377358490566,0.0,0.0,0.0344827586206896,0.0,0.7421999,0.81403786,0.7545548,0.160377358490566,5,0
DB01086,D109200,0,train,0.0,4.0,0.14486,0.0,0.0,0.0,0.0,0.0,0.0,0.0,0.0,0.0,0.0,0.0,0.0,0.0,0.0,0.0,5,0
DB00853,D125320,0,train,13.0,6.0,0.12835,0.0,0.3846153846153846,0.0,0.7918081,0.65389186,0.7628981,0.1267605633802817,1.66855,0.0,2.3076923076923075,0.0,4.7508486,3.92335116,4.5773886,0.7605633802816901,5,0
DB00356,D151400,0,train,3.0,0.0,0.0,0.0,0.0909090909090909,0.0,0.73685527,0.77670074,0.7243883,0.1052631578947368,0.0,0.0,0.0,0.0,0.0,0.0,0.0,0.0,5,0
DB00975,D115195,0,train,1.0,5.0,0.11956,0.0,0.0,0.0,0.79885364,0.80861944,0.78074574,0.03125,0.11956,0.0,0.0,0.0,3.9942682,4.0430972,3.9037287,0.15625,5,0
DB00571,D252320,0,train,11.0,2.0,0.13265,0.1176470588235294,0.2941176470588235,0.0,0.8181313,0.81806207,0.8077117,0.2261904761904762,1.45915,0.2352941176470588,0.588235294117647,0.0,1.6362626,1.63612414,1.6154234,0.4523809523809524,5,0
DB00284,D607628,0,train,4.0,2.0,0.0,0.0,0.05,0.0,0.7323367,0.7143917,0.785197,0.086021505376344,0.0,0.0,0.1,0.0,1.4646734,1.4287834,1.570394,0.172043010752688,5,0
DB00305,D125852,0,train,1.0,2.0,0.11515,0.0,0.0232558139534883,0.0,0.82236356,0.6283689,0.7931793,0.0954356846473029,0.11515,0.0,0.0465116279069766,0.0,1.64472712,1.2567378,1.5863586,0.1908713692946058,5,0
DB00675,D275000,0,train,3.0,3.0,0.24088,0.0,0.1630434782608695,0.0,0.7373817,0.74991363,0.8159551,0.2085889570552147,0.7226400000000001,0.0,0.4891304347826085,0.0,2.2121451,2.24974089,2.4478653,0.6257668711656441,5,0
DB00379,D176807,0,train,10.0,5.0,0.09993,0.2,0.2619047619047619,0.0,0.8287117,0.89579713,0.7839125,0.2337662337662337,0.9993,1.0,1.3095238095238095,0.0,4.1435585,4.47898565,3.9195625,1.1688311688311686,5,0
DB01403,D175505,0,train,1.0,3.0,0.076699,0.0,0.0135135135135135,0.0,0.5940723,0.7837343,0.70544267,0.1714285714285714,0.076699,0.0,0.0405405405405405,0.0,1.7822169,2.3512029,2.11632801,0.5142857142857142,5,0
DB00315,D126200,0,train,10.0,3.0,0.25363,0.0,0.0727272727272727,0.0,0.8404975,0.68707037,0.79848635,0.1590909090909091,2.5363,0.0,0.2181818181818181,0.0,2.5214925,2.0612111100000003,2.39545905,0.4772727272727273,5,0
DB00863,D151400,0,train,3.0,1.0,0.13782,0.0,0.1111111111111111,0.0,0.79477787,0.57527894,0.763631,0.1,0.41346,0.0,0.1111111111111111,0.0,0.79477787,0.57527894,0.763631,0.1,5,0
DB00966,D261515,0,train,1.0,2.0,0.1644,0.0,0.0,0.0,0.44685733,0.6673126,0.5455707,0.0504201680672268,0.1644,0.0,0.0,0.0,0.89371466,1.3346252,1.0911414,0.1008403361344536,5,0
DB00381,D109100,0,train,7.0,3.0,0.16599,0.0,0.1444444444444444,0.0,0.7602245,0.8103518,0.857437,0.1666666666666666,1.16193,0.0,0.4333333333333332,0.0,2.2806735,2.4310554,2.572311,0.4999999999999998,5,0
DB00257,D254400,0,train,6.0,1.0,0.10644,0.0,0.1304347826086956,0.0,0.82068855,0.77131635,0.84388494,0.1948051948051948,0.6386400000000001,0.0,0.1304347826086956,0.0,0.82068855,0.77131635,0.84388494,0.1948051948051948,5,0
DB00508,D194070,0,train,3.0,1.0,0.083214,0.1153846153846153,0.1973684210526315,0.0,0.8339983,0.746246,0.77925605,0.2233009708737864,0.2496419999999999,0.1153846153846153,0.1973684210526315,0.0,0.8339983,0.746246,0.77925605,0.2233009708737864,5,0
DB00822,D134750,0,train,1.0,3.0,0.041197,0.0,0.0392156862745098,0.0,0.67669475,0.78069365,0.6522831,0.0212765957446808,0.041197,0.0,0.1176470588235294,0.0,2.03008425,2.34208095,1.9568493,0.0638297872340424,5,0
DB00573,D145600,0,train,1.0,7.0,0.26119,0.0,0.0192307692307692,0.0,0.6774521,0.74693835,0.73734206,0.099009900990099,0.26119,0.0,0.1346153846153844,0.0,4.7421647,5.22856845,5.161394420000001,0.693069306930693,5,0
DB00585,D607499,0,train,2.0,7.0,0.072638,0.0,0.05,0.0,0.8176598,0.7267257,0.780355,0.0943396226415094,0.145276,0.0,0.35,0.0,5.7236186,5.0870799,5.462485,0.6603773584905658,5,0
DB00795,D115195,0,train,1.0,2.0,0.16814,0.0,0.027027027027027,0.0,0.65108097,0.8306614,0.5359778,0.1030927835051546,0.16814,0.0,0.054054054054054,0.0,1.30216194,1.6613228,1.0719556,0.2061855670103092,5,0
DB00464,D226150,0,train,5.0,2.0,0.14464,0.0,0.0350877192982456,0.0,0.7010026,0.7804298,0.7500068,0.09375,0.7232,0.0,0.0701754385964912,0.0,1.4020052,1.5608596,1.5000136,0.1875,5,0
DB00918,D133239,0,train,3.0,0.0,0.0,0.0,0.2203389830508474,0.0,0.8618675,0.6803115,0.7639479,0.1916666666666666,0.0,0.0,0.0,0.0,0.0,0.0,0.0,0.0,5,0
DB01035,D194200,0,train,2.0,2.0,0.1714,0.1666666666666666,0.1016949152542373,0.0,0.66495556,0.7102251,0.49391294,0.1136363636363636,0.3428,0.3333333333333332,0.2033898305084746,0.0,1.32991112,1.4204502,0.98782588,0.2272727272727272,5,0
DB01104,D102500,0,train,12.0,1.0,0.080931,0.0,0.1746031746031746,0.0,0.8272157,0.8546023,0.7470316,0.2333333333333333,0.971172,0.0,0.1746031746031746,0.0,0.8272157,0.8546023,0.7470316,0.2333333333333333,5,0
DB11750,D246470,0,train,5.0,2.0,0.13673,0.0,0.0888888888888888,0.0,0.8385982,0.31049353,0.0,0.1865671641791045,0.68365,0.0,0.1777777777777776,0.0,1.6771964,0.62098706,0.0,0.373134328358209,5,0
DB00337,D136200,0,train,2.0,3.0,0.1526,0.0,0.2903225806451613,0.0,0.7815397,0.7162118,0.8110798,0.1559139784946236,0.3052,0.0,0.870967741935484,0.0,2.3446191,2.1486354,2.4332394,0.4677419354838708,5,0
DB01240,D176807,0,train,10.0,2.0,0.13159,0.0,0.0975609756097561,0.0,0.8083004,0.8053456,0.7756008,0.1403508771929824,1.3159,0.0,0.1951219512195122,0.0,1.6166008,1.6106912,1.5512016,0.2807017543859648,5,0
DB00211,D212140,0,train,1.0,1.0,0.21359,0.0,0.0588235294117647,0.0,0.81519616,0.86074066,0.4951203,0.11,0.21359,0.0,0.0588235294117647,0.0,0.81519616,0.86074066,0.4951203,0.11,5,0
DB00686,D102100,0,train,0.0,2.0,0.23823,0.0,0.0,0.0,0.0,0.0,0.0,0.0,0.0,0.0,0.0,0.0,0.0,0.0,0.0,0.0,5,0
DB00733,D158280,0,train,2.0,6.0,0.46682,0.0,0.0,0.0,0.7400635,0.8304763,0.7123314,0.1232876712328767,0.93364,0.0,0.0,0.0,4.440381,4.9828578,4.2739884,0.7397260273972602,5,0
DB00282,D187950,0,train,1.0,6.0,0.24713,0.0,0.0,0.0,0.7698718,0.5116825,0.6587311,0.0588235294117647,0.24713,0.0,0.0,0.0,4.6192308,3.070095,3.9523866,0.3529411764705882,5,0
DB00816,D136200,0,train,2.0,6.0,0.10604,0.0,0.0408163265306122,0.0,0.88037276,0.752321,0.6990818,0.1506849315068493,0.21208,0.0,0.2448979591836732,0.0,5.282236559999999,4.513926,4.1944908,0.9041095890410958,5,0
DB00523,D145590,0,train,19.0,3.0,0.091476,0.3157894736842105,0.4418604651162791,0.0,0.8663357,0.78190386,0.82864344,1.0,1.738044,0.9473684210526316,1.3255813953488371,0.0,2.5990071,2.34571158,2.48593032,3.0,5,0
DB00554,D115195,0,train,1.0,3.0,0.051037,0.0,0.0434782608695652,0.0,0.65802413,0.8289412,0.7759781,0.0952380952380952,0.051037,0.0,0.1304347826086956,0.0,1.97407239,2.4868236,2.3279343,0.2857142857142856,5,0
DB00958,D113610,0,train,2.0,3.0,0.1146,0.0,0.032258064516129,0.0,0.64705086,0.67967796,0.5978539,0.1123595505617977,0.2292,0.0,0.0967741935483869,0.0,1.94115258,2.03903388,1.7935617,0.3370786516853931,5,0
DB01118,D127750,0,train,0.0,1.0,0.042616,0.0,0.0,0.0,0.0,0.0,0.0,0.0,0.0,0.0,0.0,0.0,0.0,0.0,0.0,0.0,5,0
DB01203,D231200,0,train,4.0,8.0,0.24391,0.0,0.1627906976744186,0.0,0.73376167,0.7794276,0.7244703,0.1764705882352941,0.97564,0.0,1.3023255813953487,0.0,5.87009336,6.2354208,5.7957624,1.4117647058823528,5,0
DB00482,D136200,0,train,2.0,2.0,0.072879,0.0,0.2222222222222222,0.0,0.8216269,0.762578,0.7656342,0.1386138613861386,0.145758,0.0,0.4444444444444444,0.0,1.6432538,1.525156,1.5312684,0.2772277227722772,5,0
DB00653,D133239,0,train,3.0,3.0,0.12771,0.0,0.0256410256410256,0.0,0.73461056,0.7273681,0.8164684,0.0595238095238095,0.3831299999999999,0.0,0.0769230769230767,0.0,2.20383168,2.1821043,2.4494052,0.1785714285714285,5,0
DB00262,D188470,0,train,1.0,5.0,0.19343,0.0,0.0,0.0,0.78214025,0.5374281,0.79340917,0.0833333333333333,0.19343,0.0,0.0,0.0,3.91070125,2.6871405,3.96704585,0.4166666666666665,5,0
DB01043,D188050,0,train,4.0,1.0,0.070791,0.0363636363636363,0.1071428571428571,0.0,0.77901495,0.8315524,0.8328797,0.073170731707317,0.283164,0.0363636363636363,0.1071428571428571,0.0,0.77901495,0.8315524,0.8328797,0.073170731707317,5,0
DB01009,D190300,0,train,4.0,1.0,0.15995,0.0,0.1071428571428571,0.0,0.8506006,0.82833695,0.78469706,0.1521739130434782,0.6398,0.0,0.1071428571428571,0.0,0.8506006,0.82833695,0.78469706,0.1521739130434782,5,0
DB01182,D303110,0,train,4.0,3.0,0.23607,0.0,0.1228070175438596,0.0,0.80941635,0.7951035,0.7795898,0.25,0.94428,0.0,0.3684210526315788,0.0,2.42824905,2.3853105,2.3387694,0.75,5,0
DB01125,D602080,0,train,5.0,1.0,0.13934,0.0,0.0,0.0,0.8046509,0.78509384,0.7271129,0.2989690721649484,0.6967,0.0,0.0,0.0,0.8046509,0.78509384,0.7271129,0.2989690721649484,5,0
DB00201,D176807,0,train,10.0,3.0,0.19695,0.0476190476190476,0.1509433962264151,0.0,0.70880806,0.80863714,0.71962816,0.1509433962264151,1.9695,0.1428571428571428,0.4528301886792453,0.0,2.12642418,2.42591142,2.15888448,0.4528301886792453,5,0
DB01394,D158280,0,train,2.0,2.0,0.0,0.0,0.1228070175438596,0.0,0.6621143,0.82234585,0.7365108,0.0983606557377049,0.0,0.0,0.2456140350877192,0.0,1.3242286,1.6446917,1.4730216,0.1967213114754098,5,0
DB00734,D188470,0,train,1.0,3.0,0.29073,0.0,0.0909090909090909,0.0,0.80548435,0.730085,0.8707088,0.0909090909090909,0.29073,0.0,0.2727272727272727,0.0,2.41645305,2.190255,2.6121264,0.2727272727272727,5,0
DB00208,D167320,0,train,6.0,1.0,0.1497,0.0,0.1481481481481481,0.0,0.8243013,0.7490076,0.6541736,0.1401869158878504,0.8982,0.0,0.1481481481481481,0.0,0.8243013,0.7490076,0.6541736,0.1401869158878504,5,0
DB00353,D600808,0,train,3.0,0.0,0.0,0.0,0.0754716981132075,0.0,0.80789894,0.7727473,0.75057065,0.1526717557251908,0.0,0.0,0.0,0.0,0.0,0.0,0.0,0.0,5,0
DB00035,D167320,0,train,6.0,5.0,0.19967,0.0,0.2631578947368421,0.0,0.8057132,0.77971494,0.8286232,0.2419354838709677,1.19802,0.0,1.3157894736842104,0.0,4.028566,3.8985747,4.143116,1.2096774193548383,5,0
DB00884,D233810,0,train,10.0,10.0,0.20546,0.0,0.0833333333333333,0.0,0.85741234,0.82766,0.7627627,0.1126760563380281,2.0546,0.0,0.833333333333333,0.0,8.5741234,8.2766,7.627627,1.126760563380281,5,0
DB00763,D138800,0,train,1.0,2.0,0.0,0.0,0.0909090909090909,0.0,0.81892145,0.7997549,0.7883603,0.0384615384615384,0.0,0.0,0.1818181818181818,0.0,1.6378429,1.5995098,1.5767206,0.0769230769230768,5,0
DB00731,D194200,0,train,2.0,1.0,0.070241,0.0,0.125,0.0,0.760644,0.7415271,0.6442437,0.1631205673758865,0.140482,0.0,0.125,0.0,0.760644,0.7415271,0.6442437,0.1631205673758865,5,0
DB00655,D608320,0,train,4.0,2.0,0.27223,0.4,0.0888888888888888,0.0,0.8023952,0.8503894,0.82790554,0.1428571428571428,1.08892,0.8,0.1777777777777776,0.0,1.6047904,1.7007788,1.65581108,0.2857142857142856,5,0
DB00313,D102300,0,train,8.0,8.0,0.24245,0.0769230769230769,0.1153846153846153,0.0,0.81134576,0.8066338,0.84417313,0.1159420289855072,1.9396,0.6153846153846152,0.9230769230769224,0.0,6.49076608,6.4530704,6.75338504,0.9275362318840576,5,0
DB03796,D109350,0,train,11.0,0.0,0.0,0.0,0.0434782608695652,0.0,0.6801525,0.68497646,0.67558044,0.0684931506849315,0.0,0.0,0.0,0.0,0.0,0.0,0.0,0.0,5,0
DB00325,D153880,0,train,2.0,2.0,0.067515,0.0,0.0338983050847457,0.0,0.8569417,0.6675102,0.81879,0.0125,0.13503,0.0,0.0677966101694914,0.0,1.7138834,1.3350204,1.63758,0.025,5,0
DB00938,D158280,0,train,2.0,1.0,0.0,0.0,0.0704225352112676,0.0,0.6448134,0.64252996,0.72820556,0.1949152542372881,0.0,0.0,0.0704225352112676,0.0,0.6448134,0.64252996,0.72820556,0.1949152542372881,5,0
DB00927,D152700,0,train,3.0,2.0,0.29037,0.0,0.109090909090909,0.0,0.90343934,0.7363838,0.7739419,0.1267605633802817,0.87111,0.0,0.218181818181818,0.0,1.80687868,1.4727676,1.5478838,0.2535211267605634,5,0
DB00657,D143500,0,train,1.0,1.0,0.12641,0.0,0.087719298245614,0.0,0.84767663,0.8179168,0.89518523,0.0348837209302325,0.12641,0.0,0.087719298245614,0.0,0.84767663,0.8179168,0.89518523,0.0348837209302325,5,0
DB00268,D131440,0,train,1.0,3.0,0.0,0.0,0.0714285714285714,0.0,0.77925473,0.78146505,0.691085,0.1346153846153846,0.0,0.0,0.2142857142857142,0.0,2.33776419,2.34439515,2.073255,0.4038461538461538,5,0
DB00338,D143880,0,train,5.0,1.0,0.052864,0.0,0.1904761904761904,0.0,0.8549302,0.7255032,0.7781044,0.1555555555555555,0.26432,0.0,0.1904761904761904,0.0,0.8549302,0.7255032,0.7781044,0.1555555555555555,5,0
DB01175,D167870,0,train,12.0,1.0,0.15352,0.3181818181818182,0.64,0.0,0.9285483,0.8191574,0.8280612,1.0,1.84224,0.3181818181818182,0.64,0.0,0.9285483,0.8191574,0.8280612,1.0,5,0
DB01020,D300494,0,train,3.0,2.0,0.0,0.0,0.037037037037037,0.0,0.7632438,0.8139883,0.8129244,0.0317460317460317,0.0,0.0,0.074074074074074,0.0,1.5264876,1.6279766,1.6258488,0.0634920634920634,5,0
DB01122,D263800,0,train,1.0,3.0,0.24055,0.0,0.0571428571428571,0.0,0.7752172,0.70378065,0.77157223,0.0666666666666666,0.24055,0.0,0.1714285714285713,0.0,2.3256516,2.11134195,2.31471669,0.1999999999999998,5,0
DB00806,D260480,0,train,1.0,4.0,0.17001,0.0,0.1162790697674418,0.0,0.85038054,0.56693685,0.7426706,0.1071428571428571,0.17001,0.0,0.4651162790697672,0.0,3.40152216,2.2677474,2.9706824,0.4285714285714284,5,0
DB00716,D191800,0,train,1.0,5.0,0.15672,0.0,0.0212765957446808,0.0,0.67408955,0.7811111,0.59968406,0.1188118811881188,0.15672,0.0,0.1063829787234039,0.0,3.3704477500000003,3.9055555,2.9984203,0.594059405940594,5,0
DB00244,D264120,0,train,8.0,1.0,0.11448,0.2857142857142857,0.2682926829268293,0.0,0.86052173,0.87402654,0.88187194,0.5135135135135135,0.91584,0.2857142857142857,0.2682926829268293,0.0,0.86052173,0.87402654,0.88187194,0.5135135135135135,5,0
DB01291,D252320,0,train,11.0,0.0,0.0,0.0,0.3142857142857143,0.0,0.8767727,0.87533826,0.7460088,0.2207792207792207,0.0,0.0,0.0,0.0,0.0,0.0,0.0,0.0,5,0
DB01001,D601682,0,train,8.0,1.0,0.0,0.6666666666666666,0.1481481481481481,0.0,0.8509689,0.786163,0.8533088,0.2087912087912088,0.0,0.6666666666666666,0.1481481481481481,0.0,0.8509689,0.786163,0.8533088,0.2087912087912088,5,0
DB00537,D134750,0,train,1.0,6.0,0.058678,0.0,0.0491803278688524,0.0,0.7589638,0.7295327,0.6663036,0.1,0.058678,0.0,0.2950819672131144,0.0,4.5537828,4.3771962,3.9978216,0.6000000000000001,5,0
DB01551,D239350,0,train,8.0,2.0,0.0,0.0,0.4516129032258064,0.0,0.83864367,0.7228198,0.74776185,0.2474226804123711,0.0,0.0,0.9032258064516128,0.0,1.67728734,1.4456396,1.4955237,0.4948453608247422,5,0
DB01427,D607498,0,train,1.0,1.0,0.086391,0.0,0.0204081632653061,0.0,0.6953551,0.5534318,0.5354572,0.1683168316831683,0.086391,0.0,0.0204081632653061,0.0,0.6953551,0.5534318,0.5354572,0.1683168316831683,5,0
DB00284,D125310,0,train,8.0,2.0,0.11421,0.0,0.08,0.0,0.8075407,0.71882474,0.79679716,0.0512820512820512,0.91368,0.0,0.16,0.0,1.6150814,1.43764948,1.59359432,0.1025641025641024,5,0
DB00654,D171300,0,train,6.0,1.0,0.19716,0.0,0.027027027027027,0.0,0.7881435,0.6963725,0.71179825,0.23841059602649,1.18296,0.0,0.027027027027027,0.0,0.7881435,0.6963725,0.71179825,0.23841059602649,5,0
DB00169,D107550,0,train,1.0,2.0,0.15374,0.0,0.0615384615384615,0.0,0.5767697,0.54163694,0.46820018,0.03125,0.15374,0.0,0.123076923076923,0.0,1.1535394,1.08327388,0.93640036,0.0625,5,0
DB00114,D146255,0,train,15.0,2.0,0.32505,0.0,0.1428571428571428,0.0,0.7095375,0.81334907,0.77143455,0.1944444444444444,4.87575,0.0,0.2857142857142856,0.0,1.419075,1.62669814,1.5428691,0.3888888888888888,5,0
DB00222,D146850,0,train,1.0,4.0,0.10851,0.0,0.0333333333333333,0.0,0.66417414,0.47079605,0.6952183,0.0909090909090909,0.10851,0.0,0.1333333333333332,0.0,2.65669656,1.8831842,2.7808732,0.3636363636363636,5,0
DB00915,D153880,0,train,2.0,1.0,0.0,0.1111111111111111,0.1379310344827586,0.0,0.7548083,0.80274904,0.7683411,0.0117647058823529,0.0,0.1111111111111111,0.1379310344827586,0.0,0.7548083,0.80274904,0.7683411,0.0117647058823529,5,0
DB00754,D131200,0,train,9.0,5.0,0.15159,0.0,0.0571428571428571,0.0,0.8865963,0.85728323,0.78551894,0.2111111111111111,1.36431,0.0,0.2857142857142855,0.0,4.4329815,4.28641615,3.9275947,1.0555555555555556,5,0
DB00909,D144010,0,train,8.0,2.0,0.19732,0.025,0.1311475409836065,0.0,0.78091884,0.828312,0.8527536,0.1619047619047619,1.57856,0.05,0.262295081967213,0.0,1.56183768,1.656624,1.7055072,0.3238095238095238,5,0
DB00749,D146500,0,train,2.0,1.0,0.101,0.0,0.0175438596491228,0.0,0.7577015,0.8667357,0.7882556,0.1171171171171171,0.202,0.0,0.0175438596491228,0.0,0.7577015,0.8667357,0.7882556,0.1171171171171171,5,0
DB00672,D109100,0,train,7.0,3.0,0.16599,0.0,0.0666666666666666,0.0,0.8063174,0.84937775,0.7540611,0.2222222222222222,1.16193,0.0,0.1999999999999998,0.0,2.4189522,2.54813325,2.2621833,0.6666666666666666,5,0
DB00491,D277440,0,train,2.0,3.0,0.31937,0.0,0.0384615384615384,0.0,0.7644031,0.66479874,0.6496808,0.1226415094339622,0.63874,0.0,0.1153846153846152,0.0,2.2932093,1.99439622,1.9490424,0.3679245283018866,5,0
DB01133,D104300,0,train,5.0,3.0,0.20687,0.0,0.0357142857142857,0.0,0.7582689,0.6665058,0.7417082,0.25,1.03435,0.0,0.1071428571428571,0.0,2.2748067,1.9995174,2.2251246,0.75,5,0
DB00492,D165720,0,train,15.0,1.0,0.1649,0.0,0.0666666666666666,0.0,0.86353475,0.7287669,0.79083824,0.2465753424657534,2.4735,0.0,0.0666666666666666,0.0,0.86353475,0.7287669,0.79083824,0.2465753424657534,5,0
DB01080,D194200,0,train,2.0,0.0,0.0,0.0,0.0212765957446808,0.0,0.7279421,0.7591789,0.77471757,0.048780487804878,0.0,0.0,0.0,0.0,0.0,0.0,0.0,0.0,5,0
DB01045,D212110,0,train,1.0,8.0,0.048747,0.0,0.0,0.0,0.6947742,0.6592695,0.66528356,0.1404255319148936,0.048747,0.0,0.0,0.0,5.5581936,5.274156,5.32226848,1.1234042553191488,5,0
DB00679,D153880,0,train,2.0,2.0,0.18641,0.1111111111111111,0.1818181818181818,0.0,0.8379914,0.9020553,0.5701364,0.0948275862068965,0.37282,0.2222222222222222,0.3636363636363636,0.0,1.6759828,1.8041106,1.1402728,0.189655172413793,5,0
DB00844,D237500,0,train,1.0,1.0,0.055491,0.0,0.0666666666666666,0.0,0.88791233,0.7955611,0.7336292,0.065040650406504,0.055491,0.0,0.0666666666666666,0.0,0.88791233,0.7955611,0.7336292,0.065040650406504,5,0
DB00380,D143100,0,train,2.0,6.0,0.26601,0.0,0.03125,0.0,0.7131363,0.73085135,0.7101396,0.0588235294117647,0.53202,0.0,0.1875,0.0,4.2788178,4.3851081,4.2608376,0.3529411764705882,5,0
DB00921,D102300,0,train,8.0,3.0,0.37989,0.125,0.238095238095238,0.0,0.893715,0.8727033,0.83893496,0.1666666666666666,3.03912,0.375,0.714285714285714,0.0,2.681145,2.6181099,2.51680488,0.4999999999999998,5,0
DB00806,D137400,0,train,0.0,4.0,0.063118,0.0,0.0,0.0,0.0,0.0,0.0,0.0,0.0,0.0,0.0,0.0,0.0,0.0,0.0,0.0,5,0
DB00880,D607682,0,train,5.0,3.0,0.2372,0.0,0.1081081081081081,0.0,0.8947425,0.8966093,0.81919503,0.1016949152542373,1.186,0.0,0.3243243243243243,0.0,2.6842275,2.6898279,2.45758509,0.3050847457627119,5,0
DB00140,D134500,0,train,0.0,1.0,0.0,0.0,0.0,0.0,0.0,0.0,0.0,0.0,0.0,0.0,0.0,0.0,0.0,0.0,0.0,0.0,5,0
DB00901,D125851,0,train,11.0,6.0,0.10521,0.25,0.4857142857142857,0.0,0.80629617,0.7865138,0.8236811,0.2834645669291338,1.15731,1.5,2.914285714285714,0.0,4.83777702,4.719082800000001,4.9420866000000006,1.7007874015748028,5,0
DB00222,D114480,0,train,14.0,4.0,0.27343,0.0,0.1666666666666666,0.0,0.84974635,0.7532423,0.78114504,0.2297297297297297,3.82802,0.0,0.6666666666666664,0.0,3.3989854,3.0129692,3.12458016,0.9189189189189187,5,0
DB01085,D250790,0,train,1.0,2.0,0.096253,0.0,0.0454545454545454,0.0,0.49552247,0.7698981,0.6010428,0.106060606060606,0.096253,0.0,0.0909090909090908,0.0,0.99104494,1.5397962,1.2020856,0.212121212121212,5,0
DB00449,D145590,0,train,19.0,2.0,0.24057,0.2142857142857142,0.4545454545454545,0.0,0.8845873,0.8469986,0.821614,0.2125,4.57083,0.4285714285714284,0.909090909090909,0.0,1.7691746,1.6939972,1.643228,0.425,5,0
DB00672,D137580,0,train,2.0,3.0,0.28339,0.0,0.04,0.0,0.82848203,0.7921363,0.8032103,0.1325301204819277,0.56678,0.0,0.12,0.0,2.48544609,2.3764089,2.4096309,0.3975903614457831,5,0
DB00990,D137750,0,train,9.0,3.0,0.1518,0.0,0.0851063829787234,0.0,0.81541973,0.72848946,0.85301626,0.1481481481481481,1.3662,0.0,0.2553191489361702,0.0,2.44625919,2.18546838,2.55904878,0.4444444444444443,5,0
DB00289,D104300,0,train,5.0,0.0,0.0,0.0833333333333333,0.1136363636363636,0.0,0.81229854,0.8224122,0.891337,0.1744186046511628,0.0,0.0,0.0,0.0,0.0,0.0,0.0,0.0,5,0
DB00213,D125852,0,train,1.0,2.0,0.022216,0.0,0.0612244897959183,0.0,0.8164675,0.7977331,0.7237987,0.088,0.022216,0.0,0.1224489795918366,0.0,1.632935,1.5954662,1.4475974,0.176,5,0
DB00559,D239350,0,train,8.0,15.0,0.095965,0.0,0.0597014925373134,0.0,0.8465323,0.8122955,0.80897325,0.2083333333333333,0.76772,0.0,0.895522388059701,0.0,12.6979845,12.1844325,12.13459875,3.124999999999999,5,0
DB00010,D178600,0,train,5.0,1.0,0.075205,0.0,0.0303030303030303,0.0,0.54084384,0.77680284,0.77510893,0.0605612998522895,0.3760249999999999,0.0,0.0303030303030303,0.0,0.54084384,0.77680284,0.77510893,0.0605612998522895,5,0
DB00232,D607685,0,train,1.0,1.0,0.22228,0.0,0.0217391304347826,0.0,0.8418336,0.71819234,0.6088872,0.0545454545454545,0.22228,0.0,0.0217391304347826,0.0,0.8418336,0.71819234,0.6088872,0.0545454545454545,5,0
DB01228,D312910,0,train,1.0,2.0,0.1195,0.0,0.0,0.0,0.46552587,0.6730551,0.4802884,0.0895522388059701,0.1195,0.0,0.0,0.0,0.93105174,1.3461102,0.9605768,0.1791044776119402,5,0
DB00277,D261515,0,train,1.0,2.0,0.19084,0.0,0.0,0.0,0.36438376,0.68562365,0.4777892,0.0434782608695652,0.19084,0.0,0.0,0.0,0.72876752,1.3712473,0.9555784,0.0869565217391304,5,0
DB00787,D600808,0,train,3.0,11.0,0.0,0.0,0.1269841269841269,0.0,0.77619314,0.7089617,0.86176604,0.1160714285714285,0.0,0.0,1.396825396825396,0.0,8.53812454,7.7985787,9.47942644,1.2767857142857135,5,0
DB01216,D304790,0,train,8.0,2.0,0.23755,0.0,0.1621621621621621,0.0,0.8712443,0.7543571,0.81425345,0.282051282051282,1.9004,0.0,0.3243243243243242,0.0,1.7424886,1.5087142,1.6285069,0.564102564102564,5,0
DB00160,D166300,0,train,4.0,1.0,0.25156,0.0,0.0,0.0,0.5741033,0.6984734,0.64833987,0.0821917808219178,1.00624,0.0,0.0,0.0,0.5741033,0.6984734,0.64833987,0.0821917808219178,5,0
DB01294,D254800,0,train,1.0,4.0,0.37552,0.0,0.0,0.0,0.6042032,0.5942061,0.6624751,0.0892857142857142,0.37552,0.0,0.0,0.0,2.4168128,2.3768244,2.6499004,0.3571428571428568,5,0
DB00163,D157700,0,train,8.0,7.0,0.1361,0.0,0.1379310344827586,0.0,0.7378793,0.83015394,0.79083604,0.1297709923664122,1.0888,0.0,0.9655172413793102,0.0,5.1651551,5.81107758,5.535852279999999,0.9083969465648856,5,0
DB00636,D151400,0,train,3.0,0.0,0.0,0.0,0.0555555555555555,0.0,0.7450132,0.62950903,0.77893436,0.1366459627329192,0.0,0.0,0.0,0.0,0.0,0.0,0.0,0.0,5,0
DB00762,D102400,0,train,1.0,0.0,0.0,0.0,0.0212765957446808,0.0,0.84628284,0.5909929,0.6604948,0.0335570469798657,0.0,0.0,0.0,0.0,0.0,0.0,0.0,0.0,5,0
DB06287,D217200,0,train,17.0,2.0,0.12507,0.0,0.1538461538461538,0.0,0.82123744,0.860021,0.0,0.1828358208955224,2.12619,0.0,0.3076923076923076,0.0,1.64247488,1.720042,0.0,0.3656716417910448,5,0
DB00017,D607499,0,train,2.0,4.0,0.095827,0.0,0.0232558139534883,0.0,0.7325971,0.72163385,0.6892163,0.0498614958448753,0.191654,0.0,0.0930232558139532,0.0,2.9303884,2.8865354,2.7568652,0.1994459833795012,5,0
DB00371,D175100,0,train,1.0,5.0,0.17983,0.0,0.0196078431372549,0.0,0.683093,0.5118459,0.648844,0.0932203389830508,0.17983,0.0,0.0980392156862745,0.0,3.415465,2.5592295,3.24422,0.466101694915254,5,0
DB04844,D225740,0,train,5.0,4.0,0.17532,0.0,0.16,0.0,0.8280197,0.8968074,0.49329698,0.1379310344827586,0.8766,0.0,0.64,0.0,3.3120788,3.5872296,1.97318792,0.5517241379310344,5,0
DB00552,D608217,0,train,1.0,4.0,0.20842,0.0,0.015625,0.0,0.63011914,0.7601758,0.7147684,0.0471698113207547,0.20842,0.0,0.0625,0.0,2.52047656,3.0407032,2.8590736,0.1886792452830188,5,0
DB00035,D143465,0,train,13.0,5.0,0.13514,0.0,0.0612244897959183,0.0,0.8489547,0.79434645,0.8577219,0.1606425702811245,1.75682,0.0,0.3061224489795915,0.0,4.2447735,3.97173225,4.2886095,0.8032128514056225,5,0
DB06285,D308205,0,train,2.0,1.0,0.034019,0.0,0.0,0.0,0.8029709,0.6665715,0.5654464,0.0334572490706319,0.068038,0.0,0.0,0.0,0.8029709,0.6665715,0.5654464,0.0334572490706319,5,0
DB00604,D277460,0,train,2.0,6.0,0.2867,0.0,0.0615384615384615,0.0,0.7609167,0.695348,0.7273967,0.0955414012738853,0.5734,0.0,0.369230769230769,0.0,4.5655002,4.172088,4.3643802,0.5732484076433118,5,0
DB01098,D608088,0,train,10.0,1.0,0.023253,0.0,0.1168831168831168,0.0,0.8549345,0.83307344,0.7898315,0.1481481481481481,0.23253,0.0,0.1168831168831168,0.0,0.8549345,0.83307344,0.7898315,0.1481481481481481,5,0
DB01161,D277440,0,train,2.0,5.0,0.22139,0.0,0.0,0.0,0.740468,0.7321454,0.623832,0.065040650406504,0.44278,0.0,0.0,0.0,3.70234,3.660727,3.1191600000000004,0.32520325203252,5,0
DB00865,D146255,0,train,15.0,0.0,0.0,0.0222222222222222,0.1142857142857142,0.0,0.75992465,0.8499021,0.81818306,0.379746835443038,0.0,0.0,0.0,0.0,0.0,0.0,0.0,0.0,5,0
DB00794,D137400,0,train,0.0,1.0,0.070875,0.0,0.0,0.0,0.0,0.0,0.0,0.0,0.0,0.0,0.0,0.0,0.0,0.0,0.0,0.0,5,0
DB01181,D238800,0,train,1.0,0.0,0.0,0.0,0.1714285714285714,0.0,0.72937924,0.7113079,0.6228568,0.0206185567010309,0.0,0.0,0.0,0.0,0.0,0.0,0.0,0.0,5,0
DB01068,D205700,0,train,1.0,2.0,0.21896,0.0,0.0465116279069767,0.0,0.6203893,0.76557213,0.68180335,0.073394495412844,0.21896,0.0,0.0930232558139534,0.0,1.2407786,1.53114426,1.3636067,0.146788990825688,5,0
DB00571,D113610,0,train,2.0,2.0,0.084131,0.0,0.0923076923076923,0.0,0.7373766,0.8567139,0.6525524,0.1981132075471698,0.168262,0.0,0.1846153846153846,0.0,1.4747532,1.7134278,1.3051048,0.3962264150943396,5,0
DB00320,D156190,0,train,1.0,0.0,0.0,0.0,0.1,0.0,0.7835093,0.75964606,0.70051324,0.1103896103896103,0.0,0.0,0.0,0.0,0.0,0.0,0.0,0.0,5,0
DB01241,D237500,0,train,1.0,2.0,0.049089,0.0,0.0869565217391304,0.0,0.7409652,0.7882719,0.64968187,0.1931818181818181,0.049089,0.0,0.1739130434782608,0.0,1.4819304,1.5765438,1.29936374,0.3863636363636362,5,0
DB00255,D125600,0,train,6.0,1.0,0.198,0.0,0.087719298245614,0.0,0.72286326,0.83723325,0.6909412,0.1696428571428571,1.1880000000000002,0.0,0.087719298245614,0.0,0.72286326,0.83723325,0.6909412,0.1696428571428571,5,0
DB00731,D176807,0,train,10.0,1.0,0.18529,0.0,0.1162790697674418,0.0,0.8024895,0.8438364,0.66096514,0.2434782608695652,1.8529,0.0,0.1162790697674418,0.0,0.8024895,0.8438364,0.66096514,0.2434782608695652,5,0
DB00692,D215140,0,train,17.0,5.0,0.21109,0.3,0.1,0.0,0.9120096,0.8888869,0.7519002,0.2204724409448819,3.58853,1.5,0.5,0.0,4.560048,4.4444345,3.759501,1.1023622047244095,5,0
DB01169,D175505,0,train,1.0,1.0,0.0,0.0,0.0975609756097561,0.0,0.7746629,0.71140325,0.6838025,0.0181818181818181,0.0,0.0,0.0975609756097561,0.0,0.7746629,0.71140325,0.6838025,0.0181818181818181,5,0
DB00017,D231200,0,train,4.0,4.0,0.15671,0.0,0.015625,0.0,0.75549036,0.7050061,0.7023797,0.0645624103299856,0.62684,0.0,0.0625,0.0,3.02196144,2.8200244,2.8095188,0.2582496413199424,5,0
DB00982,D137750,0,train,9.0,2.0,0.052946,0.0,0.0526315789473684,0.0,0.8109435,0.8330468,0.70728385,0.1071428571428571,0.476514,0.0,0.1052631578947368,0.0,1.621887,1.6660936,1.4145677,0.2142857142857142,5,0
DB01259,D132090,0,train,0.0,1.0,0.11222,0.0,0.0,0.0,0.0,0.0,0.0,0.0,0.0,0.0,0.0,0.0,0.0,0.0,0.0,0.0,5,0
DB00722,D237500,0,train,1.0,1.0,0.074496,0.0,0.0151515151515151,0.0,0.7885816,0.80142033,0.64258486,0.140495867768595,0.074496,0.0,0.0151515151515151,0.0,0.7885816,0.80142033,0.64258486,0.140495867768595,5,0
DB01196,D256370,0,train,5.0,7.0,0.26058,0.0,0.1428571428571428,0.0,0.78147626,0.7853122,0.854866,0.1419753086419753,1.3029,0.0,0.9999999999999996,0.0,5.4703338200000005,5.4971854,5.984062,0.9938271604938272,5,0
DB00654,D217150,0,train,1.0,1.0,0.080579,0.0,0.0,0.0,0.5598144,0.6914729,0.8280185,0.072992700729927,0.080579,0.0,0.0,0.0,0.5598144,0.6914729,0.8280185,0.072992700729927,5,0
DB01399,D260570,0,train,2.0,2.0,0.11886,0.0,0.0625,0.0,0.7044047,0.8750384,0.8247603,0.2105263157894736,0.23772,0.0,0.125,0.0,1.4088094,1.7500768,1.6495206,0.4210526315789472,5,0
DB01174,D109200,0,train,0.0,1.0,0.0,0.0,0.0,0.0,0.0,0.0,0.0,0.0,0.0,0.0,0.0,0.0,0.0,0.0,0.0,0.0,5,0
DB01231,D147480,0,train,1.0,1.0,0.17725,0.0,0.0857142857142857,0.0,0.8344525,0.67818916,0.65953195,0.0693069306930693,0.17725,0.0,0.0857142857142857,0.0,0.8344525,0.67818916,0.65953195,0.0693069306930693,5,0
DB01067,D246400,0,train,0.0,7.0,0.11449,0.0,0.0,0.0,0.0,0.0,0.0,0.0,0.0,0.0,0.0,0.0,0.0,0.0,0.0,0.0,5,0
DB00424,D218800,0,train,1.0,1.0,0.14131,0.0,0.1774193548387097,0.0,0.86567175,0.83906,0.714501,0.21875,0.14131,0.0,0.1774193548387097,0.0,0.86567175,0.83906,0.714501,0.21875,5,0
DB01238,D220120,0,train,1.0,3.0,0.16143,0.0,0.0,0.0,0.34488848,0.6922243,0.54858196,0.0442477876106194,0.16143,0.0,0.0,0.0,1.03466544,2.0766729,1.6457458800000002,0.1327433628318582,5,0
DB00373,D231200,0,train,4.0,2.0,0.22342,0.0,0.1428571428571428,0.0,0.7505297,0.828967,0.6856693,0.1300813008130081,0.89368,0.0,0.2857142857142856,0.0,1.5010594,1.657934,1.3713386,0.2601626016260162,5,0
