drugID,diseaseID,label,split,count_drug,count_disease,q_score_PS,p_score_Target,p_score_Category,p_score_Conditions,p_score_Description,p_score_Mechanism,p_score_Pharmacodynamics,p_score_Smile,adj_q_score_PS,adj_p_score_Target,adj_p_score_Category,adj_p_score_Conditions,adj_p_score_Description,adj_p_score_Mechanism,adj_p_score_Pharmacodynamics,adj_p_score_Smile
DB00215,D225740,1,train,4.0,8.0,0.24916,0.0,0.135593220338983,0.0,0.75957954,0.8265785,0.73340416,0.1195652173913043,0.99664,0.0,1.084745762711864,0.0,6.07663632,6.612628,5.86723328,0.9565217391304344
DB00007,D175510,1,train,0.0,6.0,0.21261,0.0,0.0,0.0,0.0,0.0,0.0,0.0,0.0,0.0,0.0,0.0,0.0,0.0,0.0,0.0
DB00733,D608033,1,train,2.0,5.0,0.21487,0.0,0.0377358490566037,0.0,0.7981522,0.7492391,0.77238244,0.0786516853932584,0.42974,0.0,0.1886792452830185,0.0,3.990761,3.7461955,3.8619122,0.393258426966292
DB01403,D600351,1,train,15.0,2.0,0.13535,0.4210526315789473,0.2698412698412698,0.0,0.86128545,0.88628125,0.8005769,0.2037037037037037,2.03025,0.8421052631578946,0.5396825396825397,0.0,1.7225709,1.7725625,1.6011538,0.4074074074074074
DB00788,D125310,1,train,7.0,2.0,0.30083,0.3333333333333333,0.4081632653061224,0.0,0.9441723,0.87707573,0.8427608,0.2531645569620253,2.10581,0.6666666666666666,0.8163265306122448,0.0,1.8883446,1.75415146,1.6855216,0.5063291139240506
DB00333,D300494,1,train,2.0,2.0,0.26106,0.0,0.1298701298701298,0.0,0.72510284,0.80400825,0.81690717,0.1219512195121951,0.52212,0.0,0.2597402597402596,0.0,1.45020568,1.6080165,1.63381434,0.2439024390243902
DB00482,D161900,1,train,69.0,1.0,0.18847,0.1428571428571428,0.3061224489795918,0.0,0.8803085,0.88141084,0.87277937,0.2711864406779661,13.00443,0.1428571428571428,0.3061224489795918,0.0,0.8803085,0.88141084,0.87277937,0.2711864406779661
DB00499,D208230,1,train,15.0,3.0,0.43415,0.25,0.3,0.0,0.8267148,0.86071426,0.85543686,0.1477272727272727,6.51225,0.75,0.8999999999999999,0.0,2.4801444,2.58214278,2.56631058,0.4431818181818181
DB00694,D166300,1,train,3.0,8.0,0.28418,0.0,0.196078431372549,0.0,0.90779185,0.851564,0.8779801,0.1461538461538461,0.85254,0.0,1.568627450980392,0.0,7.2623348,6.812512,7.0238408,1.1692307692307689
DB01233,D166760,1,train,6.0,13.0,0.3602,0.125,0.1111111111111111,0.0,0.9116136,0.8615196,0.83323324,0.175438596491228,2.1612,1.625,1.4444444444444444,0.0,11.8509768,11.1997548,10.83203212,2.280701754385964
DB00904,D601682,1,train,7.0,3.0,0.47652,0.0,0.125,0.0,0.8112955,0.83209056,0.7692728,0.2314814814814814,3.33564,0.0,0.375,0.0,2.4338865,2.49627168,2.3078184,0.6944444444444442
DB00302,D134510,1,train,0.0,3.0,0.38799,0.0,0.0,0.0,0.0,0.0,0.0,0.0,0.0,0.0,0.0,0.0,0.0,0.0,0.0,0.0
DB00252,D165199,1,train,5.0,2.0,0.11343,0.4848484848484848,0.1074380165289256,0.0,0.9375424,0.7561685,0.74935997,0.2365591397849462,0.56715,0.9696969696969696,0.2148760330578512,0.0,1.8750848,1.512337,1.49871994,0.4731182795698924
DB01260,D600496,1,train,11.0,3.0,0.89132,0.0,0.0697674418604651,0.0,0.78914785,0.7959001,0.79724324,0.1354838709677419,9.80452,0.0,0.2093023255813953,0.0,2.36744355,2.3877003,2.39172972,0.4064516129032257
DB00285,D147530,1,train,59.0,4.0,0.13694,0.3333333333333333,0.3181818181818182,0.0,0.8706254,0.86666703,0.8891857,0.4155844155844156,8.079460000000001,1.3333333333333333,1.2727272727272727,0.0,3.4825016,3.46666812,3.5567428,1.6623376623376624
DB00433,D606703,1,train,0.0,7.0,0.32873,0.0,0.0,0.0,0.0,0.0,0.0,0.0,0.0,0.0,0.0,0.0,0.0,0.0,0.0,0.0
DB00468,D109100,1,train,6.0,0.0,0.0,0.0,0.1071428571428571,0.0,0.79335743,0.7609347,0.8363156,0.1416666666666666,0.0,0.0,0.0,0.0,0.0,0.0,0.0,0.0
DB00996,D601626,1,train,8.0,12.0,0.36818,0.0,0.0975609756097561,0.0,0.90986055,0.78489625,0.82569915,0.1122448979591836,2.94544,0.0,1.170731707317073,0.0,10.9183266,9.418755,9.9083898,1.3469387755102034
DB00852,D155601,1,train,4.0,2.0,0.40191,0.0,0.0526315789473684,0.0,0.88347876,0.832653,0.6832478,0.2295081967213114,1.60764,0.0,0.1052631578947368,0.0,1.76695752,1.665306,1.3664956,0.4590163934426228
DB00652,D127350,1,train,0.0,4.0,0.075832,0.0,0.0,0.0,0.0,0.0,0.0,0.0,0.0,0.0,0.0,0.0,0.0,0.0,0.0,0.0
DB00515,D146255,1,train,14.0,2.0,0.38439,0.0,0.1276595744680851,0.0,0.8489145,0.87894225,0.89155185,0.0273972602739726,5.381460000000001,0.0,0.2553191489361702,0.0,1.697829,1.7578845,1.7831037,0.0547945205479452
DB00995,D102300,1,train,7.0,11.0,0.32992,0.0,0.1153846153846153,0.0,0.8090738,0.74462485,0.7747004,0.081081081081081,2.30944,0.0,1.2692307692307685,0.0,8.8998118,8.19087335,8.521704399999999,0.891891891891891
DB00936,D264120,1,train,7.0,1.0,0.22348,0.6666666666666666,0.3255813953488372,0.0,0.71918976,0.82813656,0.8346007,0.25,1.5643600000000002,0.6666666666666666,0.3255813953488372,0.0,0.71918976,0.82813656,0.8346007,0.25
DB00542,D114500,1,train,3.0,3.0,0.44266,0.0,0.0638297872340425,0.0,0.81945014,0.8045973,0.7668181,0.3166666666666666,1.32798,0.0,0.1914893617021275,0.0,2.4583504200000004,2.4137919,2.3004543,0.9499999999999996
DB00995,D607682,1,train,4.0,11.0,0.99938,0.0,0.05,0.0,0.71785116,0.73072475,0.7063077,0.1641791044776119,3.99752,0.0,0.55,0.0,7.896362760000001,8.037972250000001,7.7693847,1.8059701492537308
DB00989,D114480,1,train,13.0,0.0,0.0,0.5,0.3225806451612903,0.0,0.9759848,0.84811217,0.8486709,0.2205882352941176,0.0,0.0,0.0,0.0,0.0,0.0,0.0,0.0
DB00286,D176807,1,train,9.0,4.0,0.51079,0.0,0.0833333333333333,0.5,0.8713036,0.81810856,0.69290125,0.209090909090909,4.59711,0.0,0.3333333333333332,2.0,3.4852144,3.27243424,2.771605,0.836363636363636
DB00382,D600351,1,train,15.0,3.0,0.13535,0.0,0.1875,0.0,0.84604514,0.9110237,0.7863103,0.2386363636363636,2.03025,0.0,0.5625,0.0,2.53813542,2.7330711,2.3589309,0.7159090909090908
DB01001,D147530,1,train,59.0,0.0,0.0,1.0,0.5454545454545454,0.0,0.894457,0.81034446,0.89939547,0.3636363636363636,0.0,0.0,0.0,0.0,0.0,0.0,0.0,0.0
DB00884,D608622,1,train,51.0,9.0,0.27153,0.0,0.5,0.0,0.9000864,0.891853,0.7435294,0.2941176470588235,13.84803,0.0,4.5,0.0,8.100777599999999,8.026677,6.6917646,2.6470588235294112
DB00749,D147530,1,train,59.0,0.0,0.0,0.4,0.4444444444444444,0.0,0.8991211,0.8749749,0.888175,0.2352941176470588,0.0,0.0,0.0,0.0,0.0,0.0,0.0,0.0
DB00491,D161900,1,train,69.0,2.0,0.38439,0.0,0.4285714285714285,0.0,0.81561804,0.87513185,0.85795546,0.7111111111111111,26.52291,0.0,0.857142857142857,0.0,1.63123608,1.7502637,1.71591092,1.4222222222222225
DB00368,D601042,1,train,6.0,2.0,0.25626,0.2272727272727272,0.0821917808219178,0.0,0.80537236,0.81836134,0.79183185,0.2727272727272727,1.53756,0.4545454545454544,0.1643835616438356,0.0,1.61074472,1.63672268,1.5836637,0.5454545454545454
DB00745,D190310,1,train,16.0,6.0,0.26351,0.25,0.1428571428571428,0.0,0.73647404,0.8924264,0.8970819,0.3703703703703703,4.21616,1.5,0.8571428571428568,0.0,4.41884424,5.3545584,5.3824914,2.222222222222222
DB00707,D166710,1,train,5.0,1.0,0.2527,0.0,0.0909090909090909,0.0,0.849926,0.79194146,0.74713624,0.0916976456009913,1.2634999999999998,0.0,0.0909090909090909,0.0,0.849926,0.79194146,0.74713624,0.0916976456009913
DB01035,D144010,1,train,7.0,1.0,0.28917,0.0,0.0714285714285714,0.0,0.83611095,0.74600756,0.8146385,0.1860465116279069,2.02419,0.0,0.0714285714285714,0.0,0.83611095,0.74600756,0.8146385,0.1860465116279069
DB00787,D133600,1,train,4.0,10.0,0.3629,0.0,0.0961538461538461,0.0,0.7200187,0.8255198,0.81097883,0.2195121951219512,1.4516,0.0,0.961538461538461,0.0,7.200187,8.255198,8.1097883,2.195121951219512
DB01067,D181500,1,train,17.0,6.0,0.27436,0.0,0.0869565217391304,0.0,0.74630386,0.71679175,0.8068169,0.208955223880597,4.66412,0.0,0.5217391304347825,0.0,4.47782316,4.3007505,4.8409014,1.2537313432835822
DB00381,D605055,1,train,6.0,2.0,0.51994,0.0,0.0857142857142857,0.0,0.74887204,0.851391,0.8094471,0.1714285714285714,3.1196399999999995,0.0,0.1714285714285714,0.0,1.49774408,1.702782,1.6188942,0.3428571428571428
DB00659,D608583,1,train,6.0,6.0,0.90778,0.0,0.0606060606060606,0.0,0.724943,0.8154371,0.8028971,0.1363636363636363,5.446680000000001,0.0,0.3636363636363636,0.0,4.349658,4.8926226,4.8173826,0.8181818181818178
DB01244,D155601,1,train,4.0,4.0,0.40191,0.0,0.0181818181818181,0.0,0.6842531,0.81924474,0.68048114,0.2043010752688172,1.60764,0.0,0.0727272727272724,0.0,2.7370124,3.27697896,2.72192456,0.8172043010752688
DB00631,D157300,1,train,21.0,16.0,0.21223,0.0,0.4074074074074074,0.0,0.7987051,0.8631332,0.88815,0.2195121951219512,4.45683,0.0,6.518518518518518,0.0,12.7792816,13.8101312,14.2104,3.512195121951219
DB00853,D126200,1,train,9.0,5.0,0.21722,0.0,0.2727272727272727,0.0,0.74046856,0.7110452,0.82121253,0.1518987341772152,1.95498,0.0,1.3636363636363635,0.0,3.7023428,3.555226,4.10606265,0.759493670886076
DB00443,D267730,1,train,5.0,4.0,0.47256,0.0,0.0933333333333333,0.0,0.7413438,0.7996603,0.8552898,0.1440677966101695,2.3628,0.0,0.3733333333333332,0.0,2.9653752,3.1986412,3.4211592,0.576271186440678
DB00747,D607850,1,train,13.0,4.0,0.77658,0.7777777777777778,0.4565217391304347,0.1666666666666666,0.888435,0.7483539,0.86649066,0.618421052631579,10.09554,3.111111111111111,1.8260869565217388,0.6666666666666664,3.55374,2.9934156,3.46596264,2.473684210526316
DB00252,D104130,1,train,7.0,2.0,0.11343,0.0967741935483871,0.2377049180327868,0.0,0.92790544,0.7561685,0.74935997,0.1398601398601398,0.79401,0.1935483870967742,0.4754098360655736,0.0,1.85581088,1.512337,1.49871994,0.2797202797202796
DB00992,D152700,1,train,2.0,8.0,0.39881,0.0,0.0461538461538461,0.0,0.6853811,0.6445445,0.69108146,0.1428571428571428,0.79762,0.0,0.3692307692307688,0.0,5.4830488,5.156356,5.52865168,1.1428571428571423
DB00242,D109543,1,train,9.0,3.0,0.39678,0.0,0.1764705882352941,0.0,0.78725696,0.7932563,0.8775408,0.1188118811881188,3.5710200000000003,0.0,0.5294117647058822,0.0,2.36177088,2.3797689,2.6326224,0.3564356435643564
DB00313,D300125,1,train,7.0,7.0,0.75392,0.1851851851851851,0.1208791208791208,0.0,0.90603244,0.9208264,0.870544,0.2037037037037037,5.27744,1.2962962962962956,0.8461538461538456,0.0,6.342227080000001,6.4457848,6.093808,1.4259259259259258
DB00443,D247640,1,train,13.0,4.0,0.3708,0.0,0.0933333333333333,0.0,0.8242318,0.83722967,0.8552898,0.193103448275862,4.8204,0.0,0.3733333333333332,0.0,3.2969272,3.34891868,3.4211592,0.772413793103448
DB00457,D167870,1,train,11.0,3.0,0.26828,0.1428571428571428,0.1538461538461538,0.0,0.8698896,0.81234324,0.73943067,0.1951219512195122,2.95108,0.4285714285714284,0.4615384615384614,0.0,2.6096688,2.43702972,2.21829201,0.5853658536585367
DB00316,D145590,1,train,18.0,2.0,0.061678,0.2857142857142857,0.208955223880597,0.3333333333333333,0.8730731,0.8855684,0.7648422,0.2424242424242424,1.110204,0.5714285714285714,0.417910447761194,0.6666666666666666,1.7461462,1.7711368,1.5296844,0.4848484848484848
DB01233,D276300,1,train,33.0,13.0,0.21109,0.25,0.2048192771084337,0.0,0.91963816,0.8901719,0.82609963,0.1780821917808219,6.96597,3.25,2.662650602409638,0.0,11.95529608,11.5722347,10.73929519,2.315068493150685
DB01275,D208550,1,train,26.0,0.0,0.0,0.05,0.1451612903225806,0.0,0.8687098,0.89085233,0.8805984,0.2121212121212121,0.0,0.0,0.0,0.0,0.0,0.0,0.0,0.0
DB01204,D161900,1,train,69.0,4.0,0.31345,0.5,0.4680851063829787,0.0,0.86642885,0.9067881,0.8128076,0.191358024691358,21.62805,2.0,1.8723404255319147,0.0,3.4657154,3.6271524,3.2512304,0.765432098765432
DB00586,D600807,1,train,17.0,0.0,0.0,1.0,0.2957746478873239,0.0,0.9327628,0.84673595,0.8562785,0.240506329113924,0.0,0.0,0.0,0.0,0.0,0.0,0.0,0.0
DB01296,D239350,1,train,7.0,0.0,0.0,0.0,0.0769230769230769,0.0,0.7994528,0.79611224,0.8196454,0.0862068965517241,0.0,0.0,0.0,0.0,0.0,0.0,0.0,0.0
DB00716,D215470,1,train,4.0,4.0,0.17947,0.0,0.0222222222222222,0.0,0.7832556,0.8075635,0.8127367,0.1328125,0.71788,0.0,0.0888888888888888,0.0,3.1330224,3.230254,3.2509468,0.53125
DB00787,D133690,1,train,2.0,10.0,0.3629,0.0,0.03125,0.0,0.7780063,0.7429427,0.71289593,0.1157024793388429,0.7258,0.0,0.3125,0.0,7.780063,7.429427,7.1289593,1.157024793388429
DB00491,D146255,1,train,14.0,2.0,0.38439,0.0,0.0416666666666666,0.0,0.7853646,0.85035247,0.8429314,0.2205882352941176,5.381460000000001,0.0,0.0833333333333332,0.0,1.5707292,1.70070494,1.6858628,0.4411764705882352
DB00659,D157300,1,train,21.0,6.0,0.25193,0.2222222222222222,0.0869565217391304,0.0,0.78356266,0.8422998,0.86585087,0.1739130434782608,5.29053,1.3333333333333333,0.5217391304347825,0.0,4.70137596,5.0537988,5.19510522,1.043478260869565
DB00387,D147540,1,train,7.0,5.0,0.10316,0.0,0.0769230769230769,0.0,0.8413828,0.9132918,0.91252524,0.2162162162162162,0.72212,0.0,0.3846153846153844,0.0,4.206914,4.566459,4.5626262,1.081081081081081
DB00363,D161900,1,train,69.0,2.0,0.058819,0.5098039215686274,0.4337349397590361,0.0,0.8543525,0.88561565,0.83181393,0.3469387755102041,4.058511,1.0196078431372548,0.8674698795180722,0.0,1.708705,1.7712313,1.66362786,0.6938775510204082
DB00678,D181500,1,train,17.0,0.0,0.0,0.0,0.2666666666666666,0.0,0.8872808,0.8859982,0.7861155,0.2228915662650602,0.0,0.0,0.0,0.0,0.0,0.0,0.0,0.0
DB00500,D190310,1,train,16.0,1.0,0.079541,1.0,0.46875,0.0,0.8431447,0.7982061,0.8261434,0.2317073170731707,1.272656,1.0,0.46875,0.0,0.8431447,0.7982061,0.8261434,0.2317073170731707
DB09026,D151590,1,train,5.0,1.0,0.15832,0.0,0.1282051282051282,0.0,0.84653515,0.83254135,0.7595575,0.1758241758241758,0.7916,0.0,0.1282051282051282,0.0,0.84653515,0.83254135,0.7595575,0.1758241758241758
DB00694,D215140,1,train,16.0,8.0,0.24799,0.0,0.1860465116279069,0.0,0.81867087,0.7805481,0.85486597,0.1492537313432835,3.96784,0.0,1.4883720930232551,0.0,6.54936696,6.2443848,6.83892776,1.194029850746268
DB01124,D607554,1,train,9.0,0.0,0.0,0.0,0.2307692307692307,0.0,0.86993086,0.794663,0.7755384,0.2833333333333333,0.0,0.0,0.0,0.0,0.0,0.0,0.0,0.0
DB00244,D266600,1,train,6.0,0.0,0.0,0.25,0.12,0.0,0.79266095,0.82767296,0.84400904,0.2058823529411764,0.0,0.0,0.0,0.0,0.0,0.0,0.0,0.0
DB00715,D600807,1,train,17.0,1.0,0.38905,0.3636363636363636,0.144578313253012,0.0,0.8303917,0.83393586,0.8227633,0.1654135338345864,6.61385,0.3636363636363636,0.144578313253012,0.0,0.8303917,0.83393586,0.8227633,0.1654135338345864
DB00831,D125850,1,train,12.0,2.0,0.89132,0.1818181818181818,0.4047619047619047,0.0,0.8772591,0.9053834,0.8044208,0.3363636363636363,10.69584,0.3636363636363636,0.8095238095238094,0.0,1.7545182,1.8107668,1.6088416,0.6727272727272726
DB00502,D147530,1,train,59.0,1.0,0.14811,0.303030303030303,0.3035714285714285,0.0,0.94522166,0.89914536,0.87592137,0.2913385826771653,8.738489999999999,0.303030303030303,0.3035714285714285,0.0,0.94522166,0.89914536,0.87592137,0.2913385826771653
DB01238,D178600,1,train,4.0,2.0,0.25748,0.0444444444444444,0.0779220779220779,0.0,0.7730635,0.7899957,0.6929153,0.1793103448275862,1.02992,0.0888888888888888,0.1558441558441558,0.0,1.546127,1.5799914,1.3858306,0.3586206896551724
DB00331,D210050,1,train,8.0,2.0,0.11202,0.0,0.0317460317460317,0.0,0.74482065,0.8478868,0.712023,0.0519480519480519,0.89616,0.0,0.0634920634920634,0.0,1.4896413,1.6957736,1.424046,0.1038961038961038
DB00958,D140600,1,train,22.0,2.0,0.11082,0.0,0.2068965517241379,1.0,0.8591867,0.82080686,0.7921833,0.125,2.43804,0.0,0.4137931034482758,2.0,1.7183734,1.64161372,1.5843666,0.25
DB01063,D208550,1,train,26.0,1.0,0.38905,0.2,0.0652173913043478,0.0,0.84626514,0.89943457,0.7706944,0.2467532467532467,10.1153,0.2,0.0652173913043478,0.0,0.84626514,0.89943457,0.7706944,0.2467532467532467
DB00790,D190310,1,train,16.0,14.0,0.29655,0.5,0.3636363636363636,0.0,0.93374395,0.73861086,0.78716594,0.46,4.7448,7.0,5.09090909090909,0.0,13.0724153,10.34055204,11.02032316,6.44
DB00939,D150600,1,train,4.0,6.0,0.37058,0.0,0.0535714285714285,0.0,0.83503705,0.6660096,0.6635273,0.203125,1.48232,0.0,0.321428571428571,0.0,5.0102223,3.9960576,3.9811638,1.21875
DB00695,D300125,1,train,7.0,1.0,0.75392,0.032258064516129,0.0505050505050505,0.0,0.8289139,0.7804537,0.8591919,0.1637931034482758,5.27744,0.032258064516129,0.0505050505050505,0.0,0.8289139,0.7804537,0.8591919,0.1637931034482758
DB00569,D273300,1,train,3.0,5.0,0.38625,0.0,0.0555555555555555,0.0,0.7600576,0.8547292,0.6847204,0.0666666666666666,1.15875,0.0,0.2777777777777774,0.0,3.800288,4.273645999999999,3.423602,0.333333333333333
DB00992,D181000,1,train,3.0,8.0,0.37923,0.0,0.0526315789473684,0.0,0.6853811,0.6445445,0.7509795,0.1428571428571428,1.13769,0.0,0.4210526315789472,0.0,5.4830488,5.156356,6.007836,1.1428571428571423
DB00264,D161900,1,train,69.0,5.0,0.27153,0.6666666666666666,0.5609756097560976,0.0,0.9252018,0.90891314,0.8667238,0.7619047619047619,18.73557,3.333333333333333,2.804878048780488,0.0,4.626009,4.5445657,4.3336190000000006,3.809523809523809
DB00017,D602080,1,train,4.0,3.0,0.29445,0.0,0.0140845070422535,0.0,0.793672,0.87703604,0.7751259,0.05,1.1778,0.0,0.0422535211267605,0.0,2.381016,2.63110812,2.3253777,0.15
DB00290,D267730,1,train,5.0,4.0,0.47256,0.0,0.0333333333333333,0.0,0.7169692,0.70840347,0.8791588,0.1392045454545454,2.3628,0.0,0.1333333333333332,0.0,2.8678768,2.83361388,3.5166352,0.5568181818181815
DB01113,D161900,1,train,69.0,2.0,0.27153,0.1,0.1875,0.0,0.8638849,0.83765364,0.92037827,0.2573529411764705,18.73557,0.2,0.375,0.0,1.7277698,1.67530728,1.84075654,0.514705882352941
DB01223,D164230,1,train,7.0,1.0,0.30068,0.0,0.1129032258064516,0.0,0.87562215,0.86582494,0.7732732,0.1454545454545454,2.10476,0.0,0.1129032258064516,0.0,0.87562215,0.86582494,0.7732732,0.1454545454545454
DB00733,D260970,1,train,2.0,5.0,0.1846,0.0,0.0377358490566037,0.0,0.7283109,0.7269501,0.73340416,0.0786516853932584,0.3692,0.0,0.1886792452830185,0.0,3.6415545,3.6347505,3.6670208,0.393258426966292
DB00449,D275000,1,train,2.0,1.0,0.4486,0.0,0.0,0.0,0.8551341,0.6875236,0.78265643,0.1455696202531645,0.8972,0.0,0.0,0.0,0.8551341,0.6875236,0.78265643,0.1455696202531645
DB01203,D601626,1,train,8.0,7.0,0.36818,0.6666666666666666,0.1590909090909091,0.0,0.79695034,0.88257,0.8819124,0.1711711711711711,2.94544,4.666666666666666,1.1136363636363635,0.0,5.578652379999999,6.177989999999999,6.1733868,1.1981981981981975
DB00489,D300232,1,train,0.0,3.0,0.62291,0.0,0.0,0.0,0.0,0.0,0.0,0.0,0.0,0.0,0.0,0.0,0.0,0.0,0.0,0.0
DB00611,D157700,1,train,7.0,1.0,0.27466,0.0,0.1034482758620689,0.0,0.81156343,0.878044,0.8204556,0.1470588235294117,1.92262,0.0,0.1034482758620689,0.0,0.81156343,0.878044,0.8204556,0.1470588235294117
DB00471,D607499,1,train,1.0,5.0,0.339,0.0,0.0357142857142857,0.0,0.8419147,0.60315335,0.78855133,0.0355029585798816,0.339,0.0,0.1785714285714285,0.0,4.2095735,3.01576675,3.94275665,0.177514792899408
DB00619,D165199,1,train,5.0,10.0,0.13028,0.0,0.1927710843373494,0.0,0.87111926,0.82990104,0.66502863,0.1987951807228915,0.6514,0.0,1.927710843373494,0.0,8.7111926,8.2990104,6.6502863,1.987951807228915
DB00413,D125853,1,train,12.0,2.0,0.5926,0.15625,0.119047619047619,0.0,0.8892509,0.8285899,0.87473524,0.1260504201680672,7.1112,0.3125,0.238095238095238,0.0,1.7785018,1.6571798,1.74947048,0.2521008403361344
DB00489,D104130,1,train,7.0,3.0,0.34221,0.0285714285714285,0.1219512195121951,0.0,0.79816043,0.8076421,0.7734355,0.1393442622950819,2.39547,0.0857142857142855,0.3658536585365853,0.0,2.39448129,2.4229263000000003,2.3203065,0.4180327868852457
DB00264,D190300,1,train,3.0,5.0,0.26369,0.0,0.1521739130434782,0.0,0.9353393,0.7739249,0.7923355,0.1619047619047619,0.7910699999999999,0.0,0.7608695652173909,0.0,4.6766965,3.8696245,3.9616775,0.8095238095238095
DB01214,D200170,1,train,10.0,2.0,0.081461,0.1666666666666666,0.3235294117647059,0.0,0.8298925,0.880169,0.8586231,0.1932773109243697,0.8146100000000001,0.3333333333333332,0.6470588235294118,0.0,1.659785,1.760338,1.7172462,0.3865546218487394
DB01137,D147530,1,train,59.0,1.0,0.016521,0.1818181818181818,0.56,0.0,0.92230463,0.9030093,0.86961985,0.4183673469387755,0.974739,0.1818181818181818,0.56,0.0,0.92230463,0.9030093,0.86961985,0.4183673469387755
DB00816,D147480,1,train,0.0,5.0,0.16057,0.0,0.0,0.0,0.0,0.0,0.0,0.0,0.0,0.0,0.0,0.0,0.0,0.0,0.0,0.0
DB00983,D246470,1,train,4.0,5.0,0.36669,0.125,0.0941176470588235,0.0,0.7693362,0.77085626,0.7786741,0.2071428571428571,1.46676,0.625,0.4705882352941175,0.0,3.846681,3.8542813,3.8933705,1.0357142857142856
DB00542,D114480,1,train,13.0,3.0,0.35152,0.0,0.1034482758620689,0.0,0.8893629,0.87171364,0.85435283,0.3793103448275862,4.56976,0.0,0.3103448275862067,0.0,2.6680887,2.61514092,2.56305849,1.1379310344827585
DB00775,D300491,1,train,4.0,9.0,0.65516,0.0,0.064516129032258,0.0,0.83136386,0.80002916,0.8293926,0.1818181818181818,2.62064,0.0,0.580645161290322,0.0,7.482274739999999,7.20026244,7.4645334,1.6363636363636362
DB00631,D147540,1,train,7.0,16.0,0.21896,0.6666666666666666,0.59375,0.0,0.8049562,0.9305254,0.8476528,0.6666666666666666,1.53272,10.666666666666666,9.5,0.0,12.8792992,14.8884064,13.5624448,10.666666666666666
DB00422,D200170,1,train,10.0,2.0,0.12571,0.3333333333333333,0.087719298245614,0.0,0.8205303,0.79827464,0.787141,0.2560975609756097,1.2571,0.6666666666666666,0.175438596491228,0.0,1.6410606,1.59654928,1.574282,0.5121951219512194
DB01192,D608622,1,train,51.0,1.0,0.27153,0.0588235294117647,0.4090909090909091,0.0,0.9635545,0.8030235,0.8557974,0.2526315789473684,13.84803,0.0588235294117647,0.4090909090909091,0.0,0.9635545,0.8030235,0.8557974,0.2526315789473684
DB00884,D166300,1,train,3.0,9.0,0.28418,0.0,0.0909090909090909,0.0,0.81867087,0.7908675,0.7083305,0.1458333333333333,0.85254,0.0,0.8181818181818181,0.0,7.36803783,7.1178075,6.3749745,1.3124999999999996
DB00659,D115195,1,train,0.0,6.0,0.21574,0.0,0.0,0.0,0.0,0.0,0.0,0.0,0.0,0.0,0.0,0.0,0.0,0.0,0.0,0.0
DB01086,D145500,1,train,4.0,3.0,0.40472,0.0,0.0879120879120879,0.0,0.76260537,0.68454486,0.7620929,0.2753623188405797,1.61888,0.0,0.2637362637362637,0.0,2.28781611,2.05363458,2.2862787,0.8260869565217391
DB01161,D600082,1,train,6.0,4.0,0.062575,0.0384615384615384,0.1142857142857142,0.0909090909090909,0.7810949,0.7426749,0.9279845,0.1764705882352941,0.37545,0.1538461538461536,0.4571428571428568,0.3636363636363636,3.1243796,2.9706996,3.711938,0.7058823529411764
DB01086,D161900,1,train,69.0,3.0,0.28759,0.0909090909090909,0.4117647058823529,0.0,0.8756818,0.89902985,0.79203683,0.6,19.84371,0.2727272727272727,1.2352941176470589,0.0,2.6270454,2.6970895500000003,2.3761104900000003,1.7999999999999998
DB00744,D136200,1,train,1.0,3.0,0.069832,0.0,0.1578947368421052,0.0,0.70727104,0.7232901,0.6734934,0.0918367346938775,0.069832,0.0,0.4736842105263156,0.0,2.12181312,2.1698703000000004,2.0204802,0.2755102040816325
DB01200,D608105,1,train,4.0,8.0,0.57022,0.1363636363636363,0.1428571428571428,0.0,0.76287895,0.83221316,0.76241004,0.1515151515151515,2.28088,1.0909090909090904,1.1428571428571423,0.0,6.1030316,6.65770528,6.09928032,1.212121212121212
DB00323,D278200,1,train,0.0,0.0,0.0,0.0,0.0,0.0,0.0,0.0,0.0,0.0,0.0,0.0,0.0,0.0,0.0,0.0,0.0,0.0
DB00163,D266120,1,train,0.0,6.0,0.58354,0.0,0.0,0.0,0.0,0.0,0.0,0.0,0.0,0.0,0.0,0.0,0.0,0.0,0.0,0.0
DB00502,D145590,1,train,18.0,1.0,0.14811,0.375,0.328125,0.0,0.91210705,0.91415536,0.8706218,0.2909090909090909,2.66598,0.375,0.328125,0.0,0.91210705,0.91415536,0.8706218,0.2909090909090909
DB00714,D167870,1,train,11.0,2.0,0.1085,0.1111111111111111,0.1886792452830188,0.0,0.8495412,0.8304168,0.83948654,0.2210526315789473,1.1935,0.2222222222222222,0.3773584905660376,0.0,1.6990824,1.6608336,1.67897308,0.4421052631578946
DB00883,D102500,1,train,11.0,3.0,0.30391,0.0,0.1020408163265306,0.0,0.849926,0.7213874,0.7639825,0.087378640776699,3.34301,0.0,0.3061224489795918,0.0,2.549778,2.1641622,2.2919475,0.262135922330097
DB00908,D208700,1,train,2.0,9.0,0.34494,0.0,0.0396039603960396,0.0,0.82385695,0.7715939,0.71217555,0.1578947368421052,0.68988,0.0,0.3564356435643563,0.0,7.41471255,6.9443451000000005,6.40957995,1.421052631578947
DB01113,D179600,1,train,8.0,2.0,0.13895,0.0,0.0888888888888888,0.0,0.8096326,0.78911394,0.8888189,0.173076923076923,1.1116,0.0,0.1777777777777776,0.0,1.6192652,1.57822788,1.7776378,0.346153846153846
DB00140,D145590,1,train,18.0,0.0,0.0,0.0,0.1162790697674418,0.0,0.6357131,0.8501055,0.8311033,0.1683168316831683,0.0,0.0,0.0,0.0,0.0,0.0,0.0,0.0
DB00191,D264120,1,train,7.0,2.0,0.25517,0.4166666666666667,0.3555555555555555,0.0,0.84408534,0.89188236,0.6719236,0.5263157894736842,1.78619,0.8333333333333334,0.711111111111111,0.0,1.68817068,1.78376472,1.3438472,1.0526315789473684
DB00304,D131200,1,train,8.0,1.0,0.21947,0.0,0.0816326530612244,0.0,0.8342992,0.82781434,0.85972005,0.1531531531531531,1.75576,0.0,0.0816326530612244,0.0,0.8342992,0.82781434,0.85972005,0.1531531531531531
DB00953,D147530,1,train,59.0,1.0,0.20452,0.75,0.75,0.0,0.79751605,0.77601206,0.8575798,0.5128205128205128,12.06668,0.75,0.75,0.0,0.79751605,0.77601206,0.8575798,0.5128205128205128
DB00342,D608622,1,train,51.0,1.0,0.27153,0.3333333333333333,0.2131147540983606,0.0,0.9016313,0.87405545,0.8027734,0.2595419847328244,13.84803,0.3333333333333333,0.2131147540983606,0.0,0.9016313,0.87405545,0.8027734,0.2595419847328244
DB00191,D303110,1,train,3.0,2.0,0.25517,0.1428571428571428,0.2702702702702703,0.0,0.75295025,0.89188236,0.6609811,0.5263157894736842,0.76551,0.2857142857142856,0.5405405405405406,0.0,1.5059005,1.78376472,1.3219622,1.0526315789473684
DB01294,D165720,1,train,14.0,3.0,0.64093,0.0,0.074074074074074,0.0,0.888435,0.74815154,0.8042675,0.2112676056338028,8.97302,0.0,0.222222222222222,0.0,2.665305,2.24445462,2.4128025,0.6338028169014085
DB00542,D106400,1,train,4.0,3.0,0.14567,0.5,0.56,0.0,0.87142086,0.8882284,0.7765066,0.3412698412698413,0.58268,1.5,1.6800000000000002,0.0,2.61426258,2.6646852,2.3295198,1.0238095238095235
DB00860,D607459,1,train,15.0,4.0,0.089522,0.0,0.1272727272727272,0.0,0.8792441,0.8068854,0.83827895,0.3894736842105263,1.34283,0.0,0.5090909090909088,0.0,3.5169764,3.2275416,3.3531158,1.5578947368421052
DB00195,D608622,1,train,51.0,2.0,0.27153,0.6666666666666666,0.625,0.0,0.87783706,0.90392447,0.8868193,0.7164179104477612,13.84803,1.3333333333333333,1.25,0.0,1.75567412,1.80784894,1.7736386,1.4328358208955223
DB00521,D148000,1,train,3.0,0.0,0.0,0.0,0.175,0.0,0.93286467,0.87116796,0.80091786,0.1666666666666666,0.0,0.0,0.0,0.0,0.0,0.0,0.0,0.0
DB00434,D161900,1,train,69.0,4.0,0.27153,0.3333333333333333,0.2238805970149253,0.0,0.87934834,0.8428886,0.8185427,0.3469387755102041,18.73557,1.3333333333333333,0.8955223880597012,0.0,3.51739336,3.3715544,3.2741708,1.3877551020408163
DB04272,D143100,1,train,1.0,0.0,0.0,0.0,0.0,0.0,0.6268508,0.6870307,0.0,0.1290322580645161,0.0,0.0,0.0,0.0,0.0,0.0,0.0,0.0
DB00604,D175100,1,train,0.0,5.0,0.16502,0.0,0.0,0.0,0.0,0.0,0.0,0.0,0.0,0.0,0.0,0.0,0.0,0.0,0.0,0.0
DB01254,D143465,1,train,12.0,1.0,0.15477,0.0222222222222222,0.1212121212121212,0.0,0.7520798,0.77243185,0.7621134,0.2700729927007299,1.85724,0.0222222222222222,0.1212121212121212,0.0,0.7520798,0.77243185,0.7621134,0.2700729927007299
DB00481,D135550,1,train,0.0,7.0,0.14234,0.0,0.0,0.0,0.0,0.0,0.0,0.0,0.0,0.0,0.0,0.0,0.0,0.0,0.0,0.0
DB00956,D192000,1,train,5.0,2.0,0.21947,0.0,0.0714285714285714,0.0,0.8342992,0.7843363,0.7974138,0.1531531531531531,1.09735,0.0,0.1428571428571428,0.0,1.6685984,1.5686726,1.5948276,0.3063063063063062
DB01170,D157300,1,train,21.0,2.0,0.13387,0.0,0.1029411764705882,0.0,0.8691211,0.897237,0.86289185,0.1188118811881188,2.81127,0.0,0.2058823529411764,0.0,1.7382422,1.794474,1.7257837,0.2376237623762376
DB00907,D607554,1,train,9.0,2.0,0.90778,0.0,0.1346153846153846,0.0,0.76786876,0.8234408,0.6117364,0.1326530612244898,8.170020000000001,0.0,0.2692307692307692,0.0,1.53573752,1.6468816,1.2234728,0.2653061224489796
DB00977,D601626,1,train,8.0,0.0,0.0,0.0,0.2878787878787879,0.0,0.75771344,0.8029341,0.8819124,0.2432432432432432,0.0,0.0,0.0,0.0,0.0,0.0,0.0,0.0
DB00176,D167870,1,train,11.0,0.0,0.0,0.3333333333333333,0.421875,0.0,0.93679535,0.88979536,0.94314754,0.1720430107526881,0.0,0.0,0.0,0.0,0.0,0.0,0.0,0.0
DB00557,D161900,1,train,69.0,0.0,0.0,0.2857142857142857,0.2608695652173913,0.0,0.8958621,0.8665079,0.89287525,0.3134328358208955,0.0,0.0,0.0,0.0,0.0,0.0,0.0,0.0
DB00925,D304790,1,train,7.0,0.0,0.0,0.6,0.1923076923076923,0.0,0.89941585,0.7901549,0.8251821,0.2142857142857142,0.0,0.0,0.0,0.0,0.0,0.0,0.0,0.0
DB00996,D259500,1,train,3.0,12.0,0.42045,0.0,0.1555555555555555,0.0,0.8226751,0.77290785,0.82953995,0.1354166666666666,1.26135,0.0,1.866666666666666,0.0,9.8721012,9.2748942,9.9544794,1.6249999999999991
DB00482,D137760,1,train,7.0,1.0,0.18847,0.0,0.1176470588235294,0.0,0.83024174,0.84675,0.87608093,0.1652173913043478,1.31929,0.0,0.1176470588235294,0.0,0.83024174,0.84675,0.87608093,0.1652173913043478
DB00424,D236000,1,train,14.0,0.0,0.0,0.16,0.1320754716981132,0.0,0.8751891,0.815829,0.80596554,0.2289156626506024,0.0,0.0,0.0,0.0,0.0,0.0,0.0,0.0
DB01200,D607682,1,train,4.0,8.0,0.99938,0.1363636363636363,0.1428571428571428,0.0,0.76287895,0.83221316,0.76241004,0.1515151515151515,3.99752,1.0909090909090904,1.1428571428571423,0.0,6.1030316,6.65770528,6.09928032,1.212121212121212
DB00437,D604416,1,train,13.0,2.0,0.11226,0.0,0.0789473684210526,0.0,0.8153368,0.84795856,0.7949456,0.0923076923076923,1.45938,0.0,0.1578947368421052,0.0,1.6306736,1.69591712,1.5898912,0.1846153846153846
DB01023,D125851,1,train,10.0,4.0,0.37911,0.1176470588235294,0.12,0.0,0.79031307,0.84600616,0.6791229,0.2363636363636363,3.7911,0.4705882352941176,0.48,0.0,3.16125228,3.38402464,2.7164916,0.9454545454545452
DB00790,D607631,1,train,3.0,14.0,0.81989,0.0,0.064516129032258,0.0,0.8313637,0.7176461,0.8293926,0.1818181818181818,2.45967,0.0,0.903225806451612,0.0,11.6390918,10.0470454,11.6114964,2.545454545454545
DB06285,D144700,1,train,7.0,0.0,0.0,0.0,0.0,0.0,0.8073055,0.72629374,0.666881,0.0506798516687268,0.0,0.0,0.0,0.0,0.0,0.0,0.0,0.0
DB01072,D109543,1,train,9.0,5.0,0.39678,0.0,0.0746268656716417,0.0,0.7614639,0.75180554,0.8791588,0.2315270935960591,3.5710200000000003,0.0,0.3731343283582085,0.0,3.8073195,3.7590277,4.395794,1.1576354679802956
DB00775,D217200,1,train,16.0,9.0,0.46479,0.0,0.064516129032258,0.0,0.83136386,0.86052465,0.8303541,0.1818181818181818,7.43664,0.0,0.580645161290322,0.0,7.482274739999999,7.74472185,7.4731869,1.6363636363636362
DB00324,D161900,1,train,69.0,1.0,0.27153,1.0,0.6666666666666666,0.0,0.87129027,0.9094913,0.80741644,0.5851063829787234,18.73557,1.0,0.6666666666666666,0.0,0.87129027,0.9094913,0.80741644,0.5851063829787234
DB03904,D179830,1,train,0.0,1.0,0.23981,0.0,0.0,0.0,0.0,0.0,0.0,0.0,0.0,0.0,0.0,0.0,0.0,0.0,0.0,0.0
DB00380,D608622,1,train,51.0,5.0,0.40472,1.0,0.1111111111111111,0.0,0.86646694,0.84670544,0.8296327,0.1818181818181818,20.64072,5.0,0.5555555555555556,0.0,4.3323347000000005,4.2335272,4.1481635,0.909090909090909
DB01185,D168600,1,train,7.0,1.0,0.46405,0.0,0.0,0.0,0.7454081,0.840549,0.701604,0.1153846153846153,3.2483500000000003,0.0,0.0,0.0,0.7454081,0.840549,0.701604,0.1153846153846153
DB00776,D215470,1,train,4.0,3.0,0.2572,0.0588235294117647,0.1346153846153846,0.0,0.81793046,0.8435172,0.8127367,0.26,1.0288,0.1764705882352941,0.4038461538461538,0.0,2.45379138,2.5305516,2.4382101,0.78
DB00321,D168600,1,train,7.0,1.0,0.46405,0.1142857142857142,0.1604938271604938,0.0,0.8410616,0.8840494,0.86667454,0.2613636363636363,3.2483500000000003,0.1142857142857142,0.1604938271604938,0.0,0.8410616,0.8840494,0.86667454,0.2613636363636363
DB00279,D275000,1,train,2.0,3.0,0.56311,0.0,0.0185185185185185,0.0,0.7349364,0.52889335,0.78265643,0.1441441441441441,1.12622,0.0,0.0555555555555555,0.0,2.2048092,1.58668005,2.34796929,0.4324324324324322
DB06287,D608622,1,train,51.0,1.0,0.40472,0.0,0.38,0.0,0.89731795,0.88277423,0.0,0.174757281553398,20.64072,0.0,0.38,0.0,0.89731795,0.88277423,0.0,0.174757281553398
DB01196,D146255,1,train,14.0,6.0,0.38439,0.1052631578947368,0.2051282051282051,0.0,0.8216207,0.8375906,0.88207847,0.2109375,5.381460000000001,0.6315789473684208,1.2307692307692306,0.0,4.9297242,5.0255436,5.29247082,1.265625
DB01268,D608622,1,train,51.0,1.0,0.27153,0.0,0.38,0.0,0.89731795,0.88277423,0.691652,0.2772277227722772,13.84803,0.0,0.38,0.0,0.89731795,0.88277423,0.691652,0.2772277227722772
DB00575,D165720,1,train,14.0,4.0,0.64093,0.0,0.1940298507462686,0.0,0.88808244,0.9132002,0.7534453,0.2602739726027397,8.97302,0.0,0.7761194029850744,0.0,3.55232976,3.6528008,3.0137812,1.0410958904109588
DB00903,D145590,1,train,18.0,1.0,0.10626,0.125,0.2564102564102564,0.0,0.9719908,0.8287333,0.8404169,0.2439024390243902,1.91268,0.125,0.2564102564102564,0.0,0.9719908,0.8287333,0.8404169,0.2439024390243902
DB00216,D607501,1,train,0.0,5.0,0.96381,0.0,0.0,0.0,0.0,0.0,0.0,0.0,0.0,0.0,0.0,0.0,0.0,0.0,0.0,0.0
DB01193,D137760,1,train,7.0,3.0,0.62654,1.0,0.425,0.0,0.8967936,0.8340291,0.8695224,0.28125,4.38578,3.0,1.275,0.0,2.6903808,2.5020873,2.6085672,0.84375
DB01193,D161900,1,train,69.0,3.0,0.18847,1.0,0.6578947368421053,0.0,0.88223195,0.89664257,0.8764948,0.4302325581395348,13.00443,3.0,1.973684210526316,0.0,2.64669585,2.68992771,2.6294844,1.2906976744186045
DB00580,D212140,1,train,0.0,0.0,0.0,0.0,0.0,0.0,0.0,0.0,0.0,0.0,0.0,0.0,0.0,0.0,0.0,0.0,0.0,0.0
DB00573,D144110,1,train,4.0,6.0,0.12537,0.0,0.1153846153846153,0.0,0.8090738,0.7681648,0.8338417,0.282051282051282,0.50148,0.0,0.6923076923076917,0.0,4.854442799999999,4.6089888,5.003050200000001,1.692307692307692
DB00882,D608320,1,train,3.0,2.0,0.19076,0.0,0.0222222222222222,0.0,0.6614611,0.74815154,0.8057421,0.336734693877551,0.57228,0.0,0.0444444444444444,0.0,1.3229222,1.49630308,1.6114842,0.673469387755102
DB00471,D164230,1,train,7.0,5.0,0.339,0.0,0.1428571428571428,0.0,0.87562215,0.6802465,0.8290341,0.2,2.373,0.0,0.714285714285714,0.0,4.37811075,3.4012325,4.1451705,1.0
DB00585,D165720,1,train,14.0,6.0,0.64093,0.0,0.0784313725490196,0.0,0.8703016,0.85928357,0.86649066,0.1263157894736842,8.97302,0.0,0.4705882352941176,0.0,5.2218096,5.15570142,5.198943959999999,0.7578947368421052
DB00787,D252320,1,train,10.0,10.0,0.32759,0.0,0.1269841269841269,0.0,0.7867898,0.837206,0.86176604,0.1530612244897959,3.2759,0.0,1.2698412698412689,0.0,7.867898,8.37206,8.6176604,1.5306122448979589
DB01351,D181500,1,train,17.0,0.0,0.0,0.0909090909090909,0.1428571428571428,0.0,0.85787004,0.86874914,0.0,0.1523809523809524,0.0,0.0,0.0,0.0,0.0,0.0,0.0,0.0
DB00790,D121201,1,train,1.0,14.0,0.62293,0.0,0.0317460317460317,0.0,0.8075131,0.60396606,0.78716594,0.0578512396694214,0.62293,0.0,0.4444444444444438,0.0,11.3051834,8.455524839999999,11.02032316,0.8099173553718996
DB00996,D211980,1,train,0.0,12.0,0.37448,0.0,0.0,0.0,0.0,0.0,0.0,0.0,0.0,0.0,0.0,0.0,0.0,0.0,0.0,0.0
DB00313,D104300,1,train,4.0,7.0,0.41907,0.0,0.0857142857142857,0.0,0.82967186,0.85334283,0.79844344,0.1641791044776119,1.67628,0.0,0.5999999999999999,0.0,5.80770302,5.97339981,5.58910408,1.1492537313432831
DB01067,D167870,1,train,11.0,6.0,0.11991,0.0,0.088235294117647,0.0,0.7539255,0.74551857,0.8366887,0.1707317073170731,1.31901,0.0,0.529411764705882,0.0,4.523553,4.47311142,5.0201322,1.0243902439024386
DB01023,D125853,1,train,12.0,4.0,0.37911,0.1379310344827586,0.2777777777777778,0.0,0.79031307,0.8809279,0.6791229,0.2363636363636363,4.54932,0.5517241379310344,1.1111111111111112,0.0,3.16125228,3.5237116,2.7164916,0.9454545454545452
DB00570,D161900,1,train,69.0,7.0,0.27153,0.1428571428571428,0.5833333333333334,0.0,0.8940706,0.9214649,0.893204,0.913793103448276,18.73557,0.9999999999999996,4.083333333333334,0.0,6.2584942,6.4502543,6.252428,6.396551724137932
DB01576,D264120,1,train,7.0,3.0,0.25517,0.5,0.6111111111111112,0.0,0.83852684,0.8933089,0.7847974,0.6388888888888888,1.78619,1.5,1.8333333333333333,0.0,2.51558052,2.6799267,2.3543922,1.9166666666666663
DB01045,D607459,1,train,15.0,7.0,0.14547,0.25,0.072289156626506,0.0,0.8091345,0.800709,0.8183465,0.1288659793814432,2.18205,1.75,0.5060240963855419,0.0,5.6639415,5.604963,5.7284255,0.9020618556701024
DB00707,D102500,1,train,11.0,1.0,0.2527,0.0,0.0909090909090909,0.0,0.849926,0.79194146,0.7894985,0.1182795698924731,2.7797,0.0,0.0909090909090909,0.0,0.849926,0.79194146,0.7894985,0.1182795698924731
DB00848,D155600,1,train,3.0,4.0,0.40191,0.0,0.0256410256410256,0.0,0.88347876,0.8380253,0.6979647,0.2295081967213114,1.20573,0.0,0.1025641025641024,0.0,3.53391504,3.3521012,2.7918588,0.9180327868852456
DB01260,D125853,1,train,12.0,3.0,0.5926,0.0,0.0735294117647058,0.0,0.8025166,0.80144024,0.79724324,0.1354838709677419,7.1112,0.0,0.2205882352941174,0.0,2.4075498,2.4043207200000003,2.39172972,0.4064516129032257
DB01042,D125320,1,train,12.0,2.0,0.51994,0.0,0.0224719101123595,0.0,0.7534504,0.70344007,0.78946817,0.2051282051282051,6.239279999999999,0.0,0.044943820224719,0.0,1.5069008,1.40688014,1.57893634,0.4102564102564102
DB00640,D144010,1,train,7.0,0.0,0.0,0.0,0.0606060606060606,0.0,0.86504513,0.8178756,0.8146385,0.0991735537190082,0.0,0.0,0.0,0.0,0.0,0.0,0.0,0.0
DB00710,D165720,1,train,14.0,4.0,0.64093,0.0,0.04,0.0,0.7656417,0.7053194,0.80524784,0.0927835051546391,8.97302,0.0,0.16,0.0,3.0625668,2.8212776,3.22099136,0.3711340206185564
DB00721,D125310,1,train,7.0,3.0,0.15619,0.05,0.12,0.0,0.7467002,0.80672103,0.8427608,0.2790697674418604,1.09333,0.15,0.36,0.0,2.2401006,2.42016309,2.5282824,0.8372093023255812
DB01098,D212050,1,train,2.0,0.0,0.0,0.0,0.0714285714285714,0.0,0.7789057,0.7787041,0.8370085,0.1267605633802817,0.0,0.0,0.0,0.0,0.0,0.0,0.0,0.0
DB00570,D157300,1,train,21.0,7.0,0.25193,0.0,0.3620689655172414,0.0,0.9138688,0.83165485,0.788504,0.1782608695652174,5.29053,0.0,2.534482758620689,0.0,6.3970816,5.82158395,5.519528,1.2478260869565216
DB01041,D268220,1,train,3.0,2.0,0.17981,0.0,0.1147540983606557,0.0,0.6753263,0.7832153,0.8635315,0.2025316455696202,0.53943,0.0,0.2295081967213114,0.0,1.3506526,1.5664306,1.727063,0.4050632911392404
DB00674,D114480,1,train,13.0,1.0,0.31301,0.5,0.3225806451612903,0.0,0.9759848,0.66754425,0.8486709,0.1851851851851851,4.06913,0.5,0.3225806451612903,0.0,0.9759848,0.66754425,0.8486709,0.1851851851851851
DB00433,D300125,1,train,7.0,7.0,0.75392,0.4545454545454545,0.1891891891891892,0.0,0.9117233,0.9208264,0.8867269,0.2583333333333333,5.27744,3.181818181818181,1.3243243243243243,0.0,6.3820631,6.4457848,6.2070883,1.808333333333333
DB00901,D600351,1,train,15.0,5.0,0.22604,1.0,0.6206896551724138,0.0,0.8125879,0.7929102,0.81353533,0.1940298507462686,3.3906,5.0,3.103448275862069,0.0,4.062939500000001,3.964551,4.06767665,0.970149253731343
DB00305,D109800,1,train,4.0,1.0,0.13035,0.0,0.0166666666666666,0.0,0.858926,0.54451865,0.7543591,0.1102362204724409,0.5214,0.0,0.0166666666666666,0.0,0.858926,0.54451865,0.7543591,0.1102362204724409
DB01223,D181500,1,train,17.0,1.0,0.30068,0.0,0.1147540983606557,0.0,0.87562215,0.8649237,0.7732732,0.1523809523809524,5.11156,0.0,0.1147540983606557,0.0,0.87562215,0.8649237,0.7732732,0.1523809523809524
DB00346,D161900,1,train,69.0,2.0,0.27153,0.0588235294117647,0.1891891891891892,0.0,0.8833249,0.83053327,0.8798995,0.2654867256637168,18.73557,0.1176470588235294,0.3783783783783784,0.0,1.7666498,1.66106654,1.759799,0.5309734513274336
DB00983,D601626,1,train,8.0,5.0,0.36818,0.6666666666666666,0.1228070175438596,0.0,0.83031,0.8562238,0.8508208,0.2129629629629629,2.94544,3.333333333333333,0.614035087719298,0.0,4.15155,4.281119,4.254104,1.0648148148148144
DB00282,D254500,1,train,8.0,5.0,0.14061,0.0,0.037037037037037,0.0,0.8049252,0.70867074,0.7419856,0.1034482758620689,1.12488,0.0,0.185185185185185,0.0,4.024626,3.5433537,3.709928,0.5172413793103445
DB00465,D200170,1,train,10.0,0.0,0.0,0.0,0.1014492753623188,0.0,0.8691235,0.88442373,0.847883,0.2560975609756097,0.0,0.0,0.0,0.0,0.0,0.0,0.0,0.0
DB01233,D181000,1,train,3.0,13.0,0.27647,0.0,0.0166666666666666,0.0,0.82461745,0.8752401,0.7161977,0.1428571428571428,0.82941,0.0,0.2166666666666658,0.0,10.72002685,11.3781213,9.3105701,1.8571428571428563
DB01576,D303110,1,train,3.0,3.0,0.25517,0.1428571428571428,0.2702702702702703,0.0,0.6851119,0.89188236,0.66274846,0.5263157894736842,0.76551,0.4285714285714284,0.8108108108108109,0.0,2.0553357,2.67564708,1.98824538,1.5789473684210529
DB00270,D179600,1,train,8.0,2.0,0.13895,0.0,0.1,0.0,0.7489847,0.7081678,0.78000695,0.2019230769230769,1.1116,0.0,0.2,0.0,1.4979694,1.4163356,1.5600139,0.4038461538461538
DB00939,D145590,1,train,18.0,6.0,0.17245,0.2857142857142857,0.1372549019607843,0.0,0.9006917,0.79049,0.69422156,0.2736842105263158,3.1041,1.7142857142857142,0.8235294117647058,0.0,5.4041502,4.74294,4.16532936,1.642105263157895
DB01364,D168600,1,train,7.0,1.0,0.46405,0.125,0.0657894736842105,0.0,0.86519897,0.840549,0.8078978,0.296875,3.2483500000000003,0.125,0.0657894736842105,0.0,0.86519897,0.840549,0.8078978,0.296875
DB00163,D605055,1,train,6.0,6.0,0.51994,0.0,0.0454545454545454,0.0,0.7467843,0.8221068,0.82662714,0.1,3.1196399999999995,0.0,0.2727272727272724,0.0,4.4807058,4.9326408,4.95976284,0.6000000000000001
DB01045,D150600,1,train,4.0,7.0,0.28495,0.0,0.072289156626506,0.0,0.7554273,0.69638103,0.81413424,0.0876288659793814,1.1398,0.0,0.5060240963855419,0.0,5.2879911,4.87466721,5.6989396800000005,0.6134020618556698
DB01232,D109350,1,train,10.0,1.0,0.0,0.0,0.1470588235294117,0.0,0.7178445,0.6725751,0.82200116,0.2065217391304347,0.0,0.0,0.1470588235294117,0.0,0.7178445,0.6725751,0.82200116,0.2065217391304347
DB01042,D104300,1,train,4.0,2.0,0.41907,0.0,0.0224719101123595,0.0,0.71700543,0.6907151,0.71426505,0.1951219512195122,1.67628,0.0,0.044943820224719,0.0,1.43401086,1.3814302,1.4285301,0.3902439024390244
DB00351,D601626,1,train,8.0,0.0,0.0,0.0,0.2878787878787879,0.0,0.87472576,0.82883495,0.7827718,0.2432432432432432,0.0,0.0,0.0,0.0,0.0,0.0,0.0,0.0
DB00775,D607628,1,train,3.0,9.0,0.78967,0.0,0.05,0.0,0.73038137,0.80002916,0.7085978,0.1578947368421052,2.36901,0.0,0.45,0.0,6.57343233,7.20026244,6.3773802,1.421052631578947
DB00957,D259500,1,train,3.0,3.0,0.19268,0.0,0.1632653061224489,0.0,0.8226751,0.7239969,0.827468,0.1354166666666666,0.57804,0.0,0.4897959183673467,0.0,2.4680253,2.1719907000000003,2.482404,0.4062499999999998
DB00876,D256370,1,train,4.0,1.0,0.049206,0.0,0.0769230769230769,0.0,0.8623093,0.6829378,0.7935872,0.1583333333333333,0.196824,0.0,0.0769230769230769,0.0,0.8623093,0.6829378,0.7935872,0.1583333333333333
DB01067,D165720,1,train,14.0,6.0,0.64093,0.0,0.0833333333333333,0.0,0.7286738,0.7638645,0.8225386,0.2105263157894736,8.97302,0.0,0.4999999999999998,0.0,4.3720428,4.583187,4.9352316,1.2631578947368416
DB00908,D190300,1,train,3.0,9.0,0.28206,0.0,0.1262135922330097,0.0,0.8312216,0.7739249,0.7923355,0.1619047619047619,0.8461799999999999,0.0,1.135922330097087,0.0,7.4809944,6.9653241,7.1310195,1.4571428571428573
DB00585,D150600,1,train,4.0,6.0,0.28495,0.0,0.0204081632653061,0.0,0.83503705,0.81481177,0.7882694,0.0957446808510638,1.1398,0.0,0.1224489795918366,0.0,5.0102223,4.8888706200000005,4.7296164,0.5744680851063828
DB00655,D608622,1,train,51.0,1.0,0.27153,0.2857142857142857,0.1818181818181818,0.0,0.8554097,0.8473166,0.78721595,0.4183673469387755,13.84803,0.2857142857142857,0.1818181818181818,0.0,0.8554097,0.8473166,0.78721595,0.4183673469387755
DB01255,D114480,1,train,13.0,1.0,0.24173,0.0,0.125,0.0,0.8166022,0.8514182,0.81926453,0.2886597938144329,3.14249,0.0,0.125,0.0,0.8166022,0.8514182,0.81926453,0.2886597938144329
DB00204,D608583,1,train,6.0,2.0,0.90778,0.0833333333333333,0.4285714285714285,0.0,0.92976284,0.87351596,0.8470202,0.2991452991452991,5.446680000000001,0.1666666666666666,0.857142857142857,0.0,1.85952568,1.74703192,1.6940404,0.5982905982905982
DB01177,D273300,1,train,3.0,5.0,0.20578,0.0,0.0555555555555555,0.0,0.8111546,0.7614804,0.75151676,0.1533333333333333,0.61734,0.0,0.2777777777777774,0.0,4.055772999999999,3.807402,3.7575838,0.7666666666666665
DB00559,D231090,1,train,1.0,14.0,0.21285,0.0,0.0,0.0,0.74501836,0.67668605,0.770874,0.0,0.21285,0.0,0.0,0.0,10.43025704,9.4736047,10.792236,0.0
DB00445,D109350,1,train,10.0,2.0,0.43074,0.0,0.0588235294117647,0.0,0.74079275,0.688043,0.7920056,0.1412429378531073,4.3074,0.0,0.1176470588235294,0.0,1.4815855,1.376086,1.5840112,0.2824858757062146
DB00441,D603165,1,train,4.0,3.0,0.22365,0.0,0.0491803278688524,0.0,0.8285169,0.7350396,0.76462865,0.1111111111111111,0.8946,0.0,0.1475409836065572,0.0,2.4855507,2.2051188,2.29388595,0.3333333333333333
DB00181,D126200,1,train,9.0,7.0,0.28681,0.0,0.0666666666666666,0.0,0.819104,0.83369005,0.8149485,0.2058823529411764,2.58129,0.0,0.4666666666666662,0.0,5.733728,5.83583035,5.7046395,1.4411764705882348
DB00790,D190300,1,train,3.0,14.0,0.29655,0.0,0.1521739130434782,0.0,0.93533945,0.68303895,0.7446803,0.1641791044776119,0.8896499999999999,0.0,2.1304347826086945,0.0,13.0947523,9.5625453,10.4255242,2.2985074626865662
DB00679,D125310,1,train,7.0,1.0,0.37073,0.0,0.2075471698113207,0.0,0.8259913,0.88849986,0.7434462,0.1904761904761904,2.59511,0.0,0.2075471698113207,0.0,0.8259913,0.88849986,0.7434462,0.1904761904761904
DB00368,D200170,1,train,10.0,2.0,0.15011,0.2272727272727272,0.1454545454545454,0.0,0.81949174,0.81836134,0.7956753,0.1444444444444444,1.5011,0.4545454545454544,0.2909090909090908,0.0,1.63898348,1.63672268,1.5913506,0.2888888888888888
DB01156,D109100,1,train,6.0,0.0,0.0,0.0,0.1071428571428571,0.0,0.81652915,0.7570691,0.65619737,0.11,0.0,0.0,0.0,0.0,0.0,0.0,0.0,0.0
DB00181,D147530,1,train,59.0,7.0,0.25363,0.0,0.25,0.0,0.86138314,0.8674946,0.87942564,0.2692307692307692,14.96417,0.0,1.75,0.0,6.02968198,6.0724622,6.15597948,1.8846153846153848
DB01122,D125853,1,train,12.0,2.0,0.51068,0.0,0.1219512195121951,0.0,0.841203,0.84941983,0.87473536,0.2064516129032258,6.12816,0.0,0.2439024390243902,0.0,1.682406,1.69883966,1.74947072,0.4129032258064516
DB00328,D125853,1,train,12.0,3.0,0.51068,0.0714285714285714,0.1333333333333333,0.0,0.83395934,0.76991934,0.8598148,0.2363636363636363,6.12816,0.2142857142857142,0.3999999999999999,0.0,2.5018780200000004,2.30975802,2.5794444,0.7090909090909089
DB00007,D604416,1,train,13.0,6.0,0.17234,0.0,0.1578947368421052,0.0,0.76251537,0.8579206,0.79069996,0.2425531914893617,2.24042,0.0,0.9473684210526312,0.0,4.57509222,5.1475236,4.74419976,1.45531914893617
DB00552,D607459,1,train,15.0,3.0,0.036339,0.0,0.1395348837209302,0.0,0.8792941,0.7898847,0.9247159,0.1574074074074074,0.545085,0.0,0.4186046511627906,0.0,2.6378823,2.3696541,2.7741477000000003,0.4722222222222222
DB00559,D114480,1,train,13.0,14.0,0.42045,0.0333333333333333,0.0980392156862745,0.0,0.8893629,0.79849815,0.8652648,0.2052980132450331,5.46585,0.4666666666666662,1.372549019607843,0.0,12.4510806,11.1789741,12.1137072,2.874172185430464
DB00661,D601682,1,train,7.0,4.0,0.38172,0.0,0.1875,0.0,0.74253595,0.8340291,0.82955134,0.1729323308270676,2.67204,0.0,0.75,0.0,2.9701438,3.3361164,3.31820536,0.6917293233082704
DB00598,D144700,1,train,7.0,3.0,0.33542,0.3333333333333333,0.0985915492957746,0.0,0.8073055,0.73436415,0.6419193,0.2212389380530973,2.34794,1.0,0.2957746478873237,0.0,2.4219165,2.20309245,1.9257579,0.663716814159292
DB00401,D167870,1,train,11.0,1.0,0.098473,0.0,0.1538461538461538,0.0,0.77052325,0.81729096,0.77710485,0.1826923076923076,1.083203,0.0,0.1538461538461538,0.0,0.77052325,0.81729096,0.77710485,0.1826923076923076
DB00433,D157300,1,train,21.0,7.0,0.75392,0.4545454545454545,0.1891891891891892,0.0,0.9117233,0.9208264,0.8956246,0.2583333333333333,15.83232,3.181818181818181,1.3243243243243243,0.0,6.3820631,6.4457848,6.2693722,1.808333333333333
DB01203,D147530,1,train,59.0,7.0,0.25363,1.0,0.6388888888888888,0.0,0.83967185,0.87938017,0.79905534,0.3636363636363636,14.96417,7.0,4.472222222222221,0.0,5.87770295,6.15566119,5.59338738,2.545454545454545
DB00313,D125320,1,train,12.0,7.0,0.51994,0.0769230769230769,0.0857142857142857,0.0,0.82967186,0.88770133,0.90129775,0.1641791044776119,6.239279999999999,0.5384615384615383,0.5999999999999999,0.0,5.80770302,6.21390931,6.30908425,1.1492537313432831
DB00620,D608622,1,train,51.0,1.0,0.27153,1.0,0.5769230769230769,0.0,0.86043626,0.89017373,0.83289224,0.7441860465116279,13.84803,1.0,0.5769230769230769,0.0,0.86043626,0.89017373,0.83289224,0.7441860465116279
DB04861,D126200,1,train,9.0,0.0,0.0,0.6666666666666666,0.3541666666666667,0.0,0.8231007,0.84070957,0.9146352,0.1733333333333333,0.0,0.0,0.0,0.0,0.0,0.0,0.0,0.0
DB00927,D247200,1,train,1.0,1.0,0.17966,0.0,0.048780487804878,0.0,0.7673961,0.5766699,0.7702882,0.0743801652892562,0.17966,0.0,0.048780487804878,0.0,0.7673961,0.5766699,0.7702882,0.0743801652892562
DB01064,D125853,1,train,12.0,3.0,0.5926,0.1428571428571428,0.1219512195121951,0.0,0.8892509,0.84600616,0.80827785,0.1585365853658536,7.1112,0.4285714285714284,0.3658536585365853,0.0,2.6677527,2.53801848,2.42483355,0.4756097560975608
DB00853,D600351,1,train,15.0,5.0,0.24538,0.0,0.2758620689655172,0.0,0.78118885,0.6587856,0.7557874,0.2432432432432432,3.6807,0.0,1.379310344827586,0.0,3.90594425,3.293928,3.778937,1.216216216216216
DB00570,D171300,1,train,5.0,7.0,0.27622,0.0,0.1428571428571428,0.0,0.7641541,0.8524227,0.7308587,0.2268518518518518,1.3811,0.0,0.9999999999999996,0.0,5.3490787,5.9669589,5.1160109,1.5879629629629626
DB01143,D273800,1,train,2.0,2.0,0.68546,0.0,0.0357142857142857,0.0,0.80154365,0.7584837,0.8342293,0.1192660550458715,1.37092,0.0,0.0714285714285714,0.0,1.6030873,1.5169674,1.6684586,0.238532110091743
DB01241,D167870,1,train,11.0,1.0,0.10427,0.0,0.1428571428571428,0.0,0.8698896,0.81394887,0.8366887,0.1826923076923076,1.14697,0.0,0.1428571428571428,0.0,0.8698896,0.81394887,0.8366887,0.1826923076923076
DB01143,D231200,1,train,3.0,2.0,0.68546,0.0,0.0357142857142857,0.0,0.80154365,0.7584837,0.8342293,0.1192660550458715,2.05638,0.0,0.0714285714285714,0.0,1.6030873,1.5169674,1.6684586,0.238532110091743
DB00787,D150600,1,train,4.0,10.0,0.28495,0.0,0.072289156626506,0.0,0.7764782,0.6733968,0.81413424,0.0957446808510638,1.1398,0.0,0.7228915662650599,0.0,7.764782,6.733968,8.1413424,0.957446808510638
DB00747,D147530,1,train,59.0,4.0,0.14691,0.7777777777777778,0.4565217391304347,0.0,0.8864361,0.8222091,0.8602674,0.618421052631579,8.66769,3.111111111111111,1.8260869565217388,0.0,3.5457444,3.2888364,3.4410696,2.473684210526316
DB01200,D600131,1,train,4.0,8.0,0.96524,0.1363636363636363,0.1428571428571428,0.0,0.76287895,0.83221316,0.76241004,0.1515151515151515,3.86096,1.0909090909090904,1.1428571428571423,0.0,6.1030316,6.65770528,6.09928032,1.212121212121212
DB00328,D125850,1,train,12.0,3.0,0.53652,0.2727272727272727,0.1549295774647887,0.0,0.8093832,0.76991934,0.80827785,0.2935779816513761,6.43824,0.8181818181818181,0.4647887323943661,0.0,2.4281496,2.30975802,2.42483355,0.8807339449541283
DB00853,D276300,1,train,33.0,5.0,0.21109,0.0,0.4782608695652174,0.0,0.8440358,0.7167654,0.76712763,0.1518987341772152,6.96597,0.0,2.391304347826087,0.0,4.220179,3.583827,3.83563815,0.759493670886076
DB00559,D268220,1,train,3.0,14.0,0.18025,0.0,0.1147540983606557,0.0,0.8052263,0.77290785,0.8635315,0.1241379310344827,0.54075,0.0,1.60655737704918,0.0,11.2731682,10.8207099,12.089441,1.737931034482758
DB00745,D125320,1,train,12.0,6.0,0.41046,0.1666666666666666,0.1746031746031746,0.0,0.6427109,0.88770133,0.90129775,0.4022988505747126,4.92552,0.9999999999999996,1.0476190476190474,0.0,3.8562654,5.32620798,5.4077865,2.413793103448276
DB00630,D247640,1,train,13.0,0.0,0.0,0.0,0.0238095238095238,0.0,0.80193686,0.7828761,0.7016167,0.0983606557377049,0.0,0.0,0.0,0.0,0.0,0.0,0.0,0.0
DB00604,D133690,1,train,2.0,5.0,0.16502,0.0,0.1384615384615384,0.0,0.78022176,0.6843622,0.7486866,0.2164179104477611,0.33004,0.0,0.6923076923076921,0.0,3.9011088,3.421811,3.743433,1.0820895522388054
DB00245,D168100,1,train,13.0,2.0,0.46405,0.1764705882352941,0.21875,0.0,0.9314821,0.8479812,0.8081339,0.4022988505747126,6.03265,0.3529411764705882,0.4375,0.0,1.8629642,1.6959624,1.6162678,0.8045977011494252
DB00584,D600263,1,train,6.0,2.0,0.21169,0.0,0.1081081081081081,0.0,0.88046575,0.7140026,0.75819725,0.2162162162162162,1.27014,0.0,0.2162162162162162,0.0,1.7609315,1.4280052,1.5163945,0.4324324324324324
DB00536,D266600,1,train,6.0,2.0,0.29194,0.0,0.0204081632653061,0.0,0.76337457,0.6828856,0.79974955,0.0625,1.75164,0.0,0.0408163265306122,0.0,1.52674914,1.3657712,1.5994991,0.125
DB00181,D190400,1,train,2.0,7.0,0.064814,0.0,0.0526315789473684,0.0,0.79247236,0.7624857,0.7338758,0.1834862385321101,0.129628,0.0,0.3684210526315787,0.0,5.54730652,5.3373999,5.1371306,1.2844036697247707
DB00957,D276300,1,train,33.0,3.0,0.40631,0.2,0.1590909090909091,0.0,0.8536002,0.89035004,0.8751046,0.1940298507462686,13.40823,0.6000000000000001,0.4772727272727273,0.0,2.5608006000000003,2.67105012,2.6253138,0.5820895522388059
DB01244,D276300,1,train,33.0,4.0,0.39954,0.0357142857142857,0.2222222222222222,0.0,0.80541855,0.8326956,0.7791291,0.2945736434108527,13.18482,0.1428571428571428,0.8888888888888888,0.0,3.2216742,3.3307824,3.1165164,1.1782945736434107
DB00408,D125853,1,train,12.0,3.0,0.5926,0.15625,0.125,0.0,0.82876515,0.8285899,0.82126296,0.2142857142857142,7.1112,0.46875,0.375,0.0,2.48629545,2.4857697,2.46378888,0.6428571428571426
DB01217,D145600,1,train,0.0,7.0,0.38871,0.0,0.0,0.0,0.0,0.0,0.0,0.0,0.0,0.0,0.0,0.0,0.0,0.0,0.0,0.0
DB00163,D230450,1,train,0.0,6.0,0.58685,0.0,0.0,0.0,0.0,0.0,0.0,0.0,0.0,0.0,0.0,0.0,0.0,0.0,0.0,0.0
DB01268,D161900,1,train,69.0,1.0,0.27153,0.0,0.2962962962962963,0.0,0.8543086,0.8331958,0.691652,0.2772277227722772,18.73557,0.0,0.2962962962962963,0.0,0.8543086,0.8331958,0.691652,0.2772277227722772
DB00530,D104130,1,train,7.0,0.0,0.0,0.0294117647058823,0.3235294117647059,0.0,0.88285583,0.867318,0.0,0.2074074074074074,0.0,0.0,0.0,0.0,0.0,0.0,0.0,0.0
DB00277,D600807,1,train,17.0,1.0,0.38905,0.0,0.1489361702127659,0.0,0.87210643,0.9022858,0.8844234,0.2068965517241379,6.61385,0.0,0.1489361702127659,0.0,0.87210643,0.9022858,0.8844234,0.2068965517241379
DB00201,D157300,1,train,21.0,2.0,0.13387,0.0,0.1632653061224489,0.0,0.7897616,0.83446413,0.8218634,0.1739130434782608,2.81127,0.0,0.3265306122448978,0.0,1.5795232,1.66892826,1.6437268,0.3478260869565216
DB00655,D161900,1,train,69.0,1.0,0.27153,0.2857142857142857,0.1860465116279069,0.0,0.86767614,0.8473166,0.7969107,0.4183673469387755,18.73557,0.2857142857142857,0.1860465116279069,0.0,0.86767614,0.8473166,0.7969107,0.4183673469387755
DB00844,D233810,1,train,9.0,0.0,0.0,0.0,0.0303030303030303,0.0,0.8330246,0.80630666,0.8194216,0.1640625,0.0,0.0,0.0,0.0,0.0,0.0,0.0,0.0
DB00668,D157300,1,train,21.0,1.0,0.75392,0.4545454545454545,0.1029411764705882,0.0,0.8471138,0.8233555,0.8591919,0.1494252873563218,15.83232,0.4545454545454545,0.1029411764705882,0.0,0.8471138,0.8233555,0.8591919,0.1494252873563218
DB00242,D276300,1,train,33.0,3.0,0.11816,0.2222222222222222,0.3333333333333333,0.0,0.87954277,0.7932563,0.87779856,0.6615384615384615,3.89928,0.6666666666666666,1.0,0.0,2.63862831,2.3797689,2.63339568,1.984615384615385
DB00563,D165199,1,train,5.0,5.0,0.14189,0.0,0.1927710843373494,0.0,0.87111926,0.82990104,0.74935997,0.1987951807228915,0.7094499999999999,0.0,0.963855421686747,0.0,4.3555963,4.1495052,3.74679985,0.9939759036144576
DB00489,D156190,1,train,0.0,3.0,0.23664,0.0,0.0,0.0,0.0,0.0,0.0,0.0,0.0,0.0,0.0,0.0,0.0,0.0,0.0,0.0
DB01023,D608622,1,train,51.0,4.0,0.27153,0.5384615384615384,0.631578947368421,0.0,0.9740546,0.8882315,0.7361263,0.5494505494505495,13.84803,2.1538461538461537,2.526315789473684,0.0,3.8962184,3.552926,2.9445052,2.197802197802198
DB00035,D304900,1,train,1.0,4.0,0.49872,0.75,0.6176470588235294,0.0,0.7905691,0.6844825,0.772561,0.4447058823529412,0.49872,3.0,2.4705882352941178,0.0,3.1622764,2.73793,3.090244,1.7788235294117647
DB00387,D601682,1,train,7.0,5.0,0.47652,0.0,0.0909090909090909,0.0,0.8112955,0.83209056,0.7816999,0.1682242990654205,3.33564,0.0,0.4545454545454545,0.0,4.0564775,4.1604528,3.9084995,0.8411214953271025
DB00908,D607628,1,train,3.0,9.0,0.78967,0.1363636363636363,0.1428571428571428,0.0,0.7297358,0.83221316,0.76241004,0.1578947368421052,2.36901,1.2272727272727266,1.2857142857142851,0.0,6.567622200000001,7.48991844,6.86169036,1.421052631578947
DB00313,D104130,1,train,7.0,7.0,0.2381,0.0967741935483871,0.2377049180327868,0.0,0.92790544,0.79935783,0.82896096,0.1379310344827586,1.6667,0.6774193548387096,1.6639344262295075,0.0,6.49533808,5.59550481,5.80272672,0.9655172413793102
DB01045,D147530,1,train,59.0,7.0,0.32759,0.3333333333333333,0.0833333333333333,0.0,0.92230463,0.8472575,0.87949884,0.1846153846153846,19.32781,2.333333333333333,0.5833333333333331,0.0,6.45613241,5.9308025,6.15649188,1.2923076923076922
DB00390,D601367,1,train,3.0,0.0,0.0,0.0,0.0181818181818181,0.0,0.67866206,0.763224,0.78960127,0.0680628272251308,0.0,0.0,0.0,0.0,0.0,0.0,0.0,0.0
DB13919,D109350,1,train,10.0,1.0,0.068205,0.0,0.106060606060606,0.0,0.83169746,0.6234506,0.0,0.2413793103448276,0.68205,0.0,0.106060606060606,0.0,0.83169746,0.6234506,0.0,0.2413793103448276
DB00887,D145590,1,train,18.0,0.0,0.0,0.125,0.2564102564102564,0.0,0.9719908,0.822754,0.77498657,0.2736842105263158,0.0,0.0,0.0,0.0,0.0,0.0,0.0,0.0
DB00540,D267730,1,train,5.0,11.0,0.47256,0.0833333333333333,0.0679611650485436,0.0,0.79230624,0.88257,0.8439597,0.1818181818181818,2.3628,0.9166666666666664,0.7475728155339796,0.0,8.715368640000001,9.70827,9.2835567,2.0
DB00122,D165720,1,train,14.0,2.0,0.56953,0.0,0.0625,0.0,0.54737043,0.71174073,0.74330693,0.0833333333333333,7.97342,0.0,0.125,0.0,1.09474086,1.42348146,1.48661386,0.1666666666666666
DB00884,D203700,1,train,3.0,9.0,0.3638,0.0,0.0333333333333333,0.0,0.81867087,0.76671004,0.67113376,0.1,1.0914,0.0,0.2999999999999997,0.0,7.36803783,6.900390359999999,6.04020384,0.9
DB00661,D137760,1,train,7.0,4.0,0.38172,0.2727272727272727,0.1805555555555555,0.0,0.74253595,0.8340291,0.82955134,0.1729323308270676,2.67204,1.0909090909090908,0.722222222222222,0.0,2.9701438,3.3361164,3.31820536,0.6917293233082704
DB00273,D308350,1,train,1.0,4.0,0.37603,0.0,0.081967213114754,0.0,0.7400868,0.6594494,0.8500123,0.029585798816568,0.37603,0.0,0.327868852459016,0.0,2.9603472,2.6377976,3.4000492,0.118343195266272
DB00573,D102300,1,train,7.0,6.0,0.37989,0.2222222222222222,0.1153846153846153,0.0,0.82752156,0.8157873,0.85609436,0.2178217821782178,2.65923,1.3333333333333333,0.6923076923076917,0.0,4.96512936,4.8947238,5.13656616,1.3069306930693068
DB00327,D607850,1,train,13.0,8.0,0.77658,0.75,0.3043478260869565,0.0,0.8718843,0.76616323,0.8545819,0.2474226804123711,10.09554,6.0,2.434782608695652,0.0,6.9750744,6.12930584,6.8366552,1.9793814432989687
DB00471,D252320,1,train,10.0,5.0,0.21008,0.0,0.0714285714285714,0.0,0.7964268,0.7833248,0.83594215,0.2152777777777778,2.1008,0.0,0.357142857142857,0.0,3.982134,3.916624,4.17971075,1.0763888888888888
DB01045,D607850,1,train,13.0,7.0,0.77658,0.0,0.072289156626506,0.0,0.8091345,0.800709,0.8183465,0.1288659793814432,10.09554,0.0,0.5060240963855419,0.0,5.6639415,5.604963,5.7284255,0.9020618556701024
DB00987,D310468,1,train,1.0,3.0,0.22216,0.0,0.0,0.0,0.62324053,0.6229661,0.6930484,0.0818181818181818,0.22216,0.0,0.0,0.0,1.86972159,1.8688983,2.0791452,0.2454545454545454
DB01143,D155100,1,train,1.0,2.0,0.23814,0.0,0.0,0.0,0.80154365,0.7584837,0.69463885,0.1192660550458715,0.23814,0.0,0.0,0.0,1.6030873,1.5169674,1.3892777,0.238532110091743
DB00334,D157700,1,train,7.0,1.0,0.27466,0.0967741935483871,0.0983606557377049,0.0,0.85259235,0.909642,0.805993,0.1507537688442211,1.92262,0.0967741935483871,0.0983606557377049,0.0,0.85259235,0.909642,0.805993,0.1507537688442211
DB00514,D273300,1,train,3.0,7.0,0.34535,0.0,0.0517241379310344,0.0,0.81986976,0.8311618,0.75156635,0.146551724137931,1.03605,0.0,0.3620689655172407,0.0,5.7390883200000005,5.818132599999999,5.26096445,1.025862068965517
DB00216,D607498,1,train,0.0,5.0,0.96381,0.0,0.0,0.0,0.0,0.0,0.0,0.0,0.0,0.0,0.0,0.0,0.0,0.0,0.0,0.0
DB00883,D167320,1,train,5.0,3.0,0.23028,0.0,0.1020408163265306,0.0,0.73202914,0.87703586,0.7718783,0.0357142857142857,1.1514,0.0,0.3061224489795918,0.0,2.19608742,2.63110758,2.3156349,0.1071428571428571
DB00350,D109100,1,train,6.0,1.0,0.0,0.0,0.024390243902439,0.0,0.863045,0.76931643,0.7649852,0.1827956989247312,0.0,0.0,0.024390243902439,0.0,0.863045,0.76931643,0.7649852,0.1827956989247312
DB00181,D143100,1,train,1.0,7.0,0.28681,0.0,0.0,0.0,0.6268508,0.6870307,0.0,0.1290322580645161,0.28681,0.0,0.0,0.0,4.387955600000001,4.8092149,0.0,0.9032258064516128
DB00160,D261515,1,train,0.0,0.0,0.0,0.0,0.0,0.0,0.0,0.0,0.0,0.0,0.0,0.0,0.0,0.0,0.0,0.0,0.0,0.0
DB00419,D104130,1,train,7.0,5.0,0.094949,0.0,0.0192307692307692,0.0,0.79345524,0.84016585,0.7481781,0.1379310344827586,0.6646430000000001,0.0,0.096153846153846,0.0,3.9672762,4.20082925,3.7408905,0.6896551724137929
DB00222,D125850,1,train,12.0,3.0,0.89132,0.0,0.2272727272727272,0.0,0.8795455,0.7958033,0.7620491,0.2016129032258064,10.69584,0.0,0.6818181818181817,0.0,2.6386365,2.3874099,2.2861473,0.6048387096774193
DB00744,D143465,1,train,12.0,3.0,0.07328,0.0434782608695652,0.1666666666666666,0.0,0.8062085,0.8215462,0.8552702,0.3013698630136986,0.8793599999999999,0.1304347826086956,0.4999999999999998,0.0,2.4186255,2.4646386,2.5658106,0.9041095890410958
DB01410,D212110,1,train,0.0,0.0,0.0,0.0,0.0,0.0,0.0,0.0,0.0,0.0,0.0,0.0,0.0,0.0,0.0,0.0,0.0,0.0
DB01238,D161900,1,train,69.0,2.0,0.17725,0.5098039215686274,0.4337349397590361,0.0,0.9284469,0.90024436,0.7687268,0.3050847457627119,12.23025,1.0196078431372548,0.8674698795180722,0.0,1.8568938,1.80048872,1.5374536,0.6101694915254238
DB00956,D131200,1,train,8.0,2.0,0.21947,0.0,0.1384615384615384,0.0,0.83681566,0.8656,0.7974138,0.1531531531531531,1.75576,0.0,0.2769230769230768,0.0,1.67363132,1.7312,1.5948276,0.3063063063063062
DB00813,D607850,1,train,13.0,5.0,0.77658,0.75,0.3043478260869565,0.1666666666666666,0.88808244,0.9132002,0.8542061,0.2547169811320754,10.09554,3.75,1.5217391304347825,0.833333333333333,4.4404122,4.566001,4.2710305,1.273584905660377
DB01210,D137760,1,train,7.0,0.0,0.0,1.0,0.425,0.0,0.8967936,0.8440554,0.87608093,0.28125,0.0,0.0,0.0,0.0,0.0,0.0,0.0,0.0
DB00434,D600351,1,train,15.0,4.0,0.22604,0.2727272727272727,0.2698412698412698,0.0,0.9174275,0.8690345,0.7742063,0.2386363636363636,3.3906,1.0909090909090908,1.0793650793650793,0.0,3.66971,3.476138,3.0968252,0.9545454545454544
DB00246,D137580,1,train,1.0,1.0,0.3557,0.0,0.0707070707070707,0.0,0.75747174,0.78976333,0.7815166,0.056910569105691,0.3557,0.0,0.0707070707070707,0.0,0.75747174,0.78976333,0.7815166,0.056910569105691
DB01099,D137215,1,train,3.0,3.0,0.41102,0.0,0.1052631578947368,0.0,0.77192575,0.7356748,0.79017043,0.0987654320987654,1.23306,0.0,0.3157894736842104,0.0,2.31577725,2.2070244,2.37051129,0.2962962962962961
DB00687,D161900,1,train,69.0,1.0,0.38439,0.5,0.3636363636363636,0.0,0.85039943,0.87048805,0.8499543,0.5102040816326531,26.52291,0.5,0.3636363636363636,0.0,0.85039943,0.87048805,0.8499543,0.5102040816326531
DB00564,D188050,1,train,3.0,0.0,0.0,0.0,0.1057692307692307,0.0,0.8323331,0.7857588,0.8448405,0.2336448598130841,0.0,0.0,0.0,0.0,0.0,0.0,0.0,0.0
DB00603,D304790,1,train,7.0,0.0,0.0,0.0,0.0483870967741935,0.0,0.85293496,0.88300794,0.83997214,0.1573604060913705,0.0,0.0,0.0,0.0,0.0,0.0,0.0,0.0
DB01072,D223350,1,train,9.0,5.0,0.3552,0.0,0.1388888888888889,0.0,0.80679995,0.77693987,0.84314597,0.2531645569620253,3.1968,0.0,0.6944444444444444,0.0,4.03399975,3.88469935,4.21572985,1.2658227848101264
DB00448,D601682,1,train,7.0,1.0,0.47652,0.0,0.1875,0.0,0.8060842,0.8062957,0.81130457,0.2314814814814814,3.33564,0.0,0.1875,0.0,0.8060842,0.8062957,0.81130457,0.2314814814814814
DB00337,D304790,1,train,7.0,2.0,0.21169,0.0,0.1578947368421052,0.0,0.7298039,0.88300794,0.7896668,0.1573604060913705,1.48183,0.0,0.3157894736842104,0.0,1.4596078,1.76601588,1.5793336,0.314720812182741
DB01577,D601665,1,train,5.0,1.0,0.22348,0.5,0.6111111111111112,0.0,0.84408534,0.8933089,0.7594144,0.6388888888888888,1.1174,0.5,0.6111111111111112,0.0,0.84408534,0.8933089,0.7594144,0.6388888888888888
DB01576,D143465,1,train,12.0,3.0,0.13142,0.5555555555555556,0.6,0.0,0.9772001,0.8894764,0.8229723,1.0,1.5770400000000002,1.6666666666666667,1.7999999999999998,0.0,2.9316003,2.6684292,2.4689169,3.0
DB00583,D146255,1,train,14.0,1.0,0.2703,0.0,0.0416666666666666,0.0,0.87993026,0.7499481,0.83445674,0.1044776119402985,3.7842,0.0,0.0416666666666666,0.0,0.87993026,0.7499481,0.83445674,0.1044776119402985
DB01677,D276300,1,train,33.0,1.0,0.12986,0.0,0.0434782608695652,0.0,0.29585215,0.81504524,0.0,0.0833333333333333,4.28538,0.0,0.0434782608695652,0.0,0.29585215,0.81504524,0.0,0.0833333333333333
DB00674,D174800,1,train,1.0,1.0,0.31301,0.0,0.0869565217391304,0.0,0.7181378,0.5626689,0.6841786,0.1166666666666666,0.31301,0.0,0.0869565217391304,0.0,0.7181378,0.5626689,0.6841786,0.1166666666666666
DB00492,D168100,1,train,13.0,0.0,0.0,0.2,0.68,0.0,0.9005456,1.0000002,0.90331554,0.2051282051282051,0.0,0.0,0.0,0.0,0.0,0.0,0.0,0.0
DB00715,D208550,1,train,26.0,1.0,0.38905,0.3636363636363636,0.2957746478873239,0.0,0.8766037,0.8421935,0.84099185,0.1875,10.1153,0.3636363636363636,0.2957746478873239,0.0,0.8766037,0.8421935,0.84099185,0.1875
DB00285,D143465,1,train,12.0,4.0,0.15621,0.1818181818181818,0.3611111111111111,0.0,0.8752805,0.89680624,0.8229723,0.19,1.87452,0.7272727272727272,1.4444444444444444,0.0,3.501122,3.58722496,3.2918892,0.76
DB00939,D107320,1,train,0.0,6.0,0.37058,0.0,0.0,0.0,0.0,0.0,0.0,0.0,0.0,0.0,0.0,0.0,0.0,0.0,0.0,0.0
DB01132,D167320,1,train,5.0,1.0,0.22059,0.0,0.0985915492957746,0.0,0.7152544,0.77216023,0.82062054,0.2105263157894736,1.10295,0.0,0.0985915492957746,0.0,0.7152544,0.77216023,0.82062054,0.2105263157894736
DB00995,D165199,1,train,5.0,11.0,0.35066,0.0,0.0384615384615384,0.0,0.7851612,0.7495473,0.66502863,0.0797546012269938,1.7533,0.0,0.4230769230769224,0.0,8.6367732,8.2450203,7.31531493,0.8773006134969317
DB00324,D608622,1,train,51.0,1.0,0.27153,1.0,0.6666666666666666,0.0,0.87129027,0.9094913,0.80741644,0.5638297872340425,13.84803,1.0,0.6666666666666666,0.0,0.87129027,0.9094913,0.80741644,0.5638297872340425
DB00396,D601665,1,train,5.0,2.0,0.20333,0.0,0.1466666666666666,0.0,0.6720453,0.6541086,0.7594144,0.140625,1.01665,0.0,0.2933333333333332,0.0,1.3440906,1.3082172,1.5188288,0.28125
DB01244,D176807,1,train,9.0,4.0,0.2089,0.0769230769230769,0.2045454545454545,0.0,0.83942205,0.8565117,0.80090654,0.2201834862385321,1.8801,0.3076923076923076,0.818181818181818,0.0,3.3576882,3.4260468,3.20362616,0.8807339449541284
DB01177,D247640,1,train,13.0,5.0,0.28838,0.0,0.2857142857142857,0.0,0.8106228,0.88074857,0.8551841,0.2085308056872037,3.74894,0.0,1.4285714285714284,0.0,4.053114,4.40374285,4.2759205,1.0426540284360184
DB00321,D168100,1,train,13.0,1.0,0.46405,0.1142857142857142,0.1604938271604938,0.0,0.85660297,0.8840494,0.86667454,0.25,6.03265,0.1142857142857142,0.1604938271604938,0.0,0.85660297,0.8840494,0.86667454,0.25
DB00393,D600807,1,train,17.0,0.0,0.0,0.2285714285714285,0.1904761904761904,0.0,0.7694175,0.8921058,0.8016202,0.1862068965517241,0.0,0.0,0.0,0.0,0.0,0.0,0.0,0.0
DB00537,D600808,1,train,2.0,5.0,0.99992,0.0625,0.0350877192982456,0.0,0.7310125,0.61638606,0.7378632,0.1951219512195122,1.99984,0.3125,0.175438596491228,0.0,3.6550625,3.0819303,3.689316,0.975609756097561
DB00363,D109350,1,train,10.0,2.0,0.068205,0.3636363636363636,0.4868421052631579,0.0,0.8908311,0.8660879,0.7594366,0.1985294117647058,0.68205,0.7272727272727272,0.9736842105263158,0.0,1.7816622,1.7321758,1.5188732,0.3970588235294116
DB00476,D145590,1,train,18.0,0.0,0.0,0.2,0.3114754098360656,0.0,0.9127546,0.8319725,0.876874,0.2242990654205607,0.0,0.0,0.0,0.0,0.0,0.0,0.0,0.0
DB01008,D607850,1,train,13.0,4.0,0.77658,0.0,0.125,0.0,0.8350594,0.800709,0.81873536,0.0816326530612244,10.09554,0.0,0.5,0.0,3.3402376,3.202836,3.27494144,0.3265306122448976
DB00248,D600634,1,train,0.0,0.0,0.0,0.0,0.0,0.0,0.0,0.0,0.0,0.0,0.0,0.0,0.0,0.0,0.0,0.0,0.0,0.0
DB00596,D110100,1,train,5.0,3.0,0.27466,0.0,0.0175438596491228,0.0,0.771561,0.8394728,0.8204556,0.136150234741784,1.3733,0.0,0.0526315789473684,0.0,2.314683,2.5184184,2.4613668,0.408450704225352
DB00508,D608088,1,train,9.0,0.0,0.0,0.2857142857142857,0.1764705882352941,0.0,0.87470126,0.87808317,0.87282544,0.25,0.0,0.0,0.0,0.0,0.0,0.0,0.0,0.0
DB00996,D194070,1,train,2.0,12.0,0.39973,0.0,0.0595238095238095,0.0,0.8367704,0.79280776,0.82569915,0.1134020618556701,0.79946,0.0,0.714285714285714,0.0,10.0412448,9.51369312,9.9083898,1.3608247422680413
DB00995,D147530,1,train,59.0,11.0,0.1547,0.0,0.1212121212121212,0.0,0.8864976,0.81234527,0.7747004,0.1354838709677419,9.1273,0.0,1.3333333333333333,0.0,9.7514736,8.93579797,8.521704399999999,1.4903225806451608
DB01064,D600496,1,train,11.0,3.0,0.89132,0.0285714285714285,0.064516129032258,0.0,0.8892509,0.83539695,0.79527014,0.1585365853658536,9.80452,0.0857142857142855,0.1935483870967739,0.0,2.6677527,2.5061908500000003,2.38581042,0.4756097560975608
DB01221,D266600,1,train,6.0,4.0,0.66235,0.0232558139534883,0.1515151515151515,0.0,0.822118,0.8460996,0.84400904,0.25,3.9741,0.0930232558139532,0.606060606060606,0.0,3.288472,3.3843984,3.37603616,1.0
DB00741,D600807,1,train,17.0,1.0,0.38905,1.0,0.5652173913043478,0.0,0.88113785,0.99999976,0.8690107,0.4144144144144144,6.61385,1.0,0.5652173913043478,0.0,0.88113785,0.99999976,0.8690107,0.4144144144144144
DB00315,D147530,1,train,59.0,2.0,0.14811,0.75,0.75,0.0,0.85791606,0.74799,0.8548553,0.5128205128205128,8.738489999999999,1.5,1.5,0.0,1.71583212,1.49598,1.7097106,1.0256410256410255
DB00619,D151590,1,train,5.0,10.0,0.20984,0.0,0.0958904109589041,0.0,0.83744127,0.8275442,0.91382855,0.2111111111111111,1.0492,0.0,0.958904109589041,0.0,8.3744127,8.275442,9.1382855,2.111111111111111
DB00412,D168100,1,train,13.0,2.0,0.41046,0.0909090909090909,0.1746031746031746,0.0,0.7996007,0.757943,0.8081339,0.2429906542056074,5.33598,0.1818181818181818,0.3492063492063492,0.0,1.5992014,1.515886,1.6162678,0.4859813084112148
DB00898,D147530,1,train,59.0,0.0,0.0,0.2727272727272727,0.1506849315068493,0.0,0.6952118,0.8342502,0.8109357,0.0967741935483871,0.0,0.0,0.0,0.0,0.0,0.0,0.0,0.0
DB01086,D178600,1,train,4.0,3.0,0.20847,0.0,0.0779220779220779,0.0,0.71457916,0.63892263,0.71817577,0.1818181818181818,0.83388,0.0,0.2337662337662337,0.0,2.14373748,1.91676789,2.15452731,0.5454545454545454
DB00366,D192000,1,train,5.0,2.0,0.21947,0.0,0.0714285714285714,0.0,0.8047954,0.84533817,0.75843835,0.081081081081081,1.09735,0.0,0.1428571428571428,0.0,1.6095908,1.69067634,1.5168767,0.162162162162162
DB00754,D604416,1,train,13.0,4.0,0.22832,0.0,0.075,0.0,0.8865963,0.8718995,0.8084465,0.2061855670103092,2.96816,0.0,0.3,0.0,3.5463852,3.487598,3.233786,0.8247422680412368
DB00195,D137750,1,train,8.0,2.0,0.11423,1.0,0.6578947368421053,0.0,0.8954675,0.89589787,0.86317736,0.3368421052631579,0.91384,2.0,1.3157894736842106,0.0,1.790935,1.79179574,1.72635472,0.6736842105263158
DB00213,D109350,1,train,10.0,1.0,0.068205,0.0,0.1470588235294117,0.0,0.79055333,0.7422824,0.8660384,0.173076923076923,0.68205,0.0,0.1470588235294117,0.0,0.79055333,0.7422824,0.8660384,0.173076923076923
DB00775,D267740,1,train,3.0,9.0,0.57964,0.0,0.064516129032258,0.0,0.83136386,0.7715939,0.8293926,0.1818181818181818,1.7389200000000002,0.0,0.580645161290322,0.0,7.482274739999999,6.9443451000000005,7.4645334,1.6363636363636362
DB01003,D187950,1,train,0.0,4.0,0.32952,0.0,0.0,0.0,0.0,0.0,0.0,0.0,0.0,0.0,0.0,0.0,0.0,0.0,0.0,0.0
DB00343,D200170,1,train,10.0,1.0,0.081461,0.0,0.1710526315789473,0.0,0.8007816,0.7190845,0.86364836,0.2162162162162162,0.8146100000000001,0.0,0.1710526315789473,0.0,0.8007816,0.7190845,0.86364836,0.2162162162162162
DB01070,D109100,1,train,6.0,0.0,0.0,0.0,0.0,0.0,0.46620503,0.76931643,0.7486338,0.1037037037037037,0.0,0.0,0.0,0.0,0.0,0.0,0.0,0.0
DB00544,D252320,1,train,10.0,1.0,0.1691,1.0,0.425,0.0,0.8977733,0.8132819,0.8525622,0.1375,1.691,1.0,0.425,0.0,0.8977733,0.8132819,0.8525622,0.1375
DB00572,D607850,1,train,13.0,4.0,0.77658,0.7777777777777778,0.4565217391304347,0.0,0.85835123,0.85516584,0.8545819,0.618421052631579,10.09554,3.111111111111111,1.8260869565217388,0.0,3.43340492,3.42066336,3.4183276,2.473684210526316
DB00598,D102500,1,train,11.0,3.0,0.13713,0.0,0.0943396226415094,0.0,0.8477466,0.7505323,0.7941396,0.2736842105263158,1.50843,0.0,0.2830188679245282,0.0,2.5432398000000003,2.2515969,2.3824188,0.8210526315789475
DB00270,D608622,1,train,51.0,2.0,0.27153,0.5384615384615384,0.631578947368421,0.0,0.9740546,0.837979,0.78565747,0.5494505494505495,13.84803,1.0769230769230769,1.263157894736842,0.0,1.9481092,1.675958,1.57131494,1.098901098901099
DB00604,D607459,1,train,15.0,5.0,0.13814,0.0,0.1384615384615384,0.0,0.79965824,0.6970131,0.86307603,0.2434210526315789,2.0721000000000003,0.0,0.6923076923076921,0.0,3.9982912,3.4850655,4.31538015,1.2171052631578945
DB00215,D182830,1,train,1.0,8.0,0.22198,0.0,0.0377358490566037,0.0,0.7283109,0.7269501,0.73340416,0.0786516853932584,0.22198,0.0,0.3018867924528296,0.0,5.8264872,5.8156008,5.86723328,0.6292134831460672
DB00982,D600807,1,train,17.0,1.0,0.11202,0.0,0.1016949152542373,0.0,0.834025,0.8752326,0.57602173,0.1403508771929824,1.90434,0.0,0.1016949152542373,0.0,0.834025,0.8752326,0.57602173,0.1403508771929824
DB00908,D267740,1,train,3.0,9.0,0.57964,0.0,0.0396039603960396,0.0,0.82385695,0.7715939,0.71217555,0.1578947368421052,1.7389200000000002,0.0,0.3564356435643563,0.0,7.41471255,6.9443451000000005,6.40957995,1.421052631578947
DB00871,D608622,1,train,51.0,0.0,0.0,1.0,0.1627906976744186,0.0,0.822213,0.86997706,0.81795406,0.1728395061728395,0.0,0.0,0.0,0.0,0.0,0.0,0.0,0.0
DB01232,D157300,1,train,21.0,1.0,0.0,0.0,0.1891891891891892,0.0,0.7799785,0.73078036,0.8288871,0.2067039106145251,0.0,0.0,0.1891891891891892,0.0,0.7799785,0.73078036,0.8288871,0.2067039106145251
DB01072,D151400,1,train,2.0,5.0,0.39678,0.0,0.044776119402985,0.0,0.70991784,0.75180554,0.8004064,0.1069767441860465,0.79356,0.0,0.223880597014925,0.0,3.5495892,3.7590277,4.002032,0.5348837209302325
DB00813,D165720,1,train,14.0,5.0,0.64093,0.75,0.3043478260869565,0.1666666666666666,0.88808244,0.9132002,0.8542061,0.2164179104477611,8.97302,3.75,1.5217391304347825,0.833333333333333,4.4404122,4.566001,4.2710305,1.0820895522388054
DB00559,D223350,1,train,9.0,14.0,0.55118,0.0,0.0933333333333333,0.0,0.8327745,0.8324767,0.8552898,0.2315270935960591,4.9606200000000005,0.0,1.3066666666666662,0.0,11.658843,11.6546738,11.9740572,3.2413793103448274
DB00939,D125310,1,train,7.0,6.0,0.36784,0.3333333333333333,0.4081632653061224,0.0,0.9441723,0.74781644,0.68078625,0.2531645569620253,2.57488,2.0,2.4489795918367343,0.0,5.6650338,4.48689864,4.0847175,1.5189873417721516
DB01075,D144010,1,train,7.0,0.0,0.0,0.0,0.1044776119402985,0.0,0.72025687,0.799657,0.8046132,0.2,0.0,0.0,0.0,0.0,0.0,0.0,0.0,0.0
DB01200,D217200,1,train,16.0,8.0,0.46479,0.0,0.1733333333333333,0.0,0.8676601,0.86533487,0.7650507,0.1568627450980392,7.43664,0.0,1.3866666666666665,0.0,6.9412808,6.92267896,6.1204056,1.2549019607843137
DB00014,D176807,1,train,9.0,3.0,0.51079,0.5,0.6060606060606061,1.0,0.8804829,0.84440535,0.69991565,0.7272727272727273,4.59711,1.5,1.8181818181818183,3.0,2.6414487,2.53321605,2.09974695,2.1818181818181817
DB01136,D166760,1,train,6.0,1.0,0.16032,0.1904761904761904,0.2,0.0,0.78222245,0.88584834,0.7857827,0.2195121951219512,0.96192,0.1904761904761904,0.2,0.0,0.78222245,0.88584834,0.7857827,0.2195121951219512
DB00771,D182280,1,train,4.0,2.0,0.23155,0.0,0.0363636363636363,0.0,0.8831329,0.8503573,0.8005363,0.170886075949367,0.9262,0.0,0.0727272727272726,0.0,1.7662658,1.7007146,1.6010726,0.341772151898734
DB00308,D608583,1,train,6.0,1.0,0.90778,0.0833333333333333,0.4285714285714285,0.0,0.92976284,0.87351596,0.8470202,0.2991452991452991,5.446680000000001,0.0833333333333333,0.4285714285714285,0.0,0.92976284,0.87351596,0.8470202,0.2991452991452991
DB00313,D239350,1,train,7.0,7.0,0.20329,0.0114942528735632,0.1030927835051546,0.0,0.81621796,0.8158674,0.8196454,0.081967213114754,1.42303,0.0804597701149423,0.7216494845360822,0.0,5.71352572,5.7110718,5.7375178,0.573770491803278
DB00572,D607459,1,train,15.0,4.0,0.089522,0.0,0.1285714285714285,0.0,0.8415296,0.86071426,0.8545819,0.2547169811320754,1.34283,0.0,0.514285714285714,0.0,3.3661184,3.44285704,3.4183276,1.0188679245283017
DB00514,D254500,1,train,8.0,7.0,0.37407,0.0975609756097561,0.188235294117647,0.0,0.84144294,0.83137286,0.76942056,0.1375,2.99256,0.6829268292682927,1.317647058823529,0.0,5.89010058,5.81961002,5.38594392,0.9625
DB01125,D176807,1,train,9.0,0.0,0.0,0.0,0.0,0.0,0.73052984,0.90161705,0.8063086,0.3170731707317073,0.0,0.0,0.0,0.0,0.0,0.0,0.0,0.0
DB00624,D144650,1,train,2.0,1.0,0.28917,0.0,0.2,0.0,0.67844313,0.76693535,0.6841968,0.3131313131313131,0.57834,0.0,0.2,0.0,0.67844313,0.76693535,0.6841968,0.3131313131313131
DB00214,D146255,1,train,14.0,5.0,0.38439,0.0,0.2941176470588235,0.0,0.9335685,0.8833264,0.82760143,0.2282608695652173,5.381460000000001,0.0,1.4705882352941173,0.0,4.6678425,4.416632,4.13800715,1.1413043478260865
DB00790,D607681,1,train,3.0,14.0,0.99938,0.0,0.0396039603960396,0.0,0.82385695,0.7176461,0.7121755,0.1641791044776119,2.99814,0.0,0.5544554455445544,0.0,11.5339973,10.0470454,9.970457,2.2985074626865662
DB00327,D263800,1,train,0.0,8.0,0.18995,0.0,0.0,0.0,0.0,0.0,0.0,0.0,0.0,0.0,0.0,0.0,0.0,0.0,0.0,0.0
DB00747,D208230,1,train,15.0,4.0,0.45342,0.7777777777777778,0.4565217391304347,0.1666666666666666,0.84709024,0.7483539,0.86649066,0.618421052631579,6.8013,3.111111111111111,1.8260869565217388,0.6666666666666664,3.38836096,2.9934156,3.46596264,2.473684210526316
DB00853,D146850,1,train,0.0,5.0,0.2266,0.0,0.0,0.0,0.0,0.0,0.0,0.0,0.0,0.0,0.0,0.0,0.0,0.0,0.0,0.0
DB00647,D259500,1,train,3.0,1.0,0.26672,0.0,0.1555555555555555,0.0,0.8220589,0.7678499,0.82953995,0.2080536912751678,0.80016,0.0,0.1555555555555555,0.0,0.8220589,0.7678499,0.82953995,0.2080536912751678
DB01233,D152700,1,train,2.0,13.0,0.30729,0.0,0.1358024691358024,0.0,0.7296017,0.7755142,0.61564946,0.1428571428571428,0.61458,0.0,1.7654320987654313,0.0,9.4848221,10.0816846,8.003442979999999,1.8571428571428563
DB00975,D102500,1,train,11.0,4.0,0.20656,0.0,0.081081081081081,0.0,0.82472956,0.83781075,0.84861517,0.0963855421686747,2.27216,0.0,0.324324324324324,0.0,3.29891824,3.351243,3.39446068,0.3855421686746988
DB00598,D131200,1,train,8.0,3.0,0.14595,0.1428571428571428,0.1298701298701298,0.0,0.83681566,0.7505323,0.74018335,0.2336448598130841,1.1676,0.4285714285714284,0.3896103896103894,0.0,2.51044698,2.2515969,2.22055005,0.7009345794392523
DB00554,D181500,1,train,17.0,2.0,0.14946,0.0,0.125,0.0,0.85043216,0.8995287,0.84576285,0.2307692307692307,2.54082,0.0,0.25,0.0,1.70086432,1.7990574,1.6915257,0.4615384615384614
DB00273,D605021,1,train,1.0,4.0,0.37603,0.0,0.081967213114754,0.0,0.7400868,0.6594494,0.8500123,0.029585798816568,0.37603,0.0,0.327868852459016,0.0,2.9603472,2.6377976,3.4000492,0.118343195266272
DB00710,D140600,1,train,22.0,4.0,0.64093,0.0,0.04,0.0,0.8275294,0.7053194,0.80524784,0.1351351351351351,14.10046,0.0,0.16,0.0,3.3101176,2.8212776,3.22099136,0.5405405405405403
DB00222,D600496,1,train,11.0,3.0,0.89132,0.0,0.2272727272727272,0.0,0.8795455,0.7958033,0.7620491,0.2016129032258064,9.80452,0.0,0.6818181818181817,0.0,2.6386365,2.3874099,2.2861473,0.6048387096774193
DB01067,D254800,1,train,0.0,6.0,0.27436,0.0,0.0,0.0,0.0,0.0,0.0,0.0,0.0,0.0,0.0,0.0,0.0,0.0,0.0,0.0
DB00519,D137750,1,train,8.0,2.0,0.11423,0.0,0.131578947368421,0.0,0.8686451,0.7440573,0.77594495,0.2521008403361344,0.91384,0.0,0.263157894736842,0.0,1.7372902,1.4881146,1.5518899,0.5042016806722688
DB00443,D223350,1,train,9.0,4.0,0.3708,0.0,0.0987654320987654,0.0,0.8612515,0.89215153,0.8552898,0.1954887218045112,3.3372,0.0,0.3950617283950616,0.0,3.445006,3.56860612,3.4211592,0.7819548872180448
DB00975,D184700,1,train,3.0,4.0,0.2832,0.0,0.0222222222222222,0.0,0.7787556,0.84533817,0.7661755,0.0727272727272727,0.8496,0.0,0.0888888888888888,0.0,3.1150224,3.38135268,3.064702,0.2909090909090908
DB00490,D600496,1,train,11.0,2.0,0.89132,0.5,0.3,0.0,0.8772591,0.7999956,0.7620491,0.2366412213740458,9.80452,1.0,0.6,0.0,1.7545182,1.5999912,1.5240982,0.4732824427480916
DB00262,D276300,1,train,33.0,4.0,0.37449,0.0,0.4782608695652174,0.0,0.85286516,0.9063339,0.86545825,0.1780821917808219,12.35817,0.0,1.9130434782608696,0.0,3.41146064,3.6253356,3.461833,0.7123287671232876
DB01395,D147530,1,train,59.0,1.0,0.14811,0.75,0.3555555555555555,0.25,0.8545717,0.84212977,0.8796278,0.3495145631067961,8.738489999999999,0.75,0.3555555555555555,0.25,0.8545717,0.84212977,0.8796278,0.3495145631067961
DB00727,D125851,1,train,10.0,3.0,0.54479,0.0,0.0851063829787234,0.0,0.8093832,0.83539695,0.79556257,0.0495049504950495,5.4479,0.0,0.2553191489361702,0.0,2.4281496,2.5061908500000003,2.38668771,0.1485148514851485
DB00382,D208300,1,train,4.0,3.0,0.14259,0.0,0.088235294117647,0.0,0.8451058,0.850233,0.7641094,0.1224489795918367,0.57036,0.0,0.264705882352941,0.0,2.5353174000000003,2.550699,2.2923282,0.3673469387755101
DB00190,D102300,1,train,7.0,2.0,0.2731,0.0,0.0625,0.0,0.8140198,0.8157873,0.795383,0.1923076923076923,1.9117,0.0,0.125,0.0,1.6280396,1.6315746,1.590766,0.3846153846153846
DB00668,D300125,1,train,7.0,1.0,0.75392,0.4545454545454545,0.0595238095238095,0.0,0.8289139,0.8037173,0.8591919,0.1358024691358024,5.27744,0.4545454545454545,0.0595238095238095,0.0,0.8289139,0.8037173,0.8591919,0.1358024691358024
DB00631,D254400,1,train,5.0,16.0,0.27671,0.0,0.0930232558139534,0.0,0.79506695,0.7637234,0.80467427,0.101010101010101,1.38355,0.0,1.4883720930232545,0.0,12.7210712,12.2195744,12.87478832,1.616161616161616
DB00222,D125851,1,train,10.0,3.0,0.54479,0.0,0.0983606557377049,0.0,0.8233302,0.7851112,0.7620491,0.1757575757575757,5.4479,0.0,0.2950819672131147,0.0,2.4699906,2.3553336,2.2861473,0.5272727272727271
DB00387,D137760,1,train,7.0,5.0,0.62654,0.0,0.0476190476190476,0.0,0.8112955,0.84675,0.8262623,0.1682242990654205,4.38578,0.0,0.238095238095238,0.0,4.0564775,4.23375,4.1313115,0.8411214953271025
DB00716,D192000,1,train,5.0,4.0,0.21947,0.0,0.0476190476190476,0.0,0.8047954,0.8257442,0.7661755,0.1056910569105691,1.09735,0.0,0.1904761904761904,0.0,3.2191816,3.3029768,3.064702,0.4227642276422764
DB00422,D190310,1,train,16.0,2.0,0.064512,0.25,0.1372549019607843,0.0,0.8323842,0.87775564,0.7233226,0.2783505154639175,1.032192,0.5,0.2745098039215686,0.0,1.6647684,1.75551128,1.4466452,0.556701030927835
DB00694,D161900,1,train,69.0,8.0,0.28418,1.0,0.4680851063829787,0.0,0.90779185,0.9067881,0.8779801,0.2068965517241379,19.60842,8.0,3.744680851063829,0.0,7.2623348,7.2543048,7.0238408,1.6551724137931032
DB00540,D256700,1,train,3.0,11.0,0.39973,0.0975609756097561,0.188235294117647,0.0,0.8367704,0.81528133,0.87486476,0.2444444444444444,1.19919,1.0731707317073171,2.070588235294117,0.0,9.2044744,8.96809463,9.62351236,2.6888888888888887
DB00721,D608622,1,train,51.0,3.0,0.27223,0.0689655172413793,0.5172413793103449,0.0,0.80407375,0.89902985,0.8557974,0.6271186440677966,13.883730000000002,0.2068965517241379,1.5517241379310347,0.0,2.41222125,2.6970895500000003,2.5673922,1.8813559322033897
DB00816,D215140,1,train,16.0,5.0,0.16057,1.0,0.6206896551724138,0.0,0.9228275,0.82138526,0.7855272,0.1551724137931034,2.56912,5.0,3.103448275862069,0.0,4.6141375,4.1069263,3.927636,0.775862068965517
DB01170,D200170,1,train,10.0,2.0,0.049705,0.3333333333333333,0.3235294117647059,0.0,0.8298925,0.8182429,0.82533324,0.099009900990099,0.49705,0.6666666666666666,0.6470588235294118,0.0,1.659785,1.6364858,1.65066648,0.198019801980198
DB00398,D605839,1,train,5.0,6.0,0.15161,0.0,0.1392405063291139,0.0,0.7739598,0.7039602,0.7022658,0.1641791044776119,0.75805,0.0,0.8354430379746833,0.0,4.6437588,4.2237612,4.2135948,0.9850746268656714
DB00696,D601042,1,train,6.0,3.0,0.12631,0.2272727272727272,0.2352941176470588,0.0,0.8405833,0.81836134,0.83906424,0.2,0.75786,0.6818181818181817,0.7058823529411764,0.0,2.5217499,2.45508402,2.51719272,0.6000000000000001
DB00245,D168600,1,train,7.0,2.0,0.46405,0.1666666666666666,0.21875,0.0,0.9314821,0.8479812,0.8078978,0.4022988505747126,3.2483500000000003,0.3333333333333332,0.4375,0.0,1.8629642,1.6959624,1.6157956,0.8045977011494252
DB00373,D178600,1,train,4.0,1.0,0.17725,0.0444444444444444,0.12,0.0,0.74784774,0.8204884,0.70721436,0.106060606060606,0.709,0.0444444444444444,0.12,0.0,0.74784774,0.8204884,0.70721436,0.106060606060606
DB00481,D208230,1,train,15.0,7.0,0.45342,0.0,0.075,0.0,0.9150839,0.82579184,0.8437301,0.2198581560283688,6.8013,0.0,0.525,0.0,6.4055873,5.7805428800000005,5.9061107,1.5390070921985817
DB01222,D600807,1,train,17.0,2.0,0.38905,1.0,0.5652173913043478,0.0,0.88113785,0.99999976,0.83275455,0.5740740740740741,6.61385,2.0,1.1304347826086956,0.0,1.7622757,1.99999952,1.6655091,1.148148148148148
DB01151,D264120,1,train,7.0,1.0,0.0,0.2916666666666667,0.3472222222222222,0.0,0.83852684,0.8652164,0.7847974,0.2608695652173913,0.0,0.2916666666666667,0.3472222222222222,0.0,0.83852684,0.8652164,0.7847974,0.2608695652173913
DB00927,D258360,1,train,1.0,1.0,0.17966,0.0,0.064516129032258,0.0,0.64805114,0.49645245,0.68661785,0.087719298245614,0.17966,0.0,0.064516129032258,0.0,0.64805114,0.49645245,0.68661785,0.087719298245614
DB01095,D144010,1,train,7.0,0.0,0.0,0.6666666666666666,0.4693877551020408,0.0,0.9833617,0.82606095,0.85651225,0.2,0.0,0.0,0.0,0.0,0.0,0.0,0.0,0.0
DB00619,D147540,1,train,7.0,10.0,0.13735,0.0,0.2051282051282051,0.0,0.80495614,0.86607105,0.8476528,0.2657342657342657,0.96145,0.0,2.051282051282051,0.0,8.0495614,8.6607105,8.476528,2.6573426573426566
DB00983,D247640,1,train,13.0,5.0,0.36818,0.6666666666666666,0.1228070175438596,0.0,0.83031,0.8562238,0.8508208,0.2761904761904762,4.78634,3.333333333333333,0.614035087719298,0.0,4.15155,4.281119,4.254104,1.380952380952381
DB00657,D103780,1,train,4.0,0.0,0.0,0.1,0.0769230769230769,0.0,0.84913224,0.869441,0.8399557,0.0545454545454545,0.0,0.0,0.0,0.0,0.0,0.0,0.0,0.0
DB00714,D252320,1,train,10.0,2.0,0.21008,0.0,0.1886792452830188,0.0,0.88843876,0.80942017,0.83594215,0.2210526315789473,2.1008,0.0,0.3773584905660376,0.0,1.77687752,1.61884034,1.6718843,0.4421052631578946
DB00540,D236000,1,train,14.0,11.0,0.47256,0.16,0.188235294117647,0.0,0.8367704,0.88257,0.8439597,0.1944444444444444,6.61584,1.76,2.070588235294117,0.0,9.2044744,9.70827,9.2835567,2.1388888888888884
DB00215,D225755,1,train,1.0,8.0,0.20401,0.0,0.0377358490566037,0.0,0.7283109,0.7269501,0.73340416,0.0786516853932584,0.20401,0.0,0.3018867924528296,0.0,5.8264872,5.8156008,5.86723328,0.6292134831460672
DB01003,D155600,1,train,3.0,4.0,0.40191,0.0,0.0526315789473684,0.0,0.88088375,0.8380253,0.6979647,0.1447368421052631,1.20573,0.0,0.2105263157894736,0.0,3.523535,3.3521012,2.7918588,0.5789473684210524
DB00975,D192000,1,train,5.0,4.0,0.21947,0.0,0.125,0.0,0.8332573,0.84533817,0.8061048,0.1774193548387097,1.09735,0.0,0.5,0.0,3.3330292,3.38135268,3.2244192,0.7096774193548387
DB00387,D146500,1,train,1.0,5.0,0.18974,0.0,0.0,0.0,0.6639717,0.82259417,0.61587906,0.1339285714285714,0.18974,0.0,0.0,0.0,3.3198585000000005,4.11297085,3.0793953000000003,0.669642857142857
DB00519,D608622,1,train,51.0,2.0,0.27153,1.0,0.7058823529411765,0.0,0.9281427,0.7518583,0.85845536,0.9431818181818182,13.84803,2.0,1.411764705882353,0.0,1.8562854,1.5037166,1.71691072,1.8863636363636365
DB00957,D133239,1,train,2.0,3.0,0.40631,0.0,0.0784313725490196,0.0,0.79858494,0.7954765,0.8751046,0.175438596491228,0.81262,0.0,0.2352941176470588,0.0,2.39575482,2.3864295,2.6253138,0.5263157894736841
DB00593,D215140,1,train,16.0,2.0,0.1392,0.0,0.1346153846153846,0.0,0.8615965,0.73748463,0.7701178,0.1267605633802817,2.2272,0.0,0.2692307692307692,0.0,1.723193,1.47496926,1.5402356,0.2535211267605634
DB00734,D109350,1,train,10.0,2.0,0.43074,0.3636363636363636,0.4868421052631579,0.0,0.8908311,0.8723149,0.8660384,0.1755725190839694,4.3074,0.7272727272727272,0.9736842105263158,0.0,1.7816622,1.7446298,1.7320768,0.3511450381679388
DB00501,D137580,1,train,1.0,1.0,0.3557,0.0,0.0707070707070707,0.0,0.75747174,0.78976333,0.7815166,0.056910569105691,0.3557,0.0,0.0707070707070707,0.0,0.75747174,0.78976333,0.7815166,0.056910569105691
DB00315,D140600,1,train,22.0,2.0,0.0,0.1,0.1698113207547169,0.0,0.8206777,0.6796432,0.8548553,0.2222222222222222,0.0,0.2,0.3396226415094338,0.0,1.6413554,1.3592864,1.7097106,0.4444444444444444
DB00631,D133600,1,train,4.0,16.0,0.17595,0.25,0.3333333333333333,0.0,0.8049562,0.8275441,0.86252016,0.2875,0.7038,4.0,5.333333333333333,0.0,12.8792992,13.2407056,13.80032256,4.6
DB01248,D276300,1,train,33.0,2.0,0.14916,0.1428571428571428,0.3541666666666667,0.0,0.85286516,0.8382614,0.86957395,0.2531645569620253,4.92228,0.2857142857142856,0.7083333333333334,0.0,1.70573032,1.6765228,1.7391479,0.5063291139240506
DB00181,D607225,1,train,1.0,7.0,0.29204,0.0,0.0,0.0,0.6720762,0.7305814,0.7292515,0.0769230769230769,0.29204,0.0,0.0,0.0,4.7045334,5.1140698,5.1047605,0.5384615384615383
DB00136,D277440,1,train,1.0,2.0,0.31937,0.0357142857142857,0.4666666666666667,0.0,0.62262654,0.86335325,0.8000023,0.4727272727272727,0.31937,0.0714285714285714,0.9333333333333332,0.0,1.24525308,1.7267065,1.6000046,0.9454545454545454
DB01203,D109543,1,train,9.0,7.0,0.30267,0.6666666666666666,0.1228070175438596,0.0,0.79230624,0.88257,0.8508208,0.1711711711711711,2.72403,4.666666666666666,0.8596491228070172,0.0,5.54614368,6.177989999999999,5.9557456,1.1981981981981975
DB01327,D217200,1,train,16.0,0.0,0.0,0.0,0.1041666666666666,0.0,0.7352521,0.8339586,0.8072887,0.1317829457364341,0.0,0.0,0.0,0.0,0.0,0.0,0.0,0.0
DB00214,D166300,1,train,3.0,5.0,0.28418,0.0,0.0909090909090909,0.0,0.8126259,0.7908675,0.72110265,0.1458333333333333,0.85254,0.0,0.4545454545454545,0.0,4.0631295000000005,3.9543375,3.60551325,0.7291666666666664
DB00831,D125851,1,train,10.0,2.0,0.54479,0.1818181818181818,0.4047619047619047,0.0,0.8772591,0.8670268,0.8044208,0.3363636363636363,5.4479,0.3636363636363636,0.8095238095238094,0.0,1.7545182,1.7340536,1.6088416,0.6727272727272726
DB00899,D208550,1,train,26.0,0.0,0.0,0.125,0.1851851851851851,0.25,0.8651326,0.8130388,0.84494627,0.2608695652173913,0.0,0.0,0.0,0.0,0.0,0.0,0.0,0.0
DB00736,D125600,1,train,5.0,2.0,0.3602,0.0,0.1136363636363636,0.0,0.9116136,0.8379413,0.83323324,0.1451612903225806,1.8010000000000002,0.0,0.2272727272727272,0.0,1.8232272,1.6758826,1.66646648,0.2903225806451612
DB01228,D148000,1,train,3.0,1.0,0.088081,0.0,0.175,0.0,0.629891,0.7425215,0.8641119,0.2035398230088495,0.264243,0.0,0.175,0.0,0.629891,0.7425215,0.8641119,0.2035398230088495
DB00996,D268220,1,train,3.0,12.0,0.23559,0.0,0.0461538461538461,0.0,0.8357206,0.7832153,0.8037262,0.0416666666666666,0.70677,0.0,0.5538461538461532,0.0,10.0286472,9.398583599999998,9.6447144,0.4999999999999992
DB00230,D147530,1,train,59.0,1.0,0.1547,0.0,0.25,0.0,0.9034012,0.8350867,0.7778537,0.2692307692307692,9.1273,0.0,0.25,0.0,0.9034012,0.8350867,0.7778537,0.2692307692307692
DB00563,D102300,1,train,7.0,5.0,0.16703,0.0,0.079646017699115,0.0,0.820255,0.8111301,0.8068169,0.1933333333333333,1.16921,0.0,0.398230088495575,0.0,4.101274999999999,4.0556505,4.0340845,0.9666666666666666
DB00313,D217200,1,train,16.0,7.0,0.32695,0.0285714285714285,0.1274509803921568,0.0,0.81985414,0.9060545,0.8564462,0.1975308641975308,5.2312,0.1999999999999995,0.8921568627450975,0.0,5.73897898,6.3423815,5.995123400000001,1.3827160493827155
DB00794,D266600,1,train,6.0,0.0,0.0,0.0232558139534883,0.1515151515151515,0.0,0.79739517,0.8460996,0.7949916,0.25,0.0,0.0,0.0,0.0,0.0,0.0,0.0,0.0
DB01204,D273800,1,train,2.0,4.0,0.68546,0.0,0.02,0.0,0.80154365,0.7584837,0.69463885,0.1192660550458715,1.37092,0.0,0.08,0.0,3.2061746,3.0339348,2.7785554,0.477064220183486
DB01244,D155600,1,train,3.0,4.0,0.40191,0.0,0.0181818181818181,0.0,0.6842531,0.81924474,0.5988548,0.2043010752688172,1.20573,0.0,0.0727272727272724,0.0,2.7370124,3.27697896,2.3954192,0.8172043010752688
DB00679,D540000,1,train,3.0,1.0,0.37073,0.0,0.2075471698113207,0.0,0.8259913,0.88849986,0.7434462,0.1721311475409836,1.11219,0.0,0.2075471698113207,0.0,0.8259913,0.88849986,0.7434462,0.1721311475409836
DB00585,D106400,1,train,4.0,6.0,0.19894,0.0,0.05,0.0,0.84766906,0.88620996,0.8425441,0.0814814814814814,0.79576,0.0,0.3,0.0,5.08601436,5.31725976,5.0552646,0.4888888888888884
DB00619,D188030,1,train,4.0,10.0,0.24684,0.0,0.1358024691358024,0.0,0.80495614,0.8275442,0.8476528,0.2111801242236025,0.98736,0.0,1.358024691358024,0.0,8.0495614,8.275442,8.476528,2.111801242236025
DB00338,D147540,1,train,7.0,0.0,0.0,0.0,0.2051282051282051,0.0,0.79985,0.79051125,0.6646824,0.1791044776119403,0.0,0.0,0.0,0.0,0.0,0.0,0.0,0.0
DB01394,D604416,1,train,13.0,1.0,0.14277,0.0,0.1320754716981132,0.0,0.7958241,0.8423785,0.7897433,0.211864406779661,1.85601,0.0,0.1320754716981132,0.0,0.7958241,0.8423785,0.7897433,0.211864406779661
DB00480,D166710,1,train,5.0,1.0,0.2527,0.0,0.0909090909090909,0.0,0.8247028,0.808914,0.7471363,0.0985915492957746,1.2634999999999998,0.0,0.0909090909090909,0.0,0.8247028,0.808914,0.7471363,0.0985915492957746
DB01222,D208550,1,train,26.0,2.0,0.38905,1.0,0.5652173913043478,0.0,0.88113785,0.99999976,0.83275455,0.5740740740740741,10.1153,2.0,1.1304347826086956,0.0,1.7622757,1.99999952,1.6655091,1.148148148148148
DB01240,D144010,1,train,7.0,1.0,0.23062,0.1,0.64,0.0,0.86504513,0.8150661,0.80708164,0.4489795918367347,1.61434,0.1,0.64,0.0,0.86504513,0.8150661,0.80708164,0.4489795918367347
DB00992,D254200,1,train,4.0,8.0,0.26609,0.0,0.0909090909090909,0.0,0.7811066,0.6378802,0.67812485,0.0975609756097561,1.06436,0.0,0.7272727272727272,0.0,6.2488528,5.1030416,5.4249988,0.7804878048780488
DB01062,D181500,1,train,17.0,0.0,0.0,0.1,0.1846153846153846,0.0,0.80550265,0.86274534,0.85233605,0.2432432432432432,0.0,0.0,0.0,0.0,0.0,0.0,0.0,0.0
DB01395,D145590,1,train,18.0,1.0,0.14811,0.0,0.08,0.0,0.77505773,0.8372897,0.8796278,0.1290322580645161,2.66598,0.0,0.08,0.0,0.77505773,0.8372897,0.8796278,0.1290322580645161
DB00686,D252320,1,train,10.0,1.0,0.1172,0.0,0.0512820512820512,0.0,0.7910238,0.78927237,0.6954426,0.1111111111111111,1.172,0.0,0.0512820512820512,0.0,0.7910238,0.78927237,0.6954426,0.1111111111111111
DB00408,D600496,1,train,11.0,3.0,0.89132,0.1818181818181818,0.4047619047619047,0.0,0.82876515,0.8285899,0.82126296,0.3363636363636363,9.80452,0.5454545454545454,1.2142857142857142,0.0,2.48629545,2.4857697,2.46378888,1.0090909090909088
DB00366,D131200,1,train,8.0,2.0,0.2832,0.3,0.1896551724137931,0.0,0.8154122,0.8858694,0.75843835,0.2708333333333333,2.2656,0.6,0.3793103448275862,0.0,1.6308244,1.7717388,1.5168767,0.5416666666666666
DB00331,D208550,1,train,26.0,2.0,0.38905,0.0,0.3333333333333333,0.0,0.85137844,0.88653195,0.7776838,0.2,10.1153,0.0,0.6666666666666666,0.0,1.70275688,1.7730639,1.5553676,0.4
DB00788,D146255,1,train,14.0,2.0,0.30083,0.0,0.074074074074074,0.0,0.8201072,0.8483266,0.85854334,0.2282608695652173,4.21162,0.0,0.148148148148148,0.0,1.6402144,1.6966532,1.71708668,0.4565217391304346
DB01185,D168100,1,train,13.0,1.0,0.46405,0.125,0.0581395348837209,0.0,0.74126524,0.840549,0.7709152,0.4285714285714285,6.03265,0.125,0.0581395348837209,0.0,0.74126524,0.840549,0.7709152,0.4285714285714285
DB00990,D208230,1,train,15.0,2.0,0.45342,0.0,0.3,0.0,0.9150839,0.8257917,0.85543686,0.2474226804123711,6.8013,0.0,0.6,0.0,1.8301678,1.6515834,1.71087372,0.4948453608247422
DB00604,D165720,1,train,14.0,5.0,0.64093,0.0,0.1384615384615384,0.0,0.82602,0.6986809,0.7953152,0.2164179104477611,8.97302,0.0,0.6923076923076921,0.0,4.1301,3.4934045000000005,3.976576,1.0820895522388054
DB00759,D276300,1,train,33.0,3.0,0.44266,0.0,0.2105263157894736,0.0,0.85573125,0.82715917,0.86127776,0.2816901408450704,14.60778,0.0,0.6315789473684208,0.0,2.5671937500000004,2.4814775100000004,2.58383328,0.8450704225352111
DB00669,D125853,1,train,12.0,2.0,0.5926,0.125,0.1269841269841269,0.0,0.84408927,0.8494199,0.74410284,0.2207792207792207,7.1112,0.25,0.2539682539682538,0.0,1.68817854,1.6988398,1.48820568,0.4415584415584414
DB01229,D145590,1,train,18.0,1.0,0.1588,0.0,0.1971830985915492,0.0,0.84205574,0.8169437,0.8723625,0.1428571428571428,2.8584,0.0,0.1971830985915492,0.0,0.84205574,0.8169437,0.8723625,0.1428571428571428
DB00682,D147530,1,train,59.0,0.0,0.0,0.3333333333333333,0.1632653061224489,0.0,0.87904644,0.8521005,0.87115794,0.3647058823529411,0.0,0.0,0.0,0.0,0.0,0.0,0.0,0.0
DB01294,D607850,1,train,13.0,3.0,0.77658,0.0,0.0294117647058823,0.0,0.888435,0.74815154,0.8042675,0.1686746987951807,10.09554,0.0,0.0882352941176469,0.0,2.665305,2.24445462,2.4128025,0.5060240963855421
DB00771,D273300,1,train,3.0,2.0,0.23155,0.0,0.0363636363636363,0.0,0.81986976,0.8547292,0.75156635,0.1533333333333333,0.69465,0.0,0.0727272727272726,0.0,1.63973952,1.7094584,1.5031327,0.3066666666666666
DB00328,D125851,1,train,10.0,3.0,0.53652,0.0,0.1333333333333333,0.0,0.8093832,0.76991934,0.8598148,0.2363636363636363,5.3652,0.0,0.3999999999999999,0.0,2.4281496,2.30975802,2.5794444,0.7090909090909089
DB00696,D190400,1,train,2.0,3.0,0.066908,0.0,0.0875,0.0,0.79247236,0.733941,0.7338758,0.1322751322751322,0.133816,0.0,0.2624999999999999,0.0,2.37741708,2.201823,2.2016274,0.3968253968253966
DB00327,D147530,1,train,59.0,8.0,0.14691,0.75,0.6060606060606061,0.0,0.9123237,0.842747,0.8575798,0.5384615384615384,8.66769,6.0,4.848484848484849,0.0,7.2985896,6.741976,6.8606384,4.307692307692308
DB01186,D125600,1,train,5.0,0.0,0.0,0.1176470588235294,0.1521739130434782,0.0,0.67505926,0.8379413,0.7125106,0.1779661016949152,0.0,0.0,0.0,0.0,0.0,0.0,0.0,0.0
DB01068,D608088,1,train,9.0,1.0,0.026881,0.0,0.2758620689655172,0.0,0.7601875,0.86205804,0.80595386,0.2,0.2419289999999999,0.0,0.2758620689655172,0.0,0.7601875,0.86205804,0.80595386,0.2
DB01173,D121201,1,train,1.0,8.0,0.73143,0.0,0.0317460317460317,0.0,0.80751306,0.603966,0.78716594,0.0578512396694214,0.73143,0.0,0.2539682539682536,0.0,6.46010448,4.831728,6.29732752,0.4628099173553712
DB00240,D233810,1,train,9.0,0.0,0.0,0.0,0.0714285714285714,0.0,0.8508568,0.85906464,0.8188872,0.1640625,0.0,0.0,0.0,0.0,0.0,0.0,0.0,0.0
DB00017,D143880,1,train,4.0,3.0,0.15565,0.0,0.037037037037037,0.0,0.8259458,0.7548864,0.75292885,0.0552407932011331,0.6226,0.0,0.111111111111111,0.0,2.4778374,2.2646592,2.25878655,0.1657223796033993
DB00242,D126200,1,train,9.0,3.0,0.2368,0.2222222222222222,0.3333333333333333,0.0,0.8231007,0.7576695,0.87779856,0.6615384615384615,2.1312,0.6666666666666666,1.0,0.0,2.4693021,2.2730085,2.63339568,1.984615384615385
DB00535,D312910,1,train,0.0,2.0,0.23209,0.0,0.0,0.0,0.0,0.0,0.0,0.0,0.0,0.0,0.0,0.0,0.0,0.0,0.0,0.0
DB00290,D109543,1,train,9.0,4.0,0.22163,0.0,0.2857142857142857,0.0,0.91800994,0.8166106,0.8791588,0.1392045454545454,1.99467,0.0,1.1428571428571428,0.0,3.67203976,3.2664424,3.5166352,0.5568181818181815
DB01129,D125853,1,train,12.0,2.0,0.5926,0.0,0.1954022988505747,0.0,0.8076366,0.8601558,0.8598148,0.2230769230769231,7.1112,0.0,0.3908045977011494,0.0,1.6152732,1.7203116,1.7196296,0.4461538461538462
DB00958,D109100,1,train,6.0,2.0,0.21543,0.0,0.2058823529411764,0.0,0.7736492,0.79290503,0.65834117,0.0693069306930693,1.29258,0.0,0.4117647058823528,0.0,1.5472984,1.58581006,1.31668234,0.1386138613861386
DB00540,D601608,1,train,1.0,11.0,0.1808,0.0769230769230769,0.2048192771084337,0.0,0.8237281,0.70598066,0.73028255,0.1078431372549019,0.1808,0.8461538461538459,2.2530120481927707,0.0,9.0610091,7.765787260000001,8.03310805,1.186274509803921
DB00287,D601682,1,train,7.0,2.0,0.47652,0.0,0.0227272727272727,0.0,0.77940214,0.8062957,0.88127345,0.2014925373134328,3.33564,0.0,0.0454545454545454,0.0,1.55880428,1.6125914,1.7625469,0.4029850746268656
DB00622,D181500,1,train,17.0,0.0,0.0,0.1166666666666666,0.2666666666666666,0.0,0.8201418,0.845929,0.8603339,0.2578125,0.0,0.0,0.0,0.0,0.0,0.0,0.0,0.0
DB00631,D188030,1,train,4.0,16.0,0.29722,0.0,0.0666666666666666,0.0,0.8049562,0.8275441,0.8476528,0.101010101010101,1.18888,0.0,1.0666666666666655,0.0,12.8792992,13.2407056,13.5624448,1.616161616161616
DB01233,D153880,1,train,1.0,13.0,0.2424,0.0,0.0666666666666666,0.0,0.7010577,0.5931184,0.7644947,0.108695652173913,0.2424,0.0,0.8666666666666658,0.0,9.1137501,7.7105392,9.9384311,1.413043478260869
DB00215,D164230,1,train,7.0,8.0,0.25494,0.25,0.4262295081967213,0.0,0.92305934,0.86414665,0.8381325,0.1809523809523809,1.78458,2.0,3.4098360655737703,0.0,7.38447472,6.9131732,6.70506,1.4476190476190471
DB00652,D189800,1,train,1.0,4.0,0.05425,0.0,0.0238095238095238,0.0,0.7071883,0.70535034,0.6043682,0.1237113402061855,0.05425,0.0,0.0952380952380952,0.0,2.8287532,2.82140136,2.4174728,0.494845360824742
DB01221,D191390,1,train,2.0,4.0,0.66235,0.2,0.2222222222222222,0.0,0.7972082,0.8260666,0.6914053,0.2093023255813953,1.3247,0.8,0.8888888888888888,0.0,3.1888328,3.3042664,2.7656212,0.8372093023255812
DB00464,D147530,1,train,59.0,1.0,0.062449,0.0,0.05,0.0,0.78192806,0.8182965,0.7992016,0.2153846153846154,3.684491,0.0,0.05,0.0,0.78192806,0.8182965,0.7992016,0.2153846153846154
DB01189,D147530,1,train,59.0,0.0,0.0,0.5517241379310345,0.1818181818181818,0.0,0.78705084,0.859265,0.8656777,0.0416666666666666,0.0,0.0,0.0,0.0,0.0,0.0,0.0,0.0
DB01006,D263300,1,train,1.0,3.0,0.24628,0.0,0.0,0.0,0.6401716,0.7960036,0.7397568,0.1197183098591549,0.24628,0.0,0.0,0.0,1.9205148,2.3880108,2.2192704,0.3591549295774647
DB00848,D276300,1,train,33.0,4.0,0.32532,0.0384615384615384,0.0357142857142857,0.0,0.88590175,0.90168023,0.78650206,0.3125,10.73556,0.1538461538461536,0.1428571428571428,0.0,3.543607,3.60672092,3.14600824,1.25
DB01173,D237500,1,train,0.0,8.0,0.52594,0.0,0.0,0.0,0.0,0.0,0.0,0.0,0.0,0.0,0.0,0.0,0.0,0.0,0.0,0.0
DB00471,D167870,1,train,11.0,5.0,0.1085,0.0,0.1428571428571428,0.0,0.8062447,0.7776137,0.83594215,0.2152777777777778,1.1935,0.0,0.714285714285714,0.0,4.0312235,3.8880685,4.17971075,1.0763888888888888
DB00215,D167870,1,train,11.0,8.0,0.19113,0.3333333333333333,0.4262295081967213,0.0,0.92305934,0.88979536,0.94314754,0.1809523809523809,2.10243,2.6666666666666665,3.4098360655737703,0.0,7.38447472,7.11836288,7.54518032,1.4476190476190471
DB01173,D190310,1,train,16.0,8.0,0.15671,0.1111111111111111,0.1789473684210526,0.0,0.89264286,0.87775564,0.8970819,0.3703703703703703,2.50736,0.8888888888888888,1.4315789473684208,0.0,7.14114288,7.02204512,7.1766552,2.9629629629629624
DB00449,D255900,1,train,1.0,1.0,0.4486,0.0,0.0,0.0,0.7349364,0.52889335,0.78265643,0.1441441441441441,0.4486,0.0,0.0,0.0,0.7349364,0.52889335,0.78265643,0.1441441441441441
DB00279,D140300,1,train,0.0,3.0,0.56311,0.0,0.0,0.0,0.0,0.0,0.0,0.0,0.0,0.0,0.0,0.0,0.0,0.0,0.0,0.0
DB00559,D601626,1,train,8.0,14.0,0.55118,0.0,0.0833333333333333,0.0,0.8289193,0.8562238,0.8364521,0.1842105263157894,4.40944,0.0,1.1666666666666663,0.0,11.6048702,11.9871332,11.7103294,2.578947368421052
DB00585,D607850,1,train,13.0,6.0,0.77658,0.0,0.0652173913043478,0.0,0.8703016,0.85928357,0.86649066,0.0957446808510638,10.09554,0.0,0.3913043478260868,0.0,5.2218096,5.15570142,5.198943959999999,0.5744680851063828
DB01162,D600263,1,train,6.0,1.0,0.0,0.1176470588235294,0.1081081081081081,0.0,0.88046575,0.7810062,0.66443694,0.2279411764705882,0.0,0.1176470588235294,0.1081081081081081,0.0,0.88046575,0.7810062,0.66443694,0.2279411764705882
DB00839,D125320,1,train,12.0,1.0,0.51994,0.5,0.9,0.0,0.98871803,0.99226725,0.8725227,0.4,6.239279999999999,0.5,0.9,0.0,0.98871803,0.99226725,0.8725227,0.4
DB00382,D203700,1,train,3.0,3.0,0.17691,0.0,0.088235294117647,0.0,0.80419576,0.76671004,0.7276011,0.1221374045801526,0.53073,0.0,0.264705882352941,0.0,2.4125872800000003,2.30013012,2.1828033,0.3664122137404578
DB00327,D607459,1,train,15.0,8.0,0.1675,0.75,0.3043478260869565,0.0,0.8718843,0.76616323,0.8545819,0.2474226804123711,2.5125,6.0,2.434782608695652,0.0,6.9750744,6.12930584,6.8366552,1.9793814432989687
DB01202,D161900,1,train,69.0,4.0,0.27153,0.0,0.28,0.0,0.9116436,0.84564567,0.8453109,0.1690140845070422,18.73557,0.0,1.12,0.0,3.6465744,3.38258268,3.3812436,0.6760563380281688
DB00316,D140600,1,train,22.0,2.0,0.070374,0.0,0.217391304347826,0.0,0.8615231,0.87927043,0.75455135,0.234375,1.5482280000000002,0.0,0.434782608695652,0.0,1.7230462,1.75854086,1.5091027,0.46875
DB01050,D181460,1,train,0.0,0.0,0.0,0.0,0.0,0.0,0.0,0.0,0.0,0.0,0.0,0.0,0.0,0.0,0.0,0.0,0.0,0.0
DB00988,D605055,1,train,6.0,3.0,0.51994,0.0,0.0444444444444444,0.0,0.82967186,0.85334283,0.79844344,0.1884057971014492,3.1196399999999995,0.0,0.1333333333333332,0.0,2.48901558,2.56002849,2.39533032,0.5652173913043476
DB00104,D125852,1,train,0.0,0.0,0.0,0.0,0.0,0.0,0.0,0.0,0.0,0.0,0.0,0.0,0.0,0.0,0.0,0.0,0.0,0.0
DB01231,D109100,1,train,6.0,0.0,0.0,0.0,0.0298507462686567,0.0,0.863045,0.74430454,0.8363156,0.1827956989247312,0.0,0.0,0.0,0.0,0.0,0.0,0.0,0.0
DB00559,D236000,1,train,14.0,14.0,0.47256,0.0,0.0933333333333333,0.0,0.81771606,0.8562238,0.8552898,0.2315270935960591,6.61584,0.0,1.3066666666666662,0.0,11.44802484,11.9871332,11.9740572,3.2413793103448274
DB00672,D605055,1,train,6.0,2.0,0.51994,0.5,0.9,0.0,0.98871803,0.99226725,0.8725227,0.4,3.1196399999999995,1.0,1.8,0.0,1.97743606,1.9845345,1.7450454,0.8
DB00262,D254500,1,train,8.0,4.0,0.37407,0.0,0.1632653061224489,0.0,0.82811475,0.8784641,0.8593708,0.0833333333333333,2.99256,0.0,0.6530612244897956,0.0,3.312459,3.5138564,3.4374832,0.3333333333333332
DB00397,D605839,1,train,5.0,1.0,0.28317,0.2352941176470588,0.1851851851851851,0.0,0.61176944,0.86951625,0.7559193,0.2933333333333333,1.4158499999999998,0.2352941176470588,0.1851851851851851,0.0,0.61176944,0.86951625,0.7559193,0.2933333333333333
DB00481,D140600,1,train,22.0,7.0,0.77658,0.0,0.0909090909090909,0.0,0.8346672,0.7825446,0.8076704,0.2434210526315789,17.084760000000003,0.0,0.6363636363636362,0.0,5.8426704,5.477812200000001,5.6536928,1.7039473684210522
DB00436,D602068,1,train,1.0,1.0,0.0,0.0,0.0232558139534883,0.0,0.62417376,0.71558595,0.6395956,0.0902255639097744,0.0,0.0,0.0232558139534883,0.0,0.62417376,0.71558595,0.6395956,0.0902255639097744
DB00499,D140600,1,train,22.0,3.0,0.64093,0.25,0.217391304347826,0.0,0.8461813,0.86071426,0.8104342,0.234375,14.10046,0.75,0.652173913043478,0.0,2.5385439,2.58214278,2.4313026,0.703125
DB00790,D604827,1,train,1.0,14.0,0.44586,0.0,0.064516129032258,0.0,0.8313637,0.6296803,0.8293926,0.1818181818181818,0.44586,0.0,0.903225806451612,0.0,11.6390918,8.815524199999999,11.6114964,2.545454545454545
DB01167,D276300,1,train,33.0,0.0,0.0,0.0,0.2388059701492537,0.0,0.85099405,0.79798365,0.80315757,0.185929648241206,0.0,0.0,0.0,0.0,0.0,0.0,0.0,0.0
DB01200,D239350,1,train,7.0,8.0,0.32056,0.0,0.0983606557377049,0.0,0.8676601,0.86533487,0.7650507,0.1568627450980392,2.24392,0.0,0.7868852459016392,0.0,6.9412808,6.92267896,6.1204056,1.2549019607843137
DB00623,D215470,1,train,4.0,1.0,0.12967,0.0,0.1346153846153846,0.0,0.78853047,0.84113264,0.6910213,0.217391304347826,0.51868,0.0,0.1346153846153846,0.0,0.78853047,0.84113264,0.6910213,0.217391304347826
DB00007,D176807,1,train,9.0,6.0,0.50874,0.5,0.6060606060606061,1.0,0.8804829,0.84440535,0.761652,0.7272727272727273,4.578659999999999,3.0,3.6363636363636367,6.0,5.2828974,5.0664321,4.569912,4.363636363636363
DB01033,D607554,1,train,9.0,2.0,0.90778,0.0,0.0606060606060606,0.0,0.79592264,0.8302221,0.64869076,0.144927536231884,8.170020000000001,0.0,0.1212121212121212,0.0,1.59184528,1.6604442,1.29738152,0.289855072463768
DB01233,D215140,1,train,16.0,13.0,0.27749,0.0952380952380952,0.1917808219178082,0.0,0.9228275,0.9110237,0.863212,0.1648351648351648,4.43984,1.2380952380952377,2.4931506849315066,0.0,11.9967575,11.8433081,11.221756,2.1428571428571423
DB00414,D230800,1,train,0.0,0.0,0.0,0.0,0.0,0.0,0.0,0.0,0.0,0.0,0.0,0.0,0.0,0.0,0.0,0.0,0.0,0.0
DB00327,D208230,1,train,15.0,8.0,0.45342,0.75,0.3043478260869565,0.0,0.889342,0.76616323,0.8545819,0.2474226804123711,6.8013,6.0,2.434782608695652,0.0,7.114736,6.12930584,6.8366552,1.9793814432989687
DB00007,D601518,1,train,2.0,6.0,0.57246,0.5,0.6060606060606061,1.0,0.8804829,0.84440535,0.75126064,0.7272727272727273,1.14492,3.0,3.6363636363636367,6.0,5.2828974,5.0664321,4.50756384,4.363636363636363
DB00278,D188050,1,train,3.0,0.0,0.0,0.0,0.0847457627118644,0.0,0.89657664,0.78055865,0.7933634,0.123076923076923,0.0,0.0,0.0,0.0,0.0,0.0,0.0,0.0
DB00933,D106400,1,train,4.0,3.0,0.32786,0.0,0.05,0.0,0.79115987,0.87625194,0.7714719,0.2348484848484848,1.31144,0.0,0.15,0.0,2.37347961,2.62875582,2.3144157,0.7045454545454544
DB00458,D147530,1,train,59.0,1.0,0.0,0.303030303030303,0.3181818181818182,0.0,0.88972974,0.9062768,0.8548553,0.3076923076923077,0.0,0.303030303030303,0.3181818181818182,0.0,0.88972974,0.9062768,0.8548553,0.3076923076923077
DB00281,D147530,1,train,59.0,0.0,0.0,0.125,0.3703703703703703,0.2,0.9884789,0.92926836,0.89640313,0.4383561643835616,0.0,0.0,0.0,0.0,0.0,0.0,0.0,0.0
DB00131,D194200,1,train,1.0,0.0,0.0,0.0,0.0263157894736842,0.0,0.6335523,0.7048062,0.466163,0.065359477124183,0.0,0.0,0.0,0.0,0.0,0.0,0.0,0.0
DB00457,D147530,1,train,59.0,3.0,0.084069,0.1481481481481481,0.1621621621621621,0.0,0.876111,0.8227387,0.8123498,0.2983870967741935,4.960071,0.4444444444444443,0.4864864864864863,0.0,2.628333,2.4682161,2.4370494000000003,0.8951612903225805
DB00285,D131300,1,train,3.0,4.0,0.13694,0.25,0.4262295081967213,0.0,0.92305934,0.86414665,0.73729986,0.1809523809523809,0.41082,1.0,1.7049180327868851,0.0,3.69223736,3.4565866,2.94919944,0.7238095238095236
DB00653,D137760,1,train,7.0,2.0,0.62654,0.2727272727272727,0.0759493670886076,0.0,0.7499646,0.8098262,0.8262623,0.0649350649350649,4.38578,0.5454545454545454,0.1518987341772152,0.0,1.4999292,1.6196524,1.6525246,0.1298701298701298
DB00957,D109800,1,train,4.0,3.0,0.18523,0.0,0.1632653061224489,0.0,0.8226751,0.7212678,0.8751046,0.175438596491228,0.74092,0.0,0.4897959183673467,0.0,2.4680253,2.1638034,2.6253138,0.5263157894736841
DB00215,D103780,1,train,4.0,8.0,0.22632,0.125,0.5833333333333334,0.0,0.84453547,0.869441,0.82255375,0.1818181818181818,0.90528,1.0,4.666666666666667,0.0,6.75628376,6.955528,6.58043,1.4545454545454544
DB00903,D103780,1,train,4.0,1.0,0.10626,0.0,0.0571428571428571,0.0,0.8865105,0.8226018,0.79925644,0.1089108910891089,0.42504,0.0,0.0571428571428571,0.0,0.8865105,0.8226018,0.79925644,0.1089108910891089
DB01177,D276300,1,train,33.0,5.0,0.20578,1.0,0.3,0.0,0.8515598,0.8951074,0.8411575,0.2816901408450704,6.79074,5.0,1.5,0.0,4.257799,4.475537,4.2057875,1.408450704225352
DB01176,D601626,1,train,8.0,1.0,0.36818,0.04,0.1111111111111111,0.0,0.9026036,0.8325561,0.81742,0.2688172043010752,2.94544,0.04,0.1111111111111111,0.0,0.9026036,0.8325561,0.81742,0.2688172043010752
DB01069,D241519,1,train,0.0,1.0,0.23024,0.0,0.0,0.0,0.0,0.0,0.0,0.0,0.0,0.0,0.0,0.0,0.0,0.0,0.0,0.0
DB00619,D104130,1,train,7.0,10.0,0.36264,0.0,0.3235294117647059,0.0,0.88285583,0.867318,0.7462301,0.1987951807228915,2.5384800000000003,0.0,3.235294117647059,0.0,8.828558300000001,8.67318,7.462301,1.987951807228915
DB00398,D276300,1,train,33.0,6.0,0.20897,0.0,0.2898550724637681,0.0,0.8061219,0.8310366,0.8241254,0.2045454545454545,6.89601,0.0,1.7391304347826089,0.0,4.8367314,4.9862196,4.9447524000000005,1.227272727272727
DB00620,D161900,1,train,69.0,1.0,0.27153,1.0,0.5769230769230769,0.0,0.9079148,0.87513185,0.83289224,0.7441860465116279,18.73557,1.0,0.5769230769230769,0.0,0.9079148,0.87513185,0.83289224,0.7441860465116279
DB00747,D140600,1,train,22.0,4.0,0.77658,0.7777777777777778,0.4565217391304347,0.1666666666666666,0.888435,0.74854356,0.86649066,0.618421052631579,17.084760000000003,3.111111111111111,1.8260869565217388,0.6666666666666664,3.55374,2.99417424,3.46596264,2.473684210526316
DB00960,D212350,1,train,1.0,1.0,0.20016,0.0,0.1,0.0,0.82254875,0.48904538,0.77972436,0.2647058823529412,0.20016,0.0,0.1,0.0,0.82254875,0.48904538,0.77972436,0.2647058823529412
DB00787,D208230,1,train,15.0,10.0,0.45342,0.0,0.072289156626506,0.0,0.8225289,0.7429427,0.81873536,0.1379310344827586,6.8013,0.0,0.7228915662650599,0.0,8.225289,7.429427,8.1873536,1.379310344827586
DB01216,D174800,1,train,1.0,1.0,0.31301,0.0,0.0869565217391304,0.0,0.7181378,0.5626689,0.6841786,0.1166666666666666,0.31301,0.0,0.0869565217391304,0.0,0.7181378,0.5626689,0.6841786,0.1166666666666666
DB00481,D607850,1,train,13.0,7.0,0.77658,0.0,0.075,0.0,0.9150839,0.82579184,0.8437301,0.2198581560283688,10.09554,0.0,0.525,0.0,6.4055873,5.7805428800000005,5.9061107,1.5390070921985817
DB01427,D608088,1,train,9.0,0.0,0.0,0.0,0.1111111111111111,0.0,0.874262,0.7646752,0.7708291,0.225,0.0,0.0,0.0,0.0,0.0,0.0,0.0,0.0
DB01590,D181500,1,train,17.0,0.0,0.0,0.0,0.2307692307692307,0.0,0.74267226,0.89457,0.0,0.1649831649831649,0.0,0.0,0.0,0.0,0.0,0.0,0.0,0.0
DB00540,D109543,1,train,9.0,11.0,0.30267,0.125,0.0941176470588235,0.0,0.79230624,0.88257,0.8439597,0.1944444444444444,2.72403,1.375,1.0352941176470585,0.0,8.715368640000001,9.70827,9.2835567,2.1388888888888884
DB00396,D608088,1,train,9.0,2.0,0.086887,0.0,0.1666666666666666,0.0,0.7179987,0.6646461,0.6804595,0.1157024793388429,0.7819830000000001,0.0,0.3333333333333332,0.0,1.4359974,1.3292922,1.360919,0.2314049586776858
DB01228,D194070,1,train,2.0,1.0,0.088081,0.0,0.0684931506849315,0.0,0.5958624,0.79280776,0.7551492,0.2407407407407407,0.176162,0.0,0.0684931506849315,0.0,0.5958624,0.79280776,0.7551492,0.2407407407407407
DB00366,D184700,1,train,3.0,2.0,0.2832,0.0,0.0,0.0,0.8058958,0.84533817,0.75843835,0.096,0.8496,0.0,0.0,0.0,1.6117916,1.69067634,1.5168767,0.192
DB01169,D608622,1,train,51.0,0.0,0.0,0.0666666666666666,0.2558139534883721,0.0,0.9119798,0.85778576,0.8296327,0.0612244897959183,0.0,0.0,0.0,0.0,0.0,0.0,0.0,0.0
DB00694,D203700,1,train,3.0,8.0,0.3638,0.0,0.0588235294117647,0.0,0.81867087,0.7659775,0.7276011,0.132183908045977,1.0914,0.0,0.4705882352941176,0.0,6.54936696,6.12782,5.8208088,1.057471264367816
DB01105,D125310,1,train,7.0,2.0,0.37073,0.0454545454545454,0.2195121951219512,0.0,0.73146516,0.86447644,0.8033372,0.1666666666666666,2.59511,0.0909090909090908,0.4390243902439024,0.0,1.46293032,1.72895288,1.6066744,0.3333333333333332
DB00325,D608088,1,train,9.0,1.0,0.20452,0.0,0.1111111111111111,0.0,0.874262,0.72551394,0.8008887,0.0161290322580645,1.84068,0.0,0.1111111111111111,0.0,0.874262,0.72551394,0.8008887,0.0161290322580645
DB01173,D218800,1,train,0.0,8.0,0.47951,0.0,0.0,0.0,0.0,0.0,0.0,0.0,0.0,0.0,0.0,0.0,0.0,0.0,0.0,0.0
DB00398,D143880,1,train,4.0,6.0,0.16884,0.0,0.2535211267605634,0.0,0.79995495,0.82893276,0.82048225,0.1034482758620689,0.67536,0.0,1.5211267605633805,0.0,4.7997297,4.973596560000001,4.9228935,0.6206896551724134
DB01173,D217200,1,train,16.0,8.0,0.35818,0.024390243902439,0.1774193548387097,0.0,0.9100276,0.9060545,0.89549994,0.2625,5.73088,0.195121951219512,1.4193548387096775,0.0,7.2802208,7.248436,7.16399952,2.1
DB00327,D157300,1,train,21.0,8.0,0.17071,0.0,0.1372549019607843,0.0,0.8458647,0.8233555,0.82292163,0.1792452830188679,3.58491,0.0,1.0980392156862744,0.0,6.7669176,6.586844,6.58337304,1.4339622641509433
DB00308,D607554,1,train,9.0,1.0,0.90778,0.0833333333333333,0.4285714285714285,0.0,0.92976284,0.87351596,0.8470202,0.2991452991452991,8.170020000000001,0.0833333333333333,0.4285714285714285,0.0,0.92976284,0.87351596,0.8470202,0.2991452991452991
DB00552,D208230,1,train,15.0,3.0,0.43415,0.0,0.1395348837209302,0.0,0.8792941,0.7898847,0.9247159,0.1584158415841584,6.51225,0.0,0.4186046511627906,0.0,2.6378823,2.3696541,2.7741477000000003,0.4752475247524751
DB01002,D600807,1,train,17.0,1.0,0.22415,0.0,0.225,0.0,0.7972082,0.8738726,0.7053393,0.2093023255813953,3.81055,0.0,0.225,0.0,0.7972082,0.8738726,0.7053393,0.2093023255813953
DB00998,D125700,1,train,2.0,3.0,0.21459,0.0,0.0181818181818181,0.0,0.6797843,0.7557659,0.77684766,0.0987124463519313,0.42918,0.0,0.0545454545454543,0.0,2.0393529,2.2672977,2.33054298,0.2961373390557938
DB00387,D608088,1,train,9.0,5.0,0.18974,0.2857142857142857,0.1764705882352941,0.0,0.8454864,0.90422904,0.9047822,0.1981981981981982,1.70766,1.4285714285714284,0.8823529411764706,0.0,4.227432,4.5211452,4.523911,0.990990990990991
DB00470,D208550,1,train,26.0,0.0,0.0,0.0,0.2957746478873239,0.0,0.8499025,0.7750806,0.81774926,0.2,0.0,0.0,0.0,0.0,0.0,0.0,0.0,0.0
DB00490,D125850,1,train,12.0,2.0,0.89132,0.5,0.3,0.0,0.8772591,0.7999956,0.7620491,0.2366412213740458,10.69584,1.0,0.6,0.0,1.7545182,1.5999912,1.5240982,0.4732824427480916
DB01576,D601665,1,train,5.0,3.0,0.22348,0.5,0.6111111111111112,0.0,0.8319795,0.8933089,0.6727393,0.6388888888888888,1.1174,1.5,1.8333333333333333,0.0,2.4959385,2.6799267,2.0182179,1.9166666666666663
DB00357,D236000,1,train,14.0,0.0,0.0,0.0,0.1052631578947368,0.0,0.8751891,0.897377,0.81700665,0.1910112359550561,0.0,0.0,0.0,0.0,0.0,0.0,0.0,0.0
DB02546,D277350,1,train,1.0,1.0,0.40313,0.0,0.0,0.0,0.6690754,0.537922,0.0,0.0471698113207547,0.40313,0.0,0.0,0.0,0.6690754,0.537922,0.0,0.0471698113207547
DB00939,D165720,1,train,14.0,6.0,0.43415,0.0,0.0862068965517241,0.0,0.889342,0.7524223,0.7146142,0.2602739726027397,6.0781,0.0,0.5172413793103446,0.0,5.336052,4.5145338,4.2876852,1.5616438356164384
DB00514,D109800,1,train,4.0,7.0,0.31523,0.0,0.078125,0.0,0.84144294,0.7595923,0.8751046,0.175438596491228,1.26092,0.0,0.546875,0.0,5.89010058,5.3171461,6.1257322,1.228070175438596
DB00995,D607628,1,train,3.0,11.0,0.78967,0.0,0.05,0.0,0.71785116,0.73072475,0.7063077,0.0851063829787234,2.36901,0.0,0.55,0.0,7.896362760000001,8.037972250000001,7.7693847,0.9361702127659576
DB01069,D146255,1,train,14.0,1.0,0.23024,0.01,0.125,0.0,0.7550235,0.8392068,0.81674397,0.2897196261682243,3.22336,0.01,0.125,0.0,0.7550235,0.8392068,0.81674397,0.2897196261682243
DB00787,D607850,1,train,13.0,10.0,0.77658,0.0,0.072289156626506,0.0,0.8225289,0.7429427,0.81873536,0.0972222222222222,10.09554,0.0,0.7228915662650599,0.0,8.225289,7.429427,8.1873536,0.972222222222222
DB00280,D115000,1,train,10.0,0.0,0.0,0.3,0.2571428571428571,0.0,0.83193755,0.7927745,0.82689464,0.24,0.0,0.0,0.0,0.0,0.0,0.0,0.0,0.0
DB00995,D144110,1,train,4.0,11.0,0.091563,0.0,0.1153846153846153,0.0,0.8090738,0.75098467,0.7747004,0.1074380165289256,0.366252,0.0,1.2692307692307685,0.0,8.8998118,8.26083137,8.521704399999999,1.1818181818181817
DB01233,D125600,1,train,5.0,13.0,0.3602,0.2,0.1636363636363636,0.0,0.9116136,0.8662854,0.83323324,0.1791044776119403,1.8010000000000002,2.6,2.127272727272727,0.0,11.8509768,11.2617102,10.83203212,2.328358208955224
DB00906,D608088,1,train,9.0,0.0,0.0,0.0,0.2758620689655172,0.0,0.86658907,0.83811027,0.9047822,0.1981981981981982,0.0,0.0,0.0,0.0,0.0,0.0,0.0,0.0
DB00754,D145100,1,train,0.0,4.0,0.40166,0.0,0.0,0.0,0.0,0.0,0.0,0.0,0.0,0.0,0.0,0.0,0.0,0.0,0.0,0.0
DB00169,D102500,1,train,11.0,1.0,0.24162,0.0,0.1403508771929824,0.0,0.83419025,0.6591959,0.7506081,0.168,2.65782,0.0,0.1403508771929824,0.0,0.83419025,0.6591959,0.7506081,0.168
DB00379,D208750,1,train,0.0,4.0,0.20211,0.0,0.0,0.0,0.0,0.0,0.0,0.0,0.0,0.0,0.0,0.0,0.0,0.0,0.0,0.0
DB00481,D246470,1,train,4.0,7.0,0.37175,0.0,0.1111111111111111,0.0,0.9095067,0.7708564,0.8113777,0.2071428571428571,1.487,0.0,0.7777777777777777,0.0,6.3665469,5.3959948,5.6796439,1.4499999999999995
DB00091,D254200,1,train,4.0,0.0,0.0,0.0,0.0909090909090909,0.0,0.8321146,0.84913945,0.7135991,0.0559701492537313,0.0,0.0,0.0,0.0,0.0,0.0,0.0,0.0
DB00273,D157300,1,train,21.0,4.0,0.75392,0.1851851851851851,0.2666666666666666,0.0,0.9395144,0.8588491,0.89512426,0.087719298245614,15.83232,0.7407407407407404,1.0666666666666664,0.0,3.7580576,3.4353964,3.58049704,0.350877192982456
DB01217,D154276,1,train,0.0,7.0,0.38871,0.0,0.0,0.0,0.0,0.0,0.0,0.0,0.0,0.0,0.0,0.0,0.0,0.0,0.0,0.0
DB00215,D608033,1,train,2.0,8.0,0.21487,0.0,0.0377358490566037,0.0,0.7283109,0.7269501,0.73340416,0.0786516853932584,0.42974,0.0,0.3018867924528296,0.0,5.8264872,5.8156008,5.86723328,0.6292134831460672
DB00454,D161900,1,train,69.0,3.0,0.27153,0.3043478260869565,0.4090909090909091,0.0909090909090909,0.9635545,0.83107746,0.9279845,0.2777777777777778,18.73557,0.9130434782608694,1.2272727272727273,0.2727272727272727,2.8906635,2.49323238,2.7839535,0.8333333333333334
DB00598,D605839,1,train,5.0,3.0,0.33542,0.3333333333333333,0.1851851851851851,0.0,0.7823483,0.719183,0.7559193,0.2933333333333333,1.6771,1.0,0.5555555555555552,0.0,2.3470449,2.157549,2.2677579,0.8799999999999999
DB00764,D171300,1,train,5.0,0.0,0.0,0.5,0.3157894736842105,0.0,0.37987462,0.8524227,0.82425,0.6521739130434783,0.0,0.0,0.0,0.0,0.0,0.0,0.0,0.0
DB00969,D601367,1,train,3.0,0.0,0.0,0.0,0.1555555555555555,0.0,0.6697794,0.8080606,0.7807156,0.1287128712871287,0.0,0.0,0.0,0.0,0.0,0.0,0.0,0.0
DB00181,D189600,1,train,1.0,7.0,0.39816,0.0,0.1794871794871795,0.0,0.7485453,0.71380985,0.81415594,0.1975308641975308,0.39816,0.0,1.2564102564102564,0.0,5.2398171,4.99666895,5.69909158,1.3827160493827155
DB01203,D126200,1,train,9.0,7.0,0.25363,0.6666666666666666,0.3541666666666667,0.0,0.8151759,0.8423755,0.9146352,0.1721311475409836,2.2826700000000004,4.666666666666666,2.479166666666667,0.0,5.7062313,5.8966285,6.4024464,1.2049180327868851
DB00302,D134520,1,train,0.0,3.0,0.38637,0.0,0.0,0.0,0.0,0.0,0.0,0.0,0.0,0.0,0.0,0.0,0.0,0.0,0.0,0.0
DB00691,D171300,1,train,5.0,4.0,0.27622,0.0,0.0571428571428571,0.0,0.7956494,0.8553754,0.80626965,0.2276422764227642,1.3811,0.0,0.2285714285714284,0.0,3.1825976,3.4215016,3.2250786,0.9105691056910568
DB00880,D608622,1,train,51.0,2.0,0.27153,0.25,0.4545454545454545,0.0,0.9661298,0.9394111,0.8556628,0.2962962962962963,13.84803,0.5,0.909090909090909,0.0,1.9322596,1.8788222,1.7113256,0.5925925925925926
DB01072,D276300,1,train,33.0,5.0,0.12387,0.0,0.2388059701492537,0.0,0.80679995,0.7962606,0.84314597,0.2531645569620253,4.08771,0.0,1.1940298507462686,0.0,4.03399975,3.981303,4.21572985,1.2658227848101264
DB00736,D166760,1,train,6.0,2.0,0.3602,0.0,0.1636363636363636,0.0,0.9116136,0.83641946,0.8829331,0.176,2.1612,0.0,0.3272727272727272,0.0,1.8232272,1.67283892,1.7658662,0.352
DB01203,D176807,1,train,9.0,7.0,0.19578,0.0,0.1666666666666666,0.0,0.83942205,0.90161705,0.8202094,0.1682242990654205,1.76202,0.0,1.1666666666666663,0.0,5.875954350000001,6.31131935,5.7414658,1.1775700934579434
DB00514,D276300,1,train,33.0,7.0,0.40631,0.0975609756097561,0.2125,0.3333333333333333,0.8960163,0.86563873,0.8751046,0.175438596491228,13.40823,0.6829268292682927,1.4875,2.333333333333333,6.2721141,6.0594711100000005,6.1257322,1.228070175438596
DB00706,D133239,1,train,2.0,0.0,0.0,0.0,0.0847457627118644,0.0,0.78919923,0.7954765,0.762474,0.1147540983606557,0.0,0.0,0.0,0.0,0.0,0.0,0.0,0.0
DB00929,D181500,1,train,17.0,0.0,0.0,0.0,0.0909090909090909,0.5,0.8872808,0.8163463,0.7986422,0.1297709923664122,0.0,0.0,0.0,0.0,0.0,0.0,0.0,0.0
DB01233,D208550,1,train,26.0,13.0,0.2067,0.2,0.1594202898550724,0.0,0.8694593,0.89943457,0.82868457,0.2025316455696202,5.3742,2.6,2.072463768115941,0.0,11.3029709,11.69264941,10.77289941,2.6329113924050627
DB01233,D223350,1,train,9.0,13.0,0.27671,0.0769230769230769,0.2048192771084337,0.0,0.9120096,0.89215153,0.80425423,0.1232876712328767,2.49039,0.9999999999999996,2.662650602409638,0.0,11.8561248,11.59796989,10.45530499,1.6027397260273972
DB00928,D190310,1,train,16.0,1.0,0.0,0.0,0.1764705882352941,0.0,0.8131839,0.9120907,0.76596516,0.1428571428571428,0.0,0.0,0.1764705882352941,0.0,0.8131839,0.9120907,0.76596516,0.1428571428571428
DB00776,D311360,1,train,2.0,3.0,0.2572,0.0,0.0338983050847457,0.0,0.74455744,0.7875484,0.69290125,0.1370967741935483,0.5144,0.0,0.1016949152542371,0.0,2.23367232,2.3626452,2.07870375,0.4112903225806449
DB00437,D208550,1,train,26.0,2.0,0.16032,0.0,0.0714285714285714,0.0,0.86009693,0.8572949,0.7828024,0.1636363636363636,4.16832,0.0,0.1428571428571428,0.0,1.72019386,1.7145898,1.5656048,0.3272727272727272
DB00302,D227300,1,train,0.0,3.0,0.48545,0.0,0.0,0.0,0.0,0.0,0.0,0.0,0.0,0.0,0.0,0.0,0.0,0.0,0.0,0.0
DB00716,D184700,1,train,3.0,4.0,0.2832,0.0,0.0227272727272727,0.0,0.84283435,0.8834013,0.84615064,0.1679389312977099,0.8496,0.0,0.0909090909090908,0.0,3.3713374,3.5336052,3.38460256,0.6717557251908396
DB00440,D114480,1,train,13.0,2.0,0.30627,0.0,0.1228070175438596,0.0,0.82912135,0.74363154,0.7671372,0.1914893617021276,3.98151,0.0,0.2456140350877192,0.0,1.6582427,1.48726308,1.5342744,0.3829787234042552
DB00901,D215140,1,train,16.0,5.0,0.17691,1.0,0.6206896551724138,0.0,0.8127714,0.7929102,0.81353533,0.2013422818791946,2.83056,5.0,3.103448275862069,0.0,4.0638570000000005,3.964551,4.06767665,1.006711409395973
DB00350,D192000,1,train,5.0,1.0,0.0,0.0,0.125,0.0,0.82869935,0.7651764,0.8061048,0.1774193548387097,0.0,0.0,0.125,0.0,0.82869935,0.7651764,0.8061048,0.1774193548387097
DB01068,D147540,1,train,7.0,1.0,0.026881,0.0,0.1627906976744186,0.0,0.8353936,0.8653493,0.80595386,0.2162162162162162,0.188167,0.0,0.1627906976744186,0.0,0.8353936,0.8653493,0.80595386,0.2162162162162162
DB00787,D157300,1,train,21.0,10.0,0.28758,0.0,0.1126760563380281,0.0,0.80349064,0.74506485,0.81708056,0.2459016393442623,6.03918,0.0,1.126760563380281,0.0,8.0349064,7.4506485,8.1708056,2.459016393442623
DB00733,D225755,1,train,1.0,5.0,0.17153,0.0,0.0377358490566037,0.0,0.7283109,0.7269501,0.73340416,0.0786516853932584,0.17153,0.0,0.1886792452830185,0.0,3.6415545,3.6347505,3.6670208,0.393258426966292
DB00822,D601042,1,train,6.0,2.0,0.19948,0.0,0.1269841269841269,0.0,0.77709746,0.81643575,0.7665793,0.0515463917525773,1.19688,0.0,0.2539682539682538,0.0,1.55419492,1.6328715,1.5331586,0.1030927835051546
DB00915,D231090,1,train,1.0,0.0,0.0,0.0,0.0,0.0,0.74501836,0.67668605,0.770874,0.0,0.0,0.0,0.0,0.0,0.0,0.0,0.0,0.0
DB00741,D208550,1,train,26.0,1.0,0.38905,1.0,0.5652173913043478,0.0,0.88113785,0.99999976,0.8393658,0.4144144144144144,10.1153,1.0,0.5652173913043478,0.0,0.88113785,0.99999976,0.8393658,0.4144144144144144
DB00540,D246470,1,train,4.0,11.0,0.40534,0.125,0.0941176470588235,0.0,0.7693362,0.80931365,0.73358214,0.1944444444444444,1.62136,1.375,1.0352941176470585,0.0,8.4626982,8.90245015,8.06940354,2.1388888888888884
DB00352,D157300,1,train,21.0,0.0,0.0,0.0,0.4074074074074074,0.0,0.89957,0.85656834,0.8495946,0.2459016393442623,0.0,0.0,0.0,0.0,0.0,0.0,0.0,0.0
DB00178,D608622,1,train,51.0,1.0,0.2703,0.5,0.7058823529411765,0.0,0.9281427,0.8999908,0.85845536,0.9431818181818182,13.7853,0.5,0.7058823529411765,0.0,0.9281427,0.8999908,0.85845536,0.9431818181818182
DB00114,D239350,1,train,7.0,1.0,0.20329,0.0114942528735632,0.3888888888888889,0.2,0.7369599,0.8177383,0.7421817,0.3962264150943396,1.42303,0.0114942528735632,0.3888888888888889,0.2,0.7369599,0.8177383,0.7421817,0.3962264150943396
DB00982,D210050,1,train,8.0,1.0,0.11202,0.0,0.1016949152542373,0.0,0.82136214,0.8752326,0.56320083,0.1240310077519379,0.89616,0.0,0.1016949152542373,0.0,0.82136214,0.8752326,0.56320083,0.1240310077519379
DB00448,D137750,1,train,8.0,1.0,0.47652,0.0,0.1176470588235294,0.0,0.8686451,0.8062957,0.86317736,0.2314814814814814,3.81216,0.0,0.1176470588235294,0.0,0.8686451,0.8062957,0.86317736,0.2314814814814814
DB01217,D601367,1,train,3.0,7.0,0.25397,0.0,0.0925925925925925,0.0,0.67866206,0.8080606,0.78960127,0.128440366972477,0.7619099999999999,0.0,0.6481481481481475,0.0,4.75063442,5.6564242,5.52720889,0.8990825688073389
DB00163,D231900,1,train,0.0,6.0,0.58685,0.0,0.0,0.0,0.0,0.0,0.0,0.0,0.0,0.0,0.0,0.0,0.0,0.0,0.0,0.0
DB00523,D161900,1,train,69.0,2.0,0.27153,0.0,0.0566037735849056,0.0,0.86104465,0.8388276,0.83645797,0.1592920353982301,18.73557,0.0,0.1132075471698112,0.0,1.7220893,1.6776552,1.67291594,0.3185840707964602
DB00318,D145590,1,train,18.0,1.0,0.23866,0.0232558139534883,0.1551724137931034,0.3333333333333333,0.9006917,0.853931,0.87352115,0.1512605042016806,4.29588,0.0232558139534883,0.1551724137931034,0.3333333333333333,0.9006917,0.853931,0.87352115,0.1512605042016806
DB00559,D259500,1,train,3.0,14.0,0.42045,0.0,0.1632653061224489,0.0,0.78626466,0.77290785,0.8074812,0.2080536912751678,1.26135,0.0,2.2857142857142847,0.0,11.00770524,10.8207099,11.3047368,2.912751677852349
DB00514,D182280,1,train,4.0,7.0,0.30985,0.0,0.064516129032258,0.0,0.81986976,0.8311618,0.8245274,0.1515151515151515,1.2394,0.0,0.4516129032258059,0.0,5.7390883200000005,5.818132599999999,5.7716918,1.0606060606060606
DB00010,D604416,1,train,13.0,0.0,0.0,0.0,0.1578947368421052,0.0,0.6418545,0.8579206,0.75904834,0.2425531914893617,0.0,0.0,0.0,0.0,0.0,0.0,0.0,0.0
DB00596,D157700,1,train,7.0,3.0,0.27466,0.0,0.0204081632653061,0.0,0.83859986,0.8394728,0.8204556,0.136150234741784,1.92262,0.0,0.0612244897959183,0.0,2.51579958,2.5184184,2.4613668,0.408450704225352
DB00332,D147530,1,train,59.0,0.0,0.0,0.6666666666666666,0.4358974358974359,0.0,0.9021022,0.8956764,0.856581,0.6075949367088608,0.0,0.0,0.0,0.0,0.0,0.0,0.0,0.0
DB00153,D277440,1,train,1.0,1.0,0.14714,0.0357142857142857,0.4666666666666667,0.0,0.62262654,0.86335325,0.8000023,0.4727272727272727,0.14714,0.0357142857142857,0.4666666666666667,0.0,0.62262654,0.86335325,0.8000023,0.4727272727272727
DB00995,D300491,1,train,4.0,11.0,0.65631,0.0,0.05,0.0,0.71785116,0.73072475,0.7063077,0.1641791044776119,2.62524,0.0,0.55,0.0,7.896362760000001,8.037972250000001,7.7693847,1.8059701492537308
DB00195,D161900,1,train,69.0,2.0,0.27153,1.0,0.6578947368421053,0.0,0.8954675,0.8995259,0.8868193,0.7164179104477612,18.73557,2.0,1.3157894736842106,0.0,1.790935,1.7990518,1.7736386,1.4328358208955223
DB00342,D161900,1,train,69.0,1.0,0.27153,0.3333333333333333,0.2608695652173913,0.0,0.9016313,0.87405545,0.83181393,0.3211678832116788,18.73557,0.3333333333333333,0.2608695652173913,0.0,0.9016313,0.87405545,0.83181393,0.3211678832116788
DB00284,D125850,1,train,12.0,1.0,0.89132,0.0,0.2272727272727272,0.0,0.8795455,0.7958033,0.7234257,0.087431693989071,10.69584,0.0,0.2272727272727272,0.0,0.8795455,0.7958033,0.7234257,0.087431693989071
DB00273,D300125,1,train,7.0,4.0,0.75392,0.1851851851851851,0.0925925925925925,0.0,0.9117233,0.8588491,0.8867269,0.0892857142857142,5.27744,0.7407407407407404,0.37037037037037,0.0,3.6468932,3.4353964,3.5469076,0.3571428571428568
DB00860,D147530,1,train,59.0,4.0,0.14691,0.3333333333333333,0.1857142857142857,0.0,0.8684235,0.85421616,0.8656777,0.3039215686274509,8.66769,1.3333333333333333,0.7428571428571428,0.0,3.473694,3.41686464,3.4627108,1.2156862745098036
DB00901,D203700,1,train,3.0,5.0,0.3638,0.0,0.088235294117647,0.0,0.7736435,0.74245113,0.71316767,0.132183908045977,1.0914,0.0,0.4411764705882349,0.0,3.8682175,3.71225565,3.56583835,0.660919540229885
DB00588,D600082,1,train,6.0,4.0,0.062575,0.0,0.1486486486486486,0.0,0.8296874,0.7218134,0.80525464,0.1269841269841269,0.37545,0.0,0.5945945945945944,0.0,3.3187496,2.8872536,3.22101856,0.5079365079365076
DB01551,D143465,1,train,12.0,1.0,0.0,0.0,0.1578947368421052,0.0,0.8492108,0.8266288,0.7295615,0.19,0.0,0.0,0.1578947368421052,0.0,0.8492108,0.8266288,0.7295615,0.19
DB01115,D115000,1,train,10.0,0.0,0.0,0.131578947368421,0.2195121951219512,0.0,0.72279334,0.78439045,0.813524,0.2403846153846154,0.0,0.0,0.0,0.0,0.0,0.0,0.0,0.0
DB00445,D190310,1,train,16.0,2.0,0.16422,0.0,0.1764705882352941,0.0,0.7900437,0.9120907,0.7286285,0.1517857142857142,2.62752,0.0,0.3529411764705882,0.0,1.5800874,1.8241814,1.457257,0.3035714285714284
DB00282,D143880,1,train,4.0,5.0,0.16884,0.0,0.037037037037037,0.0,0.8259458,0.7548864,0.709996,0.0551181102362204,0.67536,0.0,0.185185185185185,0.0,4.129728999999999,3.774432,3.54998,0.275590551181102
DB00532,D157300,1,train,21.0,0.0,0.0,0.0333333333333333,0.2439024390243902,0.0,0.89479804,0.8279032,0.8956246,0.2323232323232323,0.0,0.0,0.0,0.0,0.0,0.0,0.0,0.0
DB00998,D600351,1,train,15.0,3.0,0.13535,0.0,0.1538461538461538,0.0,0.88110787,0.9070605,0.7558012,0.2179487179487179,2.03025,0.0,0.4615384615384614,0.0,2.64332361,2.7211815,2.2674036,0.6538461538461537
DB00451,D147530,1,train,59.0,0.0,0.0,0.0,0.1081081081081081,0.0,0.84968996,0.77645534,0.8468037,0.1855670103092783,0.0,0.0,0.0,0.0,0.0,0.0,0.0,0.0
DB00998,D608622,1,train,51.0,3.0,0.14981,0.0,0.1746031746031746,0.0,0.84570247,0.8559547,0.8278983,0.2,7.640309999999999,0.0,0.5238095238095237,0.0,2.53710741,2.5678641,2.4836949,0.6000000000000001
DB00494,D147530,1,train,59.0,0.0,0.0,0.0,0.2068965517241379,0.0,0.9055965,0.8607968,0.8534769,0.1954022988505747,0.0,0.0,0.0,0.0,0.0,0.0,0.0,0.0
DB00907,D608583,1,train,6.0,2.0,0.90778,0.0,0.1346153846153846,0.0,0.76786876,0.8234408,0.5934055,0.116504854368932,5.446680000000001,0.0,0.2692307692307692,0.0,1.53573752,1.6468816,1.186811,0.233009708737864
DB00884,D215140,1,train,16.0,9.0,0.24799,0.0,0.0909090909090909,0.0,0.8474877,0.7908675,0.7059172,0.1458333333333333,3.96784,0.0,0.8181818181818181,0.0,7.6273893,7.1178075,6.3532548,1.3124999999999996
DB00165,D217200,1,train,16.0,1.0,0.20329,0.0,0.3888888888888889,0.2,0.74759,0.8177383,0.82973427,0.3962264150943396,3.25264,0.0,0.3888888888888889,0.2,0.74759,0.8177383,0.82973427,0.3962264150943396
DB00863,D603165,1,train,4.0,0.0,0.0,0.0,0.1666666666666666,0.0,0.8032083,0.7875349,0.818645,0.1458333333333333,0.0,0.0,0.0,0.0,0.0,0.0,0.0,0.0
DB00186,D252320,1,train,10.0,2.0,0.12557,0.0,0.1886792452830188,0.0,0.8449125,0.7776137,0.8331295,0.2210526315789473,1.2556999999999998,0.0,0.3773584905660376,0.0,1.689825,1.5552274,1.666259,0.4421052631578946
DB00540,D247640,1,train,13.0,11.0,0.3708,0.24,0.1149425287356321,0.0,0.8367704,0.88257,0.8439597,0.2688172043010752,4.8204,2.64,1.2643678160919531,0.0,9.2044744,9.70827,9.2835567,2.956989247311827
DB00307,D276300,1,train,33.0,1.0,0.12986,0.0,0.1860465116279069,0.0,0.8703319,0.7847382,0.8147074,0.2475247524752475,4.28538,0.0,0.1860465116279069,0.0,0.8703319,0.7847382,0.8147074,0.2475247524752475
DB00759,D246470,1,train,4.0,3.0,0.40534,0.0,0.0943396226415094,0.0,0.66867876,0.55393267,0.7286775,0.1366459627329192,1.62136,0.0,0.2830188679245282,0.0,2.00603628,1.66179801,2.1860325,0.4099378881987576
DB00346,D608622,1,train,51.0,2.0,0.27153,0.0,0.1724137931034483,0.0,0.8833249,0.8272728,0.890664,0.2654867256637168,13.84803,0.0,0.3448275862068966,0.0,1.7666498,1.6545456,1.781328,0.5309734513274336
DB00814,D600807,1,train,17.0,1.0,0.11202,1.0,0.2957746478873239,0.0,0.9327628,0.92190325,0.8690107,0.2210526315789473,1.90434,1.0,0.2957746478873239,0.0,0.9327628,0.92190325,0.8690107,0.2210526315789473
DB00790,D267740,1,train,3.0,14.0,0.57964,0.0,0.064516129032258,0.0,0.8313637,0.68303895,0.8293926,0.1818181818181818,1.7389200000000002,0.0,0.903225806451612,0.0,11.6390918,9.5625453,11.6114964,2.545454545454545
DB00623,D241100,1,train,1.0,1.0,0.12967,0.0,0.0576923076923076,0.0,0.78853047,0.8022623,0.5990373,0.1791044776119403,0.12967,0.0,0.0576923076923076,0.0,0.78853047,0.8022623,0.5990373,0.1791044776119403
DB01109,D212050,1,train,2.0,1.0,0.51645,0.0,0.048780487804878,0.0,0.7789057,0.7787041,0.8370085,0.05859375,1.0329,0.0,0.048780487804878,0.0,0.7789057,0.7787041,0.8370085,0.05859375
DB00201,D140600,1,train,22.0,2.0,0.0,0.0,0.1458333333333333,0.0,0.7911395,0.79304934,0.78805757,0.1549295774647887,0.0,0.0,0.2916666666666666,0.0,1.582279,1.58609868,1.57611514,0.3098591549295774
DB00136,D277460,1,train,1.0,2.0,0.25084,0.0,0.3333333333333333,0.0,0.8536645,0.74777704,0.7347099,0.1448275862068965,0.25084,0.0,0.6666666666666666,0.0,1.707329,1.49555408,1.4694198,0.289655172413793
DB00211,D252320,1,train,10.0,0.0,0.0,0.0,0.0869565217391304,0.0,0.88843876,0.80942017,0.7225773,0.1698113207547169,0.0,0.0,0.0,0.0,0.0,0.0,0.0,0.0
DB00268,D125320,1,train,12.0,2.0,0.41046,0.1428571428571428,0.21875,0.0,0.9314821,0.85256183,0.81981176,0.1886792452830188,4.92552,0.2857142857142856,0.4375,0.0,1.8629642,1.70512366,1.63962352,0.3773584905660376
DB00163,D125320,1,train,12.0,6.0,0.51994,0.0,0.1272727272727272,0.0,0.7467843,0.88553053,0.82662714,0.1129032258064516,6.239279999999999,0.0,0.7636363636363632,0.0,4.4807058,5.31318318,4.95976284,0.6774193548387095
DB00457,D600808,1,train,2.0,3.0,0.26828,0.0625,0.0350877192982456,0.0,0.8489547,0.72857815,0.8140161,0.1951219512195122,0.53656,0.1875,0.1052631578947368,0.0,2.5468641,2.18573445,2.4420483,0.5853658536585367
DB00169,D266600,1,train,6.0,1.0,0.24162,0.0,0.0597014925373134,0.0,0.8160245,0.61569667,0.6777703,0.1081081081081081,1.44972,0.0,0.0597014925373134,0.0,0.8160245,0.61569667,0.6777703,0.1081081081081081
DB01018,D157950,1,train,2.0,2.0,0.0,0.0,0.0227272727272727,0.0,0.6957984,0.8618953,0.7216208,0.2191780821917808,0.0,0.0,0.0454545454545454,0.0,1.3915968,1.7237906,1.4432416,0.4383561643835616
DB01177,D236000,1,train,14.0,5.0,0.34244,0.0,0.2857142857142857,0.0,0.797529,0.87707067,0.8551841,0.193103448275862,4.794160000000001,0.0,1.4285714285714284,0.0,3.987645,4.38535335,4.2759205,0.96551724137931
DB00252,D115000,1,train,10.0,2.0,0.0,0.131578947368421,0.1570247933884297,0.0,0.8741601,0.74287,0.7639424,0.24,0.0,0.263157894736842,0.3140495867768594,0.0,1.7483202,1.48574,1.5278848,0.48
DB00215,D131300,1,train,3.0,8.0,0.24916,0.25,0.4262295081967213,0.0,0.92305934,0.86414665,0.831431,0.1809523809523809,0.7474799999999999,2.0,3.4098360655737703,0.0,7.38447472,6.9131732,6.651448,1.4476190476190471
DB00653,D161900,1,train,69.0,2.0,0.18847,0.3333333333333333,0.1311475409836065,0.0,0.76299375,0.775488,0.8782145,0.1470588235294117,13.00443,0.6666666666666666,0.262295081967213,0.0,1.5259875,1.550976,1.756429,0.2941176470588234
DB00591,D217200,1,train,16.0,0.0,0.0,0.1428571428571428,0.4081632653061224,0.0,0.86141264,0.90651137,0.8303541,0.3455882352941176,0.0,0.0,0.0,0.0,0.0,0.0,0.0,0.0
DB00214,D208300,1,train,4.0,5.0,0.14259,0.0,0.0909090909090909,0.0,0.8126259,0.8676419,0.7550351,0.1940298507462686,0.57036,0.0,0.4545454545454545,0.0,4.0631295000000005,4.3382095,3.7751755,0.970149253731343
DB00180,D600807,1,train,17.0,1.0,0.38905,0.5,0.4150943396226415,0.0,0.87210643,0.92190325,0.8844234,0.5740740740740741,6.61385,0.5,0.4150943396226415,0.0,0.87210643,0.92190325,0.8844234,0.5740740740740741
DB01016,D604416,1,train,13.0,0.0,0.0,0.0,0.1818181818181818,0.0,0.8443276,0.79757226,0.82144195,0.2364864864864864,0.0,0.0,0.0,0.0,0.0,0.0,0.0,0.0
DB00457,D143465,1,train,12.0,3.0,0.061224,0.4545454545454545,0.1081081081081081,0.0,0.85010767,0.83695877,0.8008028,0.2700729927007299,0.734688,1.363636363636363,0.3243243243243243,0.0,2.55032301,2.51087631,2.4024084,0.8102189781021896
DB01063,D600807,1,train,17.0,1.0,0.38905,0.04,0.074074074074074,0.0,0.84626514,0.8916136,0.7988235,0.2232142857142857,6.61385,0.04,0.074074074074074,0.0,0.84626514,0.8916136,0.7988235,0.2232142857142857
DB00704,D600082,1,train,6.0,2.0,0.081461,0.1111111111111111,0.1320754716981132,0.0,0.81278896,0.880169,0.8586231,0.1509433962264151,0.488766,0.2222222222222222,0.2641509433962264,0.0,1.62557792,1.760338,1.7172462,0.3018867924528302
DB00230,D165199,1,train,5.0,1.0,0.1547,0.0,0.1304347826086956,0.0,0.9375424,0.7440406,0.60845965,0.1121495327102803,0.7735000000000001,0.0,0.1304347826086956,0.0,0.9375424,0.7440406,0.60845965,0.1121495327102803
DB00286,D102500,1,train,11.0,4.0,0.23425,0.0,0.1216216216216216,0.0,0.8242328,0.8217935,0.7202634,0.1862745098039215,2.57675,0.0,0.4864864864864864,0.0,3.2969312,3.287174,2.8810536,0.745098039215686
DB00398,D602080,1,train,4.0,6.0,0.30391,0.0,0.1,0.0,0.793672,0.80416393,0.7410303,0.2105263157894736,1.21564,0.0,0.6000000000000001,0.0,4.7620320000000005,4.82498358,4.4461818,1.2631578947368416
DB00787,D140600,1,train,22.0,10.0,0.77658,0.0,0.0967741935483871,0.0,0.8225289,0.7429427,0.81873536,0.2133333333333333,17.084760000000003,0.0,0.967741935483871,0.0,8.225289,7.429427,8.1873536,2.133333333333333
DB00631,D126200,1,train,9.0,16.0,0.34486,0.2222222222222222,0.3333333333333333,0.0,0.7566887,0.7576695,0.8777985,0.6615384615384615,3.10374,3.555555555555556,5.333333333333333,0.0,12.1070192,12.122712,14.044776,10.584615384615384
DB00816,D600351,1,train,15.0,5.0,0.13535,1.0,0.6206896551724138,0.0,0.9228275,0.82138526,0.7981741,0.1551724137931034,2.03025,5.0,3.103448275862069,0.0,4.6141375,4.1069263,3.9908705,0.775862068965517
DB00190,D125320,1,train,12.0,2.0,0.41046,0.0,0.2222222222222222,0.0,0.90576303,0.85817504,0.82907724,0.4693877551020408,4.92552,0.0,0.4444444444444444,0.0,1.81152606,1.71635008,1.65815448,0.9387755102040816
DB02546,D115300,1,train,0.0,1.0,0.40313,0.0,0.0,0.0,0.0,0.0,0.0,0.0,0.0,0.0,0.0,0.0,0.0,0.0,0.0,0.0
DB00569,D276300,1,train,33.0,5.0,0.24173,0.0,0.1034482758620689,0.0,0.8582786,0.90168023,0.8567848,0.1011904761904761,7.97709,0.0,0.5172413793103445,0.0,4.291393,4.50840115,4.283924,0.5059523809523805
DB01030,D109543,1,train,9.0,1.0,0.22163,0.0,0.1794871794871795,0.0,0.82805014,0.8807487,0.80947864,0.2026143790849673,1.99467,0.0,0.1794871794871795,0.0,0.82805014,0.8807487,0.80947864,0.2026143790849673
DB00191,D601665,1,train,5.0,2.0,0.22348,0.4166666666666667,0.3555555555555555,0.0,0.84408534,0.89188236,0.6719236,0.5263157894736842,1.1174,0.8333333333333334,0.711111111111111,0.0,1.68817068,1.78376472,1.3438472,1.0526315789473684
DB00396,D303110,1,train,3.0,2.0,0.20333,0.0,0.1466666666666666,0.0,0.6720453,0.64999413,0.6166103,0.140625,0.60999,0.0,0.2933333333333332,0.0,1.3440906,1.29998826,1.2332206,0.28125
DB00177,D608622,1,train,51.0,0.0,0.0,0.5,0.4571428571428571,0.0,0.8859408,0.90392447,0.7726434,0.3032258064516129,0.0,0.0,0.0,0.0,0.0,0.0,0.0,0.0
DB01200,D607631,1,train,3.0,8.0,0.81989,0.1363636363636363,0.1428571428571428,0.0,0.76287895,0.83221316,0.76241004,0.1515151515151515,2.45967,1.0909090909090904,1.1428571428571423,0.0,6.1030316,6.65770528,6.09928032,1.212121212121212
DB00813,D607459,1,train,15.0,5.0,0.036339,0.75,0.3043478260869565,0.0,0.88808244,0.9132002,0.8088848,0.2547169811320754,0.545085,3.75,1.5217391304347825,0.0,4.4404122,4.566001,4.044423999999999,1.273584905660377
DB00661,D147540,1,train,7.0,4.0,0.10715,0.0789473684210526,0.2022471910112359,0.0,0.6563524,0.8048415,0.67608505,0.1791044776119403,0.75005,0.3157894736842104,0.8089887640449436,0.0,2.6254096,3.219366,2.7043402,0.7164179104477612
DB01161,D157950,1,train,2.0,4.0,0.10306,0.0,0.2,0.0,0.6957984,0.79442155,0.8501596,0.2191780821917808,0.20612,0.0,0.8,0.0,2.7831936,3.1776862,3.4006384,0.8767123287671232
DB01113,D608622,1,train,51.0,2.0,0.27153,0.0555555555555555,0.1875,0.0,0.8638849,0.8343172,0.92037827,0.2573529411764705,13.84803,0.111111111111111,0.375,0.0,1.7277698,1.6686344,1.84075654,0.514705882352941
DB01072,D236000,1,train,14.0,5.0,0.47256,0.0,0.0679611650485436,0.0,0.79636896,0.7962606,0.8791588,0.2315270935960591,6.61584,0.0,0.339805825242718,0.0,3.9818448,3.981303,4.395794,1.1576354679802956
DB00573,D171300,1,train,5.0,6.0,0.20505,0.0,0.0571428571428571,0.0,0.7921751,0.8553754,0.82425,0.2584269662921348,1.02525,0.0,0.3428571428571426,0.0,4.7530506,5.1322524000000005,4.9455,1.5505617977528088
DB00710,D153880,1,train,1.0,4.0,0.11675,0.0,0.0666666666666666,0.0,0.7010577,0.5931184,0.7644947,0.108695652173913,0.11675,0.0,0.2666666666666664,0.0,2.8042308,2.3724736,3.0579788,0.434782608695652
DB00371,D608622,1,train,51.0,4.0,0.27153,0.0,0.16,0.0,0.8244075,0.85436684,0.86004025,0.1780821917808219,13.84803,0.0,0.64,0.0,3.29763,3.41746736,3.440161,0.7123287671232876
DB00282,D167320,1,train,5.0,5.0,0.23028,0.0,0.037037037037037,0.0,0.8259458,0.7548864,0.83857065,0.0404040404040404,1.1514,0.0,0.185185185185185,0.0,4.129728999999999,3.774432,4.19285325,0.202020202020202
DB00998,D215140,1,train,16.0,3.0,0.21459,0.0,0.1538461538461538,0.0,0.86128545,0.9070605,0.7558012,0.2179487179487179,3.43344,0.0,0.4615384615384614,0.0,2.58385635,2.7211815,2.2674036,0.6538461538461537
DB00295,D147530,1,train,59.0,0.0,0.0,0.75,0.6060606060606061,0.0,0.9129712,0.85646415,0.8313019,0.5384615384615384,0.0,0.0,0.0,0.0,0.0,0.0,0.0,0.0
DB01202,D190310,1,train,16.0,4.0,0.098461,0.0,0.0769230769230769,0.0,0.8388564,0.78781974,0.84564275,0.1630434782608695,1.575376,0.0,0.3076923076923076,0.0,3.3554256,3.15127896,3.382571,0.652173913043478
DB00204,D607554,1,train,9.0,2.0,0.90778,0.0833333333333333,0.4285714285714285,0.0,0.92976284,0.87351596,0.8470202,0.2991452991452991,8.170020000000001,0.1666666666666666,0.857142857142857,0.0,1.85952568,1.74703192,1.6940404,0.5982905982905982
DB01067,D208230,1,train,15.0,6.0,0.43415,0.0,0.0833333333333333,0.0,0.7286738,0.7638645,0.8225386,0.2105263157894736,6.51225,0.0,0.4999999999999998,0.0,4.3720428,4.583187,4.9352316,1.2631578947368416
DB00540,D601626,1,train,8.0,11.0,0.55118,0.24,0.1111111111111111,0.0,0.8367704,0.88257,0.8364521,0.2688172043010752,4.40944,2.64,1.222222222222222,0.0,9.2044744,9.70827,9.2009731,2.956989247311827
DB00286,D114480,1,train,13.0,4.0,0.51079,0.0,0.1206896551724138,0.5,0.8583216,0.8238183,0.7613026,0.2033898305084746,6.640269999999999,0.0,0.4827586206896552,2.0,3.4332864,3.2952732,3.0452104,0.8135593220338984
DB00988,D168100,1,train,13.0,3.0,0.41046,0.1764705882352941,0.2222222222222222,0.0,0.82788944,0.90201086,0.831695,0.4693877551020408,5.33598,0.5294117647058822,0.6666666666666666,0.0,2.48366832,2.70603258,2.495085,1.4081632653061225
DB09026,D125600,1,train,5.0,1.0,0.15832,0.0,0.1136363636363636,0.0,0.8428735,0.83254135,0.8331888,0.1791044776119403,0.7916,0.0,0.1136363636363636,0.0,0.8428735,0.83254135,0.8331888,0.1791044776119403
DB00187,D608622,1,train,51.0,1.0,0.27153,0.5,0.625,0.0,0.8859408,0.90891314,0.0,0.7619047619047619,13.84803,0.5,0.625,0.0,0.8859408,0.90891314,0.0,0.7619047619047619
DB00122,D607459,1,train,15.0,2.0,0.036339,0.0,0.0625,0.0,0.47563624,0.71174073,0.7852062,0.087719298245614,0.545085,0.0,0.125,0.0,0.95127248,1.42348146,1.5704124,0.175438596491228
DB01260,D125850,1,train,12.0,3.0,0.89132,0.0,0.0735294117647058,0.0,0.8025166,0.80144024,0.80577165,0.1354838709677419,10.69584,0.0,0.2205882352941174,0.0,2.4075498,2.4043207200000003,2.41731495,0.4064516129032257
DB01110,D260570,1,train,1.0,1.0,0.0,0.0,0.0133333333333333,0.0,0.5920048,0.80726045,0.80041623,0.1,0.0,0.0,0.0133333333333333,0.0,0.5920048,0.80726045,0.80041623,0.1
DB00399,D161900,1,train,69.0,1.0,0.070022,0.5,0.7,0.0,0.8875501,1.0,0.8431301,0.5178571428571429,4.831518,0.5,0.7,0.0,0.8875501,1.0,0.8431301,0.5178571428571429
DB00559,D247640,1,train,13.0,14.0,0.3708,0.0,0.0933333333333333,0.0,0.8289193,0.8562238,0.8552898,0.1842105263157894,4.8204,0.0,1.3066666666666662,0.0,11.6048702,11.9871332,11.9740572,2.578947368421052
DB01195,D176807,1,train,9.0,1.0,0.50874,0.125,0.2045454545454545,0.0,0.7980792,0.8565117,0.8202094,0.1512605042016806,4.578659999999999,0.125,0.2045454545454545,0.0,0.7980792,0.8565117,0.8202094,0.1512605042016806
DB01003,D155601,1,train,4.0,4.0,0.40191,0.0,0.0526315789473684,0.0,0.88088375,0.8380253,0.7926995,0.1447368421052631,1.60764,0.0,0.2105263157894736,0.0,3.523535,3.3521012,3.170798,0.5789473684210524
DB00007,D131200,1,train,8.0,6.0,0.23297,0.5,0.6060606060606061,1.0,0.8804829,0.84440535,0.85972005,0.7272727272727273,1.86376,3.0,3.6363636363636367,6.0,5.2828974,5.0664321,5.1583203,4.363636363636363
DB01137,D603165,1,train,4.0,1.0,0.016521,0.0,0.1666666666666666,0.0,0.8032083,0.70989025,0.77050257,0.2556390977443609,0.066084,0.0,0.1666666666666666,0.0,0.8032083,0.70989025,0.77050257,0.2556390977443609
DB00776,D176807,1,train,9.0,3.0,0.22721,0.125,0.087719298245614,0.0,0.80233896,0.8412854,0.8063086,0.3170731707317073,2.04489,0.375,0.263157894736842,0.0,2.40701688,2.5238562,2.4189258,0.951219512195122
DB00787,D145590,1,train,18.0,10.0,0.28758,0.0,0.1162790697674418,0.0,0.80941504,0.8501055,0.81873536,0.1683168316831683,5.17644,0.0,1.162790697674418,0.0,8.0941504,8.501055,8.1873536,1.6831683168316829
DB00181,D128101,1,train,1.0,7.0,0.39816,0.0,0.0327868852459016,0.0,0.71428686,0.7624857,0.69073266,0.1834862385321101,0.39816,0.0,0.2295081967213112,0.0,5.00000802,5.3373999,4.83512862,1.2844036697247707
DB00881,D270960,1,train,0.0,0.0,0.0,0.0,0.0,0.0,0.0,0.0,0.0,0.0,0.0,0.0,0.0,0.0,0.0,0.0,0.0,0.0
DB00541,D608622,1,train,51.0,1.0,0.27153,0.1428571428571428,0.5833333333333334,0.0,0.9119798,0.9214649,0.893204,0.913793103448276,13.84803,0.1428571428571428,0.5833333333333334,0.0,0.9119798,0.9214649,0.893204,0.913793103448276
DB00988,D125320,1,train,12.0,3.0,0.51994,0.1764705882352941,0.2222222222222222,0.0,0.82967186,0.85334283,0.8105062,0.4693877551020408,6.239279999999999,0.5294117647058822,0.6666666666666666,0.0,2.48901558,2.56002849,2.4315186,1.4081632653061225
DB00745,D168600,1,train,7.0,6.0,0.46405,0.1666666666666666,0.0816326530612244,0.0,0.71753025,0.8840494,0.86667454,0.4022988505747126,3.2483500000000003,0.9999999999999996,0.4897959183673464,0.0,4.3051815,5.3042964,5.20004724,2.413793103448276
DB00575,D607850,1,train,13.0,4.0,0.77658,0.0,0.1940298507462686,0.0,0.88808244,0.9132002,0.74850833,0.1384615384615384,10.09554,0.0,0.7761194029850744,0.0,3.55232976,3.6528008,2.99403332,0.5538461538461537
DB00822,D156000,1,train,1.0,2.0,0.33026,0.0,0.072463768115942,0.0,0.5572983,0.8228861,0.6311472,0.0289855072463768,0.33026,0.0,0.144927536231884,0.0,1.1145966,1.6457722,1.2622944,0.0579710144927536
DB00876,D215140,1,train,16.0,1.0,0.049206,0.0,0.1428571428571428,0.0,0.9409045,0.8059482,0.7935872,0.2013422818791946,0.787296,0.0,0.1428571428571428,0.0,0.9409045,0.8059482,0.7935872,0.2013422818791946
DB01394,D184700,1,train,3.0,1.0,0.14277,0.0,0.0227272727272727,0.0,0.84283435,0.8834013,0.84615064,0.1679389312977099,0.42831,0.0,0.0227272727272727,0.0,0.84283435,0.8834013,0.84615064,0.1679389312977099
DB01122,D125851,1,train,10.0,2.0,0.53652,0.0,0.1219512195121951,0.0,0.82333016,0.8670267,0.7955625,0.2014388489208633,5.3652,0.0,0.2439024390243902,0.0,1.64666032,1.7340534,1.591125,0.4028776978417266
DB00380,D608320,1,train,3.0,5.0,0.36523,0.0,0.0181818181818181,0.0,0.6903163,0.7968739,0.78203416,0.0879120879120879,1.09569,0.0,0.0909090909090905,0.0,3.4515815,3.9843695,3.9101708,0.4395604395604395
DB01170,D147530,1,train,59.0,2.0,0.13387,0.3333333333333333,0.3235294117647059,0.0,0.8847733,0.9062768,0.89640313,0.2705882352941176,7.89833,0.6666666666666666,0.6470588235294118,0.0,1.7695466,1.8125536,1.79280626,0.5411764705882351
DB00884,D146255,1,train,14.0,9.0,0.38439,0.0,0.0952380952380952,0.0,0.87993026,0.7908675,0.7386928,0.1458333333333333,5.381460000000001,0.0,0.8571428571428569,0.0,7.91937234,7.1178075,6.6482352,1.3124999999999996
DB00908,D300491,1,train,4.0,9.0,0.65631,0.1363636363636363,0.1428571428571428,0.0,0.82385695,0.83221316,0.76241004,0.1578947368421052,2.62524,1.2272727272727266,1.2857142857142851,0.0,7.41471255,7.48991844,6.86169036,1.421052631578947
DB00193,D147530,1,train,59.0,1.0,0.090358,0.2258064516129032,0.3166666666666666,0.0,0.899789,0.8727033,0.8893957,0.4155844155844156,5.331122,0.2258064516129032,0.3166666666666666,0.0,0.899789,0.8727033,0.8893957,0.4155844155844156
DB00550,D276300,1,train,33.0,0.0,0.0,0.0,0.1379310344827586,0.0,0.91348946,0.80832976,0.77480465,0.1612903225806451,0.0,0.0,0.0,0.0,0.0,0.0,0.0,0.0
DB00936,D601665,1,train,5.0,1.0,0.22348,0.0,0.0746268656716417,0.0,0.71918976,0.78447646,0.8346007,0.25,1.1174,0.0,0.0746268656716417,0.0,0.71918976,0.78447646,0.8346007,0.25
DB00612,D247640,1,train,13.0,3.0,0.18083,1.0,0.5853658536585366,0.0,0.85041106,0.84217465,0.7554709,0.2761904761904762,2.35079,3.0,1.7560975609756095,0.0,2.55123318,2.52652395,2.2664127,0.8285714285714286
DB00167,D225740,1,train,4.0,1.0,0.1846,0.0,0.0,0.0,0.58766454,0.6822686,0.52990896,0.14,0.7384,0.0,0.0,0.0,0.58766454,0.6822686,0.52990896,0.14
DB00627,D166710,1,train,5.0,4.0,0.3332,0.0,0.1020408163265306,0.0,0.8190881,0.808914,0.83857065,0.0985915492957746,1.666,0.0,0.4081632653061224,0.0,3.2763524,3.235656,3.3542826,0.3943661971830984
DB00912,D126200,1,train,9.0,1.0,0.15321,0.0,0.0869565217391304,0.0,0.8156948,0.8423755,0.64238775,0.1913043478260869,1.3788900000000002,0.0,0.0869565217391304,0.0,0.8156948,0.8423755,0.64238775,0.1913043478260869
DB00279,D138800,1,train,0.0,3.0,0.25644,0.0,0.0,0.0,0.0,0.0,0.0,0.0,0.0,0.0,0.0,0.0,0.0,0.0,0.0,0.0
DB00216,D157300,1,train,21.0,5.0,0.77407,1.0,0.6388888888888888,0.0,0.8849284,0.781363,0.8015444,0.4158415841584158,16.255470000000003,5.0,3.194444444444444,0.0,4.424642,3.906815,4.007722,2.0792079207920797
DB00775,D208700,1,train,2.0,9.0,0.34494,0.0,0.064516129032258,0.0,0.83136386,0.7715939,0.8293926,0.1818181818181818,0.68988,0.0,0.580645161290322,0.0,7.482274739999999,6.9443451000000005,7.4645334,1.6363636363636362
DB00364,D145590,1,train,18.0,0.0,0.0,0.0,0.0576923076923076,0.0,0.83227694,0.7879758,0.8082056,0.0729613733905579,0.0,0.0,0.0,0.0,0.0,0.0,0.0,0.0
DB00963,D161900,1,train,69.0,2.0,0.28759,0.5,0.3928571428571428,0.0,0.8803085,0.8736615,0.7692064,0.2753623188405797,19.84371,1.0,0.7857142857142856,0.0,1.760617,1.747323,1.5384128,0.5507246376811594
DB00800,D600351,1,train,15.0,1.0,0.24538,0.4210526315789473,0.1142857142857142,0.0,0.8859802,0.8041891,0.78268856,0.1956521739130435,3.6807,0.4210526315789473,0.1142857142857142,0.0,0.8859802,0.8041891,0.78268856,0.1956521739130435
DB01217,D126200,1,train,9.0,7.0,0.26886,0.0,0.1956521739130435,0.0,0.75997984,0.8095887,0.8791955,0.1320754716981132,2.41974,0.0,1.3695652173913044,0.0,5.31985888,5.6671209000000005,6.1543685,0.9245283018867924
DB00996,D247640,1,train,13.0,12.0,0.36818,0.0,0.0975609756097561,0.0,0.90986055,0.82754886,0.82569915,0.1020408163265306,4.78634,0.0,1.170731707317073,0.0,10.9183266,9.93058632,9.9083898,1.2244897959183672
DB01067,D102300,1,train,7.0,6.0,0.19686,0.2,0.25,0.0,0.8671772,0.78742814,0.81285036,0.1933333333333333,1.37802,1.2000000000000002,1.5,0.0,5.2030632,4.72456884,4.87710216,1.1599999999999997
DB00868,D161900,1,train,69.0,2.0,0.18847,0.0909090909090909,0.0952380952380952,0.0,0.7626908,0.85839236,0.88127345,0.2142857142857142,13.00443,0.1818181818181818,0.1904761904761904,0.0,1.5253816,1.71678472,1.7625469,0.4285714285714284
DB00014,D131200,1,train,8.0,3.0,0.23297,0.5,0.6060606060606061,1.0,0.8804829,0.8656,0.6686807,0.7272727272727273,1.86376,1.5,1.8181818181818183,3.0,2.6414487,2.5968,2.0060421,2.1818181818181817
DB00399,D179600,1,train,8.0,1.0,0.070022,0.0,0.0,0.0,0.8116513,0.7112755,0.7221341,0.0823529411764705,0.560176,0.0,0.0,0.0,0.8116513,0.7112755,0.7221341,0.0823529411764705
DB00559,D151590,1,train,5.0,14.0,0.27428,0.0,0.1282051282051282,0.0,0.84653515,0.7993974,0.8046742,0.2111111111111111,1.3714000000000002,0.0,1.7948717948717947,0.0,11.8514921,11.1915636,11.2654388,2.955555555555556
DB00287,D137750,1,train,8.0,2.0,0.47652,0.0,0.073170731707317,0.0,0.8954675,0.8062957,0.7576246,0.2248062015503876,3.81216,0.0,0.146341463414634,0.0,1.790935,1.6125914,1.5152492,0.4496124031007752
DB00641,D276300,1,train,33.0,0.0,0.0,0.0,0.2051282051282051,0.0,0.8584046,0.81504524,0.8567848,0.1942446043165467,0.0,0.0,0.0,0.0,0.0,0.0,0.0,0.0
DB00373,D161900,1,train,69.0,1.0,0.17725,0.6666666666666666,0.4090909090909091,0.0,0.852935,0.8995259,0.837155,0.1914893617021276,12.23025,0.6666666666666666,0.4090909090909091,0.0,0.852935,0.8995259,0.837155,0.1914893617021276
DB00659,D115000,1,train,10.0,6.0,0.24011,0.0,0.0952380952380952,0.0,0.74778354,0.79313123,0.76827925,0.1134020618556701,2.4011,0.0,0.5714285714285712,0.0,4.48670124,4.758787379999999,4.6096755,0.6804123711340206
DB00669,D125850,1,train,12.0,2.0,0.89132,0.125,0.1509433962264151,0.0,0.860901,0.9053834,0.74410284,0.2016129032258064,10.69584,0.25,0.3018867924528302,0.0,1.721802,1.8107668,1.48820568,0.4032258064516128
DB01173,D226150,1,train,4.0,8.0,0.1297,0.0833333333333333,0.25,0.0,0.76022834,0.86546886,0.8970819,0.3703703703703703,0.5188,0.6666666666666664,2.0,0.0,6.08182672,6.92375088,7.1766552,2.9629629629629624
DB00848,D236000,1,train,14.0,4.0,0.22524,0.0384615384615384,0.0256410256410256,0.0,0.86803204,0.90168023,0.7639853,0.2289156626506024,3.15336,0.1538461538461536,0.1025641025641024,0.0,3.47212816,3.60672092,3.0559412,0.9156626506024096
DB00412,D125320,1,train,12.0,2.0,0.41046,0.0769230769230769,0.2,0.0,0.8447219,0.8187585,0.8081339,0.2016129032258064,4.92552,0.1538461538461538,0.4,0.0,1.6894438,1.637517,1.6162678,0.4032258064516128
DB00868,D137760,1,train,7.0,2.0,0.38172,0.0,0.0476190476190476,0.0,0.74253595,0.8113051,0.82955134,0.1325301204819277,2.67204,0.0,0.0952380952380952,0.0,1.4850719,1.6226102,1.65910268,0.2650602409638554
DB00816,D243200,1,train,0.0,5.0,0.12586,0.0,0.0,0.0,0.0,0.0,0.0,0.0,0.0,0.0,0.0,0.0,0.0,0.0,0.0,0.0
DB00692,D247640,1,train,13.0,4.0,0.3708,0.24,0.1627906976744186,0.0,0.90986055,0.83682096,0.8406066,0.2244897959183673,4.8204,0.96,0.6511627906976744,0.0,3.6394422,3.34728384,3.3624264,0.8979591836734692
DB00434,D608622,1,train,51.0,4.0,0.27153,0.3333333333333333,0.1607142857142857,0.0,0.87886155,0.8391651,0.8185427,0.2608695652173913,13.84803,1.3333333333333333,0.6428571428571428,0.0,3.5154462,3.3566604,3.2741708,1.0434782608695652
DB00570,D115000,1,train,10.0,7.0,0.14034,0.0,0.2195121951219512,0.0,0.8399421,0.8584318,0.69248736,0.1776649746192893,1.4034,0.0,1.5365853658536583,0.0,5.8795947,6.0090226,4.84741152,1.243654822335025
DB01224,D231200,1,train,3.0,1.0,0.18334,0.0,0.0491803278688524,0.0,0.7438336,0.70201534,0.7303333,0.1764705882352941,0.55002,0.0,0.0491803278688524,0.0,0.7438336,0.70201534,0.7303333,0.1764705882352941
DB00631,D205700,1,train,0.0,16.0,0.26935,0.0,0.0,0.0,0.0,0.0,0.0,0.0,0.0,0.0,0.0,0.0,0.0,0.0,0.0,0.0
DB00569,D114480,1,train,13.0,5.0,0.38625,0.0,0.1034482758620689,0.0,0.79632884,0.87171364,0.78265303,0.1011904761904761,5.02125,0.0,0.5172413793103445,0.0,3.9816442,4.3585682,3.91326515,0.5059523809523805
DB00454,D600082,1,train,6.0,3.0,0.062575,0.1111111111111111,0.1320754716981132,0.0909090909090909,0.8296874,0.76412576,0.9279845,0.1785714285714285,0.37545,0.3333333333333333,0.3962264150943396,0.2727272727272727,2.4890622,2.29237728,2.7839535,0.5357142857142855
DB00554,D239350,1,train,7.0,2.0,0.20329,0.0,0.1030927835051546,0.0,0.83023447,0.86533487,0.8188617,0.1509433962264151,1.42303,0.0,0.2061855670103092,0.0,1.66046894,1.73066974,1.6377234,0.3018867924528302
DB00939,D208230,1,train,15.0,6.0,0.43415,0.0,0.0862068965517241,0.0,0.889342,0.7524223,0.7146142,0.2602739726027397,6.51225,0.0,0.5172413793103446,0.0,5.336052,4.5145338,4.2876852,1.5616438356164384
DB00933,D147530,1,train,59.0,3.0,0.033077,0.2,0.3035714285714285,0.0,0.94522166,0.85517293,0.85914016,0.3076923076923077,1.951543,0.6000000000000001,0.9107142857142856,0.0,2.83566498,2.56551879,2.57742048,0.9230769230769232
DB00804,D540000,1,train,3.0,1.0,0.37073,0.0,0.1081081081081081,0.0,0.8259913,0.8791041,0.70710576,0.1067961165048543,1.11219,0.0,0.1081081081081081,0.0,0.8259913,0.8791041,0.70710576,0.1067961165048543
DB00734,D190310,1,train,16.0,2.0,0.16422,0.3636363636363636,0.4868421052631579,0.0,0.8908311,0.8924264,0.8660384,0.1755725190839694,2.62752,0.7272727272727272,0.9736842105263158,0.0,1.7816622,1.7848528,1.7320768,0.3511450381679388
DB00363,D190310,1,train,16.0,2.0,0.068205,0.3636363636363636,0.4868421052631579,0.0,0.8908311,0.8660879,0.8073165,0.1985294117647058,1.09128,0.7272727272727272,0.9736842105263158,0.0,1.7816622,1.7321758,1.614633,0.3970588235294116
DB00540,D254500,1,train,8.0,11.0,0.37407,0.3513513513513513,0.4222222222222222,0.0,0.8367704,0.81528133,0.87486476,0.2444444444444444,2.99256,3.864864864864865,4.644444444444445,0.0,9.2044744,8.96809463,9.62351236,2.6888888888888887
DB01006,D254450,1,train,0.0,3.0,0.24402,0.0,0.0,0.0,0.0,0.0,0.0,0.0,0.0,0.0,0.0,0.0,0.0,0.0,0.0,0.0
DB00346,D104130,1,train,7.0,2.0,0.094949,0.0,0.1219512195121951,0.0,0.8272668,0.8076421,0.82896096,0.2074074074074074,0.6646430000000001,0.0,0.2439024390243902,0.0,1.6545336,1.6152842,1.65792192,0.4148148148148148
DB00694,D210050,1,train,8.0,8.0,0.3638,0.0,0.1168831168831168,0.0,0.81867087,0.77698547,0.79972625,0.18125,2.9104,0.0,0.9350649350649344,0.0,6.54936696,6.21588376,6.39781,1.45
DB00585,D208230,1,train,15.0,6.0,0.45342,0.0,0.0714285714285714,0.0,0.8703016,0.85516584,0.86649066,0.1263157894736842,6.8013,0.0,0.4285714285714284,0.0,5.2218096,5.13099504,5.198943959999999,0.7578947368421052
DB00569,D254400,1,train,5.0,5.0,0.4639,0.0,0.024390243902439,0.0,0.7808085,0.8514743,0.7931428,0.0427046263345195,2.3195,0.0,0.121951219512195,0.0,3.9040425,4.2573715,3.965714,0.2135231316725974
DB00736,D233810,1,train,9.0,2.0,0.12966,0.0,0.1632653061224489,0.0,0.86571735,0.85906464,0.8441322,0.1959459459459459,1.16694,0.0,0.3265306122448978,0.0,1.7314347,1.71812928,1.6882644,0.3918918918918918
DB00694,D600351,1,train,15.0,8.0,0.22604,0.0,0.1860465116279069,0.0,0.82247543,0.89698124,0.8869724,0.1654676258992805,3.3906,0.0,1.4883720930232551,0.0,6.57980344,7.17584992,7.0957792,1.323741007194244
DB01006,D246470,1,train,4.0,3.0,0.40534,0.0,0.1111111111111111,0.0,0.90950656,0.80931365,0.81137776,0.175438596491228,1.62136,0.0,0.3333333333333333,0.0,2.72851968,2.42794095,2.43413328,0.5263157894736841
DB00995,D608105,1,train,4.0,11.0,0.57022,0.0,0.05,0.0,0.71785116,0.73072475,0.7063077,0.1641791044776119,2.28088,0.0,0.55,0.0,7.896362760000001,8.037972250000001,7.7693847,1.8059701492537308
DB01006,D223350,1,train,9.0,3.0,0.40534,0.0,0.1568627450980392,0.0,0.7822026,0.83110666,0.84541225,0.1792452830188679,3.64806,0.0,0.4705882352941176,0.0,2.3466078,2.49331998,2.53623675,0.5377358490566038
DB00996,D188470,1,train,0.0,12.0,0.26687,0.0,0.0,0.0,0.0,0.0,0.0,0.0,0.0,0.0,0.0,0.0,0.0,0.0,0.0,0.0
DB06287,D145500,1,train,4.0,1.0,0.40472,0.0,0.2,0.0,0.7691947,0.8762063,0.0,0.0917030567685589,1.61888,0.0,0.2,0.0,0.7691947,0.8762063,0.0,0.0917030567685589
DB01161,D608622,1,train,51.0,4.0,0.27153,0.0909090909090909,0.5172413793103449,0.0909090909090909,0.8244415,0.8988542,0.9279845,0.6271186440677966,13.84803,0.3636363636363636,2.0689655172413794,0.3636363636363636,3.297766,3.5954168,3.711938,2.5084745762711864
DB00647,D114500,1,train,3.0,1.0,0.26672,0.0,0.1346153846153846,0.0,0.81945014,0.8045973,0.67600065,0.3166666666666666,0.80016,0.0,0.1346153846153846,0.0,0.81945014,0.8045973,0.67600065,0.3166666666666666
DB00180,D208550,1,train,26.0,1.0,0.38905,0.5,0.4150943396226415,0.0,0.87210643,0.9022858,0.8844234,0.5740740740740741,10.1153,0.5,0.4150943396226415,0.0,0.87210643,0.9022858,0.8844234,0.5740740740740741
DB00820,D103780,1,train,4.0,0.0,0.0,0.0,0.0869565217391304,0.0,0.8865105,0.8030373,0.7347732,0.1515151515151515,0.0,0.0,0.0,0.0,0.0,0.0,0.0,0.0
DB00604,D140600,1,train,22.0,5.0,0.64093,0.0909090909090909,0.1546391752577319,0.0,0.79965824,0.6986809,0.8080751,0.2434210526315789,14.10046,0.4545454545454545,0.7731958762886595,0.0,3.9982912,3.4934045000000005,4.040375500000001,1.2171052631578945
DB00880,D146255,1,train,14.0,2.0,0.38439,0.0,0.2941176470588235,0.0,0.9335685,0.85657954,0.85854334,0.1684210526315789,5.381460000000001,0.0,0.588235294117647,0.0,1.867137,1.71315908,1.71708668,0.3368421052631578
DB00540,D276300,1,train,33.0,11.0,0.306,0.4827586206896552,0.5789473684210527,0.0,0.85911965,0.8197594,0.82931954,0.5384615384615384,10.098,5.310344827586207,6.368421052631579,0.0,9.45031615,9.0173534,9.12251494,5.9230769230769225
DB01008,D208230,1,train,15.0,4.0,0.45342,0.0,0.1395348837209302,0.0,0.87929404,0.800709,0.92471594,0.1351351351351351,6.8013,0.0,0.5581395348837208,0.0,3.51717616,3.202836,3.69886376,0.5405405405405403
DB00163,D277460,1,train,1.0,6.0,0.26286,0.0,0.3333333333333333,0.0,0.8536645,0.74777704,0.7347099,0.1448275862068965,0.26286,0.0,2.0,0.0,5.121987000000001,4.48666224,4.4082594,0.868965517241379
DB00214,D215140,1,train,16.0,5.0,0.24799,0.2,0.2580645161290322,0.0,0.94156426,0.88232374,0.863212,0.1940298507462686,3.96784,1.0,1.290322580645161,0.0,4.7078213,4.4116187,4.31606,0.970149253731343
DB00795,D608622,1,train,51.0,1.0,0.27153,0.1818181818181818,0.1538461538461538,0.0,0.8936982,0.9094913,0.8179103,0.2522522522522522,13.84803,0.1818181818181818,0.1538461538461538,0.0,0.8936982,0.9094913,0.8179103,0.2522522522522522
DB00675,D145500,1,train,4.0,2.0,0.29838,0.0,0.2,0.0,0.91915756,0.8762063,0.782996,0.2142857142857142,1.19352,0.0,0.4,0.0,1.83831512,1.7524126,1.565992,0.4285714285714284
DB01128,D600263,1,train,6.0,2.0,0.43074,0.0,0.1147540983606557,0.0,0.7876972,0.8407985,0.73106873,0.1416666666666666,2.58444,0.0,0.2295081967213114,0.0,1.5753944,1.681597,1.46213746,0.2833333333333332
DB00611,D110100,1,train,5.0,1.0,0.27466,0.0,0.1034482758620689,0.0,0.81156343,0.878044,0.8204556,0.1470588235294117,1.3733,0.0,0.1034482758620689,0.0,0.81156343,0.878044,0.8204556,0.1470588235294117
DB00861,D190310,1,train,16.0,2.0,0.068205,1.0,0.46875,0.0,0.89264286,0.82899475,0.7690736,0.2475247524752475,1.09128,2.0,0.9375,0.0,1.78528572,1.6579895,1.5381472,0.495049504950495
DB00437,D166760,1,train,6.0,2.0,0.16032,0.0,0.0681818181818181,0.0,0.89793164,0.8337021,0.83095515,0.1162790697674418,0.96192,0.0,0.1363636363636362,0.0,1.79586328,1.6674042,1.6619103,0.2325581395348836
DB01194,D607554,1,train,9.0,0.0,0.0,0.0,0.2307692307692307,0.0,0.88563997,0.78300804,0.7976602,0.1808510638297872,0.0,0.0,0.0,0.0,0.0,0.0,0.0,0.0
DB00337,D600263,1,train,6.0,2.0,0.21169,0.0,0.0612244897959183,0.0,0.69202965,0.8412174,0.69719094,0.1517857142857142,1.27014,0.0,0.1224489795918366,0.0,1.3840593,1.6824348,1.39438188,0.3035714285714284
DB00371,D300125,1,train,7.0,4.0,0.75392,0.0227272727272727,0.1891891891891892,0.0,0.8528205,0.7855666,0.85370016,0.2037037037037037,5.27744,0.0909090909090908,0.7567567567567568,0.0,3.411282,3.1422664,3.41480064,0.8148148148148148
DB00733,D182830,1,train,1.0,5.0,0.34157,0.0,0.0377358490566037,0.0,0.7283109,0.7269501,0.73340416,0.0786516853932584,0.34157,0.0,0.1886792452830185,0.0,3.6415545,3.6347505,3.6670208,0.393258426966292
DB00652,D217200,1,train,16.0,4.0,0.20329,0.0,0.15625,0.0,0.9100276,0.8341981,0.80695903,0.1568627450980392,3.25264,0.0,0.625,0.0,3.6401104,3.3367924,3.22783612,0.6274509803921569
DB00612,D607685,1,train,0.0,3.0,0.40298,0.0,0.0,0.0,0.0,0.0,0.0,0.0,0.0,0.0,0.0,0.0,0.0,0.0,0.0,0.0
DB01242,D608622,1,train,51.0,1.0,0.27153,0.25,0.1971830985915492,0.0,0.8419899,0.8834871,0.81795406,0.2549019607843137,13.84803,0.25,0.1971830985915492,0.0,0.8419899,0.8834871,0.81795406,0.2549019607843137
DB00421,D143465,1,train,12.0,0.0,0.0,0.0,0.1081081081081081,0.0,0.8454812,0.83695877,0.8268377,0.180327868852459,0.0,0.0,0.0,0.0,0.0,0.0,0.0,0.0
DB00993,D134750,1,train,0.0,0.0,0.0,0.0,0.0,0.0,0.0,0.0,0.0,0.0,0.0,0.0,0.0,0.0,0.0,0.0,0.0,0.0
DB01064,D125851,1,train,10.0,3.0,0.54479,0.0285714285714285,0.1219512195121951,0.0,0.78449106,0.84600616,0.80827785,0.1354166666666666,5.4479,0.0857142857142855,0.3658536585365853,0.0,2.35347318,2.53801848,2.42483355,0.4062499999999998
DB00536,D208550,1,train,26.0,2.0,0.29194,0.0,0.3333333333333333,0.0,0.7473619,0.7319273,0.82868457,0.2,7.590439999999999,0.0,0.6666666666666666,0.0,1.4947238,1.4638546,1.65736914,0.4
DB00242,D151400,1,train,2.0,3.0,0.39678,0.0,0.1578947368421052,0.0,0.76408726,0.7932563,0.8338282,0.1185185185185185,0.79356,0.0,0.4736842105263156,0.0,2.29226178,2.3797689,2.5014846,0.3555555555555555
DB00806,D256370,1,train,4.0,3.0,0.26058,0.0,0.0338983050847457,0.0,0.8623093,0.6310634,0.73432,0.1583333333333333,1.04232,0.0,0.1016949152542371,0.0,2.5869279,1.8931902000000005,2.20296,0.4749999999999998
DB00126,D250790,1,train,0.0,2.0,0.20285,0.0,0.0,0.0,0.0,0.0,0.0,0.0,0.0,0.0,0.0,0.0,0.0,0.0,0.0,0.0
DB00559,D233810,1,train,9.0,14.0,0.14597,0.0,0.0833333333333333,0.0,0.8282174,0.7606952,0.82172394,0.2430939226519337,1.3137299999999998,0.0,1.1666666666666663,0.0,11.5950436,10.6497328,11.50413516,3.403314917127072
DB00186,D167870,1,train,11.0,2.0,0.098473,0.0,0.1886792452830188,0.0,0.8449125,0.8137517,0.8331295,0.2210526315789473,1.083203,0.0,0.3773584905660376,0.0,1.689825,1.6275034,1.666259,0.4421052631578946
DB01356,D161900,1,train,69.0,0.0,0.0,0.0,0.15,0.0,0.8656228,0.78298724,0.7627277,0.0,0.0,0.0,0.0,0.0,0.0,0.0,0.0,0.0
DB00853,D304790,1,train,7.0,5.0,0.24538,0.0,0.2727272727272727,0.0,0.7565269,0.66694367,0.83997214,0.1481481481481481,1.71766,0.0,1.3636363636363635,0.0,3.7826345,3.33471835,4.1998607,0.7407407407407406
DB00631,D276300,1,train,33.0,16.0,0.19604,0.2222222222222222,0.3333333333333333,0.0,0.8604374,0.9063339,0.8777985,0.6615384615384615,6.46932,3.555555555555556,5.333333333333333,0.0,13.7669984,14.5013424,14.044776,10.584615384615384
DB00909,D600496,1,train,11.0,1.0,0.5926,0.0,0.1764705882352941,0.0,0.8489371,0.8601558,0.8305685,0.2207792207792207,6.5186,0.0,0.1764705882352941,0.0,0.8489371,0.8601558,0.8305685,0.2207792207792207
DB00775,D604827,1,train,1.0,9.0,0.44586,0.0,0.064516129032258,0.0,0.83136386,0.6296803,0.8293926,0.1818181818181818,0.44586,0.0,0.580645161290322,0.0,7.482274739999999,5.6671227,7.4645334,1.6363636363636362
DB00813,D133690,1,train,2.0,5.0,0.10763,0.0,0.1384615384615384,0.0,0.78022176,0.7429427,0.7486866,0.2164179104477611,0.21526,0.0,0.6923076923076921,0.0,3.9011088,3.7147135,3.743433,1.0820895522388054
DB00924,D171300,1,train,5.0,0.0,0.0,0.0,0.0545454545454545,0.0,0.62940216,0.7387847,0.8083118,0.2584269662921348,0.0,0.0,0.0,0.0,0.0,0.0,0.0,0.0
DB01551,D136200,1,train,1.0,1.0,0.0,0.0,0.1578947368421052,0.0,0.70727104,0.7232901,0.6734934,0.0918367346938775,0.0,0.0,0.1578947368421052,0.0,0.70727104,0.7232901,0.6734934,0.0918367346938775
DB00434,D256370,1,train,4.0,4.0,0.26058,0.0,0.0,0.0,0.8059081,0.6829378,0.7742063,0.1538461538461538,1.04232,0.0,0.0,0.0,3.2236324,2.7317512,3.0968252,0.6153846153846152
DB00333,D181500,1,train,17.0,2.0,0.30068,0.0909090909090909,0.188235294117647,0.0,0.86977726,0.87665915,0.85233605,0.2578125,5.11156,0.1818181818181818,0.376470588235294,0.0,1.73955452,1.7533183,1.7046721,0.515625
DB00848,D155601,1,train,4.0,4.0,0.40191,0.0,0.0256410256410256,0.0,0.88347876,0.8380253,0.7418651,0.2295081967213114,1.60764,0.0,0.1025641025641024,0.0,3.53391504,3.3521012,2.9674604,0.9180327868852456
DB00115,D170900,1,train,0.0,0.0,0.0,0.0,0.0,0.0,0.0,0.0,0.0,0.0,0.0,0.0,0.0,0.0,0.0,0.0,0.0,0.0
DB00864,D264120,1,train,7.0,2.0,0.25517,0.0,0.1304347826086956,0.0,0.75295025,0.8010483,0.8346007,0.0725388601036269,1.78619,0.0,0.2608695652173912,0.0,1.5059005,1.6020966,1.6692014,0.1450777202072538
DB01241,D164230,1,train,7.0,1.0,0.10427,0.0,0.1428571428571428,0.0,0.7807274,0.86582494,0.6779925,0.2142857142857142,0.72989,0.0,0.1428571428571428,0.0,0.7807274,0.86582494,0.6779925,0.2142857142857142
DB01214,D147530,1,train,59.0,2.0,0.049705,1.0,0.6388888888888888,0.0,0.8668685,0.8861491,0.8877711,0.2291666666666666,2.932595,2.0,1.2777777777777777,0.0,1.733737,1.7722982,1.7755422,0.4583333333333332
DB00686,D157700,1,train,7.0,1.0,0.1172,0.0,0.0444444444444444,0.0,0.83859986,0.8096756,0.7313303,0.0769230769230769,0.8204,0.0,0.0444444444444444,0.0,0.83859986,0.8096756,0.7313303,0.0769230769230769
DB00241,D157300,1,train,21.0,0.0,0.0,0.8,0.2058823529411764,0.0,0.90242493,0.9041109,0.8199762,0.1621621621621621,0.0,0.0,0.0,0.0,0.0,0.0,0.0,0.0
DB01196,D215140,1,train,16.0,6.0,0.15079,0.0,0.2758620689655172,0.0,0.79002565,0.7853122,0.854866,0.1666666666666666,2.41264,0.0,1.6551724137931032,0.0,4.7401539,4.7118732,5.129196,0.9999999999999996
DB00852,D155600,1,train,3.0,2.0,0.40191,0.0,0.0526315789473684,0.0,0.88347876,0.832653,0.67278,0.2295081967213114,1.20573,0.0,0.1052631578947368,0.0,1.76695752,1.665306,1.34556,0.4590163934426228
DB00884,D208300,1,train,4.0,9.0,0.14259,0.0,0.0909090909090909,0.0,0.8126259,0.8094183,0.7252666,0.1458333333333333,0.57036,0.0,0.8181818181818181,0.0,7.3136331,7.2847647,6.5273994,1.3124999999999996
DB00659,D200170,1,train,10.0,6.0,0.12958,0.0,0.1666666666666666,0.0,0.76328826,0.79979765,0.86364836,0.1168831168831168,1.2958,0.0,0.9999999999999996,0.0,4.5797295600000005,4.7987859,5.18189016,0.7012987012987008
DB00433,D181500,1,train,17.0,7.0,0.2523,0.2258064516129032,0.2950819672131147,0.0,0.8954884,0.878801,0.8533386,0.3247863247863248,4.2891,1.5806451612903225,2.065573770491803,0.0,6.2684188,6.151607,5.9733702,2.2735042735042734
DB00691,D231200,1,train,3.0,4.0,0.68546,0.0,0.0491803278688524,0.0,0.78758174,0.7181715,0.8342293,0.1764705882352941,2.05638,0.0,0.1967213114754096,0.0,3.15032696,2.872686,3.3369172,0.7058823529411764
DB00775,D607682,1,train,4.0,9.0,0.96524,0.0,0.064516129032258,0.0,0.83136386,0.80002916,0.8293926,0.1818181818181818,3.86096,0.0,0.580645161290322,0.0,7.482274739999999,7.20026244,7.4645334,1.6363636363636362
DB00734,D600263,1,train,6.0,2.0,0.43074,0.1176470588235294,0.0972222222222222,0.0,0.73129505,0.79869443,0.73106873,0.2279411764705882,2.58444,0.2352941176470588,0.1944444444444444,0.0,1.4625901,1.59738886,1.46213746,0.4558823529411764
DB00484,D608583,1,train,6.0,1.0,0.90778,0.0,0.0652173913043478,0.0,0.8526298,0.8302221,0.8028971,0.144927536231884,5.446680000000001,0.0,0.0652173913043478,0.0,0.8526298,0.8302221,0.8028971,0.144927536231884
DB00572,D140600,1,train,22.0,4.0,0.77658,0.7777777777777778,0.4565217391304347,0.0,0.85835123,0.87927043,0.8545819,0.618421052631579,17.084760000000003,3.111111111111111,1.8260869565217388,0.0,3.43340492,3.51708172,3.4183276,2.473684210526316
DB00537,D167870,1,train,11.0,5.0,0.26828,0.0833333333333333,0.1298701298701298,0.0,0.7797429,0.67199934,0.848793,0.1951219512195122,2.95108,0.4166666666666665,0.649350649350649,0.0,3.8987145,3.3599967,4.243965,0.975609756097561
DB00282,D166710,1,train,5.0,5.0,0.29093,0.0,0.04,0.0,0.8259458,0.7548864,0.83857065,0.037037037037037,1.45465,0.0,0.2,0.0,4.129728999999999,3.774432,4.19285325,0.185185185185185
DB00569,D148000,1,train,3.0,5.0,0.26004,0.0,0.0625,0.0,0.77689844,0.87116796,0.8641119,0.033003300330033,0.7801199999999999,0.0,0.3125,0.0,3.8844922,4.3558398,4.3205595,0.165016501650165
DB05259,D606842,1,train,0.0,0.0,0.0,0.0,0.0,0.0,0.0,0.0,0.0,0.0,0.0,0.0,0.0,0.0,0.0,0.0,0.0,0.0
DB01196,D602522,1,train,0.0,6.0,0.33381,0.0,0.0,0.0,0.0,0.0,0.0,0.0,0.0,0.0,0.0,0.0,0.0,0.0,0.0,0.0
DB00813,D140600,1,train,22.0,5.0,0.77658,0.75,0.3043478260869565,0.1666666666666666,0.88808244,0.9132002,0.8542061,0.3009708737864077,17.084760000000003,3.75,1.5217391304347825,0.833333333333333,4.4404122,4.566001,4.2710305,1.5048543689320384
DB00992,D266600,1,train,6.0,8.0,0.39881,0.0,0.0588235294117647,0.0,0.68448776,0.7099301,0.70472485,0.0972222222222222,2.39286,0.0,0.4705882352941176,0.0,5.47590208,5.6794408,5.6377988,0.7777777777777776
DB00968,D260570,1,train,1.0,0.0,0.0,0.0,0.0133333333333333,0.0,0.5920048,0.80726045,0.80041623,0.1,0.0,0.0,0.0,0.0,0.0,0.0,0.0,0.0
DB01073,D608088,1,train,9.0,2.0,0.026881,0.0,0.0232558139534883,0.0,0.71440536,0.76742315,0.65172756,0.0970873786407767,0.2419289999999999,0.0,0.0465116279069766,0.0,1.42881072,1.5348463,1.30345512,0.1941747572815534
DB00675,D146255,1,train,14.0,2.0,0.38439,0.1052631578947368,0.160919540229885,0.0,0.81610894,0.85859656,0.8499543,0.2897196261682243,5.381460000000001,0.2105263157894736,0.32183908045977,0.0,1.63221788,1.71719312,1.6999086,0.5794392523364486
DB00860,D165720,1,train,14.0,4.0,0.64093,0.0,0.0983606557377049,0.0,0.8792441,0.85928357,0.8602674,0.1909090909090909,8.97302,0.0,0.3934426229508196,0.0,3.5169764,3.43713428,3.4410696,0.7636363636363636
DB00757,D125310,1,train,7.0,1.0,0.37073,0.05,0.2195121951219512,0.0,0.81173396,0.88849986,0.82367164,0.1844660194174757,2.59511,0.05,0.2195121951219512,0.0,0.81173396,0.88849986,0.82367164,0.1844660194174757
DB00199,D604416,1,train,13.0,0.0,0.0,0.0,0.180327868852459,0.0,0.7783068,0.7671652,0.8202468,0.1573033707865168,0.0,0.0,0.0,0.0,0.0,0.0,0.0,0.0
DB01017,D143465,1,train,12.0,0.0,0.0,0.0434782608695652,0.1346153846153846,0.0,0.7583106,0.85697603,0.8313377,0.1506849315068493,0.0,0.0,0.0,0.0,0.0,0.0,0.0,0.0
DB00477,D254500,1,train,8.0,0.0,0.0,0.3513513513513513,0.4222222222222222,0.0,0.8795736,0.83137286,0.7968621,0.2395833333333333,0.0,0.0,0.0,0.0,0.0,0.0,0.0,0.0
DB00816,D239350,1,train,7.0,5.0,0.20329,0.0,0.0579710144927536,0.0,0.8676601,0.82373965,0.7421817,0.1612903225806451,1.42303,0.0,0.289855072463768,0.0,4.3383005,4.11869825,3.7109085,0.8064516129032255
DB00822,D217200,1,train,16.0,2.0,0.33026,0.0,0.1774193548387097,0.0,0.80150336,0.8756545,0.8261978,0.1525423728813559,5.28416,0.0,0.3548387096774194,0.0,1.60300672,1.751309,1.6523956,0.3050847457627118
DB00650,D600807,1,train,17.0,0.0,0.0,0.0,0.0357142857142857,0.0,0.89823866,0.83393586,0.7793289,0.1666666666666666,0.0,0.0,0.0,0.0,0.0,0.0,0.0,0.0
DB00687,D146255,1,train,14.0,1.0,0.38439,0.0714285714285714,0.1714285714285714,0.0,0.859654,0.87048805,0.8499543,0.2109375,5.381460000000001,0.0714285714285714,0.1714285714285714,0.0,0.859654,0.87048805,0.8499543,0.2109375
DB00745,D226150,1,train,4.0,6.0,0.1297,0.0,0.141025641025641,0.0,0.71641433,0.86546886,0.8970819,0.3703703703703703,0.5188,0.0,0.846153846153846,0.0,4.29848598,5.19281316,5.3824914,2.222222222222222
DB00912,D119500,1,train,0.0,1.0,0.15321,0.0,0.0,0.0,0.0,0.0,0.0,0.0,0.0,0.0,0.0,0.0,0.0,0.0,0.0,0.0
DB01122,D125850,1,train,12.0,2.0,0.53652,0.0,0.1219512195121951,0.0,0.838051,0.8670267,0.87473536,0.1818181818181818,6.43824,0.0,0.2439024390243902,0.0,1.676102,1.7340534,1.74947072,0.3636363636363636
DB01196,D161900,1,train,69.0,6.0,0.38439,0.2857142857142857,0.2051282051282051,0.0,0.85212517,0.8473166,0.88207847,0.4183673469387755,26.52291,1.7142857142857142,1.2307692307692306,0.0,5.11275102,5.0838996,5.29247082,2.510204081632653
DB00644,D147530,1,train,59.0,0.0,0.0,0.0,0.1081081081081081,0.0,0.7438175,0.8629434,0.7246138,0.1546391752577319,0.0,0.0,0.0,0.0,0.0,0.0,0.0,0.0
DB01118,D125853,1,train,12.0,0.0,0.0,0.1428571428571428,0.2394366197183098,0.0,0.83395934,0.8809279,0.85768616,0.2230769230769231,0.0,0.0,0.0,0.0,0.0,0.0,0.0,0.0
DB00627,D102500,1,train,11.0,4.0,0.30391,0.0,0.1403508771929824,0.0,0.8190881,0.8436954,0.83857065,0.144927536231884,3.34301,0.0,0.5614035087719296,0.0,3.2763524,3.3747816,3.3542826,0.579710144927536
DB00569,D236000,1,train,14.0,5.0,0.4639,0.0,0.0714285714285714,0.0,0.78681666,0.90168023,0.81700665,0.1497695852534562,6.4946,0.0,0.357142857142857,0.0,3.9340833,4.50840115,4.08503325,0.748847926267281
DB00559,D254400,1,train,5.0,14.0,0.4639,0.0,0.2,0.0,0.8327745,0.8003156,0.8335502,0.1392405063291139,2.3195,0.0,2.8000000000000003,0.0,11.658843,11.2044184,11.6697028,1.9493670886075944
DB00407,D181500,1,train,17.0,0.0,0.0,0.0,0.0384615384615384,0.0,0.73553157,0.8859982,0.8603339,0.0949554896142433,0.0,0.0,0.0,0.0,0.0,0.0,0.0,0.0
DB00290,D247640,1,train,13.0,4.0,0.36584,0.0,0.2857142857142857,0.0,0.90784746,0.8166106,0.8551841,0.1389645776566757,4.75592,0.0,1.1428571428571428,0.0,3.63138984,3.2664424,3.4207364,0.5558583106267028
DB00178,D146255,1,train,14.0,1.0,0.2703,0.0,0.1935483870967742,0.0,0.8747872,0.8833264,0.8429314,0.1705426356589147,3.7842,0.0,0.1935483870967742,0.0,0.8747872,0.8833264,0.8429314,0.1705426356589147
DB01104,D264120,1,train,7.0,0.0,0.0,0.3333333333333333,0.3472222222222222,0.0,0.82987773,0.8766774,0.82011425,0.2608695652173913,0.0,0.0,0.0,0.0,0.0,0.0,0.0,0.0
DB00398,D254500,1,train,8.0,6.0,0.14688,0.0,0.24,0.0,0.79995495,0.8851201,0.8153203,0.1928571428571428,1.17504,0.0,1.44,0.0,4.7997297,5.3107206,4.8919218,1.1571428571428568
DB00379,D212130,1,train,0.0,4.0,0.46949,0.0,0.0,0.0,0.0,0.0,0.0,0.0,0.0,0.0,0.0,0.0,0.0,0.0,0.0,0.0
DB00245,D125320,1,train,12.0,2.0,0.41046,0.1764705882352941,0.21875,0.0,0.9314821,0.8719046,0.8081339,0.4022988505747126,4.92552,0.3529411764705882,0.4375,0.0,1.8629642,1.7438092,1.6162678,0.8045977011494252
DB00745,D107550,1,train,0.0,6.0,0.23376,0.0,0.0,0.0,0.0,0.0,0.0,0.0,0.0,0.0,0.0,0.0,0.0,0.0,0.0,0.0
DB01202,D608622,1,train,51.0,4.0,0.27153,0.0,0.28,0.0,0.9116436,0.84564567,0.83289224,0.1690140845070422,13.84803,0.0,1.12,0.0,3.6465744,3.38258268,3.33156896,0.6760563380281688
DB00953,D608088,1,train,9.0,1.0,0.20452,0.0,0.1162790697674418,0.0,0.80049646,0.71453387,0.8008887,0.25,1.84068,0.0,0.1162790697674418,0.0,0.80049646,0.71453387,0.8008887,0.25
DB00937,D208550,1,train,26.0,0.0,0.0,0.04,0.1,0.0,0.85137844,0.8421092,0.8102407,0.2608695652173913,0.0,0.0,0.0,0.0,0.0,0.0,0.0,0.0
DB00490,D125851,1,train,10.0,2.0,0.54479,0.1818181818181818,0.3,0.0,0.8772591,0.7999956,0.7620491,0.2366412213740458,5.4479,0.3636363636363636,0.6,0.0,1.7545182,1.5999912,1.5240982,0.4732824427480916
DB00165,D239350,1,train,7.0,1.0,0.20329,0.0,0.3888888888888889,0.2,0.7369599,0.8177383,0.8188617,0.3962264150943396,1.42303,0.0,0.3888888888888889,0.2,0.7369599,0.8177383,0.8188617,0.3962264150943396
DB00908,D607682,1,train,4.0,9.0,0.99938,0.1363636363636363,0.1428571428571428,0.0,0.82385695,0.83221316,0.76241004,0.1578947368421052,3.99752,1.2272727272727266,1.2857142857142851,0.0,7.41471255,7.48991844,6.86169036,1.421052631578947
DB00631,D233810,1,train,9.0,16.0,0.22609,0.0,0.0625,0.0,0.7804418,0.843955,0.80467427,0.1604938271604938,2.03481,0.0,1.0,0.0,12.4870688,13.50328,12.87478832,2.5679012345679006
DB01165,D212050,1,train,2.0,2.0,0.51645,0.0,0.0714285714285714,0.0,0.691475,0.74008834,0.75857675,0.1267605633802817,1.0329,0.0,0.1428571428571428,0.0,1.38295,1.48017668,1.5171535,0.2535211267605634
DB01233,D601608,1,train,1.0,13.0,0.36421,0.0769230769230769,0.2048192771084337,0.0,0.8237281,0.70598066,0.73028255,0.1078431372549019,0.36421,0.9999999999999996,2.662650602409638,0.0,10.7084653,9.17774858,9.49367315,1.4019607843137247
DB00305,D137215,1,train,3.0,1.0,0.13035,0.0,0.1052631578947368,0.0,0.858926,0.7356748,0.79017043,0.0987654320987654,0.39105,0.0,0.1052631578947368,0.0,0.858926,0.7356748,0.79017043,0.0987654320987654
DB00126,D206200,1,train,1.0,2.0,0.23571,0.0,0.0,0.0,0.40905303,0.64010406,0.6060605,0.045045045045045,0.23571,0.0,0.0,0.0,0.81810606,1.28020812,1.212121,0.09009009009009
DB01003,D144700,1,train,7.0,4.0,0.28574,0.0,0.0833333333333333,0.0,0.86555827,0.83690774,0.76623076,0.208955223880597,2.00018,0.0,0.3333333333333332,0.0,3.46223308,3.34763096,3.06492304,0.835820895522388
DB00540,D194070,1,train,2.0,11.0,0.39973,0.0,0.0684931506849315,0.0,0.8367704,0.7473074,0.82569915,0.2407407407407407,0.79946,0.0,0.7534246575342465,0.0,9.2044744,8.220381399999999,9.08269065,2.648148148148148
DB01203,D236000,1,train,14.0,7.0,0.47256,0.6666666666666666,0.1228070175438596,0.0,0.8500272,0.88257,0.8508208,0.1711711711711711,6.61584,4.666666666666666,0.8596491228070172,0.0,5.9501904,6.177989999999999,5.9557456,1.1981981981981975
DB00983,D276300,1,train,33.0,5.0,0.306,0.6666666666666666,0.2075471698113207,0.0,0.87620354,0.8712732,0.7983072,0.2761904761904762,10.098,3.333333333333333,1.0377358490566035,0.0,4.3810177,4.356366,3.991536,1.380952380952381
DB00696,D200170,1,train,10.0,3.0,0.20389,0.2272727272727272,0.2352941176470588,0.0,0.8405833,0.81836134,0.847883,0.2123287671232876,2.0389,0.6818181818181817,0.7058823529411764,0.0,2.5217499,2.45508402,2.5436490000000003,0.6369863013698628
DB01035,D144650,1,train,2.0,1.0,0.28917,0.0,0.0289855072463768,0.0,0.7564331,0.7023576,0.7358908,0.102803738317757,0.57834,0.0,0.0289855072463768,0.0,0.7564331,0.7023576,0.7358908,0.102803738317757
DB00570,D110100,1,train,5.0,7.0,0.27466,0.0,0.0813953488372093,0.0,0.7641541,0.81621027,0.73477244,0.1683673469387755,1.3733,0.0,0.569767441860465,0.0,5.3490787,5.71347189,5.143407079999999,1.1785714285714286
DB00262,D236000,1,train,14.0,4.0,0.37407,0.0,0.2307692307692307,0.0,0.91800994,0.87707067,0.8411575,0.0833333333333333,5.23698,0.0,0.9230769230769228,0.0,3.67203976,3.50828268,3.36463,0.3333333333333332
DB00661,D208550,1,train,26.0,4.0,0.38905,0.0851063829787234,0.28,0.0,0.7413546,0.88769203,0.8358232,0.2176870748299319,10.1153,0.3404255319148936,1.12,0.0,2.9654184,3.55076812,3.3432928,0.8707482993197276
DB00408,D125851,1,train,10.0,3.0,0.54479,0.1818181818181818,0.4047619047619047,0.0,0.82429373,0.7848246,0.8044208,0.3363636363636363,5.4479,0.5454545454545454,1.2142857142857142,0.0,2.47288119,2.3544738,2.4132624000000003,1.0090909090909088
DB00541,D161900,1,train,69.0,1.0,0.27153,0.1428571428571428,0.5833333333333334,0.0,0.9164607,0.9214649,0.893204,0.913793103448276,18.73557,0.1428571428571428,0.5833333333333334,0.0,0.9164607,0.9214649,0.893204,0.913793103448276
DB00573,D147530,1,train,59.0,6.0,0.090358,0.4,0.6,0.0,0.9123237,0.8396416,0.888175,0.3647058823529411,5.331122,2.4000000000000004,3.6,0.0,5.4739422,5.0378496,5.3290500000000005,2.1882352941176464
DB01203,D247640,1,train,13.0,7.0,0.36818,1.0,0.5853658536585366,0.0,0.85041106,0.88257,0.8508208,0.2277227722772277,4.78634,7.0,4.097560975609756,0.0,5.95287742,6.177989999999999,5.9557456,1.594059405940594
DB01067,D140600,1,train,22.0,6.0,0.64093,0.0,0.0833333333333333,0.0,0.7286738,0.7638645,0.8225386,0.2105263157894736,14.10046,0.0,0.4999999999999998,0.0,4.3720428,4.583187,4.9352316,1.2631578947368416
DB00563,D181500,1,train,17.0,5.0,0.25185,0.0,0.2307692307692307,0.5,0.80945307,0.8995287,0.8068169,0.1933333333333333,4.28145,0.0,1.1538461538461535,2.5,4.04726535,4.4976435,4.0340845,0.9666666666666666
DB00382,D215140,1,train,16.0,3.0,0.17691,0.0,0.1875,0.0,0.84604514,0.9110237,0.7863103,0.2386363636363636,2.83056,0.0,0.5625,0.0,2.53813542,2.7330711,2.3589309,0.7159090909090908
DB00775,D608105,1,train,4.0,9.0,0.57022,0.0,0.064516129032258,0.0,0.83136386,0.80002916,0.8293926,0.1818181818181818,2.28088,0.0,0.580645161290322,0.0,7.482274739999999,7.20026244,7.4645334,1.6363636363636362
DB00612,D131440,1,train,0.0,3.0,0.40298,0.0,0.0,0.0,0.0,0.0,0.0,0.0,0.0,0.0,0.0,0.0,0.0,0.0,0.0,0.0
DB00996,D256700,1,train,3.0,12.0,0.40927,0.0,0.064516129032258,0.0,0.84144294,0.7832153,0.82569915,0.1375,1.22781,0.0,0.7741935483870959,0.0,10.09731528,9.398583599999998,9.9083898,1.65
DB00501,D181500,1,train,17.0,1.0,0.3557,0.0,0.1237113402061855,0.0,0.8782686,0.86401474,0.8274997,0.1147540983606557,6.0469,0.0,0.1237113402061855,0.0,0.8782686,0.86401474,0.8274997,0.1147540983606557
DB00203,D161900,1,train,69.0,0.0,0.0,0.1,0.1875,0.0,0.86536676,0.8248038,0.77025783,0.2421875,0.0,0.0,0.0,0.0,0.0,0.0,0.0,0.0
DB00385,D168600,1,train,7.0,0.0,0.0,0.0,0.02,0.0,0.8391247,0.7012137,0.76869434,0.136094674556213,0.0,0.0,0.0,0.0,0.0,0.0,0.0,0.0
DB01260,D125851,1,train,10.0,3.0,0.54479,0.0,0.0735294117647058,0.0,0.8025166,0.80144024,0.79724324,0.1354838709677419,5.4479,0.0,0.2205882352941174,0.0,2.4075498,2.4043207200000003,2.39172972,0.4064516129032257
DB00694,D256370,1,train,4.0,8.0,0.26058,0.0,0.0338983050847457,0.0,0.81867087,0.72391605,0.7935872,0.12,1.04232,0.0,0.2711864406779656,0.0,6.54936696,5.7913284,6.3486976,0.96
DB00497,D176807,1,train,9.0,0.0,0.0,0.0,0.0930232558139534,0.0,0.80233896,0.83393264,0.7781852,0.209090909090909,0.0,0.0,0.0,0.0,0.0,0.0,0.0,0.0
DB01267,D605839,1,train,5.0,1.0,0.33542,0.2352941176470588,0.1014492753623188,0.0,0.77927583,0.7214688,0.7468275,0.1221374045801526,1.6771,0.2352941176470588,0.1014492753623188,0.0,0.77927583,0.7214688,0.7468275,0.1221374045801526
DB00182,D143465,1,train,12.0,0.0,0.0,0.5555555555555556,0.6,0.0,0.9772001,0.8266288,0.7245069,1.0,0.0,0.0,0.0,0.0,0.0,0.0,0.0,0.0
DB00624,D144010,1,train,7.0,1.0,0.28917,0.0,0.1290322580645161,0.0,0.6540245,0.8150661,0.65835327,0.1300813008130081,2.02419,0.0,0.1290322580645161,0.0,0.6540245,0.8150661,0.65835327,0.1300813008130081
DB01003,D263300,1,train,1.0,4.0,0.32952,0.0,0.0,0.0,0.6401716,0.7960036,0.7397568,0.1197183098591549,0.32952,0.0,0.0,0.0,2.5606864,3.1840144,2.9590272,0.4788732394366196
DB01267,D144700,1,train,7.0,1.0,0.33542,0.125,0.1014492753623188,0.0,0.77927583,0.7214688,0.76623076,0.1288343558282208,2.34794,0.125,0.1014492753623188,0.0,0.77927583,0.7214688,0.76623076,0.1288343558282208
DB00572,D208230,1,train,15.0,4.0,0.45342,0.7777777777777778,0.4565217391304347,0.0,0.85835123,0.86071426,0.8545819,0.618421052631579,6.8013,3.111111111111111,1.8260869565217388,0.0,3.43340492,3.44285704,3.4183276,2.473684210526316
DB00434,D215140,1,train,16.0,4.0,0.1392,0.2727272727272727,0.2698412698412698,0.0,0.9174275,0.8690345,0.7742063,0.2386363636363636,2.2272,1.0909090909090908,1.0793650793650793,0.0,3.66971,3.476138,3.0968252,0.9545454545454544
DB00904,D137760,1,train,7.0,3.0,0.62654,0.0,0.1176470588235294,0.0,0.82046497,0.83209056,0.7692728,0.174757281553398,4.38578,0.0,0.3529411764705882,0.0,2.46139491,2.49627168,2.3078184,0.524271844660194
DB00933,D125600,1,train,5.0,3.0,0.32786,0.2,0.1636363636363636,0.0,0.83541906,0.8662854,0.76101524,0.1779661016949152,1.6393,0.6000000000000001,0.4909090909090908,0.0,2.50625718,2.5988562,2.28304572,0.5338983050847456
DB00014,D601518,1,train,2.0,3.0,0.50874,0.5,0.6060606060606061,1.0,0.8804829,0.84440535,0.59520555,0.7272727272727273,1.01748,1.5,1.8181818181818183,3.0,2.6414487,2.53321605,1.78561665,2.1818181818181817
DB00379,D212350,1,train,1.0,4.0,0.46949,0.0,0.1,0.0,0.8225488,0.48904538,0.77972436,0.2647058823529412,0.46949,0.0,0.4,0.0,3.2901952,1.95618152,3.11889744,1.0588235294117647
DB00310,D608622,1,train,51.0,1.0,0.27153,0.25,0.4545454545454545,0.0,0.9661298,0.9394111,0.0,0.2962962962962963,13.84803,0.25,0.4545454545454545,0.0,0.9661298,0.9394111,0.0,0.2962962962962963
DB00757,D540000,1,train,3.0,1.0,0.37073,0.0,0.2195121951219512,0.0,0.81173396,0.88849986,0.78175485,0.1721311475409836,1.11219,0.0,0.2195121951219512,0.0,0.81173396,0.88849986,0.78175485,0.1721311475409836
DB00848,D268220,1,train,3.0,4.0,0.2376,0.0,0.0256410256410256,0.0,0.8357206,0.78178835,0.7477523,0.2025316455696202,0.7128,0.0,0.1025641025641024,0.0,3.3428824,3.1271534,2.9910092,0.8101265822784808
DB04844,D110100,1,train,5.0,3.0,0.27466,0.03125,0.0983606557377049,0.0,0.8322946,0.909642,0.5991181,0.1683673469387755,1.3733,0.09375,0.2950819672131147,0.0,2.4968838,2.728926,1.7973542999999998,0.5051020408163265
DB00552,D165720,1,train,14.0,3.0,0.64093,0.0,0.075,0.0,0.82671463,0.7898847,0.79039925,0.1584158415841584,8.97302,0.0,0.2249999999999999,0.0,2.48014389,2.3696541,2.37119775,0.4752475247524751
DB01076,D308350,1,train,1.0,2.0,0.37603,0.0,0.081967213114754,0.0,0.7400868,0.6594494,0.8500123,0.029585798816568,0.37603,0.0,0.163934426229508,0.0,1.4801736,1.3188988,1.7000246,0.059171597633136
DB01233,D254400,1,train,5.0,13.0,0.27671,0.0,0.0727272727272727,0.0,0.8327745,0.8514743,0.80425423,0.1376146788990825,1.38355,0.0,0.9454545454545452,0.0,10.8260685,11.0691659,10.45530499,1.7889908256880724
DB00552,D140600,1,train,22.0,3.0,0.64093,0.0,0.4642857142857143,0.0,0.8792941,0.79825985,0.9247159,0.3513513513513513,14.10046,0.0,1.3928571428571428,0.0,2.6378823,2.39477955,2.7741477000000003,1.054054054054054
DB00627,D150600,1,train,4.0,4.0,0.3332,0.0,0.0222222222222222,0.0,0.7778934,0.81481177,0.7882694,0.203125,1.3328,0.0,0.0888888888888888,0.0,3.1115736,3.25924708,3.1530776,0.8125
DB00226,D161900,1,train,69.0,1.0,0.27153,0.1666666666666666,0.1428571428571428,0.0,0.87455714,0.915993,0.8319548,0.1194029850746268,18.73557,0.1666666666666666,0.1428571428571428,0.0,0.87455714,0.915993,0.8319548,0.1194029850746268
DB00652,D239350,1,train,7.0,4.0,0.20329,0.0,0.0983606557377049,0.0,0.8057836,0.76302373,0.7336303,0.1568627450980392,1.42303,0.0,0.3934426229508196,0.0,3.2231344,3.05209492,2.9345212,0.6274509803921569
DB01041,D256700,1,train,3.0,2.0,0.21813,0.0,0.1267605633802817,0.0,0.6549063,0.7832153,0.87486476,0.2444444444444444,0.65439,0.0,0.2535211267605634,0.0,1.3098126,1.5664306,1.74972952,0.4888888888888888
DB00287,D161900,1,train,69.0,2.0,0.11423,0.0,0.073170731707317,0.0,0.8954675,0.83853984,0.88127345,0.2520325203252032,7.88187,0.0,0.146341463414634,0.0,1.790935,1.67707968,1.7625469,0.5040650406504064
DB00331,D600807,1,train,17.0,2.0,0.38905,0.0,0.032258064516129,0.0,0.77263933,0.8661166,0.77839136,0.1632653061224489,6.61385,0.0,0.064516129032258,0.0,1.54527866,1.7322332,1.55678272,0.3265306122448978
DB01234,D102300,1,train,7.0,1.0,0.2731,0.0,0.0970873786407767,0.0,0.820255,0.8111301,0.795383,0.1636363636363636,1.9117,0.0,0.0970873786407767,0.0,0.820255,0.8111301,0.795383,0.1636363636363636
DB00744,D126200,1,train,9.0,3.0,0.19149,0.0,0.1956521739130435,0.0,0.79740024,0.8095887,0.8322698,0.2058823529411764,1.72341,0.0,0.5869565217391305,0.0,2.39220072,2.4287661000000003,2.4968094,0.6176470588235292
DB00443,D182280,1,train,4.0,4.0,0.25547,0.0,0.0933333333333333,0.0,0.8831329,0.8503573,0.8552898,0.1367521367521367,1.02188,0.0,0.3733333333333332,0.0,3.5325316,3.4014292,3.4211592,0.5470085470085468
DB00949,D157300,1,train,21.0,0.0,0.0,0.2222222222222222,0.2666666666666666,0.0,0.9395144,0.83238447,0.8899012,0.303030303030303,0.0,0.0,0.0,0.0,0.0,0.0,0.0,0.0
DB00724,D179600,1,train,8.0,1.0,0.095691,0.0,0.1388888888888889,0.0,0.8091281,0.82750714,0.78197855,0.2019230769230769,0.765528,0.0,0.1388888888888889,0.0,0.8091281,0.82750714,0.78197855,0.2019230769230769
DB00575,D208230,1,train,15.0,4.0,0.45342,0.0,0.1940298507462686,0.0,0.88808244,0.9132002,0.7534453,0.2602739726027397,6.8013,0.0,0.7761194029850744,0.0,3.55232976,3.6528008,3.0137812,1.0410958904109588
DB01176,D247640,1,train,13.0,1.0,0.36818,0.04,0.1111111111111111,0.0,0.9026036,0.8325561,0.81742,0.2688172043010752,4.78634,0.04,0.1111111111111111,0.0,0.9026036,0.8325561,0.81742,0.2688172043010752
DB00573,D161900,1,train,69.0,6.0,0.20505,0.5,0.3928571428571428,0.0,0.9173134,0.8828685,0.8782145,0.27,14.14845,3.0,2.3571428571428568,0.0,5.5038804,5.297211,5.269287,1.62
DB00883,D166710,1,train,5.0,3.0,0.29445,0.0,0.1020408163265306,0.0,0.849926,0.87703586,0.7639825,0.0543478260869565,1.4722499999999998,0.0,0.3061224489795918,0.0,2.549778,2.63110758,2.2919475,0.1630434782608695
DB00853,D215140,1,train,16.0,5.0,0.23165,0.0,0.2758620689655172,0.0,0.78118885,0.6532502,0.7425107,0.2432432432432432,3.7064,0.0,1.379310344827586,0.0,3.90594425,3.266251,3.7125535,1.216216216216216
DB00992,D233810,1,train,9.0,8.0,0.31158,0.0,0.054054054054054,0.0,0.7632529,0.65966856,0.7509795,0.0892857142857142,2.8042200000000004,0.0,0.432432432432432,0.0,6.1060232,5.27734848,6.007836,0.7142857142857136
DB04844,D161900,1,train,69.0,3.0,0.27153,0.25,0.1724137931034483,0.0,0.8833249,0.9189725,0.7196014,0.28125,18.73557,0.75,0.5172413793103449,0.0,2.6499747,2.7569175,2.1588042,0.84375
DB00444,D276300,1,train,33.0,1.0,0.24173,1.0,0.3541666666666667,0.0,0.8604373,0.8951074,0.826242,0.2041884816753926,7.97709,1.0,0.3541666666666667,0.0,0.8604373,0.8951074,0.826242,0.2041884816753926
DB00067,D304900,1,train,1.0,1.0,0.49872,0.75,0.6176470588235294,0.0,0.7905691,0.6844825,0.772561,0.4447058823529412,0.49872,0.75,0.6176470588235294,0.0,0.7905691,0.6844825,0.772561,0.4447058823529412
DB00343,D600082,1,train,6.0,1.0,0.081461,0.0,0.1486486486486486,0.0,0.75622773,0.7281256,0.8620381,0.1785714285714285,0.488766,0.0,0.1486486486486486,0.0,0.75622773,0.7281256,0.8620381,0.1785714285714285
DB00904,D161900,1,train,69.0,3.0,0.18847,0.1666666666666666,0.25,0.0,0.8840588,0.8665079,0.8149141,0.238095238095238,13.00443,0.4999999999999998,0.75,0.0,2.6521764,2.5995237,2.4447423,0.714285714285714
DB00921,D601042,1,train,6.0,2.0,0.11614,0.0,0.2352941176470588,0.0,0.893715,0.80192703,0.83906424,0.160427807486631,0.6968399999999999,0.0,0.4705882352941176,0.0,1.78743,1.60385406,1.67812848,0.320855614973262
DB01128,D190310,1,train,16.0,2.0,0.16422,0.0,0.1470588235294117,0.0,0.74079275,0.85075736,0.7561054,0.2475247524752475,2.62752,0.0,0.2941176470588234,0.0,1.4815855,1.70151472,1.5122108,0.495049504950495
DB00334,D110100,1,train,5.0,1.0,0.27466,0.03125,0.0983606557377049,0.0,0.85259235,0.909642,0.805993,0.1507537688442211,1.3733,0.03125,0.0983606557377049,0.0,0.85259235,0.909642,0.805993,0.1507537688442211
DB00394,D217200,1,train,16.0,0.0,0.0,0.1428571428571428,0.4081632653061224,0.0,0.8542152,0.90651137,0.7905961,0.3455882352941176,0.0,0.0,0.0,0.0,0.0,0.0,0.0,0.0
DB00419,D604416,1,train,13.0,5.0,0.1416,0.0,0.0357142857142857,0.0,0.8476568,0.84795856,0.7291183,0.1078431372549019,1.8408,0.0,0.1785714285714285,0.0,4.238284,4.2397928,3.6455915,0.5392156862745094
DB00275,D161900,1,train,69.0,0.0,0.0,0.5,0.375,0.0,0.9145267,0.8560305,0.8667238,0.4335664335664335,0.0,0.0,0.0,0.0,0.0,0.0,0.0,0.0
DB00659,D161900,1,train,69.0,6.0,0.25193,0.25,0.0952380952380952,0.0,0.78170973,0.859765,0.8673403,0.1549295774647887,17.38317,1.5,0.5714285714285712,0.0,4.69025838,5.15859,5.2040418,0.9295774647887322
DB00869,D600807,1,train,17.0,0.0,0.0,0.0,0.0909090909090909,0.0,0.8547007,0.7193028,0.84155583,0.1530612244897959,0.0,0.0,0.0,0.0,0.0,0.0,0.0,0.0
DB01064,D125850,1,train,12.0,3.0,0.89132,0.0285714285714285,0.1219512195121951,0.0,0.8892509,0.83539695,0.80827785,0.1789473684210526,10.69584,0.0857142857142855,0.3658536585365853,0.0,2.6677527,2.5061908500000003,2.42483355,0.5368421052631578
DB00721,D161900,1,train,69.0,3.0,0.27153,0.0689655172413793,0.5172413793103449,0.0,0.80407375,0.89902985,0.8627666,0.6271186440677966,18.73557,0.2068965517241379,1.5517241379310347,0.0,2.41222125,2.6970895500000003,2.5882998,1.8813559322033897
DB01399,D254200,1,train,4.0,1.0,0.17837,0.0,0.0793650793650793,0.0,0.7811066,0.84706444,0.70955265,0.21875,0.71348,0.0,0.0793650793650793,0.0,0.7811066,0.84706444,0.70955265,0.21875
DB00187,D161900,1,train,69.0,1.0,0.27153,0.5,0.625,0.0,0.8767697,0.90891314,0.0,0.7619047619047619,18.73557,0.5,0.625,0.0,0.8767697,0.90891314,0.0,0.7619047619047619
DB00717,D147530,1,train,59.0,0.0,0.0,0.75,0.3555555555555555,0.25,0.8545717,0.8629434,0.8609897,0.3495145631067961,0.0,0.0,0.0,0.0,0.0,0.0,0.0,0.0
DB00758,D604416,1,train,13.0,1.0,0.099195,0.0,0.1818181818181818,0.0,0.8168342,0.8877261,0.82144195,0.2272727272727272,1.289535,0.0,0.1818181818181818,0.0,0.8168342,0.8877261,0.82144195,0.2272727272727272
DB00775,D600131,1,train,4.0,9.0,0.96524,0.0,0.064516129032258,0.0,0.83136386,0.80002916,0.8293926,0.1818181818181818,3.86096,0.0,0.580645161290322,0.0,7.482274739999999,7.20026244,7.4645334,1.6363636363636362
DB01174,D164230,1,train,7.0,0.0,0.0,0.5,0.1287128712871287,0.0,0.7528646,0.8633473,0.75436735,0.2065217391304347,0.0,0.0,0.0,0.0,0.0,0.0,0.0,0.0
DB00921,D147530,1,train,59.0,2.0,0.090249,0.75,0.3725490196078431,0.0,0.9129712,0.89050436,0.8548833,0.5,5.324691,1.5,0.7450980392156862,0.0,1.8259424,1.78100872,1.7097666,1.0
DB00554,D217200,1,train,16.0,2.0,0.20329,0.0,0.1041666666666666,0.0,0.85460913,0.86533487,0.89549994,0.2260273972602739,3.25264,0.0,0.2083333333333332,0.0,1.70921826,1.73066974,1.79099988,0.4520547945205478
DB01200,D607681,1,train,3.0,8.0,0.99938,0.1363636363636363,0.1428571428571428,0.0,0.76287895,0.83221316,0.76241004,0.1515151515151515,2.99814,1.0909090909090904,1.1428571428571423,0.0,6.1030316,6.65770528,6.09928032,1.212121212121212
DB00714,D131300,1,train,3.0,2.0,0.21008,0.0,0.1791044776119403,0.0,0.8410102,0.8304168,0.83594215,0.1574074074074074,0.6302399999999999,0.0,0.3582089552238806,0.0,1.6820204,1.6608336,1.6718843,0.3148148148148148
DB00221,D210050,1,train,8.0,2.0,0.11202,0.5,0.9473684210526316,0.0,0.79637635,0.7433008,0.7639614,0.1583333333333333,0.89616,1.0,1.8947368421052635,0.0,1.5927527,1.4866016,1.5279228,0.3166666666666666
DB00776,D102500,1,train,11.0,3.0,0.20669,0.0,0.0886075949367088,0.0,0.8477466,0.82358533,0.84861517,0.2736842105263158,2.27359,0.0,0.2658227848101264,0.0,2.5432398000000003,2.47075599,2.54584551,0.8210526315789475
DB01196,D179600,1,train,8.0,6.0,0.21911,0.0,0.1388888888888889,0.0,0.8319044,0.81007046,0.7299798,0.1689189189189189,1.75288,0.0,0.8333333333333334,0.0,4.9914264,4.8604227600000005,4.3798788,1.0135135135135134
DB11750,D608622,1,train,51.0,1.0,0.27153,0.0,0.6666666666666666,0.0,0.8570804,0.37828964,0.0,0.7441860465116279,13.84803,0.0,0.6666666666666666,0.0,0.8570804,0.37828964,0.0,0.7441860465116279
DB00588,D147530,1,train,59.0,4.0,0.057637,0.6,0.2258064516129032,0.0,0.92387575,0.82192945,0.852335,0.2857142857142857,3.400583,2.4,0.9032258064516128,0.0,3.695503,3.2877178,3.40934,1.1428571428571428
DB00481,D607459,1,train,15.0,7.0,0.14234,0.0,0.075,0.0,0.9150839,0.82579184,0.8437301,0.2434210526315789,2.1351,0.0,0.525,0.0,6.4055873,5.7805428800000005,5.9061107,1.7039473684210522
DB00559,D109800,1,train,4.0,14.0,0.24717,0.0,0.1632653061224489,0.0,0.80548686,0.77290785,0.8074812,0.0869565217391304,0.98868,0.0,2.2857142857142847,0.0,11.27681604,10.8207099,11.3047368,1.2173913043478255
DB00860,D607850,1,train,13.0,4.0,0.77658,0.0,0.1272727272727272,0.0,0.8792441,0.85928357,0.8602674,0.3894736842105263,10.09554,0.0,0.5090909090909088,0.0,3.5169764,3.43713428,3.4410696,1.5578947368421052
DB00908,D607681,1,train,3.0,9.0,0.99938,0.1363636363636363,0.1428571428571428,0.0,0.82385695,0.83221316,0.76241004,0.1463414634146341,2.99814,1.2272727272727266,1.2857142857142851,0.0,7.41471255,7.48991844,6.86169036,1.317073170731707
DB01110,D115000,1,train,10.0,1.0,0.0,0.1075268817204301,0.1052631578947368,0.0,0.76557755,0.8787792,0.8043088,0.1570247933884297,0.0,0.1075268817204301,0.1052631578947368,0.0,0.76557755,0.8787792,0.8043088,0.1570247933884297
DB00889,D147530,1,train,59.0,0.0,0.0,0.25,0.3111111111111111,0.0,0.8809074,0.9270047,0.8487244,0.3695652173913043,0.0,0.0,0.0,0.0,0.0,0.0,0.0,0.0
DB00428,D608033,1,train,2.0,1.0,0.21487,0.0,0.0,0.0,0.7981522,0.7492391,0.77238244,0.0454545454545454,0.42974,0.0,0.0,0.0,0.7981522,0.7492391,0.77238244,0.0454545454545454
DB00471,D181500,1,train,17.0,5.0,0.30068,0.0,0.1129032258064516,0.0,0.8782686,0.8163463,0.8941197,0.2228915662650602,5.11156,0.0,0.564516129032258,0.0,4.391343,4.0817315,4.4705985,1.114457831325301
DB00800,D304790,1,train,7.0,1.0,0.24538,0.6,0.1923076923076923,0.0,0.89941585,0.74182904,0.7058801,0.2272727272727272,1.71766,0.6,0.1923076923076923,0.0,0.89941585,0.74182904,0.7058801,0.2272727272727272
DB00788,D608320,1,train,3.0,2.0,0.14666,0.0,0.0454545454545454,0.0,0.74243134,0.7968739,0.8427608,0.2051282051282051,0.43998,0.0,0.0909090909090908,0.0,1.48486268,1.5937478,1.6855216,0.4102564102564102
DB00594,D233810,1,train,9.0,0.0,0.0,0.0,0.0256410256410256,0.0,0.8282174,0.8062415,0.8441322,0.1604938271604938,0.0,0.0,0.0,0.0,0.0,0.0,0.0,0.0
DB00441,D151590,1,train,5.0,3.0,0.22365,0.25,0.3333333333333333,0.0,0.83744127,0.83254135,0.91382855,0.2875,1.11825,0.75,1.0,0.0,2.51232381,2.49762405,2.74148565,0.8624999999999999
DB00515,D608622,1,train,51.0,2.0,0.27153,0.0,0.2105263157894736,0.0,0.8750048,0.89578855,0.8676752,0.0273972602739726,13.84803,0.0,0.4210526315789472,0.0,1.7500096,1.7915771,1.7353504,0.0547945205479452
DB00995,D267740,1,train,3.0,11.0,0.57964,0.0,0.05,0.0,0.7135577,0.73072475,0.7063077,0.1641791044776119,1.7389200000000002,0.0,0.55,0.0,7.8491347,8.037972250000001,7.7693847,1.8059701492537308
DB01200,D300491,1,train,4.0,8.0,0.65631,0.1363636363636363,0.1428571428571428,0.0,0.76287895,0.83221316,0.76241004,0.1515151515151515,2.62524,1.0909090909090904,1.1428571428571423,0.0,6.1030316,6.65770528,6.09928032,1.212121212121212
DB01018,D109350,1,train,10.0,2.0,0.0,0.0769230769230769,0.127906976744186,0.0,0.83169746,0.8723149,0.73947585,0.141025641025641,0.0,0.1538461538461538,0.255813953488372,0.0,1.66339492,1.7446298,1.4789517,0.282051282051282
DB00806,D600351,1,train,15.0,3.0,0.22604,0.0,0.1081081081081081,0.0,0.88669574,0.7683917,0.8005769,0.2432432432432432,3.3906,0.0,0.3243243243243243,0.0,2.66008722,2.3051751,2.4017307,0.7297297297297296
DB00588,D161900,1,train,69.0,4.0,0.27153,0.5,0.26,0.0,0.9067375,0.817497,0.8443914,0.6310679611650486,18.73557,2.0,1.04,0.0,3.62695,3.269988,3.3775656,2.5242718446601944
DB00204,D115000,1,train,10.0,2.0,0.24011,0.1,0.2571428571428571,0.0,0.83193755,0.78439045,0.82689464,0.1640625,2.4011,0.2,0.5142857142857142,0.0,1.6638751,1.5687809,1.65378928,0.328125
DB00570,D140850,1,train,0.0,7.0,0.20972,0.0,0.0,0.0,0.0,0.0,0.0,0.0,0.0,0.0,0.0,0.0,0.0,0.0,0.0,0.0
DB01132,D602080,1,train,4.0,1.0,0.22059,0.0,0.0985915492957746,0.0,0.7152544,0.77216023,0.82062054,0.2105263157894736,0.88236,0.0,0.0985915492957746,0.0,0.7152544,0.77216023,0.82062054,0.2105263157894736
DB00767,D191390,1,train,2.0,1.0,0.22202,0.2,0.0232558139534883,0.0,0.6982644,0.8260666,0.6914053,0.1779661016949152,0.44404,0.2,0.0232558139534883,0.0,0.6982644,0.8260666,0.6914053,0.1779661016949152
DB00619,D114580,1,train,3.0,10.0,0.36264,0.0,0.1443298969072164,0.0,0.76602674,0.8560375,0.8326396,0.2,1.08792,0.0,1.443298969072164,0.0,7.6602674,8.560375,8.326396,2.0
DB00206,D161900,1,train,69.0,0.0,0.0,0.25,0.2121212121212121,0.0,0.81561804,0.91495085,0.90026104,0.2731277533039647,0.0,0.0,0.0,0.0,0.0,0.0,0.0,0.0
DB00537,D147530,1,train,59.0,5.0,0.32759,0.1818181818181818,0.56,0.0,0.8322259,0.9030093,0.87949884,0.4183673469387755,19.32781,0.909090909090909,2.8000000000000003,0.0,4.1611295,4.5150465,4.3974942,2.091836734693877
DB01255,D276300,1,train,33.0,1.0,0.24173,0.0,0.1777777777777777,0.0,0.84135497,0.86563873,0.82546425,0.2835820895522388,7.97709,0.0,0.1777777777777777,0.0,0.84135497,0.86563873,0.82546425,0.2835820895522388
DB00519,D161900,1,train,69.0,2.0,0.27153,1.0,0.6111111111111112,0.0,0.9252018,0.7440573,0.81075746,0.5203252032520326,18.73557,2.0,1.2222222222222223,0.0,1.8504036,1.4881146,1.62151492,1.0406504065040652
DB00361,D181500,1,train,17.0,0.0,0.0,0.0,0.22,0.0,0.80945307,0.85761654,0.79357487,0.1953488372093023,0.0,0.0,0.0,0.0,0.0,0.0,0.0,0.0
DB00297,D147530,1,train,59.0,0.0,0.0,0.125,0.3703703703703703,0.2,0.9884789,0.92926836,0.79905534,0.4383561643835616,0.0,0.0,0.0,0.0,0.0,0.0,0.0,0.0
DB00537,D143465,1,train,12.0,5.0,0.061224,0.0625,0.1346153846153846,0.0,0.7726156,0.85697603,0.8313377,0.1984126984126984,0.734688,0.3125,0.673076923076923,0.0,3.863078,4.28488015,4.1566885,0.992063492063492
DB00675,D161900,1,train,69.0,2.0,0.38439,0.2222222222222222,0.2588235294117647,0.0,0.91915756,0.85937756,0.8645036,0.3211678832116788,26.52291,0.4444444444444444,0.5176470588235293,0.0,1.83831512,1.71875512,1.7290072,0.6423357664233575
DB00608,D147530,1,train,59.0,0.0,0.0,0.0,0.2361111111111111,0.0,0.91879445,0.83924174,0.80886555,0.2705882352941176,0.0,0.0,0.0,0.0,0.0,0.0,0.0,0.0
DB00631,D181000,1,train,3.0,16.0,0.34486,0.0,0.0526315789473684,0.0,0.7083146,0.7846774,0.7509794,0.101010101010101,1.03458,0.0,0.8421052631578944,0.0,11.3330336,12.5548384,12.0156704,1.616161616161616
DB00153,D259660,1,train,0.0,1.0,0.14714,0.0,0.0,0.0,0.0,0.0,0.0,0.0,0.0,0.0,0.0,0.0,0.0,0.0,0.0,0.0
DB00966,D608622,1,train,51.0,1.0,0.27153,0.5,0.4571428571428571,0.0,0.92671305,0.8841969,0.8278983,0.3032258064516129,13.84803,0.5,0.4571428571428571,0.0,0.92671305,0.8841969,0.8278983,0.3032258064516129
DB01157,D147530,1,train,59.0,0.0,0.0,0.0,0.088235294117647,0.0,0.8950553,0.87887,0.845109,0.2809917355371901,0.0,0.0,0.0,0.0,0.0,0.0,0.0,0.0
DB00710,D208230,1,train,15.0,4.0,0.43415,0.0,0.04,0.0,0.89515656,0.7053194,0.78551066,0.1351351351351351,6.51225,0.0,0.16,0.0,3.58062624,2.8212776,3.14204264,0.5405405405405403
DB00631,D304790,1,train,7.0,16.0,0.31153,0.0,0.2727272727272727,0.0,0.7187965,0.8173546,0.78966683,0.1481481481481481,2.18071,0.0,4.363636363636363,0.0,11.500744,13.0776736,12.63466928,2.37037037037037
DB00583,D608622,1,train,51.0,1.0,0.2703,0.0384615384615384,0.0555555555555555,0.0,0.87993026,0.76039326,0.83445674,0.1643835616438356,13.7853,0.0384615384615384,0.0555555555555555,0.0,0.87993026,0.76039326,0.83445674,0.1643835616438356
DB00864,D601665,1,train,5.0,2.0,0.22348,0.0,0.1466666666666666,0.0,0.75295025,0.75796264,0.8346007,0.140625,1.1174,0.0,0.2933333333333332,0.0,1.5059005,1.51592528,1.6692014,0.28125
DB13919,D190310,1,train,16.0,1.0,0.068205,0.0,0.15,0.0,0.8796054,0.6305609,0.0,0.2288135593220339,1.09128,0.0,0.15,0.0,0.8796054,0.6305609,0.0,0.2288135593220339
DB00007,D600082,1,train,6.0,6.0,0.57246,0.0,0.056338028169014,0.0,0.73934585,0.76412576,0.73244876,0.1293706293706293,3.43476,0.0,0.338028169014084,0.0,4.4360751,4.58475456,4.39469256,0.7762237762237758
DB00716,D131200,1,train,8.0,4.0,0.2832,0.0,0.0476190476190476,0.0,0.8047954,0.8257442,0.7885626,0.1475409836065573,2.2656,0.0,0.1904761904761904,0.0,3.2191816,3.3029768,3.1542504,0.5901639344262292
DB01165,D602068,1,train,1.0,2.0,0.20851,0.0,0.0232558139534883,0.0,0.62417376,0.71558595,0.6395956,0.0902255639097744,0.20851,0.0,0.0465116279069766,0.0,1.24834752,1.4311719,1.2791912,0.1804511278195488
DB00290,D236000,1,train,14.0,4.0,0.47256,0.0,0.2857142857142857,0.0,0.91800994,0.8166106,0.8791588,0.1497695852534562,6.61584,0.0,1.1428571428571428,0.0,3.67203976,3.2664424,3.5166352,0.5990783410138248
DB01033,D608583,1,train,6.0,2.0,0.90778,0.0,0.0606060606060606,0.0,0.79592264,0.8302221,0.64869076,0.144927536231884,5.446680000000001,0.0,0.1212121212121212,0.0,1.59184528,1.6604442,1.29738152,0.289855072463768
DB01217,D217150,1,train,0.0,7.0,0.27518,0.0,0.0,0.0,0.0,0.0,0.0,0.0,0.0,0.0,0.0,0.0,0.0,0.0,0.0,0.0
DB00398,D167320,1,train,5.0,6.0,0.22059,0.0,0.1,0.0,0.79995495,0.80416393,0.7410303,0.2105263157894736,1.10295,0.0,0.6000000000000001,0.0,4.7997297,4.82498358,4.4461818,1.2631578947368416
DB00716,D102500,1,train,11.0,4.0,0.20656,0.0,0.0833333333333333,0.0,0.7888832,0.8436954,0.8127367,0.1475409836065573,2.27216,0.0,0.3333333333333332,0.0,3.1555328,3.3747816,3.2509468,0.5901639344262292
DB00763,D233810,1,train,9.0,1.0,0.059788,0.0,0.074074074074074,0.0,0.7757434,0.80393505,0.80087733,0.08,0.538092,0.0,0.074074074074074,0.0,0.7757434,0.80393505,0.80087733,0.08
DB00619,D173200,1,train,0.0,10.0,0.20984,0.0,0.0,0.0,0.0,0.0,0.0,0.0,0.0,0.0,0.0,0.0,0.0,0.0,0.0,0.0
DB01200,D607628,1,train,3.0,8.0,0.78967,0.1363636363636363,0.1428571428571428,0.0,0.73038137,0.83221316,0.76241004,0.1463414634146341,2.36901,1.0909090909090904,1.1428571428571423,0.0,5.84305096,6.65770528,6.09928032,1.1707317073170729
DB00318,D300125,1,train,7.0,1.0,0.23866,0.0,0.1698113207547169,0.0,0.8435094,0.8189817,0.8581555,0.1557377049180328,1.67062,0.0,0.1698113207547169,0.0,0.8435094,0.8189817,0.8581555,0.1557377049180328
DB00959,D161900,1,train,69.0,0.0,0.0,0.5,0.3968253968253968,0.0,0.9079148,0.9905731,0.8651979,0.5425531914893617,0.0,0.0,0.0,0.0,0.0,0.0,0.0,0.0
DB01023,D161900,1,train,69.0,4.0,0.38439,0.5384615384615384,0.631578947368421,0.0,0.9740546,0.8882315,0.7379831,0.5494505494505495,26.52291,2.1538461538461537,2.526315789473684,0.0,3.8962184,3.552926,2.9519324,2.197802197802198
DB00325,D147530,1,train,59.0,1.0,0.20452,0.0,0.1052631578947368,0.0,0.8847733,0.75892025,0.8008887,0.0459770114942528,12.06668,0.0,0.1052631578947368,0.0,0.8847733,0.75892025,0.8008887,0.0459770114942528
DB00216,D607508,1,train,0.0,5.0,0.93936,0.0,0.0,0.0,0.0,0.0,0.0,0.0,0.0,0.0,0.0,0.0,0.0,0.0,0.0,0.0
DB00806,D215140,1,train,16.0,3.0,0.1392,0.0,0.0975609756097561,0.0,0.88669574,0.7683917,0.8005769,0.2432432432432432,2.2272,0.0,0.2926829268292683,0.0,2.66008722,2.3051751,2.4017307,0.7297297297297296
DB00861,D109350,1,train,10.0,2.0,0.10094,0.0,0.0561797752808988,0.0,0.7702176,0.82899475,0.8589851,0.2475247524752475,1.0094,0.0,0.1123595505617976,0.0,1.5404352,1.6579895,1.7179702,0.495049504950495
DB00481,D147530,1,train,59.0,7.0,0.093951,0.0,0.1034482758620689,0.0,0.8251591,0.8532153,0.81441194,0.3555555555555555,5.543109,0.0,0.7241379310344822,0.0,5.7761137,5.9725071,5.700883579999999,2.4888888888888885
DB00162,D277350,1,train,1.0,0.0,0.0,0.0,0.0,0.0,0.6690754,0.537922,0.0,0.0471698113207547,0.0,0.0,0.0,0.0,0.0,0.0,0.0,0.0
DB01254,D300494,1,train,2.0,1.0,0.15477,0.0,0.1298701298701298,0.0,0.68509597,0.778,0.67018324,0.1205673758865248,0.30954,0.0,0.1298701298701298,0.0,0.68509597,0.778,0.67018324,0.1205673758865248
DB00563,D128101,1,train,1.0,5.0,0.25185,0.0,0.0327868852459016,0.0,0.71428686,0.7624857,0.69073266,0.1834862385321101,0.25185,0.0,0.163934426229508,0.0,3.5714343,3.8124285,3.4536633,0.9174311926605504
DB00619,D148100,1,train,0.0,10.0,0.17715,0.0,0.0,0.0,0.0,0.0,0.0,0.0,0.0,0.0,0.0,0.0,0.0,0.0,0.0,0.0
DB00975,D131200,1,train,8.0,4.0,0.2832,0.0,0.0545454545454545,0.0,0.8332573,0.84533817,0.7974138,0.0833333333333333,2.2656,0.0,0.218181818181818,0.0,3.3330292,3.38135268,3.1896552,0.3333333333333332
DB00787,D607459,1,train,15.0,10.0,0.14574,0.0,0.072289156626506,0.0,0.7913044,0.7429427,0.81873536,0.1379310344827586,2.1861,0.0,0.7228915662650599,0.0,7.913044,7.429427,8.1873536,1.379310344827586
DB00816,D217200,1,train,16.0,5.0,0.20329,0.0,0.0895522388059701,0.0,0.8676601,0.83794785,0.77721196,0.1666666666666666,3.25264,0.0,0.4477611940298505,0.0,4.3383005,4.189739250000001,3.8860598,0.833333333333333
DB00419,D208300,1,train,4.0,5.0,0.084877,0.0,0.0285714285714285,0.0,0.8451058,0.8676419,0.7641094,0.0632911392405063,0.339508,0.0,0.1428571428571425,0.0,4.225529,4.3382095,3.820547,0.3164556962025315
DB00694,D608622,1,train,51.0,8.0,0.27153,1.0,0.4150943396226415,0.0,0.8924023,0.89578855,0.8564116,0.2068965517241379,13.84803,8.0,3.320754716981132,0.0,7.1392184,7.1663084,6.8512928,1.6551724137931032
DB00536,D258360,1,train,1.0,2.0,0.22332,0.0,0.064516129032258,0.0,0.64805114,0.49645245,0.68661785,0.087719298245614,0.22332,0.0,0.129032258064516,0.0,1.29610228,0.9929049,1.3732357,0.175438596491228
DB00379,D305300,1,train,0.0,4.0,0.38308,0.0,0.0,0.0,0.0,0.0,0.0,0.0,0.0,0.0,0.0,0.0,0.0,0.0,0.0,0.0
DB00441,D133600,1,train,4.0,3.0,0.055593,0.25,0.3333333333333333,0.0,0.83744127,0.8255198,0.91382855,0.2875,0.222372,0.75,1.0,0.0,2.51232381,2.4765594,2.74148565,0.8624999999999999
DB00327,D165720,1,train,14.0,8.0,0.64093,0.75,0.3043478260869565,0.0,0.889342,0.7583865,0.83827895,0.1909090909090909,8.97302,6.0,2.434782608695652,0.0,7.114736,6.067092,6.7062316,1.5272727272727271
DB00035,D600631,1,train,1.0,4.0,0.99992,0.0,0.0144927536231884,0.0,0.7310125,0.5759979,0.7378632,0.1056910569105691,0.99992,0.0,0.0579710144927536,0.0,2.92405,2.3039916,2.9514528,0.4227642276422764
DB00545,D233810,1,train,9.0,0.0,0.0,0.0,0.0789473684210526,0.0,0.86571735,0.82264733,0.84187365,0.1333333333333333,0.0,0.0,0.0,0.0,0.0,0.0,0.0,0.0
DB00125,D220120,1,train,0.0,0.0,0.0,0.0,0.0,0.0,0.0,0.0,0.0,0.0,0.0,0.0,0.0,0.0,0.0,0.0,0.0,0.0
DB00654,D311360,1,train,2.0,0.0,0.0,0.0,0.0204081632653061,0.0,0.7704432,0.7245526,0.622547,0.1370967741935483,0.0,0.0,0.0,0.0,0.0,0.0,0.0,0.0
DB00612,D276300,1,train,33.0,3.0,0.16676,0.6666666666666666,0.2222222222222222,0.0,0.87439644,0.8434441,0.82772183,0.2761904761904762,5.50308,2.0,0.6666666666666666,0.0,2.6231893200000003,2.5303323,2.48316549,0.8285714285714286
DB01202,D157700,1,train,7.0,4.0,0.27466,0.0,0.1034482758620689,0.0,0.85259235,0.82338583,0.805993,0.1428571428571428,1.92262,0.0,0.4137931034482756,0.0,3.4103694,3.29354332,3.223972,0.5714285714285712
DB00381,D125320,1,train,12.0,2.0,0.51994,0.0,0.1571428571428571,0.0,0.78361225,0.85995513,0.8094471,0.211864406779661,6.239279999999999,0.0,0.3142857142857142,0.0,1.5672245,1.71991026,1.6188942,0.423728813559322
DB00661,D600807,1,train,17.0,4.0,0.38905,0.2285714285714285,0.1904761904761904,0.0,0.7220504,0.8921058,0.7642893,0.1862068965517241,6.61385,0.914285714285714,0.7619047619047616,0.0,2.8882016,3.5684232,3.0571572,0.7448275862068964
DB00454,D179600,1,train,8.0,3.0,0.13895,0.0,0.0869565217391304,0.0,0.8296874,0.8453727,0.860881,0.1860465116279069,1.1116,0.0,0.2608695652173912,0.0,2.4890622,2.5361181,2.582643,0.5581395348837207
DB00573,D143465,1,train,12.0,6.0,0.17071,0.0,0.1666666666666666,0.0,0.82780933,0.85013545,0.82629985,0.3013698630136986,2.04852,0.0,0.9999999999999996,0.0,4.96685598,5.1008127000000005,4.9577991,1.808219178082192
DB00754,D276300,1,train,33.0,4.0,0.16369,0.1428571428571428,0.088235294117647,0.0,0.90618265,0.8682479,0.82609963,0.3125,5.40177,0.5714285714285712,0.352941176470588,0.0,3.6247306,3.4729916,3.30439852,1.25
DB00852,D276300,1,train,33.0,2.0,0.32532,0.1538461538461538,0.2075471698113207,0.3333333333333333,0.91963816,0.89508057,0.80054724,0.2835820895522388,10.73556,0.3076923076923076,0.4150943396226414,0.6666666666666666,1.83927632,1.79016114,1.60109448,0.5671641791044776
DB00285,D164230,1,train,7.0,4.0,0.15621,0.25,0.4262295081967213,0.0,0.92305934,0.86414665,0.7957981,0.1809523809523809,1.09347,1.0,1.7049180327868851,0.0,3.69223736,3.4565866,3.1831924,0.7238095238095236
DB00992,D208920,1,train,1.0,8.0,0.25375,0.0,0.0526315789473684,0.0,0.5149484,0.62815154,0.7509795,0.0253164556962025,0.25375,0.0,0.4210526315789472,0.0,4.1195872,5.02521232,6.007836,0.20253164556962
DB00790,D217200,1,train,16.0,14.0,0.50245,0.0,0.075,0.0,0.9006805,0.7179599,0.8893825,0.2086330935251798,8.0392,0.0,1.05,0.0,12.609527,10.0514386,12.451355,2.920863309352517
DB00585,D308205,1,train,1.0,6.0,0.12205,0.0,0.0294117647058823,0.0,0.72294766,0.7689539,0.7071785,0.09,0.12205,0.0,0.1764705882352938,0.0,4.33768596,4.6137234,4.2430710000000005,0.54
DB03904,D604278,1,train,0.0,1.0,0.23981,0.0,0.0,0.0,0.0,0.0,0.0,0.0,0.0,0.0,0.0,0.0,0.0,0.0,0.0,0.0
DB00433,D147540,1,train,7.0,7.0,0.05757,0.0789473684210526,0.1627906976744186,0.0,0.8413828,0.9132918,0.91252524,0.2657342657342657,0.40299,0.5526315789473681,1.13953488372093,0.0,5.8896796,6.3930426,6.38767668,1.86013986013986
DB00221,D600807,1,train,17.0,2.0,0.38905,0.0555555555555555,0.1489361702127659,0.0,0.84626514,0.8325981,0.84155583,0.1555555555555555,6.61385,0.111111111111111,0.2978723404255318,0.0,1.69253028,1.6651962,1.68311166,0.311111111111111
DB00694,D143880,1,train,4.0,8.0,0.21602,0.0,0.2535211267605634,0.0,0.82247543,0.89698124,0.8869724,0.1126760563380281,0.86408,0.0,2.028169014084507,0.0,6.57980344,7.17584992,7.0957792,0.9014084507042248
DB00627,D167320,1,train,5.0,4.0,0.23028,0.0,0.1020408163265306,0.0,0.8190881,0.80416393,0.83857065,0.1067961165048543,1.1514,0.0,0.4081632653061224,0.0,3.2763524,3.21665572,3.3542826,0.4271844660194172
DB00921,D200170,1,train,10.0,2.0,0.11614,0.6,0.3,0.0,0.8691235,0.89050436,0.83906424,0.5,1.1614,1.2,0.6,0.0,1.738247,1.78100872,1.67812848,1.0
DB00514,D236000,1,train,14.0,7.0,0.37407,0.0975609756097561,0.188235294117647,0.0,0.86803204,0.8645348,0.8245274,0.1683168316831683,5.23698,0.6829268292682927,1.317647058823529,0.0,6.07622428,6.0517436,5.7716918,1.1782178217821782
DB00547,D604416,1,train,13.0,0.0,0.0,0.0,0.0869565217391304,0.0,0.83098215,0.8417556,0.8202468,0.1724137931034483,0.0,0.0,0.0,0.0,0.0,0.0,0.0,0.0
DB01029,D276300,1,train,33.0,1.0,0.22705,0.0454545454545454,0.1621621621621621,0.0,0.9040428,0.86032516,0.82072085,0.2439024390243902,7.49265,0.0454545454545454,0.1621621621621621,0.0,0.9040428,0.86032516,0.82072085,0.2439024390243902
DB00480,D102500,1,train,11.0,1.0,0.2527,0.0,0.0909090909090909,0.0,0.8271627,0.8519143,0.837362,0.2159090909090909,2.7797,0.0,0.0909090909090909,0.0,0.8271627,0.8519143,0.837362,0.2159090909090909
DB01364,D168100,1,train,13.0,1.0,0.46405,0.125,0.1833333333333333,0.0,0.8712064,0.90201086,0.831695,0.2608695652173913,6.03265,0.125,0.1833333333333333,0.0,0.8712064,0.90201086,0.831695,0.2608695652173913
DB00035,D134430,1,train,1.0,4.0,0.0545,0.0,0.1025641025641025,0.0,0.8225155,0.6251518,0.88883734,0.0585585585585585,0.0545,0.0,0.41025641025641,0.0,3.290062,2.5006072,3.55534936,0.234234234234234
DB00213,D190310,1,train,16.0,1.0,0.068205,0.0,0.1290322580645161,0.0,0.83652437,0.77466047,0.8660384,0.173076923076923,1.09128,0.0,0.1290322580645161,0.0,0.83652437,0.77466047,0.8660384,0.173076923076923
DB00945,D114480,1,train,13.0,0.0,0.0,0.0333333333333333,0.0845070422535211,0.0,0.82912135,0.828603,0.8192255,0.2588235294117647,0.0,0.0,0.0,0.0,0.0,0.0,0.0,0.0
DB00905,D217200,1,train,16.0,0.0,0.0,0.0,0.1162790697674418,0.0,0.86141264,0.8520762,0.79384154,0.1834862385321101,0.0,0.0,0.0,0.0,0.0,0.0,0.0,0.0
DB01579,D605839,1,train,5.0,1.0,0.33542,0.3333333333333333,0.1470588235294117,0.0,0.7566819,0.86951625,0.7468275,0.2727272727272727,1.6771,0.3333333333333333,0.1470588235294117,0.0,0.7566819,0.86951625,0.7468275,0.2727272727272727
DB00669,D600496,1,train,11.0,2.0,0.89132,0.125,0.1509433962264151,0.0,0.860901,0.9053834,0.74410284,0.2207792207792207,9.80452,0.25,0.3018867924528302,0.0,1.721802,1.8107668,1.48820568,0.4415584415584414
DB00704,D147530,1,train,59.0,2.0,0.049705,0.75,0.3714285714285714,0.0,0.85644937,0.89050436,0.8893957,0.5,2.932595,1.5,0.7428571428571428,0.0,1.71289874,1.78100872,1.7787914,1.0
DB01577,D264120,1,train,7.0,1.0,0.22348,0.5,0.6111111111111112,0.0,0.84408534,0.8933089,0.68799615,0.6388888888888888,1.5643600000000002,0.5,0.6111111111111112,0.0,0.84408534,0.8933089,0.68799615,0.6388888888888888
DB00262,D137800,1,train,0.0,4.0,0.37449,0.0,0.0,0.0,0.0,0.0,0.0,0.0,0.0,0.0,0.0,0.0,0.0,0.0,0.0,0.0
DB00795,D161900,1,train,69.0,1.0,0.27153,0.25,0.2105263157894736,0.0,0.8936982,0.9094913,0.8179103,0.2711864406779661,18.73557,0.25,0.2105263157894736,0.0,0.8936982,0.9094913,0.8179103,0.2711864406779661
DB00710,D607459,1,train,15.0,4.0,0.10672,0.0,0.0285714285714285,0.0,0.89515656,0.7053194,0.80524784,0.1351351351351351,1.6008,0.0,0.114285714285714,0.0,3.58062624,2.8212776,3.22099136,0.5405405405405403
DB01406,D208550,1,train,26.0,0.0,0.0,0.1428571428571428,0.1333333333333333,0.0,0.83803934,0.8824662,0.8102407,0.3653846153846153,0.0,0.0,0.0,0.0,0.0,0.0,0.0,0.0
DB01101,D252320,1,train,10.0,1.0,0.098473,1.0,0.425,0.0,0.8977733,0.837206,0.8525622,0.1530612244897959,0.98473,1.0,0.425,0.0,0.8977733,0.837206,0.8525622,0.1530612244897959
DB00499,D165720,1,train,14.0,3.0,0.64093,0.25,0.0983606557377049,0.0,0.8461813,0.7868648,0.8104342,0.1477272727272727,8.97302,0.75,0.2950819672131147,0.0,2.5385439,2.3605944,2.4313026,0.4431818181818181
DB00246,D181500,1,train,17.0,1.0,0.3557,0.2258064516129032,0.2950819672131147,0.0,0.8954884,0.8445398,0.8941197,0.3247863247863248,6.0469,0.2258064516129032,0.2950819672131147,0.0,0.8954884,0.8445398,0.8941197,0.3247863247863248
DB00316,D608088,1,train,9.0,2.0,0.070374,0.0,0.1666666666666666,0.0,0.87470126,0.90422904,0.6949863,0.1477272727272727,0.6333660000000001,0.0,0.3333333333333332,0.0,1.74940252,1.80845808,1.3899726,0.2954545454545454
DB00433,D606798,1,train,0.0,7.0,0.32873,0.0,0.0,0.0,0.0,0.0,0.0,0.0,0.0,0.0,0.0,0.0,0.0,0.0,0.0,0.0
DB01136,D208550,1,train,26.0,1.0,0.16032,0.1739130434782608,0.28,0.0,0.76348674,0.9178366,0.8249824,0.2195121951219512,4.16832,0.1739130434782608,0.28,0.0,0.76348674,0.9178366,0.8249824,0.2195121951219512
DB01161,D144110,1,train,4.0,4.0,0.053218,0.0769230769230769,0.0909090909090909,0.0,0.7302856,0.7597605,0.8338417,0.1627906976744186,0.212872,0.3076923076923076,0.3636363636363636,0.0,2.9211424,3.039042,3.3353668,0.6511627906976744
DB01105,D540000,1,train,3.0,2.0,0.37073,0.0,0.2195121951219512,0.0,0.6621233,0.8417423,0.78175485,0.1588785046728972,1.11219,0.0,0.4390243902439024,0.0,1.3242466,1.6834846,1.5635097,0.3177570093457944
DB01261,D247200,1,train,1.0,1.0,0.037438,0.0,0.048780487804878,0.0,0.7673961,0.5766699,0.7702882,0.0743801652892562,0.037438,0.0,0.048780487804878,0.0,0.7673961,0.5766699,0.7702882,0.0743801652892562
DB00443,D236000,1,train,14.0,4.0,0.47256,0.0,0.1029411764705882,0.0,0.87348086,0.897377,0.8552898,0.193103448275862,6.61584,0.0,0.4117647058823528,0.0,3.49392344,3.589508,3.4211592,0.772413793103448
DB04844,D608622,1,train,51.0,3.0,0.27153,0.0,0.1724137931034483,0.0,0.8833249,0.9189725,0.71069264,0.28125,13.84803,0.0,0.5172413793103449,0.0,2.6499747,2.7569175,2.13207792,0.84375
DB00758,D600263,1,train,6.0,1.0,0.099195,0.0,0.1147540983606557,0.0,0.81041324,0.8412174,0.75819725,0.2162162162162162,0.59517,0.0,0.1147540983606557,0.0,0.81041324,0.8412174,0.75819725,0.2162162162162162
DB00422,D144110,1,train,4.0,2.0,0.12571,0.0769230769230769,0.0909090909090909,0.0,0.71837515,0.70990944,0.7622678,0.282051282051282,0.50284,0.1538461538461538,0.1818181818181818,0.0,1.4367503,1.41981888,1.5245356,0.564102564102564
DB00222,D125853,1,train,12.0,3.0,0.5926,0.0,0.1111111111111111,0.0,0.8233302,0.7851112,0.7466606,0.2016129032258064,7.1112,0.0,0.3333333333333333,0.0,2.4699906,2.3553336,2.2399818,0.6048387096774193
DB00882,D178600,1,train,4.0,2.0,0.19076,0.0,0.0238095238095238,0.0,0.6910476,0.713967,0.72594887,0.1818181818181818,0.76304,0.0,0.0476190476190476,0.0,1.3820952,1.427934,1.45189774,0.3636363636363636
DB00851,D600807,1,train,17.0,1.0,0.38905,0.0,0.1276595744680851,0.0,0.89823866,0.82017976,0.7656456,0.2068965517241379,6.61385,0.0,0.1276595744680851,0.0,0.89823866,0.82017976,0.7656456,0.2068965517241379
DB00035,D125700,1,train,2.0,4.0,0.49872,0.75,0.6176470588235294,0.0,0.7905691,0.6844825,0.77684766,0.4447058823529412,0.99744,3.0,2.4705882352941178,0.0,3.1622764,2.73793,3.10739064,1.7788235294117647
DB01045,D252320,1,train,10.0,7.0,0.32759,0.0,0.0769230769230769,0.0,0.8227557,0.8472575,0.87949884,0.1368421052631579,3.2759,0.0,0.5384615384615383,0.0,5.7592899,5.9308025,6.15649188,0.9578947368421054
DB00759,D223350,1,train,9.0,3.0,0.40534,0.0,0.1388888888888889,0.0,0.82036537,0.8166332,0.86127776,0.1954887218045112,3.64806,0.0,0.4166666666666667,0.0,2.46109611,2.4498996,2.58383328,0.5864661654135337
DB01677,D254400,1,train,5.0,1.0,0.12986,0.0,0.0,0.0,0.103081755,0.7318709,0.0,0.0714285714285714,0.6493,0.0,0.0,0.0,0.103081755,0.7318709,0.0,0.0714285714285714
DB00458,D140600,1,train,22.0,1.0,0.0,0.1785714285714285,0.1683168316831683,0.0,0.84462535,0.84529006,0.8548553,0.3009708737864077,0.0,0.1785714285714285,0.1683168316831683,0.0,0.84462535,0.84529006,0.8548553,0.3009708737864077
DB01058,D144110,1,train,4.0,0.0,0.0,0.0,0.0285714285714285,0.0,0.6623188,0.7681648,0.7622678,0.2473118279569892,0.0,0.0,0.0,0.0,0.0,0.0,0.0,0.0
DB00537,D252320,1,train,10.0,5.0,0.32759,0.0,0.1269841269841269,0.0,0.8227557,0.8472575,0.87949884,0.1481481481481481,3.2759,0.0,0.6349206349206344,0.0,4.1137785,4.2362875,4.3974942,0.7407407407407406
DB01073,D147540,1,train,7.0,2.0,0.058145,0.6666666666666666,0.59375,0.0,0.67473626,0.9305254,0.8155272,0.6666666666666666,0.407015,1.3333333333333333,1.1875,0.0,1.34947252,1.8610508,1.6310544,1.3333333333333333
DB00727,D125853,1,train,12.0,3.0,0.5926,0.0,0.0851063829787234,0.0,0.8093832,0.83539695,0.83133924,0.0495049504950495,7.1112,0.0,0.2553191489361702,0.0,2.4281496,2.5061908500000003,2.49401772,0.1485148514851485
DB01105,D601367,1,train,3.0,2.0,0.28884,0.0,0.1555555555555555,0.0,0.6697794,0.7826612,0.7807156,0.1287128712871287,0.86652,0.0,0.311111111111111,0.0,1.3395588,1.5653224,1.5614312,0.2574257425742574
DB01023,D146255,1,train,14.0,4.0,0.38439,0.0714285714285714,0.2083333333333333,0.0,0.83031356,0.87048805,0.7379831,0.1705426356589147,5.381460000000001,0.2857142857142856,0.8333333333333331,0.0,3.32125424,3.4819522,2.9519324,0.6821705426356588
DB00692,D276300,1,train,33.0,4.0,0.14916,0.24,0.1627906976744186,0.0,0.9120096,0.8888869,0.82072085,0.2446808510638297,4.92228,0.96,0.6511627906976744,0.0,3.6480384,3.5555476,3.2828834,0.9787234042553188
DB01235,D164230,1,train,7.0,1.0,0.30068,0.0,0.0983606557377049,0.0,0.8261994,0.8338425,0.7957981,0.2142857142857142,2.10476,0.0,0.0983606557377049,0.0,0.8261994,0.8338425,0.7957981,0.2142857142857142
DB00310,D161900,1,train,69.0,1.0,0.27153,0.3333333333333333,0.4545454545454545,0.0,0.9714322,0.9394111,0.0,0.2962962962962963,18.73557,0.3333333333333333,0.4545454545454545,0.0,0.9714322,0.9394111,0.0,0.2962962962962963
DB00593,D161900,1,train,69.0,2.0,0.27153,0.0,0.28,0.0,0.9116436,0.85433805,0.8192206,0.1818181818181818,18.73557,0.0,0.56,0.0,1.8232872,1.7086761,1.6384412,0.3636363636363636
DB01073,D158280,1,train,1.0,2.0,0.058145,0.0,0.0,0.0,0.38975725,0.688918,0.47120512,0.048076923076923,0.058145,0.0,0.0,0.0,0.7795145,1.377836,0.94241024,0.096153846153846
DB00279,D255900,1,train,1.0,3.0,0.4486,0.0,0.0,0.0,0.7349364,0.52889335,0.78265643,0.1441441441441441,0.4486,0.0,0.0,0.0,2.2048092,1.58668005,2.34796929,0.4324324324324322
DB00114,D217200,1,train,16.0,1.0,0.20329,0.0114942528735632,0.3888888888888889,0.2,0.7369599,0.8177383,0.7421817,0.3962264150943396,3.25264,0.0114942528735632,0.3888888888888889,0.2,0.7369599,0.8177383,0.7421817,0.3962264150943396
DB01193,D137750,1,train,8.0,3.0,0.62654,1.0,0.6578947368421053,0.0,0.86048895,0.89589787,0.8122657,0.3368421052631579,5.01232,3.0,1.973684210526316,0.0,2.58146685,2.68769361,2.4367971,1.0105263157894735
DB00397,D114550,1,train,0.0,1.0,0.28317,0.0,0.0,0.0,0.0,0.0,0.0,0.0,0.0,0.0,0.0,0.0,0.0,0.0,0.0,0.0
DB01399,D157950,1,train,2.0,1.0,0.17837,0.0,0.2,0.0,0.6834586,0.8618953,0.8501596,0.1625,0.35674,0.0,0.2,0.0,0.6834586,0.8618953,0.8501596,0.1625
DB00983,D109543,1,train,9.0,5.0,0.30267,0.6666666666666666,0.1228070175438596,0.0,0.81771606,0.8562238,0.8508208,0.2,2.72403,3.333333333333333,0.614035087719298,0.0,4.0885803,4.281119,4.254104,1.0
DB00282,D102400,1,train,0.0,5.0,0.31504,0.0,0.0,0.0,0.0,0.0,0.0,0.0,0.0,0.0,0.0,0.0,0.0,0.0,0.0,0.0
DB00126,D240400,1,train,0.0,2.0,0.23571,0.0,0.0,0.0,0.0,0.0,0.0,0.0,0.0,0.0,0.0,0.0,0.0,0.0,0.0,0.0
DB00571,D226150,1,train,4.0,1.0,0.1297,0.0,0.1818181818181818,0.0,0.78806394,0.8334514,0.69090676,0.2906976744186046,0.5188,0.0,0.1818181818181818,0.0,0.78806394,0.8334514,0.69090676,0.2906976744186046
DB00745,D168100,1,train,13.0,6.0,0.46405,0.1666666666666666,0.1746031746031746,0.0,0.71753025,0.8840494,0.86667454,0.4022988505747126,6.03265,0.9999999999999996,1.0476190476190474,0.0,4.3051815,5.3042964,5.20004724,2.413793103448276
DB00987,D166300,1,train,3.0,3.0,0.28418,0.0,0.196078431372549,0.0,0.90779185,0.851564,0.8779801,0.1461538461538461,0.85254,0.0,0.588235294117647,0.0,2.72337555,2.554692,2.6339403,0.4384615384615383
DB00419,D161900,1,train,69.0,5.0,0.27153,0.0,0.4285714285714285,0.0,0.8454246,0.8676419,0.85795546,0.7111111111111111,18.73557,0.0,2.1428571428571423,0.0,4.227123,4.3382095,4.2897773,3.555555555555556
DB01133,D607554,1,train,9.0,2.0,0.45235,0.0,0.0555555555555555,0.0,0.79,0.64653075,0.7407822,0.1481481481481481,4.071149999999999,0.0,0.111111111111111,0.0,1.58,1.2930615,1.4815644,0.2962962962962962
DB01579,D144700,1,train,7.0,1.0,0.33542,0.3333333333333333,0.0408163265306122,0.0,0.7566819,0.72767705,0.7468275,0.1630434782608695,2.34794,0.3333333333333333,0.0408163265306122,0.0,0.7566819,0.72767705,0.7468275,0.1630434782608695
DB00549,D275000,1,train,2.0,0.0,0.0,0.0,0.0185185185185185,0.0,0.8551341,0.6875236,0.6863359,0.1455696202531645,0.0,0.0,0.0,0.0,0.0,0.0,0.0,0.0
DB01222,D210050,1,train,8.0,2.0,0.11202,0.0,0.1168831168831168,0.0,0.8474808,0.88934195,0.78334486,0.18125,0.89616,0.0,0.2337662337662336,0.0,1.6949616,1.7786839,1.56668972,0.3625
DB00523,D215140,1,train,16.0,2.0,0.1392,0.0,0.0857142857142857,0.0,0.8284641,0.7694313,0.7736546,0.1102362204724409,2.2272,0.0,0.1714285714285714,0.0,1.6569282,1.5388626,1.5473092,0.2204724409448818
DB01161,D161900,1,train,69.0,4.0,0.27153,0.0909090909090909,0.5172413793103449,0.0909090909090909,0.8244415,0.8988542,0.9279845,0.6271186440677966,18.73557,0.3636363636363636,2.0689655172413794,0.3636363636363636,3.297766,3.5954168,3.711938,2.5084745762711864
DB00864,D303110,1,train,3.0,2.0,0.25517,0.0,0.1466666666666666,0.0,0.75295025,0.75796264,0.66274846,0.140625,0.76551,0.0,0.2933333333333332,0.0,1.5059005,1.51592528,1.32549692,0.28125
DB00813,D208230,1,train,15.0,5.0,0.45342,0.75,0.3043478260869565,0.1666666666666666,0.88808244,0.9132002,0.8542061,0.2547169811320754,6.8013,3.75,1.5217391304347825,0.833333333333333,4.4404122,4.566001,4.2710305,1.273584905660377
DB00992,D188030,1,train,4.0,8.0,0.24684,0.0,0.0526315789473684,0.0,0.6853811,0.6445445,0.7509795,0.1428571428571428,0.98736,0.0,0.4210526315789472,0.0,5.4830488,5.156356,6.007836,1.1428571428571423
DB01042,D605055,1,train,6.0,2.0,0.51994,0.0,0.0224719101123595,0.0,0.71700543,0.6907151,0.71426505,0.1951219512195122,3.1196399999999995,0.0,0.044943820224719,0.0,1.43401086,1.3814302,1.4285301,0.3902439024390244
DB01101,D167870,1,train,11.0,1.0,0.098473,0.0,0.0972222222222222,0.0,0.7797429,0.7606485,0.848793,0.16,1.083203,0.0,0.0972222222222222,0.0,0.7797429,0.7606485,0.848793,0.16
DB00909,D125853,1,train,12.0,1.0,0.5926,0.02,0.2777777777777778,0.0,0.84408927,0.8601558,0.8333439,0.2207792207792207,7.1112,0.02,0.2777777777777778,0.0,0.84408927,0.8601558,0.8333439,0.2207792207792207
DB01217,D238800,1,train,0.0,7.0,0.35138,0.0,0.0,0.0,0.0,0.0,0.0,0.0,0.0,0.0,0.0,0.0,0.0,0.0,0.0,0.0
DB00593,D608622,1,train,51.0,2.0,0.27153,0.0,0.28,0.0,0.9116436,0.85433805,0.8192206,0.1818181818181818,13.84803,0.0,0.56,0.0,1.8232872,1.7086761,1.6384412,0.3636363636363636
DB00226,D608622,1,train,51.0,1.0,0.27153,0.1666666666666666,0.1428571428571428,0.0,0.87455714,0.915993,0.8319548,0.1194029850746268,13.84803,0.1666666666666666,0.1428571428571428,0.0,0.87455714,0.915993,0.8319548,0.1194029850746268
DB00692,D148000,1,train,3.0,4.0,0.21197,0.0,0.1395348837209302,0.0,0.93286467,0.82730085,0.73238844,0.2035398230088495,0.63591,0.0,0.5581395348837208,0.0,3.73145868,3.3092034,2.92955376,0.814159292035398
DB00846,D276300,1,train,33.0,0.0,0.0,0.0,0.1395348837209302,0.0,0.8670347,0.82634664,0.76280165,0.1942446043165467,0.0,0.0,0.0,0.0,0.0,0.0,0.0,0.0
DB00605,D181000,1,train,3.0,0.0,0.0,0.0,0.0277777777777777,0.0,0.82461745,0.8752401,0.68570197,0.1181818181818181,0.0,0.0,0.0,0.0,0.0,0.0,0.0,0.0
DB01128,D109350,1,train,10.0,2.0,0.43074,0.0,0.1232876712328767,0.0,0.7535304,0.8181318,0.8160472,0.2475247524752475,4.3074,0.0,0.2465753424657534,0.0,1.5070608,1.6362636,1.6320944,0.495049504950495
DB00631,D600351,1,train,15.0,16.0,0.24538,0.0,0.2727272727272727,0.0,0.8224754,0.8969814,0.8869725,0.1481481481481481,3.6807,0.0,4.363636363636363,0.0,13.1596064,14.3517024,14.19156,2.37037037037037
DB00659,D607554,1,train,9.0,6.0,0.90778,0.0,0.0606060606060606,0.0,0.724943,0.8154371,0.8028971,0.2833333333333333,8.170020000000001,0.0,0.3636363636363636,0.0,4.349658,4.8926226,4.8173826,1.7
DB00221,D208550,1,train,26.0,2.0,0.38905,0.1111111111111111,0.1489361702127659,0.0,0.8548842,0.8066451,0.83019805,0.1780821917808219,10.1153,0.2222222222222222,0.2978723404255318,0.0,1.7097684,1.6132902,1.6603961,0.3561643835616438
DB01219,D147530,1,train,59.0,0.0,0.0,0.0294117647058823,0.1612903225806451,0.0,0.84984607,0.81210655,0.85967034,0.1926605504587156,0.0,0.0,0.0,0.0,0.0,0.0,0.0,0.0
DB01195,D601518,1,train,2.0,1.0,0.50874,0.0,0.0377358490566037,0.0,0.71825933,0.7259905,0.75126064,0.0822368421052631,1.01748,0.0,0.0377358490566037,0.0,0.71825933,0.7259905,0.75126064,0.0822368421052631
DB00440,D605839,1,train,5.0,2.0,0.33542,0.0,0.1392405063291139,0.0,0.7823483,0.7039602,0.7022658,0.1221374045801526,1.6771,0.0,0.2784810126582278,0.0,1.5646966,1.4079204,1.4045316,0.2442748091603052
DB00790,D607682,1,train,4.0,14.0,0.99938,0.0,0.064516129032258,0.0,0.8313637,0.7176461,0.8293926,0.1818181818181818,3.99752,0.0,0.903225806451612,0.0,11.6390918,10.0470454,11.6114964,2.545454545454545
DB00884,D161900,1,train,69.0,9.0,0.38439,0.5,0.5384615384615384,0.0,0.9000864,0.891853,0.7435294,0.5178571428571429,26.52291,4.5,4.846153846153846,0.0,8.100777599999999,8.026677,6.6917646,4.660714285714287
DB01109,D114580,1,train,3.0,1.0,0.51645,0.0,0.048780487804878,0.0,0.8016969,0.74008834,0.7642186,0.0365853658536585,1.54935,0.0,0.048780487804878,0.0,0.8016969,0.74008834,0.7642186,0.0365853658536585
DB00193,D102300,1,train,7.0,1.0,0.090358,0.0,0.0638297872340425,0.0,0.82752156,0.7851655,0.8560944,0.1818181818181818,0.632506,0.0,0.0638297872340425,0.0,0.82752156,0.7851655,0.8560944,0.1818181818181818
DB00996,D254500,1,train,8.0,12.0,0.37407,0.0,0.1071428571428571,0.0,0.8795736,0.7832153,0.82569915,0.1375,2.99256,0.0,1.2857142857142851,0.0,10.5548832,9.398583599999998,9.9083898,1.65
DB00996,D236000,1,train,14.0,12.0,0.37407,0.0,0.0909090909090909,0.0,0.8525242,0.77290785,0.82569915,0.1375,5.23698,0.0,1.0909090909090908,0.0,10.2302904,9.2748942,9.9083898,1.65
DB00484,D607554,1,train,9.0,1.0,0.90778,0.0,0.088235294117647,0.0,0.86993086,0.8302221,0.8028971,0.144927536231884,8.170020000000001,0.0,0.088235294117647,0.0,0.86993086,0.8302221,0.8028971,0.144927536231884
DB01192,D161900,1,train,69.0,1.0,0.27153,0.1666666666666666,0.4090909090909091,0.0,0.9635545,0.8030235,0.8827675,0.2526315789473684,18.73557,0.1666666666666666,0.4090909090909091,0.0,0.9635545,0.8030235,0.8827675,0.2526315789473684
DB00804,D125310,1,train,7.0,1.0,0.37073,0.0,0.1081081081081081,0.0,0.8259913,0.8791041,0.709321,0.2790697674418604,2.59511,0.0,0.1081081081081081,0.0,0.8259913,0.8791041,0.709321,0.2790697674418604
DB00163,D200170,1,train,10.0,6.0,0.14707,0.0,0.0625,0.0,0.75056505,0.88442373,0.81657857,0.1932773109243697,1.4707,0.0,0.375,0.0,4.5033903,5.30654238,4.89947142,1.159663865546218
DB00218,D208550,1,train,26.0,0.0,0.0,0.0,0.0612244897959183,0.0,0.8305937,0.8298605,0.8335029,0.1692307692307692,0.0,0.0,0.0,0.0,0.0,0.0,0.0,0.0
DB00380,D179600,1,train,8.0,5.0,0.18821,0.0,0.0666666666666666,0.0,0.8319043,0.81188464,0.7724747,0.1075268817204301,1.50568,0.0,0.333333333333333,0.0,4.1595215,4.0594232,3.8623735,0.5376344086021505
DB01367,D249100,1,train,0.0,0.0,0.0,0.0,0.0,0.0,0.0,0.0,0.0,0.0,0.0,0.0,0.0,0.0,0.0,0.0,0.0,0.0
DB00270,D161900,1,train,69.0,2.0,0.27153,0.5384615384615384,0.631578947368421,0.0,0.9740546,0.837979,0.78469956,0.5494505494505495,18.73557,1.0769230769230769,1.263157894736842,0.0,1.9481092,1.675958,1.56939912,1.098901098901099
DB01244,D137215,1,train,3.0,4.0,0.39954,0.0666666666666666,0.0,0.0,0.73276067,0.8151709,0.7684459,0.0769230769230769,1.19862,0.2666666666666664,0.0,0.0,2.93104268,3.2606836,3.0737836,0.3076923076923076
DB00790,D132100,1,train,0.0,14.0,0.55907,0.0,0.0,0.0,0.0,0.0,0.0,0.0,0.0,0.0,0.0,0.0,0.0,0.0,0.0,0.0
DB01177,D151400,1,train,2.0,5.0,0.39678,0.0,0.1578947368421052,0.0,0.76408726,0.7932563,0.8338282,0.1185185185185185,0.79356,0.0,0.789473684210526,0.0,3.8204363,3.9662815,4.169141,0.5925925925925924
DB00014,D114480,1,train,13.0,3.0,0.51079,0.0,0.0588235294117647,0.5,0.8267457,0.8514182,0.635666,0.1604095563139931,6.640269999999999,0.0,0.1764705882352941,1.5,2.4802371,2.5542546,1.906998,0.4812286689419792
DB00722,D106400,1,train,4.0,0.0,0.0,0.5,0.56,0.0,0.87142086,0.8208223,0.8425441,0.3412698412698413,0.0,0.0,0.0,0.0,0.0,0.0,0.0,0.0
DB01202,D110100,1,train,5.0,4.0,0.27466,0.0,0.1034482758620689,0.0,0.85259235,0.82338583,0.805993,0.1428571428571428,1.3733,0.0,0.4137931034482756,0.0,3.4103694,3.29354332,3.223972,0.5714285714285712
DB00754,D151590,1,train,5.0,4.0,0.1987,0.0,0.1,0.0,0.8078135,0.8145804,0.72449166,0.1428571428571428,0.9935,0.0,0.4,0.0,3.231254,3.2583216,2.89796664,0.5714285714285712
DB00401,D252320,1,train,10.0,1.0,0.098473,0.0,0.08,0.0,0.7594305,0.738901,0.77710485,0.175438596491228,0.98473,0.0,0.08,0.0,0.7594305,0.738901,0.77710485,0.175438596491228
DB00286,D311360,1,train,2.0,4.0,0.26847,0.0,0.0338983050847457,0.0,0.7704432,0.7875484,0.69290125,0.1296296296296296,0.53694,0.0,0.1355932203389828,0.0,3.0817728,3.1501936,2.771605,0.5185185185185184
DB00933,D604416,1,train,13.0,3.0,0.20263,0.0,0.108695652173913,0.0,0.8500047,0.8718995,0.7564508,0.2272727272727272,2.6341900000000003,0.0,0.326086956521739,0.0,2.5500141,2.6156985,2.2693524,0.6818181818181817
DB00652,D248190,1,train,0.0,4.0,0.1325,0.0,0.0,0.0,0.0,0.0,0.0,0.0,0.0,0.0,0.0,0.0,0.0,0.0,0.0,0.0
DB01173,D143500,1,train,0.0,8.0,0.52594,0.0,0.0,0.0,0.0,0.0,0.0,0.0,0.0,0.0,0.0,0.0,0.0,0.0,0.0,0.0
DB00637,D194200,1,train,1.0,0.0,0.0,0.0,0.0263157894736842,0.0,0.6335523,0.7048062,0.466163,0.065359477124183,0.0,0.0,0.0,0.0,0.0,0.0,0.0,0.0
DB01099,D114500,1,train,3.0,3.0,0.46625,0.0,0.125,0.0,0.7832875,0.7568441,0.8104224,0.0693069306930693,1.39875,0.0,0.375,0.0,2.3498625,2.2705323,2.4312672,0.2079207920792078
DB01240,D260480,1,train,0.0,1.0,0.23062,0.0,0.0,0.0,0.0,0.0,0.0,0.0,0.0,0.0,0.0,0.0,0.0,0.0,0.0,0.0
DB00514,D133239,1,train,2.0,7.0,0.40631,0.0,0.0847457627118644,0.0,0.79858494,0.7212678,0.8751046,0.175438596491228,0.81262,0.0,0.5932203389830508,0.0,5.590094580000001,5.0488746,6.1257322,1.228070175438596
DB00337,D190310,1,train,16.0,2.0,0.16422,0.0,0.1818181818181818,0.0,0.7298039,0.8297169,0.7414829,0.1517857142857142,2.62752,0.0,0.3636363636363636,0.0,1.4596078,1.6594338,1.4829658,0.3035714285714284
DB01148,D143465,1,train,12.0,1.0,0.061224,0.0952380952380952,0.0833333333333333,0.0,0.85010767,0.870347,0.82153964,0.2616822429906542,0.734688,0.0952380952380952,0.0833333333333333,0.0,0.85010767,0.870347,0.82153964,0.2616822429906542
DB00290,D155601,1,train,4.0,4.0,0.18348,0.0,0.0,0.0,0.75284445,0.64333755,0.7926995,0.0987654320987654,0.73392,0.0,0.0,0.0,3.0113778,2.5733502,3.170798,0.3950617283950616
DB00928,D140600,1,train,22.0,1.0,0.0,0.0,0.4642857142857143,0.0,0.87924445,0.85652196,0.80980235,0.3513513513513513,0.0,0.0,0.4642857142857143,0.0,0.87924445,0.85652196,0.80980235,0.3513513513513513
DB00996,D114480,1,train,13.0,12.0,0.42045,0.0,0.1025641025641025,0.0,0.8556574,0.7740362,0.8361934,0.1030927835051546,5.46585,0.0,1.23076923076923,0.0,10.2678888,9.2884344,10.0343208,1.2371134020618553
DB00216,D607516,1,train,0.0,5.0,0.88643,0.0,0.0,0.0,0.0,0.0,0.0,0.0,0.0,0.0,0.0,0.0,0.0,0.0,0.0,0.0
DB00419,D600351,1,train,15.0,5.0,0.22604,0.0,0.048780487804878,0.0,0.8451058,0.8676419,0.7981741,0.144578313253012,3.3906,0.0,0.24390243902439,0.0,4.225529,4.3382095,3.9908705,0.7228915662650599
DB00523,D608622,1,train,51.0,2.0,0.27153,0.0,0.0566037735849056,0.0,0.86104465,0.8388276,0.82039595,0.1592920353982301,13.84803,0.0,0.1132075471698112,0.0,1.7220893,1.6776552,1.6407919,0.3185840707964602
DB04844,D157700,1,train,7.0,3.0,0.27466,0.03125,0.0983606557377049,0.0,0.8322946,0.909642,0.5991181,0.1683673469387755,1.92262,0.09375,0.2950819672131147,0.0,2.4968838,2.728926,1.7973542999999998,0.5051020408163265
DB01235,D181500,1,train,17.0,1.0,0.30068,0.1666666666666666,0.1025641025641025,0.0,0.8005068,0.8676867,0.82581574,0.1636363636363636,5.11156,0.1666666666666666,0.1025641025641025,0.0,0.8005068,0.8676867,0.82581574,0.1636363636363636
DB00464,D308205,1,train,1.0,1.0,0.062449,0.0,0.0294117647058823,0.0,0.72294766,0.7689539,0.7071785,0.09,0.062449,0.0,0.0294117647058823,0.0,0.72294766,0.7689539,0.7071785,0.09
DB00672,D104300,1,train,4.0,2.0,0.41907,0.0,0.0459770114942528,0.0,0.7671446,0.851391,0.74202037,0.1951219512195122,1.67628,0.0,0.0919540229885056,0.0,1.5342892,1.702782,1.48404074,0.3902439024390244
DB00433,D113610,1,train,1.0,7.0,0.2523,0.0,0.0434782608695652,0.0,0.6010722,0.7441812,0.6489711,0.0666666666666666,0.2523,0.0,0.3043478260869564,0.0,4.2075054,5.2092684,4.5427977,0.4666666666666662
DB01221,D208550,1,train,26.0,4.0,0.38905,0.3636363636363636,0.1896551724137931,0.25,0.8372396,0.82017976,0.84494627,0.2121212121212121,10.1153,1.4545454545454544,0.7586206896551724,1.0,3.3489584,3.28071904,3.37978508,0.8484848484848484
DB00819,D178600,1,train,4.0,0.0,0.0,0.0,0.12,0.0,0.7730635,0.8204884,0.72594887,0.1166666666666666,0.0,0.0,0.0,0.0,0.0,0.0,0.0,0.0
DB00216,D300125,1,train,7.0,5.0,0.9466,0.0,0.1698113207547169,0.0,0.8849284,0.781363,0.8537594,0.2583333333333333,6.6262,0.0,0.8490566037735845,0.0,4.424642,3.906815,4.268796999999999,1.2916666666666663
DB01151,D143465,1,train,12.0,1.0,0.0,0.3928571428571428,0.3611111111111111,0.0,0.8653444,0.89680624,0.8552702,0.2543859649122807,0.0,0.3928571428571428,0.3611111111111111,0.0,0.8653444,0.89680624,0.8552702,0.2543859649122807
DB01294,D607459,1,train,15.0,3.0,0.036339,0.0,0.074074074074074,0.0,0.8236507,0.7405387,0.8042675,0.1604938271604938,0.545085,0.0,0.222222222222222,0.0,2.4709521,2.2216161,2.4128025,0.4814814814814814
DB00380,D161900,1,train,69.0,5.0,0.28759,1.0,0.1388888888888889,0.0,0.91915756,0.84670544,0.8030707,0.1818181818181818,19.84371,5.0,0.6944444444444444,0.0,4.5957878,4.2335272,4.0153535,0.909090909090909
DB00691,D273800,1,train,2.0,4.0,0.68546,0.0,0.0357142857142857,0.0,0.78758174,0.7181715,0.8342293,0.1046511627906976,1.37092,0.0,0.1428571428571428,0.0,3.15032696,2.872686,3.3369172,0.4186046511627904
DB01233,D600351,1,train,15.0,13.0,0.20605,0.0952380952380952,0.1917808219178082,0.0,0.9228275,0.9110237,0.863212,0.1612903225806451,3.0907500000000003,1.2380952380952377,2.4931506849315066,0.0,11.9967575,11.8433081,11.221756,2.096774193548386
DB00537,D600631,1,train,1.0,5.0,0.99992,0.0,0.0144927536231884,0.0,0.7310125,0.5759979,0.7378632,0.1056910569105691,0.99992,0.0,0.072463768115942,0.0,3.6550625,2.8799895,3.689316,0.5284552845528455
DB00966,D161900,1,train,69.0,1.0,0.27153,0.5,0.375,0.0,0.9356113,0.8841969,0.8149141,0.4335664335664335,18.73557,0.5,0.375,0.0,0.9356113,0.8841969,0.8149141,0.4335664335664335
DB00413,D125850,1,train,12.0,2.0,0.89132,0.5,0.1304347826086956,0.0,0.8892509,0.8285899,0.87473524,0.1260504201680672,10.69584,1.0,0.2608695652173912,0.0,1.7785018,1.6571798,1.74947048,0.2521008403361344
DB00952,D157300,1,train,21.0,0.0,0.0,1.0,0.6388888888888888,0.0,0.8699601,0.9000105,0.882393,0.4158415841584158,0.0,0.0,0.0,0.0,0.0,0.0,0.0,0.0
DB00255,D276300,1,train,33.0,0.0,0.0,0.2,0.1971830985915492,0.0,0.72153336,0.80795145,0.76712763,0.2475247524752475,0.0,0.0,0.0,0.0,0.0,0.0,0.0,0.0
DB00806,D161900,1,train,69.0,3.0,0.26058,0.0,0.1481481481481481,0.0,0.88881785,0.7683917,0.8526908,0.1774193548387097,17.98002,0.0,0.4444444444444443,0.0,2.66645355,2.3051751,2.5580724,0.532258064516129
DB00868,D601682,1,train,7.0,2.0,0.38172,0.0,0.0476190476190476,0.0,0.74253595,0.8113051,0.88127345,0.1325301204819277,2.67204,0.0,0.0952380952380952,0.0,1.4850719,1.6226102,1.7625469,0.2650602409638554
DB00499,D607459,1,train,15.0,3.0,0.036339,0.25,0.3,0.0,0.8461813,0.86071426,0.85543686,0.1300813008130081,0.545085,0.75,0.8999999999999999,0.0,2.5385439,2.58214278,2.56631058,0.3902439024390243
DB00215,D260970,1,train,2.0,8.0,0.25494,0.0,0.0377358490566037,0.0,0.7283109,0.7269501,0.73340416,0.0786516853932584,0.50988,0.0,0.3018867924528296,0.0,5.8264872,5.8156008,5.86723328,0.6292134831460672
DB00572,D147530,1,train,59.0,4.0,0.093951,0.7777777777777778,0.4565217391304347,0.0,0.85644937,0.9270047,0.87942564,0.618421052631579,5.543109,3.111111111111111,1.8260869565217388,0.0,3.42579748,3.7080188,3.51770256,2.473684210526316
DB01045,D208230,1,train,15.0,7.0,0.45342,0.25,0.072289156626506,0.0,0.78998554,0.800709,0.8183465,0.1288659793814432,6.8013,1.75,0.5060240963855419,0.0,5.52989878,5.604963,5.7284255,0.9020618556701024
DB00704,D200170,1,train,10.0,2.0,0.081461,0.6,0.3,0.0,0.8286917,0.89050436,0.8586231,0.5,0.8146100000000001,1.2,0.6,0.0,1.6573834,1.78100872,1.7172462,1.0
DB00264,D157700,1,train,7.0,5.0,0.26369,0.0967741935483871,0.0759493670886076,0.0,0.8272983,0.8119178,0.7401065,0.1359223300970873,1.84583,0.4838709677419355,0.379746835443038,0.0,4.1364915,4.059589,3.7005325,0.6796116504854365
DB01129,D600496,1,train,11.0,2.0,0.5926,0.0,0.1038961038961039,0.0,0.80344146,0.8601558,0.8284912,0.1808510638297872,6.5186,0.0,0.2077922077922078,0.0,1.60688292,1.7203116,1.6569824,0.3617021276595744
DB00642,D146110,1,train,0.0,0.0,0.0,0.0,0.0,0.0,0.0,0.0,0.0,0.0,0.0,0.0,0.0,0.0,0.0,0.0,0.0,0.0
DB00307,D254400,1,train,5.0,1.0,0.12986,0.0,0.2,0.0,0.7950671,0.7434608,0.8335502,0.1392405063291139,0.6493,0.0,0.2,0.0,0.7950671,0.7434608,0.8335502,0.1392405063291139
DB00313,D605055,1,train,6.0,7.0,0.51994,0.0,0.0857142857142857,0.0,0.82967186,0.85334283,0.79844344,0.1641791044776119,3.1196399999999995,0.0,0.5999999999999999,0.0,5.80770302,5.97339981,5.58910408,1.1492537313432831
DB01216,D114480,1,train,13.0,1.0,0.31301,0.0,0.1041666666666666,0.0,0.8583216,0.8463746,0.7378639,0.2033898305084746,4.06913,0.0,0.1041666666666666,0.0,0.8583216,0.8463746,0.7378639,0.2033898305084746
DB00380,D125310,1,train,7.0,5.0,0.18629,0.0,0.048780487804878,0.0,0.7728477,0.8439482,0.6901204,0.1296296296296296,1.30403,0.0,0.24390243902439,0.0,3.8642385,4.219741,3.450602,0.6481481481481479
DB00210,D604416,1,train,13.0,0.0,0.0,0.0,0.0869565217391304,0.0,0.79451966,0.8417556,0.8084465,0.2364864864864864,0.0,0.0,0.0,0.0,0.0,0.0,0.0,0.0
DB00860,D140600,1,train,22.0,4.0,0.77658,0.0,0.1126760563380281,0.0,0.87924445,0.85928357,0.8602674,0.1909090909090909,17.084760000000003,0.0,0.4507042253521124,0.0,3.5169778,3.43713428,3.4410696,0.7636363636363636
DB00264,D608622,1,train,51.0,5.0,0.49842,1.0,0.4722222222222222,0.0,0.9252018,0.90891314,0.86363596,0.7619047619047619,25.41942,5.0,2.361111111111111,0.0,4.626009,4.5445657,4.3181798,3.809523809523809
DB01002,D191390,1,train,2.0,1.0,0.22415,0.0,0.2222222222222222,0.0,0.7972082,0.6685368,0.66410077,0.2093023255813953,0.4483,0.0,0.2222222222222222,0.0,0.7972082,0.6685368,0.66410077,0.2093023255813953
DB00619,D152700,1,train,2.0,10.0,0.24684,0.0,0.1358024691358024,0.0,0.7296017,0.7755142,0.69108146,0.1020408163265306,0.49368,0.0,1.358024691358024,0.0,7.296017,7.755142,6.9108146,1.020408163265306
DB00285,D167870,1,train,11.0,4.0,0.1085,0.25,0.4262295081967213,0.0,0.93679535,0.86414665,0.75942534,0.1809523809523809,1.1935,1.0,1.7049180327868851,0.0,3.7471814,3.4565866,3.03770136,0.7238095238095236
DB00996,D137215,1,train,3.0,12.0,0.25105,0.0666666666666666,0.0444444444444444,0.0,0.858926,0.8151709,0.7684459,0.0769230769230769,0.75315,0.7999999999999992,0.5333333333333328,0.0,10.307112,9.7820508,9.2213508,0.9230769230769228
DB01248,D247640,1,train,13.0,2.0,0.3708,0.0,0.2291666666666666,0.0,0.9270191,0.83722967,0.8199841,0.2085308056872037,4.8204,0.0,0.4583333333333332,0.0,1.8540382,1.67445934,1.6399682,0.4170616113744074
DB01234,D168100,1,train,13.0,1.0,0.2731,0.125,0.1386138613861386,0.0,0.8712064,0.81265527,0.83064204,0.4285714285714285,3.5503,0.125,0.1386138613861386,0.0,0.8712064,0.81265527,0.83064204,0.4285714285714285
DB00808,D168100,1,train,13.0,1.0,0.41046,0.0,0.1666666666666666,0.0,0.90821266,0.81265527,0.8273413,0.233009708737864,5.33598,0.0,0.1666666666666666,0.0,0.90821266,0.81265527,0.8273413,0.233009708737864
DB01162,D166760,1,train,6.0,1.0,0.0,0.1904761904761904,0.2,0.0,0.87041193,0.88584834,0.70222324,0.176,0.0,0.1904761904761904,0.2,0.0,0.87041193,0.88584834,0.70222324,0.176
DB00995,D190300,1,train,3.0,11.0,0.28206,0.0,0.0344827586206896,0.0,0.7135577,0.73072475,0.7063077,0.1641791044776119,0.8461799999999999,0.0,0.3793103448275856,0.0,7.8491347,8.037972250000001,7.7693847,1.8059701492537308
DB00371,D157300,1,train,21.0,4.0,0.75392,0.8,0.1891891891891892,0.0,0.8528205,0.8408853,0.84670144,0.303030303030303,15.83232,3.2,0.7567567567567568,0.0,3.411282,3.3635412,3.38680576,1.212121212121212
DB01182,D215470,1,train,4.0,2.0,0.15348,0.0588235294117647,0.1176470588235294,0.0,0.81793046,0.8435172,0.78580254,0.26,0.61392,0.1176470588235294,0.2352941176470588,0.0,1.63586092,1.6870344,1.57160508,0.52
DB00627,D602080,1,train,4.0,4.0,0.30391,0.0,0.1020408163265306,0.0,0.77855396,0.80416393,0.82062054,0.1067961165048543,1.21564,0.0,0.4081632653061224,0.0,3.11421584,3.21665572,3.28248216,0.4271844660194172
DB01086,D608622,1,train,51.0,3.0,0.40472,0.0909090909090909,0.4117647058823529,0.0,0.81360817,0.89902985,0.7620929,0.6,20.64072,0.2727272727272727,1.2352941176470589,0.0,2.44082451,2.6970895500000003,2.2862787,1.7999999999999998
DB00277,D208550,1,train,26.0,1.0,0.38905,0.0,0.1489361702127659,0.0,0.87210643,0.9178366,0.8844234,0.2068965517241379,10.1153,0.0,0.1489361702127659,0.0,0.87210643,0.9178366,0.8844234,0.2068965517241379
DB00524,D147530,1,train,59.0,0.0,0.0,0.0,0.1621621621621621,0.0,0.8804203,0.8777234,0.7376876,0.2717391304347826,0.0,0.0,0.0,0.0,0.0,0.0,0.0,0.0
DB00007,D150699,1,train,0.0,6.0,0.2963,0.0,0.0,0.0,0.0,0.0,0.0,0.0,0.0,0.0,0.0,0.0,0.0,0.0,0.0,0.0
DB00201,D147530,1,train,59.0,2.0,0.13387,0.1764705882352941,0.2,0.0,0.7986527,0.8314945,0.8106301,0.5740740740740741,7.89833,0.3529411764705882,0.4,0.0,1.5973054,1.662989,1.6212602,1.148148148148148
DB00555,D145590,1,train,18.0,1.0,0.14811,0.1132075471698113,0.180327868852459,0.0,0.91210705,0.83114713,0.8796278,0.2307692307692307,2.66598,0.1132075471698113,0.180327868852459,0.0,0.91210705,0.83114713,0.8796278,0.2307692307692307
DB01261,D601004,1,train,0.0,1.0,0.037438,0.0,0.0,0.0,0.0,0.0,0.0,0.0,0.0,0.0,0.0,0.0,0.0,0.0,0.0,0.0
DB00691,D161900,1,train,69.0,4.0,0.27153,1.0,0.6111111111111112,0.0,0.9145266,0.9189725,0.92037827,0.5203252032520326,18.73557,4.0,2.4444444444444446,0.0,3.6581064,3.67589,3.68151308,2.0813008130081303
DB01148,D147530,1,train,59.0,1.0,0.061224,0.6666666666666666,0.1818181818181818,0.0,0.8704938,0.87166715,0.8548833,0.3555555555555555,3.612216,0.6666666666666666,0.1818181818181818,0.0,0.8704938,0.87166715,0.8548833,0.3555555555555555
DB01133,D161900,1,train,69.0,2.0,0.27153,0.0,0.7,0.0,0.9000864,1.0,0.8431301,0.2941176470588235,18.73557,0.0,1.4,0.0,1.8001728,2.0,1.6862602,0.588235294117647
DB01177,D109543,1,train,9.0,5.0,0.39678,0.0,0.2857142857142857,0.0,0.7990856,0.88074857,0.8551841,0.2026143790849673,3.5710200000000003,0.0,1.4285714285714284,0.0,3.995428,4.40374285,4.2759205,1.0130718954248366
DB00991,D106400,1,train,4.0,0.0,0.0,0.0,0.119047619047619,0.0,0.8401908,0.8882284,0.7651976,0.3103448275862069,0.0,0.0,0.0,0.0,0.0,0.0,0.0,0.0
DB00990,D607850,1,train,13.0,2.0,0.45342,0.0,0.1272727272727272,0.0,0.9150839,0.8257917,0.8437302,0.3894736842105263,5.89446,0.0,0.2545454545454544,0.0,1.8301678,1.6515834,1.6874604,0.7789473684210526
DB01045,D165720,1,train,14.0,7.0,0.64093,0.25,0.03,0.0,0.8091345,0.6804846,0.7865983,0.1288659793814432,8.97302,1.75,0.21,0.0,5.6639415,4.7633922,5.5061881,0.9020618556701024
DB00908,D600131,1,train,4.0,9.0,0.96524,0.1363636363636363,0.1428571428571428,0.0,0.82385695,0.83221316,0.76241004,0.1578947368421052,3.86096,1.2272727272727266,1.2857142857142851,0.0,7.41471255,7.48991844,6.86169036,1.421052631578947
DB01238,D188030,1,train,4.0,2.0,0.25748,0.0666666666666666,0.1710526315789473,0.0,0.7846979,0.88916564,0.6508114,0.2111801242236025,1.02992,0.1333333333333332,0.3421052631578946,0.0,1.5693958,1.77833128,1.3016228,0.422360248447205
DB00398,D102500,1,train,11.0,6.0,0.30391,0.0,0.1216216216216216,0.0,0.8098906,0.8519143,0.837362,0.1721311475409836,3.34301,0.0,0.7297297297297296,0.0,4.8593436,5.1114858000000005,5.024172,1.0327868852459017
DB01039,D246300,1,train,1.0,0.0,0.0,0.0,0.1016949152542373,0.0,0.6556362,0.6550226,0.67566824,0.0196078431372549,0.0,0.0,0.0,0.0,0.0,0.0,0.0,0.0
DB00790,D608105,1,train,4.0,14.0,0.57022,0.0,0.064516129032258,0.0,0.8313637,0.7176461,0.8293926,0.1818181818181818,2.28088,0.0,0.903225806451612,0.0,11.6390918,10.0470454,11.6114964,2.545454545454545
DB00884,D256370,1,train,4.0,9.0,0.26058,0.0,0.0769230769230769,0.0,0.81867087,0.72391605,0.6728599,0.131578947368421,1.04232,0.0,0.6923076923076921,0.0,7.36803783,6.51524445,6.055739099999999,1.184210526315789
DB01233,D145590,1,train,18.0,13.0,0.30315,0.1176470588235294,0.328125,0.0,0.8828275,0.91415536,0.87593406,0.2093023255813953,5.4567,1.5294117647058822,4.265625,0.0,11.4767575,11.88401968,11.38714278,2.720930232558139
DB01129,D125851,1,train,10.0,2.0,0.54479,0.0,0.1333333333333333,0.0,0.8076366,0.81888086,0.8598148,0.1848739495798319,5.4479,0.0,0.2666666666666666,0.0,1.6152732,1.63776172,1.7196296,0.3697478991596638
DB00987,D161900,1,train,69.0,3.0,0.38439,0.0,0.2051282051282051,0.0,0.9164607,0.8883547,0.89155185,0.2205882352941176,26.52291,0.0,0.6153846153846153,0.0,2.7493821,2.6650641000000004,2.67465555,0.6617647058823528
DB00540,D223350,1,train,9.0,11.0,0.55118,0.24,0.2048192771084337,0.0,0.8237281,0.80931365,0.8364521,0.2244897959183673,4.9606200000000005,2.64,2.2530120481927707,0.0,9.0610091,8.90245015,9.2009731,2.46938775510204
DB01217,D607225,1,train,1.0,7.0,0.29204,0.0,0.0,0.0,0.6720762,0.7305814,0.7292515,0.0769230769230769,0.29204,0.0,0.0,0.0,4.7045334,5.1140698,5.1047605,0.5384615384615383
DB00884,D600351,1,train,15.0,9.0,0.22604,0.0,0.0909090909090909,0.0,0.8474877,0.82766,0.7438456,0.1458333333333333,3.3906,0.0,0.8181818181818181,0.0,7.6273893,7.448939999999999,6.6946104,1.3124999999999996
DB01204,D231200,1,train,3.0,4.0,0.68546,0.0,0.0384615384615384,0.0,0.80154365,0.7584837,0.69463885,0.1333333333333333,2.05638,0.0,0.1538461538461536,0.0,3.2061746,3.0339348,2.7785554,0.5333333333333332
DB01182,D241100,1,train,1.0,2.0,0.24462,0.0,0.0576923076923076,0.0,0.78853047,0.8022623,0.5990373,0.1791044776119403,0.24462,0.0,0.1153846153846152,0.0,1.57706094,1.6045246,1.1980746,0.3582089552238806
DB00327,D140600,1,train,22.0,8.0,0.77658,0.75,0.3043478260869565,0.0,0.8718843,0.77791333,0.8545819,0.1909090909090909,17.084760000000003,6.0,2.434782608695652,0.0,6.9750744,6.22330664,6.8366552,1.5272727272727271
DB00535,D218200,1,train,1.0,2.0,0.14634,0.0,0.0434782608695652,0.0,0.6010722,0.7441812,0.6489711,0.0666666666666666,0.14634,0.0,0.0869565217391304,0.0,1.2021444,1.4883624,1.2979422,0.1333333333333332
DB00995,D607681,1,train,3.0,11.0,0.99938,0.0,0.0344827586206896,0.0,0.71785116,0.73072475,0.7063077,0.1641791044776119,2.99814,0.0,0.3793103448275856,0.0,7.896362760000001,8.037972250000001,7.7693847,1.8059701492537308
DB01008,D145590,1,train,18.0,4.0,0.14574,0.0,0.1587301587301587,0.0,0.8778051,0.7631879,0.8723625,0.1290322580645161,2.62332,0.0,0.6349206349206348,0.0,3.5112204,3.0527516,3.48945,0.5161290322580644
DB00559,D182280,1,train,4.0,14.0,0.36073,0.0,0.1020408163265306,0.0,0.8559994,0.79850525,0.8552898,0.2,1.44292,0.0,1.4285714285714284,0.0,11.9839916,11.1790735,11.9740572,2.8000000000000003
DB00975,D604416,1,train,13.0,4.0,0.16987,0.0,0.125,0.0,0.8476568,0.8877261,0.7974138,0.1049382716049382,2.20831,0.0,0.5,0.0,3.3906272,3.5509044,3.1896552,0.4197530864197528
DB00907,D115000,1,train,10.0,2.0,0.24011,0.125,0.2115384615384615,0.0,0.81285,0.8117343,0.68186295,0.2403846153846154,2.4011,0.25,0.423076923076923,0.0,1.6257,1.6234686,1.3637259,0.4807692307692308
DB00695,D157300,1,train,21.0,1.0,0.75392,0.032258064516129,0.0666666666666666,0.0,0.86391807,0.84464693,0.8591919,0.1637931034482758,15.83232,0.032258064516129,0.0666666666666666,0.0,0.86391807,0.84464693,0.8591919,0.1637931034482758
DB00514,D256700,1,train,3.0,7.0,0.34535,0.0975609756097561,0.188235294117647,0.0,0.84144294,0.81528133,0.7630962,0.1375,1.03605,0.6829268292682927,1.317647058823529,0.0,5.89010058,5.70696931,5.3416734,0.9625
DB00515,D161900,1,train,69.0,2.0,0.38439,0.0,0.1509433962264151,0.0,0.86640584,0.89578855,0.89155185,0.0273972602739726,26.52291,0.0,0.3018867924528302,0.0,1.73281168,1.7915771,1.7831037,0.0547945205479452
DB00917,D157300,1,train,21.0,0.0,0.0,0.0,0.1041666666666666,0.0,0.773883,0.745355,0.8218634,0.1728395061728395,0.0,0.0,0.0,0.0,0.0,0.0,0.0,0.0
DB00988,D104300,1,train,4.0,3.0,0.41907,0.0,0.0425531914893617,0.0,0.82967186,0.85334283,0.79844344,0.1884057971014492,1.67628,0.0,0.1276595744680851,0.0,2.48901558,2.56002849,2.39533032,0.5652173913043476
DB00990,D607459,1,train,15.0,2.0,0.022522,0.0,0.3,0.0,0.9150839,0.8257917,0.86307603,0.3894736842105263,0.33783,0.0,0.6,0.0,1.8301678,1.6515834,1.72615206,0.7789473684210526
DB00883,D602080,1,train,4.0,3.0,0.30391,0.0,0.1020408163265306,0.0,0.70140576,0.87703586,0.7718783,0.0357142857142857,1.21564,0.0,0.3061224489795918,0.0,2.10421728,2.63110758,2.3156349,0.1071428571428571
DB01403,D215140,1,train,16.0,2.0,0.13535,0.2727272727272727,0.2698412698412698,0.0,0.86128545,0.88628125,0.8139378,0.2037037037037037,2.1656,0.5454545454545454,0.5396825396825397,0.0,1.7225709,1.7725625,1.6278756,0.4074074074074074
DB00884,D210050,1,train,8.0,9.0,0.3638,0.0,0.0256410256410256,0.0,0.8474808,0.78106064,0.6839459,0.1263157894736842,2.9104,0.0,0.2307692307692304,0.0,7.6273272,7.02954576,6.1555131,1.1368421052631577
DB01019,D109350,1,train,10.0,0.0,0.0,0.1515151515151515,0.0465116279069767,0.0,0.8167033,0.78853476,0.8589851,0.0983606557377049,0.0,0.0,0.0,0.0,0.0,0.0,0.0,0.0
DB00963,D608622,1,train,51.0,2.0,0.40472,0.1818181818181818,0.1538461538461538,0.0,0.87129027,0.8736615,0.7692064,0.2753623188405797,20.64072,0.3636363636363636,0.3076923076923076,0.0,1.74258054,1.747323,1.5384128,0.5507246376811594
DB01045,D140600,1,train,22.0,7.0,0.77658,0.25,0.072289156626506,0.0,0.8091345,0.85652196,0.8183465,0.1288659793814432,17.084760000000003,1.75,0.5060240963855419,0.0,5.6639415,5.99565372,5.7284255,0.9020618556701024
DB01165,D114580,1,train,3.0,2.0,0.51645,0.0,0.054054054054054,0.0,0.8163819,0.8560375,0.8326396,0.2,1.54935,0.0,0.108108108108108,0.0,1.6327638,1.712075,1.6652792,0.4
DB00956,D604416,1,train,13.0,2.0,0.026574,0.0,0.1132075471698113,0.0,0.8865963,0.79757226,0.7974138,0.211864406779661,0.345462,0.0,0.2264150943396226,0.0,1.7731926,1.59514452,1.5948276,0.423728813559322
DB01294,D140600,1,train,22.0,3.0,0.77658,0.0,0.074074074074074,0.0,0.888435,0.7523103,0.8042675,0.1851851851851851,17.084760000000003,0.0,0.222222222222222,0.0,2.665305,2.2569309,2.4128025,0.5555555555555552
DB01248,D223350,1,train,9.0,2.0,0.3708,0.0,0.1568627450980392,0.0,0.7822026,0.83722967,0.86957395,0.2531645569620253,3.3372,0.0,0.3137254901960784,0.0,1.5644052,1.67445934,1.7391479,0.5063291139240506
DB01142,D276300,1,train,33.0,0.0,0.0,0.4827586206896552,0.5789473684210527,0.0,0.85911965,0.89508057,0.8673417,0.5384615384615384,0.0,0.0,0.0,0.0,0.0,0.0,0.0,0.0
DB01224,D188050,1,train,3.0,1.0,0.18334,0.0,0.1057692307692307,0.0,0.8202002,0.7427145,0.8448405,0.238095238095238,0.55002,0.0,0.1057692307692307,0.0,0.8202002,0.7427145,0.8448405,0.238095238095238
DB00590,D603165,1,train,4.0,0.0,0.0,0.0,0.1860465116279069,0.0,0.84482014,0.80077946,0.8706902,0.2556390977443609,0.0,0.0,0.0,0.0,0.0,0.0,0.0,0.0
DB00533,D166760,1,train,6.0,1.0,0.16032,0.0,0.1636363636363636,0.0,0.87041193,0.8615196,0.8829331,0.2195121951219512,0.96192,0.0,0.1636363636363636,0.0,0.87041193,0.8615196,0.8829331,0.2195121951219512
DB00721,D608320,1,train,3.0,3.0,0.27223,0.0,0.0454545454545454,0.0,0.74243134,0.76344097,0.8427608,0.336734693877551,0.8166900000000001,0.0,0.1363636363636362,0.0,2.22729402,2.29032291,2.5282824,1.010204081632653
DB01221,D210050,1,train,8.0,4.0,0.11202,0.0,0.1724137931034483,0.0,0.79637635,0.7092533,0.80228263,0.1739130434782608,0.89616,0.0,0.6896551724137931,0.0,3.1855054,2.8370132,3.20913052,0.6956521739130432
DB00471,D131300,1,train,3.0,5.0,0.23166,0.0,0.0869565217391304,0.0,0.8062447,0.6705532,0.83594215,0.1645569620253164,0.69498,0.0,0.434782608695652,0.0,4.0312235,3.352766,4.17971075,0.822784810126582
DB00542,D276300,1,train,33.0,3.0,0.44266,0.0,0.1621621621621621,0.0,0.91348946,0.87171364,0.84556603,0.2945736434108527,14.60778,0.0,0.4864864864864863,0.0,2.74046838,2.61514092,2.53669809,0.883720930232558
DB00481,D175505,1,train,0.0,7.0,0.37175,0.0,0.0,0.0,0.0,0.0,0.0,0.0,0.0,0.0,0.0,0.0,0.0,0.0,0.0,0.0
DB00787,D147530,1,train,59.0,10.0,0.32759,0.0,0.1694915254237288,0.0,0.85344017,0.7441493,0.86176604,0.2236842105263158,19.32781,0.0,1.694915254237288,0.0,8.5344017,7.441493,8.6176604,2.236842105263158
DB00901,D208300,1,train,4.0,5.0,0.14259,0.0,0.088235294117647,0.0,0.7736435,0.76480454,0.74402195,0.1940298507462686,0.57036,0.0,0.4411764705882349,0.0,3.8682175,3.8240227,3.72010975,0.970149253731343
DB01196,D600351,1,train,15.0,6.0,0.22604,0.0,0.2758620689655172,0.0,0.7865362,0.7853122,0.854866,0.1666666666666666,3.3906,0.0,1.6551724137931032,0.0,4.7192172,4.7118732,5.129196,0.9999999999999996
DB00839,D605055,1,train,6.0,1.0,0.51994,0.5,0.9,0.0,0.98871803,0.99226725,0.8725227,0.4,3.1196399999999995,0.5,0.9,0.0,0.98871803,0.99226725,0.8725227,0.4
DB00445,D600263,1,train,6.0,2.0,0.43074,0.0,0.0588235294117647,0.0,0.7900437,0.7880431,0.72802794,0.15527950310559,2.58444,0.0,0.1176470588235294,0.0,1.5800874,1.5760862,1.45605588,0.31055900621118
DB00754,D145200,1,train,0.0,4.0,0.40166,0.0,0.0,0.0,0.0,0.0,0.0,0.0,0.0,0.0,0.0,0.0,0.0,0.0,0.0,0.0
DB00454,D608622,1,train,51.0,3.0,0.27153,0.2777777777777778,0.4090909090909091,0.0909090909090909,0.9635545,0.85812855,0.9279845,0.2857142857142857,13.84803,0.8333333333333334,1.2272727272727273,0.2727272727272727,2.8906635,2.57438565,2.7839535,0.8571428571428571
DB00851,D208550,1,train,26.0,1.0,0.38905,0.0,0.2222222222222222,0.0,0.86553526,0.8436736,0.762467,0.2068965517241379,10.1153,0.0,0.2222222222222222,0.0,0.86553526,0.8436736,0.762467,0.2068965517241379
DB01173,D208085,1,train,0.0,8.0,0.39453,0.0,0.0,0.0,0.0,0.0,0.0,0.0,0.0,0.0,0.0,0.0,0.0,0.0,0.0,0.0
DB00571,D190310,1,train,16.0,1.0,0.1297,0.1428571428571428,0.1805555555555555,0.0,0.80663157,0.85075736,0.7478837,0.2906976744186046,2.0752,0.1428571428571428,0.1805555555555555,0.0,0.80663157,0.85075736,0.7478837,0.2906976744186046
DB01225,D115000,1,train,10.0,0.0,0.0,0.0,0.0344827586206896,0.0,0.7835889,0.8787792,0.7956648,0.082051282051282,0.0,0.0,0.0,0.0,0.0,0.0,0.0,0.0
DB00995,D600131,1,train,4.0,11.0,0.96524,0.0,0.05,0.0,0.71785116,0.73072475,0.7063077,0.1641791044776119,3.86096,0.0,0.55,0.0,7.896362760000001,8.037972250000001,7.7693847,1.8059701492537308
DB00428,D225740,1,train,4.0,1.0,0.21487,0.0,0.0,0.0,0.81545234,0.7492391,0.77238244,0.0952380952380952,0.85948,0.0,0.0,0.0,0.81545234,0.7492391,0.77238244,0.0952380952380952
DB00188,D254500,1,train,8.0,0.0,0.0,0.0,0.24,0.0,0.8062055,0.8851201,0.8153203,0.1928571428571428,0.0,0.0,0.0,0.0,0.0,0.0,0.0,0.0
DB00727,D600496,1,train,11.0,3.0,0.89132,0.0,0.0625,0.0,0.8057905,0.83539695,0.788579,0.0471698113207547,9.80452,0.0,0.1875,0.0,2.4173715,2.5061908500000003,2.365737,0.1415094339622641
DB00472,D226150,1,train,4.0,1.0,0.031912,0.0,0.25,0.0,0.78806394,0.8283947,0.8042065,0.3370786516853932,0.127648,0.0,0.25,0.0,0.78806394,0.8283947,0.8042065,0.3370786516853932
DB00901,D161900,1,train,69.0,5.0,0.22604,0.5,0.1666666666666666,0.0,0.8127714,0.85839236,0.86825323,0.25,15.59676,2.5,0.833333333333333,0.0,4.0638570000000005,4.2919618,4.34126615,1.25
DB00570,D157700,1,train,7.0,7.0,0.27466,0.0,0.0813953488372093,0.0,0.786817,0.81621027,0.73477244,0.1683673469387755,1.92262,0.0,0.569767441860465,0.0,5.507719,5.71347189,5.143407079999999,1.1785714285714286
DB00631,D151590,1,train,5.0,16.0,0.16369,0.25,0.3333333333333333,0.0,0.8049562,0.8275441,0.86252016,0.2875,0.81845,4.0,5.333333333333333,0.0,12.8792992,13.2407056,13.80032256,4.6
DB01099,D176807,1,train,9.0,3.0,0.29677,0.0,0.0666666666666666,0.0,0.7267629,0.7112368,0.68785596,0.0985915492957746,2.67093,0.0,0.1999999999999998,0.0,2.1802887,2.1337104,2.06356788,0.2957746478873237
DB01193,D601682,1,train,7.0,3.0,0.47652,0.0,0.1805555555555555,0.0,0.77940214,0.8340291,0.8120012,0.2014925373134328,3.33564,0.0,0.5416666666666665,0.0,2.33820642,2.5020873,2.4360036,0.6044776119402984
DB01009,D266600,1,train,6.0,0.0,0.0,0.25,0.12,0.0,0.822118,0.8391171,0.8136749,0.240506329113924,0.0,0.0,0.0,0.0,0.0,0.0,0.0,0.0
DB00651,D147530,1,train,59.0,0.0,0.0,0.1764705882352941,0.1875,0.0,0.92387575,0.87166715,0.89939547,0.5740740740740741,0.0,0.0,0.0,0.0,0.0,0.0,0.0,0.0
DB01076,D217200,1,train,16.0,2.0,0.36236,0.0256410256410256,0.1212121212121212,0.0,0.9006805,0.8228354,0.88938236,0.2260273972602739,5.79776,0.0512820512820512,0.2424242424242424,0.0,1.801361,1.6456708,1.77876472,0.4520547945205478
DB00744,D107650,1,train,0.0,3.0,0.19149,0.0,0.0,0.0,0.0,0.0,0.0,0.0,0.0,0.0,0.0,0.0,0.0,0.0,0.0,0.0
DB00268,D168600,1,train,7.0,2.0,0.46405,0.1025641025641025,0.21875,0.0,0.9314821,0.85256183,0.81958675,0.173469387755102,3.2483500000000003,0.205128205128205,0.4375,0.0,1.8629642,1.70512366,1.6391735,0.346938775510204
DB00376,D115000,1,train,10.0,0.0,0.0,0.3,0.1363636363636363,0.0,0.8741601,0.7851355,0.813524,0.1981132075471698,0.0,0.0,0.0,0.0,0.0,0.0,0.0,0.0
DB00588,D608622,1,train,51.0,4.0,0.27153,0.25,0.26,0.0,0.9016313,0.82833457,0.83195627,0.4954128440366973,13.84803,1.0,1.04,0.0,3.6065252,3.31333828,3.32782508,1.981651376146789
DB00631,D208920,1,train,1.0,16.0,0.25375,0.0,0.0526315789473684,0.0,0.51494837,0.62815154,0.7509794,0.0253164556962025,0.25375,0.0,0.8421052631578944,0.0,8.23917392,10.05042464,12.0156704,0.40506329113924
DB00379,D225740,1,train,4.0,4.0,0.41392,0.0,0.135593220338983,0.0,0.81545234,0.8265785,0.76199937,0.14,1.65568,0.0,0.542372881355932,0.0,3.26180936,3.306314,3.04799748,0.56
DB00575,D140600,1,train,22.0,4.0,0.77658,0.1071428571428571,0.1940298507462686,0.0,0.88808244,0.9132002,0.76770765,0.1384615384615384,17.084760000000003,0.4285714285714284,0.7761194029850744,0.0,3.55232976,3.6528008,3.0708306,0.5538461538461537
DB01221,D600807,1,train,17.0,4.0,0.38905,0.3636363636363636,0.2222222222222222,0.0,0.8128126,0.82017976,0.8393658,0.240506329113924,6.61385,1.4545454545454544,0.8888888888888888,0.0,3.2512504,3.28071904,3.3574632,0.962025316455696
DB00882,D109350,1,train,10.0,2.0,0.034357,0.0,0.0612244897959183,0.0,0.7490799,0.8181318,0.8178549,0.2413793103448276,0.34357,0.0,0.1224489795918366,0.0,1.4981598,1.6362636,1.6357098,0.4827586206896552
DB00733,D300494,1,train,2.0,5.0,0.35296,0.0,0.0158730158730158,0.0,0.72510284,0.80400825,0.81690717,0.1219512195121951,0.70592,0.0,0.079365079365079,0.0,3.6255142,4.02004125,4.08453585,0.6097560975609755
DB00527,D144700,1,train,7.0,0.0,0.0,0.0,0.0833333333333333,0.0,0.7196214,0.83690774,0.75299394,0.2212389380530973,0.0,0.0,0.0,0.0,0.0,0.0,0.0,0.0
DB01242,D161900,1,train,69.0,1.0,0.27153,0.25,0.3333333333333333,0.0,0.9284469,0.90024436,0.85323256,0.3,18.73557,0.25,0.3333333333333333,0.0,0.9284469,0.90024436,0.85323256,0.3
DB00500,D264120,1,train,7.0,1.0,0.079541,0.6666666666666666,0.3255813953488372,0.0,0.79673123,0.8010483,0.82011425,0.1969696969696969,0.556787,0.6666666666666666,0.3255813953488372,0.0,0.79673123,0.8010483,0.82011425,0.1969696969696969
DB01214,D600082,1,train,6.0,2.0,0.081461,0.0,0.123076923076923,0.0,0.81335366,0.880169,0.8586231,0.1583333333333333,0.488766,0.0,0.246153846153846,0.0,1.62670732,1.760338,1.7172462,0.3166666666666666
DB00692,D601626,1,train,8.0,4.0,0.55118,0.24,0.1590909090909091,0.0,0.90986055,0.8325561,0.8406066,0.2244897959183673,4.40944,0.96,0.6363636363636364,0.0,3.6394422,3.3302244,3.3624264,0.8979591836734692
DB01072,D267730,1,train,5.0,5.0,0.47256,0.0,0.0679611650485436,0.0,0.7322155,0.77693987,0.8791588,0.2315270935960591,2.3628,0.0,0.339805825242718,0.0,3.6610775,3.88469935,4.395794,1.1576354679802956
DB00563,D104130,1,train,7.0,5.0,0.18986,0.0,0.1927710843373494,0.0,0.876157,0.84016585,0.74935997,0.1987951807228915,1.32902,0.0,0.963855421686747,0.0,4.380785,4.20082925,3.74679985,0.9939759036144576
DB00544,D254200,1,train,4.0,1.0,0.1691,0.0,0.0909090909090909,0.0,0.8321146,0.84913945,0.7135991,0.0845070422535211,0.6764,0.0,0.0909090909090909,0.0,0.8321146,0.84913945,0.7135991,0.0845070422535211
DB00190,D168100,1,train,13.0,2.0,0.41046,0.0,0.2222222222222222,0.0,0.90576303,0.85292816,0.81852716,0.4693877551020408,5.33598,0.0,0.4444444444444444,0.0,1.81152606,1.70585632,1.63705432,0.9387755102040816
DB00596,D161900,1,train,69.0,3.0,0.20505,1.0,0.303030303030303,0.0,0.9067375,0.9905731,0.8651979,0.7471264367816092,14.14845,3.0,0.909090909090909,0.0,2.7202125,2.9717193,2.5955937,2.2413793103448274
DB01204,D155100,1,train,1.0,4.0,0.31345,0.0,0.0,0.0,0.80154365,0.7584837,0.69463885,0.1192660550458715,0.31345,0.0,0.0,0.0,3.2061746,3.0339348,2.7785554,0.477064220183486
DB01099,D144700,1,train,7.0,3.0,0.46625,0.0,0.12,0.0,0.793985,0.71087915,0.8142536,0.1232876712328767,3.26375,0.0,0.36,0.0,2.381955,2.13263745,2.4427608000000003,0.3698630136986301
DB00381,D104300,1,train,4.0,2.0,0.41907,0.0,0.0857142857142857,0.0,0.74797535,0.851391,0.77465093,0.1714285714285714,1.67628,0.0,0.1714285714285714,0.0,1.4959507,1.702782,1.54930186,0.3428571428571428
DB00436,D310468,1,train,1.0,1.0,0.0,0.0,0.0,0.0,0.62324053,0.6229661,0.6930484,0.0818181818181818,0.0,0.0,0.0,0.0,0.62324053,0.6229661,0.6930484,0.0818181818181818
DB00759,D114500,1,train,3.0,3.0,0.44266,0.0,0.1346153846153846,0.0,0.7832875,0.7568441,0.8104224,0.131578947368421,1.32798,0.0,0.4038461538461538,0.0,2.3498625,2.2705323,2.4312672,0.3947368421052629
DB00750,D217200,1,train,16.0,0.0,0.0,0.0285714285714285,0.15625,0.0,0.6313295,0.828115,0.6867869,0.2625,0.0,0.0,0.0,0.0,0.0,0.0,0.0,0.0
DB00672,D125320,1,train,12.0,2.0,0.51994,0.5,0.9,0.0,0.98871803,0.99226725,0.8725227,0.4,6.239279999999999,1.0,1.8,0.0,1.97743606,1.9845345,1.7450454,0.8
DB00585,D140600,1,train,22.0,6.0,0.77658,0.0,0.0784313725490196,0.0,0.8703016,0.85928357,0.86649066,0.1263157894736842,17.084760000000003,0.0,0.4705882352941176,0.0,5.2218096,5.15570142,5.198943959999999,0.7578947368421052
DB00264,D607554,1,train,9.0,5.0,0.90778,0.0,0.1304347826086956,0.0,0.88563997,0.78300804,0.7976602,0.2912621359223301,8.170020000000001,0.0,0.6521739130434779,0.0,4.42819985,3.9150402,3.988301,1.4563106796116505
DB00214,D600351,1,train,15.0,5.0,0.22604,0.0,0.1142857142857142,0.0,0.88669574,0.8676419,0.863212,0.1940298507462686,3.3906,0.0,0.571428571428571,0.0,4.4334787,4.3382095,4.31606,0.970149253731343
DB00747,D165720,1,train,14.0,4.0,0.64093,0.0,0.1818181818181818,0.1666666666666666,0.888435,0.6958645,0.86649066,0.2035398230088495,8.97302,0.0,0.7272727272727272,0.6666666666666664,3.55374,2.783458,3.46596264,0.814159292035398
DB00136,D146255,1,train,14.0,2.0,0.31937,0.0,0.1111111111111111,0.0,0.88843405,0.8375906,0.7504722,0.1923076923076923,4.47118,0.0,0.2222222222222222,0.0,1.7768681,1.6751812,1.5009444,0.3846153846153846
DB00727,D125850,1,train,12.0,3.0,0.89132,0.0,0.0625,0.0,0.8093832,0.83539695,0.79556257,0.0471698113207547,10.69584,0.0,0.1875,0.0,2.4281496,2.5061908500000003,2.38668771,0.1415094339622641
DB00282,D102500,1,train,11.0,5.0,0.31504,0.0,0.1081081081081081,0.0,0.83419025,0.7210816,0.83857065,0.0652173913043478,3.46544,0.0,0.5405405405405405,0.0,4.17095125,3.605408,4.19285325,0.3260869565217389
DB01030,D247640,1,train,13.0,1.0,0.22163,0.0,0.2291666666666666,0.0,0.92701924,0.8807487,0.80947864,0.2026143790849673,2.88119,0.0,0.2291666666666666,0.0,0.92701924,0.8807487,0.80947864,0.2026143790849673
DB00367,D146500,1,train,1.0,0.0,0.0,0.0,0.0,0.0,0.6639717,0.82259417,0.61587906,0.1339285714285714,0.0,0.0,0.0,0.0,0.0,0.0,0.0,0.0
DB00313,D157300,1,train,21.0,7.0,0.75392,0.1851851851851851,0.1724137931034483,0.0,0.90603244,0.9208264,0.8796562,0.2037037037037037,15.83232,1.2962962962962956,1.206896551724138,0.0,6.342227080000001,6.4457848,6.1575934,1.4259259259259258
DB00387,D137750,1,train,8.0,5.0,0.62654,0.0,0.024390243902439,0.0,0.8112955,0.8622099,0.8262623,0.2521008403361344,5.01232,0.0,0.121951219512195,0.0,4.0564775,4.3110495,4.1313115,1.260504201680672
DB01182,D114480,1,train,13.0,2.0,0.24462,0.0,0.1521739130434782,0.0,0.847023,0.8020763,0.8652648,0.3793103448275862,3.18006,0.0,0.3043478260869564,0.0,1.694046,1.6041526,1.7305296,0.7586206896551724
DB00374,D168100,1,train,13.0,0.0,0.0,0.0909090909090909,0.108695652173913,0.0,0.8365141,0.7661175,0.796722,0.2051282051282051,0.0,0.0,0.0,0.0,0.0,0.0,0.0,0.0
DB00489,D259050,1,train,0.0,3.0,0.62291,0.0,0.0,0.0,0.0,0.0,0.0,0.0,0.0,0.0,0.0,0.0,0.0,0.0,0.0,0.0
DB01041,D254500,1,train,8.0,2.0,0.21813,0.074074074074074,0.1940298507462686,0.0,0.82811475,0.8665612,0.87486476,0.2444444444444444,1.74504,0.148148148148148,0.3880597014925372,0.0,1.6562295,1.7331224,1.74972952,0.4888888888888888
DB00814,D210050,1,train,8.0,1.0,0.11202,0.0,0.1724137931034483,0.0,0.8040756,0.88934195,0.79972625,0.1739130434782608,0.89616,0.0,0.1724137931034483,0.0,0.8040756,0.88934195,0.79972625,0.1739130434782608
DB00771,D276300,1,train,33.0,2.0,0.22705,0.25,0.12,0.0,0.91358185,0.8603314,0.81535774,0.2833333333333333,7.49265,0.5,0.24,0.0,1.8271637,1.7206628,1.63071548,0.5666666666666667
DB01018,D191800,1,train,0.0,2.0,0.0,0.0,0.0,0.0,0.0,0.0,0.0,0.0,0.0,0.0,0.0,0.0,0.0,0.0,0.0,0.0
DB00535,D113610,1,train,1.0,2.0,0.23209,0.0,0.0434782608695652,0.0,0.6010722,0.7441812,0.6489711,0.0666666666666666,0.23209,0.0,0.0869565217391304,0.0,1.2021444,1.4883624,1.2979422,0.1333333333333332
DB00808,D125320,1,train,12.0,1.0,0.41046,0.0,0.175,0.0,0.81593764,0.85995513,0.82748526,0.2444444444444444,4.92552,0.0,0.175,0.0,0.81593764,0.85995513,0.82748526,0.2444444444444444
DB00960,D115645,1,train,0.0,1.0,0.20016,0.0,0.0,0.0,0.0,0.0,0.0,0.0,0.0,0.0,0.0,0.0,0.0,0.0,0.0,0.0
DB00444,D114480,1,train,13.0,1.0,0.24173,0.0,0.1,0.0,0.807816,0.8174354,0.7671372,0.1515151515151515,3.14249,0.0,0.1,0.0,0.807816,0.8174354,0.7671372,0.1515151515151515
DB00167,D260970,1,train,2.0,1.0,0.1846,0.0,0.0,0.0,0.58766454,0.6660944,0.52990896,0.0416666666666666,0.3692,0.0,0.0,0.0,0.58766454,0.6660944,0.52990896,0.0416666666666666
DB00017,D167320,1,train,5.0,3.0,0.23028,0.0,0.037037037037037,0.0,0.8259458,0.87703604,0.7751259,0.05,1.1514,0.0,0.111111111111111,0.0,2.4778374,2.63110812,2.3253777,0.15
DB00831,D600496,1,train,11.0,2.0,0.89132,0.1818181818181818,0.4047619047619047,0.0,0.8772591,0.9053834,0.8044208,0.3363636363636363,9.80452,0.3636363636363636,0.8095238095238094,0.0,1.7545182,1.8107668,1.6088416,0.6727272727272726
DB00755,D145590,1,train,18.0,0.0,0.0,0.0,0.1971830985915492,0.0,0.8778051,0.7169205,0.8311033,0.1057692307692307,0.0,0.0,0.0,0.0,0.0,0.0,0.0,0.0
DB00433,D218200,1,train,1.0,7.0,0.228,0.0,0.0434782608695652,0.0,0.6010722,0.7441812,0.6489711,0.0666666666666666,0.228,0.0,0.3043478260869564,0.0,4.2075054,5.2092684,4.5427977,0.4666666666666662
DB00368,D145590,1,train,18.0,2.0,0.25626,0.2857142857142857,0.0847457627118644,0.0,0.84030473,0.8176994,0.8856403,0.1698113207547169,4.61268,0.5714285714285714,0.1694915254237288,0.0,1.68060946,1.6353988,1.7712806,0.3396226415094338
DB00257,D114580,1,train,3.0,0.0,0.0,0.0,0.1443298969072164,0.0,0.8163819,0.7708827,0.7979845,0.1818181818181818,0.0,0.0,0.0,0.0,0.0,0.0,0.0,0.0
DB00573,D601042,1,train,6.0,6.0,0.37989,0.0,0.087719298245614,0.0,0.893715,0.7924551,0.8312106,0.2361111111111111,2.27934,0.0,0.5263157894736841,0.0,5.36229,4.7547306,4.9872636,1.4166666666666663
DB00273,D607499,1,train,1.0,4.0,0.20865,0.0,0.0357142857142857,0.0,0.8419147,0.60315335,0.78855133,0.0355029585798816,0.20865,0.0,0.1428571428571428,0.0,3.3676588,2.4126134,3.15420532,0.1420118343195264
DB00588,D179600,1,train,8.0,4.0,0.13895,0.0,0.1132075471698113,0.0,0.8296874,0.82750714,0.796484,0.1689189189189189,1.1116,0.0,0.4528301886792452,0.0,3.3187496,3.31002856,3.185936,0.6756756756756755
DB00763,D208550,1,train,26.0,1.0,0.059788,0.0,0.2028985507246377,0.0,0.77669024,0.8173741,0.84099185,0.1489361702127659,1.554488,0.0,0.2028985507246377,0.0,0.77669024,0.8173741,0.84099185,0.1489361702127659
DB00635,D144650,1,train,2.0,0.0,0.0,0.0,0.2,0.0,0.7564331,0.76693535,0.7358908,0.3131313131313131,0.0,0.0,0.0,0.0,0.0,0.0,0.0,0.0
DB00333,D164230,1,train,7.0,2.0,0.30068,0.5,0.2435897435897435,0.0,0.8382685,0.83681697,0.8381325,0.2065217391304347,2.10476,1.0,0.487179487179487,0.0,1.676537,1.67363394,1.676265,0.4130434782608694
DB01217,D601042,1,train,6.0,7.0,0.29204,0.0,0.1194029850746268,0.0,0.71321034,0.78162843,0.73734206,0.1240875912408759,1.75224,0.0,0.8358208955223876,0.0,4.992472380000001,5.471399010000001,5.161394420000001,0.8686131386861313
DB00559,D267730,1,train,5.0,14.0,0.47256,0.0,0.0933333333333333,0.0,0.76801336,0.75620085,0.8552898,0.2315270935960591,2.3628,0.0,1.3066666666666662,0.0,10.75218704,10.5868119,11.9740572,3.2413793103448274
DB01203,D267730,1,train,5.0,7.0,0.47256,0.0833333333333333,0.0674157303370786,0.0,0.79230624,0.88257,0.69173145,0.1666666666666666,2.3628,0.5833333333333331,0.4719101123595501,0.0,5.54614368,6.177989999999999,4.84212015,1.1666666666666663
DB00315,D145590,1,train,18.0,2.0,0.14811,0.1304347826086956,0.2037037037037037,0.0,0.8332357,0.63001585,0.8218196,0.2427184466019417,2.66598,0.2608695652173912,0.4074074074074074,0.0,1.6664714,1.2600317,1.6436392,0.4854368932038834
DB01197,D168100,1,train,13.0,0.0,0.0,0.2,0.68,0.0,0.90821266,1.0000002,0.90331554,0.1869918699186991,0.0,0.0,0.0,0.0,0.0,0.0,0.0,0.0
DB00724,D189800,1,train,1.0,1.0,0.095691,0.0,0.0238095238095238,0.0,0.7071883,0.70535034,0.6043682,0.1237113402061855,0.095691,0.0,0.0238095238095238,0.0,0.7071883,0.70535034,0.6043682,0.1237113402061855
DB00904,D137750,1,train,8.0,3.0,0.62654,0.0,0.088235294117647,0.0,0.8631331,0.83209056,0.7592828,0.2314814814814814,5.01232,0.0,0.264705882352941,0.0,2.5893993,2.49627168,2.2778484,0.6944444444444442
DB01204,D137750,1,train,8.0,4.0,0.11423,0.0,0.1176470588235294,0.0,0.81562227,0.7550066,0.7518086,0.1259259259259259,0.91384,0.0,0.4705882352941176,0.0,3.26248908,3.0200264,3.0072344,0.5037037037037037
DB01014,D125850,1,train,12.0,0.0,0.0,0.2727272727272727,0.1549295774647887,0.0,0.79912466,0.7763852,0.80577165,0.2935779816513761,0.0,0.0,0.0,0.0,0.0,0.0,0.0,0.0
DB00408,D125850,1,train,12.0,3.0,0.89132,0.1818181818181818,0.4047619047619047,0.0,0.82429373,0.8285899,0.81166553,0.3363636363636363,10.69584,0.5454545454545454,1.2142857142857142,0.0,2.47288119,2.4857697,2.43499659,1.0090909090909088
DB11750,D161900,1,train,69.0,1.0,0.27153,0.0,0.6666666666666666,0.0,0.87125826,0.37828964,0.0,0.7471264367816092,18.73557,0.0,0.6666666666666666,0.0,0.87125826,0.37828964,0.0,0.7471264367816092
DB00604,D147530,1,train,59.0,5.0,0.14691,0.25,0.2037037037037037,0.0,0.8785948,0.8290751,0.8293256,0.2913385826771653,8.66769,1.25,1.0185185185185184,0.0,4.392974,4.1453755,4.146628,1.4566929133858264
DB00302,D134430,1,train,1.0,3.0,0.48545,0.0,0.1025641025641025,0.0,0.8225155,0.6251518,0.88883734,0.0585585585585585,0.48545,0.0,0.3076923076923075,0.0,2.4675465,1.8754554,2.66651202,0.1756756756756755
DB00712,D168600,1,train,7.0,0.0,0.0,0.0,0.0918367346938775,0.0,0.86519897,0.8437095,0.8224108,0.3164556962025316,0.0,0.0,0.0,0.0,0.0,0.0,0.0,0.0
DB00264,D608583,1,train,6.0,5.0,0.90778,0.0,0.1304347826086956,0.0,0.8526298,0.77031744,0.75797904,0.2912621359223301,5.446680000000001,0.0,0.6521739130434779,0.0,4.263149,3.8515872,3.7898952,1.4563106796116505
DB00227,D144010,1,train,7.0,0.0,0.0,0.6666666666666666,0.4693877551020408,0.0,0.9833617,0.73893845,0.85651225,0.171875,0.0,0.0,0.0,0.0,0.0,0.0,0.0,0.0
DB01076,D605021,1,train,1.0,2.0,0.37603,0.0,0.081967213114754,0.0,0.7400868,0.6594494,0.8500123,0.029585798816568,0.37603,0.0,0.163934426229508,0.0,1.4801736,1.3188988,1.7000246,0.059171597633136
DB00563,D190400,1,train,2.0,5.0,0.14189,0.0,0.0875,0.0,0.71428686,0.7624857,0.69073266,0.1834862385321101,0.28378,0.0,0.4375,0.0,3.5714343,3.8124285,3.4536633,0.9174311926605504
DB00380,D145500,1,train,4.0,5.0,0.40472,0.0,0.0638297872340425,0.0,0.91915756,0.79923904,0.782996,0.0917030567685589,1.61888,0.0,0.3191489361702125,0.0,4.5957878,3.9961952,3.91498,0.4585152838427945
DB00559,D109543,1,train,9.0,14.0,0.30267,0.0,0.056338028169014,0.0,0.81771606,0.8562238,0.8364521,0.2315270935960591,2.72403,0.0,0.788732394366196,0.0,11.44802484,11.9871332,11.7103294,3.2413793103448274
DB01020,D608622,1,train,51.0,1.0,0.13895,0.0,0.0975609756097561,0.0,0.8339689,0.86997706,0.890664,0.123076923076923,7.086449999999999,0.0,0.0975609756097561,0.0,0.8339689,0.86997706,0.890664,0.123076923076923
DB01229,D156000,1,train,1.0,1.0,0.1588,0.0,0.072463768115942,0.0,0.5572983,0.8228861,0.6311472,0.0289855072463768,0.1588,0.0,0.072463768115942,0.0,0.5572983,0.8228861,0.6311472,0.0289855072463768
DB00790,D300491,1,train,4.0,14.0,0.65631,0.0,0.064516129032258,0.0,0.8313637,0.7176461,0.8293926,0.1818181818181818,2.62524,0.0,0.903225806451612,0.0,11.6390918,10.0470454,11.6114964,2.545454545454545
DB00475,D165199,1,train,5.0,1.0,0.1547,0.4848484848484848,0.1304347826086956,0.0,0.8006328,0.7440406,0.6718908,0.2365591397849462,0.7735000000000001,0.4848484848484848,0.1304347826086956,0.0,0.8006328,0.7440406,0.6718908,0.2365591397849462
DB00992,D160300,1,train,0.0,8.0,0.31158,0.0,0.0,0.0,0.0,0.0,0.0,0.0,0.0,0.0,0.0,0.0,0.0,0.0,0.0,0.0
DB00731,D254200,1,train,4.0,0.0,0.0,0.0,0.0909090909090909,0.0,0.7461557,0.664211,0.6338212,0.21875,0.0,0.0,0.0,0.0,0.0,0.0,0.0,0.0
DB00733,D225740,1,train,4.0,5.0,0.35296,0.0,0.0377358490566037,0.0,0.7981522,0.7492391,0.77238244,0.125,1.41184,0.0,0.1886792452830185,0.0,3.990761,3.7461955,3.8619122,0.625
DB00992,D126200,1,train,9.0,8.0,0.39518,0.0,0.0714285714285714,0.0,0.8151759,0.7566862,0.7509795,0.1228070175438596,3.55662,0.0,0.5714285714285712,0.0,6.5214072,6.0534896,6.007836,0.9824561403508768
DB01085,D166760,1,train,6.0,1.0,0.0,0.125,0.0892857142857142,0.0,0.84997404,0.73524016,0.7857827,0.1162790697674418,0.0,0.125,0.0892857142857142,0.0,0.84997404,0.73524016,0.7857827,0.1162790697674418
DB00783,D268320,1,train,0.0,0.0,0.0,0.0,0.0,0.0,0.0,0.0,0.0,0.0,0.0,0.0,0.0,0.0,0.0,0.0,0.0,0.0
DB00268,D168100,1,train,13.0,2.0,0.46405,0.1428571428571428,0.21875,0.0,0.9314821,0.85256183,0.83064204,0.1981981981981982,6.03265,0.2857142857142856,0.4375,0.0,1.8629642,1.70512366,1.66128408,0.3963963963963964
DB00122,D607850,1,train,13.0,2.0,0.56953,0.0,0.0625,0.0,0.47563624,0.6896101,0.7852062,0.087719298245614,7.40389,0.0,0.125,0.0,0.95127248,1.3792202,1.5704124,0.175438596491228
DB00584,D190310,1,train,16.0,2.0,0.16422,0.5,0.3636363636363636,0.0,0.93374395,0.783703,0.7954331,0.46,2.62752,1.0,0.7272727272727272,0.0,1.8674879,1.567406,1.5908662,0.92
DB00440,D144700,1,train,7.0,2.0,0.33542,0.0,0.12,0.0,0.86555827,0.72629374,0.8142536,0.131578947368421,2.34794,0.0,0.24,0.0,1.73111654,1.45258748,1.6285072,0.263157894736842
DB00997,D157300,1,train,21.0,0.0,0.0,0.0,0.3620689655172414,0.0,0.9138688,0.8631332,0.88814986,0.1782608695652174,0.0,0.0,0.0,0.0,0.0,0.0,0.0,0.0
DB01008,D140600,1,train,22.0,4.0,0.77658,0.0,0.1707317073170731,1.0,0.87929404,0.8453571,0.92471594,0.1351351351351351,17.084760000000003,0.0,0.6829268292682924,4.0,3.51717616,3.3814284,3.69886376,0.5405405405405403
DB01623,D206200,1,train,1.0,0.0,0.0,0.0,0.0,0.0,0.40905303,0.64010406,0.6060605,0.045045045045045,0.0,0.0,0.0,0.0,0.0,0.0,0.0,0.0
DB00983,D236000,1,train,14.0,5.0,0.28838,0.6666666666666666,0.1320754716981132,0.0,0.8462641,0.8562238,0.8508208,0.2,4.03732,3.333333333333333,0.660377358490566,0.0,4.2313205,4.281119,4.254104,1.0
DB00186,D189600,1,train,1.0,2.0,0.12557,0.0,0.1794871794871795,0.0,0.7485453,0.71380985,0.81415594,0.1975308641975308,0.12557,0.0,0.358974358974359,0.0,1.4970906,1.4276197,1.62831188,0.3950617283950616
DB00958,D208550,1,train,26.0,2.0,0.21543,0.0,0.2222222222222222,0.0,0.82560766,0.8298605,0.77976227,0.1886792452830188,5.60118,0.0,0.4444444444444444,0.0,1.65121532,1.659721,1.55952454,0.3773584905660376
DB00653,D137750,1,train,8.0,2.0,0.62654,0.0,0.0746268656716417,0.0,0.71409655,0.76791203,0.8585527,0.027027027027027,5.01232,0.0,0.1492537313432834,0.0,1.4281931,1.53582406,1.7171054,0.054054054054054
DB00475,D147530,1,train,59.0,1.0,0.1547,0.5517241379310345,0.2142857142857142,0.0,0.85668826,0.8460354,0.85914016,0.2727272727272727,9.1273,0.5517241379310345,0.2142857142857142,0.0,0.85668826,0.8460354,0.85914016,0.2727272727272727
DB00963,D145500,1,train,4.0,2.0,0.40472,0.0,0.0851063829787234,0.0,0.76260537,0.8498265,0.56817317,0.2753623188405797,1.61888,0.0,0.1702127659574468,0.0,1.52521074,1.699653,1.13634634,0.5507246376811594
DB00584,D304790,1,train,7.0,2.0,0.21169,0.0,0.1142857142857142,0.0,0.8824711,0.7718018,0.8251821,0.2142857142857142,1.48183,0.0,0.2285714285714284,0.0,1.7649422,1.5436036,1.6503642,0.4285714285714284
DB00284,D600496,1,train,11.0,1.0,0.89132,0.0,0.2272727272727272,0.0,0.8795455,0.7958033,0.7403978,0.087431693989071,9.80452,0.0,0.2272727272727272,0.0,0.8795455,0.7958033,0.7403978,0.087431693989071
DB00017,D166710,1,train,5.0,3.0,0.29445,0.0,0.037037037037037,0.0,0.8259458,0.87703604,0.736162,0.0916976456009913,1.4722499999999998,0.0,0.111111111111111,0.0,2.4778374,2.63110812,2.208486,0.2750929368029739
DB00327,D133600,1,train,4.0,8.0,0.15111,0.0,0.0566037735849056,0.0,0.7200187,0.75835526,0.62428516,0.1489361702127659,0.60444,0.0,0.4528301886792448,0.0,5.7601496,6.06684208,4.99428128,1.1914893617021272
DB00491,D608622,1,train,51.0,2.0,0.27153,0.0,0.4285714285714285,0.0,0.81209683,0.87513185,0.85795546,0.7111111111111111,13.84803,0.0,0.857142857142857,0.0,1.62419366,1.7502637,1.71591092,1.4222222222222225
DB00371,D601682,1,train,7.0,4.0,0.050027,0.0,0.125,0.0,0.7718369,0.78935146,0.8120012,0.1685393258426966,0.350189,0.0,0.5,0.0,3.0873476,3.15740584,3.2480048,0.6741573033707864
DB00908,D608105,1,train,4.0,9.0,0.57022,0.1363636363636363,0.1428571428571428,0.0,0.82385695,0.83221316,0.76241004,0.1578947368421052,2.28088,1.2272727272727266,1.2857142857142851,0.0,7.41471255,7.48991844,6.86169036,1.421052631578947
DB00232,D215140,1,train,16.0,0.0,0.0,0.2,0.2580645161290322,0.0,0.94156426,0.88232374,0.8139378,0.1648351648351648,0.0,0.0,0.0,0.0,0.0,0.0,0.0,0.0
DB00619,D208550,1,train,26.0,10.0,0.20026,0.0,0.2151898734177215,0.0,0.8176723,0.8173741,0.81779724,0.2467532467532467,5.20676,0.0,2.151898734177215,0.0,8.176723,8.173741,8.1779724,2.467532467532467
DB00035,D600808,1,train,2.0,4.0,0.99992,0.0,0.0208333333333333,0.0,0.8489547,0.72857815,0.8140161,0.1056910569105691,1.99984,0.0,0.0833333333333332,0.0,3.3958188,2.9143126,3.2560644,0.4227642276422764
DB00533,D208550,1,train,26.0,1.0,0.16032,0.0,0.1896551724137931,0.0,0.8766037,0.8832337,0.80177253,0.2195121951219512,4.16832,0.0,0.1896551724137931,0.0,0.8766037,0.8832337,0.80177253,0.2195121951219512
DB01259,D233810,1,train,9.0,0.0,0.0,0.0,0.1632653061224489,0.0,0.78044176,0.7835386,0.7514425,0.2430939226519337,0.0,0.0,0.0,0.0,0.0,0.0,0.0,0.0
DB01029,D182280,1,train,4.0,1.0,0.22705,0.0,0.1020408163265306,0.0,0.8559994,0.83432627,0.67765236,0.2,0.9082,0.0,0.1020408163265306,0.0,0.8559994,0.83432627,0.67765236,0.2
DB00810,D147530,1,train,59.0,0.0,0.0,0.5,0.2647058823529412,0.0,0.9055965,0.9008588,0.87592137,0.3217391304347826,0.0,0.0,0.0,0.0,0.0,0.0,0.0,0.0
DB01043,D246300,1,train,1.0,0.0,0.0,0.0,0.1016949152542373,0.0,0.6556362,0.6550226,0.67566824,0.0196078431372549,0.0,0.0,0.0,0.0,0.0,0.0,0.0,0.0
DB00619,D133600,1,train,4.0,10.0,0.17496,0.0,0.0958904109589041,0.0,0.83744127,0.8275442,0.91382855,0.12,0.69984,0.0,0.958904109589041,0.0,8.3744127,8.275442,9.1382855,1.2
DB00901,D210050,1,train,8.0,5.0,0.3638,0.5,0.9473684210526316,0.0,0.73735476,0.8354628,0.80228263,0.1629629629629629,2.9104,2.5,4.736842105263158,0.0,3.6867738,4.177314,4.01141315,0.8148148148148144
DB01088,D144010,1,train,7.0,0.0,0.0,0.1,0.64,0.0,0.794548,0.82606095,0.8175566,0.4489795918367347,0.0,0.0,0.0,0.0,0.0,0.0,0.0,0.0
DB00472,D103780,1,train,4.0,1.0,0.031912,0.125,0.5833333333333334,0.0,0.84453547,0.8283886,0.8399557,0.1818181818181818,0.127648,0.125,0.5833333333333334,0.0,0.84453547,0.8283886,0.8399557,0.1818181818181818
DB01403,D131200,1,train,8.0,2.0,0.05187,0.3,0.1896551724137931,0.0,0.81569856,0.8858694,0.7885626,0.2708333333333333,0.41496,0.6,0.3793103448275862,0.0,1.63139712,1.7717388,1.5771252,0.5416666666666666
DB00548,D208550,1,train,26.0,0.0,0.0,0.0,0.0476190476190476,0.0,0.8061665,0.8436736,0.732152,0.1886792452830188,0.0,0.0,0.0,0.0,0.0,0.0,0.0,0.0
DB00692,D223350,1,train,9.0,4.0,0.55118,0.24,0.081081081081081,0.0,0.9120096,0.8888869,0.74271727,0.2244897959183673,4.9606200000000005,0.96,0.324324324324324,0.0,3.6480384,3.5555476,2.97086908,0.8979591836734692
DB00262,D109543,1,train,9.0,4.0,0.19113,0.0,0.2307692307692307,0.0,0.91800994,0.87707067,0.86545825,0.0552147239263803,1.72017,0.0,0.9230769230769228,0.0,3.67203976,3.50828268,3.461833,0.2208588957055212
DB01233,D188030,1,train,4.0,13.0,0.36421,0.0666666666666666,0.1710526315789473,0.0,0.7846979,0.88916564,0.7161977,0.1428571428571428,1.45684,0.8666666666666658,2.2236842105263146,0.0,10.2010727,11.55915332,9.3105701,1.8571428571428563
DB00696,D160750,1,train,0.0,3.0,0.20389,0.0,0.0,0.0,0.0,0.0,0.0,0.0,0.0,0.0,0.0,0.0,0.0,0.0,0.0,0.0
DB00555,D147530,1,train,59.0,1.0,0.14811,0.3902439024390244,0.2448979591836734,0.0,0.91210705,0.89029664,0.8796278,0.2307692307692307,8.738489999999999,0.3902439024390244,0.2448979591836734,0.0,0.91210705,0.89029664,0.8796278,0.2307692307692307
DB01020,D179600,1,train,8.0,1.0,0.13895,0.0,0.0975609756097561,0.0,0.7803002,0.8453727,0.8888189,0.0925925925925925,1.1116,0.0,0.0975609756097561,0.0,0.7803002,0.8453727,0.8888189,0.0925925925925925
DB01188,D147530,1,train,59.0,0.0,0.0,0.0,0.0512820512820512,0.0,0.8622688,0.87887,0.845109,0.216867469879518,0.0,0.0,0.0,0.0,0.0,0.0,0.0,0.0
DB00441,D125600,1,train,5.0,3.0,0.19503,0.0,0.048780487804878,0.0,0.80781305,0.83254135,0.68820804,0.0980392156862745,0.97515,0.0,0.146341463414634,0.0,2.42343915,2.49762405,2.06462412,0.2941176470588235
DB00767,D226150,1,train,4.0,1.0,0.22202,0.0833333333333333,0.108695652173913,0.0,0.77553207,0.8128456,0.8130098,0.096,0.88808,0.0833333333333333,0.108695652173913,0.0,0.77553207,0.8128456,0.8130098,0.096
DB00419,D608622,1,train,51.0,5.0,0.27153,0.0,0.4285714285714285,0.0,0.85398984,0.8439678,0.85795546,0.7111111111111111,13.84803,0.0,2.1428571428571423,0.0,4.2699492,4.219839,4.2897773,3.555555555555556
DB01085,D147530,1,train,59.0,1.0,0.0,0.625,0.1914893617021276,0.0,0.86569244,0.8532152,0.77619255,0.1860465116279069,0.0,0.625,0.1914893617021276,0.0,0.86569244,0.8532152,0.77619255,0.1860465116279069
DB00631,D109100,1,train,6.0,16.0,0.31153,0.0,0.2058823529411764,0.0,0.7736492,0.7929052,0.7986369,0.1071428571428571,1.86918,0.0,3.2941176470588225,0.0,12.3783872,12.6864832,12.7781904,1.7142857142857135
DB00570,D608622,1,train,51.0,7.0,0.27622,0.1428571428571428,0.5833333333333334,0.0,0.8940706,0.9214649,0.893204,0.913793103448276,14.08722,0.9999999999999996,4.083333333333334,0.0,6.2584942,6.4502543,6.252428,6.396551724137932
DB00286,D215470,1,train,4.0,4.0,0.2572,0.0,0.1176470588235294,0.0,0.7880801,0.79748654,0.69290125,0.1296296296296296,1.0288,0.0,0.4705882352941176,0.0,3.1523204,3.18994616,2.771605,0.5185185185185184
DB00067,D125700,1,train,2.0,1.0,0.49872,0.75,0.6176470588235294,0.0,0.7905691,0.7557659,0.772561,0.4447058823529412,0.99744,0.75,0.6176470588235294,0.0,0.7905691,0.7557659,0.772561,0.4447058823529412
DB00939,D147530,1,train,59.0,6.0,0.36784,0.3333333333333333,0.6,0.0,0.905005,0.8861491,0.7610549,0.2875,21.70256,2.0,3.6,0.0,5.43003,5.3168946,4.5663294,1.725
DB00412,D102300,1,train,7.0,2.0,0.2731,0.2222222222222222,0.25,0.0,0.8671772,0.78742814,0.81285036,0.2178217821782178,1.9117,0.4444444444444444,0.5,0.0,1.7343544,1.57485628,1.62570072,0.4356435643564356
DB00843,D147530,1,train,59.0,0.0,0.0,0.2258064516129032,0.2,0.0,0.83717155,0.8749749,0.82713914,0.2983870967741935,0.0,0.0,0.0,0.0,0.0,0.0,0.0,0.0
DB00304,D192000,1,train,5.0,1.0,0.21947,0.0,0.06,0.0,0.8342992,0.7745925,0.7083921,0.1531531531531531,1.09735,0.0,0.06,0.0,0.8342992,0.7745925,0.7083921,0.1531531531531531
DB00691,D608622,1,train,51.0,4.0,0.27622,1.0,0.7,0.0,0.87637806,0.9189725,0.92037827,0.5333333333333333,14.08722,4.0,2.8,0.0,3.50551224,3.67589,3.68151308,2.1333333333333333
DB00861,D304790,1,train,7.0,2.0,0.10094,0.0,0.1578947368421052,0.0,0.78996015,0.778767,0.7568828,0.2272727272727272,0.70658,0.0,0.3157894736842104,0.0,1.5799203,1.557534,1.5137656,0.4545454545454544
DB00371,D161900,1,train,69.0,4.0,0.27153,0.0652173913043478,0.16,0.0,0.8543525,0.85436684,0.86004025,0.1780821917808219,18.73557,0.2608695652173912,0.64,0.0,3.41741,3.41746736,3.440161,0.7123287671232876
DB00596,D171300,1,train,5.0,3.0,0.20505,0.5,0.3157894736842105,0.0,0.7956494,0.8525386,0.8062582,0.6521739130434783,1.02525,1.5,0.9473684210526316,0.0,2.3869482,2.5576158,2.4187746,1.9565217391304348
DB00996,D109800,1,train,4.0,12.0,0.36356,0.0,0.064516129032258,0.0,0.858926,0.77290785,0.827468,0.1375,1.45424,0.0,0.7741935483870959,0.0,10.307112,9.2748942,9.929616,1.65
DB01033,D115000,1,train,10.0,2.0,0.24011,0.0,0.1052631578947368,0.0,0.8399421,0.87585604,0.7023321,0.0909090909090909,2.4011,0.0,0.2105263157894736,0.0,1.6798842,1.75171208,1.4046642,0.1818181818181818
DB00335,D603165,1,train,4.0,0.0,0.0,0.0,0.1860465116279069,0.0,0.84482014,0.80077946,0.8706902,0.1458333333333333,0.0,0.0,0.0,0.0,0.0,0.0,0.0,0.0
DB00575,D607459,1,train,15.0,4.0,0.036339,0.0,0.1940298507462686,0.0,0.88808244,0.9132002,0.74481905,0.1384615384615384,0.545085,0.0,0.7761194029850744,0.0,3.55232976,3.6528008,2.9792762,0.5538461538461537
DB00938,D147530,1,train,59.0,0.0,0.0,1.0,0.5454545454545454,0.0,0.894457,0.81689256,0.827474,0.3333333333333333,0.0,0.0,0.0,0.0,0.0,0.0,0.0,0.0
DB01173,D608217,1,train,0.0,8.0,0.73143,0.0,0.0,0.0,0.0,0.0,0.0,0.0,0.0,0.0,0.0,0.0,0.0,0.0,0.0,0.0
DB00214,D161900,1,train,69.0,5.0,0.38439,0.3333333333333333,0.3,0.0,0.9714322,0.88598156,0.84937286,0.2393162393162393,26.52291,1.6666666666666663,1.5,0.0,4.857161,4.4299078,4.2468643,1.1965811965811963
DB01175,D145590,1,train,18.0,0.0,0.0,0.375,0.3114754098360656,0.0,0.9127546,0.89292157,0.8856403,0.2909090909090909,0.0,0.0,0.0,0.0,0.0,0.0,0.0,0.0
DB00631,D223350,1,train,9.0,16.0,0.27671,0.0,0.109090909090909,0.0,0.7588532,0.82616615,0.86957395,0.1111111111111111,2.49039,0.0,1.745454545454544,0.0,12.1416512,13.2186584,13.9131832,1.7777777777777777
DB00790,D132300,1,train,0.0,14.0,0.49645,0.0,0.0,0.0,0.0,0.0,0.0,0.0,0.0,0.0,0.0,0.0,0.0,0.0,0.0,0.0
DB00987,D146255,1,train,14.0,3.0,0.38439,0.0,0.2051282051282051,0.0,0.8489145,0.87894225,0.89155185,0.2205882352941176,5.381460000000001,0.0,0.6153846153846153,0.0,2.5467435,2.63682675,2.67465555,0.6617647058823528
DB00181,D601042,1,train,6.0,7.0,0.30168,0.0,0.0526315789473684,0.0,0.80537236,0.77862763,0.8312106,0.2727272727272727,1.81008,0.0,0.3684210526315787,0.0,5.63760652,5.45039341,5.8184742,1.909090909090909
DB01008,D607459,1,train,15.0,4.0,0.14574,0.0,0.1395348837209302,0.0,0.87929404,0.800709,0.92471594,0.1351351351351351,2.1861,0.0,0.5581395348837208,0.0,3.51717616,3.202836,3.69886376,0.5405405405405403
DB00328,D176800,1,train,0.0,3.0,0.061339,0.0,0.0,0.0,0.0,0.0,0.0,0.0,0.0,0.0,0.0,0.0,0.0,0.0,0.0,0.0
DB00880,D161900,1,train,69.0,2.0,0.38439,0.25,0.4545454545454545,0.0,0.9661298,0.9394111,0.8556628,0.2962962962962963,26.52291,0.5,0.909090909090909,0.0,1.9322596,1.8788222,1.7113256,0.5925925925925926
DB00413,D600496,1,train,11.0,2.0,0.89132,0.5,0.1304347826086956,0.0,0.8892509,0.8285899,0.8305685,0.1260504201680672,9.80452,1.0,0.2608695652173912,0.0,1.7785018,1.6571798,1.661137,0.2521008403361344
DB00208,D188050,1,train,3.0,0.0,0.0,0.0,0.0847457627118644,0.0,0.89657664,0.7857588,0.7933634,0.238095238095238,0.0,0.0,0.0,0.0,0.0,0.0,0.0,0.0
DB01133,D608622,1,train,51.0,2.0,0.45235,0.0,0.5,0.0,0.9000864,0.891853,0.77225053,0.2941176470588235,23.06985,0.0,1.0,0.0,1.8001728,1.783706,1.54450106,0.588235294117647
DB00745,D158280,1,train,1.0,6.0,0.23376,0.0,0.0,0.0,0.38975725,0.688918,0.47120512,0.048076923076923,0.23376,0.0,0.0,0.0,2.3385435,4.133508,2.82723072,0.288461538461538
DB01196,D608622,1,train,51.0,6.0,0.27153,0.2857142857142857,0.1818181818181818,0.0,0.8339274,0.85778576,0.86767524,0.4183673469387755,13.84803,1.7142857142857142,1.0909090909090908,0.0,5.0035644,5.14671456,5.20605144,2.510204081632653
DB00775,D607631,1,train,3.0,9.0,0.81989,0.0,0.064516129032258,0.0,0.83136386,0.80002916,0.8293926,0.1818181818181818,2.45967,0.0,0.580645161290322,0.0,7.482274739999999,7.20026244,7.4645334,1.6363636363636362
DB00790,D600131,1,train,4.0,14.0,0.96524,0.0,0.064516129032258,0.0,0.8313637,0.7176461,0.8293926,0.1818181818181818,3.86096,0.0,0.903225806451612,0.0,11.6390918,10.0470454,11.6114964,2.545454545454545
DB00908,D607631,1,train,3.0,9.0,0.81989,0.1363636363636363,0.1428571428571428,0.0,0.82385695,0.83221316,0.76241004,0.1578947368421052,2.45967,1.2272727272727266,1.2857142857142851,0.0,7.41471255,7.48991844,6.86169036,1.421052631578947
DB00631,D143880,1,train,4.0,16.0,0.34009,0.0,0.109090909090909,0.0,0.8224754,0.8969814,0.8869725,0.1126760563380281,1.36036,0.0,1.745454545454544,0.0,13.1596064,14.3517024,14.19156,1.8028169014084496
DB00999,D208550,1,train,26.0,0.0,0.0,0.0,0.0952380952380952,0.0,0.869627,0.774541,0.8805984,0.1511627906976744,0.0,0.0,0.0,0.0,0.0,0.0,0.0,0.0
DB00790,D208700,1,train,2.0,14.0,0.34494,0.0,0.064516129032258,0.0,0.8313637,0.68303895,0.8293926,0.1818181818181818,0.68988,0.0,0.903225806451612,0.0,11.6390918,9.5625453,11.6114964,2.545454545454545
