DrugID,DiseaseID
DB00158,MESH:D000013
DB00400,MESH:D000013
DB00523,MESH:D000013
DB00541,MESH:D000013
DB00668,MESH:D000013
DB00252,MESH:D000014
DB00438,MESH:D000014
DB00495,MESH:D000014
DB00564,MESH:D000014
DB00688,MESH:D000014
DB00698,MESH:D000014
DB00783,MESH:D000014
DB00819,MESH:D000014
DB00904,MESH:D000014
DB00907,MESH:D000014
DB00997,MESH:D000014
DB01050,MESH:D000014
DB01242,MESH:D000014
DB06710,MESH:D000014
DB06774,MESH:D000014
DB09061,MESH:D000014
DB00347,MESH:D000015
DB00459,MESH:D000015
DB00564,MESH:D000015
DB00982,MESH:D000015
DB09130,MESH:D000015
DB00834,MESH:D000022
DB00982,MESH:D000022
DB08882,MESH:D000068079
DB00317,MESH:D000077192
DB01169,MESH:D000077192
DB00290,MESH:D000077195
DB01234,MESH:D000077216
DB00152,MESH:D000138
DB00297,MESH:D000138
DB00503,MESH:D000138
DB00586,MESH:D000138
DB00703,MESH:D000138
DB00818,MESH:D000138
DB00819,MESH:D000138
DB00863,MESH:D000138
DB00898,MESH:D000138
DB01053,MESH:D000138
DB01159,MESH:D000138
DB00627,MESH:D000140
DB00649,MESH:D000140
DB00668,MESH:D000140
DB00898,MESH:D000140
DB01016,MESH:D000140
DB00428,MESH:D000141
DB01099,MESH:D000141
DB01356,MESH:D000141
DB00717,MESH:D000152
DB00755,MESH:D000152
DB00957,MESH:D000152
DB01406,MESH:D000152
DB04839,MESH:D000152
DB00847,MESH:D000163
DB00943,MESH:D000163
DB00183,MESH:D000230
DB00255,MESH:D000230
DB00257,MESH:D000230
DB00262,MESH:D000230
DB00293,MESH:D000230
DB00309,MESH:D000230
DB00313,MESH:D000230
DB00428,MESH:D000230
DB00441,MESH:D000230
DB00882,MESH:D000230
DB01169,MESH:D000230
DB01174,MESH:D000230
DB01436,MESH:D000230
DB02709,MESH:D000230
DB00158,MESH:D000236
DB00605,MESH:D000236
DB01406,MESH:D000236
DB04630,MESH:D000236
DB04930,MESH:D000236
DB11672,MESH:D000236
DB04839,MESH:D000303
DB01011,MESH:D000307
DB00351,MESH:D000309
DB00620,MESH:D000309
DB00208,MESH:D000380
DB00328,MESH:D000380
DB00446,MESH:D000380
DB00599,MESH:D000380
DB00613,MESH:D000380
DB00679,MESH:D000380
DB00763,MESH:D000380
DB00795,MESH:D000380
DB00845,MESH:D000380
DB00848,MESH:D000380
DB01035,MESH:D000380
DB01050,MESH:D000380
DB00474,MESH:D000402
DB00668,MESH:D000402
DB00722,MESH:D000402
DB01411,MESH:D000402
DB00197,MESH:D000419
DB00275,MESH:D000419
DB00428,MESH:D000419
DB00688,MESH:D000419
DB00864,MESH:D000419
DB00999,MESH:D000419
DB01181,MESH:D000419
DB01599,MESH:D000419
DB09121,MESH:D000419
DB09220,MESH:D000419
DB09235,MESH:D000419
DB00158,MESH:D000430
DB00186,MESH:D000430
DB00273,MESH:D000437
DB00334,MESH:D000437
DB00746,MESH:D000437
DB01577,MESH:D000437
DB06230,MESH:D000437
DB00479,MESH:D000471
DB00594,MESH:D000471
DB00687,MESH:D000471
DB00695,MESH:D000471
DB08804,MESH:D000471
DB00238,MESH:D000505
DB00309,MESH:D000505
DB00648,MESH:D000505
DB00987,MESH:D000505
DB00997,MESH:D000505
DB01065,MESH:D000505
DB01174,MESH:D000505
DB04839,MESH:D000505
DB06774,MESH:D000505
DB00635,MESH:D000506
DB00014,MESH:D000544
DB00115,MESH:D000544
DB00158,MESH:D000544
DB00627,MESH:D000544
DB00746,MESH:D000544
DB01592,MESH:D000544
DB09130,MESH:D000544
DB11672,MESH:D000544
DB12129,MESH:D000544
DB00391,MESH:D000568
DB01041,MESH:D000568
DB01104,MESH:D000568
DB01234,MESH:D000568
DB00122,MESH:D000647
DB00126,MESH:D000647
DB00186,MESH:D000647
DB00202,MESH:D000647
DB00371,MESH:D000647
DB00395,MESH:D000647
DB00624,MESH:D000647
DB00674,MESH:D000647
DB00753,MESH:D000647
DB00783,MESH:D000647
DB00818,MESH:D000647
DB01065,MESH:D000647
DB01164,MESH:D000647
DB01221,MESH:D000647
DB01400,MESH:D000647
DB01544,MESH:D000647
DB13345,MESH:D000647
DB00466,MESH:D000648
DB00818,MESH:D000648
DB01394,MESH:D000686
DB01069,MESH:D000690
DB01200,MESH:D000690
DB09130,MESH:D000690
DB00328,MESH:D000707
DB00443,MESH:D000707
DB00448,MESH:D000707
DB00493,MESH:D000707
DB00565,MESH:D000707
DB00605,MESH:D000707
DB00759,MESH:D000707
DB00818,MESH:D000707
DB00951,MESH:D000707
DB01026,MESH:D000707
DB01050,MESH:D000707
DB01053,MESH:D000707
DB01110,MESH:D000707
DB01112,MESH:D000707
DB01212,MESH:D000707
DB01248,MESH:D000707
DB00091,MESH:D000740
DB00115,MESH:D000740
DB00220,MESH:D000740
DB00281,MESH:D000740
DB00309,MESH:D000740
DB00312,MESH:D000740
DB00399,MESH:D000740
DB00495,MESH:D000740
DB00499,MESH:D000740
DB00501,MESH:D000740
DB00544,MESH:D000740
DB00564,MESH:D000740
DB00643,MESH:D000740
DB00688,MESH:D000740
DB00746,MESH:D000740
DB00864,MESH:D000740
DB00915,MESH:D000740
DB00943,MESH:D000740
DB01033,MESH:D000740
DB01216,MESH:D000740
DB01330,MESH:D000740
DB01373,MESH:D000740
DB03783,MESH:D000740
DB05088,MESH:D000740
DB07565,MESH:D000740
DB11081,MESH:D000740
DB11136,MESH:D000740
DB12783,MESH:D000740
DB00205,MESH:D000741
DB00242,MESH:D000741
DB00532,MESH:D000741
DB00759,MESH:D000741
DB00819,MESH:D000741
DB00908,MESH:D000741
DB01050,MESH:D000741
DB01056,MESH:D000741
DB01099,MESH:D000741
DB01114,MESH:D000741
DB01115,MESH:D000741
DB01174,MESH:D000741
DB01206,MESH:D000741
DB09121,MESH:D000741
DB14509,MESH:D000741
DB00091,MESH:D000743
DB00190,MESH:D000743
DB00224,MESH:D000743
DB00290,MESH:D000743
DB00316,MESH:D000743
DB00448,MESH:D000743
DB00461,MESH:D000743
DB00501,MESH:D000743
DB00537,MESH:D000743
DB00550,MESH:D000743
DB00605,MESH:D000743
DB00672,MESH:D000743
DB00845,MESH:D000743
DB00864,MESH:D000743
DB00951,MESH:D000743
DB00959,MESH:D000743
DB01035,MESH:D000743
DB01045,MESH:D000743
DB01086,MESH:D000743
DB01118,MESH:D000743
DB01174,MESH:D000743
DB01331,MESH:D000743
DB01426,MESH:D000743
DB00242,MESH:D000744
DB00252,MESH:D000744
DB00480,MESH:D000744
DB00501,MESH:D000744
DB00537,MESH:D000744
DB00554,MESH:D000744
DB00672,MESH:D000744
DB00713,MESH:D000744
DB00811,MESH:D000744
DB01032,MESH:D000744
DB01035,MESH:D000744
DB01050,MESH:D000744
DB00709,MESH:D000748
DB00945,MESH:D000748
DB01005,MESH:D000748
DB00115,MESH:D000749
DB00787,MESH:D000749
DB00794,MESH:D000749
DB00977,MESH:D000749
DB01131,MESH:D000749
DB00327,MESH:D000755
DB00635,MESH:D000755
DB01593,MESH:D000755
DB00126,MESH:D000756
DB00158,MESH:D000756
DB00339,MESH:D000756
DB01174,MESH:D000782
DB00571,MESH:D000783
DB00907,MESH:D000783
DB00007,MESH:D000787
DB00290,MESH:D000787
DB00321,MESH:D000787
DB00343,MESH:D000787
DB00361,MESH:D000787
DB00381,MESH:D000787
DB00489,MESH:D000787
DB00571,MESH:D000787
DB00572,MESH:D000787
DB00598,MESH:D000787
DB00612,MESH:D000787
DB00661,MESH:D000787
DB00668,MESH:D000787
DB00727,MESH:D000787
DB00752,MESH:D000787
DB00867,MESH:D000787
DB00945,MESH:D000787
DB01183,MESH:D000787
DB08964,MESH:D000787
DB00544,MESH:D000789
DB06151,MESH:D000789
DB00136,MESH:D000799
DB00202,MESH:D000799
DB00246,MESH:D000799
DB00292,MESH:D000799
DB00372,MESH:D000799
DB00404,MESH:D000799
DB00446,MESH:D000799
DB00455,MESH:D000799
DB00492,MESH:D000799
DB00519,MESH:D000799
DB00564,MESH:D000799
DB00571,MESH:D000799
DB00586,MESH:D000799
DB00608,MESH:D000799
DB00630,MESH:D000799
DB00637,MESH:D000799
DB00714,MESH:D000799
DB00715,MESH:D000799
DB00758,MESH:D000799
DB00784,MESH:D000799
DB00788,MESH:D000799
DB00886,MESH:D000799
DB00975,MESH:D000799
DB01029,MESH:D000799
DB01340,MESH:D000799
DB00544,MESH:D000853
DB00173,MESH:D000855
DB00193,MESH:D000855
DB00313,MESH:D000855
DB00316,MESH:D000855
DB00350,MESH:D000855
DB00358,MESH:D000855
DB00441,MESH:D000855
DB00475,MESH:D000855
DB00495,MESH:D000855
DB00544,MESH:D000855
DB00581,MESH:D000855
DB00613,MESH:D000855
DB00620,MESH:D000855
DB00647,MESH:D000855
DB00848,MESH:D000855
DB00951,MESH:D000855
DB01115,MESH:D000855
DB01169,MESH:D000855
DB01219,MESH:D000855
DB01233,MESH:D000855
DB01242,MESH:D000855
DB01393,MESH:D000855
DB01454,MESH:D000855
DB05630,MESH:D000855
DB09401,MESH:D000855
DB13954,MESH:D000855
DB14509,MESH:D000855
DB00171,MESH:D000857
DB00211,MESH:D000857
DB00907,MESH:D000857
DB00987,MESH:D000857
DB01077,MESH:D000857
DB01082,MESH:D000857
DB00333,MESH:D000860
DB00434,MESH:D000860
DB00435,MESH:D000860
DB00454,MESH:D000860
DB00561,MESH:D000860
DB00661,MESH:D000860
DB00683,MESH:D000860
DB00811,MESH:D000860
DB01054,MESH:D000860
DB01174,MESH:D000860
DB01221,MESH:D000860
DB01236,MESH:D000860
DB00228,MESH:D001002
DB00343,MESH:D001002
DB00359,MESH:D001002
DB00368,MESH:D001002
DB00445,MESH:D001002
DB00554,MESH:D001002
DB00945,MESH:D001002
DB01181,MESH:D001002
DB09462,MESH:D001002
DB00182,MESH:D001008
DB00184,MESH:D001008
DB00230,MESH:D001008
DB00295,MESH:D001008
DB00349,MESH:D001008
DB00358,MESH:D001008
DB00404,MESH:D001008
DB00468,MESH:D001008
DB00619,MESH:D001008
DB00656,MESH:D001008
DB00745,MESH:D001008
DB00811,MESH:D001008
DB00863,MESH:D001008
DB00917,MESH:D001008
DB00985,MESH:D001008
DB01063,MESH:D001008
DB01068,MESH:D001008
DB01142,MESH:D001008
DB01224,MESH:D001008
DB01233,MESH:D001008
DB04832,MESH:D001008
DB04841,MESH:D001008
DB08815,MESH:D001008
DB09131,MESH:D001008
DB09167,MESH:D001008
DB14509,MESH:D001008
DB14539,MESH:D001014
DB00136,MESH:D001018
DB00277,MESH:D001018
DB01186,MESH:D001018
DB00434,MESH:D001022
DB01186,MESH:D001022
DB00188,MESH:D001037
DB00297,MESH:D001037
DB00563,MESH:D001037
DB00795,MESH:D001037
DB01181,MESH:D001037
DB00201,MESH:D001049
DB00295,MESH:D001049
DB00318,MESH:D001049
DB00327,MESH:D001049
DB00450,MESH:D001049
DB00490,MESH:D001049
DB00571,MESH:D001049
DB00668,MESH:D001049
DB00899,MESH:D001049
DB00975,MESH:D001049
DB01082,MESH:D001049
DB01183,MESH:D001049
DB01236,MESH:D001049
DB01327,MESH:D001049
DB01337,MESH:D001049
DB01339,MESH:D001049
DB00227,MESH:D001068
DB00281,MESH:D001068
DB00390,MESH:D001068
DB00434,MESH:D001068
DB00916,MESH:D001068
DB01576,MESH:D001068
DB06774,MESH:D001068
DB00196,MESH:D001145
DB00199,MESH:D001145
DB00206,MESH:D001145
DB00215,MESH:D001145
DB00333,MESH:D001145
DB00368,MESH:D001145
DB00397,MESH:D001145
DB00411,MESH:D001145
DB00422,MESH:D001145
DB00425,MESH:D001145
DB00489,MESH:D001145
DB00575,MESH:D001145
DB00590,MESH:D001145
DB00604,MESH:D001145
DB00633,MESH:D001145
DB00640,MESH:D001145
DB00668,MESH:D001145
DB00669,MESH:D001145
DB00715,MESH:D001145
DB00732,MESH:D001145
DB00762,MESH:D001145
DB00773,MESH:D001145
DB00959,MESH:D001145
DB00997,MESH:D001145
DB00999,MESH:D001145
DB01092,MESH:D001145
DB01110,MESH:D001145
DB01115,MESH:D001145
DB01154,MESH:D001145
DB01195,MESH:D001145
DB01204,MESH:D001145
DB01205,MESH:D001145
DB01244,MESH:D001145
DB01339,MESH:D001145
DB01392,MESH:D001145
DB01394,MESH:D001145
DB01558,MESH:D001145
DB01580,MESH:D001145
DB01592,MESH:D001145
DB04855,MESH:D001145
DB04957,MESH:D001145
DB09220,MESH:D001145
DB00388,MESH:D001157
DB00675,MESH:D001157
DB00682,MESH:D001157
DB01115,MESH:D001157
DB01159,MESH:D001157
DB00153,MESH:D001161
DB00688,MESH:D001161
DB01023,MESH:D001161
DB01115,MESH:D001161
DB00182,MESH:D001167
DB00277,MESH:D001167
DB00184,MESH:D001168
DB00412,MESH:D001168
DB00437,MESH:D001168
DB00550,MESH:D001168
DB00563,MESH:D001168
DB01045,MESH:D001168
DB01082,MESH:D001168
DB01097,MESH:D001168
DB00435,MESH:D001169
DB00482,MESH:D001169
DB01041,MESH:D001169
DB01169,MESH:D001169
DB06774,MESH:D001169
DB11672,MESH:D001169
DB00328,MESH:D001170
DB00741,MESH:D001170
DB00945,MESH:D001171
DB00461,MESH:D001172
DB00563,MESH:D001172
DB00584,MESH:D001172
DB00608,MESH:D001172
DB00635,MESH:D001172
DB00755,MESH:D001172
DB00795,MESH:D001172
DB00814,MESH:D001172
DB00945,MESH:D001172
DB01628,MESH:D001172
DB00321,MESH:D001201
DB00328,MESH:D001201
DB00503,MESH:D001201
DB00694,MESH:D001201
DB00695,MESH:D001201
DB01118,MESH:D001201
DB01147,MESH:D001201
DB00635,MESH:D001228
DB00277,MESH:D001247
DB00338,MESH:D001247
DB00915,MESH:D001247
DB00918,MESH:D001247
DB00997,MESH:D001247
DB01101,MESH:D001247
DB01162,MESH:D001247
DB01248,MESH:D001247
DB00435,MESH:D001249
DB00471,MESH:D001249
DB00563,MESH:D001249
DB00622,MESH:D001249
DB00744,MESH:D001249
DB00907,MESH:D001249
DB01050,MESH:D001249
DB01223,MESH:D001249
DB01233,MESH:D001249
DB01234,MESH:D001249
DB01364,MESH:D001249
DB01366,MESH:D001249
DB01408,MESH:D001249
DB04576,MESH:D001249
DB00091,MESH:D001259
DB00158,MESH:D001259
DB00186,MESH:D001259
DB00333,MESH:D001259
DB00490,MESH:D001259
DB00531,MESH:D001259
DB00563,MESH:D001259
DB00599,MESH:D001259
DB00661,MESH:D001259
DB00677,MESH:D001259
DB00753,MESH:D001259
DB00794,MESH:D001259
DB00818,MESH:D001259
DB00848,MESH:D001259
DB00852,MESH:D001259
DB00909,MESH:D001259
DB00915,MESH:D001259
DB00949,MESH:D001259
DB00951,MESH:D001259
DB00979,MESH:D001259
DB00987,MESH:D001259
DB00996,MESH:D001259
DB01043,MESH:D001259
DB01082,MESH:D001259
DB03575,MESH:D001259
DB00264,MESH:D001281
DB00280,MESH:D001281
DB00295,MESH:D001281
DB00334,MESH:D001281
DB00343,MESH:D001281
DB00388,MESH:D001281
DB00451,MESH:D001281
DB00531,MESH:D001281
DB00630,MESH:D001281
DB00668,MESH:D001281
DB00714,MESH:D001281
DB00862,MESH:D001281
DB00866,MESH:D001281
DB00981,MESH:D001281
DB01029,MESH:D001281
DB01099,MESH:D001281
DB01169,MESH:D001281
DB01173,MESH:D001281
DB01229,MESH:D001281
DB01426,MESH:D001281
DB04855,MESH:D001281
DB06709,MESH:D001281
DB06718,MESH:D001281
DB00182,MESH:D001284
DB00331,MESH:D001284
DB00864,MESH:D001284
DB01261,MESH:D001284
DB01268,MESH:D001284
DB01577,MESH:D001284
DB01618,MESH:D001284
DB06819,MESH:D001284
DB00184,MESH:D001289
DB00285,MESH:D001289
DB00289,MESH:D001289
DB00477,MESH:D001289
DB00745,MESH:D001289
DB01222,MESH:D001289
DB01577,MESH:D001289
DB00134,MESH:D001321
DB00148,MESH:D001321
DB00490,MESH:D001321
DB00640,MESH:D001321
DB00871,MESH:D001321
DB01041,MESH:D001321
DB01132,MESH:D001321
DB01238,MESH:D001321
DB01242,MESH:D001321
DB00477,MESH:D001327
DB01035,MESH:D001327
DB11590,MESH:D001327
DB00321,MESH:D001342
DB00335,MESH:D001342
DB00350,MESH:D001342
DB00570,MESH:D001342
DB00683,MESH:D001342
DB00916,MESH:D001342
DB00181,MESH:D001416
DB00540,MESH:D001416
DB00555,MESH:D001416
DB00652,MESH:D001416
DB00694,MESH:D001416
DB00924,MESH:D001416
DB01147,MESH:D001416
DB01161,MESH:D001416
DB09073,MESH:D001416
DB00301,MESH:D001424
DB00456,MESH:D001424
DB00493,MESH:D001424
DB00563,MESH:D001424
DB00788,MESH:D001424
DB00959,MESH:D001424
DB01079,MESH:D001424
DB01095,MESH:D001424
DB01221,MESH:D001424
DB01326,MESH:D001424
DB00945,MESH:D001477
DB00176,MESH:D001480
DB00201,MESH:D001480
DB00391,MESH:D001480
DB00422,MESH:D001480
DB00433,MESH:D001480
DB00490,MESH:D001480
DB00501,MESH:D001480
DB00502,MESH:D001480
DB00540,MESH:D001480
DB00568,MESH:D001480
DB00635,MESH:D001480
DB00737,MESH:D001480
DB00822,MESH:D001480
DB00945,MESH:D001480
DB00989,MESH:D001480
DB01235,MESH:D001480
DB01356,MESH:D001480
DB01618,MESH:D001480
DB01624,MESH:D001480
DB08922,MESH:D001480
DB00215,MESH:D001523
DB00246,MESH:D001523
DB00285,MESH:D001523
DB00297,MESH:D001523
DB00370,MESH:D001523
DB00376,MESH:D001523
DB00458,MESH:D001523
DB00514,MESH:D001523
DB00540,MESH:D001523
DB00624,MESH:D001523
DB00648,MESH:D001523
DB00715,MESH:D001523
DB00721,MESH:D001523
DB00726,MESH:D001523
DB00811,MESH:D001523
DB00830,MESH:D001523
DB00987,MESH:D001523
DB01063,MESH:D001523
DB01242,MESH:D001523
DB01337,MESH:D001523
DB01577,MESH:D001523
DB01592,MESH:D001523
DB01618,MESH:D001523
DB09286,MESH:D001523
DB00531,MESH:D001528
DB00795,MESH:D001528
DB00758,MESH:D001649
DB00864,MESH:D001649
DB00959,MESH:D001649
DB12965,MESH:D001649
DB01956,MESH:D001651
DB00152,MESH:D001714
DB00158,MESH:D001714
DB00176,MESH:D001714
DB00191,MESH:D001714
DB00193,MESH:D001714
DB00313,MESH:D001714
DB00321,MESH:D001714
DB00370,MESH:D001714
DB00387,MESH:D001714
DB00422,MESH:D001714
DB00472,MESH:D001714
DB00490,MESH:D001714
DB00500,MESH:D001714
DB00503,MESH:D001714
DB00543,MESH:D001714
DB00577,MESH:D001714
DB00620,MESH:D001714
DB00635,MESH:D001714
DB00656,MESH:D001714
DB00927,MESH:D001714
DB00996,MESH:D001714
DB01035,MESH:D001714
DB01068,MESH:D001714
DB01183,MESH:D001714
DB01191,MESH:D001714
DB01200,MESH:D001714
DB01202,MESH:D001714
DB01215,MESH:D001714
DB01238,MESH:D001714
DB01576,MESH:D001714
DB01577,MESH:D001714
DB00122,MESH:D001724
DB00184,MESH:D001724
DB00795,MESH:D001744
DB01419,MESH:D001744
DB00541,MESH:D001745
DB00675,MESH:D001745
DB00720,MESH:D001745
DB01212,MESH:D001745
DB01373,MESH:D001745
DB00007,MESH:D001749
DB00317,MESH:D001749
DB00328,MESH:D001749
DB00441,MESH:D001749
DB00570,MESH:D001749
DB00855,MESH:D001749
DB00993,MESH:D001749
DB01169,MESH:D001749
DB01229,MESH:D001749
DB01327,MESH:D001749
DB09073,MESH:D001749
DB11672,MESH:D001749
DB00181,MESH:D001750
DB00297,MESH:D001750
DB00165,MESH:D001763
DB00321,MESH:D001763
DB00698,MESH:D001763
DB01010,MESH:D001763
DB14509,MESH:D001763
DB00408,MESH:D001764
DB00502,MESH:D001764
DB00162,MESH:D001766
DB00242,MESH:D001766
DB00302,MESH:D001766
DB00468,MESH:D001766
DB00563,MESH:D001766
DB00721,MESH:D001766
DB00904,MESH:D001766
DB00993,MESH:D001766
DB01234,MESH:D001766
DB00395,MESH:D001768
DB00564,MESH:D001768
DB00788,MESH:D001768
DB00035,MESH:D001778
DB00181,MESH:D001778
DB00273,MESH:D001778
DB00578,MESH:D001778
DB00636,MESH:D001778
DB01169,MESH:D001778
DB00907,MESH:D001791
DB01240,MESH:D001791
DB00717,MESH:D001847
DB00907,MESH:D001847
DB01174,MESH:D001847
DB11081,MESH:D001847
DB00313,MESH:D001848
DB00201,MESH:D001851
DB00252,MESH:D001851
DB00695,MESH:D001851
DB00437,MESH:D001855
DB00446,MESH:D001855
DB00480,MESH:D001855
DB00495,MESH:D001855
DB00531,MESH:D001855
DB00550,MESH:D001855
DB00599,MESH:D001855
DB00783,MESH:D001855
DB01234,MESH:D001855
DB00675,MESH:D001859
DB00720,MESH:D001859
DB00720,MESH:D001862
DB01097,MESH:D001862
DB01392,MESH:D001862
DB00199,MESH:D001919
DB00202,MESH:D001919
DB00252,MESH:D001919
DB00264,MESH:D001919
DB00297,MESH:D001919
DB00334,MESH:D001919
DB00353,MESH:D001919
DB00368,MESH:D001919
DB00421,MESH:D001919
DB00428,MESH:D001919
DB00434,MESH:D001919
DB00454,MESH:D001919
DB00477,MESH:D001919
DB00501,MESH:D001919
DB00537,MESH:D001919
DB00544,MESH:D001919
DB00564,MESH:D001919
DB00570,MESH:D001919
DB00572,MESH:D001919
DB00586,MESH:D001919
DB00595,MESH:D001919
DB00715,MESH:D001919
DB00721,MESH:D001919
DB00738,MESH:D001919
DB00787,MESH:D001919
DB00802,MESH:D001919
DB00813,MESH:D001919
DB00844,MESH:D001919
DB00863,MESH:D001919
DB00866,MESH:D001919
DB00883,MESH:D001919
DB00892,MESH:D001919
DB00935,MESH:D001919
DB00964,MESH:D001919
DB01075,MESH:D001919
DB01159,MESH:D001919
DB01161,MESH:D001919
DB01182,MESH:D001919
DB01192,MESH:D001919
DB01210,MESH:D001919
DB01236,MESH:D001919
DB01297,MESH:D001919
DB01339,MESH:D001919
DB01373,MESH:D001919
DB01388,MESH:D001919
DB01396,MESH:D001919
DB01400,MESH:D001919
DB04855,MESH:D001919
DB06155,MESH:D001919
DB06288,MESH:D001919
DB06709,MESH:D001919
DB08838,MESH:D001919
DB09232,MESH:D001919
DB09242,MESH:D001919
DB09477,MESH:D001919
DB00181,MESH:D001927
DB00279,MESH:D001927
DB00313,MESH:D001927
DB00359,MESH:D001927
DB00360,MESH:D001927
DB00408,MESH:D001927
DB00502,MESH:D001927
DB00544,MESH:D001927
DB00550,MESH:D001927
DB00586,MESH:D001927
DB00593,MESH:D001927
DB00746,MESH:D001927
DB00747,MESH:D001927
DB00822,MESH:D001927
DB00928,MESH:D001927
DB00993,MESH:D001927
DB00996,MESH:D001927
DB00997,MESH:D001927
DB01017,MESH:D001927
DB01221,MESH:D001927
DB01223,MESH:D001927
DB01229,MESH:D001927
DB01234,MESH:D001927
DB01598,MESH:D001927
DB01605,MESH:D001927
DB00273,MESH:D001928
DB00776,MESH:D001928
DB00945,MESH:D001928
DB00184,MESH:D001929
DB00186,MESH:D001929
DB00313,MESH:D001929
DB00328,MESH:D001929
DB00388,MESH:D001929
DB00393,MESH:D001929
DB00584,MESH:D001929
DB00696,MESH:D001929
DB00755,MESH:D001929
DB01104,MESH:D001929
DB01132,MESH:D001929
DB00184,MESH:D001930
DB00201,MESH:D001930
DB00382,MESH:D001930
DB00422,MESH:D001930
DB00541,MESH:D001930
DB00641,MESH:D001930
DB00783,MESH:D001930
DB01065,MESH:D001930
DB01068,MESH:D001930
DB01132,MESH:D001930
DB01200,MESH:D001930
DB01394,MESH:D001930
DB01614,MESH:D001930
DB06151,MESH:D001930
DB06819,MESH:D001930
DB09121,MESH:D001930
DB14001,MESH:D001930
DB00309,MESH:D001932
DB00328,MESH:D001932
DB00694,MESH:D001932
DB00997,MESH:D001932
DB00977,MESH:D001941
DB00136,MESH:D001943
DB00266,MESH:D001943
DB00361,MESH:D001943
DB00396,MESH:D001943
DB00481,MESH:D001943
DB00541,MESH:D001943
DB00563,MESH:D001943
DB00572,MESH:D001943
DB00675,MESH:D001943
DB00755,MESH:D001943
DB00773,MESH:D001943
DB00863,MESH:D001943
DB00904,MESH:D001943
DB00947,MESH:D001943
DB01083,MESH:D001943
DB01101,MESH:D001943
DB01185,MESH:D001943
DB01259,MESH:D001943
DB01262,MESH:D001943
DB02342,MESH:D001943
DB04743,MESH:D001943
DB06774,MESH:D001943
DB11672,MESH:D001943
DB12442,MESH:D001943
DB06774,MESH:D001982
DB00695,MESH:D001997
DB01222,MESH:D001997
DB00635,MESH:D002051
DB00694,MESH:D002051
DB00898,MESH:D002056
DB00412,MESH:D002100
DB05088,MESH:D002100
DB00169,MESH:D002114
DB00184,MESH:D002114
DB00635,MESH:D002114
DB00520,MESH:D002177
DB00586,MESH:D002177
DB01099,MESH:D002177
DB00257,MESH:D002181
DB00126,MESH:D002277
DB00309,MESH:D002277
DB00499,MESH:D002277
DB00541,MESH:D002277
DB00675,MESH:D002277
DB00773,MESH:D002277
DB00877,MESH:D002277
DB01132,MESH:D002277
DB06777,MESH:D002277
DB00441,MESH:D002289
DB00982,MESH:D002289
DB01030,MESH:D002289
DB01143,MESH:D002289
DB01229,MESH:D002289
DB01248,MESH:D002289
DB11672,MESH:D002289
DB00309,MESH:D002292
DB00428,MESH:D002292
DB00603,MESH:D002292
DB00661,MESH:D002292
DB00675,MESH:D002292
DB03783,MESH:D002292
DB00541,MESH:D002294
DB00993,MESH:D002294
DB01248,MESH:D002294
DB02709,MESH:D002294
DB04743,MESH:D002294
DB06151,MESH:D002294
DB08865,MESH:D002294
DB00437,MESH:D002295
DB00481,MESH:D002295
DB00537,MESH:D002295
DB00541,MESH:D002295
DB00829,MESH:D002295
DB01174,MESH:D002295
DB01179,MESH:D002295
DB00312,MESH:D002303
DB00325,MESH:D002303
DB00668,MESH:D002303
DB00997,MESH:D002303
DB01427,MESH:D002303
DB00441,MESH:D002305
DB00448,MESH:D002305
DB00178,MESH:D002311
DB00458,MESH:D002311
DB00495,MESH:D002311
DB00604,MESH:D002311
DB00678,MESH:D002311
DB00907,MESH:D002311
DB00993,MESH:D002311
DB01136,MESH:D002311
DB01356,MESH:D002311
DB00284,MESH:D002312
DB00388,MESH:D002312
DB00678,MESH:D002312
DB00867,MESH:D002312
DB00898,MESH:D002312
DB00968,MESH:D002312
DB01115,MESH:D002312
DB00255,MESH:D002318
DB00277,MESH:D002318
DB00350,MESH:D002318
DB00360,MESH:D002318
DB00381,MESH:D002318
DB00482,MESH:D002318
DB00544,MESH:D002318
DB00603,MESH:D002318
DB00683,MESH:D002318
DB00753,MESH:D002318
DB00945,MESH:D002318
DB01076,MESH:D002318
DB01115,MESH:D002318
DB01118,MESH:D002318
DB01124,MESH:D002318
DB01169,MESH:D002318
DB01200,MESH:D002318
DB01240,MESH:D002318
DB01268,MESH:D002318
DB01592,MESH:D002318
DB04854,MESH:D002318
DB08964,MESH:D002318
DB09130,MESH:D002318
DB14001,MESH:D002318
DB00302,MESH:D002341
DB00829,MESH:D002349
DB01356,MESH:D002349
DB00675,MESH:D002357
DB02709,MESH:D002357
DB00007,MESH:D002375
DB00091,MESH:D002375
DB00126,MESH:D002375
DB00166,MESH:D002375
DB00181,MESH:D002375
DB00334,MESH:D002375
DB00381,MESH:D002375
DB00411,MESH:D002375
DB00417,MESH:D002375
DB00475,MESH:D002375
DB00490,MESH:D002375
DB00514,MESH:D002375
DB00521,MESH:D002375
DB00568,MESH:D002375
DB00605,MESH:D002375
DB00624,MESH:D002375
DB00661,MESH:D002375
DB00831,MESH:D002375
DB00864,MESH:D002375
DB01043,MESH:D002375
DB01113,MESH:D002375
DB01151,MESH:D002375
DB01184,MESH:D002375
DB01191,MESH:D002375
DB01200,MESH:D002375
DB01205,MESH:D002375
DB01221,MESH:D002375
DB01392,MESH:D002375
DB04821,MESH:D002375
DB04844,MESH:D002375
DB06144,MESH:D002375
DB06711,MESH:D002375
DB11757,MESH:D002375
DB13953,MESH:D002375
DB00166,MESH:D002386
DB00635,MESH:D002386
DB00675,MESH:D002386
DB00822,MESH:D002386
DB01577,MESH:D002386
DB00295,MESH:D002389
DB00313,MESH:D002389
DB00363,MESH:D002389
DB00433,MESH:D002389
DB00482,MESH:D002389
DB00564,MESH:D002389
DB00635,MESH:D002389
DB00747,MESH:D002389
DB00822,MESH:D002389
DB00831,MESH:D002389
DB01068,MESH:D002389
DB01221,MESH:D002389
DB01235,MESH:D002389
DB01356,MESH:D002389
DB01622,MESH:D002389
DB00126,MESH:D002471
DB00635,MESH:D002471
DB00755,MESH:D002471
DB00947,MESH:D002471
DB01262,MESH:D002471
DB08899,MESH:D002471
DB00309,MESH:D002481
DB00477,MESH:D002481
DB00907,MESH:D002481
DB00115,MESH:D002493
DB00264,MESH:D002493
DB00327,MESH:D002493
DB00373,MESH:D002493
DB00458,MESH:D002493
DB00484,MESH:D002493
DB00541,MESH:D002493
DB00625,MESH:D002493
DB00694,MESH:D002493
DB00755,MESH:D002493
DB00927,MESH:D002493
DB01017,MESH:D002493
DB01056,MESH:D002493
DB01118,MESH:D002493
DB01181,MESH:D002493
DB01184,MESH:D002493
DB01205,MESH:D002493
DB01356,MESH:D002493
DB14001,MESH:D002493
DB00181,MESH:D002524
DB00916,MESH:D002524
DB00934,MESH:D002524
DB01118,MESH:D002524
DB01248,MESH:D002524
DB01356,MESH:D002524
DB00313,MESH:D002526
DB00501,MESH:D002526
DB00502,MESH:D002526
DB00544,MESH:D002526
DB00850,MESH:D002526
DB00987,MESH:D002526
DB00302,MESH:D002532
DB00292,MESH:D002534
DB00252,MESH:D002542
DB00091,MESH:D002543
DB00184,MESH:D002543
DB00277,MESH:D002543
DB00321,MESH:D002543
DB00482,MESH:D002543
DB00531,MESH:D002543
DB00622,MESH:D002543
DB00945,MESH:D002543
DB00959,MESH:D002543
DB00987,MESH:D002543
DB01168,MESH:D002543
DB01174,MESH:D002543
DB01206,MESH:D002543
DB01454,MESH:D002543
DB00217,MESH:D002544
DB00325,MESH:D002544
DB00388,MESH:D002544
DB00397,MESH:D002544
DB00544,MESH:D002544
DB00997,MESH:D002544
DB01085,MESH:D002544
DB01200,MESH:D002544
DB01234,MESH:D002544
DB00295,MESH:D002545
DB00328,MESH:D002545
DB00368,MESH:D002545
DB00753,MESH:D002545
DB00808,MESH:D002545
DB00822,MESH:D002545
DB00864,MESH:D002545
DB00945,MESH:D002545
DB00981,MESH:D002545
DB01212,MESH:D002545
DB04743,MESH:D002545
DB05229,MESH:D002545
DB06712,MESH:D002545
DB09220,MESH:D002545
DB00255,MESH:D002546
DB00281,MESH:D002546
DB00393,MESH:D002546
DB00641,MESH:D002546
DB00696,MESH:D002546
DB00953,MESH:D002546
DB01080,MESH:D002547
DB01219,MESH:D002547
DB00184,MESH:D002561
DB00353,MESH:D002561
DB00635,MESH:D002561
DB00669,MESH:D002561
DB00881,MESH:D002561
DB01452,MESH:D002561
DB00482,MESH:D002583
DB00675,MESH:D002583
DB01181,MESH:D002583
DB00281,MESH:D002637
DB00335,MESH:D002637
DB00350,MESH:D002637
DB00363,MESH:D002637
DB00495,MESH:D002637
DB00572,MESH:D002637
DB00630,MESH:D002637
DB00636,MESH:D002637
DB00653,MESH:D002637
DB00668,MESH:D002637
DB00709,MESH:D002637
DB00802,MESH:D002637
DB00818,MESH:D002637
DB00829,MESH:D002637
DB00867,MESH:D002637
DB00904,MESH:D002637
DB01086,MESH:D002637
DB09140,MESH:D002637
DB00252,MESH:D002658
DB00563,MESH:D002658
DB00921,MESH:D002658
DB01234,MESH:D002658
DB00313,MESH:D002659
DB00415,MESH:D002761
DB00564,MESH:D002761
DB00993,MESH:D002761
DB01174,MESH:D002761
DB00605,MESH:D002769
DB00864,MESH:D002769
DB01076,MESH:D002769
DB01586,MESH:D002769
DB00208,MESH:D002779
DB00250,MESH:D002779
DB00280,MESH:D002779
DB00321,MESH:D002779
DB00322,MESH:D002779
DB00335,MESH:D002779
DB00367,MESH:D002779
DB00415,MESH:D002779
DB00439,MESH:D002779
DB00454,MESH:D002779
DB00477,MESH:D002779
DB00564,MESH:D002779
DB00611,MESH:D002779
DB00627,MESH:D002779
DB00661,MESH:D002779
DB00672,MESH:D002779
DB00675,MESH:D002779
DB00679,MESH:D002779
DB00713,MESH:D002779
DB00734,MESH:D002779
DB00783,MESH:D002779
DB00863,MESH:D002779
DB00898,MESH:D002779
DB00945,MESH:D002779
DB00977,MESH:D002779
DB00987,MESH:D002779
DB00989,MESH:D002779
DB01015,MESH:D002779
DB01045,MESH:D002779
DB01147,MESH:D002779
DB01182,MESH:D002779
DB01204,MESH:D002779
DB01224,MESH:D002779
DB01236,MESH:D002779
DB01592,MESH:D002779
DB04817,MESH:D002779
DB04839,MESH:D002779
DB00238,MESH:D002780
DB00301,MESH:D002780
DB00440,MESH:D002780
DB00467,MESH:D002780
DB00492,MESH:D002780
DB00564,MESH:D002780
DB00627,MESH:D002780
DB00722,MESH:D002780
DB00730,MESH:D002780
DB00863,MESH:D002780
DB00968,MESH:D002780
DB00977,MESH:D002780
DB01039,MESH:D002780
DB01165,MESH:D002780
DB01174,MESH:D002780
DB01275,MESH:D002780
DB00376,MESH:D002819
DB00434,MESH:D002819
DB00502,MESH:D002819
DB00656,MESH:D002819
DB00745,MESH:D002819
DB00810,MESH:D002819
DB00829,MESH:D002819
DB00831,MESH:D002819
DB00916,MESH:D002819
DB00968,MESH:D002819
DB01176,MESH:D002819
DB01577,MESH:D002819
DB00563,MESH:D002869
DB00907,MESH:D002869
DB11136,MESH:D002869
DB00698,MESH:D002971
DB00794,MESH:D002971
DB00252,MESH:D002972
DB00531,MESH:D002972
DB00755,MESH:D002972
DB00829,MESH:D002972
DB00907,MESH:D002972
DB00982,MESH:D002972
DB00007,MESH:D003072
DB00014,MESH:D003072
DB00166,MESH:D003072
DB00182,MESH:D003072
DB00186,MESH:D003072
DB00273,MESH:D003072
DB00313,MESH:D003072
DB00328,MESH:D003072
DB00331,MESH:D003072
DB00422,MESH:D003072
DB00428,MESH:D003072
DB00441,MESH:D003072
DB00482,MESH:D003072
DB00533,MESH:D003072
DB00545,MESH:D003072
DB00633,MESH:D003072
DB00656,MESH:D003072
DB00675,MESH:D003072
DB00683,MESH:D003072
DB00734,MESH:D003072
DB00810,MESH:D003072
DB00819,MESH:D003072
DB00864,MESH:D003072
DB00907,MESH:D003072
DB00997,MESH:D003072
DB01075,MESH:D003072
DB01104,MESH:D003072
DB01174,MESH:D003072
DB01189,MESH:D003072
DB01577,MESH:D003072
DB04743,MESH:D003072
DB04930,MESH:D003072
DB06288,MESH:D003072
DB09270,MESH:D003072
DB00244,MESH:D003092
DB00415,MESH:D003092
DB00641,MESH:D003092
DB00762,MESH:D003092
DB01169,MESH:D003092
DB04743,MESH:D003092
DB11672,MESH:D003092
DB00641,MESH:D003093
DB00836,MESH:D003093
DB01014,MESH:D003093
DB01250,MESH:D003093
DB00197,MESH:D003110
DB00335,MESH:D003110
DB00533,MESH:D003110
DB00586,MESH:D003110
DB00744,MESH:D003110
DB00848,MESH:D003110
DB01181,MESH:D003110
DB01592,MESH:D003110
DB04930,MESH:D003110
DB04960,MESH:D003110
DB06151,MESH:D003110
DB11672,MESH:D003110
DB00302,MESH:D003117
DB00313,MESH:D003117
DB00746,MESH:D003117
DB00863,MESH:D003117
DB01050,MESH:D003117
DB00091,MESH:D003128
DB00215,MESH:D003128
DB00280,MESH:D003128
DB00316,MESH:D003128
DB00325,MESH:D003128
DB00333,MESH:D003128
DB00451,MESH:D003128
DB00501,MESH:D003128
DB00502,MESH:D003128
DB00503,MESH:D003128
DB00514,MESH:D003128
DB00575,MESH:D003128
DB00623,MESH:D003128
DB00819,MESH:D003128
DB00829,MESH:D003128
DB00936,MESH:D003128
DB00951,MESH:D003128
DB01075,MESH:D003128
DB01098,MESH:D003128
DB01101,MESH:D003128
DB01104,MESH:D003128
DB01118,MESH:D003128
DB01156,MESH:D003128
DB01205,MESH:D003128
DB01221,MESH:D003128
DB01337,MESH:D003128
DB01356,MESH:D003128
DB09072,MESH:D003128
DB00115,MESH:D003161
DB00907,MESH:D003161
DB00945,MESH:D003161
DB00784,MESH:D003229
DB01050,MESH:D003229
DB01275,MESH:D003240
DB00193,MESH:D003248
DB00285,MESH:D003248
DB00309,MESH:D003248
DB00363,MESH:D003248
DB00381,MESH:D003248
DB00531,MESH:D003248
DB00540,MESH:D003248
DB00661,MESH:D003248
DB00780,MESH:D003248
DB00959,MESH:D003248
DB00969,MESH:D003248
DB01118,MESH:D003248
DB01229,MESH:D003248
DB01242,MESH:D003248
DB00313,MESH:D003294
DB00675,MESH:D003316
DB01026,MESH:D003316
DB00177,MESH:D003324
DB00343,MESH:D003324
DB00435,MESH:D003324
DB00571,MESH:D003324
DB00627,MESH:D003324
DB00755,MESH:D003324
DB00758,MESH:D003324
DB00881,MESH:D003324
DB01001,MESH:D003324
DB01118,MESH:D003324
DB01203,MESH:D003324
DB06154,MESH:D003324
DB00166,MESH:D003327
DB00201,MESH:D003327
DB00381,MESH:D003327
DB00544,MESH:D003327
DB00624,MESH:D003327
DB00682,MESH:D003327
DB00883,MESH:D003327
DB00975,MESH:D003327
DB02709,MESH:D003327
DB00541,MESH:D003328
DB00758,MESH:D003328
DB00997,MESH:D003328
DB00201,MESH:D003329
DB00320,MESH:D003329
DB00531,MESH:D003329
DB00572,MESH:D003329
DB00622,MESH:D003329
DB00668,MESH:D003329
DB00773,MESH:D003329
DB00952,MESH:D003329
DB01054,MESH:D003329
DB01156,MESH:D003329
DB01223,MESH:D003329
DB01229,MESH:D003329
DB00228,MESH:D003371
DB00394,MESH:D003371
DB00514,MESH:D003371
DB00678,MESH:D003371
DB00738,MESH:D003371
DB00753,MESH:D003371
DB00790,MESH:D003371
DB01211,MESH:D003371
DB06774,MESH:D003371
DB00415,MESH:D003424
DB00993,MESH:D003424
DB01041,MESH:D003424
DB00499,MESH:D003456
DB00603,MESH:D003480
DB00993,MESH:D003480
DB01200,MESH:D003480
DB00184,MESH:D003490
DB00281,MESH:D003490
DB00795,MESH:D003490
DB01497,MESH:D003490
DB00448,MESH:D003550
DB00537,MESH:D003550
DB00641,MESH:D003550
DB01586,MESH:D003550
DB00429,MESH:D003556
DB00437,MESH:D003556
DB00513,MESH:D003556
DB00635,MESH:D003556
DB00686,MESH:D003556
DB00787,MESH:D003556
DB00951,MESH:D003556
DB00959,MESH:D003556
DB01028,MESH:D003556
DB01053,MESH:D003556
DB01172,MESH:D003556
DB00255,MESH:D003560
DB00746,MESH:D003638
DB01041,MESH:D003638
DB01172,MESH:D003638
DB01234,MESH:D003638
DB00709,MESH:D003639
DB01219,MESH:D003639
DB00206,MESH:D003643
DB02709,MESH:D003643
DB00201,MESH:D003645
DB00343,MESH:D003645
DB00599,MESH:D003645
DB00604,MESH:D003645
DB00907,MESH:D003645
DB01151,MESH:D003645
DB00246,MESH:D003680
DB00604,MESH:D003680
DB00732,MESH:D003680
DB00734,MESH:D003680
DB00831,MESH:D003680
DB01035,MESH:D003680
DB01156,MESH:D003680
DB01339,MESH:D003680
DB04844,MESH:D003680
DB00126,MESH:D003681
DB00756,MESH:D003681
DB06626,MESH:D003681
DB00115,MESH:D003704
DB00118,MESH:D003704
DB00313,MESH:D003704
DB00363,MESH:D003704
DB00396,MESH:D003704
DB00794,MESH:D003704
DB00989,MESH:D003704
DB01136,MESH:D003704
DB01222,MESH:D003704
DB00252,MESH:D003711
DB00309,MESH:D003711
DB00675,MESH:D003711
DB00721,MESH:D003711
DB00877,MESH:D003711
DB01093,MESH:D003711
DB01118,MESH:D003711
DB01263,MESH:D003711
DB00215,MESH:D003865
DB00246,MESH:D003865
DB00334,MESH:D003865
DB00540,MESH:D003865
DB00584,MESH:D003865
DB00850,MESH:D003865
DB00898,MESH:D003865
DB01037,MESH:D003865
DB01104,MESH:D003865
DB01115,MESH:D003865
DB01242,MESH:D003865
DB01356,MESH:D003865
DB01403,MESH:D003865
DB01454,MESH:D003865
DB06594,MESH:D003865
DB14509,MESH:D003865
DB00115,MESH:D003866
DB00148,MESH:D003866
DB00158,MESH:D003866
DB00175,MESH:D003866
DB00191,MESH:D003866
DB00264,MESH:D003866
DB00333,MESH:D003866
DB00344,MESH:D003866
DB00357,MESH:D003866
DB00358,MESH:D003866
DB00363,MESH:D003866
DB00370,MESH:D003866
DB00413,MESH:D003866
DB00421,MESH:D003866
DB00502,MESH:D003866
DB00563,MESH:D003866
DB00575,MESH:D003866
DB00603,MESH:D003866
DB00608,MESH:D003866
DB00628,MESH:D003866
DB00633,MESH:D003866
DB00679,MESH:D003866
DB00704,MESH:D003866
DB00726,MESH:D003866
DB00783,MESH:D003866
DB00810,MESH:D003866
DB00829,MESH:D003866
DB00860,MESH:D003866
DB00904,MESH:D003866
DB00909,MESH:D003866
DB00952,MESH:D003866
DB00968,MESH:D003866
DB00997,MESH:D003866
DB00999,MESH:D003866
DB01100,MESH:D003866
DB01173,MESH:D003866
DB01200,MESH:D003866
DB01221,MESH:D003866
DB01403,MESH:D003866
DB01435,MESH:D003866
DB01559,MESH:D003866
DB04840,MESH:D003866
DB09185,MESH:D003866
DB09270,MESH:D003866
DB00250,MESH:D003872
DB00317,MESH:D003872
DB00468,MESH:D003872
DB00724,MESH:D003872
DB01593,MESH:D003872
DB00152,MESH:D003875
DB00207,MESH:D003875
DB00220,MESH:D003875
DB00318,MESH:D003875
DB00338,MESH:D003875
DB00339,MESH:D003875
DB00398,MESH:D003875
DB00440,MESH:D003875
DB00468,MESH:D003875
DB00469,MESH:D003875
DB00493,MESH:D003875
DB00500,MESH:D003875
DB00555,MESH:D003875
DB00607,MESH:D003875
DB00698,MESH:D003875
DB00712,MESH:D003875
DB00788,MESH:D003875
DB00866,MESH:D003875
DB00907,MESH:D003875
DB00908,MESH:D003875
DB01009,MESH:D003875
DB01026,MESH:D003875
DB01035,MESH:D003875
DB01041,MESH:D003875
DB01045,MESH:D003875
DB01053,MESH:D003875
DB01087,MESH:D003875
DB01147,MESH:D003875
DB01174,MESH:D003875
DB01211,MESH:D003875
DB01327,MESH:D003875
DB04552,MESH:D003875
DB09093,MESH:D003875
DB14540,MESH:D003875
DB01026,MESH:D003876
DB01041,MESH:D003876
DB01130,MESH:D003876
DB00288,MESH:D003877
DB01130,MESH:D003877
DB00586,MESH:D003882
DB00993,MESH:D003882
DB01217,MESH:D003882
DB04552,MESH:D003882
DB00334,MESH:D003919
DB00818,MESH:D003919
DB01221,MESH:D003919
DB00091,MESH:D003920
DB00391,MESH:D003920
DB00428,MESH:D003920
DB00477,MESH:D003920
DB00808,MESH:D003920
DB01016,MESH:D003920
DB01593,MESH:D003920
DB09130,MESH:D003920
DB00331,MESH:D003921
DB00470,MESH:D003921
DB00531,MESH:D003921
DB01082,MESH:D003921
DB04630,MESH:D003921
DB00682,MESH:D003922
DB01708,MESH:D003922
DB00118,MESH:D003924
DB00158,MESH:D003924
DB00273,MESH:D003924
DB01016,MESH:D003924
DB01029,MESH:D003924
DB01124,MESH:D003924
DB01132,MESH:D003924
DB01191,MESH:D003924
DB01593,MESH:D003924
DB00412,MESH:D003925
DB00428,MESH:D003925
DB01136,MESH:D003925
DB00421,MESH:D003928
DB00436,MESH:D003928
DB00675,MESH:D003928
DB00722,MESH:D003928
DB00783,MESH:D003928
DB00966,MESH:D003928
DB02709,MESH:D003928
DB11672,MESH:D003928
DB14509,MESH:D003928
DB00321,MESH:D003929
DB00514,MESH:D003929
DB00945,MESH:D003929
DB01029,MESH:D003929
DB00126,MESH:D003930
DB00945,MESH:D003930
DB00293,MESH:D003967
DB00363,MESH:D003967
DB00448,MESH:D003967
DB00490,MESH:D003967
DB00541,MESH:D003967
DB00572,MESH:D003967
DB00635,MESH:D003967
DB00643,MESH:D003967
DB00677,MESH:D003967
DB00692,MESH:D003967
DB00704,MESH:D003967
DB00738,MESH:D003967
DB00760,MESH:D003967
DB00762,MESH:D003967
DB00773,MESH:D003967
DB00851,MESH:D003967
DB00889,MESH:D003967
DB00917,MESH:D003967
DB00943,MESH:D003967
DB00995,MESH:D003967
DB01006,MESH:D003967
DB01045,MESH:D003967
DB01079,MESH:D003967
DB01097,MESH:D003967
DB01112,MESH:D003967
DB01143,MESH:D003967
DB01166,MESH:D003967
DB01190,MESH:D003967
DB01191,MESH:D003967
DB01204,MESH:D003967
DB01211,MESH:D003967
DB01234,MESH:D003967
DB01242,MESH:D003967
DB01356,MESH:D003967
DB01591,MESH:D003967
DB01656,MESH:D003967
DB04690,MESH:D003967
DB06262,MESH:D003967
DB06626,MESH:D003967
DB09130,MESH:D003967
DB00007,MESH:D004195
DB00134,MESH:D004195
DB00290,MESH:D004195
DB00531,MESH:D004195
DB00541,MESH:D004195
DB00624,MESH:D004195
DB00630,MESH:D004195
DB00682,MESH:D004195
DB00755,MESH:D004195
DB00783,MESH:D004195
DB00871,MESH:D004195
DB00877,MESH:D004195
DB00943,MESH:D004195
DB00993,MESH:D004195
DB01593,MESH:D004195
DB04942,MESH:D004195
DB08834,MESH:D004195
DB00252,MESH:D004211
DB00255,MESH:D004211
DB00319,MESH:D004211
DB00328,MESH:D004211
DB00404,MESH:D004211
DB00513,MESH:D004211
DB00564,MESH:D004211
DB00599,MESH:D004211
DB00951,MESH:D004211
DB01035,MESH:D004211
DB01045,MESH:D004211
DB01242,MESH:D004211
DB00717,MESH:D004310
DB01050,MESH:D004374
DB00338,MESH:D004381
DB00415,MESH:D004381
DB00863,MESH:D004381
DB06774,MESH:D004381
DB00165,MESH:D004401
DB00270,MESH:D004401
DB00296,MESH:D004401
DB00331,MESH:D004401
DB00371,MESH:D004401
DB00564,MESH:D004401
DB00661,MESH:D004401
DB00679,MESH:D004401
DB00695,MESH:D004401
DB00916,MESH:D004401
DB01017,MESH:D004401
DB01075,MESH:D004401
DB01104,MESH:D004401
DB00091,MESH:D004409
DB00215,MESH:D004409
DB00245,MESH:D004409
DB00277,MESH:D004409
DB00321,MESH:D004409
DB00328,MESH:D004409
DB00333,MESH:D004409
DB00396,MESH:D004409
DB00494,MESH:D004409
DB00502,MESH:D004409
DB00564,MESH:D004409
DB00623,MESH:D004409
DB00657,MESH:D004409
DB00661,MESH:D004409
DB00675,MESH:D004409
DB00740,MESH:D004409
DB00780,MESH:D004409
DB00810,MESH:D004409
DB00850,MESH:D004409
DB00864,MESH:D004409
DB00975,MESH:D004409
DB00981,MESH:D004409
DB01069,MESH:D004409
DB01112,MESH:D004409
DB01151,MESH:D004409
DB01238,MESH:D004409
DB01576,MESH:D004409
DB01626,MESH:D004409
DB05316,MESH:D004409
DB00304,MESH:D004412
DB00727,MESH:D004412
DB09123,MESH:D004412
DB00182,MESH:D004417
DB00321,MESH:D004417
DB00373,MESH:D004417
DB00501,MESH:D004417
DB00564,MESH:D004417
DB00612,MESH:D004417
DB00636,MESH:D004417
DB00727,MESH:D004417
DB00900,MESH:D004417
DB00907,MESH:D004417
DB00959,MESH:D004417
DB01041,MESH:D004417
DB01118,MESH:D004417
DB01195,MESH:D004417
DB01222,MESH:D004417
DB01248,MESH:D004417
DB01544,MESH:D004417
DB06626,MESH:D004417
DB08816,MESH:D004417
DB09140,MESH:D004417
DB00252,MESH:D004421
DB00387,MESH:D004421
DB00413,MESH:D004421
DB00422,MESH:D004421
DB00468,MESH:D004421
DB00529,MESH:D004421
DB00543,MESH:D004421
DB00608,MESH:D004421
DB00623,MESH:D004421
DB00715,MESH:D004421
DB00780,MESH:D004421
DB00819,MESH:D004421
DB00875,MESH:D004421
DB00933,MESH:D004421
DB01069,MESH:D004421
DB01104,MESH:D004421
DB01174,MESH:D004421
DB01176,MESH:D004421
DB01221,MESH:D004421
DB01233,MESH:D004421
DB01235,MESH:D004421
DB04844,MESH:D004421
DB06262,MESH:D004421
DB06288,MESH:D004421
DB09224,MESH:D004421
DB00755,MESH:D004427
DB00982,MESH:D004427
DB01234,MESH:D004485
DB00148,MESH:D004487
DB00184,MESH:D004487
DB00244,MESH:D004487
DB00270,MESH:D004487
DB00295,MESH:D004487
DB00321,MESH:D004487
DB00323,MESH:D004487
DB00335,MESH:D004487
DB00412,MESH:D004487
DB00448,MESH:D004487
DB00472,MESH:D004487
DB00482,MESH:D004487
DB00584,MESH:D004487
DB00603,MESH:D004487
DB00636,MESH:D004487
DB00744,MESH:D004487
DB00788,MESH:D004487
DB00816,MESH:D004487
DB00829,MESH:D004487
DB00836,MESH:D004487
DB00882,MESH:D004487
DB00938,MESH:D004487
DB00961,MESH:D004487
DB00966,MESH:D004487
DB00970,MESH:D004487
DB00997,MESH:D004487
DB00999,MESH:D004487
DB01041,MESH:D004487
DB01113,MESH:D004487
DB01115,MESH:D004487
DB01181,MESH:D004487
DB01234,MESH:D004487
DB01261,MESH:D004487
DB01419,MESH:D004487
DB01452,MESH:D004487
DB01599,MESH:D004487
DB01628,MESH:D004487
DB01956,MESH:D004487
DB05381,MESH:D004487
DB08865,MESH:D004487
DB09069,MESH:D004487
DB11672,MESH:D004487
DB12965,MESH:D004487
DB13944,MESH:D004487
DB01064,MESH:D004489
DB01136,MESH:D004489
DB00682,MESH:D004646
DB00907,MESH:D004646
DB09140,MESH:D004646
DB00152,MESH:D004660
DB00205,MESH:D004660
DB00355,MESH:D004660
DB00564,MESH:D004681
DB00959,MESH:D004681
DB00977,MESH:D004681
DB01017,MESH:D004681
DB01356,MESH:D004681
DB00603,MESH:D004714
DB00788,MESH:D004715
DB00834,MESH:D004715
DB01050,MESH:D004715
DB00264,MESH:D004719
DB00711,MESH:D004719
DB00860,MESH:D004719
DB01065,MESH:D004719
DB04854,MESH:D004719
DB09140,MESH:D004719
DB00575,MESH:D004751
DB01212,MESH:D004751
DB00178,MESH:D004802
DB00244,MESH:D004802
DB00341,MESH:D004802
DB00415,MESH:D004802
DB00482,MESH:D004802
DB00498,MESH:D004802
DB00501,MESH:D004802
DB00555,MESH:D004802
DB00586,MESH:D004802
DB00788,MESH:D004802
DB00812,MESH:D004802
DB00841,MESH:D004802
DB00968,MESH:D004802
DB00970,MESH:D004802
DB01029,MESH:D004802
DB01032,MESH:D004802
DB01050,MESH:D004802
DB01082,MESH:D004802
DB01147,MESH:D004802
DB01426,MESH:D004802
DB13179,MESH:D004802
DB00230,MESH:D004827
DB00347,MESH:D004827
DB00458,MESH:D004827
DB00474,MESH:D004827
DB00555,MESH:D004827
DB00563,MESH:D004827
DB00683,MESH:D004827
DB00763,MESH:D004827
DB00909,MESH:D004827
DB00987,MESH:D004827
DB01147,MESH:D004827
DB01174,MESH:D004827
DB01183,MESH:D004827
DB01454,MESH:D004827
DB01595,MESH:D004827
DB06637,MESH:D004827
DB11642,MESH:D004827
DB00252,MESH:D004829
DB00829,MESH:D004829
DB01174,MESH:D004829
DB00252,MESH:D004830
DB00292,MESH:D004830
DB00321,MESH:D004830
DB00431,MESH:D004830
DB00438,MESH:D004830
DB00474,MESH:D004830
DB00490,MESH:D004830
DB00563,MESH:D004830
DB00572,MESH:D004830
DB00599,MESH:D004830
DB00635,MESH:D004830
DB00652,MESH:D004830
DB00818,MESH:D004830
DB00822,MESH:D004830
DB00898,MESH:D004830
DB00916,MESH:D004830
DB01156,MESH:D004830
DB01161,MESH:D004830
DB01173,MESH:D004830
DB01183,MESH:D004830
DB01364,MESH:D004830
DB00313,MESH:D004831
DB00431,MESH:D004831
DB00466,MESH:D004831
DB00572,MESH:D004831
DB00951,MESH:D004831
DB01182,MESH:D004831
DB00313,MESH:D004832
DB00593,MESH:D004832
DB01068,MESH:D004832
DB09072,MESH:D004832
DB00555,MESH:D004833
DB00603,MESH:D004833
DB01174,MESH:D004833
DB00126,MESH:D004890
DB00244,MESH:D004890
DB00250,MESH:D004890
DB00445,MESH:D004890
DB00550,MESH:D004890
DB00586,MESH:D004890
DB00679,MESH:D004890
DB00694,MESH:D004890
DB00709,MESH:D004890
DB00755,MESH:D004890
DB00813,MESH:D004890
DB00850,MESH:D004890
DB00987,MESH:D004890
DB05381,MESH:D004890
DB00698,MESH:D004892
DB00860,MESH:D004892
DB01229,MESH:D004892
DB00197,MESH:D004915
DB00996,MESH:D004916
DB01115,MESH:D004916
DB00438,MESH:D004927
DB00446,MESH:D004927
DB00560,MESH:D004927
DB00698,MESH:D004927
DB01082,MESH:D004927
DB01203,MESH:D004932
DB08818,MESH:D004932
DB00759,MESH:D004935
DB00863,MESH:D004935
DB00328,MESH:D004938
DB00445,MESH:D004938
DB00541,MESH:D004938
DB08865,MESH:D004938
DB00448,MESH:D004941
DB00630,MESH:D004941
DB00863,MESH:D004941
DB00501,MESH:D004942
DB00927,MESH:D004942
DB00091,MESH:D005076
DB00191,MESH:D005076
DB00288,MESH:D005076
DB00313,MESH:D005076
DB00316,MESH:D005076
DB00355,MESH:D005076
DB00398,MESH:D005076
DB00417,MESH:D005076
DB00485,MESH:D005076
DB00541,MESH:D005076
DB00563,MESH:D005076
DB00564,MESH:D005076
DB00625,MESH:D005076
DB00712,MESH:D005076
DB00738,MESH:D005076
DB00795,MESH:D005076
DB00848,MESH:D005076
DB00877,MESH:D005076
DB00900,MESH:D005076
DB00945,MESH:D005076
DB00951,MESH:D005076
DB00987,MESH:D005076
DB01017,MESH:D005076
DB01035,MESH:D005076
DB01112,MESH:D005076
DB01118,MESH:D005076
DB01186,MESH:D005076
DB09073,MESH:D005076
DB14509,MESH:D005076
DB00252,MESH:D005119
DB00584,MESH:D005119
DB00682,MESH:D005119
DB01093,MESH:D005119
DB01181,MESH:D005119
DB00313,MESH:D005124
DB00280,MESH:D005128
DB00465,MESH:D005128
DB00472,MESH:D005128
DB00675,MESH:D005128
DB01611,MESH:D005128
DB00168,MESH:D005141
DB00218,MESH:D005141
DB00252,MESH:D005158
DB00822,MESH:D005158
DB01041,MESH:D005158
DB00282,MESH:D005198
DB00328,MESH:D005198
DB00619,MESH:D005198
DB01101,MESH:D005198
DB00572,MESH:D005207
DB00605,MESH:D005207
DB01043,MESH:D005207
DB01219,MESH:D005207
DB01226,MESH:D005207
DB00091,MESH:D005221
DB00186,MESH:D005221
DB00230,MESH:D005221
DB00244,MESH:D005221
DB00245,MESH:D005221
DB00280,MESH:D005221
DB00363,MESH:D005221
DB00404,MESH:D005221
DB00472,MESH:D005221
DB00495,MESH:D005221
DB00501,MESH:D005221
DB00502,MESH:D005221
DB00586,MESH:D005221
DB00630,MESH:D005221
DB00642,MESH:D005221
DB00648,MESH:D005221
DB00715,MESH:D005221
DB00752,MESH:D005221
DB00762,MESH:D005221
DB00788,MESH:D005221
DB00864,MESH:D005221
DB00918,MESH:D005221
DB00968,MESH:D005221
DB00997,MESH:D005221
DB01005,MESH:D005221
DB01006,MESH:D005221
DB01018,MESH:D005221
DB01169,MESH:D005221
DB01206,MESH:D005221
DB01219,MESH:D005221
DB01234,MESH:D005221
DB01388,MESH:D005221
DB01394,MESH:D005221
DB04844,MESH:D005221
DB00162,MESH:D005234
DB00184,MESH:D005234
DB00197,MESH:D005234
DB00224,MESH:D005234
DB00231,MESH:D005234
DB00284,MESH:D005234
DB00316,MESH:D005234
DB00477,MESH:D005234
DB00586,MESH:D005234
DB00605,MESH:D005234
DB00609,MESH:D005234
DB00806,MESH:D005234
DB00943,MESH:D005234
DB01039,MESH:D005234
DB01083,MESH:D005234
DB01174,MESH:D005234
DB01234,MESH:D005234
DB01275,MESH:D005234
DB01593,MESH:D005234
DB06151,MESH:D005234
DB09121,MESH:D005234
DB09289,MESH:D005234
DB00122,MESH:D005235
DB02709,MESH:D005235
DB00396,MESH:D005313
DB00898,MESH:D005313
DB01169,MESH:D005313
DB01576,MESH:D005313
DB00468,MESH:D005315
DB00495,MESH:D005315
DB00575,MESH:D005315
DB00867,MESH:D005315
DB01118,MESH:D005315
DB01356,MESH:D005315
DB01115,MESH:D005316
DB00252,MESH:D005317
DB00313,MESH:D005317
DB00443,MESH:D005317
DB00584,MESH:D005317
DB00652,MESH:D005317
DB00907,MESH:D005317
DB01080,MESH:D005317
DB01110,MESH:D005317
DB00162,MESH:D005327
DB06789,MESH:D005327
DB00091,MESH:D005334
DB00220,MESH:D005334
DB00244,MESH:D005334
DB00245,MESH:D005334
DB00334,MESH:D005334
DB00338,MESH:D005334
DB00350,MESH:D005334
DB00358,MESH:D005334
DB00400,MESH:D005334
DB00417,MESH:D005334
DB00438,MESH:D005334
DB00479,MESH:D005334
DB00498,MESH:D005334
DB00529,MESH:D005334
DB00572,MESH:D005334
DB00575,MESH:D005334
DB00578,MESH:D005334
DB00593,MESH:D005334
DB00613,MESH:D005334
DB00635,MESH:D005334
DB00678,MESH:D005334
DB00698,MESH:D005334
DB00722,MESH:D005334
DB00755,MESH:D005334
DB00758,MESH:D005334
DB00812,MESH:D005334
DB00813,MESH:D005334
DB00830,MESH:D005334
DB00850,MESH:D005334
DB00860,MESH:D005334
DB00864,MESH:D005334
DB00907,MESH:D005334
DB00997,MESH:D005334
DB01056,MESH:D005334
DB01069,MESH:D005334
DB01174,MESH:D005334
DB01181,MESH:D005334
DB01211,MESH:D005334
DB01212,MESH:D005334
DB01234,MESH:D005334
DB01239,MESH:D005334
DB01438,MESH:D005334
DB01454,MESH:D005334
DB06151,MESH:D005334
DB00091,MESH:D005355
DB00136,MESH:D005355
DB00201,MESH:D005355
DB00247,MESH:D005355
DB00252,MESH:D005355
DB00412,MESH:D005355
DB00421,MESH:D005355
DB00583,MESH:D005355
DB00675,MESH:D005355
DB00864,MESH:D005355
DB00871,MESH:D005355
DB00910,MESH:D005355
DB01001,MESH:D005355
DB01026,MESH:D005355
DB01076,MESH:D005355
DB01118,MESH:D005355
DB01142,MESH:D005355
DB01403,MESH:D005355
DB04630,MESH:D005355
DB05990,MESH:D005355
DB00203,MESH:D005483
DB00270,MESH:D005483
DB00501,MESH:D005483
DB00672,MESH:D005483
DB00727,MESH:D005483
DB00773,MESH:D005483
DB00841,MESH:D005483
DB01176,MESH:D005483
DB09227,MESH:D005483
DB00318,MESH:D005494
DB00514,MESH:D005494
DB00215,MESH:D005687
DB00502,MESH:D005687
DB00968,MESH:D005687
DB00413,MESH:D005715
DB00472,MESH:D005759
DB01212,MESH:D005759
DB00231,MESH:D005764
DB00585,MESH:D005764
DB00927,MESH:D005764
DB01019,MESH:D005764
DB00188,MESH:D005767
DB00206,MESH:D005767
DB00207,MESH:D005767
DB00229,MESH:D005767
DB00309,MESH:D005767
DB00441,MESH:D005767
DB00503,MESH:D005767
DB00648,MESH:D005767
DB00712,MESH:D005767
DB00727,MESH:D005767
DB00770,MESH:D005767
DB00812,MESH:D005767
DB00861,MESH:D005767
DB00916,MESH:D005767
DB00975,MESH:D005767
DB01017,MESH:D005767
DB01032,MESH:D005767
DB01060,MESH:D005767
DB01104,MESH:D005767
DB01117,MESH:D005767
DB01181,MESH:D005767
DB01196,MESH:D005767
DB01223,MESH:D005767
DB01234,MESH:D005767
DB01268,MESH:D005767
DB01592,MESH:D005767
DB04743,MESH:D005767
DB05229,MESH:D005767
DB08865,MESH:D005767
DB11431,MESH:D005767
DB00284,MESH:D005770
DB00636,MESH:D005770
DB04743,MESH:D005770
DB00537,MESH:D005832
DB00176,MESH:D005879
DB00184,MESH:D005879
DB00245,MESH:D005879
DB00647,MESH:D005879
DB00915,MESH:D005879
DB00368,MESH:D005901
DB00373,MESH:D005901
DB00484,MESH:D005901
DB00917,MESH:D005901
DB01085,MESH:D005901
DB00668,MESH:D005902
DB00869,MESH:D005902
DB00317,MESH:D005909
DB00762,MESH:D005909
DB01030,MESH:D005909
DB01099,MESH:D005909
DB06774,MESH:D005909
DB08865,MESH:D005909
DB00328,MESH:D005910
DB00773,MESH:D005910
DB01017,MESH:D005910
DB01169,MESH:D005910
DB01206,MESH:D005910
DB02709,MESH:D005910
DB00205,MESH:D005911
DB00772,MESH:D005911
DB01085,MESH:D005911
DB00497,MESH:D005921
DB00550,MESH:D005921
DB00806,MESH:D005921
DB00812,MESH:D005921
DB00951,MESH:D005921
DB00975,MESH:D005921
DB00997,MESH:D005921
DB01021,MESH:D005921
DB01115,MESH:D005921
DB01275,MESH:D005921
DB08868,MESH:D005921
DB11590,MESH:D005921
DB00635,MESH:D005922
DB00091,MESH:D005923
DB00368,MESH:D005923
DB00550,MESH:D005923
DB00630,MESH:D005923
DB00864,MESH:D005923
DB00959,MESH:D005923
DB00999,MESH:D005923
DB14001,MESH:D005923
DB04743,MESH:D006042
DB00091,MESH:D006073
DB01039,MESH:D006073
DB01324,MESH:D006073
DB04854,MESH:D006073
DB00091,MESH:D006086
DB08895,MESH:D006086
DB00860,MESH:D006111
DB00472,MESH:D006130
DB00864,MESH:D006130
DB00898,MESH:D006130
DB01005,MESH:D006130
DB09130,MESH:D006130
DB00421,MESH:D006177
DB00575,MESH:D006177
DB00863,MESH:D006177
DB00091,MESH:D006212
DB00285,MESH:D006212
DB00319,MESH:D006212
DB00338,MESH:D006212
DB00397,MESH:D006212
DB00404,MESH:D006212
DB00454,MESH:D006212
DB00497,MESH:D006212
DB00543,MESH:D006212
DB00589,MESH:D006212
DB00630,MESH:D006212
DB00635,MESH:D006212
DB00683,MESH:D006212
DB00690,MESH:D006212
DB00714,MESH:D006212
DB00734,MESH:D006212
DB00746,MESH:D006212
DB00753,MESH:D006212
DB00792,MESH:D006212
DB00860,MESH:D006212
DB00897,MESH:D006212
DB00916,MESH:D006212
DB00921,MESH:D006212
DB00927,MESH:D006212
DB00956,MESH:D006212
DB01018,MESH:D006212
DB01037,MESH:D006212
DB01043,MESH:D006212
DB01056,MESH:D006212
DB01069,MESH:D006212
DB01085,MESH:D006212
DB01142,MESH:D006212
DB01165,MESH:D006212
DB01171,MESH:D006212
DB01183,MESH:D006212
DB01211,MESH:D006212
DB01233,MESH:D006212
DB01235,MESH:D006212
DB01239,MESH:D006212
DB01380,MESH:D006212
DB01579,MESH:D006212
DB00341,MESH:D006255
DB00835,MESH:D006255
DB01114,MESH:D006255
DB00188,MESH:D006258
DB00544,MESH:D006258
DB00755,MESH:D006258
DB01101,MESH:D006258
DB00196,MESH:D006261
DB00201,MESH:D006261
DB00207,MESH:D006261
DB00211,MESH:D006261
DB00213,MESH:D006261
DB00250,MESH:D006261
DB00262,MESH:D006261
DB00320,MESH:D006261
DB00321,MESH:D006261
DB00343,MESH:D006261
DB00350,MESH:D006261
DB00353,MESH:D006261
DB00422,MESH:D006261
DB00435,MESH:D006261
DB00441,MESH:D006261
DB00447,MESH:D006261
DB00465,MESH:D006261
DB00468,MESH:D006261
DB00527,MESH:D006261
DB00531,MESH:D006261
DB00572,MESH:D006261
DB00593,MESH:D006261
DB00608,MESH:D006261
DB00661,MESH:D006261
DB00709,MESH:D006261
DB00717,MESH:D006261
DB00746,MESH:D006261
DB00788,MESH:D006261
DB00808,MESH:D006261
DB00829,MESH:D006261
DB00848,MESH:D006261
DB00852,MESH:D006261
DB00904,MESH:D006261
DB00927,MESH:D006261
DB00961,MESH:D006261
DB01018,MESH:D006261
DB01020,MESH:D006261
DB01053,MESH:D006261
DB01101,MESH:D006261
DB01115,MESH:D006261
DB01118,MESH:D006261
DB01159,MESH:D006261
DB01186,MESH:D006261
DB01200,MESH:D006261
DB01202,MESH:D006261
DB01238,MESH:D006261
DB01240,MESH:D006261
DB01242,MESH:D006261
DB01255,MESH:D006261
DB01283,MESH:D006261
DB01340,MESH:D006261
DB01364,MESH:D006261
DB01388,MESH:D006261
DB01393,MESH:D006261
DB01582,MESH:D006261
DB01628,MESH:D006261
DB01656,MESH:D006261
DB04576,MESH:D006261
DB04817,MESH:D006261
DB05381,MESH:D006261
DB06153,MESH:D006261
DB09140,MESH:D006261
DB13751,MESH:D006261
DB00321,MESH:D006311
DB00493,MESH:D006311
DB00540,MESH:D006311
DB00541,MESH:D006311
DB00861,MESH:D006311
DB00951,MESH:D006311
DB01421,MESH:D006311
DB00313,MESH:D006319
DB00452,MESH:D006319
DB00541,MESH:D006319
DB00571,MESH:D006319
DB00635,MESH:D006319
DB00709,MESH:D006319
DB00863,MESH:D006319
DB01200,MESH:D006319
DB01219,MESH:D006319
DB01229,MESH:D006319
DB09130,MESH:D006319
DB00171,MESH:D006323
DB00202,MESH:D006323
DB00422,MESH:D006323
DB00477,MESH:D006323
DB00555,MESH:D006323
DB00604,MESH:D006323
DB00608,MESH:D006323
DB00652,MESH:D006323
DB00661,MESH:D006323
DB00668,MESH:D006323
DB00669,MESH:D006323
DB00708,MESH:D006323
DB00802,MESH:D006323
DB00818,MESH:D006323
DB00822,MESH:D006323
DB00898,MESH:D006323
DB00917,MESH:D006323
DB00927,MESH:D006323
DB00959,MESH:D006323
DB00975,MESH:D006323
DB01092,MESH:D006323
DB01115,MESH:D006323
DB01136,MESH:D006323
DB01150,MESH:D006323
DB01183,MESH:D006323
DB01228,MESH:D006323
DB01233,MESH:D006323
DB01364,MESH:D006323
DB01956,MESH:D006323
DB00277,MESH:D006327
DB00334,MESH:D006327
DB00668,MESH:D006327
DB00727,MESH:D006327
DB00747,MESH:D006327
DB01035,MESH:D006327
DB01118,MESH:D006327
DB01164,MESH:D006327
DB01195,MESH:D006327
DB01198,MESH:D006327
DB01205,MESH:D006327
DB01233,MESH:D006327
DB01297,MESH:D006327
DB00115,MESH:D006330
DB00208,MESH:D006330
DB00255,MESH:D006330
DB00277,MESH:D006330
DB00328,MESH:D006330
DB00428,MESH:D006330
DB00679,MESH:D006330
DB00715,MESH:D006330
DB00907,MESH:D006330
DB01356,MESH:D006330
DB00115,MESH:D006331
DB00193,MESH:D006331
DB00201,MESH:D006331
DB00234,MESH:D006331
DB00313,MESH:D006331
DB00322,MESH:D006331
DB00342,MESH:D006331
DB00435,MESH:D006331
DB00445,MESH:D006331
DB00537,MESH:D006331
DB00552,MESH:D006331
DB00583,MESH:D006331
DB00584,MESH:D006331
DB00603,MESH:D006331
DB00635,MESH:D006331
DB00692,MESH:D006331
DB00796,MESH:D006331
DB00818,MESH:D006331
DB00871,MESH:D006331
DB00920,MESH:D006331
DB01045,MESH:D006331
DB01048,MESH:D006331
DB01065,MESH:D006331
DB01101,MESH:D006331
DB01105,MESH:D006331
DB01143,MESH:D006331
DB01159,MESH:D006331
DB01165,MESH:D006331
DB01229,MESH:D006331
DB01234,MESH:D006331
DB01396,MESH:D006331
DB01599,MESH:D006331
DB01956,MESH:D006331
DB11672,MESH:D006331
DB00169,MESH:D006332
DB00175,MESH:D006332
DB00177,MESH:D006332
DB00280,MESH:D006332
DB00317,MESH:D006332
DB00321,MESH:D006332
DB00401,MESH:D006332
DB00533,MESH:D006332
DB00584,MESH:D006332
DB00635,MESH:D006332
DB00641,MESH:D006332
DB00687,MESH:D006332
DB00864,MESH:D006332
DB00922,MESH:D006332
DB00966,MESH:D006332
DB00970,MESH:D006332
DB01003,MESH:D006332
DB01029,MESH:D006332
DB01085,MESH:D006332
DB01103,MESH:D006332
DB01119,MESH:D006332
DB01583,MESH:D006332
DB00177,MESH:D006333
DB00203,MESH:D006333
DB00228,MESH:D006333
DB00255,MESH:D006333
DB00261,MESH:D006333
DB00280,MESH:D006333
DB00285,MESH:D006333
DB00361,MESH:D006333
DB00380,MESH:D006333
DB00401,MESH:D006333
DB00412,MESH:D006333
DB00421,MESH:D006333
DB00443,MESH:D006333
DB00502,MESH:D006333
DB00584,MESH:D006333
DB00594,MESH:D006333
DB00612,MESH:D006333
DB00640,MESH:D006333
DB00641,MESH:D006333
DB00661,MESH:D006333
DB00692,MESH:D006333
DB00694,MESH:D006333
DB00697,MESH:D006333
DB00741,MESH:D006333
DB00773,MESH:D006333
DB00887,MESH:D006333
DB00915,MESH:D006333
DB00977,MESH:D006333
DB01035,MESH:D006333
DB01056,MESH:D006333
DB01142,MESH:D006333
DB01174,MESH:D006333
DB01181,MESH:D006333
DB01191,MESH:D006333
DB01196,MESH:D006333
DB01219,MESH:D006333
DB01234,MESH:D006333
DB01235,MESH:D006333
DB01288,MESH:D006333
DB01356,MESH:D006333
DB00997,MESH:D006335
DB00907,MESH:D006342
DB00867,MESH:D006344
DB01240,MESH:D006344
DB00201,MESH:D006345
DB00890,MESH:D006345
DB00898,MESH:D006345
DB00977,MESH:D006345
DB00248,MESH:D006349
DB01053,MESH:D006349
DB01454,MESH:D006349
DB00927,MESH:D006356
DB01017,MESH:D006356
DB00313,MESH:D006391
DB00780,MESH:D006391
DB00255,MESH:D006394
DB00091,MESH:D006402
DB00563,MESH:D006402
DB00694,MESH:D006402
DB00900,MESH:D006402
DB01087,MESH:D006402
DB01174,MESH:D006402
DB01229,MESH:D006402
DB01248,MESH:D006402
DB06263,MESH:D006402
DB00531,MESH:D006406
DB00563,MESH:D006406
DB02709,MESH:D006406
DB09220,MESH:D006406
DB00541,MESH:D006408
DB00264,MESH:D006417
DB00429,MESH:D006417
DB00456,MESH:D006417
DB00513,MESH:D006417
DB00541,MESH:D006417
DB00567,MESH:D006417
DB00607,MESH:D006417
DB00695,MESH:D006417
DB00734,MESH:D006417
DB00908,MESH:D006417
DB00955,MESH:D006417
DB00997,MESH:D006417
DB01017,MESH:D006417
DB01028,MESH:D006417
DB01053,MESH:D006417
DB01118,MESH:D006417
DB01406,MESH:D006417
DB09093,MESH:D006417
DB00252,MESH:D006429
DB00302,MESH:D006429
DB00864,MESH:D006429
DB00338,MESH:D006461
DB00437,MESH:D006461
DB00567,MESH:D006461
DB01087,MESH:D006461
DB01182,MESH:D006461
DB01268,MESH:D006461
DB01332,MESH:D006461
DB09131,MESH:D006461
DB11081,MESH:D006461
DB00468,MESH:D006463
DB00541,MESH:D006463
DB00570,MESH:D006463
DB00860,MESH:D006463
DB01196,MESH:D006463
DB00266,MESH:D006470
DB00313,MESH:D006470
DB00316,MESH:D006470
DB00350,MESH:D006470
DB00368,MESH:D006470
DB00412,MESH:D006470
DB00428,MESH:D006470
DB00550,MESH:D006470
DB00635,MESH:D006470
DB00727,MESH:D006470
DB00732,MESH:D006470
DB00738,MESH:D006470
DB00763,MESH:D006470
DB00851,MESH:D006470
DB00929,MESH:D006470
DB00987,MESH:D006470
DB01020,MESH:D006470
DB01103,MESH:D006470
DB01165,MESH:D006470
DB01169,MESH:D006470
DB01339,MESH:D006470
DB01394,MESH:D006470
DB01599,MESH:D006470
DB01628,MESH:D006470
DB06209,MESH:D006470
DB00278,MESH:D006471
DB00328,MESH:D006471
DB00338,MESH:D006471
DB00448,MESH:D006471
DB00688,MESH:D006471
DB01060,MESH:D006471
DB01118,MESH:D006471
DB01234,MESH:D006471
DB00531,MESH:D006474
DB00134,MESH:D006501
DB00330,MESH:D006501
DB00421,MESH:D006501
DB00499,MESH:D006501
DB00550,MESH:D006501
DB00564,MESH:D006501
DB00571,MESH:D006501
DB00599,MESH:D006501
DB00860,MESH:D006501
DB00945,MESH:D006501
DB00951,MESH:D006501
DB01174,MESH:D006501
DB01229,MESH:D006501
DB13174,MESH:D006501
DB00977,MESH:D006502
DB00262,MESH:D006504
DB00987,MESH:D006504
DB00997,MESH:D006504
DB01143,MESH:D006504
DB00197,MESH:D006505
DB00316,MESH:D006505
DB00322,MESH:D006505
DB00330,MESH:D006505
DB00358,MESH:D006505
DB00398,MESH:D006505
DB00458,MESH:D006505
DB00469,MESH:D006505
DB00549,MESH:D006505
DB00564,MESH:D006505
DB00625,MESH:D006505
DB00627,MESH:D006505
DB00635,MESH:D006505
DB00656,MESH:D006505
DB00688,MESH:D006505
DB00695,MESH:D006505
DB00727,MESH:D006505
DB00738,MESH:D006505
DB00758,MESH:D006505
DB00884,MESH:D006505
DB00946,MESH:D006505
DB00951,MESH:D006505
DB01028,MESH:D006505
DB01045,MESH:D006505
DB01050,MESH:D006505
DB01074,MESH:D006505
DB01103,MESH:D006505
DB01117,MESH:D006505
DB01151,MESH:D006505
DB01195,MESH:D006505
DB01242,MESH:D006505
DB00426,MESH:D006509
DB00495,MESH:D006509
DB00635,MESH:D006509
DB00477,MESH:D006521
DB00945,MESH:D006521
DB00993,MESH:D006521
DB09130,MESH:D006521
DB00295,MESH:D006526
DB00688,MESH:D006526
DB00811,MESH:D006526
DB02709,MESH:D006526
DB00252,MESH:D006527
DB01593,MESH:D006527
DB00122,MESH:D006528
DB00134,MESH:D006528
DB00162,MESH:D006528
DB00428,MESH:D006528
DB00694,MESH:D006528
DB00720,MESH:D006528
DB00997,MESH:D006528
DB01030,MESH:D006528
DB01222,MESH:D006528
DB02342,MESH:D006528
DB06151,MESH:D006528
DB08995,MESH:D006528
DB11672,MESH:D006528
DB11689,MESH:D006528
DB00118,MESH:D006529
DB00273,MESH:D006529
DB00316,MESH:D006529
DB00321,MESH:D006529
DB00330,MESH:D006529
DB00343,MESH:D006529
DB00412,MESH:D006529
DB00458,MESH:D006529
DB00531,MESH:D006529
DB00584,MESH:D006529
DB00605,MESH:D006529
DB00641,MESH:D006529
DB00649,MESH:D006529
DB00672,MESH:D006529
DB00753,MESH:D006529
DB00818,MESH:D006529
DB00822,MESH:D006529
DB00834,MESH:D006529
DB00900,MESH:D006529
DB00945,MESH:D006529
DB01017,MESH:D006529
DB01118,MESH:D006529
DB01147,MESH:D006529
DB01406,MESH:D006529
DB00718,MESH:D006530
DB00575,MESH:D006556
DB00921,MESH:D006556
DB01452,MESH:D006556
DB00875,MESH:D006561
DB01239,MESH:D006561
DB00350,MESH:D006628
DB00624,MESH:D006628
DB01072,MESH:D006679
DB00262,MESH:D006689
DB00309,MESH:D006689
DB00444,MESH:D006689
DB00570,MESH:D006689
DB00148,MESH:D006816
DB00470,MESH:D006816
DB00640,MESH:D006816
DB01104,MESH:D006816
DB00162,MESH:D006849
DB00201,MESH:D006849
DB00333,MESH:D006849
DB00211,MESH:D006869
DB00264,MESH:D006869
DB00701,MESH:D006869
DB00997,MESH:D006869
DB00428,MESH:D006929
DB00176,MESH:D006930
DB00206,MESH:D006930
DB00295,MESH:D006930
DB00318,MESH:D006930
DB00327,MESH:D006930
DB00368,MESH:D006930
DB00379,MESH:D006930
DB00428,MESH:D006930
DB00465,MESH:D006930
DB00466,MESH:D006930
DB00541,MESH:D006930
DB00555,MESH:D006930
DB00611,MESH:D006930
DB00630,MESH:D006930
DB00649,MESH:D006930
DB00715,MESH:D006930
DB00819,MESH:D006930
DB00844,MESH:D006930
DB00899,MESH:D006930
DB00920,MESH:D006930
DB00929,MESH:D006930
DB00943,MESH:D006930
DB01016,MESH:D006930
DB01064,MESH:D006930
DB01094,MESH:D006930
DB01119,MESH:D006930
DB01173,MESH:D006930
DB01174,MESH:D006930
DB01192,MESH:D006930
DB01616,MESH:D006930
DB06774,MESH:D006930
DB11672,MESH:D006930
DB00322,MESH:D006932
DB00531,MESH:D006932
DB00945,MESH:D006932
DB01083,MESH:D006932
DB01229,MESH:D006932
DB02703,MESH:D006932
DB00282,MESH:D006934
DB00338,MESH:D006934
DB00524,MESH:D006934
DB00608,MESH:D006934
DB00695,MESH:D006934
DB00860,MESH:D006934
DB00880,MESH:D006934
DB00999,MESH:D006934
DB01406,MESH:D006934
DB05260,MESH:D006934
DB00229,MESH:D006935
DB01337,MESH:D006935
DB00091,MESH:D006937
DB00439,MESH:D006937
DB00451,MESH:D006937
DB00559,MESH:D006937
DB00722,MESH:D006937
DB00834,MESH:D006937
DB01098,MESH:D006937
DB01115,MESH:D006937
DB01118,MESH:D006937
DB02709,MESH:D006937
DB06151,MESH:D006937
DB00227,MESH:D006938
DB01039,MESH:D006938
DB00171,MESH:D006940
DB00183,MESH:D006940
DB00201,MESH:D006940
DB00435,MESH:D006940
DB00563,MESH:D006940
DB00819,MESH:D006940
DB00841,MESH:D006940
DB01016,MESH:D006940
DB01023,MESH:D006940
DB01085,MESH:D006940
DB01159,MESH:D006940
DB01392,MESH:D006940
DB00917,MESH:D006941
DB00277,MESH:D006943
DB00313,MESH:D006943
DB00584,MESH:D006943
DB00627,MESH:D006943
DB00692,MESH:D006943
DB00753,MESH:D006943
DB00867,MESH:D006943
DB00966,MESH:D006943
DB01001,MESH:D006943
DB01016,MESH:D006943
DB01120,MESH:D006943
DB01169,MESH:D006943
DB01593,MESH:D006943
DB01708,MESH:D006943
DB01956,MESH:D006943
DB06536,MESH:D006943
DB06774,MESH:D006943
DB09130,MESH:D006943
DB11136,MESH:D006943
DB00542,MESH:D006946
DB00731,MESH:D006946
DB00772,MESH:D006946
DB01001,MESH:D006946
DB01120,MESH:D006946
DB01420,MESH:D006946
DB00343,MESH:D006947
DB00441,MESH:D006947
DB00521,MESH:D006947
DB00541,MESH:D006947
DB00571,MESH:D006947
DB00605,MESH:D006947
DB00661,MESH:D006947
DB00761,MESH:D006947
DB00864,MESH:D006947
DB00993,MESH:D006947
DB01236,MESH:D006947
DB00127,MESH:D006948
DB00158,MESH:D006948
DB00176,MESH:D006948
DB00181,MESH:D006948
DB00277,MESH:D006948
DB00333,MESH:D006948
DB00403,MESH:D006948
DB00404,MESH:D006948
DB00409,MESH:D006948
DB00467,MESH:D006948
DB00502,MESH:D006948
DB00574,MESH:D006948
DB00657,MESH:D006948
DB00661,MESH:D006948
DB00726,MESH:D006948
DB00734,MESH:D006948
DB00745,MESH:D006948
DB00752,MESH:D006948
DB00783,MESH:D006948
DB00792,MESH:D006948
DB00904,MESH:D006948
DB00981,MESH:D006948
DB01063,MESH:D006948
DB01156,MESH:D006948
DB01173,MESH:D006948
DB01174,MESH:D006948
DB01202,MESH:D006948
DB01240,MESH:D006948
DB01454,MESH:D006948
DB01576,MESH:D006948
DB01577,MESH:D006948
DB01592,MESH:D006948
DB03575,MESH:D006948
DB00175,MESH:D006949
DB00313,MESH:D006949
DB00334,MESH:D006949
DB00403,MESH:D006949
DB00503,MESH:D006949
DB00951,MESH:D006949
DB01045,MESH:D006949
DB01065,MESH:D006949
DB01115,MESH:D006949
DB01241,MESH:D006949
DB11672,MESH:D006949
DB00973,MESH:D006950
DB00982,MESH:D006951
DB01039,MESH:D006951
DB01394,MESH:D006955
DB08804,MESH:D006955
DB00910,MESH:D006961
DB01436,MESH:D006962
DB00435,MESH:D006965
DB00437,MESH:D006965
DB00531,MESH:D006965
DB00563,MESH:D006965
DB00605,MESH:D006965
DB00641,MESH:D006965
DB00675,MESH:D006965
DB00741,MESH:D006965
DB00755,MESH:D006965
DB00763,MESH:D006965
DB00783,MESH:D006965
DB00898,MESH:D006965
DB00945,MESH:D006965
DB00996,MESH:D006965
DB02709,MESH:D006965
DB08907,MESH:D006965
DB00246,MESH:D006966
DB00404,MESH:D006966
DB00501,MESH:D006966
DB00589,MESH:D006966
DB00850,MESH:D006966
DB00993,MESH:D006966
DB01233,MESH:D006966
DB01392,MESH:D006966
DB06288,MESH:D006966
DB00341,MESH:D006967
DB00668,MESH:D006967
DB00852,MESH:D006967
DB00945,MESH:D006967
DB01364,MESH:D006967
DB06151,MESH:D006967
DB00812,MESH:D006968
DB06151,MESH:D006968
DB01174,MESH:D006972
DB00184,MESH:D006973
DB00190,MESH:D006973
DB00191,MESH:D006973
DB00195,MESH:D006973
DB00201,MESH:D006973
DB00257,MESH:D006973
DB00280,MESH:D006973
DB00290,MESH:D006973
DB00292,MESH:D006973
DB00297,MESH:D006973
DB00304,MESH:D006973
DB00316,MESH:D006973
DB00357,MESH:D006973
DB00361,MESH:D006973
DB00373,MESH:D006973
DB00396,MESH:D006973
DB00397,MESH:D006973
DB00401,MESH:D006973
DB00421,MESH:D006973
DB00428,MESH:D006973
DB00435,MESH:D006973
DB00451,MESH:D006973
DB00531,MESH:D006973
DB00550,MESH:D006973
DB00570,MESH:D006973
DB00590,MESH:D006973
DB00605,MESH:D006973
DB00606,MESH:D006973
DB00612,MESH:D006973
DB00620,MESH:D006973
DB00640,MESH:D006973
DB00652,MESH:D006973
DB00657,MESH:D006973
DB00661,MESH:D006973
DB00670,MESH:D006973
DB00687,MESH:D006973
DB00709,MESH:D006973
DB00722,MESH:D006973
DB00747,MESH:D006973
DB00790,MESH:D006973
DB00796,MESH:D006973
DB00811,MESH:D006973
DB00813,MESH:D006973
DB00818,MESH:D006973
DB00866,MESH:D006973
DB00899,MESH:D006973
DB00922,MESH:D006973
DB00960,MESH:D006973
DB00993,MESH:D006973
DB01009,MESH:D006973
DB01016,MESH:D006973
DB01026,MESH:D006973
DB01050,MESH:D006973
DB01062,MESH:D006973
DB01090,MESH:D006973
DB01105,MESH:D006973
DB01147,MESH:D006973
DB01154,MESH:D006973
DB01171,MESH:D006973
DB01183,MESH:D006973
DB01186,MESH:D006973
DB01200,MESH:D006973
DB01205,MESH:D006973
DB01244,MESH:D006973
DB01339,MESH:D006973
DB01356,MESH:D006973
DB01396,MESH:D006973
DB01440,MESH:D006973
DB01593,MESH:D006973
DB01626,MESH:D006973
DB01956,MESH:D006973
DB03783,MESH:D006973
DB06148,MESH:D006973
DB06262,MESH:D006973
DB06712,MESH:D006973
DB06789,MESH:D006973
DB11672,MESH:D006973
DB00201,MESH:D006974
DB00421,MESH:D006974
DB00678,MESH:D006974
DB01116,MESH:D006974
DB00162,MESH:D006975
DB00495,MESH:D006975
DB00900,MESH:D006975
DB00993,MESH:D006975
DB00182,MESH:D006976
DB00397,MESH:D006976
DB00412,MESH:D006976
DB00472,MESH:D006976
DB00579,MESH:D006976
DB00652,MESH:D006976
DB00653,MESH:D006976
DB00914,MESH:D006976
DB00975,MESH:D006976
DB01041,MESH:D006976
DB01186,MESH:D006976
DB01214,MESH:D006976
DB00381,MESH:D006977
DB00388,MESH:D006977
DB00598,MESH:D006977
DB00968,MESH:D006977
DB01275,MESH:D006977
DB00570,MESH:D006978
DB00999,MESH:D006978
DB01114,MESH:D006980
DB01356,MESH:D006980
DB02709,MESH:D006980
DB11672,MESH:D006980
DB00350,MESH:D006983
DB00277,MESH:D006984
DB00381,MESH:D006984
DB00396,MESH:D006984
DB00428,MESH:D006984
DB00571,MESH:D006984
DB00624,MESH:D006984
DB01050,MESH:D006984
DB01393,MESH:D006984
DB01580,MESH:D006984
DB00184,MESH:D006985
DB00136,MESH:D006996
DB00282,MESH:D006996
DB00399,MESH:D006996
DB00851,MESH:D006996
DB00945,MESH:D006996
DB01064,MESH:D006996
DB01196,MESH:D006996
DB02703,MESH:D006996
DB00584,MESH:D007003
DB00635,MESH:D007003
DB00672,MESH:D007003
DB00763,MESH:D007003
DB00945,MESH:D007003
DB01016,MESH:D007003
DB01356,MESH:D007003
DB00248,MESH:D007006
DB00621,MESH:D007006
DB00648,MESH:D007006
DB00277,MESH:D007008
DB00412,MESH:D007008
DB00415,MESH:D007008
DB00502,MESH:D007008
DB00563,MESH:D007008
DB00626,MESH:D007008
DB00715,MESH:D007008
DB00808,MESH:D007008
DB00829,MESH:D007008
DB00845,MESH:D007008
DB00860,MESH:D007008
DB00880,MESH:D007008
DB00887,MESH:D007008
DB00908,MESH:D007008
DB00945,MESH:D007008
DB00959,MESH:D007008
DB00981,MESH:D007008
DB00999,MESH:D007008
DB01001,MESH:D007008
DB01061,MESH:D007008
DB01147,MESH:D007008
DB01214,MESH:D007008
DB01221,MESH:D007008
DB14500,MESH:D007008
DB00234,MESH:D007010
DB00285,MESH:D007010
DB00524,MESH:D007010
DB00531,MESH:D007010
DB00541,MESH:D007010
DB00575,MESH:D007010
DB00582,MESH:D007010
DB00741,MESH:D007010
DB00776,MESH:D007010
DB00780,MESH:D007010
DB00864,MESH:D007010
DB00880,MESH:D007010
DB00968,MESH:D007010
DB06700,MESH:D007010
DB00396,MESH:D007018
DB01200,MESH:D007018
DB00431,MESH:D007021
DB01174,MESH:D007021
DB00182,MESH:D007022
DB00184,MESH:D007022
DB00235,MESH:D007022
DB00244,MESH:D007022
DB00260,MESH:D007022
DB00270,MESH:D007022
DB00281,MESH:D007022
DB00318,MESH:D007022
DB00320,MESH:D007022
DB00332,MESH:D007022
DB00382,MESH:D007022
DB00393,MESH:D007022
DB00408,MESH:D007022
DB00409,MESH:D007022
DB00444,MESH:D007022
DB00448,MESH:D007022
DB00466,MESH:D007022
DB00468,MESH:D007022
DB00482,MESH:D007022
DB00495,MESH:D007022
DB00544,MESH:D007022
DB00598,MESH:D007022
DB00611,MESH:D007022
DB00620,MESH:D007022
DB00623,MESH:D007022
DB00629,MESH:D007022
DB00653,MESH:D007022
DB00656,MESH:D007022
DB00661,MESH:D007022
DB00679,MESH:D007022
DB00695,MESH:D007022
DB00722,MESH:D007022
DB00738,MESH:D007022
DB00752,MESH:D007022
DB00755,MESH:D007022
DB00787,MESH:D007022
DB00808,MESH:D007022
DB00822,MESH:D007022
DB00851,MESH:D007022
DB00898,MESH:D007022
DB00903,MESH:D007022
DB00904,MESH:D007022
DB00921,MESH:D007022
DB00945,MESH:D007022
DB00960,MESH:D007022
DB00964,MESH:D007022
DB00997,MESH:D007022
DB01001,MESH:D007022
DB01023,MESH:D007022
DB01029,MESH:D007022
DB01035,MESH:D007022
DB01062,MESH:D007022
DB01076,MESH:D007022
DB01085,MESH:D007022
DB01143,MESH:D007022
DB01151,MESH:D007022
DB01162,MESH:D007022
DB01181,MESH:D007022
DB01195,MESH:D007022
DB01203,MESH:D007022
DB01242,MESH:D007022
DB01956,MESH:D007022
DB04840,MESH:D007022
DB04878,MESH:D007022
DB06196,MESH:D007022
DB06712,MESH:D007022
DB08838,MESH:D007022
DB09244,MESH:D007022
DB13345,MESH:D007022
DB00115,MESH:D007024
DB00211,MESH:D007024
DB00231,MESH:D007024
DB00297,MESH:D007024
DB00318,MESH:D007024
DB00363,MESH:D007024
DB00457,MESH:D007024
DB00584,MESH:D007024
DB00598,MESH:D007024
DB00687,MESH:D007024
DB00695,MESH:D007024
DB00727,MESH:D007024
DB00813,MESH:D007024
DB01118,MESH:D007024
DB01184,MESH:D007024
DB01200,MESH:D007024
DB01224,MESH:D007024
DB01400,MESH:D007024
DB01580,MESH:D007024
DB04844,MESH:D007024
DB12783,MESH:D007024
DB00182,MESH:D007035
DB00184,MESH:D007035
DB00316,MESH:D007035
DB00333,MESH:D007035
DB00391,MESH:D007035
DB00402,MESH:D007035
DB00446,MESH:D007035
DB00466,MESH:D007035
DB00502,MESH:D007035
DB00564,MESH:D007035
DB00599,MESH:D007035
DB00714,MESH:D007035
DB00715,MESH:D007035
DB00829,MESH:D007035
DB00898,MESH:D007035
DB01142,MESH:D007035
DB02709,MESH:D007035
DB06288,MESH:D007035
DB00349,MESH:D007037
DB00445,MESH:D007037
DB00451,MESH:D007037
DB00458,MESH:D007037
DB00763,MESH:D007037
DB00811,MESH:D007037
DB00181,MESH:D007040
DB00162,MESH:D007057
DB00184,MESH:D007154
DB01169,MESH:D007154
DB12965,MESH:D007154
DB00176,MESH:D007172
DB00363,MESH:D007172
DB00428,MESH:D007172
DB00472,MESH:D007172
DB00502,MESH:D007172
DB00543,MESH:D007172
DB00579,MESH:D007172
DB00636,MESH:D007172
DB00706,MESH:D007172
DB00714,MESH:D007172
DB00715,MESH:D007172
DB00794,MESH:D007172
DB00819,MESH:D007172
DB00907,MESH:D007172
DB00925,MESH:D007172
DB01019,MESH:D007172
DB01104,MESH:D007172
DB01170,MESH:D007172
DB01185,MESH:D007172
DB01241,MESH:D007172
DB01242,MESH:D007172
DB00215,MESH:D007174
DB00268,MESH:D007174
DB00321,MESH:D007174
DB00422,MESH:D007174
DB00458,MESH:D007174
DB00714,MESH:D007174
DB00934,MESH:D007174
DB01403,MESH:D007174
DB14509,MESH:D007174
DB00215,MESH:D007177
DB00252,MESH:D007177
DB00357,MESH:D007177
DB00458,MESH:D007177
DB00477,MESH:D007177
DB00531,MESH:D007177
DB00584,MESH:D007177
DB00695,MESH:D007177
DB00915,MESH:D007177
DB01118,MESH:D007177
DB01167,MESH:D007177
DB09462,MESH:D007177
DB00318,MESH:D007232
DB00333,MESH:D007232
DB00540,MESH:D007232
DB00653,MESH:D007232
DB00759,MESH:D007232
DB00945,MESH:D007232
DB01356,MESH:D007232
DB00390,MESH:D007235
DB00394,MESH:D007235
DB00561,MESH:D007235
DB00819,MESH:D007235
DB00953,MESH:D007238
DB01113,MESH:D007238
DB00563,MESH:D007247
DB01200,MESH:D007247
DB06789,MESH:D007247
DB00255,MESH:D007248
DB01168,MESH:D007248
DB02709,MESH:D007248
DB08846,MESH:D007248
DB00126,MESH:D007249
DB00140,MESH:D007249
DB00180,MESH:D007249
DB00186,MESH:D007249
DB00210,MESH:D007249
DB00250,MESH:D007249
DB00284,MESH:D007249
DB00317,MESH:D007249
DB00624,MESH:D007249
DB00636,MESH:D007249
DB00669,MESH:D007249
DB00688,MESH:D007249
DB00755,MESH:D007249
DB00788,MESH:D007249
DB00811,MESH:D007249
DB00988,MESH:D007249
DB00991,MESH:D007249
DB01064,MESH:D007249
DB01065,MESH:D007249
DB01093,MESH:D007249
DB01118,MESH:D007249
DB01132,MESH:D007249
DB01167,MESH:D007249
DB01181,MESH:D007249
DB01200,MESH:D007249
DB01234,MESH:D007249
DB01356,MESH:D007249
DB01593,MESH:D007249
DB03796,MESH:D007249
DB04743,MESH:D007249
DB04864,MESH:D007249
DB05381,MESH:D007249
DB08838,MESH:D007249
DB11672,MESH:D007249
DB00945,MESH:D007251
DB00191,MESH:D007319
DB00250,MESH:D007319
DB00285,MESH:D007319
DB00333,MESH:D007319
DB00476,MESH:D007319
DB00555,MESH:D007319
DB00574,MESH:D007319
DB00625,MESH:D007319
DB00734,MESH:D007319
DB00787,MESH:D007319
DB00829,MESH:D007319
DB00831,MESH:D007319
DB00882,MESH:D007319
DB00897,MESH:D007319
DB01017,MESH:D007319
DB01035,MESH:D007319
DB01191,MESH:D007319
DB01211,MESH:D007319
DB01234,MESH:D007319
DB01238,MESH:D007319
DB01242,MESH:D007319
DB01356,MESH:D007319
DB01589,MESH:D007319
DB04896,MESH:D007319
DB05458,MESH:D007319
DB00166,MESH:D007333
DB00579,MESH:D007333
DB00864,MESH:D007333
DB01105,MESH:D007333
DB01132,MESH:D007333
DB01136,MESH:D007333
DB01234,MESH:D007333
DB01364,MESH:D007333
DB01393,MESH:D007333
DB02709,MESH:D007333
DB03796,MESH:D007333
DB06151,MESH:D007333
DB11136,MESH:D007333
DB00244,MESH:D007410
DB00328,MESH:D007410
DB00542,MESH:D007410
DB00584,MESH:D007410
DB00678,MESH:D007410
DB00722,MESH:D007410
DB00863,MESH:D007410
DB00276,MESH:D007414
DB00328,MESH:D007414
DB00977,MESH:D007414
DB00231,MESH:D007511
DB00264,MESH:D007511
DB00333,MESH:D007511
DB00441,MESH:D007511
DB00570,MESH:D007511
DB00669,MESH:D007511
DB00696,MESH:D007511
DB00746,MESH:D007511
DB00770,MESH:D007511
DB00907,MESH:D007511
DB00922,MESH:D007511
DB01064,MESH:D007511
DB01411,MESH:D007511
DB09130,MESH:D007511
DB09205,MESH:D007511
DB00635,MESH:D007592
DB01059,MESH:D007592
DB00544,MESH:D007634
DB00807,MESH:D007634
DB00892,MESH:D007634
DB00949,MESH:D007669
DB00968,MESH:D007669
DB01072,MESH:D007669
DB01232,MESH:D007669
DB01364,MESH:D007669
DB00116,MESH:D007674
DB00214,MESH:D007674
DB00244,MESH:D007674
DB00250,MESH:D007674
DB00252,MESH:D007674
DB00266,MESH:D007674
DB00328,MESH:D007674
DB00331,MESH:D007674
DB00338,MESH:D007674
DB00412,MESH:D007674
DB00501,MESH:D007674
DB00537,MESH:D007674
DB00541,MESH:D007674
DB00542,MESH:D007674
DB00544,MESH:D007674
DB00586,MESH:D007674
DB00649,MESH:D007674
DB00661,MESH:D007674
DB00678,MESH:D007674
DB00711,MESH:D007674
DB00749,MESH:D007674
DB00787,MESH:D007674
DB00806,MESH:D007674
DB00887,MESH:D007674
DB00904,MESH:D007674
DB00953,MESH:D007674
DB01011,MESH:D007674
DB01016,MESH:D007674
DB01045,MESH:D007674
DB01050,MESH:D007674
DB01053,MESH:D007674
DB01099,MESH:D007674
DB01115,MESH:D007674
DB01143,MESH:D007674
DB01159,MESH:D007674
DB01204,MESH:D007674
DB01211,MESH:D007674
DB01236,MESH:D007674
DB01250,MESH:D007674
DB01330,MESH:D007674
DB01394,MESH:D007674
DB01435,MESH:D007674
DB01598,MESH:D007674
DB01603,MESH:D007674
DB01607,MESH:D007674
DB02709,MESH:D007674
DB03904,MESH:D007674
DB06151,MESH:D007674
DB09069,MESH:D007674
DB13751,MESH:D007674
DB00238,MESH:D007676
DB00542,MESH:D007676
DB00584,MESH:D007676
DB00605,MESH:D007676
DB00694,MESH:D007676
DB00695,MESH:D007676
DB00788,MESH:D007676
DB00876,MESH:D007676
DB01060,MESH:D007676
DB01454,MESH:D007676
DB09130,MESH:D007676
DB00201,MESH:D007680
DB00316,MESH:D007680
DB00398,MESH:D007680
DB00495,MESH:D007680
DB00945,MESH:D007680
DB00970,MESH:D007680
DB00126,MESH:D007683
DB00397,MESH:D007683
DB00428,MESH:D007683
DB00586,MESH:D007683
DB00599,MESH:D007683
DB00787,MESH:D007683
DB00945,MESH:D007683
DB01054,MESH:D007683
DB01083,MESH:D007683
DB01213,MESH:D007683
DB01327,MESH:D007683
DB01438,MESH:D007683
DB03783,MESH:D007683
DB06151,MESH:D007683
DB00443,MESH:D007752
DB00834,MESH:D007752
DB00871,MESH:D007752
DB01233,MESH:D007752
DB00763,MESH:D007805
DB00182,MESH:D007859
DB00255,MESH:D007859
DB00273,MESH:D007859
DB00316,MESH:D007859
DB00321,MESH:D007859
DB00425,MESH:D007859
DB00545,MESH:D007859
DB00572,MESH:D007859
DB00599,MESH:D007859
DB00624,MESH:D007859
DB00674,MESH:D007859
DB00842,MESH:D007859
DB00988,MESH:D007859
DB01011,MESH:D007859
DB01041,MESH:D007859
DB01065,MESH:D007859
DB01174,MESH:D007859
DB01186,MESH:D007859
DB01577,MESH:D007859
DB03575,MESH:D007859
DB06782,MESH:D007859
DB00255,MESH:D007889
DB00590,MESH:D007889
DB00783,MESH:D007889
DB00541,MESH:D007890
DB00970,MESH:D007890
DB01117,MESH:D007896
DB00883,MESH:D007898
DB00608,MESH:D007918
DB00188,MESH:D007938
DB00220,MESH:D007938
DB00276,MESH:D007938
DB00910,MESH:D007938
DB01033,MESH:D007938
DB01229,MESH:D007938
DB11672,MESH:D007938
DB00136,MESH:D007945
DB00635,MESH:D007945
DB01005,MESH:D007945
DB02709,MESH:D007945
DB00619,MESH:D007951
DB01262,MESH:D007951
DB00456,MESH:D007964
DB00755,MESH:D007964
DB00917,MESH:D007964
DB01041,MESH:D007964
DB01069,MESH:D007964
DB01169,MESH:D007964
DB06288,MESH:D007964
DB00116,MESH:D007970
DB00250,MESH:D007970
DB00290,MESH:D007970
DB00316,MESH:D007970
DB00319,MESH:D007970
DB00328,MESH:D007970
DB00361,MESH:D007970
DB00363,MESH:D007970
DB00441,MESH:D007970
DB00502,MESH:D007970
DB00544,MESH:D007970
DB00675,MESH:D007970
DB00694,MESH:D007970
DB00762,MESH:D007970
DB00795,MESH:D007970
DB00945,MESH:D007970
DB01005,MESH:D007970
DB01147,MESH:D007970
DB08844,MESH:D007970
DB14509,MESH:D007970
DB00624,MESH:D007984
DB00635,MESH:D008060
DB00257,MESH:D008064
DB00363,MESH:D008064
DB00420,MESH:D008064
DB00477,MESH:D008064
DB00508,MESH:D008064
DB00571,MESH:D008064
DB00955,MESH:D008064
DB00997,MESH:D008064
DB01242,MESH:D008064
DB01608,MESH:D008064
DB01624,MESH:D008064
DB00649,MESH:D008068
DB00162,MESH:D008103
DB00227,MESH:D008103
DB00244,MESH:D008103
DB00255,MESH:D008103
DB00544,MESH:D008103
DB00698,MESH:D008103
DB00718,MESH:D008103
DB00926,MESH:D008103
DB00997,MESH:D008103
DB01033,MESH:D008103
DB01065,MESH:D008103
DB01097,MESH:D008103
DB01142,MESH:D008103
DB01159,MESH:D008103
DB02709,MESH:D008103
DB09130,MESH:D008103
DB00203,MESH:D008105
DB01045,MESH:D008105
DB01393,MESH:D008105
DB00134,MESH:D008106
DB00201,MESH:D008106
DB00262,MESH:D008106
DB00412,MESH:D008106
DB00492,MESH:D008106
DB00583,MESH:D008106
DB00722,MESH:D008106
DB00790,MESH:D008106
DB00795,MESH:D008106
DB00945,MESH:D008106
DB01039,MESH:D008106
DB01174,MESH:D008106
DB00158,MESH:D008107
DB00182,MESH:D008107
DB00184,MESH:D008107
DB00196,MESH:D008107
DB00228,MESH:D008107
DB00250,MESH:D008107
DB00343,MESH:D008107
DB00541,MESH:D008107
DB00544,MESH:D008107
DB00584,MESH:D008107
DB00586,MESH:D008107
DB00641,MESH:D008107
DB00649,MESH:D008107
DB00685,MESH:D008107
DB00694,MESH:D008107
DB00851,MESH:D008107
DB00917,MESH:D008107
DB01033,MESH:D008107
DB01174,MESH:D008107
DB01394,MESH:D008107
DB04832,MESH:D008107
DB06151,MESH:D008107
DB06774,MESH:D008107
DB11136,MESH:D008107
DB11672,MESH:D008107
DB02709,MESH:D008108
DB00201,MESH:D008113
DB00252,MESH:D008113
DB00255,MESH:D008113
DB00368,MESH:D008113
DB00421,MESH:D008113
DB00431,MESH:D008113
DB00539,MESH:D008113
DB00675,MESH:D008113
DB00717,MESH:D008113
DB00772,MESH:D008113
DB00812,MESH:D008113
DB00977,MESH:D008113
DB00997,MESH:D008113
DB01219,MESH:D008113
DB09130,MESH:D008113
DB00126,MESH:D008114
DB00255,MESH:D008114
DB00316,MESH:D008114
DB00675,MESH:D008114
DB00860,MESH:D008114
DB00977,MESH:D008114
DB01132,MESH:D008114
DB01393,MESH:D008114
DB04839,MESH:D008114
DB06151,MESH:D008114
DB09130,MESH:D008114
DB00196,MESH:D008133
DB00252,MESH:D008133
DB00321,MESH:D008133
DB00333,MESH:D008133
DB00335,MESH:D008133
DB00365,MESH:D008133
DB00390,MESH:D008133
DB00445,MESH:D008133
DB00477,MESH:D008133
DB00537,MESH:D008133
DB00540,MESH:D008133
DB00564,MESH:D008133
DB00572,MESH:D008133
DB00637,MESH:D008133
DB00668,MESH:D008133
DB00694,MESH:D008133
DB00841,MESH:D008133
DB00850,MESH:D008133
DB00933,MESH:D008133
DB00988,MESH:D008133
DB00993,MESH:D008133
DB01035,MESH:D008133
DB01177,MESH:D008133
DB01224,MESH:D008133
DB01242,MESH:D008133
DB01400,MESH:D008133
DB06589,MESH:D008133
DB06782,MESH:D008133
DB08903,MESH:D008133
DB00196,MESH:D008171
DB00262,MESH:D008171
DB00328,MESH:D008171
DB00373,MESH:D008171
DB00599,MESH:D008171
DB00783,MESH:D008171
DB00907,MESH:D008171
DB01001,MESH:D008171
DB01211,MESH:D008171
DB00635,MESH:D008173
DB00863,MESH:D008173
DB00871,MESH:D008173
DB00171,MESH:D008175
DB00242,MESH:D008175
DB00277,MESH:D008175
DB00295,MESH:D008175
DB00445,MESH:D008175
DB00523,MESH:D008175
DB00927,MESH:D008175
DB00951,MESH:D008175
DB04725,MESH:D008175
DB05294,MESH:D008175
DB06774,MESH:D008175
DB11136,MESH:D008175
DB11689,MESH:D008175
DB14001,MESH:D008175
DB00550,MESH:D008180
DB00784,MESH:D008180
DB00795,MESH:D008180
DB00945,MESH:D008180
DB00959,MESH:D008180
DB01045,MESH:D008180
DB01065,MESH:D008180
DB01275,MESH:D008180
DB01611,MESH:D008180
DB00550,MESH:D008181
DB01045,MESH:D008181
DB01234,MESH:D008181
DB00445,MESH:D008223
DB00563,MESH:D008223
DB00943,MESH:D008223
DB00987,MESH:D008223
DB01041,MESH:D008223
DB01168,MESH:D008223
DB00252,MESH:D008228
DB00371,MESH:D008228
DB00445,MESH:D008228
DB00531,MESH:D008228
DB00772,MESH:D008228
DB01168,MESH:D008228
DB02709,MESH:D008228
DB00945,MESH:D008231
DB00993,MESH:D008231
DB05630,MESH:D008231
DB00445,MESH:D008232
DB01073,MESH:D008258
DB00627,MESH:D008269
DB00412,MESH:D008275
DB00997,MESH:D008275
DB00993,MESH:D008286
DB00344,MESH:D008288
DB00468,MESH:D008288
DB00537,MESH:D008288
DB00608,MESH:D008288
DB01219,MESH:D008305
DB00197,MESH:D008325
DB00603,MESH:D008325
DB00720,MESH:D008325
DB00755,MESH:D008325
DB00773,MESH:D008325
DB01100,MESH:D008325
DB01436,MESH:D008325
DB01956,MESH:D008325
DB04938,MESH:D008325
DB00262,MESH:D008527
DB01168,MESH:D008527
DB00166,MESH:D008545
DB00262,MESH:D008545
DB00342,MESH:D008545
DB00398,MESH:D008545
DB00459,MESH:D008545
DB00559,MESH:D008545
DB00848,MESH:D008545
DB01041,MESH:D008545
DB01229,MESH:D008545
DB00227,MESH:D008546
DB00877,MESH:D008546
DB00014,MESH:D008569
DB00132,MESH:D008569
DB00158,MESH:D008569
DB00191,MESH:D008569
DB00215,MESH:D008569
DB00292,MESH:D008569
DB00313,MESH:D008569
DB00321,MESH:D008569
DB00334,MESH:D008569
DB00382,MESH:D008569
DB00545,MESH:D008569
DB00563,MESH:D008569
DB00571,MESH:D008569
DB00635,MESH:D008569
DB00690,MESH:D008569
DB00737,MESH:D008569
DB00741,MESH:D008569
DB00753,MESH:D008569
DB00787,MESH:D008569
DB00822,MESH:D008569
DB01050,MESH:D008569
DB01085,MESH:D008569
DB01169,MESH:D008569
DB01191,MESH:D008569
DB01223,MESH:D008569
DB01367,MESH:D008569
DB01454,MESH:D008569
DB01708,MESH:D008569
DB04841,MESH:D008569
DB06151,MESH:D008569
DB06782,MESH:D008569
DB09130,MESH:D008569
DB14001,MESH:D008569
DB00367,MESH:D008579
DB00605,MESH:D008580
DB00181,MESH:D008581
DB00355,MESH:D008581
DB00359,MESH:D008581
DB00916,MESH:D008581
DB01050,MESH:D008581
DB01200,MESH:D008581
DB00554,MESH:D008582
DB00563,MESH:D008582
DB00795,MESH:D008582
DB01060,MESH:D008582
DB01438,MESH:D008582
DB09555,MESH:D008582
DB00263,MESH:D008590
DB01050,MESH:D008590
DB00564,MESH:D008607
DB00717,MESH:D008641
DB00399,MESH:D008654
DB00642,MESH:D008654
DB00977,MESH:D008654
DB01041,MESH:D008654
DB01118,MESH:D008659
DB06774,MESH:D008659
DB01592,MESH:D008661
DB00250,MESH:D008708
DB00608,MESH:D008708
DB00850,MESH:D008708
DB00564,MESH:D008831
DB00755,MESH:D008831
DB00987,MESH:D008831
DB01041,MESH:D008850
DB00290,MESH:D008881
DB00315,MESH:D008881
DB00316,MESH:D008881
DB00321,MESH:D008881
DB00328,MESH:D008881
DB00335,MESH:D008881
DB00372,MESH:D008881
DB00433,MESH:D008881
DB00570,MESH:D008881
DB00696,MESH:D008881
DB00811,MESH:D008881
DB00864,MESH:D008881
DB00883,MESH:D008881
DB01043,MESH:D008881
DB06153,MESH:D008881
DB14509,MESH:D008881
DB00244,MESH:D008944
DB00325,MESH:D008944
DB00584,MESH:D008944
DB00841,MESH:D008944
DB01080,MESH:D009021
DB00829,MESH:D009056
DB00563,MESH:D009059
DB00722,MESH:D009059
DB01229,MESH:D009062
DB11672,MESH:D009062
DB00091,MESH:D009069
DB00136,MESH:D009069
DB00252,MESH:D009069
DB00295,MESH:D009069
DB00397,MESH:D009069
DB00422,MESH:D009069
DB00501,MESH:D009069
DB00533,MESH:D009069
DB00564,MESH:D009069
DB00568,MESH:D009069
DB00575,MESH:D009069
DB00584,MESH:D009069
DB00613,MESH:D009069
DB00674,MESH:D009069
DB00679,MESH:D009069
DB00740,MESH:D009069
DB00804,MESH:D009069
DB00829,MESH:D009069
DB00962,MESH:D009069
DB00970,MESH:D009069
DB00996,MESH:D009069
DB00997,MESH:D009069
DB01065,MESH:D009069
DB01100,MESH:D009069
DB01104,MESH:D009069
DB01183,MESH:D009069
DB01202,MESH:D009069
DB01235,MESH:D009069
DB01242,MESH:D009069
DB01394,MESH:D009069
DB04942,MESH:D009069
DB00400,MESH:D009080
DB00282,MESH:D009101
DB00480,MESH:D009101
DB00531,MESH:D009101
DB00563,MESH:D009101
DB00860,MESH:D009101
DB00987,MESH:D009101
DB01095,MESH:D009101
DB01138,MESH:D009101
DB01211,MESH:D009101
DB04960,MESH:D009101
DB00586,MESH:D009102
DB00698,MESH:D009102
DB00773,MESH:D009102
DB00907,MESH:D009102
DB00435,MESH:D009103
DB00635,MESH:D009103
DB00915,MESH:D009103
DB00252,MESH:D009122
DB00334,MESH:D009122
DB00502,MESH:D009122
DB00584,MESH:D009122
DB00834,MESH:D009122
DB00563,MESH:D009123
DB00829,MESH:D009123
DB01183,MESH:D009123
DB09130,MESH:D009123
DB00193,MESH:D009127
DB00285,MESH:D009127
DB00292,MESH:D009127
DB00296,MESH:D009127
DB00334,MESH:D009127
DB00457,MESH:D009127
DB00543,MESH:D009127
DB00575,MESH:D009127
DB00585,MESH:D009127
DB00714,MESH:D009127
DB00752,MESH:D009127
DB00818,MESH:D009127
DB00831,MESH:D009127
DB00850,MESH:D009127
DB00904,MESH:D009127
DB00907,MESH:D009127
DB01075,MESH:D009127
DB01186,MESH:D009127
DB01221,MESH:D009127
DB01626,MESH:D009127
DB06335,MESH:D009127
DB00252,MESH:D009128
DB00697,MESH:D009128
DB01043,MESH:D009128
DB01337,MESH:D009128
DB00244,MESH:D009133
DB00608,MESH:D009133
DB00624,MESH:D009133
DB00834,MESH:D009133
DB00860,MESH:D009133
DB01234,MESH:D009133
DB01394,MESH:D009133
DB00007,MESH:D009135
DB00119,MESH:D009135
DB00153,MESH:D009135
DB00175,MESH:D009135
DB00202,MESH:D009135
DB00215,MESH:D009135
DB00220,MESH:D009135
DB00309,MESH:D009135
DB00388,MESH:D009135
DB00394,MESH:D009135
DB00446,MESH:D009135
DB00459,MESH:D009135
DB00531,MESH:D009135
DB00571,MESH:D009135
DB00586,MESH:D009135
DB00598,MESH:D009135
DB00608,MESH:D009135
DB00623,MESH:D009135
DB00677,MESH:D009135
DB00721,MESH:D009135
DB00778,MESH:D009135
DB00926,MESH:D009135
DB01076,MESH:D009135
DB01095,MESH:D009135
DB01195,MESH:D009135
DB01216,MESH:D009135
DB01234,MESH:D009135
DB01380,MESH:D009135
DB01400,MESH:D009135
DB01611,MESH:D009135
DB05381,MESH:D009135
DB09121,MESH:D009135
DB14509,MESH:D009135
DB00201,MESH:D009139
DB00531,MESH:D009139
DB00503,MESH:D009157
DB00641,MESH:D009157
DB00661,MESH:D009157
DB00688,MESH:D009157
DB00860,MESH:D009157
DB00907,MESH:D009157
DB01068,MESH:D009157
DB01224,MESH:D009157
DB00503,MESH:D009164
DB01083,MESH:D009164
DB01624,MESH:D009175
DB00313,MESH:D009190
DB00480,MESH:D009190
DB00495,MESH:D009190
DB01204,MESH:D009190
DB01234,MESH:D009190
DB00152,MESH:D009202
DB00162,MESH:D009202
DB00390,MESH:D009202
DB00397,MESH:D009202
DB00421,MESH:D009202
DB00435,MESH:D009202
DB00445,MESH:D009202
DB00457,MESH:D009202
DB00541,MESH:D009202
DB00571,MESH:D009202
DB00574,MESH:D009202
DB00583,MESH:D009202
DB00763,MESH:D009202
DB00829,MESH:D009202
DB00841,MESH:D009202
DB00871,MESH:D009202
DB00928,MESH:D009202
DB01065,MESH:D009202
DB01219,MESH:D009202
DB01229,MESH:D009202
DB01356,MESH:D009202
DB01592,MESH:D009202
DB08836,MESH:D009202
DB09212,MESH:D009202
DB00007,MESH:D009203
DB00126,MESH:D009203
DB00182,MESH:D009203
DB00199,MESH:D009203
DB00201,MESH:D009203
DB00215,MESH:D009203
DB00297,MESH:D009203
DB00302,MESH:D009203
DB00320,MESH:D009203
DB00331,MESH:D009203
DB00353,MESH:D009203
DB00368,MESH:D009203
DB00397,MESH:D009203
DB00401,MESH:D009203
DB00412,MESH:D009203
DB00441,MESH:D009203
DB00445,MESH:D009203
DB00572,MESH:D009203
DB00627,MESH:D009203
DB00636,MESH:D009203
DB00668,MESH:D009203
DB00675,MESH:D009203
DB00678,MESH:D009203
DB00682,MESH:D009203
DB00692,MESH:D009203
DB00790,MESH:D009203
DB00827,MESH:D009203
DB00841,MESH:D009203
DB00882,MESH:D009203
DB00900,MESH:D009203
DB00966,MESH:D009203
DB01020,MESH:D009203
DB01064,MESH:D009203
DB01082,MESH:D009203
DB01098,MESH:D009203
DB01319,MESH:D009203
DB01331,MESH:D009203
DB01407,MESH:D009203
DB01592,MESH:D009203
DB01956,MESH:D009203
DB02709,MESH:D009203
DB04576,MESH:D009203
DB09270,MESH:D009203
DB00182,MESH:D009205
DB00431,MESH:D009205
DB00495,MESH:D009205
DB00624,MESH:D009205
DB00712,MESH:D009205
DB00841,MESH:D009205
DB00863,MESH:D009205
DB00922,MESH:D009205
DB00988,MESH:D009205
DB01017,MESH:D009205
DB01035,MESH:D009205
DB11672,MESH:D009205
DB00333,MESH:D009212
DB00513,MESH:D009212
DB00636,MESH:D009212
DB00830,MESH:D009212
DB00850,MESH:D009212
DB00197,MESH:D009220
DB00389,MESH:D009220
DB00396,MESH:D009220
DB00550,MESH:D009220
DB00921,MESH:D009220
DB01035,MESH:D009220
DB00202,MESH:D009222
DB01005,MESH:D009260
DB00295,MESH:D009290
DB00780,MESH:D009290
DB00656,MESH:D009293
DB00734,MESH:D009293
DB00818,MESH:D009293
DB01392,MESH:D009293
DB01433,MESH:D009293
DB00091,MESH:D009325
DB00148,MESH:D009325
DB00162,MESH:D009325
DB00206,MESH:D009325
DB00215,MESH:D009325
DB00220,MESH:D009325
DB00244,MESH:D009325
DB00245,MESH:D009325
DB00281,MESH:D009325
DB00313,MESH:D009325
DB00328,MESH:D009325
DB00331,MESH:D009325
DB00343,MESH:D009325
DB00363,MESH:D009325
DB00367,MESH:D009325
DB00441,MESH:D009325
DB00457,MESH:D009325
DB00470,MESH:D009325
DB00487,MESH:D009325
DB00518,MESH:D009325
DB00529,MESH:D009325
DB00541,MESH:D009325
DB00579,MESH:D009325
DB00598,MESH:D009325
DB00599,MESH:D009325
DB00623,MESH:D009325
DB00627,MESH:D009325
DB00649,MESH:D009325
DB00652,MESH:D009325
DB00679,MESH:D009325
DB00688,MESH:D009325
DB00698,MESH:D009325
DB00703,MESH:D009325
DB00709,MESH:D009325
DB00755,MESH:D009325
DB00787,MESH:D009325
DB00819,MESH:D009325
DB00830,MESH:D009325
DB00841,MESH:D009325
DB00889,MESH:D009325
DB00899,MESH:D009325
DB00907,MESH:D009325
DB00928,MESH:D009325
DB00967,MESH:D009325
DB00982,MESH:D009325
DB01005,MESH:D009325
DB01033,MESH:D009325
DB01050,MESH:D009325
DB01059,MESH:D009325
DB01076,MESH:D009325
DB01095,MESH:D009325
DB01141,MESH:D009325
DB01147,MESH:D009325
DB01166,MESH:D009325
DB01212,MESH:D009325
DB01219,MESH:D009325
DB01235,MESH:D009325
DB01238,MESH:D009325
DB01340,MESH:D009325
DB01392,MESH:D009325
DB01406,MESH:D009325
DB01421,MESH:D009325
DB01452,MESH:D009325
DB01628,MESH:D009325
DB01656,MESH:D009325
DB06230,MESH:D009325
DB00067,MESH:D009336
DB00165,MESH:D009336
DB00238,MESH:D009336
DB00247,MESH:D009336
DB00279,MESH:D009336
DB00281,MESH:D009336
DB00297,MESH:D009336
DB00302,MESH:D009336
DB00313,MESH:D009336
DB00334,MESH:D009336
DB00350,MESH:D009336
DB00368,MESH:D009336
DB00376,MESH:D009336
DB00399,MESH:D009336
DB00404,MESH:D009336
DB00435,MESH:D009336
DB00439,MESH:D009336
DB00441,MESH:D009336
DB00443,MESH:D009336
DB00451,MESH:D009336
DB00458,MESH:D009336
DB00482,MESH:D009336
DB00544,MESH:D009336
DB00571,MESH:D009336
DB00586,MESH:D009336
DB00605,MESH:D009336
DB00630,MESH:D009336
DB00678,MESH:D009336
DB00685,MESH:D009336
DB00688,MESH:D009336
DB00692,MESH:D009336
DB00746,MESH:D009336
DB00762,MESH:D009336
DB00808,MESH:D009336
DB00831,MESH:D009336
DB00836,MESH:D009336
DB00945,MESH:D009336
DB01032,MESH:D009336
DB01092,MESH:D009336
DB01094,MESH:D009336
DB01132,MESH:D009336
DB01204,MESH:D009336
DB01232,MESH:D009336
DB01236,MESH:D009336
DB01248,MESH:D009336
DB01261,MESH:D009336
DB01356,MESH:D009336
DB01393,MESH:D009336
DB01394,MESH:D009336
DB01586,MESH:D009336
DB03783,MESH:D009336
DB09131,MESH:D009336
DB09270,MESH:D009336
DB00184,MESH:D009361
DB00338,MESH:D009361
DB00368,MESH:D009361
DB00398,MESH:D009361
DB00445,MESH:D009361
DB00482,MESH:D009361
DB00877,MESH:D009361
DB00227,MESH:D009362
DB00331,MESH:D009362
DB00398,MESH:D009362
DB00441,MESH:D009362
DB00564,MESH:D009362
DB00570,MESH:D009362
DB00675,MESH:D009362
DB00720,MESH:D009362
DB00847,MESH:D009362
DB00851,MESH:D009362
DB00927,MESH:D009362
DB00987,MESH:D009362
DB08818,MESH:D009362
DB00441,MESH:D009364
DB00115,MESH:D009369
DB00152,MESH:D009369
DB00182,MESH:D009369
DB00255,MESH:D009369
DB00313,MESH:D009369
DB00428,MESH:D009369
DB00458,MESH:D009369
DB00482,MESH:D009369
DB00554,MESH:D009369
DB00987,MESH:D009369
DB01101,MESH:D009369
DB01181,MESH:D009369
DB01235,MESH:D009369
DB01240,MESH:D009369
DB01373,MESH:D009369
DB01592,MESH:D009369
DB06774,MESH:D009369
DB06819,MESH:D009369
DB14533,MESH:D009369
DB01181,MESH:D009373
DB00188,MESH:D009374
DB00203,MESH:D009374
DB00309,MESH:D009374
DB00399,MESH:D009374
DB00441,MESH:D009374
DB00472,MESH:D009374
DB00675,MESH:D009374
DB00987,MESH:D009374
DB00997,MESH:D009374
DB01017,MESH:D009374
DB01050,MESH:D009374
DB01169,MESH:D009374
DB01204,MESH:D009374
DB01254,MESH:D009374
DB02709,MESH:D009374
DB08865,MESH:D009374
DB00361,MESH:D009376
DB01217,MESH:D009376
DB00398,MESH:D009389
DB00641,MESH:D009389
DB00822,MESH:D009389
DB01041,MESH:D009389
DB00316,MESH:D009393
DB00554,MESH:D009393
DB00584,MESH:D009393
DB00698,MESH:D009393
DB00788,MESH:D009393
DB00091,MESH:D009395
DB00201,MESH:D009395
DB00208,MESH:D009395
DB00252,MESH:D009395
DB00301,MESH:D009395
DB00313,MESH:D009395
DB00328,MESH:D009395
DB00384,MESH:D009395
DB00389,MESH:D009395
DB00448,MESH:D009395
DB00498,MESH:D009395
DB00500,MESH:D009395
DB00529,MESH:D009395
DB00578,MESH:D009395
DB00641,MESH:D009395
DB00776,MESH:D009395
DB00795,MESH:D009395
DB00833,MESH:D009395
DB00907,MESH:D009395
DB00927,MESH:D009395
DB00993,MESH:D009395
DB00999,MESH:D009395
DB01072,MESH:D009395
DB01330,MESH:D009395
DB01331,MESH:D009395
DB01393,MESH:D009395
DB01579,MESH:D009395
DB14509,MESH:D009395
DB00564,MESH:D009396
DB00755,MESH:D009396
DB00136,MESH:D009397
DB00224,MESH:D009397
DB01373,MESH:D009397
DB00608,MESH:D009400
DB00997,MESH:D009400
DB00722,MESH:D009401
DB00755,MESH:D009401
DB00975,MESH:D009401
DB01124,MESH:D009401
DB00584,MESH:D009402
DB00586,MESH:D009402
DB00860,MESH:D009402
DB00244,MESH:D009404
DB00252,MESH:D009404
DB00282,MESH:D009404
DB00400,MESH:D009404
DB00542,MESH:D009404
DB00678,MESH:D009404
DB00763,MESH:D009404
DB00877,MESH:D009404
DB00898,MESH:D009404
DB00993,MESH:D009404
DB01045,MESH:D009404
DB01076,MESH:D009404
DB01118,MESH:D009404
DB01356,MESH:D009404
DB00166,MESH:D009410
DB00182,MESH:D009410
DB00193,MESH:D009410
DB00205,MESH:D009410
DB00281,MESH:D009410
DB00560,MESH:D009410
DB00599,MESH:D009410
DB00740,MESH:D009410
DB00752,MESH:D009410
DB00756,MESH:D009410
DB01043,MESH:D009410
DB01059,MESH:D009410
DB01085,MESH:D009410
DB01132,MESH:D009410
DB01151,MESH:D009410
DB01221,MESH:D009410
DB04930,MESH:D009410
DB05458,MESH:D009410
DB06774,MESH:D009410
DB09131,MESH:D009410
DB09270,MESH:D009410
DB12965,MESH:D009410
DB00184,MESH:D009421
DB00523,MESH:D009421
DB00929,MESH:D009421
DB00115,MESH:D009422
DB00182,MESH:D009422
DB00277,MESH:D009422
DB00330,MESH:D009422
DB00334,MESH:D009422
DB00438,MESH:D009422
DB00446,MESH:D009422
DB00499,MESH:D009422
DB00503,MESH:D009422
DB00537,MESH:D009422
DB00563,MESH:D009422
DB00574,MESH:D009422
DB00608,MESH:D009422
DB00668,MESH:D009422
DB00773,MESH:D009422
DB00784,MESH:D009422
DB00787,MESH:D009422
DB00836,MESH:D009422
DB00907,MESH:D009422
DB00916,MESH:D009422
DB00951,MESH:D009422
DB00970,MESH:D009422
DB01039,MESH:D009422
DB01041,MESH:D009422
DB01065,MESH:D009422
DB01115,MESH:D009422
DB01161,MESH:D009422
DB01174,MESH:D009422
DB01235,MESH:D009422
DB01380,MESH:D009422
DB00169,MESH:D009436
DB00184,MESH:D009436
DB00201,MESH:D009436
DB00321,MESH:D009436
DB00502,MESH:D009436
DB00564,MESH:D009436
DB00898,MESH:D009436
DB01174,MESH:D009436
DB00193,MESH:D009437
DB00230,MESH:D009437
DB00273,MESH:D009437
DB00297,MESH:D009437
DB00555,MESH:D009437
DB00586,MESH:D009437
DB00787,MESH:D009437
DB00909,MESH:D009437
DB01026,MESH:D009437
DB00309,MESH:D009447
DB00531,MESH:D009447
DB08865,MESH:D009447
DB00446,MESH:D009461
DB00677,MESH:D009461
DB00776,MESH:D009461
DB00900,MESH:D009461
DB00915,MESH:D009461
DB00981,MESH:D009461
DB01060,MESH:D009461
DB01142,MESH:D009461
DB01233,MESH:D009461
DB01234,MESH:D009461
DB01373,MESH:D009461
DB01426,MESH:D009461
DB05088,MESH:D009461
DB00252,MESH:D009468
DB00468,MESH:D009468
DB00501,MESH:D009468
DB00541,MESH:D009468
DB00652,MESH:D009468
DB01035,MESH:D009468
DB00293,MESH:D009503
DB00301,MESH:D009503
DB00319,MESH:D009503
DB00468,MESH:D009503
DB00495,MESH:D009503
DB00503,MESH:D009503
DB00544,MESH:D009503
DB00694,MESH:D009503
DB00703,MESH:D009503
DB00734,MESH:D009503
DB00851,MESH:D009503
DB01004,MESH:D009503
DB01017,MESH:D009503
DB01060,MESH:D009503
DB01143,MESH:D009503
DB01181,MESH:D009503
DB01206,MESH:D009503
DB01212,MESH:D009503
DB01406,MESH:D009503
DB04942,MESH:D009503
DB06209,MESH:D009503
DB00157,MESH:D009765
DB00176,MESH:D009765
DB00428,MESH:D009765
DB00734,MESH:D009765
DB00741,MESH:D009765
DB00860,MESH:D009765
DB01083,MESH:D009765
DB01579,MESH:D009765
DB06155,MESH:D009765
DB09121,MESH:D009765
DB00191,MESH:D009771
DB00215,MESH:D009771
DB00370,MESH:D009771
DB00669,MESH:D009771
DB01068,MESH:D009771
DB01242,MESH:D009771
DB01356,MESH:D009771
DB04844,MESH:D009771
DB00431,MESH:D009784
DB00343,MESH:D009798
DB00443,MESH:D009798
DB00484,MESH:D009798
DB00591,MESH:D009798
DB00620,MESH:D009798
DB00809,MESH:D009798
DB01085,MESH:D009798
DB01210,MESH:D009798
DB00122,MESH:D009845
DB00734,MESH:D009845
DB01112,MESH:D009845
DB01234,MESH:D009845
DB04930,MESH:D009845
DB13944,MESH:D009845
DB00328,MESH:D009846
DB00333,MESH:D009846
DB00531,MESH:D009846
DB00584,MESH:D009846
DB00586,MESH:D009846
DB00647,MESH:D009846
DB00812,MESH:D009846
DB00833,MESH:D009846
DB00863,MESH:D009846
DB00165,MESH:D009886
DB00626,MESH:D009886
DB00907,MESH:D009886
DB00959,MESH:D009886
DB00477,MESH:D009896
DB00541,MESH:D009896
DB00563,MESH:D009896
DB00158,MESH:D009901
DB00468,MESH:D009901
DB00746,MESH:D009901
DB00907,MESH:D009901
DB01577,MESH:D009901
DB14509,MESH:D009901
DB00635,MESH:D009902
DB00951,MESH:D009902
DB01118,MESH:D009902
DB01168,MESH:D009902
DB00328,MESH:D010003
DB00469,MESH:D010003
DB00500,MESH:D010003
DB00554,MESH:D010003
DB00749,MESH:D010003
DB00812,MESH:D010003
DB01050,MESH:D010003
DB00282,MESH:D010014
DB01248,MESH:D010014
DB00300,MESH:D010024
DB00635,MESH:D010024
DB00898,MESH:D010024
DB01296,MESH:D010024
DB01436,MESH:D010024
DB09070,MESH:D010024
DB01618,MESH:D010049
DB06710,MESH:D010049
DB00091,MESH:D010051
DB00188,MESH:D010051
DB00361,MESH:D010051
DB00441,MESH:D010051
DB00704,MESH:D010051
DB00755,MESH:D010051
DB00762,MESH:D010051
DB01041,MESH:D010051
DB00148,MESH:D010146
DB00162,MESH:D010146
DB00176,MESH:D010146
DB00182,MESH:D010146
DB00188,MESH:D010146
DB00193,MESH:D010146
DB00224,MESH:D010146
DB00255,MESH:D010146
DB00262,MESH:D010146
DB00280,MESH:D010146
DB00292,MESH:D010146
DB00318,MESH:D010146
DB00373,MESH:D010146
DB00403,MESH:D010146
DB00415,MESH:D010146
DB00435,MESH:D010146
DB00441,MESH:D010146
DB00445,MESH:D010146
DB00458,MESH:D010146
DB00468,MESH:D010146
DB00470,MESH:D010146
DB00495,MESH:D010146
DB00497,MESH:D010146
DB00500,MESH:D010146
DB00544,MESH:D010146
DB00563,MESH:D010146
DB00564,MESH:D010146
DB00578,MESH:D010146
DB00636,MESH:D010146
DB00652,MESH:D010146
DB00669,MESH:D010146
DB00692,MESH:D010146
DB00695,MESH:D010146
DB00709,MESH:D010146
DB00732,MESH:D010146
DB00749,MESH:D010146
DB00755,MESH:D010146
DB00788,MESH:D010146
DB00812,MESH:D010146
DB00822,MESH:D010146
DB00883,MESH:D010146
DB00887,MESH:D010146
DB00899,MESH:D010146
DB00916,MESH:D010146
DB00918,MESH:D010146
DB00975,MESH:D010146
DB01085,MESH:D010146
DB01114,MESH:D010146
DB01169,MESH:D010146
DB01170,MESH:D010146
DB01174,MESH:D010146
DB01234,MESH:D010146
DB01240,MESH:D010146
DB01242,MESH:D010146
DB01273,MESH:D010146
DB01280,MESH:D010146
DB01283,MESH:D010146
DB01296,MESH:D010146
DB01356,MESH:D010146
DB01406,MESH:D010146
DB01497,MESH:D010146
DB01892,MESH:D010146
DB04953,MESH:D010146
DB05381,MESH:D010146
DB06283,MESH:D010146
DB14001,MESH:D010146
DB00091,MESH:D010148
DB00864,MESH:D010148
DB00126,MESH:D010149
DB00296,MESH:D010149
DB00318,MESH:D010149
DB00388,MESH:D010149
DB00514,MESH:D010149
DB00708,MESH:D010149
DB00732,MESH:D010149
DB00813,MESH:D010149
DB00819,MESH:D010149
DB00844,MESH:D010149
DB00921,MESH:D010149
DB00964,MESH:D010149
DB01002,MESH:D010149
DB01192,MESH:D010149
DB01221,MESH:D010149
DB04817,MESH:D010149
DB05381,MESH:D010149
DB00222,MESH:D010182
DB00738,MESH:D010182
DB01393,MESH:D010182
DB00227,MESH:D010190
DB00441,MESH:D010190
DB00482,MESH:D010190
DB00584,MESH:D010190
DB00773,MESH:D010190
DB00997,MESH:D010190
DB01181,MESH:D010190
DB01206,MESH:D010190
DB02342,MESH:D010190
DB08895,MESH:D010190
DB00122,MESH:D010195
DB00238,MESH:D010195
DB00328,MESH:D010195
DB00503,MESH:D010195
DB00649,MESH:D010195
DB00795,MESH:D010195
DB00864,MESH:D010195
DB00907,MESH:D010195
DB01065,MESH:D010195
DB01164,MESH:D010195
DB01248,MESH:D010195
DB01406,MESH:D010195
DB01586,MESH:D010195
DB00115,MESH:D010198
DB00220,MESH:D010198
DB00361,MESH:D010198
DB00437,MESH:D010198
DB00495,MESH:D010198
DB00531,MESH:D010198
DB00564,MESH:D010198
DB00605,MESH:D010198
DB00647,MESH:D010198
DB00819,MESH:D010198
DB04743,MESH:D010212
DB09096,MESH:D010212
DB00309,MESH:D010243
DB00668,MESH:D010243
DB00674,MESH:D010243
DB00677,MESH:D010243
DB00682,MESH:D010243
DB00694,MESH:D010243
DB00711,MESH:D010243
DB00728,MESH:D010243
DB00750,MESH:D010243
DB00819,MESH:D010243
DB00898,MESH:D010243
DB00997,MESH:D010243
DB01161,MESH:D010243
DB01339,MESH:D010243
DB09130,MESH:D010243
DB11431,MESH:D010243
DB14500,MESH:D010243
DB00182,MESH:D010259
DB00295,MESH:D010259
DB00334,MESH:D010259
DB00376,MESH:D010259
DB00477,MESH:D010259
DB00501,MESH:D010259
DB00674,MESH:D010259
DB00755,MESH:D010259
DB00907,MESH:D010259
DB01026,MESH:D010259
DB01069,MESH:D010259
DB01183,MESH:D010259
DB01211,MESH:D010259
DB01224,MESH:D010259
DB01229,MESH:D010259
DB00182,MESH:D010291
DB00184,MESH:D010291
DB00281,MESH:D010291
DB00349,MESH:D010291
DB00363,MESH:D010291
DB00598,MESH:D010291
DB00657,MESH:D010291
DB00795,MESH:D010291
DB00813,MESH:D010291
DB00907,MESH:D010291
DB01113,MESH:D010291
DB00165,MESH:D010292
DB00231,MESH:D010292
DB00252,MESH:D010292
DB00400,MESH:D010292
DB00448,MESH:D010292
DB00490,MESH:D010292
DB00653,MESH:D010292
DB00695,MESH:D010292
DB00750,MESH:D010292
DB00795,MESH:D010292
DB00907,MESH:D010292
DB00916,MESH:D010292
DB00951,MESH:D010292
DB00959,MESH:D010292
DB01041,MESH:D010292
DB01056,MESH:D010292
DB01093,MESH:D010292
DB01167,MESH:D010292
DB01183,MESH:D010292
DB01234,MESH:D010292
DB01577,MESH:D010292
DB06774,MESH:D010292
DB00190,MESH:D010300
DB00248,MESH:D010300
DB00370,MESH:D010300
DB00387,MESH:D010300
DB00568,MESH:D010300
DB00624,MESH:D010300
DB00806,MESH:D010300
DB00909,MESH:D010300
DB00915,MESH:D010300
DB00968,MESH:D010300
DB01184,MESH:D010300
DB01224,MESH:D010300
DB14509,MESH:D010300
DB00184,MESH:D010302
DB00472,MESH:D010302
DB00477,MESH:D010302
DB00490,MESH:D010302
DB00501,MESH:D010302
DB00540,MESH:D010302
DB00564,MESH:D010302
DB00604,MESH:D010302
DB00679,MESH:D010302
DB00734,MESH:D010302
DB00829,MESH:D010302
DB00915,MESH:D010302
DB01017,MESH:D010302
DB01118,MESH:D010302
DB06148,MESH:D010302
DB06335,MESH:D010302
DB14509,MESH:D010302
DB00688,MESH:D010391
DB00635,MESH:D010392
DB00472,MESH:D010409
DB00575,MESH:D010409
DB09555,MESH:D010409
DB00203,MESH:D010411
DB00213,MESH:D010437
DB00421,MESH:D010437
DB00448,MESH:D010437
DB00482,MESH:D010437
DB00927,MESH:D010437
DB00244,MESH:D010490
DB00266,MESH:D010490
DB00350,MESH:D010490
DB00363,MESH:D010490
DB00502,MESH:D010490
DB00531,MESH:D010490
DB00995,MESH:D010490
DB00412,MESH:D010518
DB00188,MESH:D010523
DB00220,MESH:D010523
DB00250,MESH:D010523
DB00428,MESH:D010523
DB00443,MESH:D010523
DB00444,MESH:D010523
DB00480,MESH:D010523
DB00531,MESH:D010523
DB00564,MESH:D010523
DB00570,MESH:D010523
DB00583,MESH:D010523
DB00584,MESH:D010523
DB00625,MESH:D010523
DB00641,MESH:D010523
DB00649,MESH:D010523
DB00773,MESH:D010523
DB00780,MESH:D010523
DB00795,MESH:D010523
DB00829,MESH:D010523
DB00860,MESH:D010523
DB00915,MESH:D010523
DB01097,MESH:D010523
DB01234,MESH:D010523
DB01242,MESH:D010523
DB01248,MESH:D010523
DB01339,MESH:D010523
DB06774,MESH:D010523
DB00446,MESH:D010538
DB00537,MESH:D010538
DB00753,MESH:D010538
DB00916,MESH:D010538
DB00921,MESH:D010538
DB00181,MESH:D010554
DB00281,MESH:D010554
DB00472,MESH:D010554
DB00656,MESH:D010554
DB00714,MESH:D010554
DB00981,MESH:D010554
DB01068,MESH:D010554
DB01100,MESH:D010554
DB01200,MESH:D010554
DB01222,MESH:D010554
DB01235,MESH:D010554
DB01396,MESH:D010554
DB00313,MESH:D010673
DB00925,MESH:D010673
DB00715,MESH:D010698
DB00934,MESH:D010698
DB01005,MESH:D010859
DB01234,MESH:D010899
DB01234,MESH:D010900
DB00248,MESH:D010911
DB00882,MESH:D010911
DB02709,MESH:D010911
DB00122,MESH:D010922
DB06756,MESH:D010922
DB00262,MESH:D010996
DB00563,MESH:D010996
DB00882,MESH:D010996
DB01118,MESH:D010996
DB01167,MESH:D010996
DB01169,MESH:D010996
DB01200,MESH:D010998
DB00759,MESH:D011008
DB01211,MESH:D011008
DB00250,MESH:D011014
DB00285,MESH:D011014
DB00319,MESH:D011014
DB00412,MESH:D011014
DB00438,MESH:D011014
DB00467,MESH:D011014
DB00578,MESH:D011014
DB00627,MESH:D011014
DB01017,MESH:D011014
DB01118,MESH:D011014
DB01141,MESH:D011014
DB01151,MESH:D011014
DB01165,MESH:D011014
DB01248,MESH:D011014
DB01592,MESH:D011014
DB00829,MESH:D011015
DB01069,MESH:D011015
DB01053,MESH:D011018
DB00197,MESH:D011085
DB00331,MESH:D011085
DB00396,MESH:D011085
DB01083,MESH:D011085
DB00184,MESH:D011086
DB00115,MESH:D011115
DB00244,MESH:D011115
DB00358,MESH:D011115
DB00431,MESH:D011115
DB00459,MESH:D011115
DB00541,MESH:D011115
DB00545,MESH:D011115
DB00641,MESH:D011115
DB00698,MESH:D011115
DB00795,MESH:D011115
DB00917,MESH:D011125
DB00201,MESH:D011141
DB00252,MESH:D011141
DB00428,MESH:D011141
DB00564,MESH:D011141
DB00618,MESH:D011141
DB00661,MESH:D011141
DB00927,MESH:D011141
DB00997,MESH:D011141
DB01009,MESH:D011141
DB00395,MESH:D011164
DB00115,MESH:D011183
DB00148,MESH:D011183
DB00186,MESH:D011183
DB00313,MESH:D011183
DB00394,MESH:D011183
DB00450,MESH:D011183
DB00575,MESH:D011183
DB00584,MESH:D011183
DB00607,MESH:D011183
DB00633,MESH:D011183
DB00727,MESH:D011183
DB00750,MESH:D011183
DB00813,MESH:D011183
DB00818,MESH:D011183
DB00829,MESH:D011183
DB00997,MESH:D011183
DB01017,MESH:D011183
DB01113,MESH:D011183
DB01226,MESH:D011183
DB01339,MESH:D011183
DB01592,MESH:D011183
DB01115,MESH:D011225
DB01174,MESH:D011225
DB01275,MESH:D011225
DB01592,MESH:D011225
DB00162,MESH:D011230
DB00255,MESH:D011230
DB00482,MESH:D011230
DB00993,MESH:D011230
DB01174,MESH:D011230
DB01593,MESH:D011230
DB06777,MESH:D011230
DB00171,MESH:D011248
DB00182,MESH:D011248
DB00255,MESH:D011248
DB01233,MESH:D011248
DB01452,MESH:D011248
DB00968,MESH:D011249
DB00252,MESH:D011297
DB00262,MESH:D011297
DB00470,MESH:D011297
DB00472,MESH:D011297
DB00490,MESH:D011297
DB00550,MESH:D011297
DB00563,MESH:D011297
DB00564,MESH:D011297
DB00572,MESH:D011297
DB00624,MESH:D011297
DB00709,MESH:D011297
DB00756,MESH:D011297
DB00822,MESH:D011297
DB00842,MESH:D011297
DB00904,MESH:D011297
DB00921,MESH:D011297
DB00929,MESH:D011297
DB01118,MESH:D011297
DB01156,MESH:D011297
DB01172,MESH:D011297
DB01428,MESH:D011297
DB02709,MESH:D011297
DB04821,MESH:D011297
DB09130,MESH:D011297
DB01438,MESH:D011469
DB00136,MESH:D011470
DB00346,MESH:D011470
DB00590,MESH:D011470
DB01148,MESH:D011470
DB00126,MESH:D011471
DB00269,MESH:D011471
DB00441,MESH:D011471
DB00541,MESH:D011471
DB00544,MESH:D011471
DB00603,MESH:D011471
DB00624,MESH:D011471
DB00783,MESH:D011471
DB00910,MESH:D011471
DB00977,MESH:D011471
DB01050,MESH:D011471
DB01216,MESH:D011471
DB02342,MESH:D011471
DB04942,MESH:D011471
DB06719,MESH:D011471
DB06774,MESH:D011471
DB08899,MESH:D011471
DB00698,MESH:D011472
DB00091,MESH:D011507
DB00211,MESH:D011507
DB00275,MESH:D011507
DB00301,MESH:D011507
DB00338,MESH:D011507
DB00343,MESH:D011507
DB00428,MESH:D011507
DB00500,MESH:D011507
DB00550,MESH:D011507
DB00619,MESH:D011507
DB00642,MESH:D011507
DB00722,MESH:D011507
DB00787,MESH:D011507
DB00788,MESH:D011507
DB00818,MESH:D011507
DB00860,MESH:D011507
DB00881,MESH:D011507
DB00903,MESH:D011507
DB00973,MESH:D011507
DB00993,MESH:D011507
DB00995,MESH:D011507
DB00999,MESH:D011507
DB01009,MESH:D011507
DB01032,MESH:D011507
DB01045,MESH:D011507
DB01065,MESH:D011507
DB01132,MESH:D011507
DB01172,MESH:D011507
DB01234,MESH:D011507
DB06155,MESH:D011507
DB08868,MESH:D011507
DB09220,MESH:D011507
DB09231,MESH:D011507
DB14001,MESH:D011507
DB00181,MESH:D011537
DB00184,MESH:D011537
DB00208,MESH:D011537
DB00301,MESH:D011537
DB00313,MESH:D011537
DB00321,MESH:D011537
DB00327,MESH:D011537
DB00331,MESH:D011537
DB00389,MESH:D011537
DB00454,MESH:D011537
DB00533,MESH:D011537
DB00537,MESH:D011537
DB00605,MESH:D011537
DB00654,MESH:D011537
DB00711,MESH:D011537
DB00763,MESH:D011537
DB00773,MESH:D011537
DB00818,MESH:D011537
DB00860,MESH:D011537
DB00917,MESH:D011537
DB00967,MESH:D011537
DB00993,MESH:D011537
DB01005,MESH:D011537
DB01075,MESH:D011537
DB01147,MESH:D011537
DB01169,MESH:D011537
DB00607,MESH:D011552
DB01059,MESH:D011552
DB01327,MESH:D011552
DB00688,MESH:D011565
DB00795,MESH:D011565
DB00860,MESH:D011565
DB00926,MESH:D011565
DB01356,MESH:D011565
DB02300,MESH:D011565
DB04942,MESH:D011565
DB08877,MESH:D011565
DB00252,MESH:D011595
DB00285,MESH:D011595
DB00321,MESH:D011595
DB00359,MESH:D011595
DB00363,MESH:D011595
DB00422,MESH:D011595
DB00457,MESH:D011595
DB00571,MESH:D011595
DB00611,MESH:D011595
DB00683,MESH:D011595
DB00813,MESH:D011595
DB00819,MESH:D011595
DB00947,MESH:D011595
DB01068,MESH:D011595
DB01205,MESH:D011595
DB01224,MESH:D011595
DB01238,MESH:D011595
DB01403,MESH:D011595
DB00321,MESH:D011596
DB00495,MESH:D011596
DB00502,MESH:D011596
DB00747,MESH:D011596
DB00829,MESH:D011596
DB00898,MESH:D011596
DB01075,MESH:D011596
DB00148,MESH:D011605
DB00186,MESH:D011605
DB00295,MESH:D011605
DB00400,MESH:D011605
DB00425,MESH:D011605
DB00434,MESH:D011605
DB00502,MESH:D011605
DB00604,MESH:D011605
DB00605,MESH:D011605
DB00635,MESH:D011605
DB00704,MESH:D011605
DB00810,MESH:D011605
DB00852,MESH:D011605
DB00860,MESH:D011605
DB00907,MESH:D011605
DB00937,MESH:D011605
DB00951,MESH:D011605
DB00981,MESH:D011605
DB01062,MESH:D011605
DB01085,MESH:D011605
DB01183,MESH:D011605
DB01191,MESH:D011605
DB01233,MESH:D011605
DB01235,MESH:D011605
DB01238,MESH:D011605
DB01380,MESH:D011605
DB01452,MESH:D011605
DB01454,MESH:D011605
DB01576,MESH:D011605
DB08815,MESH:D011605
DB00165,MESH:D011618
DB00176,MESH:D011618
DB00292,MESH:D011618
DB00371,MESH:D011618
DB00465,MESH:D011618
DB00608,MESH:D011618
DB00623,MESH:D011618
DB00668,MESH:D011618
DB00714,MESH:D011618
DB00722,MESH:D011618
DB00811,MESH:D011618
DB00850,MESH:D011618
DB01080,MESH:D011618
DB01118,MESH:D011618
DB01142,MESH:D011618
DB01239,MESH:D011618
DB01356,MESH:D011618
DB01595,MESH:D011618
DB01623,MESH:D011618
DB00007,MESH:D011629
DB00860,MESH:D011644
DB00182,MESH:D011654
DB00184,MESH:D011654
DB00297,MESH:D011654
DB00397,MESH:D011654
DB00571,MESH:D011654
DB00572,MESH:D011654
DB00633,MESH:D011654
DB00722,MESH:D011654
DB00753,MESH:D011654
DB00813,MESH:D011654
DB00818,MESH:D011654
DB00871,MESH:D011654
DB00898,MESH:D011654
DB00907,MESH:D011654
DB00937,MESH:D011654
DB01016,MESH:D011654
DB01132,MESH:D011654
DB01219,MESH:D011654
DB01452,MESH:D011654
DB01577,MESH:D011654
DB00220,MESH:D011655
DB00266,MESH:D011655
DB00278,MESH:D011655
DB00325,MESH:D011655
DB00481,MESH:D011655
DB00668,MESH:D011655
DB00675,MESH:D011655
DB00734,MESH:D011655
DB00758,MESH:D011655
DB00820,MESH:D011655
DB01196,MESH:D011655
DB01234,MESH:D011655
DB00588,MESH:D011657
DB01017,MESH:D011657
DB00317,MESH:D011658
DB00331,MESH:D011658
DB00641,MESH:D011658
DB00698,MESH:D011658
DB00792,MESH:D011658
DB01222,MESH:D011658
DB01229,MESH:D011658
DB01956,MESH:D011658
DB00537,MESH:D011695
DB00550,MESH:D011695
DB00722,MESH:D011695
DB00208,MESH:D011697
DB00468,MESH:D011697
DB00447,MESH:D011704
DB00783,MESH:D011704
DB00833,MESH:D011704
DB00281,MESH:D011782
DB00421,MESH:D011782
DB00541,MESH:D011782
DB00907,MESH:D011782
DB01039,MESH:D011782
DB01174,MESH:D011782
DB00563,MESH:D011832
DB00422,MESH:D011928
DB00770,MESH:D011928
DB00795,MESH:D011928
DB00907,MESH:D011928
DB01200,MESH:D011928
DB01240,MESH:D011928
DB00635,MESH:D012004
DB00441,MESH:D012008
DB00541,MESH:D012008
DB00795,MESH:D012008
DB00987,MESH:D012008
DB00997,MESH:D012008
DB01073,MESH:D012008
DB00184,MESH:D012021
DB00247,MESH:D012021
DB00454,MESH:D012021
DB00656,MESH:D012021
DB00683,MESH:D012021
DB00715,MESH:D012021
DB00780,MESH:D012021
DB00814,MESH:D012021
DB01053,MESH:D012021
DB01172,MESH:D012021
DB01174,MESH:D012021
DB01247,MESH:D012021
DB00373,MESH:D012120
DB00668,MESH:D012120
DB00818,MESH:D012120
DB00829,MESH:D012120
DB00945,MESH:D012120
DB01234,MESH:D012127
DB00208,MESH:D012128
DB00770,MESH:D012128
DB00772,MESH:D012128
DB01234,MESH:D012128
DB05381,MESH:D012130
DB06709,MESH:D012130
DB00193,MESH:D012131
DB00202,MESH:D012131
DB00295,MESH:D012131
DB00321,MESH:D012131
DB00454,MESH:D012131
DB00563,MESH:D012131
DB00572,MESH:D012131
DB00683,MESH:D012131
DB00709,MESH:D012131
DB00714,MESH:D012131
DB00819,MESH:D012131
DB00860,MESH:D012131
DB00871,MESH:D012131
DB00908,MESH:D012131
DB00964,MESH:D012131
DB01035,MESH:D012131
DB01068,MESH:D012131
DB01114,MESH:D012131
DB01159,MESH:D012131
DB01330,MESH:D012131
DB01394,MESH:D012131
DB09140,MESH:D012131
DB01203,MESH:D012135
DB01235,MESH:D012135
DB00250,MESH:D012140
DB00292,MESH:D012140
DB00330,MESH:D012141
DB00671,MESH:D012141
DB00827,MESH:D012141
DB00898,MESH:D012141
DB01001,MESH:D012141
DB01211,MESH:D012141
DB00215,MESH:D012148
DB00472,MESH:D012148
DB00647,MESH:D012148
DB00653,MESH:D012148
DB00996,MESH:D012148
DB01224,MESH:D012148
DB01165,MESH:D012162
DB01592,MESH:D012162
DB00623,MESH:D012164
DB00627,MESH:D012164
DB00668,MESH:D012164
DB00740,MESH:D012164
DB00746,MESH:D012164
DB00907,MESH:D012164
DB01577,MESH:D012164
DB00302,MESH:D012170
DB00635,MESH:D012170
DB00529,MESH:D012173
DB00182,MESH:D012206
DB00215,MESH:D012206
DB00277,MESH:D012206
DB00343,MESH:D012206
DB00356,MESH:D012206
DB00439,MESH:D012206
DB00537,MESH:D012206
DB00555,MESH:D012206
DB00641,MESH:D012206
DB00818,MESH:D012206
DB00921,MESH:D012206
DB00945,MESH:D012206
DB01039,MESH:D012206
DB01059,MESH:D012206
DB01118,MESH:D012206
DB01159,MESH:D012206
DB01241,MESH:D012206
DB01618,MESH:D012206
DB06288,MESH:D012206
DB09462,MESH:D012206
DB14500,MESH:D012206
DB00570,MESH:D012208
DB00970,MESH:D012208
DB01188,MESH:D012208
DB00471,MESH:D012220
DB00907,MESH:D012220
DB05381,MESH:D012220
DB06774,MESH:D012220
DB00394,MESH:D012221
DB00588,MESH:D012221
DB00207,MESH:D012393
DB00916,MESH:D012393
DB00959,MESH:D012393
DB00860,MESH:D012507
DB00531,MESH:D012509
DB00928,MESH:D012509
DB01248,MESH:D012509
DB00201,MESH:D012512
DB00531,MESH:D012512
DB00262,MESH:D012513
DB00571,MESH:D012513
DB00290,MESH:D012514
DB00445,MESH:D012516
DB00531,MESH:D012516
DB00661,MESH:D012516
DB00118,MESH:D012559
DB00186,MESH:D012559
DB00206,MESH:D012559
DB00245,MESH:D012559
DB00321,MESH:D012559
DB00502,MESH:D012559
DB00564,MESH:D012559
DB00571,MESH:D012559
DB00575,MESH:D012559
DB00679,MESH:D012559
DB00831,MESH:D012559
DB00907,MESH:D012559
DB01104,MESH:D012559
DB01200,MESH:D012559
DB01618,MESH:D012559
DB01708,MESH:D012559
DB04888,MESH:D012559
DB09223,MESH:D012559
DB00321,MESH:D012563
DB00408,MESH:D012563
DB00477,MESH:D012563
DB00623,MESH:D012563
DB00831,MESH:D012563
DB00313,MESH:D012594
DB00652,MESH:D012594
DB00190,MESH:D012595
DB00290,MESH:D012595
DB00959,MESH:D012595
DB00247,MESH:D012598
DB00993,MESH:D012598
DB00755,MESH:D012600
DB00158,MESH:D012640
DB00165,MESH:D012640
DB00190,MESH:D012640
DB00206,MESH:D012640
DB00246,MESH:D012640
DB00260,MESH:D012640
DB00277,MESH:D012640
DB00280,MESH:D012640
DB00292,MESH:D012640
DB00296,MESH:D012640
DB00313,MESH:D012640
DB00318,MESH:D012640
DB00335,MESH:D012640
DB00387,MESH:D012640
DB00390,MESH:D012640
DB00403,MESH:D012640
DB00415,MESH:D012640
DB00450,MESH:D012640
DB00454,MESH:D012640
DB00458,MESH:D012640
DB00470,MESH:D012640
DB00484,MESH:D012640
DB00495,MESH:D012640
DB00497,MESH:D012640
DB00531,MESH:D012640
DB00533,MESH:D012640
DB00537,MESH:D012640
DB00563,MESH:D012640
DB00568,MESH:D012640
DB00572,MESH:D012640
DB00605,MESH:D012640
DB00668,MESH:D012640
DB00677,MESH:D012640
DB00679,MESH:D012640
DB00683,MESH:D012640
DB00692,MESH:D012640
DB00723,MESH:D012640
DB00734,MESH:D012640
DB00745,MESH:D012640
DB00746,MESH:D012640
DB00750,MESH:D012640
DB00812,MESH:D012640
DB00819,MESH:D012640
DB00822,MESH:D012640
DB00836,MESH:D012640
DB00841,MESH:D012640
DB00842,MESH:D012640
DB00843,MESH:D012640
DB00850,MESH:D012640
DB00892,MESH:D012640
DB00906,MESH:D012640
DB00916,MESH:D012640
DB00917,MESH:D012640
DB00921,MESH:D012640
DB00945,MESH:D012640
DB00968,MESH:D012640
DB00978,MESH:D012640
DB01004,MESH:D012640
DB01009,MESH:D012640
DB01037,MESH:D012640
DB01043,MESH:D012640
DB01080,MESH:D012640
DB01092,MESH:D012640
DB01095,MESH:D012640
DB01098,MESH:D012640
DB01110,MESH:D012640
DB01142,MESH:D012640
DB01211,MESH:D012640
DB01229,MESH:D012640
DB01236,MESH:D012640
DB01299,MESH:D012640
DB01327,MESH:D012640
DB01356,MESH:D012640
DB01373,MESH:D012640
DB01394,MESH:D012640
DB01413,MESH:D012640
DB01497,MESH:D012640
DB01520,MESH:D012640
DB01544,MESH:D012640
DB01576,MESH:D012640
DB04570,MESH:D012640
DB04576,MESH:D012640
DB04841,MESH:D012640
DB04864,MESH:D012640
DB04982,MESH:D012640
DB06148,MESH:D012640
DB08922,MESH:D012640
DB09118,MESH:D012640
DB00848,MESH:D012678
DB01179,MESH:D012678
DB06774,MESH:D012678
DB00255,MESH:D012734
DB00672,MESH:D012769
DB00746,MESH:D012769
DB00851,MESH:D012769
DB00925,MESH:D012769
DB01083,MESH:D012769
DB01115,MESH:D012769
DB00280,MESH:D012770
DB00335,MESH:D012770
DB00441,MESH:D012770
DB00521,MESH:D012770
DB00531,MESH:D012770
DB00571,MESH:D012770
DB00822,MESH:D012770
DB01101,MESH:D012770
DB01065,MESH:D012771
DB01183,MESH:D012771
DB00760,MESH:D012772
DB00871,MESH:D012772
DB01065,MESH:D012772
DB01151,MESH:D012772
DB01190,MESH:D012772
DB01234,MESH:D012772
DB00245,MESH:D012798
DB00313,MESH:D012798
DB00334,MESH:D012798
DB00575,MESH:D012798
DB00747,MESH:D012798
DB06637,MESH:D012798
DB00297,MESH:D012804
DB00571,MESH:D012804
DB00802,MESH:D012804
DB01164,MESH:D012804
DB00343,MESH:D012848
DB00661,MESH:D012848
DB01115,MESH:D012848
DB00158,MESH:D012851
DB01033,MESH:D012851
DB01041,MESH:D012851
DB00427,MESH:D012852
DB00635,MESH:D012852
DB00973,MESH:D012852
DB01075,MESH:D012852
DB01211,MESH:D012852
DB00168,MESH:D012859
DB00563,MESH:D012859
DB00982,MESH:D012868
DB00140,MESH:D012871
DB00158,MESH:D012871
DB00313,MESH:D012871
DB00318,MESH:D012871
DB00328,MESH:D012871
DB00373,MESH:D012871
DB00544,MESH:D012871
DB00548,MESH:D012871
DB00741,MESH:D012871
DB00773,MESH:D012871
DB00780,MESH:D012871
DB00783,MESH:D012871
DB00818,MESH:D012871
DB00997,MESH:D012871
DB01204,MESH:D012871
DB01418,MESH:D012871
DB00179,MESH:D012878
DB00201,MESH:D012878
DB00755,MESH:D012878
DB00928,MESH:D012878
DB06710,MESH:D012878
DB06774,MESH:D012878
DB00358,MESH:D012883
DB00770,MESH:D012883
DB00370,MESH:D012891
DB00656,MESH:D012892
DB00252,MESH:D012893
DB00333,MESH:D012893
DB00335,MESH:D012893
DB00357,MESH:D012893
DB00404,MESH:D012893
DB00455,MESH:D012893
DB00537,MESH:D012893
DB00608,MESH:D012893
DB00824,MESH:D012893
DB00915,MESH:D012893
DB00951,MESH:D012893
DB00968,MESH:D012893
DB01065,MESH:D012893
DB01068,MESH:D012893
DB01149,MESH:D012893
DB01211,MESH:D012893
DB01235,MESH:D012893
DB01242,MESH:D012893
DB00341,MESH:D012912
DB00751,MESH:D012912
DB01248,MESH:D012983
DB00281,MESH:D013035
DB00356,MESH:D013035
DB00433,MESH:D013035
DB00592,MESH:D013035
DB00784,MESH:D013035
DB00797,MESH:D013035
DB01001,MESH:D013035
DB01043,MESH:D013035
DB01164,MESH:D013035
DB01183,MESH:D013035
DB01223,MESH:D013035
DB01233,MESH:D013035
DB01373,MESH:D013035
DB01068,MESH:D013036
DB01234,MESH:D013036
DB00199,MESH:D013064
DB00281,MESH:D013064
DB00313,MESH:D013064
DB00321,MESH:D013064
DB00333,MESH:D013064
DB00334,MESH:D013064
DB00422,MESH:D013064
DB00864,MESH:D013064
DB14509,MESH:D013064
DB00682,MESH:D013117
DB00333,MESH:D013118
DB00495,MESH:D013118
DB00563,MESH:D013118
DB00575,MESH:D013118
DB00709,MESH:D013118
DB01161,MESH:D013118
DB09130,MESH:D013118
DB00328,MESH:D013119
DB00862,MESH:D013119
DB04942,MESH:D013119
DB00252,MESH:D013163
DB00724,MESH:D013163
DB00833,MESH:D013163
DB00993,MESH:D013163
DB00573,MESH:D013167
DB01050,MESH:D013167
DB00218,MESH:D013203
DB00319,MESH:D013203
DB00578,MESH:D013203
DB00759,MESH:D013203
DB00760,MESH:D013203
DB00828,MESH:D013203
DB00945,MESH:D013203
DB02703,MESH:D013203
DB12455,MESH:D013203
DB00171,MESH:D013226
DB00277,MESH:D013226
DB00334,MESH:D013226
DB00404,MESH:D013226
DB00474,MESH:D013226
DB00501,MESH:D013226
DB00572,MESH:D013226
DB00608,MESH:D013226
DB00643,MESH:D013226
DB00677,MESH:D013226
DB00780,MESH:D013226
DB00906,MESH:D013226
DB00949,MESH:D013226
DB01039,MESH:D013226
DB01085,MESH:D013226
DB01156,MESH:D013226
DB01165,MESH:D013226
DB01373,MESH:D013226
DB01593,MESH:D013226
DB04841,MESH:D013226
DB06151,MESH:D013226
DB00176,MESH:D013262
DB00207,MESH:D013262
DB00208,MESH:D013262
DB00227,MESH:D013262
DB00238,MESH:D013262
DB00285,MESH:D013262
DB00316,MESH:D013262
DB00317,MESH:D013262
DB00328,MESH:D013262
DB00338,MESH:D013262
DB00355,MESH:D013262
DB00404,MESH:D013262
DB00435,MESH:D013262
DB00438,MESH:D013262
DB00439,MESH:D013262
DB00495,MESH:D013262
DB00519,MESH:D013262
DB00524,MESH:D013262
DB00529,MESH:D013262
DB00560,MESH:D013262
DB00586,MESH:D013262
DB00642,MESH:D013262
DB00654,MESH:D013262
DB00715,MESH:D013262
DB00760,MESH:D013262
DB00776,MESH:D013262
DB00787,MESH:D013262
DB00820,MESH:D013262
DB00836,MESH:D013262
DB00860,MESH:D013262
DB00880,MESH:D013262
DB00900,MESH:D013262
DB00912,MESH:D013262
DB01015,MESH:D013262
DB01072,MESH:D013262
DB01076,MESH:D013262
DB01174,MESH:D013262
DB01194,MESH:D013262
DB01255,MESH:D013262
DB01261,MESH:D013262
DB01331,MESH:D013262
DB01416,MESH:D013262
DB04835,MESH:D013262
DB08881,MESH:D013262
DB09026,MESH:D013262
DB00502,MESH:D013272
DB00640,MESH:D013272
DB00788,MESH:D013272
DB00847,MESH:D013272
DB00945,MESH:D013272
DB01200,MESH:D013272
DB03783,MESH:D013272
DB00158,MESH:D013274
DB00482,MESH:D013274
DB00544,MESH:D013274
DB00997,MESH:D013274
DB01169,MESH:D013274
DB01248,MESH:D013274
DB02709,MESH:D013274
DB00126,MESH:D013276
DB00364,MESH:D013276
DB00415,MESH:D013276
DB00435,MESH:D013276
DB00533,MESH:D013276
DB00572,MESH:D013276
DB00668,MESH:D013276
DB00812,MESH:D013276
DB00929,MESH:D013276
DB01019,MESH:D013276
DB01060,MESH:D013276
DB02709,MESH:D013276
DB04743,MESH:D013276
DB04948,MESH:D013276
DB05229,MESH:D013276
DB00441,MESH:D013280
DB00498,MESH:D013280
DB00755,MESH:D013280
DB00861,MESH:D013280
DB00928,MESH:D013280
DB09121,MESH:D013280
DB00285,MESH:D013313
DB00404,MESH:D013313
DB00472,MESH:D013313
DB00564,MESH:D013313
DB01392,MESH:D013313
DB00277,MESH:D013342
DB00996,MESH:D013342
DB00203,MESH:D013345
DB00393,MESH:D013345
DB00780,MESH:D013345
DB00907,MESH:D013345
DB01406,MESH:D013345
DB01454,MESH:D013345
DB02709,MESH:D013345
DB00126,MESH:D013375
DB00176,MESH:D013375
DB00201,MESH:D013375
DB00246,MESH:D013375
DB00255,MESH:D013375
DB00264,MESH:D013375
DB00285,MESH:D013375
DB00313,MESH:D013375
DB00395,MESH:D013375
DB00421,MESH:D013375
DB00458,MESH:D013375
DB00477,MESH:D013375
DB00497,MESH:D013375
DB00501,MESH:D013375
DB00504,MESH:D013375
DB00543,MESH:D013375
DB00555,MESH:D013375
DB00575,MESH:D013375
DB00599,MESH:D013375
DB00623,MESH:D013375
DB00647,MESH:D013375
DB00656,MESH:D013375
DB00690,MESH:D013375
DB00727,MESH:D013375
DB00752,MESH:D013375
DB00776,MESH:D013375
DB00829,MESH:D013375
DB00841,MESH:D013375
DB00843,MESH:D013375
DB00907,MESH:D013375
DB00968,MESH:D013375
DB00996,MESH:D013375
DB01045,MESH:D013375
DB01054,MESH:D013375
DB01075,MESH:D013375
DB01104,MESH:D013375
DB01151,MESH:D013375
DB01156,MESH:D013375
DB01183,MESH:D013375
DB01221,MESH:D013375
DB01224,MESH:D013375
DB01324,MESH:D013375
DB01433,MESH:D013375
DB04743,MESH:D013375
DB04836,MESH:D013375
DB04948,MESH:D013375
DB00531,MESH:D013585
DB00746,MESH:D013585
DB00035,MESH:D013610
DB00252,MESH:D013610
DB00281,MESH:D013610
DB00318,MESH:D013610
DB00343,MESH:D013610
DB00388,MESH:D013610
DB00456,MESH:D013610
DB00457,MESH:D013610
DB00474,MESH:D013610
DB00521,MESH:D013610
DB00564,MESH:D013610
DB00572,MESH:D013610
DB00584,MESH:D013610
DB00604,MESH:D013610
DB00611,MESH:D013610
DB00678,MESH:D013610
DB00683,MESH:D013610
DB00695,MESH:D013610
DB00699,MESH:D013610
DB00727,MESH:D013610
DB00732,MESH:D013610
DB00752,MESH:D013610
DB00818,MESH:D013610
DB00841,MESH:D013610
DB00898,MESH:D013610
DB00908,MESH:D013610
DB00920,MESH:D013610
DB00945,MESH:D013610
DB00961,MESH:D013610
DB00968,MESH:D013610
DB00977,MESH:D013610
DB00985,MESH:D013610
DB01023,MESH:D013610
DB01050,MESH:D013610
DB01062,MESH:D013610
DB01090,MESH:D013610
DB01112,MESH:D013610
DB01158,MESH:D013610
DB01184,MESH:D013610
DB01193,MESH:D013610
DB01195,MESH:D013610
DB01211,MESH:D013610
DB01228,MESH:D013610
DB01288,MESH:D013610
DB01356,MESH:D013610
DB01409,MESH:D013610
DB04861,MESH:D013610
DB06707,MESH:D013610
DB09236,MESH:D013610
DB00285,MESH:D013616
DB00335,MESH:D013616
DB00458,MESH:D013616
DB00477,MESH:D013616
DB00502,MESH:D013616
DB00571,MESH:D013616
DB00721,MESH:D013616
DB00841,MESH:D013616
DB00997,MESH:D013616
DB01154,MESH:D013616
DB09167,MESH:D013616
DB00281,MESH:D013617
DB00343,MESH:D013617
DB00397,MESH:D013617
DB00575,MESH:D013617
DB00661,MESH:D013617
DB00695,MESH:D013617
DB00841,MESH:D013617
DB00852,MESH:D013617
DB01035,MESH:D013617
DB01177,MESH:D013617
DB01195,MESH:D013617
DB01203,MESH:D013617
DB00250,MESH:D013651
DB00268,MESH:D013651
DB00738,MESH:D013651
DB00819,MESH:D013651
DB00857,MESH:D013651
DB00982,MESH:D013651
DB01229,MESH:D013651
DB00381,MESH:D013684
DB00493,MESH:D013684
DB01013,MESH:D013684
DB00126,MESH:D013733
DB00166,MESH:D013733
DB00255,MESH:D013733
DB00531,MESH:D013733
DB00579,MESH:D013733
DB04930,MESH:D013733
DB06151,MESH:D013733
DB01115,MESH:D013736
DB01181,MESH:D013736
DB09073,MESH:D013736
DB00091,MESH:D013921
DB00233,MESH:D013921
DB00252,MESH:D013921
DB00278,MESH:D013921
DB00285,MESH:D013921
DB00293,MESH:D013921
DB00371,MESH:D013921
DB00415,MESH:D013921
DB00417,MESH:D013921
DB00441,MESH:D013921
DB00487,MESH:D013921
DB00544,MESH:D013921
DB00564,MESH:D013921
DB00635,MESH:D013921
DB00763,MESH:D013921
DB00770,MESH:D013921
DB00851,MESH:D013921
DB00863,MESH:D013921
DB00982,MESH:D013921
DB00995,MESH:D013921
DB01041,MESH:D013921
DB01088,MESH:D013921
DB01174,MESH:D013921
DB01212,MESH:D013921
DB01418,MESH:D013921
DB01427,MESH:D013921
DB00422,MESH:D013922
DB01041,MESH:D013922
DB04576,MESH:D013922
DB00269,MESH:D013923
DB00541,MESH:D013923
DB00635,MESH:D013923
DB00682,MESH:D013923
DB00712,MESH:D013923
DB00755,MESH:D013923
DB00814,MESH:D013923
DB00946,MESH:D013923
DB00006,MESH:D013927
DB00091,MESH:D013927
DB00208,MESH:D013927
DB00316,MESH:D013927
DB00428,MESH:D013927
DB00435,MESH:D013927
DB00445,MESH:D013927
DB00513,MESH:D013927
DB00635,MESH:D013927
DB00641,MESH:D013927
DB00682,MESH:D013927
DB00755,MESH:D013927
DB00758,MESH:D013927
DB00790,MESH:D013927
DB00945,MESH:D013927
DB00975,MESH:D013927
DB00997,MESH:D013927
DB01076,MESH:D013927
DB01159,MESH:D013927
DB01234,MESH:D013927
DB00995,MESH:D013959
DB11085,MESH:D013959
DB00328,MESH:D013964
DB00541,MESH:D013964
DB00619,MESH:D013964
DB00795,MESH:D013964
DB00997,MESH:D013964
DB00451,MESH:D013971
DB01065,MESH:D013971
DB00215,MESH:D013981
DB00413,MESH:D013981
DB00472,MESH:D013981
DB01068,MESH:D013981
DB01235,MESH:D013981
DB00199,MESH:D014012
DB00313,MESH:D014012
DB00389,MESH:D014012
DB00393,MESH:D014012
DB00780,MESH:D014012
DB00864,MESH:D014012
DB00916,MESH:D014012
DB00997,MESH:D014012
DB01056,MESH:D014012
DB01142,MESH:D014012
DB01190,MESH:D014012
DB00132,MESH:D014029
DB00704,MESH:D014029
DB01183,MESH:D014029
DB00459,MESH:D014062
DB00246,MESH:D014103
DB00356,MESH:D014103
DB01075,MESH:D014103
DB01174,MESH:D014103
DB01235,MESH:D014103
DB00277,MESH:D014188
DB00755,MESH:D014188
DB00199,MESH:D014202
DB00273,MESH:D014202
DB00292,MESH:D014202
DB00312,MESH:D014202
DB00321,MESH:D014202
DB00332,MESH:D014202
DB00333,MESH:D014202
DB00392,MESH:D014202
DB00397,MESH:D014202
DB00502,MESH:D014202
DB00514,MESH:D014202
DB00555,MESH:D014202
DB00635,MESH:D014202
DB00648,MESH:D014202
DB00661,MESH:D014202
DB00674,MESH:D014202
DB00704,MESH:D014202
DB00715,MESH:D014202
DB00752,MESH:D014202
DB00818,MESH:D014202
DB00819,MESH:D014202
DB00822,MESH:D014202
DB00898,MESH:D014202
DB00938,MESH:D014202
DB00968,MESH:D014202
DB00970,MESH:D014202
DB00988,MESH:D014202
DB01043,MESH:D014202
DB01068,MESH:D014202
DB01075,MESH:D014202
DB01085,MESH:D014202
DB01156,MESH:D014202
DB01200,MESH:D014202
DB01203,MESH:D014202
DB01242,MESH:D014202
DB01407,MESH:D014202
DB01497,MESH:D014202
DB01580,MESH:D014202
DB01593,MESH:D014202
DB06148,MESH:D014202
DB06288,MESH:D014202
DB00390,MESH:D014277
DB00564,MESH:D014277
DB00708,MESH:D014313
DB00753,MESH:D014313
DB00818,MESH:D014313
DB06288,MESH:D014313
DB00661,MESH:D014376
DB00755,MESH:D014376
DB01172,MESH:D014376
DB00615,MESH:D014397
DB00951,MESH:D014397
DB00091,MESH:D014456
DB00206,MESH:D014456
DB00302,MESH:D014456
DB00686,MESH:D014456
DB01045,MESH:D014456
DB01221,MESH:D014456
DB05381,MESH:D014456
DB09221,MESH:D014456
DB00215,MESH:D014474
DB00331,MESH:D014474
DB00668,MESH:D014474
DB00683,MESH:D014474
DB00813,MESH:D014474
DB00843,MESH:D014474
DB01221,MESH:D014474
DB01356,MESH:D014474
DB14509,MESH:D014474
DB00531,MESH:D014511
DB00652,MESH:D014511
DB00753,MESH:D014511
DB01234,MESH:D014511
DB11921,MESH:D014514
DB00264,MESH:D014517
DB00318,MESH:D014517
DB03783,MESH:D014517
DB00355,MESH:D014552
DB00415,MESH:D014552
DB00440,MESH:D014552
DB00827,MESH:D014552
DB00828,MESH:D014552
DB01112,MESH:D014552
DB01204,MESH:D014552
DB00191,MESH:D014555
DB00434,MESH:D014555
DB00472,MESH:D014555
DB00479,MESH:D014555
DB00541,MESH:D014555
DB00607,MESH:D014555
DB00635,MESH:D014555
DB00734,MESH:D014555
DB00753,MESH:D014555
DB00945,MESH:D014555
DB01001,MESH:D014555
DB01087,MESH:D014555
DB00907,MESH:D014564
DB00795,MESH:D014571
DB00162,MESH:D014581
DB00201,MESH:D014581
DB00292,MESH:D014581
DB00343,MESH:D014581
DB00355,MESH:D014581
DB00358,MESH:D014581
DB00371,MESH:D014581
DB00437,MESH:D014581
DB00550,MESH:D014581
DB00557,MESH:D014581
DB00578,MESH:D014581
DB00637,MESH:D014581
DB00678,MESH:D014581
DB00695,MESH:D014581
DB00763,MESH:D014581
DB00784,MESH:D014581
DB00814,MESH:D014581
DB00874,MESH:D014581
DB00955,MESH:D014581
DB00967,MESH:D014581
DB01059,MESH:D014581
DB01114,MESH:D014581
DB01321,MESH:D014581
DB01413,MESH:D014581
DB03783,MESH:D014581
DB04552,MESH:D014581
DB09019,MESH:D014581
DB09093,MESH:D014581
DB09285,MESH:D014581
DB11582,MESH:D014581
DB00477,MESH:D014591
DB13953,MESH:D014591
DB00302,MESH:D014594
DB00938,MESH:D014594
DB01229,MESH:D014594
DB00529,MESH:D014605
DB00746,MESH:D014605
DB00905,MESH:D014605
DB00544,MESH:D014625
DB00184,MESH:D014652
DB00247,MESH:D014652
DB00255,MESH:D014652
DB00264,MESH:D014652
DB00404,MESH:D014652
DB00421,MESH:D014652
DB00428,MESH:D014652
DB00563,MESH:D014652
DB00829,MESH:D014652
DB00864,MESH:D014652
DB01235,MESH:D014652
DB01261,MESH:D014652
DB08844,MESH:D014652
DB00182,MESH:D014657
DB00250,MESH:D014657
DB00413,MESH:D014657
DB00440,MESH:D014657
DB00441,MESH:D014657
DB00493,MESH:D014657
DB00531,MESH:D014657
DB00550,MESH:D014657
DB00635,MESH:D014657
DB00811,MESH:D014657
DB00908,MESH:D014657
DB00917,MESH:D014657
DB00999,MESH:D014657
DB01118,MESH:D014657
DB00281,MESH:D014693
DB00343,MESH:D014693
DB00604,MESH:D014693
DB00637,MESH:D014693
DB00653,MESH:D014693
DB00679,MESH:D014693
DB00696,MESH:D014693
DB00738,MESH:D014693
DB00907,MESH:D014693
DB00915,MESH:D014693
DB01002,MESH:D014693
DB01064,MESH:D014693
DB01092,MESH:D014693
DB01114,MESH:D014693
DB01141,MESH:D014693
DB01182,MESH:D014693
DB01203,MESH:D014693
DB01223,MESH:D014693
DB04957,MESH:D014693
DB09167,MESH:D014693
DB09401,MESH:D014693
DB14539,MESH:D014693
DB00841,MESH:D014694
DB00718,MESH:D014766
DB00200,MESH:D014786
DB00215,MESH:D014786
DB00332,MESH:D014786
DB00390,MESH:D014786
DB00468,MESH:D014786
DB00537,MESH:D014786
DB00540,MESH:D014786
DB00605,MESH:D014786
DB00608,MESH:D014786
DB00623,MESH:D014786
DB00630,MESH:D014786
DB00809,MESH:D014786
DB00850,MESH:D014786
DB00864,MESH:D014786
DB00908,MESH:D014786
DB00959,MESH:D014786
DB00964,MESH:D014786
DB00977,MESH:D014786
DB01077,MESH:D014786
DB01186,MESH:D014786
DB01195,MESH:D014786
DB01200,MESH:D014786
DB01577,MESH:D014786
DB00331,MESH:D014806
DB00531,MESH:D014806
DB00755,MESH:D014820
DB00035,MESH:D014839
DB00181,MESH:D014839
DB00184,MESH:D014839
DB00186,MESH:D014839
DB00238,MESH:D014839
DB00242,MESH:D014839
DB00252,MESH:D014839
DB00262,MESH:D014839
DB00297,MESH:D014839
DB00312,MESH:D014839
DB00428,MESH:D014839
DB00441,MESH:D014839
DB00448,MESH:D014839
DB00450,MESH:D014839
DB00451,MESH:D014839
DB00477,MESH:D014839
DB00541,MESH:D014839
DB00564,MESH:D014839
DB00586,MESH:D014839
DB00603,MESH:D014839
DB00613,MESH:D014839
DB00628,MESH:D014839
DB00635,MESH:D014839
DB00649,MESH:D014839
DB00669,MESH:D014839
DB00671,MESH:D014839
DB00672,MESH:D014839
DB00673,MESH:D014839
DB00685,MESH:D014839
DB00722,MESH:D014839
DB00727,MESH:D014839
DB00770,MESH:D014839
DB00788,MESH:D014839
DB00806,MESH:D014839
DB00851,MESH:D014839
DB00889,MESH:D014839
DB00900,MESH:D014839
DB00909,MESH:D014839
DB00918,MESH:D014839
DB00928,MESH:D014839
DB00929,MESH:D014839
DB00959,MESH:D014839
DB00981,MESH:D014839
DB00982,MESH:D014839
DB01099,MESH:D014839
DB01114,MESH:D014839
DB01150,MESH:D014839
DB01177,MESH:D014839
DB01200,MESH:D014839
DB01212,MESH:D014839
DB01229,MESH:D014839
DB01255,MESH:D014839
DB01392,MESH:D014839
DB01598,MESH:D014839
DB06151,MESH:D014839
DB09123,MESH:D014839
DB00550,MESH:D014890
DB00860,MESH:D014890
DB00571,MESH:D014927
DB00336,MESH:D014947
DB00783,MESH:D015175
DB01200,MESH:D015175
DB02709,MESH:D015175
DB00140,MESH:D015179
DB00244,MESH:D015179
DB00322,MESH:D015179
DB00398,MESH:D015179
DB00441,MESH:D015179
DB00495,MESH:D015179
DB00773,MESH:D015179
DB01169,MESH:D015179
DB04743,MESH:D015179
DB04743,MESH:D015207
DB00322,MESH:D015209
DB01406,MESH:D015209
DB00437,MESH:D015210
DB01138,MESH:D015210
DB00563,MESH:D015212
DB00744,MESH:D015212
DB00860,MESH:D015212
DB00335,MESH:D015228
DB00675,MESH:D015228
DB00829,MESH:D015228
DB00860,MESH:D015228
DB00997,MESH:D015228
DB01234,MESH:D015228
DB02709,MESH:D015228
DB06288,MESH:D015228
DB09270,MESH:D015228
DB00091,MESH:D015427
DB00295,MESH:D015427
DB00594,MESH:D015427
DB00641,MESH:D015427
DB00661,MESH:D015427
DB00714,MESH:D015427
DB00744,MESH:D015427
DB00834,MESH:D015427
DB00966,MESH:D015427
DB01016,MESH:D015427
DB01234,MESH:D015427
DB09140,MESH:D015427
DB00177,MESH:D015428
DB00435,MESH:D015428
DB00571,MESH:D015428
DB00746,MESH:D015428
DB01017,MESH:D015428
DB01136,MESH:D015428
DB01392,MESH:D015428
DB02709,MESH:D015428
DB11136,MESH:D015428
DB00134,MESH:D015430
DB00335,MESH:D015430
DB00341,MESH:D015430
DB00367,MESH:D015430
DB00428,MESH:D015430
DB00437,MESH:D015430
DB00482,MESH:D015430
DB00635,MESH:D015430
DB00675,MESH:D015430
DB00875,MESH:D015430
DB01238,MESH:D015430
DB01436,MESH:D015430
DB01708,MESH:D015430
DB04839,MESH:D015430
DB06151,MESH:D015430
DB06774,MESH:D015430
DB09140,MESH:D015430
DB11136,MESH:D015430
DB00091,MESH:D015431
DB00165,MESH:D015431
DB00166,MESH:D015431
DB00182,MESH:D015431
DB00184,MESH:D015431
DB00201,MESH:D015431
DB00222,MESH:D015431
DB00285,MESH:D015431
DB00290,MESH:D015431
DB00295,MESH:D015431
DB00373,MESH:D015431
DB00390,MESH:D015431
DB00470,MESH:D015431
DB00624,MESH:D015431
DB00630,MESH:D015431
DB00677,MESH:D015431
DB00704,MESH:D015431
DB00836,MESH:D015431
DB00863,MESH:D015431
DB00937,MESH:D015431
DB00997,MESH:D015431
DB01028,MESH:D015431
DB01041,MESH:D015431
DB01132,MESH:D015431
DB01136,MESH:D015431
DB01428,MESH:D015431
DB01454,MESH:D015431
DB01576,MESH:D015431
DB05990,MESH:D015431
DB09130,MESH:D015431
DB11136,MESH:D015431
DB11672,MESH:D015431
DB00652,MESH:D015432
DB00959,MESH:D015432
DB00461,MESH:D015433
DB00586,MESH:D015433
DB01118,MESH:D015433
DB02709,MESH:D015433
DB14509,MESH:D015433
DB00242,MESH:D015451
DB00252,MESH:D015451
DB00741,MESH:D015451
DB00925,MESH:D015451
DB00694,MESH:D015452
DB01033,MESH:D015452
DB00987,MESH:D015458
DB01169,MESH:D015459
DB00188,MESH:D015464
DB00437,MESH:D015464
DB00541,MESH:D015464
DB01234,MESH:D015464
DB00242,MESH:D015470
DB00437,MESH:D015470
DB00541,MESH:D015470
DB00608,MESH:D015470
DB00635,MESH:D015470
DB00773,MESH:D015470
DB01177,MESH:D015470
DB04879,MESH:D015470
DB00563,MESH:D015473
DB00635,MESH:D015473
DB00773,MESH:D015473
DB01169,MESH:D015473
DB01222,MESH:D015508
DB01394,MESH:D015535
DB00475,MESH:D015619
DB00419,MESH:D015658
DB00495,MESH:D015658
DB00529,MESH:D015658
DB00709,MESH:D015658
DB00738,MESH:D015658
DB00907,MESH:D015658
DB01232,MESH:D015658
DB00630,MESH:D015663
DB00783,MESH:D015663
DB00307,MESH:D015674
DB00997,MESH:D015674
DB01262,MESH:D015674
DB00183,MESH:D015746
DB00193,MESH:D015746
DB00220,MESH:D015746
DB00244,MESH:D015746
DB00295,MESH:D015746
DB00318,MESH:D015746
DB00321,MESH:D015746
DB00328,MESH:D015746
DB00330,MESH:D015746
DB00333,MESH:D015746
DB00338,MESH:D015746
DB00363,MESH:D015746
DB00441,MESH:D015746
DB00447,MESH:D015746
DB00451,MESH:D015746
DB00563,MESH:D015746
DB00570,MESH:D015746
DB00604,MESH:D015746
DB00612,MESH:D015746
DB00618,MESH:D015746
DB00822,MESH:D015746
DB00903,MESH:D015746
DB00927,MESH:D015746
DB00945,MESH:D015746
DB00968,MESH:D015746
DB01020,MESH:D015746
DB01198,MESH:D015746
DB01426,MESH:D015746
DB09130,MESH:D015746
DB09220,MESH:D015746
DB00703,MESH:D015812
DB09462,MESH:D015812
DB01229,MESH:D015834
DB00955,MESH:D015837
DB01082,MESH:D015837
DB00572,MESH:D015877
DB00802,MESH:D015877
DB00809,MESH:D015877
DB00979,MESH:D015877
DB00981,MESH:D015877
DB01151,MESH:D015877
DB00186,MESH:D016055
DB00472,MESH:D016055
DB00541,MESH:D016055
DB00579,MESH:D016055
DB00656,MESH:D016055
DB00706,MESH:D016055
DB00708,MESH:D016055
DB00783,MESH:D016055
DB00898,MESH:D016055
DB01050,MESH:D016055
DB01174,MESH:D016055
DB01184,MESH:D016055
DB01216,MESH:D016055
DB01224,MESH:D016055
DB01235,MESH:D016055
DB01337,MESH:D016055
DB01454,MESH:D016055
DB00564,MESH:D016135
DB00794,MESH:D016135
DB00308,MESH:D016171
DB00316,MESH:D016171
DB00333,MESH:D016171
DB00537,MESH:D016171
DB00544,MESH:D016171
DB00557,MESH:D016171
DB00604,MESH:D016171
DB00637,MESH:D016171
DB00653,MESH:D016171
DB00813,MESH:D016171
DB00841,MESH:D016171
DB00864,MESH:D016171
DB00898,MESH:D016171
DB00908,MESH:D016171
DB01100,MESH:D016171
DB01113,MESH:D016171
DB01142,MESH:D016171
DB01165,MESH:D016171
DB01167,MESH:D016171
DB01204,MESH:D016171
DB01233,MESH:D016171
DB04841,MESH:D016171
DB04957,MESH:D016171
DB06288,MESH:D016171
DB00480,MESH:D016393
DB00531,MESH:D016393
DB00563,MESH:D016393
DB00441,MESH:D016399
DB00773,MESH:D016399
DB00531,MESH:D016403
DB09053,MESH:D016403
DB00388,MESH:D016470
DB00415,MESH:D016470
DB00916,MESH:D016470
DB00955,MESH:D016470
DB01017,MESH:D016470
DB00181,MESH:D016472
DB01577,MESH:D016472
DB00115,MESH:D016481
DB00448,MESH:D016481
DB00863,MESH:D016481
DB00987,MESH:D016483
DB00184,MESH:D016491
DB00264,MESH:D016491
DB00806,MESH:D016491
DB01088,MESH:D016491
DB00571,MESH:D016534
DB00744,MESH:D016535
DB01222,MESH:D016535
DB00563,MESH:D016543
DB00755,MESH:D016543
DB00635,MESH:D016553
DB00191,MESH:D016584
DB00367,MESH:D016584
DB00404,MESH:D016584
DB00472,MESH:D016584
DB00540,MESH:D016584
DB00546,MESH:D016584
DB00842,MESH:D016584
DB00907,MESH:D016584
DB00915,MESH:D016584
DB01104,MESH:D016584
DB01129,MESH:D016584
DB01183,MESH:D016584
DB01708,MESH:D016584
DB01181,MESH:D016609
DB01041,MESH:D016736
DB00252,MESH:D016757
DB00321,MESH:D016757
DB00599,MESH:D016757
DB00604,MESH:D016757
DB00612,MESH:D016757
DB00818,MESH:D016757
DB01169,MESH:D016757
DB01577,MESH:D016757
DB06228,MESH:D016769
DB00338,MESH:D016773
DB01421,MESH:D016773
DB00250,MESH:D016778
DB00263,MESH:D016778
DB00679,MESH:D016778
DB01182,MESH:D016778
DB01212,MESH:D016870
DB00675,MESH:D016889
DB00977,MESH:D016889
DB00997,MESH:D016889
DB01039,MESH:D016889
DB01380,MESH:D016889
DB00445,MESH:D016893
DB00415,MESH:D016905
DB00955,MESH:D016905
DB01060,MESH:D016905
DB00319,MESH:D016908
DB01190,MESH:D016908
DB00313,MESH:D017029
DB00563,MESH:D017029
DB00906,MESH:D017029
DB00503,MESH:D017088
DB01421,MESH:D017088
DB00238,MESH:D017093
DB00499,MESH:D017093
DB00531,MESH:D017093
DB00535,MESH:D017093
DB00635,MESH:D017093
DB00709,MESH:D017093
DB00759,MESH:D017093
DB00860,MESH:D017093
DB00900,MESH:D017093
DB00907,MESH:D017093
DB00932,MESH:D017093
DB01118,MESH:D017093
DB01190,MESH:D017093
DB04743,MESH:D017093
DB00091,MESH:D017114
DB00252,MESH:D017114
DB00300,MESH:D017114
DB00338,MESH:D017114
DB00398,MESH:D017114
DB00550,MESH:D017114
DB00554,MESH:D017114
DB00555,MESH:D017114
DB00584,MESH:D017114
DB00586,MESH:D017114
DB00649,MESH:D017114
DB00749,MESH:D017114
DB00763,MESH:D017114
DB00907,MESH:D017114
DB01017,MESH:D017114
DB01083,MESH:D017114
DB01132,MESH:D017114
DB01159,MESH:D017114
DB01268,MESH:D017114
DB01364,MESH:D017114
DB01454,MESH:D017114
DB09072,MESH:D017114
DB00295,MESH:D017116
DB00586,MESH:D017116
DB00697,MESH:D017116
DB00959,MESH:D017116
DB01628,MESH:D017116
DB00304,MESH:D017118
DB00313,MESH:D017118
DB00175,MESH:D017119
DB00563,MESH:D017119
DB00203,MESH:D017180
DB00217,MESH:D017180
DB00292,MESH:D017180
DB00308,MESH:D017180
DB00325,MESH:D017180
DB00390,MESH:D017180
DB00397,MESH:D017180
DB00412,MESH:D017180
DB00450,MESH:D017180
DB00544,MESH:D017180
DB00598,MESH:D017180
DB00668,MESH:D017180
DB00723,MESH:D017180
DB00753,MESH:D017180
DB00783,MESH:D017180
DB00818,MESH:D017180
DB00841,MESH:D017180
DB00975,MESH:D017180
DB00981,MESH:D017180
DB01010,MESH:D017180
DB01064,MESH:D017180
DB01110,MESH:D017180
DB01136,MESH:D017180
DB01158,MESH:D017180
DB01159,MESH:D017180
DB01223,MESH:D017180
DB01240,MESH:D017180
DB01244,MESH:D017180
DB01577,MESH:D017180
DB00182,MESH:D017202
DB00188,MESH:D017202
DB00201,MESH:D017202
DB00247,MESH:D017202
DB00264,MESH:D017202
DB00292,MESH:D017202
DB00368,MESH:D017202
DB00381,MESH:D017202
DB00542,MESH:D017202
DB00571,MESH:D017202
DB00708,MESH:D017202
DB00790,MESH:D017202
DB00841,MESH:D017202
DB00864,MESH:D017202
DB00898,MESH:D017202
DB00921,MESH:D017202
DB00977,MESH:D017202
DB01001,MESH:D017202
DB01020,MESH:D017202
DB01196,MESH:D017202
DB01229,MESH:D017202
DB01408,MESH:D017202
DB01580,MESH:D017202
DB09069,MESH:D017202
DB09070,MESH:D017202
DB00636,MESH:D017240
DB00900,MESH:D017240
DB00252,MESH:D017285
DB00635,MESH:D017285
DB00993,MESH:D017285
DB00136,MESH:D017379
DB00363,MESH:D017379
DB00368,MESH:D017379
DB00393,MESH:D017379
DB00584,MESH:D017379
DB00722,MESH:D017379
DB00790,MESH:D017379
DB00877,MESH:D017379
DB01023,MESH:D017379
DB01029,MESH:D017379
DB02709,MESH:D017379
DB09238,MESH:D017379
DB01136,MESH:D017380
DB09140,MESH:D017380
DB00388,MESH:D017445
DB01118,MESH:D017445
DB00636,MESH:D017449
DB00682,MESH:D017449
DB01086,MESH:D017449
DB01172,MESH:D017449
DB14540,MESH:D017449
DB00586,MESH:D017453
DB00636,MESH:D017453
DB00755,MESH:D017495
DB01101,MESH:D017495
DB00784,MESH:D017496
DB00624,MESH:D017544
DB00290,MESH:D017563
DB00907,MESH:D017563
DB00968,MESH:D017563
DB01118,MESH:D017563
DB00563,MESH:D017599
DB00297,MESH:D017674
DB00428,MESH:D017674
DB00999,MESH:D017674
DB08865,MESH:D017674
DB00668,MESH:D017682
DB00907,MESH:D017682
DB00279,MESH:D017880
DB00544,MESH:D017880
DB00755,MESH:D017880
DB00898,MESH:D017880
DB00158,MESH:D018149
DB00273,MESH:D018149
DB00627,MESH:D018149
DB00900,MESH:D018149
DB01016,MESH:D018149
DB01234,MESH:D018149
DB01356,MESH:D018149
DB02709,MESH:D018149
DB00422,MESH:D018197
DB00619,MESH:D018222
DB00445,MESH:D018241
DB00255,MESH:D018248
DB00842,MESH:D018248
DB01406,MESH:D018248
DB06718,MESH:D018248
DB00428,MESH:D018268
DB00834,MESH:D018268
DB01248,MESH:D018269
DB00412,MESH:D018270
DB00603,MESH:D018270
DB00727,MESH:D018281
DB00171,MESH:D018287
DB00925,MESH:D018288
DB00255,MESH:D018376
DB00982,MESH:D018376
DB01576,MESH:D018376
DB00361,MESH:D018450
DB01098,MESH:D018450
DB00118,MESH:D018476
DB00206,MESH:D018476
DB00277,MESH:D018476
DB00458,MESH:D018476
DB00544,MESH:D018476
DB00564,MESH:D018476
DB00575,MESH:D018476
DB00585,MESH:D018476
DB00747,MESH:D018476
DB00752,MESH:D018476
DB00925,MESH:D018476
DB01235,MESH:D018476
DB01576,MESH:D018476
DB11757,MESH:D018476
DB00214,MESH:D018487
DB00227,MESH:D018487
DB00264,MESH:D018487
DB00280,MESH:D018487
DB00331,MESH:D018487
DB00390,MESH:D018487
DB00398,MESH:D018487
DB00446,MESH:D018487
DB00531,MESH:D018487
DB00559,MESH:D018487
DB00678,MESH:D018487
DB00692,MESH:D018487
DB00727,MESH:D018487
DB00806,MESH:D018487
DB00907,MESH:D018487
DB00987,MESH:D018487
DB01073,MESH:D018487
DB01244,MESH:D018487
DB01248,MESH:D018487
DB01324,MESH:D018487
DB01592,MESH:D018487
DB01593,MESH:D018487
DB11672,MESH:D018487
DB00435,MESH:D018497
DB00997,MESH:D018497
DB00224,MESH:D018500
DB00300,MESH:D018500
DB00465,MESH:D018500
DB00594,MESH:D018500
DB00900,MESH:D018500
DB01028,MESH:D018500
DB00281,MESH:D018754
DB00457,MESH:D018754
DB00544,MESH:D018754
DB00584,MESH:D018754
DB00668,MESH:D018754
DB00898,MESH:D018754
DB00997,MESH:D018754
DB09130,MESH:D018754
DB00227,MESH:D018771
DB00244,MESH:D018771
DB00268,MESH:D018771
DB00381,MESH:D018771
DB00550,MESH:D018771
DB00605,MESH:D018771
DB00641,MESH:D018771
DB00968,MESH:D018771
DB01012,MESH:D018771
DB01082,MESH:D018771
DB01147,MESH:D018771
DB01165,MESH:D018771
DB14500,MESH:D018771
DB00338,MESH:D018798
DB00788,MESH:D018798
DB00290,MESH:D018805
DB00445,MESH:D018805
DB00479,MESH:D018805
DB00541,MESH:D018805
DB00773,MESH:D018805
DB01045,MESH:D018805
DB01177,MESH:D018805
DB01190,MESH:D018805
DB01329,MESH:D018805
DB01394,MESH:D018805
DB06696,MESH:D018805
DB02709,MESH:D018827
DB00759,MESH:D018856
DB00067,MESH:D018879
DB00201,MESH:D018879
DB00280,MESH:D018879
DB00295,MESH:D018879
DB00388,MESH:D018879
DB00397,MESH:D018879
DB00612,MESH:D018879
DB00975,MESH:D018879
DB01182,MESH:D018879
DB01195,MESH:D018879
DB01223,MESH:D018879
DB01577,MESH:D018879
DB00907,MESH:D018883
DB00091,MESH:D018908
DB00115,MESH:D018908
DB00250,MESH:D018908
DB00270,MESH:D018908
DB00295,MESH:D018908
DB00358,MESH:D018908
DB00379,MESH:D018908
DB00541,MESH:D018908
DB00571,MESH:D018908
DB00636,MESH:D018908
DB00641,MESH:D018908
DB00648,MESH:D018908
DB00683,MESH:D018908
DB00734,MESH:D018908
DB00756,MESH:D018908
DB00829,MESH:D018908
DB00968,MESH:D018908
DB01045,MESH:D018908
DB01076,MESH:D018908
DB01241,MESH:D018908
DB01248,MESH:D018908
DB01611,MESH:D018908
DB00250,MESH:D018917
DB00492,MESH:D018917
DB00541,MESH:D019046
DB00997,MESH:D019046
DB00780,MESH:D019226
DB01174,MESH:D019226
DB01262,MESH:D019337
DB00126,MESH:D019446
DB01016,MESH:D019446
DB00328,MESH:D019457
DB00583,MESH:D019457
DB00915,MESH:D019457
DB12965,MESH:D019457
DB00459,MESH:D019465
DB00514,MESH:D019465
DB00564,MESH:D019465
DB00619,MESH:D019465
DB00741,MESH:D019465
DB01234,MESH:D019465
DB00007,MESH:D019586
DB00252,MESH:D019586
DB00320,MESH:D019586
DB00683,MESH:D019586
DB00819,MESH:D019586
DB00945,MESH:D019586
DB01165,MESH:D019586
DB06151,MESH:D019586
DB00182,MESH:D019636
DB00563,MESH:D019636
DB00864,MESH:D019636
DB01085,MESH:D019636
DB01364,MESH:D019636
DB01373,MESH:D019636
DB00857,MESH:D019693
DB00860,MESH:D019693
DB04839,MESH:D019693
DB00194,MESH:D019694
DB00300,MESH:D019694
DB00328,MESH:D019698
DB01586,MESH:D019698
DB00977,MESH:D019851
DB00273,MESH:D019954
DB00313,MESH:D019954
DB00422,MESH:D019954
DB00537,MESH:D019954
DB00818,MESH:D019954
DB00864,MESH:D019954
DB00898,MESH:D019954
DB00908,MESH:D019954
DB00987,MESH:D019954
DB01080,MESH:D019954
DB06637,MESH:D019954
DB09130,MESH:D019954
DB11672,MESH:D019954
DB00295,MESH:D019956
DB00458,MESH:D019956
DB01037,MESH:D019956
DB01240,MESH:D019956
DB04821,MESH:D019956
DB06148,MESH:D019956
DB00422,MESH:D019957
DB00756,MESH:D019957
DB01205,MESH:D019957
DB01356,MESH:D019957
DB01577,MESH:D019957
DB00571,MESH:D019958
DB00289,MESH:D019964
DB00376,MESH:D019964
DB00390,MESH:D019964
DB00454,MESH:D019964
DB00472,MESH:D019964
DB00540,MESH:D019964
DB00599,MESH:D019964
DB00715,MESH:D019964
DB00734,MESH:D019964
DB00906,MESH:D019964
DB00907,MESH:D019964
DB00949,MESH:D019964
DB01017,MESH:D019964
DB01080,MESH:D019964
DB01577,MESH:D019964
DB01181,MESH:D019965
DB00318,MESH:D019966
DB00321,MESH:D019966
DB00397,MESH:D019966
DB00404,MESH:D019966
DB00477,MESH:D019966
DB00792,MESH:D019966
DB00830,MESH:D019966
DB00921,MESH:D019966
DB01028,MESH:D019966
DB01115,MESH:D019966
DB01221,MESH:D019966
DB01438,MESH:D019966
DB01454,MESH:D019966
DB01577,MESH:D019966
DB09072,MESH:D019966
DB00334,MESH:D019969
DB00370,MESH:D019969
DB00514,MESH:D019969
DB00734,MESH:D019969
DB01365,MESH:D019969
DB01577,MESH:D019969
DB00134,MESH:D019970
DB00148,MESH:D019970
DB00201,MESH:D019970
DB00234,MESH:D019970
DB00270,MESH:D019970
DB00466,MESH:D019970
DB00574,MESH:D019970
DB00678,MESH:D019970
DB00683,MESH:D019970
DB00721,MESH:D019970
DB00755,MESH:D019970
DB00830,MESH:D019970
DB00904,MESH:D019970
DB00906,MESH:D019970
DB00907,MESH:D019970
DB00996,MESH:D019970
DB01017,MESH:D019970
DB01151,MESH:D019970
DB01156,MESH:D019970
DB01183,MESH:D019970
DB01235,MESH:D019970
DB01238,MESH:D019970
DB06155,MESH:D019970
DB00285,MESH:D020018
DB00373,MESH:D020018
DB00390,MESH:D020018
DB00470,MESH:D020018
DB00476,MESH:D020018
DB00490,MESH:D020018
DB00675,MESH:D020018
DB00752,MESH:D020018
DB01041,MESH:D020018
DB01171,MESH:D020018
DB01184,MESH:D020018
DB01356,MESH:D020018
DB01076,MESH:D020078
DB00252,MESH:D020138
DB00627,MESH:D020138
DB00435,MESH:D020149
DB00295,MESH:D020181
DB00624,MESH:D020181
DB00669,MESH:D020225
DB00244,MESH:D020233
DB00331,MESH:D020233
DB00541,MESH:D020233
DB01080,MESH:D020233
DB01221,MESH:D020233
DB06283,MESH:D020233
DB14509,MESH:D020233
DB00961,MESH:D020234
DB01356,MESH:D020234
DB01623,MESH:D020234
DB00641,MESH:D020244
DB00783,MESH:D020244
DB01065,MESH:D020244
DB02709,MESH:D020244
DB00007,MESH:D020246
DB00231,MESH:D020246
DB00334,MESH:D020246
DB00441,MESH:D020246
DB00481,MESH:D020246
DB00563,MESH:D020246
DB00603,MESH:D020246
DB00635,MESH:D020246
DB00755,MESH:D020246
DB00880,MESH:D020246
DB00907,MESH:D020246
DB01041,MESH:D020246
DB01234,MESH:D020246
DB01544,MESH:D020246
DB06695,MESH:D020246
DB00722,MESH:D020257
DB00997,MESH:D020257
DB02709,MESH:D020257
DB06756,MESH:D020257
DB00168,MESH:D020258
DB00184,MESH:D020258
DB00197,MESH:D020258
DB00296,MESH:D020258
DB00309,MESH:D020258
DB00313,MESH:D020258
DB00321,MESH:D020258
DB00325,MESH:D020258
DB00412,MESH:D020258
DB00570,MESH:D020258
DB00581,MESH:D020258
DB00661,MESH:D020258
DB00713,MESH:D020258
DB00787,MESH:D020258
DB00795,MESH:D020258
DB00864,MESH:D020258
DB00959,MESH:D020258
DB01016,MESH:D020258
DB11672,MESH:D020261
DB00328,MESH:D020300
DB00544,MESH:D020300
DB00564,MESH:D020300
DB00652,MESH:D020300
DB00907,MESH:D020300
DB00945,MESH:D020300
DB00987,MESH:D020300
DB00182,MESH:D020301
DB00252,MESH:D020301
DB00325,MESH:D020301
DB00541,MESH:D020301
DB00728,MESH:D020301
DB00921,MESH:D020301
DB01113,MESH:D020301
DB00502,MESH:D020323
DB00661,MESH:D020325
DB00669,MESH:D020325
DB00320,MESH:D020326
DB00917,MESH:D020326
DB00181,MESH:D020329
DB03575,MESH:D020329
DB00441,MESH:D020345
DB01229,MESH:D020426
DB00384,MESH:D020514
DB00641,MESH:D020520
DB00822,MESH:D020520
DB01092,MESH:D020520
DB01229,MESH:D020520
DB00140,MESH:D020521
DB00175,MESH:D020521
DB00182,MESH:D020521
DB00201,MESH:D020521
DB00255,MESH:D020521
DB00316,MESH:D020521
DB00533,MESH:D020521
DB00652,MESH:D020521
DB00669,MESH:D020521
DB00715,MESH:D020521
DB00758,MESH:D020521
DB00822,MESH:D020521
DB00898,MESH:D020521
DB01041,MESH:D020521
DB01105,MESH:D020521
DB01136,MESH:D020521
DB01200,MESH:D020521
DB08814,MESH:D020521
DB09070,MESH:D020521
DB01204,MESH:D020522
DB00321,MESH:D020734
DB00477,MESH:D020734
DB00809,MESH:D020734
DB00810,MESH:D020734
DB00822,MESH:D020734
DB00850,MESH:D020734
DB01026,MESH:D020734
DB01037,MESH:D020734
DB01065,MESH:D020734
DB01104,MESH:D020734
DB01118,MESH:D020734
DB01601,MESH:D020734
DB11672,MESH:D020734
DB11757,MESH:D020734
DB01043,MESH:D020751
DB00758,MESH:D020760
DB00541,MESH:D020767
DB00682,MESH:D020767
DB01242,MESH:D020767
DB00945,MESH:D020795
DB00953,MESH:D020795
DB01065,MESH:D020795
DB00413,MESH:D020820
DB00502,MESH:D020820
DB00564,MESH:D020820
DB00589,MESH:D020820
DB00690,MESH:D020820
DB00813,MESH:D020820
DB00850,MESH:D020820
DB01026,MESH:D020820
DB01115,MESH:D020820
DB01174,MESH:D020820
DB01200,MESH:D020820
DB01624,MESH:D020820
DB00363,MESH:D020821
DB00450,MESH:D020821
DB00490,MESH:D020821
DB00502,MESH:D020821
DB04844,MESH:D020821
DB00202,MESH:D020879
DB00648,MESH:D020879
DB00961,MESH:D020879
DB01159,MESH:D020886
DB01339,MESH:D020886
DB00502,MESH:D020920
DB01396,MESH:D020925
DB00396,MESH:D020964
DB00544,MESH:D020964
DB00947,MESH:D020964
DB01110,MESH:D020964
DB01221,MESH:D020964
DB11155,MESH:D020964
DB00677,MESH:D021081
DB00583,MESH:D022124
DB00788,MESH:D022124
DB00819,MESH:D022124
DB06819,MESH:D022124
DB00788,MESH:D023341
DB00822,MESH:D023341
DB00968,MESH:D023341
DB00993,MESH:D023341
DB01426,MESH:D023341
DB00945,MESH:D023903
DB00692,MESH:D023921
DB00770,MESH:D023921
DB00313,MESH:D024821
DB00363,MESH:D024821
DB00627,MESH:D024821
DB00966,MESH:D024821
DB02709,MESH:D024821
DB14500,MESH:D024821
DB00446,MESH:D028361
DB00583,MESH:D028361
DB01064,MESH:D028361
DB01177,MESH:D028361
DB01204,MESH:D028361
DB01373,MESH:D028361
DB00549,MESH:D029424
DB00584,MESH:D029424
DB01211,MESH:D029424
DB01223,MESH:D029424
DB01409,MESH:D029424
DB00467,MESH:D029481
DB00588,MESH:D029481
DB01001,MESH:D029481
DB00381,MESH:D033461
DB00437,MESH:D033461
DB01138,MESH:D033461
DB00678,MESH:D034141
DB00997,MESH:D034141
DB00319,MESH:D034381
DB00452,MESH:D034381
DB00479,MESH:D034381
DB00750,MESH:D034381
DB00903,MESH:D034381
DB00936,MESH:D034381
DB00945,MESH:D034381
DB00951,MESH:D034381
DB01082,MESH:D034381
DB01093,MESH:D034381
DB01611,MESH:D034381
DB00709,MESH:D039682
DB00330,MESH:D041781
DB00537,MESH:D041781
DB00603,MESH:D041781
DB00672,MESH:D041781
DB00730,MESH:D041781
DB00783,MESH:D041781
DB00839,MESH:D041781
DB00863,MESH:D041781
DB00912,MESH:D041781
DB00968,MESH:D041781
DB00993,MESH:D041781
DB01241,MESH:D041781
DB01586,MESH:D041781
DB00295,MESH:D042882
DB06777,MESH:D042882
DB01616,MESH:D043183
DB01393,MESH:D044882
DB14509,MESH:D044882
DB01229,MESH:D045743
DB00727,MESH:D046110
DB00197,MESH:D047508
DB00313,MESH:D047508
DB00627,MESH:D047508
DB00946,MESH:D047508
DB00182,MESH:D047928
DB00396,MESH:D047928
DB00333,MESH:D048550
DB08995,MESH:D048550
DB09140,MESH:D048550
DB00134,MESH:D048629
DB00173,MESH:D048629
DB01005,MESH:D048629
DB09270,MESH:D048629
DB11081,MESH:D048629
DB12965,MESH:D048629
DB00435,MESH:D048909
DB00590,MESH:D048909
DB01016,MESH:D048909
DB00204,MESH:D049188
DB00563,MESH:D049188
DB00564,MESH:D049188
DB00584,MESH:D049188
DB00755,MESH:D049188
DB00822,MESH:D049188
DB01093,MESH:D049188
DB01202,MESH:D049188
DB12965,MESH:D049188
DB00227,MESH:D050171
DB00334,MESH:D050171
DB00428,MESH:D050171
DB00898,MESH:D050171
DB00973,MESH:D050171
DB01076,MESH:D050171
DB01406,MESH:D050171
DB00264,MESH:D050197
DB00270,MESH:D050197
DB00363,MESH:D050197
DB00435,MESH:D050197
DB00514,MESH:D050197
DB00542,MESH:D050197
DB00550,MESH:D050197
DB00624,MESH:D050197
DB00627,MESH:D050197
DB00668,MESH:D050197
DB00783,MESH:D050197
DB00936,MESH:D050197
DB01067,MESH:D050197
DB05381,MESH:D050197
DB06209,MESH:D050197
DB09236,MESH:D050197
DB00328,MESH:D051436
DB02709,MESH:D051436
DB00158,MESH:D051437
DB00244,MESH:D051437
DB00252,MESH:D051437
DB00277,MESH:D051437
DB00282,MESH:D051437
DB00322,MESH:D051437
DB00338,MESH:D051437
DB00390,MESH:D051437
DB00397,MESH:D051437
DB00418,MESH:D051437
DB00439,MESH:D051437
DB00441,MESH:D051437
DB00456,MESH:D051437
DB00537,MESH:D051437
DB00554,MESH:D051437
DB00559,MESH:D051437
DB00584,MESH:D051437
DB00594,MESH:D051437
DB00647,MESH:D051437
DB00698,MESH:D051437
DB00713,MESH:D051437
DB00718,MESH:D051437
DB00746,MESH:D051437
DB00787,MESH:D051437
DB00788,MESH:D051437
DB00797,MESH:D051437
DB00818,MESH:D051437
DB00822,MESH:D051437
DB00864,MESH:D051437
DB00881,MESH:D051437
DB00900,MESH:D051437
DB00929,MESH:D051437
DB00955,MESH:D051437
DB00999,MESH:D051437
DB01041,MESH:D051437
DB01118,MESH:D051437
DB01169,MESH:D051437
DB01394,MESH:D051437
DB01406,MESH:D051437
DB01603,MESH:D051437
DB03783,MESH:D051437
DB14001,MESH:D051437
DB00297,MESH:D051474
DB01221,MESH:D051474
DB00445,MESH:D052016
DB00531,MESH:D052016
DB00563,MESH:D052016
DB00694,MESH:D052016
DB00813,MESH:D052016
DB00987,MESH:D052016
DB00328,MESH:D052177
DB00227,MESH:D052456
DB00973,MESH:D052456
DB00224,MESH:D052878
DB00384,MESH:D052878
DB00625,MESH:D052878
DB00273,MESH:D053040
DB00359,MESH:D053040
DB01212,MESH:D053040
DB00498,MESH:D053099
DB00541,MESH:D053099
DB00573,MESH:D053099
DB00618,MESH:D053099
DB00695,MESH:D053099
DB00714,MESH:D053099
DB00830,MESH:D053099
DB00864,MESH:D053099
DB01050,MESH:D053099
DB01099,MESH:D053099
DB00295,MESH:D053201
DB01036,MESH:D053201
DB01162,MESH:D053201
DB01438,MESH:D053201
DB01603,MESH:D053201
DB00277,MESH:D053565
DB00864,MESH:D053565
DB01234,MESH:D053565
DB00312,MESH:D053608
DB00414,MESH:D053608
DB00458,MESH:D053608
DB00501,MESH:D053608
DB00563,MESH:D053608
DB00945,MESH:D053608
DB01068,MESH:D053608
DB01413,MESH:D053608
DB01607,MESH:D053608
DB00186,MESH:D053609
DB00252,MESH:D053609
DB00277,MESH:D053609
DB00441,MESH:D053609
DB00635,MESH:D053609
DB00679,MESH:D053609
DB00776,MESH:D053609
DB00829,MESH:D053609
DB00852,MESH:D053609
DB00863,MESH:D053609
DB00907,MESH:D053609
DB01060,MESH:D053609
DB01181,MESH:D053609
DB01200,MESH:D053609
DB01242,MESH:D053609
DB01396,MESH:D053609
DB00443,MESH:D053627
DB00795,MESH:D053627
DB01151,MESH:D053840
DB01182,MESH:D053840
DB00252,MESH:D054038
DB00544,MESH:D054038
DB01115,MESH:D054038
DB00565,MESH:D054058
DB00727,MESH:D054058
DB00829,MESH:D054058
DB00860,MESH:D054058
DB00952,MESH:D054058
DB01076,MESH:D054058
DB00898,MESH:D054079
DB00276,MESH:D054198
DB00309,MESH:D054198
DB00755,MESH:D054198
DB00773,MESH:D054198
DB00877,MESH:D054198
DB00959,MESH:D054198
DB01073,MESH:D054198
DB02709,MESH:D054198
DB00531,MESH:D054218
DB01033,MESH:D054218
DB02709,MESH:D054218
DB00982,MESH:D054220
DB01080,MESH:D054220
DB00242,MESH:D054537
DB00297,MESH:D054537
DB00445,MESH:D054537
DB00458,MESH:D054537
DB00477,MESH:D054537
DB00521,MESH:D054537
DB00531,MESH:D054537
DB00640,MESH:D054537
DB00695,MESH:D054537
DB00734,MESH:D054537
DB00813,MESH:D054537
DB00818,MESH:D054537
DB00843,MESH:D054537
DB00867,MESH:D054537
DB00989,MESH:D054537
DB01041,MESH:D054537
DB01113,MESH:D054537
DB01169,MESH:D054537
DB01170,MESH:D054537
DB01219,MESH:D054537
DB00115,MESH:D054556
DB00675,MESH:D054556
DB00945,MESH:D054556
DB06695,MESH:D054556
DB00169,MESH:D054559
DB00829,MESH:D055191
DB00193,MESH:D055370
DB00201,MESH:D055370
DB01026,MESH:D055370
DB01169,MESH:D055370
DB06204,MESH:D055370
DB00741,MESH:D055371
DB00744,MESH:D055371
DB01956,MESH:D055371
DB04868,MESH:D055371
DB00480,MESH:D055728
DB00812,MESH:D055728
DB00309,MESH:D055752
DB00445,MESH:D055752
DB00619,MESH:D055752
DB00122,MESH:D056486
DB00134,MESH:D056486
DB00157,MESH:D056486
DB00175,MESH:D056486
DB00188,MESH:D056486
DB00193,MESH:D056486
DB00197,MESH:D056486
DB00199,MESH:D056486
DB00201,MESH:D056486
DB00215,MESH:D056486
DB00218,MESH:D056486
DB00224,MESH:D056486
DB00228,MESH:D056486
DB00250,MESH:D056486
DB00279,MESH:D056486
DB00285,MESH:D056486
DB00295,MESH:D056486
DB00335,MESH:D056486
DB00346,MESH:D056486
DB00358,MESH:D056486
DB00376,MESH:D056486
DB00379,MESH:D056486
DB00390,MESH:D056486
DB00428,MESH:D056486
DB00431,MESH:D056486
DB00437,MESH:D056486
DB00446,MESH:D056486
DB00495,MESH:D056486
DB00503,MESH:D056486
DB00518,MESH:D056486
DB00586,MESH:D056486
DB00627,MESH:D056486
DB00637,MESH:D056486
DB00641,MESH:D056486
DB00675,MESH:D056486
DB00690,MESH:D056486
DB00698,MESH:D056486
DB00713,MESH:D056486
DB00758,MESH:D056486
DB00776,MESH:D056486
DB00780,MESH:D056486
DB00787,MESH:D056486
DB00788,MESH:D056486
DB00814,MESH:D056486
DB00839,MESH:D056486
DB00847,MESH:D056486
DB00850,MESH:D056486
DB00884,MESH:D056486
DB00898,MESH:D056486
DB00904,MESH:D056486
DB00921,MESH:D056486
DB00927,MESH:D056486
DB00928,MESH:D056486
DB00936,MESH:D056486
DB00945,MESH:D056486
DB00946,MESH:D056486
DB00959,MESH:D056486
DB00966,MESH:D056486
DB00973,MESH:D056486
DB00975,MESH:D056486
DB00987,MESH:D056486
DB00989,MESH:D056486
DB00995,MESH:D056486
DB01011,MESH:D056486
DB01017,MESH:D056486
DB01029,MESH:D056486
DB01039,MESH:D056486
DB01053,MESH:D056486
DB01060,MESH:D056486
DB01083,MESH:D056486
DB01094,MESH:D056486
DB01115,MESH:D056486
DB01128,MESH:D056486
DB01132,MESH:D056486
DB01142,MESH:D056486
DB01150,MESH:D056486
DB01173,MESH:D056486
DB01189,MESH:D056486
DB01204,MESH:D056486
DB01232,MESH:D056486
DB01259,MESH:D056486
DB01364,MESH:D056486
DB01426,MESH:D056486
DB01616,MESH:D056486
DB04839,MESH:D056486
DB05990,MESH:D056486
DB08804,MESH:D056486
DB08846,MESH:D056486
DB08995,MESH:D056486
DB09288,MESH:D056486
DB00550,MESH:D056647
DB00333,MESH:D056784
DB00441,MESH:D056784
DB00641,MESH:D056784
DB00694,MESH:D056784
DB01204,MESH:D056784
DB01229,MESH:D056784
DB01452,MESH:D056784
DB01576,MESH:D056912
DB06155,MESH:D056912
DB00519,MESH:D057049
DB00864,MESH:D057049
DB00177,MESH:D057772
DB00262,MESH:D057772
DB00412,MESH:D058065
DB01956,MESH:D058065
DB00148,MESH:D058186
DB00169,MESH:D058186
DB00224,MESH:D058186
DB00252,MESH:D058186
DB00316,MESH:D058186
DB00368,MESH:D058186
DB00397,MESH:D058186
DB00456,MESH:D058186
DB00470,MESH:D058186
DB00482,MESH:D058186
DB00493,MESH:D058186
DB00495,MESH:D058186
DB00498,MESH:D058186
DB00501,MESH:D058186
DB00541,MESH:D058186
DB00543,MESH:D058186
DB00554,MESH:D058186
DB00567,MESH:D058186
DB00573,MESH:D058186
DB00577,MESH:D058186
DB00584,MESH:D058186
DB00586,MESH:D058186
DB00612,MESH:D058186
DB00630,MESH:D058186
DB00678,MESH:D058186
DB00712,MESH:D058186
DB00722,MESH:D058186
DB00726,MESH:D058186
DB00738,MESH:D058186
DB00752,MESH:D058186
DB00773,MESH:D058186
DB00778,MESH:D058186
DB00787,MESH:D058186
DB00788,MESH:D058186
DB00811,MESH:D058186
DB00830,MESH:D058186
DB00864,MESH:D058186
DB00917,MESH:D058186
DB00996,MESH:D058186
DB00997,MESH:D058186
DB01001,MESH:D058186
DB01060,MESH:D058186
DB01073,MESH:D058186
DB01115,MESH:D058186
DB01165,MESH:D058186
DB01268,MESH:D058186
DB01330,MESH:D058186
DB01373,MESH:D058186
DB01426,MESH:D058186
DB01452,MESH:D058186
DB01454,MESH:D058186
DB02709,MESH:D058186
DB04841,MESH:D058186
DB06718,MESH:D058186
DB09069,MESH:D058186
DB14500,MESH:D058186
DB00758,MESH:D058226
DB01273,MESH:D058226
DB06774,MESH:D058226
DB00495,MESH:D058426
DB01183,MESH:D058426
DB04942,MESH:D058426
DB00262,MESH:D058447
DB00698,MESH:D058625
DB00945,MESH:D058739
DB00622,MESH:D060050
DB00584,MESH:D060825
DB01022,MESH:D061205
DB00316,MESH:D062787
DB00334,MESH:D062787
DB00342,MESH:D062787
DB00343,MESH:D062787
DB00402,MESH:D062787
DB00541,MESH:D062787
DB00584,MESH:D062787
DB00637,MESH:D062787
DB00647,MESH:D062787
DB00652,MESH:D062787
DB00656,MESH:D062787
DB00747,MESH:D062787
DB00792,MESH:D062787
DB00831,MESH:D062787
DB00864,MESH:D062787
DB00935,MESH:D062787
DB01115,MESH:D062787
DB01206,MESH:D062787
DB01452,MESH:D062787
DB01620,MESH:D062787
DB06283,MESH:D062787
DB01026,MESH:D064129
DB00480,MESH:D064793
DB00284,MESH:D065626
DB00313,MESH:D065626
DB00412,MESH:D065626
DB00428,MESH:D065626
DB00624,MESH:D065626
DB11136,MESH:D065626
DB00341,MESH:D065631
DB00325,MESH:D065666
DB00126,MESH:D066126
DB00317,MESH:D066126
DB00379,MESH:D066126
DB00380,MESH:D066126
DB00445,MESH:D066126
DB01177,MESH:D066126
DB01956,MESH:D066126
DB08804,MESH:D066126
