DrugID,DiseaseID,numPreds
DB09140,MESH:D000013,40
DB09140,MESH:D000014,40
DB09140,MESH:D000799,40
DB09140,MESH:D000860,40
DB09140,MESH:D001145,40
DB09140,MESH:D001172,40
DB09140,MESH:D001919,40
DB09140,MESH:D001943,40
DB09140,MESH:D001997,40
DB09140,MESH:D002289,40
DB09140,MESH:D002303,40
DB09140,MESH:D002312,40
DB09140,MESH:D002545,40
DB09140,MESH:D002546,27
DB09140,MESH:D003128,40
DB09140,MESH:D003329,40
DB09140,MESH:D003490,40
DB09140,MESH:D003556,40
DB09140,MESH:D003929,40
DB09140,MESH:D004195,40
DB09140,MESH:D004487,40
DB09140,MESH:D005317,40
DB09140,MESH:D005355,40
DB09140,MESH:D005767,40
DB09140,MESH:D006327,40
DB09140,MESH:D006332,40
DB09140,MESH:D006417,40
DB09140,MESH:D006470,40
DB09140,MESH:D006505,40
DB09140,MESH:D006973,40
DB09140,MESH:D006976,40
DB09140,MESH:D007006,40
DB09140,MESH:D007022,40
DB09140,MESH:D007232,40
DB09140,MESH:D007247,40
DB09140,MESH:D007249,40
DB09140,MESH:D007333,40
DB09140,MESH:D007511,40
DB09140,MESH:D007674,40
DB09140,MESH:D008107,40
DB09140,MESH:D008175,40
DB09140,MESH:D008569,40
DB09140,MESH:D009069,40
DB09140,MESH:D009202,40
DB09140,MESH:D009203,40
DB09140,MESH:D009336,40
DB09140,MESH:D009361,40
DB09140,MESH:D009362,40
DB09140,MESH:D009369,40
DB09140,MESH:D009389,40
DB09140,MESH:D009410,40
DB09140,MESH:D009461,40
DB09140,MESH:D010996,40
DB09140,MESH:D011014,40
DB09140,MESH:D011183,40
DB09140,MESH:D011225,40
DB09140,MESH:D011507,40
DB09140,MESH:D011654,40
DB09140,MESH:D011658,40
DB09140,MESH:D012128,40
DB09140,MESH:D012164,40
DB09140,MESH:D012178,40
DB09140,MESH:D012640,40
DB09140,MESH:D013272,39
DB09140,MESH:D013276,40
DB09140,MESH:D013398,40
DB09140,MESH:D013610,40
DB09140,MESH:D013733,40
DB09140,MESH:D014839,40
DB09140,MESH:D015428,40
DB09140,MESH:D015431,40
DB09140,MESH:D015861,40
DB09140,MESH:D018450,40
DB09140,MESH:D018487,40
DB09140,MESH:D018496,40
DB09140,MESH:D018754,40
DB09140,MESH:D018921,40
DB09140,MESH:D019954,40
DB09140,MESH:D020244,40
DB09140,MESH:D020345,40
DB09140,MESH:D050197,40
DB09140,MESH:D055370,40
DB09140,MESH:D055371,40
DB09140,MESH:D056486,40
DB09140,MESH:D057772,40
DB09140,MESH:D058186,40
DB09140,MESH:D064726,2
DB09140,MESH:D066253,40
DB00730,MESH:D000013,40
DB00730,MESH:D001744,40
DB00730,MESH:D001749,40
DB00730,MESH:D002779,40
DB00730,MESH:D006417,0
DB00730,MESH:D006869,40
DB00730,MESH:D007669,40
DB00730,MESH:D007674,40
DB00730,MESH:D008103,40
DB00730,MESH:D008107,40
DB00730,MESH:D009336,40
DB00730,MESH:D011537,26
DB00730,MESH:D012859,40
DB00730,MESH:D013262,40
DB00730,MESH:D020261,40
DB00730,MESH:D056486,40
DB00898,MESH:D000013,40
DB00898,MESH:D000014,40
DB00898,MESH:D000236,40
DB00898,MESH:D000303,40
DB00898,MESH:D000402,40
DB00898,MESH:D000430,40
DB00898,MESH:D000435,40
DB00898,MESH:D000437,40
DB00898,MESH:D000647,40
DB00898,MESH:D000853,40
DB00898,MESH:D000855,40
DB00898,MESH:D001008,40
DB00898,MESH:D001068,40
DB00898,MESH:D001247,40
DB00898,MESH:D001259,40
DB00898,MESH:D001281,40
DB00898,MESH:D001284,40
DB00898,MESH:D001289,40
DB00898,MESH:D001342,40
DB00898,MESH:D001714,40
DB00898,MESH:D001766,40
DB00898,MESH:D001835,40
DB00898,MESH:D001851,40
DB00898,MESH:D001862,40
DB00898,MESH:D001919,40
DB00898,MESH:D001927,40
DB00898,MESH:D001929,40
DB00898,MESH:D001930,40
DB00898,MESH:D001943,40
DB00898,MESH:D002310,40
DB00898,MESH:D002311,40
DB00898,MESH:D002318,40
DB00898,MESH:D002386,40
DB00898,MESH:D002493,40
DB00898,MESH:D002526,40
DB00898,MESH:D002532,40
DB00898,MESH:D002543,40
DB00898,MESH:D002545,40
DB00898,MESH:D002658,40
DB00898,MESH:D002971,40
DB00898,MESH:D002972,40
DB00898,MESH:D003072,40
DB00898,MESH:D003092,40
DB00898,MESH:D003128,40
DB00898,MESH:D003645,40
DB00898,MESH:D003866,40
DB00898,MESH:D004195,40
DB00898,MESH:D004413,40
DB00898,MESH:D004417,40
DB00898,MESH:D004427,40
DB00898,MESH:D004487,40
DB00898,MESH:D004489,40
DB00898,MESH:D004719,40
DB00898,MESH:D004938,40
DB00898,MESH:D005124,40
DB00898,MESH:D005234,40
DB00898,MESH:D005235,40
DB00898,MESH:D005317,40
DB00898,MESH:D005355,40
DB00898,MESH:D005483,40
DB00898,MESH:D005767,40
DB00898,MESH:D005923,40
DB00898,MESH:D006212,40
DB00898,MESH:D006330,40
DB00898,MESH:D006331,40
DB00898,MESH:D006332,40
DB00898,MESH:D006335,40
DB00898,MESH:D006344,40
DB00898,MESH:D006391,40
DB00898,MESH:D006417,40
DB00898,MESH:D006470,40
DB00898,MESH:D006505,40
DB00898,MESH:D006519,40
DB00898,MESH:D006528,40
DB00898,MESH:D006529,40
DB00898,MESH:D006869,40
DB00898,MESH:D006930,40
DB00898,MESH:D006940,40
DB00898,MESH:D006943,40
DB00898,MESH:D006948,40
DB00898,MESH:D006973,40
DB00898,MESH:D007154,40
DB00898,MESH:D007249,40
DB00898,MESH:D007511,40
DB00898,MESH:D007569,40
DB00898,MESH:D007674,40
DB00898,MESH:D007683,40
DB00898,MESH:D007859,40
DB00898,MESH:D008103,40
DB00898,MESH:D008104,39
DB00898,MESH:D008106,40
DB00898,MESH:D008107,40
DB00898,MESH:D008108,40
DB00898,MESH:D008113,40
DB00898,MESH:D008114,40
DB00898,MESH:D008133,40
DB00898,MESH:D008175,40
DB00898,MESH:D008548,40
DB00898,MESH:D008569,40
DB00898,MESH:D008607,40
DB00898,MESH:D008831,40
DB00898,MESH:D008850,40
DB00898,MESH:D009059,40
DB00898,MESH:D009069,40
DB00898,MESH:D009102,40
DB00898,MESH:D009135,40
DB00898,MESH:D009202,40
DB00898,MESH:D009203,40
DB00898,MESH:D009325,40
DB00898,MESH:D009336,40
DB00898,MESH:D009361,40
DB00898,MESH:D009362,40
DB00898,MESH:D009421,40
DB00898,MESH:D009422,40
DB00898,MESH:D009845,40
DB00898,MESH:D009846,40
DB00898,MESH:D009901,40
DB00898,MESH:D010003,40
DB00898,MESH:D010146,40
DB00898,MESH:D010190,40
DB00898,MESH:D010195,40
DB00898,MESH:D010523,40
DB00898,MESH:D010538,40
DB00898,MESH:D010698,40
DB00898,MESH:D011115,40
DB00898,MESH:D011297,40
DB00898,MESH:D011507,40
DB00898,MESH:D011605,40
DB00898,MESH:D011656,40
DB00898,MESH:D012021,40
DB00898,MESH:D012164,40
DB00898,MESH:D012206,40
DB00898,MESH:D012640,40
DB00898,MESH:D013272,40
DB00898,MESH:D013274,40
DB00898,MESH:D013276,40
DB00898,MESH:D013345,40
DB00898,MESH:D013375,40
DB00898,MESH:D013733,40
DB00898,MESH:D013771,40
DB00898,MESH:D013832,40
DB00898,MESH:D014456,40
DB00898,MESH:D014474,40
DB00898,MESH:D014693,40
DB00898,MESH:D014839,40
DB00898,MESH:D015175,40
DB00898,MESH:D015228,40
DB00898,MESH:D015427,40
DB00898,MESH:D015430,40
DB00898,MESH:D015431,40
DB00898,MESH:D016757,40
DB00898,MESH:D017114,40
DB00898,MESH:D017119,40
DB00898,MESH:D017180,40
DB00898,MESH:D017379,40
DB00898,MESH:D018149,40
DB00898,MESH:D018450,40
DB00898,MESH:D018487,40
DB00898,MESH:D018805,40
DB00898,MESH:D018879,40
DB00898,MESH:D019446,40
DB00898,MESH:D019465,40
DB00898,MESH:D019512,40
DB00898,MESH:D019966,40
DB00898,MESH:D019969,40
DB00898,MESH:D019970,40
DB00898,MESH:D020018,40
DB00898,MESH:D020078,38
DB00898,MESH:D020257,40
DB00898,MESH:D020258,40
DB00898,MESH:D020270,40
DB00898,MESH:D020300,40
DB00898,MESH:D020329,40
DB00898,MESH:D020751,40
DB00898,MESH:D020820,40
DB00898,MESH:D020964,40
DB00898,MESH:D044882,40
DB00898,MESH:D048550,40
DB00898,MESH:D048629,40
DB00898,MESH:D048909,40
DB00898,MESH:D049188,40
DB00898,MESH:D050197,40
DB00898,MESH:D050500,40
DB00898,MESH:D051474,38
DB00898,MESH:D053608,40
DB00898,MESH:D054537,40
DB00898,MESH:D055371,40
DB00898,MESH:D058186,40
DB00898,MESH:D063647,40
DB00898,MESH:D065626,40
DB00898,MESH:D066126,40
DB01168,MESH:D000013,40
DB01168,MESH:D000230,40
DB01168,MESH:D000740,40
DB01168,MESH:D001254,40
DB01168,MESH:D001714,37
DB01168,MESH:D001749,40
DB01168,MESH:D001927,40
DB01168,MESH:D001932,40
DB01168,MESH:D001943,40
DB01168,MESH:D002295,40
DB01168,MESH:D002386,40
DB01168,MESH:D002493,40
DB01168,MESH:D002526,40
DB01168,MESH:D004806,38
DB01168,MESH:D005134,40
DB01168,MESH:D005759,40
DB01168,MESH:D005767,40
DB01168,MESH:D005910,40
DB01168,MESH:D006333,40
DB01168,MESH:D006408,40
DB01168,MESH:D006689,40
DB01168,MESH:D007970,40
DB01168,MESH:D008325,40
DB01168,MESH:D009101,40
DB01168,MESH:D009369,40
DB01168,MESH:D009422,40
DB01168,MESH:D009503,40
DB01168,MESH:D009669,40
DB01168,MESH:D009837,40
DB01168,MESH:D012173,40
DB01168,MESH:D013921,40
DB01168,MESH:D013927,40
DB01168,MESH:D016393,40
DB01168,MESH:D016543,40
DB01168,MESH:D018325,40
DB01168,MESH:D020964,40
DB01168,MESH:D051437,40
DB01168,MESH:D056784,40
DB00550,MESH:D000013,40
DB00550,MESH:D000068079,40
DB00550,MESH:D000380,40
DB00550,MESH:D000740,40
DB00550,MESH:D000741,40
DB00550,MESH:D000855,40
DB00550,MESH:D000860,40
DB00550,MESH:D001768,40
DB00550,MESH:D001778,40
DB00550,MESH:D001930,40
DB00550,MESH:D002375,40
DB00550,MESH:D002543,40
DB00550,MESH:D002779,40
DB00550,MESH:D002780,40
DB00550,MESH:D003967,40
DB00550,MESH:D004211,40
DB00550,MESH:D004417,40
DB00550,MESH:D004487,40
DB00550,MESH:D005076,40
DB00550,MESH:D005221,40
DB00550,MESH:D005317,26
DB00550,MESH:D005334,40
DB00550,MESH:D005922,40
DB00550,MESH:D006042,40
DB00550,MESH:D006044,40
DB00550,MESH:D006111,40
DB00550,MESH:D006319,40
DB00550,MESH:D006417,40
DB00550,MESH:D006505,40
DB00550,MESH:D006521,40
DB00550,MESH:D006529,40
DB00550,MESH:D006942,40
DB00550,MESH:D006980,40
DB00550,MESH:D007037,40
DB00550,MESH:D007105,0
DB00550,MESH:D007232,0
DB00550,MESH:D007249,40
DB00550,MESH:D007410,40
DB00550,MESH:D007511,40
DB00550,MESH:D007676,40
DB00550,MESH:D007683,40
DB00550,MESH:D007859,40
DB00550,MESH:D007964,40
DB00550,MESH:D007970,40
DB00550,MESH:D008108,0
DB00550,MESH:D008171,40
DB00550,MESH:D008175,40
DB00550,MESH:D008581,40
DB00550,MESH:D009205,40
DB00550,MESH:D009336,40
DB00550,MESH:D009393,39
DB00550,MESH:D009395,40
DB00550,MESH:D009503,40
DB00550,MESH:D010198,40
DB00550,MESH:D010523,40
DB00550,MESH:D011230,40
DB00550,MESH:D012021,40
DB00550,MESH:D012131,40
DB00550,MESH:D012640,40
DB00550,MESH:D012883,40
DB00550,MESH:D013163,40
DB00550,MESH:D013262,40
DB00550,MESH:D013479,40
DB00550,MESH:D013585,40
DB00550,MESH:D013921,40
DB00550,MESH:D013927,40
DB00550,MESH:D013959,40
DB00550,MESH:D013964,40
DB00550,MESH:D013971,40
DB00550,MESH:D014012,40
DB00550,MESH:D014456,39
DB00550,MESH:D015431,40
DB00550,MESH:D015433,37
DB00550,MESH:D015746,40
DB00550,MESH:D016736,40
DB00550,MESH:D017093,40
DB00550,MESH:D018149,36
DB00550,MESH:D018376,40
DB00550,MESH:D018487,40
DB00550,MESH:D019226,40
DB00550,MESH:D020018,40
DB00550,MESH:D041781,40
DB00550,MESH:D051437,40
DB00550,MESH:D054220,40
DB00550,MESH:D054221,40
DB00550,MESH:D056486,40
DB00550,MESH:D058186,40
DB00550,MESH:D060825,40
DB00550,MESH:D065666,40
DB00668,MESH:D000077192,40
DB00668,MESH:D000138,40
DB00668,MESH:D000647,40
DB00668,MESH:D000707,40
DB00668,MESH:D000799,40
DB00668,MESH:D000855,40
DB00668,MESH:D001008,40
DB00668,MESH:D001037,40
DB00668,MESH:D001249,40
DB00668,MESH:D001259,40
DB00668,MESH:D001416,40
DB00668,MESH:D001763,40
DB00668,MESH:D001919,40
DB00668,MESH:D002311,40
DB00668,MESH:D002318,40
DB00668,MESH:D002543,40
DB00668,MESH:D002544,40
DB00668,MESH:D002545,40
DB00668,MESH:D003324,40
DB00668,MESH:D003328,40
DB00668,MESH:D003371,40
DB00668,MESH:D003556,40
DB00668,MESH:D003645,40
DB00668,MESH:D004211,40
DB00668,MESH:D004401,40
DB00668,MESH:D004417,40
DB00668,MESH:D004487,40
DB00668,MESH:D004827,40
DB00668,MESH:D004830,40
DB00668,MESH:D005119,40
DB00668,MESH:D005512,0
DB00668,MESH:D005891,40
DB00668,MESH:D005901,40
DB00668,MESH:D006261,40
DB00668,MESH:D006319,40
DB00668,MESH:D006331,40
DB00668,MESH:D006333,40
DB00668,MESH:D006470,40
DB00668,MESH:D006471,40
DB00668,MESH:D006930,40
DB00668,MESH:D006934,40
DB00668,MESH:D006940,40
DB00668,MESH:D006943,40
DB00668,MESH:D006947,40
DB00668,MESH:D006973,40
DB00668,MESH:D007008,40
DB00668,MESH:D007022,40
DB00668,MESH:D007249,40
DB00668,MESH:D007511,40
DB00668,MESH:D007964,40
DB00668,MESH:D008269,40
DB00668,MESH:D008275,40
DB00668,MESH:D009127,40
DB00668,MESH:D009135,40
DB00668,MESH:D009202,40
DB00668,MESH:D009205,40
DB00668,MESH:D009325,40
DB00668,MESH:D009336,40
DB00668,MESH:D009503,40
DB00668,MESH:D009798,40
DB00668,MESH:D010146,40
DB00668,MESH:D010149,40
DB00668,MESH:D010244,40
DB00668,MESH:D010292,40
DB00668,MESH:D010673,40
DB00668,MESH:D011183,40
DB00668,MESH:D011297,40
DB00668,MESH:D011537,40
DB00668,MESH:D011595,40
DB00668,MESH:D011654,40
DB00668,MESH:D012131,40
DB00668,MESH:D012135,40
DB00668,MESH:D012206,40
DB00668,MESH:D012559,40
DB00668,MESH:D012769,40
DB00668,MESH:D012770,40
DB00668,MESH:D012892,40
DB00668,MESH:D013345,40
DB00668,MESH:D013610,40
DB00668,MESH:D013616,40
DB00668,MESH:D013617,40
DB00668,MESH:D013921,40
DB00668,MESH:D013923,40
DB00668,MESH:D013927,40
DB00668,MESH:D014012,40
DB00668,MESH:D014202,40
DB00668,MESH:D014456,40
DB00668,MESH:D014581,40
DB00668,MESH:D014652,40
DB00668,MESH:D014693,40
DB00668,MESH:D014786,40
DB00668,MESH:D014839,40
DB00668,MESH:D015427,40
DB00668,MESH:D016055,40
DB00668,MESH:D016171,40
DB00668,MESH:D016584,40
DB00668,MESH:D016757,40
DB00668,MESH:D016893,20
DB00668,MESH:D017202,40
DB00668,MESH:D018487,40
DB00668,MESH:D018771,40
DB00668,MESH:D018879,40
DB00668,MESH:D018917,40
DB00668,MESH:D019970,40
DB00668,MESH:D029424,40
DB00668,MESH:D034381,40
DB00668,MESH:D051437,40
DB00668,MESH:D054537,40
DB00668,MESH:D058186,40
DB00668,MESH:D062787,40
DB00307,MESH:D000013,40
DB00307,MESH:D000740,40
DB00307,MESH:D001943,40
DB00307,MESH:D002289,40
DB00307,MESH:D006937,40
DB00307,MESH:D006965,0
DB00307,MESH:D008175,40
DB00307,MESH:D008325,40
DB00307,MESH:D009376,40
DB00307,MESH:D012871,40
DB00307,MESH:D015228,40
DB00307,MESH:D016410,0
DB00307,MESH:D017689,0
DB00307,MESH:D054220,0
DB00313,MESH:D000013,40
DB00313,MESH:D000014,40
DB00313,MESH:D000015,40
DB00313,MESH:D000067877,40
DB00313,MESH:D000138,40
DB00313,MESH:D000140,40
DB00313,MESH:D000310,40
DB00313,MESH:D000380,40
DB00313,MESH:D000437,40
DB00313,MESH:D000471,40
DB00313,MESH:D000505,40
DB00313,MESH:D000648,40
DB00313,MESH:D000740,40
DB00313,MESH:D000741,40
DB00313,MESH:D000743,40
DB00313,MESH:D000744,40
DB00313,MESH:D000748,40
DB00313,MESH:D001008,40
DB00313,MESH:D001049,40
DB00313,MESH:D001139,40
DB00313,MESH:D001201,40
DB00313,MESH:D001259,40
DB00313,MESH:D001284,40
DB00313,MESH:D001321,40
DB00313,MESH:D001480,40
DB00313,MESH:D001523,40
DB00313,MESH:D001750,40
DB00313,MESH:D001778,40
DB00313,MESH:D001791,40
DB00313,MESH:D001851,40
DB00313,MESH:D001855,40
DB00313,MESH:D001919,40
DB00313,MESH:D001928,40
DB00313,MESH:D001930,40
DB00313,MESH:D002289,40
DB00313,MESH:D002493,40
DB00313,MESH:D002583,40
DB00313,MESH:D002658,40
DB00313,MESH:D002779,40
DB00313,MESH:D002780,40
DB00313,MESH:D002819,40
DB00313,MESH:D002971,40
DB00313,MESH:D002972,40
DB00313,MESH:D003128,40
DB00313,MESH:D003398,40
DB00313,MESH:D003680,40
DB00313,MESH:D003866,40
DB00313,MESH:D003872,40
DB00313,MESH:D003875,40
DB00313,MESH:D004195,40
DB00313,MESH:D004211,40
DB00313,MESH:D004310,40
DB00313,MESH:D004401,40
DB00313,MESH:D004421,40
DB00313,MESH:D004487,40
DB00313,MESH:D004700,40
DB00313,MESH:D004802,40
DB00313,MESH:D004827,40
DB00313,MESH:D004829,40
DB00313,MESH:D004830,40
DB00313,MESH:D004833,40
DB00313,MESH:D004892,40
DB00313,MESH:D005141,40
DB00313,MESH:D005198,40
DB00313,MESH:D005234,40
DB00313,MESH:D005313,40
DB00313,MESH:D005315,40
DB00313,MESH:D005327,40
DB00313,MESH:D005334,40
DB00313,MESH:D005355,40
DB00313,MESH:D005767,40
DB00313,MESH:D005909,40
DB00313,MESH:D006130,40
DB00313,MESH:D006201,40
DB00313,MESH:D006212,40
DB00313,MESH:D006261,40
DB00313,MESH:D006330,40
DB00313,MESH:D006344,40
DB00313,MESH:D006345,40
DB00313,MESH:D006406,40
DB00313,MESH:D006417,40
DB00313,MESH:D006474,40
DB00313,MESH:D006501,40
DB00313,MESH:D006505,40
DB00313,MESH:D006529,40
DB00313,MESH:D006849,40
DB00313,MESH:D006946,40
DB00313,MESH:D006948,40
DB00313,MESH:D006972,40
DB00313,MESH:D006973,40
DB00313,MESH:D006976,40
DB00313,MESH:D007003,40
DB00313,MESH:D007008,40
DB00313,MESH:D007010,40
DB00313,MESH:D007021,40
DB00313,MESH:D007022,40
DB00313,MESH:D007035,40
DB00313,MESH:D007174,40
DB00313,MESH:D007177,40
DB00313,MESH:D007249,40
DB00313,MESH:D007319,40
DB00313,MESH:D007333,40
DB00313,MESH:D007674,40
DB00313,MESH:D007805,40
DB00313,MESH:D007859,40
DB00313,MESH:D007970,40
DB00313,MESH:D008107,40
DB00313,MESH:D008180,40
DB00313,MESH:D008591,40
DB00313,MESH:D008607,40
DB00313,MESH:D008831,40
DB00313,MESH:D008881,40
DB00313,MESH:D009069,40
DB00313,MESH:D009102,40
DB00313,MESH:D009123,40
DB00313,MESH:D009127,40
DB00313,MESH:D009135,40
DB00313,MESH:D009139,40
DB00313,MESH:D009362,40
DB00313,MESH:D009393,40
DB00313,MESH:D009410,40
DB00313,MESH:D009422,40
DB00313,MESH:D009436,40
DB00313,MESH:D009503,40
DB00313,MESH:D009765,40
DB00313,MESH:D010146,40
DB00313,MESH:D010149,40
DB00313,MESH:D010195,40
DB00313,MESH:D010198,40
DB00313,MESH:D010291,40
DB00313,MESH:D010292,40
DB00313,MESH:D010302,40
DB00313,MESH:D010490,40
DB00313,MESH:D010554,40
DB00313,MESH:D010911,40
DB00313,MESH:D010996,40
DB00313,MESH:D011085,40
DB00313,MESH:D011141,40
DB00313,MESH:D011248,40
DB00313,MESH:D011297,40
DB00313,MESH:D011507,40
DB00313,MESH:D011595,40
DB00313,MESH:D011596,40
DB00313,MESH:D011605,40
DB00313,MESH:D011618,40
DB00313,MESH:D012021,40
DB00313,MESH:D012131,40
DB00313,MESH:D012206,40
DB00313,MESH:D012208,40
DB00313,MESH:D012559,40
DB00313,MESH:D012771,40
DB00313,MESH:D012868,40
DB00313,MESH:D012893,40
DB00313,MESH:D013036,40
DB00313,MESH:D013118,40
DB00313,MESH:D013226,40
DB00313,MESH:D013262,40
DB00313,MESH:D013313,40
DB00313,MESH:D013342,40
DB00313,MESH:D013921,40
DB00313,MESH:D013981,40
DB00313,MESH:D014178,40
DB00313,MESH:D014188,40
DB00313,MESH:D014202,40
DB00313,MESH:D014474,40
DB00313,MESH:D014564,40
DB00313,MESH:D014786,40
DB00313,MESH:D014839,40
DB00313,MESH:D015430,40
DB00313,MESH:D015431,40
DB00313,MESH:D015470,40
DB00313,MESH:D015619,40
DB00313,MESH:D015674,40
DB00313,MESH:D015746,40
DB00313,MESH:D015858,40
DB00313,MESH:D016135,40
DB00313,MESH:D016137,40
DB00313,MESH:D016584,40
DB00313,MESH:D017093,40
DB00313,MESH:D017094,40
DB00313,MESH:D017114,40
DB00313,MESH:D017241,0
DB00313,MESH:D017512,40
DB00313,MESH:D017563,40
DB00313,MESH:D017588,40
DB00313,MESH:D017674,40
DB00313,MESH:D017880,40
DB00313,MESH:D018149,40
DB00313,MESH:D018226,40
DB00313,MESH:D018376,40
DB00313,MESH:D018476,40
DB00313,MESH:D018636,40
DB00313,MESH:D018908,40
DB00313,MESH:D019305,40
DB00313,MESH:D019465,40
DB00313,MESH:D019586,40
DB00313,MESH:D019636,40
DB00313,MESH:D019957,40
DB00313,MESH:D019958,40
DB00313,MESH:D019964,40
DB00313,MESH:D019966,40
DB00313,MESH:D019970,40
DB00313,MESH:D020018,40
DB00313,MESH:D020190,40
DB00313,MESH:D020194,40
DB00313,MESH:D020233,40
DB00313,MESH:D020234,40
DB00313,MESH:D020300,40
DB00313,MESH:D020326,40
DB00313,MESH:D020329,40
DB00313,MESH:D020417,40
DB00313,MESH:D020734,40
DB00313,MESH:D020820,40
DB00313,MESH:D020964,40
DB00313,MESH:D022124,40
DB00313,MESH:D028361,40
DB00313,MESH:D034381,40
DB00313,MESH:D041781,40
DB00313,MESH:D049188,40
DB00313,MESH:D050171,40
DB00313,MESH:D051437,40
DB00313,MESH:D053608,40
DB00313,MESH:D053609,40
DB00313,MESH:D054220,40
DB00313,MESH:D056486,40
DB00313,MESH:D058186,40
DB00313,MESH:D064793,40
DB01181,MESH:D000013,40
DB01181,MESH:D000138,40
DB01181,MESH:D000141,39
DB01181,MESH:D000230,40
DB01181,MESH:D000380,40
DB01181,MESH:D000505,40
DB01181,MESH:D000707,40
DB01181,MESH:D000740,40
DB01181,MESH:D000756,40
DB01181,MESH:D000855,40
DB01181,MESH:D001008,40
DB01181,MESH:D001145,40
DB01181,MESH:D001259,40
DB01181,MESH:D001424,26
DB01181,MESH:D001480,40
DB01181,MESH:D001714,40
DB01181,MESH:D001745,40
DB01181,MESH:D001749,40
DB01181,MESH:D001855,40
DB01181,MESH:D001859,40
DB01181,MESH:D001927,40
DB01181,MESH:D001932,40
DB01181,MESH:D001943,40
DB01181,MESH:D002051,40
DB01181,MESH:D002277,40
DB01181,MESH:D002289,40
DB01181,MESH:D002292,40
DB01181,MESH:D002294,40
DB01181,MESH:D002295,40
DB01181,MESH:D002526,40
DB01181,MESH:D002544,40
DB01181,MESH:D002545,40
DB01181,MESH:D003128,40
DB01181,MESH:D003556,40
DB01181,MESH:D004195,40
DB01181,MESH:D004417,40
DB01181,MESH:D004827,40
DB01181,MESH:D005198,40
DB01181,MESH:D005833,40
DB01181,MESH:D006130,40
DB01181,MESH:D006212,40
DB01181,MESH:D006417,40
DB01181,MESH:D006470,40
DB01181,MESH:D006689,40
DB01181,MESH:D007008,40
DB01181,MESH:D007010,40
DB01181,MESH:D007177,40
DB01181,MESH:D007674,40
DB01181,MESH:D007676,40
DB01181,MESH:D007680,40
DB01181,MESH:D007890,40
DB01181,MESH:D007938,40
DB01181,MESH:D007970,40
DB01181,MESH:D008175,40
DB01181,MESH:D008223,40
DB01181,MESH:D008224,40
DB01181,MESH:D008228,40
DB01181,MESH:D009190,40
DB01181,MESH:D009205,40
DB01181,MESH:D009325,40
DB01181,MESH:D009336,40
DB01181,MESH:D009362,40
DB01181,MESH:D009374,40
DB01181,MESH:D009395,40
DB01181,MESH:D009396,40
DB01181,MESH:D009410,40
DB01181,MESH:D009422,40
DB01181,MESH:D009442,40
DB01181,MESH:D009447,40
DB01181,MESH:D010051,40
DB01181,MESH:D010292,40
DB01181,MESH:D010523,40
DB01181,MESH:D011471,40
DB01181,MESH:D011507,40
DB01181,MESH:D011605,40
DB01181,MESH:D011654,40
DB01181,MESH:D012208,40
DB01181,MESH:D012279,40
DB01181,MESH:D012509,40
DB01181,MESH:D012512,40
DB01181,MESH:D012516,40
DB01181,MESH:D012640,40
DB01181,MESH:D012983,39
DB01181,MESH:D013226,40
DB01181,MESH:D013262,40
DB01181,MESH:D013584,40
DB01181,MESH:D013610,40
DB01181,MESH:D013921,40
DB01181,MESH:D014555,40
DB01181,MESH:D014786,40
DB01181,MESH:D014839,40
DB01181,MESH:D015470,40
DB01181,MESH:D016393,40
DB01181,MESH:D016889,40
DB01181,MESH:D017495,40
DB01181,MESH:D017674,40
DB01181,MESH:D018241,40
DB01181,MESH:D018287,40
DB01181,MESH:D018288,40
DB01181,MESH:D018500,40
DB01181,MESH:D018805,40
DB01181,MESH:D019337,40
DB01181,MESH:D019964,40
DB01181,MESH:D020258,40
DB01181,MESH:D020820,40
DB01181,MESH:D028361,40
DB01181,MESH:D034381,40
DB01181,MESH:D051437,40
DB01181,MESH:D055752,40
DB01181,MESH:D058186,40
DB00347,MESH:D000013,40
DB00347,MESH:D000014,40
DB00347,MESH:D001008,40
DB00347,MESH:D002493,40
DB00347,MESH:D002658,40
DB00347,MESH:D004374,0
DB00347,MESH:D004832,40
DB00347,MESH:D005124,40
DB00347,MESH:D006130,40
DB00347,MESH:D006330,40
DB00347,MESH:D006345,40
DB00347,MESH:D006529,40
DB00347,MESH:D006948,40
DB00347,MESH:D007680,40
DB00347,MESH:D007859,40
DB00347,MESH:D008114,14
DB00347,MESH:D008831,40
DB00347,MESH:D009157,40
DB00347,MESH:D009401,40
DB00347,MESH:D009404,40
DB00347,MESH:D010195,2
DB00347,MESH:D011230,0
DB00347,MESH:D011297,40
DB00347,MESH:D012640,40
DB00347,MESH:D018376,40
DB00347,MESH:D019465,40
DB00347,MESH:D019957,40
DB01033,MESH:D000013,40
DB01033,MESH:D000022,40
DB01033,MESH:D000169,0
DB01033,MESH:D000744,40
DB01033,MESH:D003093,40
DB01033,MESH:D003424,40
DB01033,MESH:D003875,40
DB01033,MESH:D005221,40
DB01033,MESH:D005317,40
DB01033,MESH:D005767,40
DB01033,MESH:D006331,40
DB01033,MESH:D006417,40
DB01033,MESH:D006521,40
DB01033,MESH:D006965,40
DB01033,MESH:D007945,40
DB01033,MESH:D007951,40
DB01033,MESH:D007970,40
DB01033,MESH:D008064,40
DB01033,MESH:D010195,40
DB01033,MESH:D010198,39
DB01033,MESH:D010291,38
DB01033,MESH:D010922,40
DB01033,MESH:D012640,40
DB01033,MESH:D013921,40
DB01033,MESH:D015212,40
DB01033,MESH:D015470,40
DB01033,MESH:D015473,40
DB01033,MESH:D017880,40
DB01033,MESH:D019693,40
DB01033,MESH:D051437,40
DB01033,MESH:D054198,40
DB01033,MESH:D056486,40
DB01033,MESH:D056784,35
DB00531,MESH:D000013,40
DB00531,MESH:D000014,40
DB00531,MESH:D000015,40
DB00531,MESH:D000077216,40
DB00531,MESH:D000141,40
DB00531,MESH:D000230,40
DB00531,MESH:D000380,40
DB00531,MESH:D000471,40
DB00531,MESH:D000505,40
DB00531,MESH:D000568,40
DB00531,MESH:D000740,40
DB00531,MESH:D000741,40
DB00531,MESH:D000743,40
DB00531,MESH:D000744,40
DB00531,MESH:D000748,40
DB00531,MESH:D000749,40
DB00531,MESH:D000783,40
DB00531,MESH:D000787,40
DB00531,MESH:D000855,40
DB00531,MESH:D001145,40
DB00531,MESH:D001161,40
DB00531,MESH:D001167,40
DB00531,MESH:D001172,40
DB00531,MESH:D001327,40
DB00531,MESH:D001745,40
DB00531,MESH:D001749,40
DB00531,MESH:D001791,40
DB00531,MESH:D001930,40
DB00531,MESH:D001943,40
DB00531,MESH:D002051,40
DB00531,MESH:D002277,40
DB00531,MESH:D002292,40
DB00531,MESH:D002294,40
DB00531,MESH:D002295,40
DB00531,MESH:D002296,40
DB00531,MESH:D002305,40
DB00531,MESH:D002313,40
DB00531,MESH:D002375,40
DB00531,MESH:D002493,40
DB00531,MESH:D002583,40
DB00531,MESH:D002658,40
DB00531,MESH:D002779,40
DB00531,MESH:D002869,40
DB00531,MESH:D003072,40
DB00531,MESH:D003330,40
DB00531,MESH:D003398,40
DB00531,MESH:D003556,40
DB00531,MESH:D003866,40
DB00531,MESH:D003876,40
DB00531,MESH:D003882,40
DB00531,MESH:D003922,40
DB00531,MESH:D003967,40
DB00531,MESH:D004417,40
DB00531,MESH:D004487,40
DB00531,MESH:D004681,40
DB00531,MESH:D004719,40
DB00531,MESH:D004751,40
DB00531,MESH:D004802,40
DB00531,MESH:D004938,40
DB00531,MESH:D005076,40
DB00531,MESH:D005119,40
DB00531,MESH:D005221,40
DB00531,MESH:D005315,40
DB00531,MESH:D005334,40
DB00531,MESH:D005355,40
DB00531,MESH:D005532,40
DB00531,MESH:D005767,40
DB00531,MESH:D005910,40
DB00531,MESH:D005921,40
DB00531,MESH:D005923,40
DB00531,MESH:D006086,40
DB00531,MESH:D006130,40
DB00531,MESH:D006311,40
DB00531,MESH:D006323,40
DB00531,MESH:D006327,40
DB00531,MESH:D006331,40
DB00531,MESH:D006332,40
DB00531,MESH:D006333,40
DB00531,MESH:D006349,40
DB00531,MESH:D006402,40
DB00531,MESH:D006417,40
DB00531,MESH:D006467,40
DB00531,MESH:D006470,40
DB00531,MESH:D006471,40
DB00531,MESH:D006504,40
DB00531,MESH:D006509,40
DB00531,MESH:D006521,40
DB00531,MESH:D006528,40
DB00531,MESH:D006689,40
DB00531,MESH:D006869,40
DB00531,MESH:D006930,40
DB00531,MESH:D006940,40
DB00531,MESH:D006947,40
DB00531,MESH:D006949,40
DB00531,MESH:D006967,40
DB00531,MESH:D006996,40
DB00531,MESH:D007008,40
DB00531,MESH:D007022,40
DB00531,MESH:D007037,40
DB00531,MESH:D007154,40
DB00531,MESH:D007248,40
DB00531,MESH:D007249,40
DB00531,MESH:D007674,40
DB00531,MESH:D007680,40
DB00531,MESH:D007859,40
DB00531,MESH:D007890,40
DB00531,MESH:D007938,40
DB00531,MESH:D007945,40
DB00531,MESH:D007970,40
DB00531,MESH:D008103,40
DB00531,MESH:D008107,40
DB00531,MESH:D008113,40
DB00531,MESH:D008114,40
DB00531,MESH:D008171,40
DB00531,MESH:D008175,40
DB00531,MESH:D008180,40
DB00531,MESH:D008181,40
DB00531,MESH:D008223,40
DB00531,MESH:D008325,40
DB00531,MESH:D008527,40
DB00531,MESH:D008545,40
DB00531,MESH:D008546,40
DB00531,MESH:D008569,40
DB00531,MESH:D008944,40
DB00531,MESH:D009190,40
DB00531,MESH:D009202,40
DB00531,MESH:D009203,40
DB00531,MESH:D009205,40
DB00531,MESH:D009325,40
DB00531,MESH:D009336,40
DB00531,MESH:D009362,40
DB00531,MESH:D009369,40
DB00531,MESH:D009374,40
DB00531,MESH:D009376,40
DB00531,MESH:D009401,40
DB00531,MESH:D009402,40
DB00531,MESH:D009404,40
DB00531,MESH:D009421,40
DB00531,MESH:D009422,40
DB00531,MESH:D009436,40
DB00531,MESH:D009437,40
DB00531,MESH:D009468,40
DB00531,MESH:D009503,40
DB00531,MESH:D009845,40
DB00531,MESH:D010049,40
DB00531,MESH:D010051,40
DB00531,MESH:D010146,40
DB00531,MESH:D010190,40
DB00531,MESH:D010212,40
DB00531,MESH:D010292,40
DB00531,MESH:D010392,40
DB00531,MESH:D010996,40
DB00531,MESH:D011014,40
DB00531,MESH:D011123,40
DB00531,MESH:D011230,40
DB00531,MESH:D011471,40
DB00531,MESH:D011507,40
DB00531,MESH:D011654,40
DB00531,MESH:D011655,40
DB00531,MESH:D011658,40
DB00531,MESH:D011704,40
DB00531,MESH:D012008,40
DB00531,MESH:D012021,40
DB00531,MESH:D012164,40
DB00531,MESH:D012175,40
DB00531,MESH:D012206,40
DB00531,MESH:D012208,40
DB00531,MESH:D012507,40
DB00531,MESH:D012513,40
DB00531,MESH:D012595,40
DB00531,MESH:D012678,40
DB00531,MESH:D012871,40
DB00531,MESH:D012893,40
DB00531,MESH:D013118,40
DB00531,MESH:D013203,40
DB00531,MESH:D013226,40
DB00531,MESH:D013262,40
DB00531,MESH:D013280,40
DB00531,MESH:D013479,40
DB00531,MESH:D013610,40
DB00531,MESH:D013616,40
DB00531,MESH:D013617,40
DB00531,MESH:D013684,40
DB00531,MESH:D013736,40
DB00531,MESH:D013921,40
DB00531,MESH:D013967,40
DB00531,MESH:D014012,40
DB00531,MESH:D014555,40
DB00531,MESH:D014571,40
DB00531,MESH:D014652,40
DB00531,MESH:D014694,40
DB00531,MESH:D014718,40
DB00531,MESH:D014786,40
DB00531,MESH:D014839,40
DB00531,MESH:D014869,40
DB00531,MESH:D014890,40
DB00531,MESH:D015173,40
DB00531,MESH:D015430,40
DB00531,MESH:D015431,40
DB00531,MESH:D015433,40
DB00531,MESH:D015451,40
DB00531,MESH:D015452,40
DB00531,MESH:D015458,40
DB00531,MESH:D015464,40
DB00531,MESH:D015470,40
DB00531,MESH:D015674,40
DB00531,MESH:D015746,40
DB00531,MESH:D016399,40
DB00531,MESH:D016483,40
DB00531,MESH:D016649,40
DB00531,MESH:D016736,40
DB00531,MESH:D016889,40
DB00531,MESH:D017114,40
DB00531,MESH:D017119,40
DB00531,MESH:D017202,40
DB00531,MESH:D017563,40
DB00531,MESH:D017599,40
DB00531,MESH:D017880,40
DB00531,MESH:D018213,40
DB00531,MESH:D018236,40
DB00531,MESH:D018270,40
DB00531,MESH:D018287,40
DB00531,MESH:D018288,40
DB00531,MESH:D018316,40
DB00531,MESH:D018497,40
DB00531,MESH:D018805,40
DB00531,MESH:D018827,40
DB00531,MESH:D018856,40
DB00531,MESH:D018908,40
DB00531,MESH:D019046,40
DB00531,MESH:D019337,40
DB00531,MESH:D019457,40
DB00531,MESH:D020246,40
DB00531,MESH:D020258,40
DB00531,MESH:D020300,40
DB00531,MESH:D020945,40
DB00531,MESH:D020964,40
DB00531,MESH:D034381,40
DB00531,MESH:D042822,40
DB00531,MESH:D045743,40
DB00531,MESH:D048629,40
DB00531,MESH:D049188,40
DB00531,MESH:D051437,40
DB00531,MESH:D053099,40
DB00531,MESH:D053201,40
DB00531,MESH:D053713,39
DB00531,MESH:D054143,39
DB00531,MESH:D054144,40
DB00531,MESH:D054198,40
DB00531,MESH:D054391,40
DB00531,MESH:D055370,40
DB00531,MESH:D055752,40
DB00531,MESH:D056486,40
DB00531,MESH:D058186,40
DB00531,MESH:D058922,40
DB00531,MESH:D066126,40
DB00158,MESH:D000014,40
DB00158,MESH:D000419,40
DB00158,MESH:D000740,40
DB00158,MESH:D000741,39
DB00158,MESH:D000743,40
DB00158,MESH:D000744,40
DB00158,MESH:D000748,40
DB00158,MESH:D000749,40
DB00158,MESH:D000755,40
DB00158,MESH:D000757,40
DB00158,MESH:D001002,35
DB00158,MESH:D001161,40
DB00158,MESH:D001284,40
DB00158,MESH:D001321,40
DB00158,MESH:D001724,40
DB00158,MESH:D001927,40
DB00158,MESH:D001943,40
DB00158,MESH:D002292,40
DB00158,MESH:D002318,40
DB00158,MESH:D002386,40
DB00158,MESH:D002524,40
DB00158,MESH:D002971,40
DB00158,MESH:D002972,40
DB00158,MESH:D003072,40
DB00158,MESH:D003117,17
DB00158,MESH:D003704,40
DB00158,MESH:D004195,40
DB00158,MESH:D004827,40
DB00158,MESH:D005235,40
DB00158,MESH:D005317,33
DB00158,MESH:D005494,0
DB00158,MESH:D005832,40
DB00158,MESH:D005901,39
DB00158,MESH:D006261,40
DB00158,MESH:D006330,40
DB00158,MESH:D006402,40
DB00158,MESH:D006679,40
DB00158,MESH:D006849,40
DB00158,MESH:D006973,40
DB00158,MESH:D007021,40
DB00158,MESH:D007333,40
DB00158,MESH:D007674,40
DB00158,MESH:D007676,40
DB00158,MESH:D007683,40
DB00158,MESH:D007859,40
DB00158,MESH:D008180,40
DB00158,MESH:D008545,40
DB00158,MESH:D008591,40
DB00158,MESH:D009135,40
DB00158,MESH:D009202,40
DB00158,MESH:D009303,40
DB00158,MESH:D009369,40
DB00158,MESH:D009374,40
DB00158,MESH:D009395,40
DB00158,MESH:D009422,40
DB00158,MESH:D009436,40
DB00158,MESH:D009503,40
DB00158,MESH:D009765,40
DB00158,MESH:D010523,40
DB00158,MESH:D010922,40
DB00158,MESH:D011085,40
DB00158,MESH:D011297,40
DB00158,MESH:D011507,40
DB00158,MESH:D011565,40
DB00158,MESH:D011618,40
DB00158,MESH:D012559,40
DB00158,MESH:D013118,40
DB00158,MESH:D013921,40
DB00158,MESH:D014511,40
DB00158,MESH:D015179,40
DB00158,MESH:D015535,40
DB00158,MESH:D016135,40
DB00158,MESH:D016778,40
DB00158,MESH:D016889,39
DB00158,MESH:D017889,40
DB00158,MESH:D018376,40
DB00158,MESH:D019767,40
DB00158,MESH:D020138,40
DB00158,MESH:D020521,40
DB00158,MESH:D020964,40
DB00158,MESH:D023903,40
DB00158,MESH:D049188,40
DB00158,MESH:D052016,40
DB00158,MESH:D056486,40
DB00158,MESH:D058186,40
DB00158,MESH:D063647,40
DB00158,MESH:D065626,40
DB00252,MESH:D000013,40
DB00252,MESH:D000015,40
DB00252,MESH:D000068079,40
DB00252,MESH:D000430,40
DB00252,MESH:D000647,40
DB00252,MESH:D000686,40
DB00252,MESH:D000740,40
DB00252,MESH:D000741,40
DB00252,MESH:D000743,40
DB00252,MESH:D000748,40
DB00252,MESH:D000749,40
DB00252,MESH:D000799,40
DB00252,MESH:D000855,40
DB00252,MESH:D001006,40
DB00252,MESH:D001139,40
DB00252,MESH:D001145,40
DB00252,MESH:D001259,40
DB00252,MESH:D001480,40
DB00252,MESH:D001523,40
DB00252,MESH:D001651,40
DB00252,MESH:D001714,40
DB00252,MESH:D001750,40
DB00252,MESH:D001763,40
DB00252,MESH:D001768,40
DB00252,MESH:D001847,40
DB00252,MESH:D001848,40
DB00252,MESH:D001927,40
DB00252,MESH:D001929,40
DB00252,MESH:D002375,40
DB00252,MESH:D002493,40
DB00252,MESH:D002524,40
DB00252,MESH:D002526,40
DB00252,MESH:D002534,40
DB00252,MESH:D002544,40
DB00252,MESH:D002779,40
DB00252,MESH:D002819,40
DB00252,MESH:D002971,40
DB00252,MESH:D003072,40
DB00252,MESH:D003103,40
DB00252,MESH:D003117,40
DB00252,MESH:D003128,40
DB00252,MESH:D003294,40
DB00252,MESH:D003398,40
DB00252,MESH:D003704,40
DB00252,MESH:D003875,40
DB00252,MESH:D003882,40
DB00252,MESH:D004314,40
DB00252,MESH:D004401,40
DB00252,MESH:D004409,40
DB00252,MESH:D004417,40
DB00252,MESH:D004487,40
DB00252,MESH:D004681,40
DB00252,MESH:D004802,40
DB00252,MESH:D004820,40
DB00252,MESH:D004827,40
DB00252,MESH:D004832,40
DB00252,MESH:D004833,40
DB00252,MESH:D004890,40
DB00252,MESH:D004892,40
DB00252,MESH:D005076,40
DB00252,MESH:D005207,40
DB00252,MESH:D005221,40
DB00252,MESH:D005313,40
DB00252,MESH:D005334,40
DB00252,MESH:D005494,40
DB00252,MESH:D005532,40
DB00252,MESH:D005885,40
DB00252,MESH:D005886,40
DB00252,MESH:D005921,40
DB00252,MESH:D005922,40
DB00252,MESH:D006130,40
DB00252,MESH:D006212,40
DB00252,MESH:D006228,40
DB00252,MESH:D006258,40
DB00252,MESH:D006261,40
DB00252,MESH:D006311,40
DB00252,MESH:D006323,40
DB00252,MESH:D006327,40
DB00252,MESH:D006330,40
DB00252,MESH:D006331,40
DB00252,MESH:D006333,40
DB00252,MESH:D006344,40
DB00252,MESH:D006345,40
DB00252,MESH:D006402,40
DB00252,MESH:D006470,40
DB00252,MESH:D006474,40
DB00252,MESH:D006501,40
DB00252,MESH:D006505,40
DB00252,MESH:D006521,40
DB00252,MESH:D006528,40
DB00252,MESH:D006529,40
DB00252,MESH:D006554,40
DB00252,MESH:D006628,40
DB00252,MESH:D006689,40
DB00252,MESH:D006869,40
DB00252,MESH:D006943,40
DB00252,MESH:D006948,40
DB00252,MESH:D006962,37
DB00252,MESH:D006968,40
DB00252,MESH:D006972,40
DB00252,MESH:D006973,40
DB00252,MESH:D006983,40
DB00252,MESH:D006996,40
DB00252,MESH:D007022,40
DB00252,MESH:D007024,40
DB00252,MESH:D007037,40
DB00252,MESH:D007119,40
DB00252,MESH:D007232,40
DB00252,MESH:D007669,40
DB00252,MESH:D007752,40
DB00252,MESH:D007859,40
DB00252,MESH:D007970,40
DB00252,MESH:D008107,40
DB00252,MESH:D008114,40
DB00252,MESH:D008569,40
DB00252,MESH:D008607,40
DB00252,MESH:D008831,40
DB00252,MESH:D008850,40
DB00252,MESH:D009056,40
DB00252,MESH:D009080,40
DB00252,MESH:D009101,40
DB00252,MESH:D009135,40
DB00252,MESH:D009139,40
DB00252,MESH:D009157,40
DB00252,MESH:D009202,40
DB00252,MESH:D009205,40
DB00252,MESH:D009220,40
DB00252,MESH:D009223,40
DB00252,MESH:D009224,40
DB00252,MESH:D009325,40
DB00252,MESH:D009336,40
DB00252,MESH:D009374,40
DB00252,MESH:D009396,40
DB00252,MESH:D009410,40
DB00252,MESH:D009421,40
DB00252,MESH:D009422,40
DB00252,MESH:D009436,40
DB00252,MESH:D009447,40
DB00252,MESH:D009461,40
DB00252,MESH:D009503,40
DB00252,MESH:D009886,40
DB00252,MESH:D010146,40
DB00252,MESH:D010149,40
DB00252,MESH:D010243,40
DB00252,MESH:D010291,40
DB00252,MESH:D010302,40
DB00252,MESH:D010523,40
DB00252,MESH:D010554,40
DB00252,MESH:D011115,40
DB00252,MESH:D011225,40
DB00252,MESH:D011507,40
DB00252,MESH:D011537,40
DB00252,MESH:D011596,40
DB00252,MESH:D011605,40
DB00252,MESH:D012021,40
DB00252,MESH:D012206,40
DB00252,MESH:D012640,40
DB00252,MESH:D012713,40
DB00252,MESH:D012883,40
DB00252,MESH:D013064,40
DB00252,MESH:D013132,40
DB00252,MESH:D013226,40
DB00252,MESH:D013262,40
DB00252,MESH:D013280,40
DB00252,MESH:D013345,40
DB00252,MESH:D013375,40
DB00252,MESH:D014012,40
DB00252,MESH:D014202,40
DB00252,MESH:D014277,40
DB00252,MESH:D014693,40
DB00252,MESH:D014786,40
DB00252,MESH:D014806,40
DB00252,MESH:D014808,40
DB00252,MESH:D015431,40
DB00252,MESH:D015432,40
DB00252,MESH:D015746,40
DB00252,MESH:D015837,40
DB00252,MESH:D015877,40
DB00252,MESH:D016055,40
DB00252,MESH:D016135,40
DB00252,MESH:D016142,40
DB00252,MESH:D016472,40
DB00252,MESH:D017029,40
DB00252,MESH:D017093,40
DB00252,MESH:D017098,40
DB00252,MESH:D017118,40
DB00252,MESH:D017119,40
DB00252,MESH:D017180,40
DB00252,MESH:D017202,40
DB00252,MESH:D017496,37
DB00252,MESH:D017674,40
DB00252,MESH:D017689,40
DB00252,MESH:D017880,40
DB00252,MESH:D018197,40
DB00252,MESH:D018242,40
DB00252,MESH:D018248,40
DB00252,MESH:D018879,40
DB00252,MESH:D018908,40
DB00252,MESH:D019066,40
DB00252,MESH:D019150,40
DB00252,MESH:D019465,40
DB00252,MESH:D019957,40
DB00252,MESH:D020163,40
DB00252,MESH:D020191,40
DB00252,MESH:D020233,40
DB00252,MESH:D020234,40
DB00252,MESH:D020246,40
DB00252,MESH:D020270,40
DB00252,MESH:D020520,40
DB00252,MESH:D020820,40
DB00252,MESH:D041781,40
DB00252,MESH:D047508,40
DB00252,MESH:D048550,40
DB00252,MESH:D049188,40
DB00252,MESH:D050197,40
DB00252,MESH:D054537,40
DB00252,MESH:D055665,40
DB00252,MESH:D056486,40
DB00252,MESH:D056647,40
DB00252,MESH:D056829,40
DB00252,MESH:D062787,40
DB00523,MESH:D001943,40
DB00523,MESH:D004485,40
DB00523,MESH:D006261,40
DB00523,MESH:D006330,40
DB00523,MESH:D009369,40
DB00523,MESH:D011471,40
DB00523,MESH:D015470,40
DB00523,MESH:D017492,40
DB00523,MESH:D018149,40
DB00523,MESH:D019048,40
DB00523,MESH:D056486,40
DB09130,MESH:D000013,40
DB09130,MESH:D000138,40
DB09130,MESH:D000740,40
DB09130,MESH:D001008,40
DB09130,MESH:D001259,40
DB09130,MESH:D001932,40
DB09130,MESH:D001943,40
DB09130,MESH:D002312,40
DB09130,MESH:D002386,40
DB09130,MESH:D002658,36
DB09130,MESH:D003554,40
DB09130,MESH:D003677,40
DB09130,MESH:D003704,40
DB09130,MESH:D003924,40
DB09130,MESH:D003930,40
DB09130,MESH:D004195,40
DB09130,MESH:D004401,40
DB09130,MESH:D004646,40
DB09130,MESH:D005234,40
DB09130,MESH:D005767,40
DB09130,MESH:D006330,40
DB09130,MESH:D006332,40
DB09130,MESH:D006333,40
DB09130,MESH:D006461,40
DB09130,MESH:D006505,40
DB09130,MESH:D006520,40
DB09130,MESH:D006527,40
DB09130,MESH:D006528,40
DB09130,MESH:D006816,40
DB09130,MESH:D006937,40
DB09130,MESH:D006946,40
DB09130,MESH:D006984,40
DB09130,MESH:D007154,40
DB09130,MESH:D007249,40
DB09130,MESH:D007333,40
DB09130,MESH:D007414,40
DB09130,MESH:D007562,40
DB09130,MESH:D007674,40
DB09130,MESH:D007683,40
DB09130,MESH:D007706,40
DB09130,MESH:D007859,40
DB09130,MESH:D008105,40
DB09130,MESH:D008654,40
DB09130,MESH:D008661,40
DB09130,MESH:D009069,40
DB09130,MESH:D009102,40
DB09130,MESH:D009202,40
DB09130,MESH:D009325,40
DB09130,MESH:D009336,40
DB09130,MESH:D009369,40
DB09130,MESH:D009374,40
DB09130,MESH:D009389,40
DB09130,MESH:D009410,40
DB09130,MESH:D009421,40
DB09130,MESH:D009422,40
DB09130,MESH:D009461,40
DB09130,MESH:D009901,40
DB09130,MESH:D010182,40
DB09130,MESH:D010300,40
DB09130,MESH:D010523,40
DB09130,MESH:D011230,40
DB09130,MESH:D011471,40
DB09130,MESH:D011552,40
DB09130,MESH:D012481,40
DB09130,MESH:D012559,40
DB09130,MESH:D012608,39
DB09130,MESH:D012640,40
DB09130,MESH:D013276,40
DB09130,MESH:D013964,40
DB09130,MESH:D014202,40
DB09130,MESH:D014839,40
DB09130,MESH:D015179,40
DB09130,MESH:D016778,40
DB09130,MESH:D017114,40
DB09130,MESH:D017202,40
DB09130,MESH:D018450,40
DB09130,MESH:D018798,40
DB09130,MESH:D019636,40
DB09130,MESH:D019957,40
DB09130,MESH:D024821,40
DB09130,MESH:D028361,40
DB09130,MESH:D030401,40
DB09130,MESH:D048909,40
DB09130,MESH:D054058,40
DB09130,MESH:D054079,40
DB09130,MESH:D054220,40
DB09130,MESH:D056486,40
DB09130,MESH:D057772,40
DB09130,MESH:D058065,40
DB09130,MESH:D058426,40
DB09130,MESH:D058739,2
DB09130,MESH:D065626,40
DB00541,MESH:D000077195,40
DB00541,MESH:D000230,40
DB00541,MESH:D000380,40
DB00541,MESH:D000471,40
DB00541,MESH:D000505,40
DB00541,MESH:D000707,40
DB00541,MESH:D000740,40
DB00541,MESH:D000787,40
DB00541,MESH:D000855,40
DB00541,MESH:D000857,40
DB00541,MESH:D001037,40
DB00541,MESH:D001201,40
DB00541,MESH:D001254,40
DB00541,MESH:D001259,40
DB00541,MESH:D001342,40
DB00541,MESH:D001749,40
DB00541,MESH:D001750,40
DB00541,MESH:D001763,40
DB00541,MESH:D001766,40
DB00541,MESH:D001927,40
DB00541,MESH:D001932,40
DB00541,MESH:D002051,40
DB00541,MESH:D002292,40
DB00541,MESH:D002526,40
DB00541,MESH:D002543,40
DB00541,MESH:D002583,40
DB00541,MESH:D002607,40
DB00541,MESH:D002819,40
DB00541,MESH:D003128,40
DB00541,MESH:D003248,40
DB00541,MESH:D003316,40
DB00541,MESH:D003556,40
DB00541,MESH:D003639,40
DB00541,MESH:D003680,40
DB00541,MESH:D003711,40
DB00541,MESH:D004401,40
DB00541,MESH:D004487,40
DB00541,MESH:D004802,40
DB00541,MESH:D004806,40
DB00541,MESH:D004830,40
DB00541,MESH:D004890,40
DB00541,MESH:D005158,40
DB00541,MESH:D005221,40
DB00541,MESH:D005334,40
DB00541,MESH:D005767,40
DB00541,MESH:D005910,40
DB00541,MESH:D005911,40
DB00541,MESH:D006212,40
DB00541,MESH:D006331,40
DB00541,MESH:D006332,40
DB00541,MESH:D006402,40
DB00541,MESH:D006429,40
DB00541,MESH:D006461,40
DB00541,MESH:D006504,40
DB00541,MESH:D006529,40
DB00541,MESH:D006689,40
DB00541,MESH:D006932,40
DB00541,MESH:D006973,40
DB00541,MESH:D006996,40
DB00541,MESH:D007008,40
DB00541,MESH:D007022,40
DB00541,MESH:D007024,40
DB00541,MESH:D007177,40
DB00541,MESH:D007680,40
DB00541,MESH:D007938,40
DB00541,MESH:D007945,40
DB00541,MESH:D007951,40
DB00541,MESH:D007970,40
DB00541,MESH:D008064,40
DB00541,MESH:D008175,40
DB00541,MESH:D008180,40
DB00541,MESH:D008223,40
DB00541,MESH:D008228,40
DB00541,MESH:D008527,40
DB00541,MESH:D008580,40
DB00541,MESH:D008590,40
DB00541,MESH:D009062,40
DB00541,MESH:D009069,40
DB00541,MESH:D009101,40
DB00541,MESH:D009123,40
DB00541,MESH:D009133,40
DB00541,MESH:D009182,40
DB00541,MESH:D009203,40
DB00541,MESH:D009336,40
DB00541,MESH:D009362,40
DB00541,MESH:D009374,40
DB00541,MESH:D009396,40
DB00541,MESH:D009404,40
DB00541,MESH:D009410,40
DB00541,MESH:D009422,40
DB00541,MESH:D009437,40
DB00541,MESH:D009447,40
DB00541,MESH:D009503,40
DB00541,MESH:D009837,40
DB00541,MESH:D009886,40
DB00541,MESH:D009901,40
DB00541,MESH:D010051,40
DB00541,MESH:D010146,40
DB00541,MESH:D010190,40
DB00541,MESH:D010243,40
DB00541,MESH:D010291,40
DB00541,MESH:D010292,40
DB00541,MESH:D010302,40
DB00541,MESH:D010523,40
DB00541,MESH:D011552,40
DB00541,MESH:D011928,40
DB00541,MESH:D012021,40
DB00541,MESH:D012131,40
DB00541,MESH:D012135,40
DB00541,MESH:D012162,40
DB00541,MESH:D012208,40
DB00541,MESH:D012512,40
DB00541,MESH:D012514,40
DB00541,MESH:D012516,40
DB00541,MESH:D012640,40
DB00541,MESH:D012678,40
DB00541,MESH:D012871,40
DB00541,MESH:D012878,40
DB00541,MESH:D013163,40
DB00541,MESH:D013280,40
DB00541,MESH:D013479,40
DB00541,MESH:D013584,40
DB00541,MESH:D013736,40
DB00541,MESH:D013921,40
DB00541,MESH:D013927,40
DB00541,MESH:D014012,40
DB00541,MESH:D014202,40
DB00541,MESH:D014511,40
DB00541,MESH:D014786,40
DB00541,MESH:D014855,40
DB00541,MESH:D015173,40
DB00541,MESH:D015179,40
DB00541,MESH:D015431,40
DB00541,MESH:D015452,40
DB00541,MESH:D015458,40
DB00541,MESH:D015473,40
DB00541,MESH:D015746,40
DB00541,MESH:D016393,40
DB00541,MESH:D016399,40
DB00541,MESH:D016403,40
DB00541,MESH:D016472,40
DB00541,MESH:D016483,40
DB00541,MESH:D016543,40
DB00541,MESH:D016553,40
DB00541,MESH:D017202,40
DB00541,MESH:D017599,40
DB00541,MESH:D018213,39
DB00541,MESH:D018236,40
DB00541,MESH:D018241,40
DB00541,MESH:D018268,40
DB00541,MESH:D018288,40
DB00541,MESH:D018325,40
DB00541,MESH:D018328,40
DB00541,MESH:D018589,40
DB00541,MESH:D019150,40
DB00541,MESH:D019226,40
DB00541,MESH:D019954,40
DB00541,MESH:D019957,40
DB00541,MESH:D020234,40
DB00541,MESH:D020258,40
DB00541,MESH:D020426,40
DB00541,MESH:D020886,40
DB00541,MESH:D020967,40
DB00541,MESH:D034381,40
DB00541,MESH:D051437,40
DB00541,MESH:D053609,40
DB00541,MESH:D054198,40
DB00541,MESH:D054218,40
DB00541,MESH:D054391,40
DB00541,MESH:D055752,40
DB00541,MESH:D056486,40
DB00541,MESH:D056784,40
DB00755,MESH:D000013,40
DB00755,MESH:D000014,40
DB00755,MESH:D000015,40
DB00755,MESH:D000505,40
DB00755,MESH:D000789,40
DB00755,MESH:D000848,17
DB00755,MESH:D000853,40
DB00755,MESH:D001139,40
DB00755,MESH:D001168,40
DB00755,MESH:D001169,40
DB00755,MESH:D001249,40
DB00755,MESH:D001259,40
DB00755,MESH:D001471,31
DB00755,MESH:D001778,40
DB00755,MESH:D001855,40
DB00755,MESH:D001919,40
DB00755,MESH:D001927,40
DB00755,MESH:D001997,40
DB00755,MESH:D002294,40
DB00755,MESH:D002311,40
DB00755,MESH:D002375,40
DB00755,MESH:D002386,40
DB00755,MESH:D002526,40
DB00755,MESH:D002543,40
DB00755,MESH:D002583,40
DB00755,MESH:D002637,40
DB00755,MESH:D002971,40
DB00755,MESH:D003092,40
DB00755,MESH:D003456,40
DB00755,MESH:D003875,40
DB00755,MESH:D003967,40
DB00755,MESH:D004417,40
DB00755,MESH:D004485,40
DB00755,MESH:D004487,40
DB00755,MESH:D004489,40
DB00755,MESH:D005124,40
DB00755,MESH:D005271,40
DB00755,MESH:D005317,40
DB00755,MESH:D005355,40
DB00755,MESH:D005909,40
DB00755,MESH:D005923,40
DB00755,MESH:D006222,40
DB00755,MESH:D006261,40
DB00755,MESH:D006317,40
DB00755,MESH:D006330,40
DB00755,MESH:D006333,40
DB00755,MESH:D006402,40
DB00755,MESH:D006470,40
DB00755,MESH:D006474,30
DB00755,MESH:D006528,40
DB00755,MESH:D006529,40
DB00755,MESH:D006849,40
DB00755,MESH:D006930,40
DB00755,MESH:D006932,40
DB00755,MESH:D006934,40
DB00755,MESH:D007057,40
DB00755,MESH:D007410,40
DB00755,MESH:D007414,40
DB00755,MESH:D007569,40
DB00755,MESH:D007683,40
DB00755,MESH:D007859,40
DB00755,MESH:D007938,40
DB00755,MESH:D007951,40
DB00755,MESH:D008106,40
DB00755,MESH:D008107,40
DB00755,MESH:D008171,40
DB00755,MESH:D008527,40
DB00755,MESH:D008545,40
DB00755,MESH:D008591,40
DB00755,MESH:D009069,40
DB00755,MESH:D009101,40
DB00755,MESH:D009190,40
DB00755,MESH:D009202,40
DB00755,MESH:D009203,40
DB00755,MESH:D009205,40
DB00755,MESH:D009220,40
DB00755,MESH:D009336,40
DB00755,MESH:D009361,40
DB00755,MESH:D009362,40
DB00755,MESH:D009364,40
DB00755,MESH:D009369,40
DB00755,MESH:D009374,40
DB00755,MESH:D009395,40
DB00755,MESH:D009421,40
DB00755,MESH:D009436,40
DB00755,MESH:D009503,40
DB00755,MESH:D009846,40
DB00755,MESH:D010024,40
DB00755,MESH:D010190,40
DB00755,MESH:D010198,40
DB00755,MESH:D010291,40
DB00755,MESH:D010292,40
DB00755,MESH:D010490,40
DB00755,MESH:D010523,40
DB00755,MESH:D010996,40
DB00755,MESH:D011297,40
DB00755,MESH:D011507,40
DB00755,MESH:D011537,40
DB00755,MESH:D011565,40
DB00755,MESH:D011625,40
DB00755,MESH:D011654,40
DB00755,MESH:D011655,40
DB00755,MESH:D011697,40
DB00755,MESH:D012008,40
DB00755,MESH:D012120,40
DB00755,MESH:D012128,40
DB00755,MESH:D012208,40
DB00755,MESH:D012851,40
DB00755,MESH:D012868,40
DB00755,MESH:D012871,40
DB00755,MESH:D013274,40
DB00755,MESH:D013585,40
DB00755,MESH:D013964,40
DB00755,MESH:D014062,40
DB00755,MESH:D014564,40
DB00755,MESH:D014657,40
DB00755,MESH:D014693,40
DB00755,MESH:D014839,40
DB00755,MESH:D014983,40
DB00755,MESH:D015209,39
DB00755,MESH:D015228,40
DB00755,MESH:D015430,40
DB00755,MESH:D015432,40
DB00755,MESH:D015464,40
DB00755,MESH:D015470,40
DB00755,MESH:D015473,40
DB00755,MESH:D015746,40
DB00755,MESH:D016135,40
DB00755,MESH:D016137,40
DB00755,MESH:D016889,40
DB00755,MESH:D017180,40
DB00755,MESH:D017453,40
DB00755,MESH:D017681,40
DB00755,MESH:D018236,40
DB00755,MESH:D019465,40
DB00755,MESH:D019586,40
DB00755,MESH:D019767,40
DB00755,MESH:D019954,40
DB00755,MESH:D019957,40
DB00755,MESH:D020258,40
DB00755,MESH:D020300,40
DB00755,MESH:D020964,40
DB00755,MESH:D051437,40
DB00755,MESH:D052016,40
DB00755,MESH:D054537,40
DB00755,MESH:D056486,40
DB00755,MESH:D058186,40
DB00755,MESH:D064793,40
DB00755,MESH:D065630,40
DB00755,MESH:D065817,40
DB11155,MESH:D000013,40
DB11155,MESH:D000015,40
DB11155,MESH:D007022,40
DB11155,MESH:D010490,40
DB09256,MESH:D000013,40
DB09256,MESH:D000748,15
DB09256,MESH:D004211,40
DB09256,MESH:D005334,40
DB09256,MESH:D005767,40
DB09256,MESH:D005770,40
DB09256,MESH:D006941,40
DB09256,MESH:D007674,40
DB09256,MESH:D008175,40
DB09256,MESH:D009362,40
DB09256,MESH:D009369,40
DB09256,MESH:D009422,40
DB09256,MESH:D012640,40
DB09256,MESH:D013274,40
DB09256,MESH:D056784,40
DB00977,MESH:D000013,40
DB00977,MESH:D000014,40
DB00977,MESH:D000152,40
DB00977,MESH:D000230,40
DB00977,MESH:D000309,40
DB00977,MESH:D000568,40
DB00977,MESH:D000748,40
DB00977,MESH:D000799,40
DB00977,MESH:D000855,40
DB00977,MESH:D000858,40
DB00977,MESH:D001068,40
DB00977,MESH:D001157,40
DB00977,MESH:D001161,40
DB00977,MESH:D001169,40
DB00977,MESH:D001749,40
DB00977,MESH:D002318,40
DB00977,MESH:D002542,40
DB00977,MESH:D002544,40
DB00977,MESH:D002545,40
DB00977,MESH:D003556,40
DB00977,MESH:D003866,40
DB00977,MESH:D003967,40
DB00977,MESH:D004412,40
DB00977,MESH:D004487,40
DB00977,MESH:D004715,40
DB00977,MESH:D005221,40
DB00977,MESH:D005234,40
DB00977,MESH:D005262,40
DB00977,MESH:D005494,40
DB00977,MESH:D005706,40
DB00977,MESH:D006177,40
DB00977,MESH:D006261,40
DB00977,MESH:D006331,40
DB00977,MESH:D006470,40
DB00977,MESH:D006528,40
DB00977,MESH:D006529,40
DB00977,MESH:D006628,40
DB00977,MESH:D006965,40
DB00977,MESH:D006973,40
DB00977,MESH:D006974,40
DB00977,MESH:D006978,40
DB00977,MESH:D006984,40
DB00977,MESH:D006996,40
DB00977,MESH:D007009,40
DB00977,MESH:D007021,40
DB00977,MESH:D007247,40
DB00977,MESH:D007248,40
DB00977,MESH:D007319,40
DB00977,MESH:D007333,40
DB00977,MESH:D007674,40
DB00977,MESH:D008548,40
DB00977,MESH:D009325,40
DB00977,MESH:D010146,40
DB00977,MESH:D010190,40
DB00977,MESH:D011085,40
DB00977,MESH:D011230,40
DB00977,MESH:D011297,40
DB00977,MESH:D011469,40
DB00977,MESH:D011470,40
DB00977,MESH:D011537,40
DB00977,MESH:D011618,40
DB00977,MESH:D011655,40
DB00977,MESH:D012734,40
DB00977,MESH:D012851,40
DB00977,MESH:D012883,40
DB00977,MESH:D013375,40
DB00977,MESH:D013651,40
DB00977,MESH:D013923,40
DB00977,MESH:D013927,40
DB00977,MESH:D014564,40
DB00977,MESH:D014594,40
DB00977,MESH:D014693,40
DB00977,MESH:D014839,40
DB00977,MESH:D014973,40
DB00977,MESH:D015175,40
DB00977,MESH:D015430,40
DB00977,MESH:D016584,40
DB00977,MESH:D017379,40
DB00977,MESH:D018248,40
DB00977,MESH:D019048,40
DB00977,MESH:D019964,40
DB00977,MESH:D020246,40
DB00977,MESH:D020258,40
DB00977,MESH:D020521,40
DB00977,MESH:D041781,40
DB00977,MESH:D054556,40
DB00977,MESH:D056486,40
DB00400,MESH:D000740,40
DB00400,MESH:D002493,40
DB00400,MESH:D002779,40
DB00400,MESH:D002780,40
DB00400,MESH:D003866,40
DB00400,MESH:D004211,40
DB00400,MESH:D004660,40
DB00400,MESH:D004827,40
DB00400,MESH:D006261,40
DB00400,MESH:D006417,40
DB00400,MESH:D006505,40
DB00400,MESH:D006528,40
DB00400,MESH:D006529,40
DB00400,MESH:D007249,40
DB00400,MESH:D007674,40
DB00400,MESH:D008103,40
DB00400,MESH:D008113,40
DB00400,MESH:D008114,40
DB00400,MESH:D008180,40
DB00400,MESH:D009135,40
DB00400,MESH:D009220,40
DB00400,MESH:D009395,40
DB00400,MESH:D011928,0
DB00400,MESH:D012595,0
DB00400,MESH:D013262,40
DB00400,MESH:D013964,40
DB00400,MESH:D017094,40
DB00400,MESH:D041781,40
DB00400,MESH:D046351,40
DB00400,MESH:D051437,40
DB00400,MESH:D056486,40
DB00811,MESH:D000013,40
DB00811,MESH:D000140,40
DB00811,MESH:D000740,40
DB00811,MESH:D000743,40
DB00811,MESH:D001157,40
DB00811,MESH:D001342,40
DB00811,MESH:D001424,40
DB00811,MESH:D001714,40
DB00811,MESH:D001763,40
DB00811,MESH:D001919,40
DB00811,MESH:D002311,40
DB00811,MESH:D002386,40
DB00811,MESH:D002543,40
DB00811,MESH:D002561,40
DB00811,MESH:D003072,40
DB00811,MESH:D003117,40
DB00811,MESH:D003371,40
DB00811,MESH:D003556,40
DB00811,MESH:D003639,40
DB00811,MESH:D003865,40
DB00811,MESH:D003866,40
DB00811,MESH:D004769,40
DB00811,MESH:D005221,40
DB00811,MESH:D006261,40
DB00811,MESH:D006319,40
DB00811,MESH:D006461,40
DB00811,MESH:D006521,40
DB00811,MESH:D006980,40
DB00811,MESH:D007024,40
DB00811,MESH:D007172,40
DB00811,MESH:D007511,40
DB00811,MESH:D007835,40
DB00811,MESH:D007970,40
DB00811,MESH:D008103,40
DB00811,MESH:D008275,40
DB00811,MESH:D008580,40
DB00811,MESH:D009135,40
DB00811,MESH:D009157,40
DB00811,MESH:D009336,40
DB00811,MESH:D009404,40
DB00811,MESH:D009503,40
DB00811,MESH:D009901,38
DB00811,MESH:D009976,40
DB00811,MESH:D010146,40
DB00811,MESH:D010195,40
DB00811,MESH:D010243,40
DB00811,MESH:D010302,40
DB00811,MESH:D010900,40
DB00811,MESH:D011024,40
DB00811,MESH:D011605,40
DB00811,MESH:D012163,0
DB00811,MESH:D012164,40
DB00811,MESH:D012170,40
DB00811,MESH:D012393,40
DB00811,MESH:D012563,40
DB00811,MESH:D013001,40
DB00811,MESH:D013262,40
DB00811,MESH:D013921,40
DB00811,MESH:D014012,40
DB00811,MESH:D014607,40
DB00811,MESH:D014766,40
DB00811,MESH:D014839,40
DB00811,MESH:D015658,40
DB00811,MESH:D016584,40
DB00811,MESH:D017093,40
DB00811,MESH:D017202,40
DB00811,MESH:D018177,40
DB00811,MESH:D018357,40
DB00811,MESH:D018917,40
DB00811,MESH:D019694,40
DB00811,MESH:D019698,40
DB00811,MESH:D019964,40
DB00811,MESH:D020246,40
DB00811,MESH:D028361,40
DB00811,MESH:D045169,40
DB00811,MESH:D048550,40
DB00811,MESH:D051437,40
DB00811,MESH:D053040,40
DB00811,MESH:D056486,40
DB00811,MESH:D057049,40
DB00564,MESH:D000013,40
DB00564,MESH:D000380,40
DB00564,MESH:D000741,40
DB00564,MESH:D000743,40
DB00564,MESH:D001037,40
DB00564,MESH:D001145,40
DB00564,MESH:D001168,40
DB00564,MESH:D001259,40
DB00564,MESH:D001289,40
DB00564,MESH:D001308,40
DB00564,MESH:D001480,40
DB00564,MESH:D001523,40
DB00564,MESH:D001649,40
DB00564,MESH:D001714,40
DB00564,MESH:D001778,40
DB00564,MESH:D001851,40
DB00564,MESH:D001855,40
DB00564,MESH:D001927,40
DB00564,MESH:D001930,40
DB00564,MESH:D001943,40
DB00564,MESH:D002305,40
DB00564,MESH:D002493,40
DB00564,MESH:D002524,40
DB00564,MESH:D002526,40
DB00564,MESH:D002538,40
DB00564,MESH:D002637,40
DB00564,MESH:D002971,40
DB00564,MESH:D002972,40
DB00564,MESH:D003072,40
DB00564,MESH:D003117,40
DB00564,MESH:D003128,40
DB00564,MESH:D003240,40
DB00564,MESH:D003294,40
DB00564,MESH:D003324,40
DB00564,MESH:D003645,40
DB00564,MESH:D003866,40
DB00564,MESH:D003875,40
DB00564,MESH:D003928,40
DB00564,MESH:D004195,40
DB00564,MESH:D004421,40
DB00564,MESH:D004485,40
DB00564,MESH:D004487,40
DB00564,MESH:D004802,40
DB00564,MESH:D004827,40
DB00564,MESH:D004829,40
DB00564,MESH:D004830,40
DB00564,MESH:D004831,40
DB00564,MESH:D004832,40
DB00564,MESH:D004833,40
DB00564,MESH:D004890,40
DB00564,MESH:D004916,40
DB00564,MESH:D005128,40
DB00564,MESH:D005198,40
DB00564,MESH:D005221,40
DB00564,MESH:D005315,40
DB00564,MESH:D005317,40
DB00564,MESH:D005334,40
DB00564,MESH:D005879,40
DB00564,MESH:D006212,40
DB00564,MESH:D006261,40
DB00564,MESH:D006311,40
DB00564,MESH:D006323,40
DB00564,MESH:D006327,40
DB00564,MESH:D006332,40
DB00564,MESH:D006333,40
DB00564,MESH:D006344,40
DB00564,MESH:D006345,40
DB00564,MESH:D006402,40
DB00564,MESH:D006529,40
DB00564,MESH:D006930,40
DB00564,MESH:D006940,40
DB00564,MESH:D006948,40
DB00564,MESH:D006965,40
DB00564,MESH:D006972,40
DB00564,MESH:D006973,40
DB00564,MESH:D006980,40
DB00564,MESH:D006985,40
DB00564,MESH:D006996,40
DB00564,MESH:D007010,40
DB00564,MESH:D007022,40
DB00564,MESH:D007172,40
DB00564,MESH:D007177,40
DB00564,MESH:D007415,40
DB00564,MESH:D007683,40
DB00564,MESH:D007806,40
DB00564,MESH:D007859,40
DB00564,MESH:D007964,40
DB00564,MESH:D007970,40
DB00564,MESH:D008113,40
DB00564,MESH:D008180,40
DB00564,MESH:D008223,40
DB00564,MESH:D008569,40
DB00564,MESH:D008582,40
DB00564,MESH:D008881,40
DB00564,MESH:D009056,40
DB00564,MESH:D009080,40
DB00564,MESH:D009128,40
DB00564,MESH:D009203,40
DB00564,MESH:D009205,40
DB00564,MESH:D009220,40
DB00564,MESH:D009223,40
DB00564,MESH:D009224,40
DB00564,MESH:D009325,40
DB00564,MESH:D009395,40
DB00564,MESH:D009410,40
DB00564,MESH:D009421,40
DB00564,MESH:D009422,40
DB00564,MESH:D009437,40
DB00564,MESH:D009503,40
DB00564,MESH:D009886,40
DB00564,MESH:D010195,40
DB00564,MESH:D010267,40
DB00564,MESH:D010292,40
DB00564,MESH:D010490,40
DB00564,MESH:D010554,40
DB00564,MESH:D011248,40
DB00564,MESH:D011537,40
DB00564,MESH:D011595,40
DB00564,MESH:D011605,40
DB00564,MESH:D011618,40
DB00564,MESH:D011657,40
DB00564,MESH:D012164,40
DB00564,MESH:D012563,40
DB00564,MESH:D012640,40
DB00564,MESH:D012770,40
DB00564,MESH:D012804,40
DB00564,MESH:D012848,40
DB00564,MESH:D012871,40
DB00564,MESH:D012893,40
DB00564,MESH:D013064,40
DB00564,MESH:D013163,40
DB00564,MESH:D013226,40
DB00564,MESH:D013262,40
DB00564,MESH:D013375,40
DB00564,MESH:D013616,40
DB00564,MESH:D013617,40
DB00564,MESH:D013651,40
DB00564,MESH:D013927,40
DB00564,MESH:D013981,40
DB00564,MESH:D014188,40
DB00564,MESH:D014202,40
DB00564,MESH:D014474,40
DB00564,MESH:D014581,40
DB00564,MESH:D014652,40
DB00564,MESH:D014786,40
DB00564,MESH:D014869,40
DB00564,MESH:D015430,40
DB00564,MESH:D015451,40
DB00564,MESH:D016055,40
DB00564,MESH:D017029,40
DB00564,MESH:D017093,40
DB00564,MESH:D017114,40
DB00564,MESH:D017118,40
DB00564,MESH:D017119,40
DB00564,MESH:D017180,40
DB00564,MESH:D017880,40
DB00564,MESH:D018248,40
DB00564,MESH:D018487,40
DB00564,MESH:D018500,40
DB00564,MESH:D018754,40
DB00564,MESH:D018771,40
DB00564,MESH:D018908,40
DB00564,MESH:D019305,40
DB00564,MESH:D019954,40
DB00564,MESH:D019964,40
DB00564,MESH:D019966,40
DB00564,MESH:D019970,40
DB00564,MESH:D020138,40
DB00564,MESH:D020176,40
DB00564,MESH:D020225,40
DB00564,MESH:D020233,40
DB00564,MESH:D020234,40
DB00564,MESH:D020246,40
DB00564,MESH:D020258,40
DB00564,MESH:D020329,40
DB00564,MESH:D020790,31
DB00564,MESH:D022124,40
DB00564,MESH:D047928,40
DB00564,MESH:D051437,40
DB00564,MESH:D051474,40
DB00564,MESH:D053608,40
DB00564,MESH:D053609,40
DB00564,MESH:D054038,40
DB00564,MESH:D054537,40
DB00564,MESH:D056486,40
DB00564,MESH:D056829,40
DB00564,MESH:D058186,40
DB00564,MESH:D062787,40
DB00993,MESH:D000013,40
DB00993,MESH:D000230,40
DB00993,MESH:D000380,40
DB00993,MESH:D000740,40
DB00993,MESH:D000741,40
DB00993,MESH:D000748,40
DB00993,MESH:D000749,40
DB00993,MESH:D000753,40
DB00993,MESH:D000799,40
DB00993,MESH:D000855,40
DB00993,MESH:D001168,40
DB00993,MESH:D001172,40
DB00993,MESH:D001201,40
DB00993,MESH:D001281,40
DB00993,MESH:D001327,40
DB00993,MESH:D001528,40
DB00993,MESH:D001650,40
DB00993,MESH:D001855,40
DB00993,MESH:D001919,40
DB00993,MESH:D001932,40
DB00993,MESH:D002277,40
DB00993,MESH:D002280,40
DB00993,MESH:D002295,40
DB00993,MESH:D002446,40
DB00993,MESH:D002493,40
DB00993,MESH:D002779,40
DB00993,MESH:D002780,40
DB00993,MESH:D003093,40
DB00993,MESH:D003110,40
DB00993,MESH:D003556,40
DB00993,MESH:D003875,40
DB00993,MESH:D003967,40
DB00993,MESH:D004198,40
DB00993,MESH:D004487,40
DB00993,MESH:D004802,40
DB00993,MESH:D004827,40
DB00993,MESH:D004932,39
DB00993,MESH:D005076,40
DB00993,MESH:D005334,40
DB00993,MESH:D005355,40
DB00993,MESH:D005767,40
DB00993,MESH:D005921,40
DB00993,MESH:D005922,40
DB00993,MESH:D006086,40
DB00993,MESH:D006261,40
DB00993,MESH:D006331,40
DB00993,MESH:D006333,40
DB00993,MESH:D006391,40
DB00993,MESH:D006402,40
DB00993,MESH:D006461,40
DB00993,MESH:D006504,40
DB00993,MESH:D006505,40
DB00993,MESH:D006526,40
DB00993,MESH:D006528,40
DB00993,MESH:D006529,40
DB00993,MESH:D006965,40
DB00993,MESH:D007022,40
DB00993,MESH:D007154,40
DB00993,MESH:D007249,40
DB00993,MESH:D007674,40
DB00993,MESH:D007680,40
DB00993,MESH:D007683,40
DB00993,MESH:D007938,40
DB00993,MESH:D007970,40
DB00993,MESH:D008103,40
DB00993,MESH:D008106,40
DB00993,MESH:D008107,40
DB00993,MESH:D008175,40
DB00993,MESH:D008179,40
DB00993,MESH:D008180,40
DB00993,MESH:D008181,40
DB00993,MESH:D008223,40
DB00993,MESH:D008228,40
DB00993,MESH:D008582,40
DB00993,MESH:D009103,40
DB00993,MESH:D009157,40
DB00993,MESH:D009190,40
DB00993,MESH:D009205,40
DB00993,MESH:D009325,40
DB00993,MESH:D009336,40
DB00993,MESH:D009362,40
DB00993,MESH:D009369,40
DB00993,MESH:D009374,40
DB00993,MESH:D009393,40
DB00993,MESH:D009771,40
DB00993,MESH:D009846,40
DB00993,MESH:D010146,40
DB00993,MESH:D010195,40
DB00993,MESH:D010198,40
DB00993,MESH:D010292,40
DB00993,MESH:D010382,40
DB00993,MESH:D010391,40
DB00993,MESH:D010392,40
DB00993,MESH:D010505,40
DB00993,MESH:D010523,40
DB00993,MESH:D010996,40
DB00993,MESH:D011183,40
DB00993,MESH:D011565,40
DB00993,MESH:D012004,40
DB00993,MESH:D012595,40
DB00993,MESH:D012640,40
DB00993,MESH:D012769,40
DB00993,MESH:D012871,40
DB00993,MESH:D013585,40
DB00993,MESH:D013610,40
DB00993,MESH:D013922,40
DB00993,MESH:D013927,40
DB00993,MESH:D014474,40
DB00993,MESH:D014657,40
DB00993,MESH:D014839,40
DB00993,MESH:D014890,40
DB00993,MESH:D015212,40
DB00993,MESH:D015431,40
DB00993,MESH:D015433,40
DB00993,MESH:D015746,40
DB00993,MESH:D016393,40
DB00993,MESH:D016506,0
DB00993,MESH:D016584,40
DB00993,MESH:D016609,40
DB00993,MESH:D016889,40
DB00993,MESH:D017093,40
DB00993,MESH:D017114,40
DB00993,MESH:D018754,40
DB00993,MESH:D018771,40
DB00993,MESH:D018908,40
DB00993,MESH:D019046,40
DB00993,MESH:D019693,40
DB00993,MESH:D019698,40
DB00993,MESH:D020529,40
DB00993,MESH:D030342,0
DB00993,MESH:D045743,40
DB00993,MESH:D048629,40
DB00993,MESH:D051437,40
DB00993,MESH:D053099,40
DB00993,MESH:D054198,40
DB00993,MESH:D056486,40
DB00993,MESH:D056784,40
DB00993,MESH:D056829,40
DB00993,MESH:D058186,40
DB00205,MESH:D000013,40
DB00205,MESH:D000743,40
DB00205,MESH:D000748,40
DB00205,MESH:D000749,40
DB00205,MESH:D001855,12
DB00205,MESH:D001927,40
DB00205,MESH:D003711,12
DB00205,MESH:D004211,40
DB00205,MESH:D006406,40
DB00205,MESH:D006470,40
DB00205,MESH:D007669,40
DB00205,MESH:D008288,40
DB00205,MESH:D008546,40
DB00205,MESH:D009336,40
DB00205,MESH:D010198,40
DB00205,MESH:D012640,40
DB00205,MESH:D013262,40
DB00205,MESH:D016778,40
DB00205,MESH:D017880,40
DB00205,MESH:D054079,0
DB00205,MESH:D056735,40
DB00205,MESH:D056784,40
DB00205,MESH:D058186,40
DB00205,MESH:D062787,40
DB00682,MESH:D000014,40
DB00682,MESH:D000743,40
DB00682,MESH:D000784,40
DB00682,MESH:D001281,40
DB00682,MESH:D001749,40
DB00682,MESH:D001766,40
DB00682,MESH:D001778,40
DB00682,MESH:D001848,34
DB00682,MESH:D001930,40
DB00682,MESH:D001941,40
DB00682,MESH:D002114,40
DB00682,MESH:D002295,40
DB00682,MESH:D002305,40
DB00682,MESH:D002349,40
DB00682,MESH:D002357,40
DB00682,MESH:D002526,40
DB00682,MESH:D002542,40
DB00682,MESH:D002543,40
DB00682,MESH:D002545,40
DB00682,MESH:D002546,40
DB00682,MESH:D002561,40
DB00682,MESH:D002779,40
DB00682,MESH:D002780,40
DB00682,MESH:D002806,40
DB00682,MESH:D003161,40
DB00682,MESH:D003323,31
DB00682,MESH:D003324,40
DB00682,MESH:D003328,40
DB00682,MESH:D003490,40
DB00682,MESH:D003872,40
DB00682,MESH:D003875,40
DB00682,MESH:D003914,0
DB00682,MESH:D003928,40
DB00682,MESH:D004211,40
DB00682,MESH:D004413,40
DB00682,MESH:D004617,40
DB00682,MESH:D004935,40
DB00682,MESH:D005315,40
DB00682,MESH:D005317,40
DB00682,MESH:D005776,1
DB00682,MESH:D006323,40
DB00682,MESH:D006330,40
DB00682,MESH:D006331,40
DB00682,MESH:D006333,40
DB00682,MESH:D006349,40
DB00682,MESH:D006406,40
DB00682,MESH:D006408,40
DB00682,MESH:D006417,40
DB00682,MESH:D006470,40
DB00682,MESH:D006471,40
DB00682,MESH:D006505,40
DB00682,MESH:D006943,40
DB00682,MESH:D006973,40
DB00682,MESH:D006976,40
DB00682,MESH:D007003,40
DB00682,MESH:D007232,40
DB00682,MESH:D007511,40
DB00682,MESH:D007674,40
DB00682,MESH:D007738,40
DB00682,MESH:D008171,40
DB00682,MESH:D009101,40
DB00682,MESH:D009135,40
DB00682,MESH:D009202,40
DB00682,MESH:D009220,40
DB00682,MESH:D009336,40
DB00682,MESH:D009361,40
DB00682,MESH:D009362,40
DB00682,MESH:D009374,40
DB00682,MESH:D009395,40
DB00682,MESH:D009896,40
DB00682,MESH:D009901,40
DB00682,MESH:D010146,40
DB00682,MESH:D010190,40
DB00682,MESH:D010292,40
DB00682,MESH:D010409,38
DB00682,MESH:D010490,40
DB00682,MESH:D011183,40
DB00682,MESH:D011297,40
DB00682,MESH:D011537,40
DB00682,MESH:D011655,40
DB00682,MESH:D011658,40
DB00682,MESH:D012170,40
DB00682,MESH:D012206,40
DB00682,MESH:D012640,40
DB00682,MESH:D012770,40
DB00682,MESH:D012851,40
DB00682,MESH:D012857,40
DB00682,MESH:D013118,40
DB00682,MESH:D013345,40
DB00682,MESH:D013921,40
DB00682,MESH:D014456,40
DB00682,MESH:D014652,40
DB00682,MESH:D014657,40
DB00682,MESH:D015746,40
DB00682,MESH:D016736,36
DB00682,MESH:D017202,40
DB00682,MESH:D017379,40
DB00682,MESH:D017545,40
DB00682,MESH:D017681,40
DB00682,MESH:D017700,40
DB00682,MESH:D019465,40
DB00682,MESH:D019851,40
DB00682,MESH:D020151,40
DB00682,MESH:D020198,40
DB00682,MESH:D020199,40
DB00682,MESH:D020246,40
DB00682,MESH:D020300,40
DB00682,MESH:D020325,40
DB00682,MESH:D020426,40
DB00682,MESH:D020521,40
DB00682,MESH:D023903,40
DB00682,MESH:D041781,40
DB00682,MESH:D046748,40
DB00682,MESH:D049188,40
DB00682,MESH:D050723,0
DB00682,MESH:D051437,40
DB00682,MESH:D054556,40
DB00682,MESH:D056486,40
DB00682,MESH:D058186,40
DB00682,MESH:D058226,14
DB00682,MESH:D061205,40
DB00682,MESH:D065631,40
DB00682,MESH:D065666,40
DB00267,MESH:D000014,40
DB00267,MESH:D016470,40
DB00267,MESH:D016908,0
DB00267,MESH:D020964,40
DB00584,MESH:D000014,40
DB00584,MESH:D000402,40
DB00584,MESH:D000419,40
DB00584,MESH:D000740,40
DB00584,MESH:D000799,40
DB00584,MESH:D000855,40
DB00584,MESH:D000860,40
DB00584,MESH:D001002,40
DB00584,MESH:D001201,40
DB00584,MESH:D001247,40
DB00584,MESH:D001778,40
DB00584,MESH:D001919,40
DB00584,MESH:D001930,40
DB00584,MESH:D002311,40
DB00584,MESH:D002318,40
DB00584,MESH:D002544,40
DB00584,MESH:D002545,40
DB00584,MESH:D002779,40
DB00584,MESH:D002780,40
DB00584,MESH:D003324,40
DB00584,MESH:D003371,40
DB00584,MESH:D003875,40
DB00584,MESH:D003921,40
DB00584,MESH:D003924,40
DB00584,MESH:D003925,40
DB00584,MESH:D003928,40
DB00584,MESH:D003929,40
DB00584,MESH:D003967,40
DB00584,MESH:D004719,40
DB00584,MESH:D004802,40
DB00584,MESH:D004890,40
DB00584,MESH:D005076,40
DB00584,MESH:D005221,40
DB00584,MESH:D005234,40
DB00584,MESH:D005355,40
DB00584,MESH:D005483,40
DB00584,MESH:D005921,40
DB00584,MESH:D005922,40
DB00584,MESH:D005923,40
DB00584,MESH:D006261,40
DB00584,MESH:D006323,40
DB00584,MESH:D006470,40
DB00584,MESH:D006937,40
DB00584,MESH:D006947,40
DB00584,MESH:D006965,40
DB00584,MESH:D006973,40
DB00584,MESH:D006974,40
DB00584,MESH:D006976,40
DB00584,MESH:D006977,40
DB00584,MESH:D006978,40
DB00584,MESH:D007008,40
DB00584,MESH:D007010,40
DB00584,MESH:D007022,40
DB00584,MESH:D007235,40
DB00584,MESH:D007249,40
DB00584,MESH:D007674,40
DB00584,MESH:D008103,40
DB00584,MESH:D008106,40
DB00584,MESH:D009202,40
DB00584,MESH:D009203,40
DB00584,MESH:D009325,40
DB00584,MESH:D009336,40
DB00584,MESH:D009369,40
DB00584,MESH:D009400,40
DB00584,MESH:D009765,40
DB00584,MESH:D010024,40
DB00584,MESH:D010243,40
DB00584,MESH:D010292,40
DB00584,MESH:D011014,40
DB00584,MESH:D011086,40
DB00584,MESH:D011297,40
DB00584,MESH:D011507,40
DB00584,MESH:D011537,40
DB00584,MESH:D011658,40
DB00584,MESH:D011695,40
DB00584,MESH:D012598,40
DB00584,MESH:D012640,40
DB00584,MESH:D012678,40
DB00584,MESH:D012859,40
DB00584,MESH:D013262,40
DB00584,MESH:D013375,40
DB00584,MESH:D013651,40
DB00584,MESH:D014511,40
DB00584,MESH:D014517,40
DB00584,MESH:D014657,40
DB00584,MESH:D014839,40
DB00584,MESH:D015431,40
DB00584,MESH:D015746,40
DB00584,MESH:D016491,40
DB00584,MESH:D017202,40
DB00584,MESH:D017380,40
DB00584,MESH:D018450,40
DB00584,MESH:D018487,40
DB00584,MESH:D018771,40
DB00584,MESH:D020181,33
DB00584,MESH:D020257,40
DB00584,MESH:D020520,40
DB00584,MESH:D020521,40
DB00584,MESH:D041781,40
DB00584,MESH:D050197,40
DB00584,MESH:D052177,40
DB00584,MESH:D053099,40
DB00584,MESH:D056486,40
DB00584,MESH:D058065,40
DB00584,MESH:D058226,40
DB00584,MESH:D058426,40
DB01234,MESH:D000014,40
DB01234,MESH:D000152,40
DB01234,MESH:D000169,6
DB01234,MESH:D000236,40
DB01234,MESH:D000303,40
DB01234,MESH:D000307,40
DB01234,MESH:D000309,40
DB01234,MESH:D000312,40
DB01234,MESH:D000419,40
DB01234,MESH:D000647,40
DB01234,MESH:D000648,40
DB01234,MESH:D000740,40
DB01234,MESH:D000741,40
DB01234,MESH:D000756,40
DB01234,MESH:D000855,40
DB01234,MESH:D000856,40
DB01234,MESH:D001008,40
DB01234,MESH:D001037,40
DB01234,MESH:D001145,40
DB01234,MESH:D001168,40
DB01234,MESH:D001169,40
DB01234,MESH:D001172,40
DB01234,MESH:D001259,40
DB01234,MESH:D001284,40
DB01234,MESH:D001342,40
DB01234,MESH:D001714,40
DB01234,MESH:D001919,40
DB01234,MESH:D001929,40
DB01234,MESH:D001930,40
DB01234,MESH:D001932,40
DB01234,MESH:D001943,40
DB01234,MESH:D001997,40
DB01234,MESH:D002051,40
DB01234,MESH:D002305,40
DB01234,MESH:D002312,40
DB01234,MESH:D002357,40
DB01234,MESH:D002543,40
DB01234,MESH:D002547,40
DB01234,MESH:D002761,40
DB01234,MESH:D003072,40
DB01234,MESH:D003110,40
DB01234,MESH:D003248,40
DB01234,MESH:D003316,40
DB01234,MESH:D003480,40
DB01234,MESH:D003556,40
DB01234,MESH:D003681,40
DB01234,MESH:D003711,40
DB01234,MESH:D003866,40
DB01234,MESH:D003876,40
DB01234,MESH:D004195,40
DB01234,MESH:D004211,40
DB01234,MESH:D004421,40
DB01234,MESH:D004443,40
DB01234,MESH:D004646,40
DB01234,MESH:D004681,40
DB01234,MESH:D004802,40
DB01234,MESH:D004827,40
DB01234,MESH:D004890,40
DB01234,MESH:D005076,40
DB01234,MESH:D005119,40
DB01234,MESH:D005317,40
DB01234,MESH:D005354,40
DB01234,MESH:D005355,40
DB01234,MESH:D005901,40
DB01234,MESH:D005909,40
DB01234,MESH:D005910,40
DB01234,MESH:D005923,40
DB01234,MESH:D006130,40
DB01234,MESH:D006212,40
DB01234,MESH:D006259,40
DB01234,MESH:D006261,40
DB01234,MESH:D006323,40
DB01234,MESH:D006332,40
DB01234,MESH:D006402,40
DB01234,MESH:D006406,40
DB01234,MESH:D006417,40
DB01234,MESH:D006470,40
DB01234,MESH:D006528,40
DB01234,MESH:D006529,40
DB01234,MESH:D006548,40
DB01234,MESH:D006869,40
DB01234,MESH:D006929,40
DB01234,MESH:D006930,40
DB01234,MESH:D006932,40
DB01234,MESH:D006937,40
DB01234,MESH:D006940,40
DB01234,MESH:D006943,40
DB01234,MESH:D006946,40
DB01234,MESH:D006948,40
DB01234,MESH:D006965,40
DB01234,MESH:D006967,40
DB01234,MESH:D006968,40
DB01234,MESH:D006973,40
DB01234,MESH:D006984,40
DB01234,MESH:D007003,40
DB01234,MESH:D007008,40
DB01234,MESH:D007018,40
DB01234,MESH:D007022,40
DB01234,MESH:D007177,40
DB01234,MESH:D007235,40
DB01234,MESH:D007634,40
DB01234,MESH:D007669,40
DB01234,MESH:D007674,40
DB01234,MESH:D007752,40
DB01234,MESH:D007859,40
DB01234,MESH:D007970,40
DB01234,MESH:D008106,40
DB01234,MESH:D008107,40
DB01234,MESH:D008113,40
DB01234,MESH:D008171,40
DB01234,MESH:D008175,40
DB01234,MESH:D008223,40
DB01234,MESH:D008231,40
DB01234,MESH:D008258,40
DB01234,MESH:D008569,40
DB01234,MESH:D008579,40
DB01234,MESH:D008581,40
DB01234,MESH:D009101,40
DB01234,MESH:D009157,40
DB01234,MESH:D009202,40
DB01234,MESH:D009203,40
DB01234,MESH:D009216,39
DB01234,MESH:D009220,40
DB01234,MESH:D009325,40
DB01234,MESH:D009336,40
DB01234,MESH:D009374,40
DB01234,MESH:D009393,40
DB01234,MESH:D009410,40
DB01234,MESH:D009422,40
DB01234,MESH:D009437,40
DB01234,MESH:D009503,40
DB01234,MESH:D009771,40
DB01234,MESH:D009798,40
DB01234,MESH:D009846,40
DB01234,MESH:D010024,40
DB01234,MESH:D010149,40
DB01234,MESH:D010259,40
DB01234,MESH:D010392,40
DB01234,MESH:D010490,40
DB01234,MESH:D010538,40
DB01234,MESH:D010996,40
DB01234,MESH:D011014,40
DB01234,MESH:D011141,40
DB01234,MESH:D011297,40
DB01234,MESH:D011471,40
DB01234,MESH:D011537,40
DB01234,MESH:D011605,40
DB01234,MESH:D011628,40
DB01234,MESH:D011654,40
DB01234,MESH:D011657,40
DB01234,MESH:D011658,40
DB01234,MESH:D011782,40
DB01234,MESH:D012008,40
DB01234,MESH:D012120,40
DB01234,MESH:D012640,40
DB01234,MESH:D012770,40
DB01234,MESH:D012871,40
DB01234,MESH:D012893,40
DB01234,MESH:D013035,40
DB01234,MESH:D013118,40
DB01234,MESH:D013158,40
DB01234,MESH:D013203,40
DB01234,MESH:D013272,40
DB01234,MESH:D013276,40
DB01234,MESH:D013280,40
DB01234,MESH:D013345,40
DB01234,MESH:D013375,40
DB01234,MESH:D013610,40
DB01234,MESH:D013684,40
DB01234,MESH:D013733,40
DB01234,MESH:D013736,40
DB01234,MESH:D013921,40
DB01234,MESH:D013923,40
DB01234,MESH:D013971,40
DB01234,MESH:D014012,40
DB01234,MESH:D014581,40
DB01234,MESH:D014605,40
DB01234,MESH:D014652,40
DB01234,MESH:D014694,40
DB01234,MESH:D014839,40
DB01234,MESH:D014947,40
DB01234,MESH:D015212,40
DB01234,MESH:D015430,40
DB01234,MESH:D015431,40
DB01234,MESH:D015452,40
DB01234,MESH:D015470,40
DB01234,MESH:D015473,40
DB01234,MESH:D015508,40
DB01234,MESH:D015746,40
DB01234,MESH:D016055,40
DB01234,MESH:D016403,40
DB01234,MESH:D016411,40
DB01234,MESH:D016472,40
DB01234,MESH:D016483,40
DB01234,MESH:D016491,40
DB01234,MESH:D016535,40
DB01234,MESH:D016584,40
DB01234,MESH:D016889,40
DB01234,MESH:D017202,40
DB01234,MESH:D017241,1
DB01234,MESH:D017449,40
DB01234,MESH:D017495,40
DB01234,MESH:D018376,40
DB01234,MESH:D018500,40
DB01234,MESH:D018805,40
DB01234,MESH:D018908,40
DB01234,MESH:D019446,40
DB01234,MESH:D019586,40
DB01234,MESH:D019851,40
DB01234,MESH:D019964,40
DB01234,MESH:D020301,40
DB01234,MESH:D020345,40
DB01234,MESH:D020521,40
DB01234,MESH:D020925,40
DB01234,MESH:D034381,40
DB01234,MESH:D049188,40
DB01234,MESH:D050171,40
DB01234,MESH:D051437,40
DB01234,MESH:D053713,40
DB01234,MESH:D054038,40
DB01234,MESH:D054198,40
DB01234,MESH:D054218,40
DB01234,MESH:D054556,40
DB01234,MESH:D055370,40
DB01234,MESH:D055371,40
DB01234,MESH:D055959,40
DB01234,MESH:D056486,40
DB01234,MESH:D058186,40
DB01234,MESH:D062787,40
DB01234,MESH:D065306,40
DB00617,MESH:D000014,40
DB00617,MESH:D009404,40
DB01577,MESH:D000014,40
DB01577,MESH:D000037,40
DB01577,MESH:D000784,40
DB01577,MESH:D000789,4
DB01577,MESH:D000855,40
DB01577,MESH:D000987,40
DB01577,MESH:D001008,40
DB01577,MESH:D001145,40
DB01577,MESH:D001480,40
DB01577,MESH:D001927,40
DB01577,MESH:D001930,40
DB01577,MESH:D002311,40
DB01577,MESH:D002318,40
DB01577,MESH:D002375,40
DB01577,MESH:D002493,40
DB01577,MESH:D002543,40
DB01577,MESH:D002544,40
DB01577,MESH:D002545,40
DB01577,MESH:D002561,40
DB01577,MESH:D002637,40
DB01577,MESH:D002779,40
DB01577,MESH:D003320,0
DB01577,MESH:D003329,40
DB01577,MESH:D003865,40
DB01577,MESH:D003866,40
DB01577,MESH:D004211,40
DB01577,MESH:D004401,40
DB01577,MESH:D004409,40
DB01577,MESH:D004487,40
DB01577,MESH:D004660,8
DB01577,MESH:D004802,40
DB01577,MESH:D004830,40
DB01577,MESH:D005317,40
DB01577,MESH:D005334,40
DB01577,MESH:D005767,40
DB01577,MESH:D005911,40
DB01577,MESH:D006130,40
DB01577,MESH:D006212,40
DB01577,MESH:D006261,40
DB01577,MESH:D006331,40
DB01577,MESH:D006332,40
DB01577,MESH:D006333,40
DB01577,MESH:D006930,40
DB01577,MESH:D006967,40
DB01577,MESH:D006973,40
DB01577,MESH:D006976,40
DB01577,MESH:D006984,40
DB01577,MESH:D007035,40
DB01577,MESH:D007154,40
DB01577,MESH:D007174,40
DB01577,MESH:D007319,40
DB01577,MESH:D007676,40
DB01577,MESH:D007683,40
DB01577,MESH:D008171,40
DB01577,MESH:D008569,40
DB01577,MESH:D009059,40
DB01577,MESH:D009069,40
DB01577,MESH:D009127,40
DB01577,MESH:D009202,40
DB01577,MESH:D009203,40
DB01577,MESH:D009212,40
DB01577,MESH:D009290,40
DB01577,MESH:D009325,40
DB01577,MESH:D009336,40
DB01577,MESH:D009410,40
DB01577,MESH:D009422,40
DB01577,MESH:D009771,40
DB01577,MESH:D009784,40
DB01577,MESH:D010024,40
DB01577,MESH:D010259,40
DB01577,MESH:D010300,40
DB01577,MESH:D010302,40
DB01577,MESH:D011297,40
DB01577,MESH:D011595,40
DB01577,MESH:D011596,40
DB01577,MESH:D011605,40
DB01577,MESH:D011618,40
DB01577,MESH:D012140,40
DB01577,MESH:D012206,40
DB01577,MESH:D012559,40
DB01577,MESH:D012640,40
DB01577,MESH:D012769,40
DB01577,MESH:D012770,40
DB01577,MESH:D012871,40
DB01577,MESH:D013064,40
DB01577,MESH:D013226,40
DB01577,MESH:D013345,40
DB01577,MESH:D013375,40
DB01577,MESH:D013610,40
DB01577,MESH:D013617,40
DB01577,MESH:D014076,40
DB01577,MESH:D014202,40
DB01577,MESH:D014313,40
DB01577,MESH:D014657,40
DB01577,MESH:D014693,40
DB01577,MESH:D014839,40
DB01577,MESH:D015431,40
DB01577,MESH:D015526,1
DB01577,MESH:D015658,40
DB01577,MESH:D015746,40
DB01577,MESH:D016055,40
DB01577,MESH:D016491,40
DB01577,MESH:D016584,40
DB01577,MESH:D017114,40
DB01577,MESH:D017202,40
DB01577,MESH:D017379,40
DB01577,MESH:D018476,40
DB01577,MESH:D018487,40
DB01577,MESH:D018754,40
DB01577,MESH:D019636,40
DB01577,MESH:D019954,40
DB01577,MESH:D019956,40
DB01577,MESH:D019970,40
DB01577,MESH:D020233,40
DB01577,MESH:D020258,40
DB01577,MESH:D020300,40
DB01577,MESH:D020301,40
DB01577,MESH:D020521,40
DB01577,MESH:D020925,40
DB01577,MESH:D023341,40
DB01577,MESH:D049188,40
DB01577,MESH:D050197,40
DB01577,MESH:D051437,40
DB01577,MESH:D053099,40
DB01577,MESH:D054058,40
DB01577,MESH:D054537,40
DB01577,MESH:D056486,40
DB01577,MESH:D056784,40
DB00987,MESH:D000014,40
DB00987,MESH:D000138,39
DB00987,MESH:D000740,40
DB00987,MESH:D001037,40
DB00987,MESH:D001145,40
DB00987,MESH:D001284,40
DB00987,MESH:D001424,40
DB00987,MESH:D001766,40
DB00987,MESH:D001855,40
DB00987,MESH:D001919,40
DB00987,MESH:D001927,40
DB00987,MESH:D001929,40
DB00987,MESH:D001930,40
DB00987,MESH:D001932,40
DB00987,MESH:D001943,40
DB00987,MESH:D002051,40
DB00987,MESH:D002277,40
DB00987,MESH:D002305,40
DB00987,MESH:D002471,40
DB00987,MESH:D002493,40
DB00987,MESH:D002524,40
DB00987,MESH:D002637,40
DB00987,MESH:D002769,40
DB00987,MESH:D002780,40
DB00987,MESH:D003072,40
DB00987,MESH:D003092,40
DB00987,MESH:D003128,40
DB00987,MESH:D003316,40
DB00987,MESH:D003680,40
DB00987,MESH:D003711,40
DB00987,MESH:D003967,40
DB00987,MESH:D004401,40
DB00987,MESH:D004487,40
DB00987,MESH:D004660,40
DB00987,MESH:D004915,40
DB00987,MESH:D005128,40
DB00987,MESH:D005158,40
DB00987,MESH:D005334,40
DB00987,MESH:D005767,40
DB00987,MESH:D005770,40
DB00987,MESH:D006212,40
DB00987,MESH:D006261,40
DB00987,MESH:D006333,40
DB00987,MESH:D006402,40
DB00987,MESH:D006417,40
DB00987,MESH:D006429,40
DB00987,MESH:D006505,40
DB00987,MESH:D006530,40
DB00987,MESH:D006689,40
DB00987,MESH:D006932,40
DB00987,MESH:D006965,40
DB00987,MESH:D006966,40
DB00987,MESH:D006967,40
DB00987,MESH:D007022,40
DB00987,MESH:D007040,40
DB00987,MESH:D007235,39
DB00987,MESH:D007410,40
DB00987,MESH:D007634,40
DB00987,MESH:D007674,40
DB00987,MESH:D007938,40
DB00987,MESH:D007945,40
DB00987,MESH:D007948,40
DB00987,MESH:D007951,40
DB00987,MESH:D007964,40
DB00987,MESH:D007970,40
DB00987,MESH:D008107,40
DB00987,MESH:D008171,40
DB00987,MESH:D008228,40
DB00987,MESH:D008527,40
DB00987,MESH:D008580,40
DB00987,MESH:D008581,40
DB00987,MESH:D008582,40
DB00987,MESH:D009190,40
DB00987,MESH:D009325,40
DB00987,MESH:D009336,40
DB00987,MESH:D009395,40
DB00987,MESH:D009410,40
DB00987,MESH:D009421,40
DB00987,MESH:D009422,40
DB00987,MESH:D009503,40
DB00987,MESH:D009896,40
DB00987,MESH:D009901,40
DB00987,MESH:D009902,40
DB00987,MESH:D010051,40
DB00987,MESH:D010146,40
DB00987,MESH:D010195,40
DB00987,MESH:D010243,40
DB00987,MESH:D010244,40
DB00987,MESH:D010291,40
DB00987,MESH:D010292,40
DB00987,MESH:D010302,40
DB00987,MESH:D010523,40
DB00987,MESH:D010538,40
DB00987,MESH:D010996,40
DB00987,MESH:D011014,40
DB00987,MESH:D011087,40
DB00987,MESH:D011115,40
DB00987,MESH:D011297,40
DB00987,MESH:D011507,40
DB00987,MESH:D011654,40
DB00987,MESH:D011782,40
DB00987,MESH:D011928,40
DB00987,MESH:D012206,40
DB00987,MESH:D012208,40
DB00987,MESH:D012559,40
DB00987,MESH:D012640,40
DB00987,MESH:D012678,40
DB00987,MESH:D012769,40
DB00987,MESH:D012848,22
DB00987,MESH:D012871,40
DB00987,MESH:D013118,40
DB00987,MESH:D013280,40
DB00987,MESH:D013921,40
DB00987,MESH:D014202,40
DB00987,MESH:D014581,40
DB00987,MESH:D014657,40
DB00987,MESH:D014693,40
DB00987,MESH:D014786,40
DB00987,MESH:D014839,40
DB00987,MESH:D015430,40
DB00987,MESH:D015451,40
DB00987,MESH:D015452,40
DB00987,MESH:D015464,40
DB00987,MESH:D015470,40
DB00987,MESH:D015473,40
DB00987,MESH:D015479,40
DB00987,MESH:D015746,40
DB00987,MESH:D015792,40
DB00987,MESH:D016055,40
DB00987,MESH:D016393,40
DB00987,MESH:D016399,40
DB00987,MESH:D016403,40
DB00987,MESH:D016543,40
DB00987,MESH:D017093,40
DB00987,MESH:D018805,40
DB00987,MESH:D018908,40
DB00987,MESH:D019337,40
DB00987,MESH:D019457,40
DB00987,MESH:D020258,40
DB00987,MESH:D020301,40
DB00987,MESH:D020522,40
DB00987,MESH:D020795,40
DB00987,MESH:D034381,40
DB00987,MESH:D042883,40
DB00987,MESH:D054038,40
DB00987,MESH:D054144,40
DB00987,MESH:D054198,40
DB00987,MESH:D054218,40
DB00987,MESH:D055728,40
DB00987,MESH:D056784,40
DB00987,MESH:D058186,40
DB00694,MESH:D000014,40
DB00694,MESH:D000230,40
DB00694,MESH:D000740,40
DB00694,MESH:D000741,40
DB00694,MESH:D001145,40
DB00694,MESH:D001847,40
DB00694,MESH:D001855,40
DB00694,MESH:D001929,40
DB00694,MESH:D002471,40
DB00694,MESH:D002526,40
DB00694,MESH:D002543,40
DB00694,MESH:D002637,40
DB00694,MESH:D002779,40
DB00694,MESH:D003967,40
DB00694,MESH:D004195,40
DB00694,MESH:D004719,40
DB00694,MESH:D004915,40
DB00694,MESH:D005334,40
DB00694,MESH:D005355,40
DB00694,MESH:D005921,40
DB00694,MESH:D005923,40
DB00694,MESH:D006261,40
DB00694,MESH:D006331,40
DB00694,MESH:D006470,40
DB00694,MESH:D006504,40
DB00694,MESH:D006937,40
DB00694,MESH:D006949,40
DB00694,MESH:D007022,40
DB00694,MESH:D007235,40
DB00694,MESH:D007674,40
DB00694,MESH:D007938,40
DB00694,MESH:D007942,40
DB00694,MESH:D008228,40
DB00694,MESH:D009069,40
DB00694,MESH:D009202,40
DB00694,MESH:D009205,40
DB00694,MESH:D009336,40
DB00694,MESH:D009369,40
DB00694,MESH:D009401,40
DB00694,MESH:D009404,40
DB00694,MESH:D009422,40
DB00694,MESH:D010182,40
DB00694,MESH:D010292,40
DB00694,MESH:D010523,40
DB00694,MESH:D011014,40
DB00694,MESH:D011507,40
DB00694,MESH:D012640,40
DB00694,MESH:D012770,40
DB00694,MESH:D012804,40
DB00694,MESH:D013280,40
DB00694,MESH:D013616,40
DB00694,MESH:D013921,40
DB00694,MESH:D013927,40
DB00694,MESH:D014202,40
DB00694,MESH:D014652,40
DB00694,MESH:D015228,40
DB00694,MESH:D015431,40
DB00694,MESH:D015470,40
DB00694,MESH:D015473,40
DB00694,MESH:D015674,39
DB00694,MESH:D016171,40
DB00694,MESH:D017093,40
DB00694,MESH:D018226,40
DB00694,MESH:D018487,40
DB00694,MESH:D018754,40
DB00694,MESH:D019337,40
DB00694,MESH:D024801,40
DB00694,MESH:D028361,40
DB00694,MESH:D054198,40
DB00694,MESH:D054218,40
DB00694,MESH:D054559,40
DB00694,MESH:D056486,40
DB00694,MESH:D066126,40
DB00242,MESH:D000014,40
DB00242,MESH:D000015,40
DB00242,MESH:D000380,40
DB00242,MESH:D000740,40
DB00242,MESH:D000743,40
DB00242,MESH:D000855,40
DB00242,MESH:D001855,40
DB00242,MESH:D002471,40
DB00242,MESH:D003711,40
DB00242,MESH:D004211,40
DB00242,MESH:D004417,40
DB00242,MESH:D004892,40
DB00242,MESH:D005327,40
DB00242,MESH:D005334,40
DB00242,MESH:D006333,40
DB00242,MESH:D007943,40
DB00242,MESH:D007945,40
DB00242,MESH:D007951,40
DB00242,MESH:D008231,40
DB00242,MESH:D008258,40
DB00242,MESH:D008850,0
DB00242,MESH:D009103,0
DB00242,MESH:D009325,40
DB00242,MESH:D009336,40
DB00242,MESH:D009503,40
DB00242,MESH:D010198,40
DB00242,MESH:D010523,40
DB00242,MESH:D013262,40
DB00242,MESH:D013921,40
DB00242,MESH:D016135,0
DB00242,MESH:D016393,40
DB00242,MESH:D016403,40
DB00242,MESH:D016410,40
DB00242,MESH:D055728,40
DB00242,MESH:D056647,40
DB00321,MESH:D000014,40
DB00321,MESH:D000647,40
DB00321,MESH:D000690,40
DB00321,MESH:D000860,40
DB00321,MESH:D001008,40
DB00321,MESH:D001145,40
DB00321,MESH:D001416,40
DB00321,MESH:D001480,40
DB00321,MESH:D001523,40
DB00321,MESH:D001919,40
DB00321,MESH:D001927,40
DB00321,MESH:D002311,40
DB00321,MESH:D002318,40
DB00321,MESH:D002375,40
DB00321,MESH:D002526,40
DB00321,MESH:D002819,40
DB00321,MESH:D003128,40
DB00321,MESH:D003248,40
DB00321,MESH:D003865,40
DB00321,MESH:D003866,40
DB00321,MESH:D004421,40
DB00321,MESH:D004802,40
DB00321,MESH:D004827,40
DB00321,MESH:D005334,40
DB00321,MESH:D005355,40
DB00321,MESH:D006212,40
DB00321,MESH:D006323,40
DB00321,MESH:D006327,40
DB00321,MESH:D006331,40
DB00321,MESH:D006333,40
DB00321,MESH:D006417,40
DB00321,MESH:D006461,40
DB00321,MESH:D006501,40
DB00321,MESH:D006505,40
DB00321,MESH:D006530,40
DB00321,MESH:D006930,40
DB00321,MESH:D006948,40
DB00321,MESH:D006973,40
DB00321,MESH:D006974,40
DB00321,MESH:D007010,40
DB00321,MESH:D007022,40
DB00321,MESH:D007024,40
DB00321,MESH:D007035,40
DB00321,MESH:D007177,40
DB00321,MESH:D007249,40
DB00321,MESH:D007319,40
DB00321,MESH:D008064,40
DB00321,MESH:D009069,40
DB00321,MESH:D009122,40
DB00321,MESH:D009205,40
DB00321,MESH:D009336,40
DB00321,MESH:D009422,40
DB00321,MESH:D009437,40
DB00321,MESH:D009886,40
DB00321,MESH:D010146,40
DB00321,MESH:D010149,40
DB00321,MESH:D010243,40
DB00321,MESH:D010259,40
DB00321,MESH:D010292,40
DB00321,MESH:D010523,40
DB00321,MESH:D010554,40
DB00321,MESH:D011605,40
DB00321,MESH:D011618,40
DB00321,MESH:D011654,40
DB00321,MESH:D012128,40
DB00321,MESH:D012206,40
DB00321,MESH:D012640,40
DB00321,MESH:D012798,40
DB00321,MESH:D012893,40
DB00321,MESH:D013226,40
DB00321,MESH:D013375,40
DB00321,MESH:D013610,40
DB00321,MESH:D013616,40
DB00321,MESH:D013617,40
DB00321,MESH:D013921,40
DB00321,MESH:D013927,40
DB00321,MESH:D014012,40
DB00321,MESH:D014564,40
DB00321,MESH:D014652,40
DB00321,MESH:D014786,40
DB00321,MESH:D015430,40
DB00321,MESH:D015619,40
DB00321,MESH:D015877,40
DB00321,MESH:D016055,40
DB00321,MESH:D016171,40
DB00321,MESH:D016584,40
DB00321,MESH:D017180,40
DB00321,MESH:D017202,40
DB00321,MESH:D018487,40
DB00321,MESH:D018754,40
DB00321,MESH:D019226,28
DB00321,MESH:D019956,40
DB00321,MESH:D019964,40
DB00321,MESH:D020886,40
DB00321,MESH:D034381,40
DB00321,MESH:D041781,40
DB00321,MESH:D049188,40
DB00321,MESH:D053608,40
DB00321,MESH:D054537,40
DB00321,MESH:D054556,40
DB00321,MESH:D056486,40
DB00321,MESH:D058186,40
DB00321,MESH:D059348,40
DB00321,MESH:D062787,40
DB00783,MESH:D000015,40
DB00783,MESH:D000230,40
DB00783,MESH:D000402,40
DB00783,MESH:D000419,40
DB00783,MESH:D000437,40
DB00783,MESH:D000505,40
DB00783,MESH:D000782,40
DB00783,MESH:D000855,40
DB00783,MESH:D001008,40
DB00783,MESH:D001145,40
DB00783,MESH:D001284,40
DB00783,MESH:D001744,0
DB00783,MESH:D001851,40
DB00783,MESH:D001927,40
DB00783,MESH:D001943,40
DB00783,MESH:D002181,40
DB00783,MESH:D002312,40
DB00783,MESH:D002341,40
DB00783,MESH:D002375,40
DB00783,MESH:D002471,40
DB00783,MESH:D002543,40
DB00783,MESH:D002544,40
DB00783,MESH:D002780,40
DB00783,MESH:D002869,40
DB00783,MESH:D003072,40
DB00783,MESH:D003324,40
DB00783,MESH:D003556,40
DB00783,MESH:D003711,40
DB00783,MESH:D004211,40
DB00783,MESH:D004487,40
DB00783,MESH:D004681,40
DB00783,MESH:D005128,40
DB00783,MESH:D005234,40
DB00783,MESH:D005313,40
DB00783,MESH:D005911,40
DB00783,MESH:D006330,40
DB00783,MESH:D006417,40
DB00783,MESH:D006528,40
DB00783,MESH:D006869,40
DB00783,MESH:D006930,40
DB00783,MESH:D006943,40
DB00783,MESH:D006966,40
DB00783,MESH:D006984,40
DB00783,MESH:D007172,40
DB00783,MESH:D007249,40
DB00783,MESH:D007319,40
DB00783,MESH:D007333,40
DB00783,MESH:D007642,12
DB00783,MESH:D007674,40
DB00783,MESH:D007680,40
DB00783,MESH:D007859,40
DB00783,MESH:D008106,40
DB00783,MESH:D008107,40
DB00783,MESH:D008114,40
DB00783,MESH:D008180,40
DB00783,MESH:D008325,40
DB00783,MESH:D008527,40
DB00783,MESH:D008569,40
DB00783,MESH:D008831,8
DB00783,MESH:D009069,40
DB00783,MESH:D009203,40
DB00783,MESH:D009336,40
DB00783,MESH:D009361,40
DB00783,MESH:D009369,40
DB00783,MESH:D009374,40
DB00783,MESH:D009389,40
DB00783,MESH:D009410,40
DB00783,MESH:D009421,40
DB00783,MESH:D009422,40
DB00783,MESH:D009771,40
DB00783,MESH:D010024,40
DB00783,MESH:D010048,40
DB00783,MESH:D010049,40
DB00783,MESH:D010051,40
DB00783,MESH:D010146,40
DB00783,MESH:D010300,40
DB00783,MESH:D010911,40
DB00783,MESH:D011085,40
DB00783,MESH:D011225,40
DB00783,MESH:D011230,40
DB00783,MESH:D011297,40
DB00783,MESH:D011469,40
DB00783,MESH:D011470,40
DB00783,MESH:D011472,40
DB00783,MESH:D011537,40
DB00783,MESH:D011629,40
DB00783,MESH:D012130,40
DB00783,MESH:D012208,40
DB00783,MESH:D012640,40
DB00783,MESH:D012734,40
DB00783,MESH:D012851,40
DB00783,MESH:D014555,40
DB00783,MESH:D014564,40
DB00783,MESH:D014594,40
DB00783,MESH:D014693,40
DB00783,MESH:D015228,40
DB00783,MESH:D015428,40
DB00783,MESH:D015430,40
DB00783,MESH:D015431,40
DB00783,MESH:D015674,40
DB00783,MESH:D016171,40
DB00783,MESH:D016471,40
DB00783,MESH:D016889,40
DB00783,MESH:D017449,38
DB00783,MESH:D018149,40
DB00783,MESH:D018248,40
DB00783,MESH:D018269,40
DB00783,MESH:D018487,40
DB00783,MESH:D019048,40
DB00783,MESH:D019465,40
DB00783,MESH:D019964,40
DB00783,MESH:D019970,40
DB00783,MESH:D020016,40
DB00783,MESH:D020149,40
DB00783,MESH:D020301,40
DB00783,MESH:D020964,40
DB00783,MESH:D042882,40
DB00783,MESH:D049188,40
DB00783,MESH:D056486,40
DB00438,MESH:D000743,40
DB00438,MESH:D001927,40
DB00438,MESH:D002177,40
DB00438,MESH:D003704,40
DB00438,MESH:D003875,40
DB00438,MESH:D004401,40
DB00438,MESH:D006212,40
DB00438,MESH:D006261,40
DB00438,MESH:D006461,40
DB00438,MESH:D007683,40
DB00438,MESH:D008107,39
DB00438,MESH:D008581,40
DB00438,MESH:D009395,40
DB00438,MESH:D010538,40
DB00438,MESH:D011552,40
DB00438,MESH:D012640,40
DB00438,MESH:D013203,40
DB00438,MESH:D013226,40
DB00438,MESH:D014202,40
DB00438,MESH:D014552,40
DB00438,MESH:D014581,40
DB00438,MESH:D016470,40
DB00438,MESH:D016905,40
DB00438,MESH:D020964,40
DB00438,MESH:D058186,40
DB01373,MESH:D000014,40
DB01373,MESH:D000437,40
DB01373,MESH:D000471,40
DB01373,MESH:D000690,40
DB01373,MESH:D000787,40
DB01373,MESH:D001145,40
DB01373,MESH:D001281,40
DB01373,MESH:D001480,40
DB01373,MESH:D001847,40
DB01373,MESH:D002545,40
DB01373,MESH:D002547,40
DB01373,MESH:D003092,40
DB01373,MESH:D003924,40
DB01373,MESH:D004827,40
DB01373,MESH:D006333,40
DB01373,MESH:D006930,40
DB01373,MESH:D006934,40
DB01373,MESH:D006962,40
DB01373,MESH:D006973,40
DB01373,MESH:D006996,40
DB01373,MESH:D007011,40
DB01373,MESH:D007022,40
DB01373,MESH:D007249,40
DB01373,MESH:D007674,40
DB01373,MESH:D007683,40
DB01373,MESH:D008228,40
DB01373,MESH:D008286,40
DB01373,MESH:D008288,40
DB01373,MESH:D008305,40
DB01373,MESH:D009069,40
DB01373,MESH:D009135,40
DB01373,MESH:D009202,40
DB01373,MESH:D009902,40
DB01373,MESH:D010024,40
DB01373,MESH:D010146,40
DB01373,MESH:D010149,40
DB01373,MESH:D010437,18
DB01373,MESH:D010518,40
DB01373,MESH:D010523,40
DB01373,MESH:D011115,21
DB01373,MESH:D011183,40
DB01373,MESH:D012279,40
DB01373,MESH:D012608,40
DB01373,MESH:D014693,40
DB01373,MESH:D015428,40
DB01373,MESH:D015430,40
DB01373,MESH:D015464,40
DB01373,MESH:D015663,40
DB01373,MESH:D017180,40
DB01373,MESH:D017453,40
DB01373,MESH:D018879,40
DB01373,MESH:D020258,40
DB01373,MESH:D020262,0
DB01373,MESH:D020301,40
DB01373,MESH:D020521,40
DB01373,MESH:D024821,40
DB01373,MESH:D048629,40
DB01373,MESH:D051437,40
DB01373,MESH:D053040,4
DB01373,MESH:D054537,40
DB01373,MESH:D062787,40
DB00982,MESH:D000014,40
DB00982,MESH:D000152,40
DB00982,MESH:D000740,40
DB00982,MESH:D000799,40
DB00982,MESH:D000857,40
DB00982,MESH:D001259,40
DB00982,MESH:D001523,40
DB00982,MESH:D002294,40
DB00982,MESH:D002481,40
DB00982,MESH:D002543,40
DB00982,MESH:D002545,40
DB00982,MESH:D002637,40
DB00982,MESH:D003229,1
DB00982,MESH:D003318,0
DB00982,MESH:D003320,40
DB00982,MESH:D003865,40
DB00982,MESH:D003866,40
DB00982,MESH:D003872,40
DB00982,MESH:D004310,40
DB00982,MESH:D004417,40
DB00982,MESH:D004890,40
DB00982,MESH:D005076,40
DB00982,MESH:D005221,40
DB00982,MESH:D005234,40
DB00982,MESH:D005313,40
DB00982,MESH:D005334,40
DB00982,MESH:D006261,40
DB00982,MESH:D006330,40
DB00982,MESH:D006849,40
DB00982,MESH:D006934,40
DB00982,MESH:D007057,40
DB00982,MESH:D007172,40
DB00982,MESH:D007235,40
DB00982,MESH:D007674,40
DB00982,MESH:D007970,40
DB00982,MESH:D008113,40
DB00982,MESH:D008171,40
DB00982,MESH:D008175,40
DB00982,MESH:D008223,40
DB00982,MESH:D008545,40
DB00982,MESH:D009135,40
DB00982,MESH:D009369,40
DB00982,MESH:D009374,40
DB00982,MESH:D009404,40
DB00982,MESH:D009421,40
DB00982,MESH:D009447,40
DB00982,MESH:D009886,40
DB00982,MESH:D010146,40
DB00982,MESH:D011115,40
DB00982,MESH:D011230,40
DB00982,MESH:D011297,40
DB00982,MESH:D011537,40
DB00982,MESH:D011565,40
DB00982,MESH:D011596,40
DB00982,MESH:D012393,40
DB00982,MESH:D012871,40
DB00982,MESH:D012878,40
DB00982,MESH:D012883,34
DB00982,MESH:D013262,40
DB00982,MESH:D013610,40
DB00982,MESH:D013616,40
DB00982,MESH:D014581,40
DB00982,MESH:D014657,40
DB00982,MESH:D014786,40
DB00982,MESH:D015228,40
DB00982,MESH:D016055,40
DB00982,MESH:D016584,40
DB00982,MESH:D018771,40
DB00982,MESH:D018879,40
DB00982,MESH:D019465,40
DB00982,MESH:D019586,40
DB00982,MESH:D019767,40
DB00982,MESH:D019964,40
DB00982,MESH:D020138,40
DB00982,MESH:D056486,40
DB00982,MESH:D058566,0
DB00982,MESH:D065817,40
DB00554,MESH:D000014,40
DB00554,MESH:D000236,40
DB00554,MESH:D000741,40
DB00554,MESH:D000743,40
DB00554,MESH:D000799,40
DB00554,MESH:D001172,40
DB00554,MESH:D001259,40
DB00554,MESH:D001749,40
DB00554,MESH:D002779,40
DB00554,MESH:D002780,40
DB00554,MESH:D003110,40
DB00554,MESH:D003875,40
DB00554,MESH:D004487,40
DB00554,MESH:D004938,40
DB00554,MESH:D005317,40
DB00554,MESH:D005767,40
DB00554,MESH:D005770,40
DB00554,MESH:D005921,40
DB00554,MESH:D006471,40
DB00554,MESH:D006947,40
DB00554,MESH:D007249,40
DB00554,MESH:D007414,40
DB00554,MESH:D008107,40
DB00554,MESH:D008175,40
DB00554,MESH:D008654,40
DB00554,MESH:D009139,40
DB00554,MESH:D009203,40
DB00554,MESH:D009395,40
DB00554,MESH:D009402,40
DB00554,MESH:D009404,40
DB00554,MESH:D010146,40
DB00554,MESH:D010149,40
DB00554,MESH:D010195,40
DB00554,MESH:D010198,40
DB00554,MESH:D010437,40
DB00554,MESH:D010523,40
DB00554,MESH:D011014,40
DB00554,MESH:D011507,40
DB00554,MESH:D012871,40
DB00554,MESH:D013262,40
DB00554,MESH:D013272,40
DB00554,MESH:D013276,40
DB00554,MESH:D013923,40
DB00554,MESH:D014202,40
DB00554,MESH:D014581,40
DB00554,MESH:D015207,40
DB00554,MESH:D018256,40
DB00554,MESH:D034381,40
DB00554,MESH:D041781,40
DB00554,MESH:D053099,40
DB00554,MESH:D056486,40
DB00715,MESH:D000014,40
DB00715,MESH:D000544,40
DB00715,MESH:D000855,40
DB00715,MESH:D001008,40
DB00715,MESH:D001068,40
DB00715,MESH:D001201,40
DB00715,MESH:D001247,40
DB00715,MESH:D001480,40
DB00715,MESH:D001714,40
DB00715,MESH:D001763,40
DB00715,MESH:D002546,40
DB00715,MESH:D002779,40
DB00715,MESH:D002819,40
DB00715,MESH:D003128,40
DB00715,MESH:D003248,40
DB00715,MESH:D003865,40
DB00715,MESH:D003866,40
DB00715,MESH:D003929,40
DB00715,MESH:D003967,40
DB00715,MESH:D004401,40
DB00715,MESH:D004409,40
DB00715,MESH:D004417,40
DB00715,MESH:D004487,40
DB00715,MESH:D004830,40
DB00715,MESH:D006212,40
DB00715,MESH:D006261,40
DB00715,MESH:D006344,7
DB00715,MESH:D006501,40
DB00715,MESH:D006505,40
DB00715,MESH:D006948,40
DB00715,MESH:D006973,40
DB00715,MESH:D007010,40
DB00715,MESH:D007024,40
DB00715,MESH:D007174,40
DB00715,MESH:D007177,40
DB00715,MESH:D007319,40
DB00715,MESH:D007333,40
DB00715,MESH:D008133,40
DB00715,MESH:D008881,40
DB00715,MESH:D009127,40
DB00715,MESH:D009325,40
DB00715,MESH:D009422,40
DB00715,MESH:D009771,40
DB00715,MESH:D009846,40
DB00715,MESH:D010146,40
DB00715,MESH:D010259,40
DB00715,MESH:D010292,40
DB00715,MESH:D010302,40
DB00715,MESH:D010554,40
DB00715,MESH:D011297,40
DB00715,MESH:D011537,40
DB00715,MESH:D011595,40
DB00715,MESH:D011596,40
DB00715,MESH:D011655,40
DB00715,MESH:D012148,40
DB00715,MESH:D012206,40
DB00715,MESH:D012640,40
DB00715,MESH:D013375,40
DB00715,MESH:D013610,40
DB00715,MESH:D014474,40
DB00715,MESH:D014581,40
DB00715,MESH:D014657,40
DB00715,MESH:D014786,40
DB00715,MESH:D014839,40
DB00715,MESH:D015430,40
DB00715,MESH:D015746,40
DB00715,MESH:D016584,40
DB00715,MESH:D017093,40
DB00715,MESH:D017674,40
DB00715,MESH:D018476,40
DB00715,MESH:D019958,40
DB00715,MESH:D020018,40
DB00715,MESH:D020233,40
DB00715,MESH:D020246,40
DB00715,MESH:D020323,40
DB00715,MESH:D020734,40
DB00715,MESH:D034141,40
DB00715,MESH:D054537,40
DB00715,MESH:D054556,40
DB00715,MESH:D056486,40
DB00162,MESH:D000014,40
DB00162,MESH:D000015,40
DB00162,MESH:D000152,40
DB00162,MESH:D000309,40
DB00162,MESH:D000740,40
DB00162,MESH:D000743,40
DB00162,MESH:D001139,40
DB00162,MESH:D001201,40
DB00162,MESH:D001249,40
DB00162,MESH:D001847,40
DB00162,MESH:D001848,40
DB00162,MESH:D001927,40
DB00162,MESH:D001929,40
DB00162,MESH:D001997,40
DB00162,MESH:D002386,40
DB00162,MESH:D002779,40
DB00162,MESH:D002780,40
DB00162,MESH:D002972,40
DB00162,MESH:D003110,40
DB00162,MESH:D003316,2
DB00162,MESH:D003866,40
DB00162,MESH:D003875,40
DB00162,MESH:D003922,2
DB00162,MESH:D004195,40
DB00162,MESH:D004487,40
DB00162,MESH:D004932,40
DB00162,MESH:D005128,40
DB00162,MESH:D005221,40
DB00162,MESH:D005313,40
DB00162,MESH:D005355,40
DB00162,MESH:D006261,40
DB00162,MESH:D006330,40
DB00162,MESH:D006529,40
DB00162,MESH:D006548,40
DB00162,MESH:D006679,40
DB00162,MESH:D006934,40
DB00162,MESH:D006965,40
DB00162,MESH:D007039,40
DB00162,MESH:D007232,40
DB00162,MESH:D007249,40
DB00162,MESH:D007414,40
DB00162,MESH:D008106,40
DB00162,MESH:D008107,40
DB00162,MESH:D008108,1
DB00162,MESH:D008113,40
DB00162,MESH:D008114,40
DB00162,MESH:D008171,40
DB00162,MESH:D008175,40
DB00162,MESH:D008831,40
DB00162,MESH:D009101,40
DB00162,MESH:D009135,40
DB00162,MESH:D009336,40
DB00162,MESH:D009369,40
DB00162,MESH:D009401,40
DB00162,MESH:D009436,40
DB00162,MESH:D010198,40
DB00162,MESH:D010859,40
DB00162,MESH:D011248,40
DB00162,MESH:D011297,40
DB00162,MESH:D011565,40
DB00162,MESH:D012021,40
DB00162,MESH:D012127,40
DB00162,MESH:D012559,40
DB00162,MESH:D012871,40
DB00162,MESH:D014786,40
DB00162,MESH:D014802,40
DB00162,MESH:D014839,40
DB00162,MESH:D015228,40
DB00162,MESH:D015352,40
DB00162,MESH:D015658,40
DB00162,MESH:D016135,40
DB00162,MESH:D016137,40
DB00162,MESH:D017880,40
DB00162,MESH:D018307,40
DB00162,MESH:D018476,40
DB00162,MESH:D018798,40
DB00162,MESH:D019465,40
DB00162,MESH:D019586,40
DB00162,MESH:D019698,40
DB00162,MESH:D019954,40
DB00162,MESH:D020258,40
DB00162,MESH:D051436,40
DB00162,MESH:D054220,40
DB00162,MESH:D056486,40
DB00162,MESH:D058186,40
DB00162,MESH:D062787,40
DB01156,MESH:D000014,40
DB01156,MESH:D000647,40
DB01156,MESH:D000648,40
DB01156,MESH:D000799,40
DB01156,MESH:D001008,40
DB01156,MESH:D001068,40
DB01156,MESH:D001145,40
DB01156,MESH:D001247,40
DB01156,MESH:D001289,40
DB01156,MESH:D001416,40
DB01156,MESH:D001523,40
DB01156,MESH:D001649,40
DB01156,MESH:D001714,40
DB01156,MESH:D001919,40
DB01156,MESH:D002637,40
DB01156,MESH:D002779,40
DB01156,MESH:D003865,40
DB01156,MESH:D003866,40
DB01156,MESH:D003875,40
DB01156,MESH:D003967,40
DB01156,MESH:D004409,40
DB01156,MESH:D004421,40
DB01156,MESH:D004802,40
DB01156,MESH:D005076,40
DB01156,MESH:D005221,40
DB01156,MESH:D005315,40
DB01156,MESH:D006212,40
DB01156,MESH:D006261,40
DB01156,MESH:D006323,40
DB01156,MESH:D006330,40
DB01156,MESH:D006463,40
DB01156,MESH:D006973,40
DB01156,MESH:D007010,40
DB01156,MESH:D007024,40
DB01156,MESH:D007172,40
DB01156,MESH:D007319,40
DB01156,MESH:D008173,0
DB01156,MESH:D009203,40
DB01156,MESH:D009220,40
DB01156,MESH:D009325,40
DB01156,MESH:D010292,40
DB01156,MESH:D011537,40
DB01156,MESH:D011595,40
DB01156,MESH:D011618,40
DB01156,MESH:D011697,40
DB01156,MESH:D012148,40
DB01156,MESH:D012640,40
DB01156,MESH:D012713,40
DB01156,MESH:D012770,40
DB01156,MESH:D012893,40
DB01156,MESH:D013262,40
DB01156,MESH:D013610,40
DB01156,MESH:D013616,40
DB01156,MESH:D014012,40
DB01156,MESH:D014029,40
DB01156,MESH:D014103,40
DB01156,MESH:D014313,40
DB01156,MESH:D014839,40
DB01156,MESH:D015430,40
DB01156,MESH:D015431,40
DB01156,MESH:D016584,40
DB01156,MESH:D017093,40
DB01156,MESH:D017202,40
DB01156,MESH:D019964,40
DB01156,MESH:D019969,40
DB01156,MESH:D020018,40
DB01156,MESH:D020521,40
DB01156,MESH:D020734,40
DB01156,MESH:D056486,40
DB01156,MESH:D062787,40
DB00333,MESH:D000014,40
DB00333,MESH:D000757,0
DB00333,MESH:D001049,40
DB00333,MESH:D001416,40
DB00333,MESH:D001649,40
DB00333,MESH:D001766,40
DB00333,MESH:D001919,40
DB00333,MESH:D001929,40
DB00333,MESH:D002375,40
DB00333,MESH:D002493,40
DB00333,MESH:D002561,40
DB00333,MESH:D002658,40
DB00333,MESH:D002819,40
DB00333,MESH:D003072,40
DB00333,MESH:D003248,40
DB00333,MESH:D003490,40
DB00333,MESH:D003639,40
DB00333,MESH:D003681,27
DB00333,MESH:D005128,40
DB00333,MESH:D006212,40
DB00333,MESH:D006323,40
DB00333,MESH:D006556,40
DB00333,MESH:D006930,40
DB00333,MESH:D006935,40
DB00333,MESH:D006943,40
DB00333,MESH:D006966,40
DB00333,MESH:D006973,40
DB00333,MESH:D007172,40
DB00333,MESH:D008175,40
DB00333,MESH:D008569,40
DB00333,MESH:D009102,40
DB00333,MESH:D009203,40
DB00333,MESH:D009293,40
DB00333,MESH:D009325,40
DB00333,MESH:D009336,40
DB00333,MESH:D010146,40
DB00333,MESH:D010149,40
DB00333,MESH:D010243,40
DB00333,MESH:D010523,40
DB00333,MESH:D011015,40
DB00333,MESH:D011183,40
DB00333,MESH:D011297,40
DB00333,MESH:D011595,40
DB00333,MESH:D011596,40
DB00333,MESH:D011605,40
DB00333,MESH:D011618,40
DB00333,MESH:D011654,40
DB00333,MESH:D012120,40
DB00333,MESH:D012128,40
DB00333,MESH:D012131,40
DB00333,MESH:D012164,40
DB00333,MESH:D012206,40
DB00333,MESH:D012770,40
DB00333,MESH:D013035,40
DB00333,MESH:D013375,40
DB00333,MESH:D013616,40
DB00333,MESH:D014839,40
DB00333,MESH:D015658,40
DB00333,MESH:D015877,40
DB00333,MESH:D016135,40
DB00333,MESH:D016584,40
DB00333,MESH:D017180,40
DB00333,MESH:D019957,40
DB00333,MESH:D019966,40
DB00333,MESH:D019970,40
DB00333,MESH:D020233,40
DB00333,MESH:D020258,40
DB00333,MESH:D020521,40
DB00333,MESH:D020879,40
DB00333,MESH:D020964,40
DB00333,MESH:D053608,40
DB00333,MESH:D058186,40
DB00333,MESH:D062787,40
DB00316,MESH:D000014,40
DB00316,MESH:D000138,40
DB00316,MESH:D000140,40
DB00316,MESH:D000402,40
DB00316,MESH:D000707,40
DB00316,MESH:D000740,40
DB00316,MESH:D000799,40
DB00316,MESH:D000860,40
DB00316,MESH:D001002,40
DB00316,MESH:D001161,40
DB00316,MESH:D001172,40
DB00316,MESH:D001249,40
DB00316,MESH:D001281,40
DB00316,MESH:D001321,40
DB00316,MESH:D001523,40
DB00316,MESH:D001649,40
DB00316,MESH:D001749,40
DB00316,MESH:D001919,40
DB00316,MESH:D001927,40
DB00316,MESH:D001929,40
DB00316,MESH:D002292,40
DB00316,MESH:D002318,40
DB00316,MESH:D002375,40
DB00316,MESH:D002386,40
DB00316,MESH:D002779,40
DB00316,MESH:D003110,40
DB00316,MESH:D003424,40
DB00316,MESH:D003645,40
DB00316,MESH:D003875,40
DB00316,MESH:D004195,40
DB00316,MESH:D004802,40
DB00316,MESH:D004830,40
DB00316,MESH:D005313,40
DB00316,MESH:D005334,40
DB00316,MESH:D005355,40
DB00316,MESH:D006212,40
DB00316,MESH:D006261,40
DB00316,MESH:D006461,40
DB00316,MESH:D006471,40
DB00316,MESH:D006501,40
DB00316,MESH:D006528,40
DB00316,MESH:D006930,40
DB00316,MESH:D006940,40
DB00316,MESH:D006941,40
DB00316,MESH:D006965,40
DB00316,MESH:D006984,40
DB00316,MESH:D006985,40
DB00316,MESH:D007003,40
DB00316,MESH:D007008,40
DB00316,MESH:D007022,40
DB00316,MESH:D007247,24
DB00316,MESH:D007249,40
DB00316,MESH:D007674,40
DB00316,MESH:D007676,40
DB00316,MESH:D007683,40
DB00316,MESH:D008103,40
DB00316,MESH:D008106,40
DB00316,MESH:D008107,40
DB00316,MESH:D008113,40
DB00316,MESH:D008133,40
DB00316,MESH:D008171,40
DB00316,MESH:D008545,40
DB00316,MESH:D008546,8
DB00316,MESH:D008708,40
DB00316,MESH:D009102,40
DB00316,MESH:D009202,40
DB00316,MESH:D009203,40
DB00316,MESH:D009325,40
DB00316,MESH:D009336,40
DB00316,MESH:D009395,40
DB00316,MESH:D009397,40
DB00316,MESH:D009436,40
DB00316,MESH:D009846,40
DB00316,MESH:D010003,40
DB00316,MESH:D010146,40
DB00316,MESH:D010149,40
DB00316,MESH:D010195,40
DB00316,MESH:D010198,40
DB00316,MESH:D011183,40
DB00316,MESH:D011230,40
DB00316,MESH:D011248,40
DB00316,MESH:D011507,40
DB00316,MESH:D011537,40
DB00316,MESH:D011595,40
DB00316,MESH:D011654,40
DB00316,MESH:D011695,40
DB00316,MESH:D012130,40
DB00316,MESH:D012131,40
DB00316,MESH:D012141,40
DB00316,MESH:D012206,40
DB00316,MESH:D012640,40
DB00316,MESH:D012852,40
DB00316,MESH:D013226,40
DB00316,MESH:D013272,40
DB00316,MESH:D013375,40
DB00316,MESH:D014516,40
DB00316,MESH:D014517,40
DB00316,MESH:D014581,40
DB00316,MESH:D014652,40
DB00316,MESH:D014839,40
DB00316,MESH:D015210,40
DB00316,MESH:D015431,40
DB00316,MESH:D015746,40
DB00316,MESH:D016534,40
DB00316,MESH:D016553,40
DB00316,MESH:D017093,40
DB00316,MESH:D017114,40
DB00316,MESH:D017180,40
DB00316,MESH:D017674,40
DB00316,MESH:D018771,40
DB00316,MESH:D018777,40
DB00316,MESH:D019586,40
DB00316,MESH:D019636,40
DB00316,MESH:D019954,40
DB00316,MESH:D020751,40
DB00316,MESH:D022124,40
DB00316,MESH:D034141,40
DB00316,MESH:D047508,40
DB00316,MESH:D051437,40
DB00316,MESH:D053099,40
DB00316,MESH:D053609,40
DB00316,MESH:D055665,40
DB00316,MESH:D056486,40
DB00316,MESH:D057772,40
DB00316,MESH:D065626,40
DB01413,MESH:D000014,40
DB01413,MESH:D001927,40
DB01413,MESH:D002481,40
DB01413,MESH:D003875,40
DB01413,MESH:D004421,40
DB01413,MESH:D005334,40
DB01413,MESH:D006330,40
DB01413,MESH:D009422,40
DB01413,MESH:D010490,40
DB01413,MESH:D011015,40
DB01413,MESH:D013203,40
DB01413,MESH:D013226,40
DB01413,MESH:D013262,40
DB01413,MESH:D020964,40
DB01115,MESH:D000014,40
DB01115,MESH:D000140,40
DB01115,MESH:D000419,40
DB01115,MESH:D000647,40
DB01115,MESH:D000743,40
DB01115,MESH:D000787,40
DB01115,MESH:D000789,40
DB01115,MESH:D000799,40
DB01115,MESH:D000857,40
DB01115,MESH:D001002,40
DB01115,MESH:D001022,40
DB01115,MESH:D001068,40
DB01115,MESH:D001249,40
DB01115,MESH:D001281,40
DB01115,MESH:D001480,40
DB01115,MESH:D001919,40
DB01115,MESH:D001982,40
DB01115,MESH:D002311,40
DB01115,MESH:D002375,40
DB01115,MESH:D002526,40
DB01115,MESH:D002532,40
DB01115,MESH:D002544,40
DB01115,MESH:D002545,40
DB01115,MESH:D002546,40
DB01115,MESH:D002561,40
DB01115,MESH:D002637,40
DB01115,MESH:D002780,40
DB01115,MESH:D003128,40
DB01115,MESH:D003324,40
DB01115,MESH:D003327,40
DB01115,MESH:D003329,40
DB01115,MESH:D003490,40
DB01115,MESH:D003550,40
DB01115,MESH:D003645,40
DB01115,MESH:D003866,40
DB01115,MESH:D003875,40
DB01115,MESH:D003928,40
DB01115,MESH:D004401,40
DB01115,MESH:D004409,40
DB01115,MESH:D004417,40
DB01115,MESH:D004802,40
DB01115,MESH:D005076,40
DB01115,MESH:D005221,40
DB01115,MESH:D005234,40
DB01115,MESH:D005313,40
DB01115,MESH:D005334,40
DB01115,MESH:D005483,40
DB01115,MESH:D005767,40
DB01115,MESH:D005885,40
DB01115,MESH:D005909,40
DB01115,MESH:D006327,40
DB01115,MESH:D006331,40
DB01115,MESH:D006332,40
DB01115,MESH:D006333,40
DB01115,MESH:D006417,40
DB01115,MESH:D006505,40
DB01115,MESH:D006930,40
DB01115,MESH:D006940,40
DB01115,MESH:D006947,40
DB01115,MESH:D006948,40
DB01115,MESH:D006965,40
DB01115,MESH:D006973,40
DB01115,MESH:D006974,40
DB01115,MESH:D006975,40
DB01115,MESH:D006976,40
DB01115,MESH:D006977,40
DB01115,MESH:D007008,40
DB01115,MESH:D007022,40
DB01115,MESH:D007024,40
DB01115,MESH:D007037,40
DB01115,MESH:D007172,40
DB01115,MESH:D007333,40
DB01115,MESH:D007511,40
DB01115,MESH:D007752,40
DB01115,MESH:D007889,40
DB01115,MESH:D008107,40
DB01115,MESH:D008133,40
DB01115,MESH:D009203,40
DB01115,MESH:D009223,40
DB01115,MESH:D009325,40
DB01115,MESH:D009336,40
DB01115,MESH:D009361,40
DB01115,MESH:D009395,40
DB01115,MESH:D009461,40
DB01115,MESH:D010243,40
DB01115,MESH:D010292,40
DB01115,MESH:D010302,40
DB01115,MESH:D010673,40
DB01115,MESH:D010922,40
DB01115,MESH:D011141,40
DB01115,MESH:D011183,40
DB01115,MESH:D011507,40
DB01115,MESH:D011654,40
DB01115,MESH:D011655,40
DB01115,MESH:D011695,40
DB01115,MESH:D011928,40
DB01115,MESH:D012021,40
DB01115,MESH:D012120,40
DB01115,MESH:D012640,40
DB01115,MESH:D012893,40
DB01115,MESH:D013035,40
DB01115,MESH:D013262,40
DB01115,MESH:D013276,40
DB01115,MESH:D013375,40
DB01115,MESH:D013610,40
DB01115,MESH:D013617,40
DB01115,MESH:D013684,40
DB01115,MESH:D013927,40
DB01115,MESH:D014514,40
DB01115,MESH:D014555,40
DB01115,MESH:D014581,40
DB01115,MESH:D014652,40
DB01115,MESH:D014657,40
DB01115,MESH:D014693,40
DB01115,MESH:D015431,40
DB01115,MESH:D015746,40
DB01115,MESH:D016171,40
DB01115,MESH:D016757,40
DB01115,MESH:D017118,40
DB01115,MESH:D017202,40
DB01115,MESH:D017379,40
DB01115,MESH:D017544,40
DB01115,MESH:D018376,40
DB01115,MESH:D018476,40
DB01115,MESH:D018487,40
DB01115,MESH:D018917,40
DB01115,MESH:D019970,40
DB01115,MESH:D020521,40
DB01115,MESH:D020760,40
DB01115,MESH:D020879,40
DB01115,MESH:D023341,40
DB01115,MESH:D024821,40
DB01115,MESH:D029424,40
DB01115,MESH:D046110,40
DB01115,MESH:D049188,40
DB01115,MESH:D050197,40
DB01115,MESH:D051437,40
DB01115,MESH:D053609,40
DB01115,MESH:D058065,40
DB01115,MESH:D058447,40
DB01115,MESH:D060050,40
DB00688,MESH:D000505,40
DB00688,MESH:D000743,40
DB00688,MESH:D000744,39
DB00688,MESH:D000751,40
DB00688,MESH:D001247,40
DB00688,MESH:D001327,40
DB00688,MESH:D001416,40
DB00688,MESH:D003394,40
DB00688,MESH:D003586,40
DB00688,MESH:D003866,40
DB00688,MESH:D003967,40
DB00688,MESH:D004427,40
DB00688,MESH:D005076,40
DB00688,MESH:D005315,2
DB00688,MESH:D005334,40
DB00688,MESH:D005767,40
DB00688,MESH:D005921,40
DB00688,MESH:D006086,40
DB00688,MESH:D006330,40
DB00688,MESH:D006402,40
DB00688,MESH:D006529,40
DB00688,MESH:D006959,40
DB00688,MESH:D006973,40
DB00688,MESH:D007674,40
DB00688,MESH:D007970,40
DB00688,MESH:D008180,40
DB00688,MESH:D008181,0
DB00688,MESH:D008223,40
DB00688,MESH:D008232,0
DB00688,MESH:D008286,40
DB00688,MESH:D009135,40
DB00688,MESH:D009190,40
DB00688,MESH:D009369,40
DB00688,MESH:D009393,40
DB00688,MESH:D009404,40
DB00688,MESH:D009421,40
DB00688,MESH:D009436,40
DB00688,MESH:D010392,40
DB00688,MESH:D011183,40
DB00688,MESH:D011297,40
DB00688,MESH:D011507,40
DB00688,MESH:D011537,40
DB00688,MESH:D013921,40
DB00688,MESH:D014607,0
DB00688,MESH:D014766,40
DB00688,MESH:D014890,40
DB00688,MESH:D016393,40
DB00688,MESH:D016543,40
DB00688,MESH:D016553,40
DB00688,MESH:D017285,40
DB00688,MESH:D018771,40
DB00688,MESH:D018908,40
DB00688,MESH:D019693,6
DB00688,MESH:D020246,40
DB00688,MESH:D056486,40
DB00688,MESH:D056735,40
DB00201,MESH:D000014,40
DB00201,MESH:D000015,40
DB00201,MESH:D000230,40
DB00201,MESH:D000236,40
DB00201,MESH:D000303,0
DB00201,MESH:D001008,40
DB00201,MESH:D001018,40
DB00201,MESH:D001167,40
DB00201,MESH:D001281,40
DB00201,MESH:D001289,40
DB00201,MESH:D001714,40
DB00201,MESH:D001766,40
DB00201,MESH:D001929,40
DB00201,MESH:D001943,40
DB00201,MESH:D002294,40
DB00201,MESH:D002295,40
DB00201,MESH:D002318,40
DB00201,MESH:D002375,40
DB00201,MESH:D002389,40
DB00201,MESH:D002543,40
DB00201,MESH:D003072,40
DB00201,MESH:D003110,40
DB00201,MESH:D003866,40
DB00201,MESH:D003875,40
DB00201,MESH:D003967,40
DB00201,MESH:D004195,40
DB00201,MESH:D004409,40
DB00201,MESH:D004487,40
DB00201,MESH:D004715,40
DB00201,MESH:D004830,40
DB00201,MESH:D005234,40
DB00201,MESH:D005317,40
DB00201,MESH:D005327,1
DB00201,MESH:D005334,40
DB00201,MESH:D005767,40
DB00201,MESH:D005832,40
DB00201,MESH:D005923,40
DB00201,MESH:D006130,40
DB00201,MESH:D006212,40
DB00201,MESH:D006323,40
DB00201,MESH:D006330,40
DB00201,MESH:D006417,40
DB00201,MESH:D006470,40
DB00201,MESH:D006505,40
DB00201,MESH:D006529,40
DB00201,MESH:D006620,40
DB00201,MESH:D006930,40
DB00201,MESH:D006937,40
DB00201,MESH:D006941,40
DB00201,MESH:D006948,40
DB00201,MESH:D006965,40
DB00201,MESH:D006977,40
DB00201,MESH:D007008,40
DB00201,MESH:D007022,40
DB00201,MESH:D007035,40
DB00201,MESH:D007235,40
DB00201,MESH:D007249,40
DB00201,MESH:D007319,40
DB00201,MESH:D007333,40
DB00201,MESH:D007674,40
DB00201,MESH:D007683,40
DB00201,MESH:D007859,40
DB00201,MESH:D007905,0
DB00201,MESH:D008114,40
DB00201,MESH:D008133,40
DB00201,MESH:D008175,40
DB00201,MESH:D008325,40
DB00201,MESH:D008569,40
DB00201,MESH:D008881,40
DB00201,MESH:D009069,40
DB00201,MESH:D009135,40
DB00201,MESH:D009202,40
DB00201,MESH:D009325,40
DB00201,MESH:D009336,40
DB00201,MESH:D009374,40
DB00201,MESH:D009765,40
DB00201,MESH:D009798,40
DB00201,MESH:D010024,40
DB00201,MESH:D010146,40
DB00201,MESH:D010300,40
DB00201,MESH:D010911,40
DB00201,MESH:D010922,40
DB00201,MESH:D011014,40
DB00201,MESH:D011230,40
DB00201,MESH:D011297,40
DB00201,MESH:D011507,40
DB00201,MESH:D011596,40
DB00201,MESH:D011605,40
DB00201,MESH:D011654,40
DB00201,MESH:D012148,40
DB00201,MESH:D012509,40
DB00201,MESH:D012559,40
DB00201,MESH:D012600,40
DB00201,MESH:D012640,40
DB00201,MESH:D012892,40
DB00201,MESH:D012893,40
DB00201,MESH:D013272,40
DB00201,MESH:D013274,40
DB00201,MESH:D013345,40
DB00201,MESH:D013610,40
DB00201,MESH:D013617,40
DB00201,MESH:D013981,40
DB00201,MESH:D014202,40
DB00201,MESH:D014516,40
DB00201,MESH:D014555,40
DB00201,MESH:D014693,40
DB00201,MESH:D015674,20
DB00201,MESH:D016584,40
DB00201,MESH:D017114,40
DB00201,MESH:D017180,40
DB00201,MESH:D017379,40
DB00201,MESH:D018908,40
DB00201,MESH:D019957,40
DB00201,MESH:D019964,40
DB00201,MESH:D019966,40
DB00201,MESH:D020267,40
DB00201,MESH:D020964,40
DB00201,MESH:D023341,40
DB00201,MESH:D024821,40
DB00201,MESH:D049188,40
DB00201,MESH:D054537,40
DB00201,MESH:D064793,8
DB00201,MESH:D065626,40
DB00502,MESH:D000014,40
DB00502,MESH:D000402,40
DB00502,MESH:D000430,40
DB00502,MESH:D000544,40
DB00502,MESH:D000647,40
DB00502,MESH:D001008,40
DB00502,MESH:D001145,40
DB00502,MESH:D001259,40
DB00502,MESH:D001321,40
DB00502,MESH:D001523,40
DB00502,MESH:D001714,40
DB00502,MESH:D001763,40
DB00502,MESH:D001919,40
DB00502,MESH:D001929,40
DB00502,MESH:D002375,40
DB00502,MESH:D002389,40
DB00502,MESH:D002780,40
DB00502,MESH:D003072,40
DB00502,MESH:D003680,40
DB00502,MESH:D003704,40
DB00502,MESH:D003865,40
DB00502,MESH:D003919,40
DB00502,MESH:D004195,40
DB00502,MESH:D004211,40
DB00502,MESH:D004401,40
DB00502,MESH:D004417,40
DB00502,MESH:D004421,40
DB00502,MESH:D004827,40
DB00502,MESH:D004830,40
DB00502,MESH:D004832,40
DB00502,MESH:D005334,40
DB00502,MESH:D005879,40
DB00502,MESH:D006212,40
DB00502,MESH:D006261,40
DB00502,MESH:D006323,40
DB00502,MESH:D006429,40
DB00502,MESH:D006561,40
DB00502,MESH:D006966,40
DB00502,MESH:D006973,40
DB00502,MESH:D007010,40
DB00502,MESH:D007022,40
DB00502,MESH:D007177,40
DB00502,MESH:D007319,40
DB00502,MESH:D007674,40
DB00502,MESH:D007859,40
DB00502,MESH:D008064,40
DB00502,MESH:D008107,40
DB00502,MESH:D008133,40
DB00502,MESH:D008569,40
DB00502,MESH:D009069,40
DB00502,MESH:D009127,40
DB00502,MESH:D009205,40
DB00502,MESH:D009212,40
DB00502,MESH:D009336,40
DB00502,MESH:D009422,40
DB00502,MESH:D010146,40
DB00502,MESH:D010259,40
DB00502,MESH:D010302,40
DB00502,MESH:D010409,40
DB00502,MESH:D010554,40
DB00502,MESH:D010698,40
DB00502,MESH:D011297,40
DB00502,MESH:D011595,40
DB00502,MESH:D011618,40
DB00502,MESH:D012128,40
DB00502,MESH:D012206,40
DB00502,MESH:D012563,40
DB00502,MESH:D012640,40
DB00502,MESH:D012798,40
DB00502,MESH:D013226,40
DB00502,MESH:D013276,40
DB00502,MESH:D013375,40
DB00502,MESH:D013610,40
DB00502,MESH:D013921,40
DB00502,MESH:D013981,40
DB00502,MESH:D014103,40
DB00502,MESH:D014555,40
DB00502,MESH:D014693,40
DB00502,MESH:D014839,40
DB00502,MESH:D015877,40
DB00502,MESH:D016055,40
DB00502,MESH:D016171,40
DB00502,MESH:D016757,40
DB00502,MESH:D017180,40
DB00502,MESH:D018476,40
DB00502,MESH:D018487,40
DB00502,MESH:D019954,40
DB00502,MESH:D019956,40
DB00502,MESH:D019964,40
DB00502,MESH:D019966,40
DB00502,MESH:D019967,40
DB00502,MESH:D019969,40
DB00502,MESH:D019970,40
DB00502,MESH:D020018,40
DB00502,MESH:D020178,40
DB00502,MESH:D020301,40
DB00502,MESH:D020734,40
DB00502,MESH:D051437,40
DB00502,MESH:D053608,40
DB00502,MESH:D056486,40
DB00502,MESH:D058186,40
DB06774,MESH:D000707,40
DB06774,MESH:D001008,40
DB06774,MESH:D001049,40
DB06774,MESH:D001237,40
DB06774,MESH:D001745,40
DB06774,MESH:D001749,40
DB06774,MESH:D001919,40
DB06774,MESH:D002545,40
DB06774,MESH:D002561,40
DB06774,MESH:D003093,40
DB06774,MESH:D003316,40
DB06774,MESH:D003320,40
DB06774,MESH:D003329,40
DB06774,MESH:D003875,40
DB06774,MESH:D003877,40
DB06774,MESH:D003921,40
DB06774,MESH:D004195,40
DB06774,MESH:D004487,40
DB06774,MESH:D004833,40
DB06774,MESH:D004890,40
DB06774,MESH:D004935,40
DB06774,MESH:D005119,40
DB06774,MESH:D005234,40
DB06774,MESH:D005334,40
DB06774,MESH:D006261,40
DB06774,MESH:D006332,40
DB06774,MESH:D006356,40
DB06774,MESH:D006937,40
DB06774,MESH:D006940,40
DB06774,MESH:D006948,40
DB06774,MESH:D006949,40
DB06774,MESH:D006965,40
DB06774,MESH:D006967,40
DB06774,MESH:D006973,40
DB06774,MESH:D007022,40
DB06774,MESH:D007249,40
DB06774,MESH:D008106,40
DB06774,MESH:D008113,40
DB06774,MESH:D008413,0
DB06774,MESH:D009069,40
DB06774,MESH:D009101,38
DB06774,MESH:D009203,40
DB06774,MESH:D009336,40
DB06774,MESH:D009374,40
DB06774,MESH:D009422,40
DB06774,MESH:D009437,40
DB06774,MESH:D009765,40
DB06774,MESH:D010003,40
DB06774,MESH:D010146,40
DB06774,MESH:D010190,40
DB06774,MESH:D010212,40
DB06774,MESH:D011014,40
DB06774,MESH:D011297,40
DB06774,MESH:D011472,0
DB06774,MESH:D011537,40
DB06774,MESH:D012021,40
DB06774,MESH:D012120,40
DB06774,MESH:D012130,40
DB06774,MESH:D012640,40
DB06774,MESH:D013274,40
DB06774,MESH:D013276,40
DB06774,MESH:D013610,40
DB06774,MESH:D013705,40
DB06774,MESH:D014277,40
DB06774,MESH:D014555,40
DB06774,MESH:D014605,40
DB06774,MESH:D014652,40
DB06774,MESH:D015427,40
DB06774,MESH:D015508,40
DB06774,MESH:D015746,40
DB06774,MESH:D017116,40
DB06774,MESH:D017379,40
DB06774,MESH:D018149,40
DB06774,MESH:D018805,40
DB06774,MESH:D019457,40
DB06774,MESH:D020078,40
DB06774,MESH:D034381,40
DB06774,MESH:D049188,40
DB06774,MESH:D050197,40
DB06774,MESH:D051474,40
DB06774,MESH:D053201,39
DB06774,MESH:D056486,40
DB06774,MESH:D058186,40
DB06774,MESH:D058739,40
DB01388,MESH:D000014,20
DB01388,MESH:D000787,40
DB01388,MESH:D004417,36
DB01388,MESH:D004487,40
DB01388,MESH:D006331,40
DB01388,MESH:D006332,40
DB01388,MESH:D006973,40
DB01388,MESH:D007511,40
DB01388,MESH:D008064,3
DB01388,MESH:D009203,40
DB01388,MESH:D009336,40
DB01388,MESH:D014693,40
DB01388,MESH:D016171,40
DB01388,MESH:D017379,40
DB01388,MESH:D018376,40
DB01388,MESH:D051437,40
DB01388,MESH:D056486,40
DB00489,MESH:D000014,1
DB00489,MESH:D001281,40
DB00489,MESH:D001919,40
DB00489,MESH:D003248,40
DB00489,MESH:D003327,40
DB00489,MESH:D003329,40
DB00489,MESH:D003875,40
DB00489,MESH:D004417,40
DB00489,MESH:D006323,40
DB00489,MESH:D006333,40
DB00489,MESH:D006943,40
DB00489,MESH:D006980,40
DB00489,MESH:D007008,40
DB00489,MESH:D007022,40
DB00489,MESH:D008064,39
DB00489,MESH:D008133,40
DB00489,MESH:D008831,40
DB00489,MESH:D009203,40
DB00489,MESH:D010291,40
DB00489,MESH:D012594,40
DB00489,MESH:D012804,40
DB00489,MESH:D013610,40
DB00489,MESH:D013617,40
DB00489,MESH:D013927,40
DB00489,MESH:D014202,40
DB00489,MESH:D014693,40
DB00489,MESH:D016171,40
DB00489,MESH:D016757,40
DB00489,MESH:D017180,40
DB00489,MESH:D017202,40
DB00489,MESH:D017379,40
DB00489,MESH:D018879,40
DB00489,MESH:D018908,40
DB00489,MESH:D054537,40
DB01159,MESH:D000014,40
DB01159,MESH:D000740,40
DB01159,MESH:D001002,40
DB01159,MESH:D001049,40
DB01159,MESH:D001145,40
DB01159,MESH:D001237,40
DB01159,MESH:D001249,40
DB01159,MESH:D001927,40
DB01159,MESH:D001930,40
DB01159,MESH:D002303,40
DB01159,MESH:D002779,40
DB01159,MESH:D003645,40
DB01159,MESH:D004802,40
DB01159,MESH:D005234,40
DB01159,MESH:D005315,40
DB01159,MESH:D005334,40
DB01159,MESH:D006323,40
DB01159,MESH:D006327,40
DB01159,MESH:D006333,40
DB01159,MESH:D006501,40
DB01159,MESH:D006505,40
DB01159,MESH:D006521,40
DB01159,MESH:D006930,40
DB01159,MESH:D006947,40
DB01159,MESH:D006973,40
DB01159,MESH:D007022,40
DB01159,MESH:D008107,40
DB01159,MESH:D008305,40
DB01159,MESH:D009069,40
DB01159,MESH:D009127,40
DB01159,MESH:D009135,40
DB01159,MESH:D009212,40
DB01159,MESH:D009336,40
DB01159,MESH:D009503,40
DB01159,MESH:D009846,40
DB01159,MESH:D010146,40
DB01159,MESH:D011183,40
DB01159,MESH:D011297,40
DB01159,MESH:D011782,40
DB01159,MESH:D012640,40
DB01159,MESH:D013226,40
DB01159,MESH:D013610,40
DB01159,MESH:D014313,40
DB01159,MESH:D014693,40
DB01159,MESH:D014839,40
DB01159,MESH:D016171,40
DB01159,MESH:D016534,39
DB01159,MESH:D017093,40
DB01159,MESH:D017202,40
DB01159,MESH:D018487,40
DB01159,MESH:D018497,40
DB01159,MESH:D018771,40
DB01159,MESH:D020244,23
DB01159,MESH:D023341,40
DB01159,MESH:D047508,36
DB01159,MESH:D051437,40
DB01159,MESH:D053099,40
DB01159,MESH:D056486,40
DB01159,MESH:D058186,40
DB00184,MESH:D000014,40
DB00184,MESH:D000437,40
DB00184,MESH:D000544,40
DB00184,MESH:D000647,40
DB00184,MESH:D000860,40
DB00184,MESH:D001014,38
DB00184,MESH:D001018,40
DB00184,MESH:D001049,40
DB00184,MESH:D001068,40
DB00184,MESH:D001145,40
DB00184,MESH:D001161,40
DB00184,MESH:D001176,40
DB00184,MESH:D001259,40
DB00184,MESH:D001281,40
DB00184,MESH:D001308,40
DB00184,MESH:D001714,40
DB00184,MESH:D001745,40
DB00184,MESH:D001749,40
DB00184,MESH:D001835,40
DB00184,MESH:D001919,40
DB00184,MESH:D001927,40
DB00184,MESH:D001943,40
DB00184,MESH:D002289,40
DB00184,MESH:D002294,40
DB00184,MESH:D002295,40
DB00184,MESH:D002318,40
DB00184,MESH:D002357,40
DB00184,MESH:D002375,40
DB00184,MESH:D002471,40
DB00184,MESH:D002542,21
DB00184,MESH:D002637,40
DB00184,MESH:D003072,40
DB00184,MESH:D003092,40
DB00184,MESH:D003093,40
DB00184,MESH:D003110,40
DB00184,MESH:D003324,40
DB00184,MESH:D003329,40
DB00184,MESH:D003371,40
DB00184,MESH:D003384,40
DB00184,MESH:D003865,40
DB00184,MESH:D003866,40
DB00184,MESH:D003872,40
DB00184,MESH:D003924,40
DB00184,MESH:D003928,40
DB00184,MESH:D003967,40
DB00184,MESH:D004409,40
DB00184,MESH:D004421,40
DB00184,MESH:D004802,40
DB00184,MESH:D004890,40
DB00184,MESH:D005076,40
DB00184,MESH:D005317,40
DB00184,MESH:D005334,40
DB00184,MESH:D005921,40
DB00184,MESH:D006258,40
DB00184,MESH:D006261,40
DB00184,MESH:D006323,40
DB00184,MESH:D006930,40
DB00184,MESH:D006940,40
DB00184,MESH:D006943,40
DB00184,MESH:D006948,40
DB00184,MESH:D006965,40
DB00184,MESH:D006976,40
DB00184,MESH:D006984,40
DB00184,MESH:D007172,40
DB00184,MESH:D007249,40
DB00184,MESH:D007319,40
DB00184,MESH:D007333,40
DB00184,MESH:D007511,40
DB00184,MESH:D007805,40
DB00184,MESH:D007806,40
DB00184,MESH:D007859,40
DB00184,MESH:D008133,40
DB00184,MESH:D008171,40
DB00184,MESH:D008175,40
DB00184,MESH:D008545,40
DB00184,MESH:D008569,40
DB00184,MESH:D009069,40
DB00184,MESH:D009133,40
DB00184,MESH:D009202,40
DB00184,MESH:D009203,40
DB00184,MESH:D009205,40
DB00184,MESH:D009325,40
DB00184,MESH:D009336,40
DB00184,MESH:D009362,40
DB00184,MESH:D009369,40
DB00184,MESH:D009374,40
DB00184,MESH:D009389,40
DB00184,MESH:D009410,40
DB00184,MESH:D009422,40
DB00184,MESH:D009669,30
DB00184,MESH:D009765,40
DB00184,MESH:D009771,40
DB00184,MESH:D009845,40
DB00184,MESH:D010003,40
DB00184,MESH:D010146,40
DB00184,MESH:D010182,40
DB00184,MESH:D010190,40
DB00184,MESH:D010243,40
DB00184,MESH:D010510,25
DB00184,MESH:D010523,40
DB00184,MESH:D011183,40
DB00184,MESH:D011297,40
DB00184,MESH:D011507,40
DB00184,MESH:D011605,40
DB00184,MESH:D011618,40
DB00184,MESH:D011658,40
DB00184,MESH:D012120,40
DB00184,MESH:D012131,40
DB00184,MESH:D012135,30
DB00184,MESH:D012140,40
DB00184,MESH:D012164,40
DB00184,MESH:D012640,40
DB00184,MESH:D012798,40
DB00184,MESH:D012848,40
DB00184,MESH:D012878,40
DB00184,MESH:D012893,40
DB00184,MESH:D013035,40
DB00184,MESH:D013117,39
DB00184,MESH:D013274,40
DB00184,MESH:D013276,40
DB00184,MESH:D013345,40
DB00184,MESH:D013375,40
DB00184,MESH:D013398,40
DB00184,MESH:D013610,40
DB00184,MESH:D013927,40
DB00184,MESH:D014029,40
DB00184,MESH:D014202,40
DB00184,MESH:D014657,40
DB00184,MESH:D015228,40
DB00184,MESH:D015427,40
DB00184,MESH:D015428,40
DB00184,MESH:D015430,40
DB00184,MESH:D015619,7
DB00184,MESH:D015746,40
DB00184,MESH:D016137,40
DB00184,MESH:D016584,40
DB00184,MESH:D017563,38
DB00184,MESH:D018149,40
DB00184,MESH:D018476,40
DB00184,MESH:D018879,40
DB00184,MESH:D019446,39
DB00184,MESH:D019636,40
DB00184,MESH:D019954,40
DB00184,MESH:D019956,40
DB00184,MESH:D019966,40
DB00184,MESH:D019969,40
DB00184,MESH:D019970,40
DB00184,MESH:D020267,40
DB00184,MESH:D020323,40
DB00184,MESH:D020521,40
DB00184,MESH:D020821,40
DB00184,MESH:D028361,40
DB00184,MESH:D030361,0
DB00184,MESH:D044882,40
DB00184,MESH:D049188,40
DB00184,MESH:D050197,40
DB00184,MESH:D051436,40
DB00184,MESH:D054537,40
DB00184,MESH:D055752,40
DB00184,MESH:D055959,13
DB00184,MESH:D056486,40
DB00184,MESH:D058186,40
DB00493,MESH:D000014,40
DB00493,MESH:D000743,40
DB00493,MESH:D001168,40
DB00493,MESH:D001259,40
DB00493,MESH:D001927,40
DB00493,MESH:D002779,40
DB00493,MESH:D003490,40
DB00493,MESH:D003967,40
DB00493,MESH:D004211,40
DB00493,MESH:D006330,40
DB00493,MESH:D008581,40
DB00493,MESH:D009395,40
DB00493,MESH:D010490,40
DB00493,MESH:D010538,40
DB00493,MESH:D011014,40
DB00493,MESH:D011605,40
DB00493,MESH:D011704,40
DB00493,MESH:D012640,40
DB00493,MESH:D013203,40
DB00493,MESH:D013226,40
DB00493,MESH:D013262,40
DB00493,MESH:D014552,40
DB00493,MESH:D014581,40
DB00493,MESH:D016470,40
DB00493,MESH:D018805,40
DB00493,MESH:D020258,40
DB00493,MESH:D020964,40
DB00493,MESH:D054079,0
DB09061,MESH:D001714,40
DB09061,MESH:D003072,40
DB09061,MESH:D004421,40
DB09061,MESH:D004831,40
DB09061,MESH:D007022,40
DB09061,MESH:D008569,40
DB09061,MESH:D009325,40
DB09061,MESH:D009362,40
DB09061,MESH:D011297,20
DB09061,MESH:D011605,40
DB09061,MESH:D012559,40
DB09061,MESH:D012640,40
DB09061,MESH:D014839,40
DB09061,MESH:D048629,40
DB00904,MESH:D000437,40
DB00904,MESH:D001259,40
DB00904,MESH:D001281,40
DB00904,MESH:D001480,40
DB00904,MESH:D001855,40
DB00904,MESH:D001919,40
DB00904,MESH:D002819,40
DB00904,MESH:D003072,40
DB00904,MESH:D003248,40
DB00904,MESH:D003681,40
DB00904,MESH:D003865,40
DB00904,MESH:D003967,40
DB00904,MESH:D004409,40
DB00904,MESH:D004421,40
DB00904,MESH:D005221,40
DB00904,MESH:D006327,40
DB00904,MESH:D006869,40
DB00904,MESH:D006930,40
DB00904,MESH:D006973,40
DB00904,MESH:D007008,40
DB00904,MESH:D007415,40
DB00904,MESH:D007859,40
DB00904,MESH:D008133,40
DB00904,MESH:D008569,40
DB00904,MESH:D008881,40
DB00904,MESH:D009203,40
DB00904,MESH:D009325,40
DB00904,MESH:D010146,40
DB00904,MESH:D010149,40
DB00904,MESH:D011141,40
DB00904,MESH:D011183,40
DB00904,MESH:D011595,40
DB00904,MESH:D011605,40
DB00904,MESH:D012640,40
DB00904,MESH:D012769,40
DB00904,MESH:D013035,40
DB00904,MESH:D013375,40
DB00904,MESH:D013617,40
DB00904,MESH:D014202,40
DB00904,MESH:D014786,40
DB00904,MESH:D014839,40
DB00904,MESH:D016883,40
DB00904,MESH:D017180,40
DB00904,MESH:D017202,40
DB00904,MESH:D017599,40
DB00904,MESH:D018376,0
DB00904,MESH:D018500,40
DB00904,MESH:D019956,40
DB00945,MESH:D000014,40
DB00945,MESH:D000138,40
DB00945,MESH:D000230,40
DB00945,MESH:D000236,40
DB00945,MESH:D000707,40
DB00945,MESH:D000740,40
DB00945,MESH:D000743,40
DB00945,MESH:D000784,40
DB00945,MESH:D000789,40
DB00945,MESH:D000799,40
DB00945,MESH:D000855,40
DB00945,MESH:D001049,40
DB00945,MESH:D001168,40
DB00945,MESH:D001170,40
DB00945,MESH:D001249,40
DB00945,MESH:D001281,40
DB00945,MESH:D001284,40
DB00945,MESH:D001416,40
DB00945,MESH:D001749,40
DB00945,MESH:D001768,40
DB00945,MESH:D001778,40
DB00945,MESH:D001791,40
DB00945,MESH:D001927,40
DB00945,MESH:D001929,40
DB00945,MESH:D001932,40
DB00945,MESH:D001943,40
DB00945,MESH:D002277,40
DB00945,MESH:D002289,40
DB00945,MESH:D002292,40
DB00945,MESH:D002295,40
DB00945,MESH:D002375,40
DB00945,MESH:D002524,40
DB00945,MESH:D002532,40
DB00945,MESH:D002544,40
DB00945,MESH:D002546,40
DB00945,MESH:D002561,40
DB00945,MESH:D002637,40
DB00945,MESH:D002908,39
DB00945,MESH:D003110,40
DB00945,MESH:D003128,40
DB00945,MESH:D003229,40
DB00945,MESH:D003323,40
DB00945,MESH:D003324,40
DB00945,MESH:D003327,40
DB00945,MESH:D003328,40
DB00945,MESH:D003329,40
DB00945,MESH:D003371,40
DB00945,MESH:D003556,40
DB00945,MESH:D003638,40
DB00945,MESH:D003681,40
DB00945,MESH:D003704,40
DB00945,MESH:D003875,40
DB00945,MESH:D003920,40
DB00945,MESH:D003925,40
DB00945,MESH:D003928,40
DB00945,MESH:D004211,40
DB00945,MESH:D004381,40
DB00945,MESH:D004417,40
DB00945,MESH:D004487,40
DB00945,MESH:D004802,40
DB00945,MESH:D004916,40
DB00945,MESH:D004935,40
DB00945,MESH:D004941,40
DB00945,MESH:D005124,40
DB00945,MESH:D005221,40
DB00945,MESH:D005234,40
DB00945,MESH:D005317,40
DB00945,MESH:D005334,40
DB00945,MESH:D005483,40
DB00945,MESH:D005512,15
DB00945,MESH:D005759,40
DB00945,MESH:D005764,40
DB00945,MESH:D005767,40
DB00945,MESH:D005909,40
DB00945,MESH:D006083,40
DB00945,MESH:D006261,40
DB00945,MESH:D006311,40
DB00945,MESH:D006319,40
DB00945,MESH:D006331,40
DB00945,MESH:D006333,40
DB00945,MESH:D006345,40
DB00945,MESH:D006356,40
DB00945,MESH:D006406,40
DB00945,MESH:D006408,40
DB00945,MESH:D006417,40
DB00945,MESH:D006461,40
DB00945,MESH:D006463,40
DB00945,MESH:D006470,40
DB00945,MESH:D006471,40
DB00945,MESH:D006505,40
DB00945,MESH:D006548,40
DB00945,MESH:D006930,40
DB00945,MESH:D006934,40
DB00945,MESH:D006940,40
DB00945,MESH:D006943,40
DB00945,MESH:D006973,40
DB00945,MESH:D007020,40
DB00945,MESH:D007035,40
DB00945,MESH:D007238,40
DB00945,MESH:D007249,40
DB00945,MESH:D007405,40
DB00945,MESH:D007511,40
DB00945,MESH:D007592,40
DB00945,MESH:D007619,40
DB00945,MESH:D007674,40
DB00945,MESH:D007676,40
DB00945,MESH:D007752,40
DB00945,MESH:D007890,40
DB00945,MESH:D007964,40
DB00945,MESH:D008171,40
DB00945,MESH:D008569,40
DB00945,MESH:D008654,40
DB00945,MESH:D008881,40
DB00945,MESH:D009080,40
DB00945,MESH:D009123,40
DB00945,MESH:D009203,40
DB00945,MESH:D009325,40
DB00945,MESH:D009374,40
DB00945,MESH:D009397,40
DB00945,MESH:D009503,40
DB00945,MESH:D009846,40
DB00945,MESH:D010003,40
DB00945,MESH:D010146,40
DB00945,MESH:D010149,40
DB00945,MESH:D010190,40
DB00945,MESH:D010243,40
DB00945,MESH:D010291,40
DB00945,MESH:D010300,40
DB00945,MESH:D010437,40
DB00945,MESH:D010438,38
DB00945,MESH:D010490,40
DB00945,MESH:D011087,40
DB00945,MESH:D011141,40
DB00945,MESH:D011164,40
DB00945,MESH:D011183,40
DB00945,MESH:D011230,40
DB00945,MESH:D011248,40
DB00945,MESH:D011297,40
DB00945,MESH:D011507,40
DB00945,MESH:D011537,40
DB00945,MESH:D011654,40
DB00945,MESH:D011695,40
DB00945,MESH:D012128,40
DB00945,MESH:D012130,40
DB00945,MESH:D012140,40
DB00945,MESH:D012141,40
DB00945,MESH:D012220,40
DB00945,MESH:D012851,40
DB00945,MESH:D012852,40
DB00945,MESH:D012893,40
DB00945,MESH:D013274,40
DB00945,MESH:D013276,40
DB00945,MESH:D013345,40
DB00945,MESH:D013375,40
DB00945,MESH:D013736,40
DB00945,MESH:D013920,40
DB00945,MESH:D013921,40
DB00945,MESH:D013923,40
DB00945,MESH:D014012,40
DB00945,MESH:D014188,40
DB00945,MESH:D014339,2
DB00945,MESH:D014456,40
DB00945,MESH:D014516,40
DB00945,MESH:D014517,40
DB00945,MESH:D014581,40
DB00945,MESH:D014591,40
DB00945,MESH:D014652,40
DB00945,MESH:D014786,40
DB00945,MESH:D014839,40
DB00945,MESH:D014854,40
DB00945,MESH:D015179,40
DB00945,MESH:D015228,40
DB00945,MESH:D015431,40
DB00945,MESH:D016535,40
DB00945,MESH:D016736,40
DB00945,MESH:D016769,40
DB00945,MESH:D017093,40
DB00945,MESH:D017114,40
DB00945,MESH:D017180,40
DB00945,MESH:D017202,40
DB00945,MESH:D018487,40
DB00945,MESH:D018771,40
DB00945,MESH:D018777,40
DB00945,MESH:D018798,40
DB00945,MESH:D018908,40
DB00945,MESH:D019851,40
DB00945,MESH:D019966,40
DB00945,MESH:D019970,40
DB00945,MESH:D020198,40
DB00945,MESH:D020246,40
DB00945,MESH:D020325,40
DB00945,MESH:D020520,40
DB00945,MESH:D020521,40
DB00945,MESH:D020767,40
DB00945,MESH:D022124,40
DB00945,MESH:D034721,40
DB00945,MESH:D042882,40
DB00945,MESH:D046110,38
DB00945,MESH:D046748,40
DB00945,MESH:D047928,40
DB00945,MESH:D049188,40
DB00945,MESH:D050197,40
DB00945,MESH:D051437,40
DB00945,MESH:D052016,40
DB00945,MESH:D053609,40
DB00945,MESH:D054058,40
DB00945,MESH:D054537,40
DB00945,MESH:D055371,40
DB00945,MESH:D055963,40
DB00945,MESH:D057049,40
DB00945,MESH:D058186,40
DB00945,MESH:D058729,40
DB00945,MESH:D062787,40
DB00945,MESH:D065630,40
DB00945,MESH:D066126,40
DB08846,MESH:D000014,40
DB08846,MESH:D001749,40
DB08846,MESH:D001930,40
DB08846,MESH:D002471,40
DB08846,MESH:D002543,40
DB08846,MESH:D005235,40
DB08846,MESH:D006331,40
DB08846,MESH:D006943,40
DB08846,MESH:D006965,40
DB08846,MESH:D007674,40
DB08846,MESH:D009203,40
DB08846,MESH:D011507,40
DB08846,MESH:D012878,40
DB08846,MESH:D013471,0
DB08846,MESH:D013733,40
DB08846,MESH:D015427,40
DB08846,MESH:D015431,40
DB08846,MESH:D019954,40
DB08846,MESH:D020258,40
DB00279,MESH:D000014,40
DB00279,MESH:D000067877,40
DB00279,MESH:D001919,40
DB00279,MESH:D003072,40
DB00279,MESH:D003866,40
DB00279,MESH:D006330,0
DB00279,MESH:D006332,40
DB00279,MESH:D006980,40
DB00279,MESH:D007037,40
DB00279,MESH:D007690,40
DB00279,MESH:D009784,40
DB00279,MESH:D010859,40
DB00279,MESH:D012640,40
DB00279,MESH:D015837,40
DB00279,MESH:D019767,0
DB00279,MESH:D020514,0
DB00279,MESH:D052439,40
DB00389,MESH:D000014,40
DB00389,MESH:D000380,40
DB00389,MESH:D000740,40
DB00389,MESH:D000741,40
DB00389,MESH:D000744,40
DB00389,MESH:D001068,40
DB00389,MESH:D001168,40
DB00389,MESH:D001247,40
DB00389,MESH:D001249,40
DB00389,MESH:D002658,40
DB00389,MESH:D002779,40
DB00389,MESH:D004890,40
DB00389,MESH:D005076,40
DB00389,MESH:D005334,40
DB00389,MESH:D005921,40
DB00389,MESH:D006111,40
DB00389,MESH:D006470,40
DB00389,MESH:D006501,40
DB00389,MESH:D006505,40
DB00389,MESH:D006529,40
DB00389,MESH:D006980,40
DB00389,MESH:D007037,40
DB00389,MESH:D008171,40
DB00389,MESH:D009325,40
DB00389,MESH:D009503,40
DB00389,MESH:D010195,40
DB00389,MESH:D011115,23
DB00389,MESH:D011297,40
DB00389,MESH:D011605,40
DB00389,MESH:D013921,40
DB00389,MESH:D013971,40
DB00389,MESH:D014029,40
DB00389,MESH:D014581,40
DB00389,MESH:D014657,40
DB00389,MESH:D014839,40
DB00389,MESH:D015746,40
DB00389,MESH:D016171,40
DB00389,MESH:D017093,40
DB00389,MESH:D018771,40
DB00389,MESH:D018908,40
DB00389,MESH:D019465,40
DB00389,MESH:D034381,40
DB00389,MESH:D041781,40
DB00389,MESH:D056486,40
DB00389,MESH:D058625,40
DB01174,MESH:D000014,40
DB01174,MESH:D000015,40
DB01174,MESH:D000037,40
DB01174,MESH:D000236,40
DB01174,MESH:D000749,40
DB01174,MESH:D001049,40
DB01174,MESH:D001249,40
DB01174,MESH:D001259,40
DB01174,MESH:D001342,40
DB01174,MESH:D001523,40
DB01174,MESH:D001745,40
DB01174,MESH:D001749,40
DB01174,MESH:D001778,40
DB01174,MESH:D001851,40
DB01174,MESH:D001927,40
DB01174,MESH:D001930,40
DB01174,MESH:D002277,40
DB01174,MESH:D002471,40
DB01174,MESH:D002493,40
DB01174,MESH:D002779,40
DB01174,MESH:D002971,40
DB01174,MESH:D002972,40
DB01174,MESH:D003128,40
DB01174,MESH:D003294,40
DB01174,MESH:D003866,40
DB01174,MESH:D004310,40
DB01174,MESH:D004381,40
DB01174,MESH:D004409,40
DB01174,MESH:D004487,40
DB01174,MESH:D004830,40
DB01174,MESH:D004831,40
DB01174,MESH:D004832,40
DB01174,MESH:D004892,40
DB01174,MESH:D005076,40
DB01174,MESH:D005313,40
DB01174,MESH:D005317,40
DB01174,MESH:D005355,40
DB01174,MESH:D005494,40
DB01174,MESH:D005879,40
DB01174,MESH:D006330,40
DB01174,MESH:D006344,40
DB01174,MESH:D006345,40
DB01174,MESH:D006505,40
DB01174,MESH:D006528,40
DB01174,MESH:D006529,40
DB01174,MESH:D006965,40
DB01174,MESH:D006984,40
DB01174,MESH:D006996,40
DB01174,MESH:D007022,40
DB01174,MESH:D007235,40
DB01174,MESH:D007414,40
DB01174,MESH:D007567,40
DB01174,MESH:D007674,40
DB01174,MESH:D007680,40
DB01174,MESH:D007683,40
DB01174,MESH:D007805,40
DB01174,MESH:D008103,40
DB01174,MESH:D008113,40
DB01174,MESH:D008114,40
DB01174,MESH:D008175,40
DB01174,MESH:D008569,40
DB01174,MESH:D008607,40
DB01174,MESH:D008659,40
DB01174,MESH:D008831,40
DB01174,MESH:D009069,40
DB01174,MESH:D009135,40
DB01174,MESH:D009336,40
DB01174,MESH:D009369,40
DB01174,MESH:D009374,40
DB01174,MESH:D009395,40
DB01174,MESH:D009410,40
DB01174,MESH:D009503,40
DB01174,MESH:D010190,40
DB01174,MESH:D010243,40
DB01174,MESH:D010523,40
DB01174,MESH:D010554,40
DB01174,MESH:D011141,40
DB01174,MESH:D011297,40
DB01174,MESH:D011507,40
DB01174,MESH:D011596,40
DB01174,MESH:D012008,40
DB01174,MESH:D012131,40
DB01174,MESH:D012559,40
DB01174,MESH:D012640,40
DB01174,MESH:D012893,40
DB01174,MESH:D013036,40
DB01174,MESH:D013064,40
DB01174,MESH:D013226,40
DB01174,MESH:D013341,40
DB01174,MESH:D013375,40
DB01174,MESH:D013959,40
DB01174,MESH:D013964,40
DB01174,MESH:D014188,40
DB01174,MESH:D014202,40
DB01174,MESH:D014555,40
DB01174,MESH:D014806,40
DB01174,MESH:D015430,40
DB01174,MESH:D017029,40
DB01174,MESH:D017114,40
DB01174,MESH:D017118,40
DB01174,MESH:D017880,40
DB01174,MESH:D018197,40
DB01174,MESH:D018248,40
DB01174,MESH:D018281,40
DB01174,MESH:D019457,40
DB01174,MESH:D019465,40
DB01174,MESH:D019954,40
DB01174,MESH:D020181,40
DB01174,MESH:D020191,40
DB01174,MESH:D020258,40
DB01174,MESH:D020270,40
DB01174,MESH:D020300,40
DB01174,MESH:D022124,40
DB01174,MESH:D047508,40
DB01174,MESH:D048629,40
DB01174,MESH:D053609,40
DB01174,MESH:D056486,40
DB01174,MESH:D058186,40
DB01174,MESH:D058625,0
DB00926,MESH:D000014,40
DB00926,MESH:D000848,40
DB00926,MESH:D002780,34
DB00926,MESH:D003866,40
DB00926,MESH:D005355,40
DB00926,MESH:D006261,40
DB00926,MESH:D006505,40
DB00926,MESH:D006934,40
DB00926,MESH:D006951,40
DB00926,MESH:D007172,40
DB00926,MESH:D007644,40
DB00926,MESH:D009122,40
DB00926,MESH:D009127,40
DB00926,MESH:D009182,40
DB00926,MESH:D009422,40
DB00926,MESH:D010916,40
DB00926,MESH:D012393,40
DB00926,MESH:D018771,40
DB00926,MESH:D019465,40
DB00926,MESH:D019586,40
DB00926,MESH:D019767,40
DB00926,MESH:D041781,0
DB00926,MESH:D058186,40
DB00907,MESH:D000015,40
DB00907,MESH:D000022,40
DB00907,MESH:D000037,40
DB00907,MESH:D000138,40
DB00907,MESH:D000309,40
DB00907,MESH:D000380,40
DB00907,MESH:D000505,40
DB00907,MESH:D000542,40
DB00907,MESH:D000707,40
DB00907,MESH:D000740,40
DB00907,MESH:D000743,40
DB00907,MESH:D000784,40
DB00907,MESH:D000787,40
DB00907,MESH:D000789,40
DB00907,MESH:D000799,40
DB00907,MESH:D000987,40
DB00907,MESH:D001002,40
DB00907,MESH:D001008,40
DB00907,MESH:D001014,40
DB00907,MESH:D001018,40
DB00907,MESH:D001019,40
DB00907,MESH:D001037,40
DB00907,MESH:D001049,40
DB00907,MESH:D001145,40
DB00907,MESH:D001157,40
DB00907,MESH:D001161,40
DB00907,MESH:D001168,40
DB00907,MESH:D001259,40
DB00907,MESH:D001281,40
DB00907,MESH:D001284,40
DB00907,MESH:D001289,40
DB00907,MESH:D001308,40
DB00907,MESH:D001327,40
DB00907,MESH:D001342,40
DB00907,MESH:D001480,40
DB00907,MESH:D001523,40
DB00907,MESH:D001714,40
DB00907,MESH:D001724,40
DB00907,MESH:D001766,40
DB00907,MESH:D001862,40
DB00907,MESH:D001919,40
DB00907,MESH:D001927,40
DB00907,MESH:D001929,40
DB00907,MESH:D001930,40
DB00907,MESH:D001982,40
DB00907,MESH:D001989,40
DB00907,MESH:D002318,40
DB00907,MESH:D002375,40
DB00907,MESH:D002389,40
DB00907,MESH:D002493,40
DB00907,MESH:D002526,40
DB00907,MESH:D002534,40
DB00907,MESH:D002542,40
DB00907,MESH:D002543,40
DB00907,MESH:D002544,40
DB00907,MESH:D002545,40
DB00907,MESH:D002546,40
DB00907,MESH:D002561,40
DB00907,MESH:D002637,40
DB00907,MESH:D002658,40
DB00907,MESH:D002819,40
DB00907,MESH:D002971,40
DB00907,MESH:D003117,40
DB00907,MESH:D003128,40
DB00907,MESH:D003323,40
DB00907,MESH:D003324,40
DB00907,MESH:D003327,40
DB00907,MESH:D003328,40
DB00907,MESH:D003329,40
DB00907,MESH:D003371,40
DB00907,MESH:D003556,40
DB00907,MESH:D003560,40
DB00907,MESH:D003639,40
DB00907,MESH:D003680,40
DB00907,MESH:D003711,40
DB00907,MESH:D003866,40
DB00907,MESH:D003919,40
DB00907,MESH:D003967,40
DB00907,MESH:D004195,40
DB00907,MESH:D004211,40
DB00907,MESH:D004409,40
DB00907,MESH:D004421,40
DB00907,MESH:D004487,40
DB00907,MESH:D004681,40
DB00907,MESH:D004751,40
DB00907,MESH:D004760,40
DB00907,MESH:D004830,40
DB00907,MESH:D005076,40
DB00907,MESH:D005124,40
DB00907,MESH:D005128,40
DB00907,MESH:D005141,40
DB00907,MESH:D005221,40
DB00907,MESH:D005315,40
DB00907,MESH:D005316,40
DB00907,MESH:D005355,40
DB00907,MESH:D005759,40
DB00907,MESH:D006130,40
DB00907,MESH:D006212,40
DB00907,MESH:D006261,40
DB00907,MESH:D006311,40
DB00907,MESH:D006319,40
DB00907,MESH:D006323,40
DB00907,MESH:D006331,40
DB00907,MESH:D006332,40
DB00907,MESH:D006333,40
DB00907,MESH:D006344,40
DB00907,MESH:D006345,40
DB00907,MESH:D006349,40
DB00907,MESH:D006406,40
DB00907,MESH:D006408,40
DB00907,MESH:D006417,40
DB00907,MESH:D006463,40
DB00907,MESH:D006470,40
DB00907,MESH:D006471,40
DB00907,MESH:D006501,40
DB00907,MESH:D006556,40
DB00907,MESH:D006934,40
DB00907,MESH:D006947,40
DB00907,MESH:D006948,40
DB00907,MESH:D006965,40
DB00907,MESH:D006966,40
DB00907,MESH:D006973,40
DB00907,MESH:D006974,40
DB00907,MESH:D006976,40
DB00907,MESH:D007003,40
DB00907,MESH:D007008,40
DB00907,MESH:D007018,40
DB00907,MESH:D007022,40
DB00907,MESH:D007035,40
DB00907,MESH:D007037,40
DB00907,MESH:D007154,40
DB00907,MESH:D007174,40
DB00907,MESH:D007232,40
DB00907,MESH:D007235,40
DB00907,MESH:D007238,40
DB00907,MESH:D007249,40
DB00907,MESH:D007319,40
DB00907,MESH:D007410,40
DB00907,MESH:D007415,40
DB00907,MESH:D007634,40
DB00907,MESH:D007674,40
DB00907,MESH:D007676,40
DB00907,MESH:D007683,40
DB00907,MESH:D007752,40
DB00907,MESH:D007805,39
DB00907,MESH:D007859,40
DB00907,MESH:D007964,40
DB00907,MESH:D008133,40
DB00907,MESH:D008180,40
DB00907,MESH:D008275,40
DB00907,MESH:D008569,40
DB00907,MESH:D008581,40
DB00907,MESH:D008641,40
DB00907,MESH:D008831,40
DB00907,MESH:D008881,40
DB00907,MESH:D008944,40
DB00907,MESH:D009056,40
DB00907,MESH:D009057,40
DB00907,MESH:D009059,40
DB00907,MESH:D009069,40
DB00907,MESH:D009122,40
DB00907,MESH:D009128,40
DB00907,MESH:D009133,40
DB00907,MESH:D009202,40
DB00907,MESH:D009203,40
DB00907,MESH:D009205,40
DB00907,MESH:D009336,40
DB00907,MESH:D009410,40
DB00907,MESH:D009421,40
DB00907,MESH:D009436,40
DB00907,MESH:D009468,40
DB00907,MESH:D009503,40
DB00907,MESH:D009669,37
DB00907,MESH:D009771,40
DB00907,MESH:D010014,40
DB00907,MESH:D010020,40
DB00907,MESH:D010146,40
DB00907,MESH:D010190,40
DB00907,MESH:D010510,40
DB00907,MESH:D010538,40
DB00907,MESH:D010554,40
DB00907,MESH:D010922,40
DB00907,MESH:D011014,40
DB00907,MESH:D011030,40
DB00907,MESH:D011086,40
DB00907,MESH:D011183,40
DB00907,MESH:D011248,40
DB00907,MESH:D011249,40
DB00907,MESH:D011297,40
DB00907,MESH:D011507,40
DB00907,MESH:D011595,40
DB00907,MESH:D011596,40
DB00907,MESH:D011618,40
DB00907,MESH:D011644,40
DB00907,MESH:D011656,40
DB00907,MESH:D011695,40
DB00907,MESH:D011697,40
DB00907,MESH:D012021,40
DB00907,MESH:D012120,40
DB00907,MESH:D012127,40
DB00907,MESH:D012131,40
DB00907,MESH:D012206,40
DB00907,MESH:D012595,40
DB00907,MESH:D012640,40
DB00907,MESH:D012678,40
DB00907,MESH:D012769,40
DB00907,MESH:D012770,40
DB00907,MESH:D012798,40
DB00907,MESH:D012848,40
DB00907,MESH:D012852,40
DB00907,MESH:D012892,40
DB00907,MESH:D012893,40
DB00907,MESH:D013035,40
DB00907,MESH:D013064,40
DB00907,MESH:D013226,40
DB00907,MESH:D013276,40
DB00907,MESH:D013398,40
DB00907,MESH:D013610,40
DB00907,MESH:D013616,40
DB00907,MESH:D013617,40
DB00907,MESH:D013651,40
DB00907,MESH:D013705,40
DB00907,MESH:D013921,40
DB00907,MESH:D013922,40
DB00907,MESH:D013923,40
DB00907,MESH:D013927,40
DB00907,MESH:D013981,40
DB00907,MESH:D014103,40
DB00907,MESH:D014202,40
DB00907,MESH:D014456,40
DB00907,MESH:D014474,40
DB00907,MESH:D014652,40
DB00907,MESH:D014657,40
DB00907,MESH:D014786,40
DB00907,MESH:D014839,40
DB00907,MESH:D014854,40
DB00907,MESH:D014890,40
DB00907,MESH:D015427,40
DB00907,MESH:D015428,40
DB00907,MESH:D015431,40
DB00907,MESH:D015508,40
DB00907,MESH:D015526,40
DB00907,MESH:D015745,40
DB00907,MESH:D015746,40
DB00907,MESH:D016055,40
DB00907,MESH:D016171,40
DB00907,MESH:D016481,40
DB00907,MESH:D016491,40
DB00907,MESH:D016535,40
DB00907,MESH:D016757,40
DB00907,MESH:D017116,40
DB00907,MESH:D017180,40
DB00907,MESH:D017202,40
DB00907,MESH:D017379,40
DB00907,MESH:D017445,40
DB00907,MESH:D017511,40
DB00907,MESH:D017880,40
DB00907,MESH:D018754,40
DB00907,MESH:D018771,40
DB00907,MESH:D018798,40
DB00907,MESH:D018908,40
DB00907,MESH:D019851,40
DB00907,MESH:D019954,40
DB00907,MESH:D019956,40
DB00907,MESH:D019957,40
DB00907,MESH:D019966,40
DB00907,MESH:D020018,40
DB00907,MESH:D020199,40
DB00907,MESH:D020301,40
DB00907,MESH:D020514,40
DB00907,MESH:D020521,40
DB00907,MESH:D020760,40
DB00907,MESH:D020767,40
DB00907,MESH:D020925,40
DB00907,MESH:D020964,40
DB00907,MESH:D022124,40
DB00907,MESH:D023341,40
DB00907,MESH:D023921,40
DB00907,MESH:D034381,40
DB00907,MESH:D038062,40
DB00907,MESH:D046748,39
DB00907,MESH:D047928,40
DB00907,MESH:D049188,40
DB00907,MESH:D050197,40
DB00907,MESH:D051437,40
DB00907,MESH:D054058,40
DB00907,MESH:D054079,40
DB00907,MESH:D054537,40
DB00907,MESH:D056486,40
DB00907,MESH:D056647,40
DB00907,MESH:D056784,40
DB00907,MESH:D058186,40
DB00907,MESH:D065666,40
DB00907,MESH:D065886,40
DB01005,MESH:D000014,40
DB01005,MESH:D000230,40
DB01005,MESH:D000419,40
DB01005,MESH:D000740,40
DB01005,MESH:D000743,40
DB01005,MESH:D000755,40
DB01005,MESH:D001068,40
DB01005,MESH:D001528,40
DB01005,MESH:D001927,40
DB01005,MESH:D002292,40
DB01005,MESH:D002546,34
DB01005,MESH:D003110,40
DB01005,MESH:D003872,40
DB01005,MESH:D003875,40
DB01005,MESH:D003882,40
DB01005,MESH:D003967,40
DB01005,MESH:D004487,40
DB01005,MESH:D004890,40
DB01005,MESH:D005494,40
DB01005,MESH:D006258,40
DB01005,MESH:D006402,40
DB01005,MESH:D006471,40
DB01005,MESH:D006505,40
DB01005,MESH:D006528,40
DB01005,MESH:D006976,40
DB01005,MESH:D007010,40
DB01005,MESH:D007057,40
DB01005,MESH:D007645,40
DB01005,MESH:D007674,40
DB01005,MESH:D007859,40
DB01005,MESH:D007938,40
DB01005,MESH:D007951,40
DB01005,MESH:D007964,40
DB01005,MESH:D008114,40
DB01005,MESH:D009190,40
DB01005,MESH:D009203,40
DB01005,MESH:D009220,40
DB01005,MESH:D009395,40
DB01005,MESH:D009422,40
DB01005,MESH:D009436,40
DB01005,MESH:D009461,40
DB01005,MESH:D010523,40
DB01005,MESH:D011087,40
DB01005,MESH:D011471,40
DB01005,MESH:D011565,40
DB01005,MESH:D011928,40
DB01005,MESH:D012871,40
DB01005,MESH:D012878,40
DB01005,MESH:D012883,39
DB01005,MESH:D013920,40
DB01005,MESH:D013921,40
DB01005,MESH:D013922,40
DB01005,MESH:D013923,40
DB01005,MESH:D013927,40
DB01005,MESH:D014652,40
DB01005,MESH:D014657,40
DB01005,MESH:D014839,40
DB01005,MESH:D015464,40
DB01005,MESH:D015470,40
DB01005,MESH:D015658,40
DB01005,MESH:D017086,40
DB01005,MESH:D017495,22
DB01005,MESH:D017880,40
DB01005,MESH:D019226,40
DB01005,MESH:D019457,40
DB01005,MESH:D020521,40
DB01005,MESH:D020964,40
DB01005,MESH:D049188,40
DB01005,MESH:D055728,40
DB01005,MESH:D056486,40
DB01005,MESH:D064793,40
DB00470,MESH:D000014,40
DB00470,MESH:D000690,40
DB00470,MESH:D001008,40
DB00470,MESH:D001714,40
DB00470,MESH:D001919,40
DB00470,MESH:D001929,40
DB00470,MESH:D002189,40
DB00470,MESH:D002375,40
DB00470,MESH:D002544,40
DB00470,MESH:D003072,40
DB00470,MESH:D004195,40
DB00470,MESH:D004211,40
DB00470,MESH:D004827,40
DB00470,MESH:D005879,39
DB00470,MESH:D005910,40
DB00470,MESH:D006948,40
DB00470,MESH:D007022,40
DB00470,MESH:D007035,40
DB00470,MESH:D007249,40
DB00470,MESH:D007859,40
DB00470,MESH:D007970,40
DB00470,MESH:D008569,40
DB00470,MESH:D009021,40
DB00470,MESH:D009069,40
DB00470,MESH:D009293,40
DB00470,MESH:D009410,40
DB00470,MESH:D009436,40
DB00470,MESH:D010554,40
DB00470,MESH:D011248,40
DB00470,MESH:D011605,40
DB00470,MESH:D011654,26
DB00470,MESH:D011782,40
DB00470,MESH:D012206,40
DB00470,MESH:D013375,40
DB00470,MESH:D013610,40
DB00470,MESH:D013617,40
DB00470,MESH:D014839,40
DB00470,MESH:D019956,40
DB00470,MESH:D019966,40
DB00470,MESH:D050197,40
DB00470,MESH:D056912,40
DB01050,MESH:D000141,32
DB01050,MESH:D000230,40
DB01050,MESH:D000544,40
DB01050,MESH:D000743,40
DB01050,MESH:D000799,40
DB01050,MESH:D001145,40
DB01050,MESH:D001168,40
DB01050,MESH:D001281,40
DB01050,MESH:D001416,40
DB01050,MESH:D001649,38
DB01050,MESH:D001768,40
DB01050,MESH:D001927,40
DB01050,MESH:D002100,40
DB01050,MESH:D002375,40
DB01050,MESH:D002543,40
DB01050,MESH:D002545,40
DB01050,MESH:D002761,40
DB01050,MESH:D002779,40
DB01050,MESH:D002780,40
DB01050,MESH:D003128,40
DB01050,MESH:D003550,40
DB01050,MESH:D003875,40
DB01050,MESH:D004211,40
DB01050,MESH:D004487,40
DB01050,MESH:D005234,40
DB01050,MESH:D005317,40
DB01050,MESH:D005334,40
DB01050,MESH:D005767,40
DB01050,MESH:D005891,40
DB01050,MESH:D005923,40
DB01050,MESH:D006261,40
DB01050,MESH:D006319,40
DB01050,MESH:D006331,40
DB01050,MESH:D006345,40
DB01050,MESH:D006463,40
DB01050,MESH:D006470,40
DB01050,MESH:D006471,40
DB01050,MESH:D006930,40
DB01050,MESH:D006947,40
DB01050,MESH:D006969,40
DB01050,MESH:D006976,40
DB01050,MESH:D007008,40
DB01050,MESH:D007010,40
DB01050,MESH:D007022,40
DB01050,MESH:D007235,40
DB01050,MESH:D007249,40
DB01050,MESH:D007676,40
DB01050,MESH:D007683,40
DB01050,MESH:D008106,40
DB01050,MESH:D008180,40
DB01050,MESH:D008325,40
DB01050,MESH:D008439,40
DB01050,MESH:D008580,40
DB01050,MESH:D008582,40
DB01050,MESH:D008881,40
DB01050,MESH:D009135,40
DB01050,MESH:D009139,40
DB01050,MESH:D009203,40
DB01050,MESH:D009336,40
DB01050,MESH:D009395,40
DB01050,MESH:D009400,40
DB01050,MESH:D009402,40
DB01050,MESH:D009404,40
DB01050,MESH:D009410,40
DB01050,MESH:D009846,40
DB01050,MESH:D010146,40
DB01050,MESH:D010149,40
DB01050,MESH:D010190,40
DB01050,MESH:D010437,40
DB01050,MESH:D010490,40
DB01050,MESH:D010996,40
DB01050,MESH:D011507,40
DB01050,MESH:D011605,40
DB01050,MESH:D011782,40
DB01050,MESH:D012120,40
DB01050,MESH:D012594,40
DB01050,MESH:D012640,40
DB01050,MESH:D012772,40
DB01050,MESH:D013262,40
DB01050,MESH:D013276,40
DB01050,MESH:D013921,40
DB01050,MESH:D013927,40
DB01050,MESH:D014012,40
DB01050,MESH:D014456,40
DB01050,MESH:D014555,40
DB01050,MESH:D014581,40
DB01050,MESH:D014786,40
DB01050,MESH:D015179,40
DB01050,MESH:D015207,40
DB01050,MESH:D015433,40
DB01050,MESH:D015746,40
DB01050,MESH:D015837,40
DB01050,MESH:D017093,40
DB01050,MESH:D017114,40
DB01050,MESH:D017116,40
DB01050,MESH:D017453,40
DB01050,MESH:D018771,40
DB01050,MESH:D019446,40
DB01050,MESH:D019965,0
DB01050,MESH:D020083,40
DB01050,MESH:D020301,40
DB01050,MESH:D020521,40
DB01050,MESH:D041781,40
DB01050,MESH:D051437,40
DB01050,MESH:D054058,40
DB01050,MESH:D056486,40
DB01050,MESH:D058186,40
DB00871,MESH:D000014,40
DB00871,MESH:D000138,40
DB00871,MESH:D000402,40
DB00871,MESH:D000686,40
DB00871,MESH:D000787,40
DB00871,MESH:D000860,40
DB00871,MESH:D001145,40
DB00871,MESH:D001249,40
DB00871,MESH:D001281,40
DB00871,MESH:D001919,40
DB00871,MESH:D002318,40
DB00871,MESH:D002637,40
DB00871,MESH:D003371,40
DB00871,MESH:D003645,40
DB00871,MESH:D004412,40
DB00871,MESH:D004417,40
DB00871,MESH:D004487,40
DB00871,MESH:D005207,40
DB00871,MESH:D005315,40
DB00871,MESH:D005316,40
DB00871,MESH:D006333,40
DB00871,MESH:D006943,40
DB00871,MESH:D006973,40
DB00871,MESH:D006985,40
DB00871,MESH:D007008,40
DB00871,MESH:D007022,40
DB00871,MESH:D009135,40
DB00871,MESH:D009325,40
DB00871,MESH:D010146,40
DB00871,MESH:D012128,40
DB00871,MESH:D012206,40
DB00871,MESH:D012640,40
DB00871,MESH:D013610,40
DB00871,MESH:D014202,40
DB00871,MESH:D014581,40
DB00871,MESH:D014839,40
DB00871,MESH:D016535,40
DB00871,MESH:D017180,40
DB00871,MESH:D017202,40
DB00871,MESH:D029424,40
DB00871,MESH:D053609,40
DB00871,MESH:D058186,40
DB01041,MESH:D000014,40
DB01041,MESH:D000015,40
DB01041,MESH:D000690,40
DB01041,MESH:D000757,40
DB01041,MESH:D000853,33
DB01041,MESH:D001172,40
DB01041,MESH:D001528,40
DB01041,MESH:D001919,40
DB01041,MESH:D002289,40
DB01041,MESH:D002292,40
DB01041,MESH:D002305,40
DB01041,MESH:D002349,40
DB01041,MESH:D002544,40
DB01041,MESH:D002779,40
DB01041,MESH:D003092,40
DB01041,MESH:D003093,40
DB01041,MESH:D003103,40
DB01041,MESH:D003110,40
DB01041,MESH:D003248,40
DB01041,MESH:D003645,40
DB01041,MESH:D004195,40
DB01041,MESH:D004211,40
DB01041,MESH:D004370,40
DB01041,MESH:D004806,40
DB01041,MESH:D004827,40
DB01041,MESH:D004892,40
DB01041,MESH:D005076,40
DB01041,MESH:D005124,40
DB01041,MESH:D005221,40
DB01041,MESH:D005315,40
DB01041,MESH:D005327,5
DB01041,MESH:D005532,40
DB01041,MESH:D005832,40
DB01041,MESH:D005871,40
DB01041,MESH:D005901,40
DB01041,MESH:D005909,40
DB01041,MESH:D005910,40
DB01041,MESH:D006086,40
DB01041,MESH:D006130,40
DB01041,MESH:D006212,40
DB01041,MESH:D006228,40
DB01041,MESH:D006261,40
DB01041,MESH:D006330,40
DB01041,MESH:D006331,40
DB01041,MESH:D006333,40
DB01041,MESH:D006345,40
DB01041,MESH:D006349,40
DB01041,MESH:D006402,40
DB01041,MESH:D006470,40
DB01041,MESH:D006505,40
DB01041,MESH:D006528,40
DB01041,MESH:D006554,0
DB01041,MESH:D006930,40
DB01041,MESH:D006975,40
DB01041,MESH:D007172,40
DB01041,MESH:D007249,40
DB01041,MESH:D007319,40
DB01041,MESH:D007674,40
DB01041,MESH:D007898,40
DB01041,MESH:D007918,40
DB01041,MESH:D008103,40
DB01041,MESH:D008106,40
DB01041,MESH:D008114,40
DB01041,MESH:D008171,40
DB01041,MESH:D008179,0
DB01041,MESH:D008180,40
DB01041,MESH:D008228,40
DB01041,MESH:D008258,40
DB01041,MESH:D008569,40
DB01041,MESH:D008708,40
DB01041,MESH:D009101,40
DB01041,MESH:D009190,40
DB01041,MESH:D009325,40
DB01041,MESH:D009336,40
DB01041,MESH:D009374,40
DB01041,MESH:D009404,40
DB01041,MESH:D009421,40
DB01041,MESH:D009503,40
DB01041,MESH:D010014,40
DB01041,MESH:D010146,40
DB01041,MESH:D010291,40
DB01041,MESH:D010390,0
DB01041,MESH:D010391,40
DB01041,MESH:D010490,40
DB01041,MESH:D010523,40
DB01041,MESH:D010996,40
DB01041,MESH:D011115,40
DB01041,MESH:D011297,40
DB01041,MESH:D011471,40
DB01041,MESH:D011537,40
DB01041,MESH:D011654,40
DB01041,MESH:D011655,40
DB01041,MESH:D012021,40
DB01041,MESH:D012507,40
DB01041,MESH:D012514,40
DB01041,MESH:D012600,40
DB01041,MESH:D012871,40
DB01041,MESH:D013158,40
DB01041,MESH:D013262,40
DB01041,MESH:D013276,40
DB01041,MESH:D013375,40
DB01041,MESH:D013923,40
DB01041,MESH:D013927,40
DB01041,MESH:D014202,40
DB01041,MESH:D014456,40
DB01041,MESH:D014581,40
DB01041,MESH:D014652,40
DB01041,MESH:D014657,40
DB01041,MESH:D015451,40
DB01041,MESH:D015470,40
DB01041,MESH:D015658,40
DB01041,MESH:D016510,40
DB01041,MESH:D017114,40
DB01041,MESH:D017180,40
DB01041,MESH:D017511,40
DB01041,MESH:D017563,40
DB01041,MESH:D017880,40
DB01041,MESH:D018281,23
DB01041,MESH:D018318,40
DB01041,MESH:D018908,40
DB01041,MESH:D019226,40
DB01041,MESH:D019465,40
DB01041,MESH:D019873,40
DB01041,MESH:D020520,40
DB01041,MESH:D020767,40
DB01041,MESH:D034381,40
DB01041,MESH:D053609,40
DB01041,MESH:D054198,40
DB01041,MESH:D054556,40
DB01041,MESH:D055371,40
DB01041,MESH:D055728,40
DB01041,MESH:D055752,40
DB01041,MESH:D056486,40
DB01041,MESH:D064793,40
DB01242,MESH:D000138,40
DB01242,MESH:D001002,40
DB01242,MESH:D001008,40
DB01242,MESH:D001068,40
DB01242,MESH:D001714,40
DB01242,MESH:D001919,40
DB01242,MESH:D002318,40
DB01242,MESH:D002375,40
DB01242,MESH:D003490,40
DB01242,MESH:D003866,40
DB01242,MESH:D004195,40
DB01242,MESH:D004409,40
DB01242,MESH:D004421,40
DB01242,MESH:D004487,40
DB01242,MESH:D004830,40
DB01242,MESH:D005221,40
DB01242,MESH:D005334,40
DB01242,MESH:D005879,40
DB01242,MESH:D006212,40
DB01242,MESH:D006330,40
DB01242,MESH:D006331,40
DB01242,MESH:D006948,40
DB01242,MESH:D006973,40
DB01242,MESH:D007024,40
DB01242,MESH:D007035,40
DB01242,MESH:D007174,40
DB01242,MESH:D007177,40
DB01242,MESH:D007232,40
DB01242,MESH:D007249,40
DB01242,MESH:D008569,40
DB01242,MESH:D009122,40
DB01242,MESH:D009123,40
DB01242,MESH:D009325,40
DB01242,MESH:D009369,40
DB01242,MESH:D009395,40
DB01242,MESH:D009437,40
DB01242,MESH:D010259,40
DB01242,MESH:D010554,40
DB01242,MESH:D010673,40
DB01242,MESH:D011183,40
DB01242,MESH:D011297,40
DB01242,MESH:D011595,40
DB01242,MESH:D011618,40
DB01242,MESH:D012021,40
DB01242,MESH:D012140,40
DB01242,MESH:D012640,40
DB01242,MESH:D013064,40
DB01242,MESH:D013226,40
DB01242,MESH:D013375,40
DB01242,MESH:D013610,40
DB01242,MESH:D014012,40
DB01242,MESH:D014786,40
DB01242,MESH:D014839,40
DB01242,MESH:D016055,40
DB01242,MESH:D016584,40
DB01242,MESH:D017180,40
DB01242,MESH:D018771,40
DB01242,MESH:D019954,40
DB01242,MESH:D019957,40
DB01242,MESH:D019964,40
DB01242,MESH:D019966,40
DB01242,MESH:D020018,40
DB01242,MESH:D020520,40
DB01242,MESH:D053608,40
DB01242,MESH:D062787,40
DB00196,MESH:D000014,40
DB00196,MESH:D000380,40
DB00196,MESH:D000505,34
DB00196,MESH:D000799,40
DB00196,MESH:D000855,40
DB00196,MESH:D001228,40
DB00196,MESH:D002177,40
DB00196,MESH:D002180,40
DB00196,MESH:D002181,40
DB00196,MESH:D002972,40
DB00196,MESH:D004802,40
DB00196,MESH:D005076,40
DB00196,MESH:D005909,40
DB00196,MESH:D006330,40
DB00196,MESH:D006529,40
DB00196,MESH:D006932,40
DB00196,MESH:D006934,40
DB00196,MESH:D006949,40
DB00196,MESH:D007674,40
DB00196,MESH:D008113,40
DB00196,MESH:D008114,40
DB00196,MESH:D009325,40
DB00196,MESH:D010538,40
DB00196,MESH:D011015,40
DB00196,MESH:D011297,40
DB00196,MESH:D011507,40
DB00196,MESH:D012640,40
DB00196,MESH:D013262,40
DB00196,MESH:D013921,40
DB00196,MESH:D014202,40
DB00196,MESH:D015433,40
DB00196,MESH:D016171,40
DB00196,MESH:D017093,40
DB00196,MESH:D019465,40
DB00196,MESH:D046748,40
DB00196,MESH:D052016,40
DB00196,MESH:D053608,40
DB00196,MESH:D054882,40
DB00196,MESH:D056486,40
DB00196,MESH:D058186,40
DB00255,MESH:D000014,40
DB00255,MESH:D000022,40
DB00255,MESH:D000309,40
DB00255,MESH:D000686,40
DB00255,MESH:D000743,40
DB00255,MESH:D000782,40
DB00255,MESH:D000855,40
DB00255,MESH:D001008,40
DB00255,MESH:D001165,40
DB00255,MESH:D001749,40
DB00255,MESH:D001778,40
DB00255,MESH:D001930,40
DB00255,MESH:D001932,40
DB00255,MESH:D001943,40
DB00255,MESH:D002277,40
DB00255,MESH:D002292,40
DB00255,MESH:D002294,40
DB00255,MESH:D002578,40
DB00255,MESH:D002583,40
DB00255,MESH:D002637,40
DB00255,MESH:D003456,2
DB00255,MESH:D003865,40
DB00255,MESH:D003866,40
DB00255,MESH:D003967,40
DB00255,MESH:D004412,40
DB00255,MESH:D004487,40
DB00255,MESH:D004714,40
DB00255,MESH:D005234,40
DB00255,MESH:D005262,39
DB00255,MESH:D005313,40
DB00255,MESH:D005832,40
DB00255,MESH:D005833,40
DB00255,MESH:D006177,40
DB00255,MESH:D006261,40
DB00255,MESH:D006344,40
DB00255,MESH:D006345,40
DB00255,MESH:D006470,40
DB00255,MESH:D006528,40
DB00255,MESH:D006529,40
DB00255,MESH:D006934,40
DB00255,MESH:D006941,0
DB00255,MESH:D006965,40
DB00255,MESH:D006966,40
DB00255,MESH:D006973,40
DB00255,MESH:D007021,40
DB00255,MESH:D007247,40
DB00255,MESH:D007511,40
DB00255,MESH:D007680,40
DB00255,MESH:D008181,40
DB00255,MESH:D008223,25
DB00255,MESH:D008325,40
DB00255,MESH:D008545,40
DB00255,MESH:D008641,40
DB00255,MESH:D008679,40
DB00255,MESH:D008881,40
DB00255,MESH:D009139,40
DB00255,MESH:D009203,40
DB00255,MESH:D009216,40
DB00255,MESH:D009325,40
DB00255,MESH:D009362,40
DB00255,MESH:D009374,40
DB00255,MESH:D009375,40
DB00255,MESH:D009421,40
DB00255,MESH:D009765,40
DB00255,MESH:D009845,40
DB00255,MESH:D010051,40
DB00255,MESH:D010382,24
DB00255,MESH:D010900,40
DB00255,MESH:D010911,40
DB00255,MESH:D011225,40
DB00255,MESH:D011297,40
DB00255,MESH:D011469,40
DB00255,MESH:D011471,40
DB00255,MESH:D011629,40
DB00255,MESH:D011655,40
DB00255,MESH:D013736,40
DB00255,MESH:D013923,40
DB00255,MESH:D014188,40
DB00255,MESH:D014314,40
DB00255,MESH:D014555,40
DB00255,MESH:D014564,40
DB00255,MESH:D014591,40
DB00255,MESH:D014594,40
DB00255,MESH:D014625,40
DB00255,MESH:D014839,40
DB00255,MESH:D015175,40
DB00255,MESH:D015228,40
DB00255,MESH:D015430,40
DB00255,MESH:D015431,40
DB00255,MESH:D015674,40
DB00255,MESH:D016889,40
DB00255,MESH:D017119,40
DB00255,MESH:D017880,40
DB00255,MESH:D018262,40
DB00255,MESH:D018476,39
DB00255,MESH:D019954,40
DB00255,MESH:D020246,40
DB00255,MESH:D020964,40
DB00255,MESH:D047928,40
DB00255,MESH:D049188,40
DB00255,MESH:D052776,40
DB00255,MESH:D056486,40
DB00698,MESH:D000380,40
DB00698,MESH:D000741,40
DB00698,MESH:D000743,40
DB00698,MESH:D000749,40
DB00698,MESH:D000853,0
DB00698,MESH:D000855,40
DB00698,MESH:D001749,40
DB00698,MESH:D002295,40
DB00698,MESH:D002526,38
DB00698,MESH:D002779,40
DB00698,MESH:D002972,40
DB00698,MESH:D003556,40
DB00698,MESH:D004417,40
DB00698,MESH:D004802,40
DB00698,MESH:D005767,40
DB00698,MESH:D006261,40
DB00698,MESH:D006344,40
DB00698,MESH:D006402,40
DB00698,MESH:D006470,40
DB00698,MESH:D006505,40
DB00698,MESH:D006521,40
DB00698,MESH:D006942,40
DB00698,MESH:D007232,40
DB00698,MESH:D007674,40
DB00698,MESH:D008107,40
DB00698,MESH:D008171,40
DB00698,MESH:D008180,40
DB00698,MESH:D008850,0
DB00698,MESH:D009157,40
DB00698,MESH:D009202,40
DB00698,MESH:D009374,40
DB00698,MESH:D009395,40
DB00698,MESH:D009422,40
DB00698,MESH:D009846,40
DB00698,MESH:D010292,40
DB00698,MESH:D010523,40
DB00698,MESH:D010996,40
DB00698,MESH:D011248,40
DB00698,MESH:D011605,40
DB00698,MESH:D011654,40
DB00698,MESH:D011704,40
DB00698,MESH:D011782,40
DB00698,MESH:D012021,40
DB00698,MESH:D012128,40
DB00698,MESH:D012131,40
DB00698,MESH:D012513,40
DB00698,MESH:D012871,40
DB00698,MESH:D013262,40
DB00698,MESH:D014277,40
DB00698,MESH:D014552,40
DB00698,MESH:D014581,40
DB00698,MESH:D014657,40
DB00698,MESH:D014839,40
DB00698,MESH:D017093,40
DB00698,MESH:D017563,40
DB00698,MESH:D018636,40
DB00698,MESH:D018771,40
DB00698,MESH:D018856,40
DB00698,MESH:D018908,40
DB00698,MESH:D020258,40
DB00698,MESH:D020795,40
DB00698,MESH:D023341,38
DB00698,MESH:D034141,40
DB00698,MESH:D043171,40
DB00698,MESH:D055370,40
DB00698,MESH:D058186,40
DB00795,MESH:D000014,40
DB00795,MESH:D000361,40
DB00795,MESH:D000707,40
DB00795,MESH:D000740,40
DB00795,MESH:D000741,40
DB00795,MESH:D000743,40
DB00795,MESH:D000748,40
DB00795,MESH:D000749,40
DB00795,MESH:D000799,40
DB00795,MESH:D001168,40
DB00795,MESH:D001171,40
DB00795,MESH:D001327,40
DB00795,MESH:D001855,40
DB00795,MESH:D001927,40
DB00795,MESH:D001943,40
DB00795,MESH:D002295,40
DB00795,MESH:D002305,40
DB00795,MESH:D002493,40
DB00795,MESH:D002761,40
DB00795,MESH:D002779,40
DB00795,MESH:D002819,40
DB00795,MESH:D003025,40
DB00795,MESH:D003092,40
DB00795,MESH:D003093,40
DB00795,MESH:D003110,40
DB00795,MESH:D003128,40
DB00795,MESH:D003424,40
DB00795,MESH:D003872,40
DB00795,MESH:D003875,40
DB00795,MESH:D003967,40
DB00795,MESH:D004211,40
DB00795,MESH:D004487,40
DB00795,MESH:D004751,22
DB00795,MESH:D004802,40
DB00795,MESH:D004890,40
DB00795,MESH:D005334,40
DB00795,MESH:D005767,40
DB00795,MESH:D005909,40
DB00795,MESH:D005923,40
DB00795,MESH:D006261,40
DB00795,MESH:D006330,40
DB00795,MESH:D006402,40
DB00795,MESH:D006461,40
DB00795,MESH:D006470,40
DB00795,MESH:D006501,40
DB00795,MESH:D006505,40
DB00795,MESH:D006528,40
DB00795,MESH:D006529,40
DB00795,MESH:D006940,40
DB00795,MESH:D006965,40
DB00795,MESH:D007037,40
DB00795,MESH:D007248,40
DB00795,MESH:D007249,40
DB00795,MESH:D007592,40
DB00795,MESH:D007669,40
DB00795,MESH:D007674,40
DB00795,MESH:D007676,40
DB00795,MESH:D007964,40
DB00795,MESH:D008171,40
DB00795,MESH:D008581,40
DB00795,MESH:D008708,40
DB00795,MESH:D009080,40
DB00795,MESH:D009205,40
DB00795,MESH:D009325,40
DB00795,MESH:D009336,40
DB00795,MESH:D009362,40
DB00795,MESH:D009393,40
DB00795,MESH:D009404,40
DB00795,MESH:D009503,40
DB00795,MESH:D010212,40
DB00795,MESH:D010900,40
DB00795,MESH:D010996,40
DB00795,MESH:D011014,40
DB00795,MESH:D011507,40
DB00795,MESH:D011537,40
DB00795,MESH:D011658,40
DB00795,MESH:D012640,40
DB00795,MESH:D013163,40
DB00795,MESH:D013167,40
DB00795,MESH:D013226,40
DB00795,MESH:D013262,40
DB00795,MESH:D013274,40
DB00795,MESH:D013276,40
DB00795,MESH:D013585,40
DB00795,MESH:D013616,40
DB00795,MESH:D013921,40
DB00795,MESH:D014456,40
DB00795,MESH:D014581,40
DB00795,MESH:D015209,40
DB00795,MESH:D015212,40
DB00795,MESH:D015431,40
DB00795,MESH:D015535,35
DB00795,MESH:D017093,40
DB00795,MESH:D017114,40
DB00795,MESH:D017445,40
DB00795,MESH:D018771,40
DB00795,MESH:D018805,40
DB00795,MESH:D019283,40
DB00795,MESH:D019446,40
DB00795,MESH:D020795,40
DB00795,MESH:D041781,40
DB00795,MESH:D044148,40
DB00795,MESH:D045262,0
DB00795,MESH:D047508,40
DB00795,MESH:D048629,40
DB00795,MESH:D051437,40
DB00795,MESH:D052878,40
DB00795,MESH:D053608,40
DB00795,MESH:D054066,40
DB00795,MESH:D056486,40
DB00795,MESH:D056784,40
DB00795,MESH:D057772,40
DB00997,MESH:D000077195,40
DB00997,MESH:D000077216,40
DB00997,MESH:D000230,40
DB00997,MESH:D000380,40
DB00997,MESH:D000419,40
DB00997,MESH:D000740,40
DB00997,MESH:D000741,40
DB00997,MESH:D000743,40
DB00997,MESH:D000787,40
DB00997,MESH:D000799,40
DB00997,MESH:D000855,40
DB00997,MESH:D001167,40
DB00997,MESH:D001201,40
DB00997,MESH:D001259,40
DB00997,MESH:D001281,40
DB00997,MESH:D001745,40
DB00997,MESH:D001749,40
DB00997,MESH:D001855,40
DB00997,MESH:D001919,40
DB00997,MESH:D001943,40
DB00997,MESH:D002051,40
DB00997,MESH:D002276,40
DB00997,MESH:D002277,40
DB00997,MESH:D002280,40
DB00997,MESH:D002292,40
DB00997,MESH:D002294,40
DB00997,MESH:D002295,40
DB00997,MESH:D002311,40
DB00997,MESH:D002312,40
DB00997,MESH:D002318,40
DB00997,MESH:D002341,40
DB00997,MESH:D002386,40
DB00997,MESH:D002471,40
DB00997,MESH:D002493,40
DB00997,MESH:D002543,40
DB00997,MESH:D002583,40
DB00997,MESH:D002779,40
DB00997,MESH:D002869,40
DB00997,MESH:D003110,40
DB00997,MESH:D003128,40
DB00997,MESH:D003248,40
DB00997,MESH:D003330,40
DB00997,MESH:D003556,40
DB00997,MESH:D003557,40
DB00997,MESH:D003638,40
DB00997,MESH:D003681,40
DB00997,MESH:D003711,40
DB00997,MESH:D003967,40
DB00997,MESH:D004195,40
DB00997,MESH:D004417,40
DB00997,MESH:D004489,40
DB00997,MESH:D004719,40
DB00997,MESH:D004832,40
DB00997,MESH:D004890,40
DB00997,MESH:D004915,40
DB00997,MESH:D004938,40
DB00997,MESH:D005119,40
DB00997,MESH:D005355,40
DB00997,MESH:D005767,40
DB00997,MESH:D005833,40
DB00997,MESH:D005909,40
DB00997,MESH:D005923,40
DB00997,MESH:D006258,40
DB00997,MESH:D006311,40
DB00997,MESH:D006330,40
DB00997,MESH:D006331,40
DB00997,MESH:D006332,40
DB00997,MESH:D006333,40
DB00997,MESH:D006394,40
DB00997,MESH:D006402,40
DB00997,MESH:D006470,40
DB00997,MESH:D006502,40
DB00997,MESH:D006529,40
DB00997,MESH:D006689,40
DB00997,MESH:D006849,40
DB00997,MESH:D006930,40
DB00997,MESH:D006937,40
DB00997,MESH:D006949,40
DB00997,MESH:D006973,40
DB00997,MESH:D007008,40
DB00997,MESH:D007238,40
DB00997,MESH:D007249,40
DB00997,MESH:D007410,40
DB00997,MESH:D007674,40
DB00997,MESH:D007676,40
DB00997,MESH:D007680,40
DB00997,MESH:D007859,40
DB00997,MESH:D007890,40
DB00997,MESH:D007938,40
DB00997,MESH:D007945,40
DB00997,MESH:D007964,40
DB00997,MESH:D007970,40
DB00997,MESH:D008106,40
DB00997,MESH:D008107,40
DB00997,MESH:D008114,40
DB00997,MESH:D008133,40
DB00997,MESH:D008175,40
DB00997,MESH:D008223,40
DB00997,MESH:D008228,40
DB00997,MESH:D008258,40
DB00997,MESH:D008325,40
DB00997,MESH:D008545,40
DB00997,MESH:D008548,40
DB00997,MESH:D008569,40
DB00997,MESH:D008654,40
DB00997,MESH:D009101,40
DB00997,MESH:D009202,40
DB00997,MESH:D009203,40
DB00997,MESH:D009205,40
DB00997,MESH:D009220,40
DB00997,MESH:D009325,40
DB00997,MESH:D009336,40
DB00997,MESH:D009361,40
DB00997,MESH:D009362,40
DB00997,MESH:D009369,40
DB00997,MESH:D009393,40
DB00997,MESH:D009396,40
DB00997,MESH:D009401,40
DB00997,MESH:D009404,40
DB00997,MESH:D009410,40
DB00997,MESH:D009422,40
DB00997,MESH:D009437,40
DB00997,MESH:D009447,40
DB00997,MESH:D009468,40
DB00997,MESH:D009503,40
DB00997,MESH:D009845,40
DB00997,MESH:D010051,40
DB00997,MESH:D010146,40
DB00997,MESH:D010291,40
DB00997,MESH:D010292,40
DB00997,MESH:D010302,40
DB00997,MESH:D010523,40
DB00997,MESH:D010538,40
DB00997,MESH:D010996,40
DB00997,MESH:D010997,40
DB00997,MESH:D011471,40
DB00997,MESH:D011507,40
DB00997,MESH:D011537,40
DB00997,MESH:D011654,40
DB00997,MESH:D011655,40
DB00997,MESH:D011928,40
DB00997,MESH:D012021,40
DB00997,MESH:D012140,40
DB00997,MESH:D012208,40
DB00997,MESH:D012468,40
DB00997,MESH:D012509,40
DB00997,MESH:D012512,40
DB00997,MESH:D012514,40
DB00997,MESH:D012516,40
DB00997,MESH:D012868,40
DB00997,MESH:D012878,40
DB00997,MESH:D012883,40
DB00997,MESH:D012983,40
DB00997,MESH:D013036,40
DB00997,MESH:D013118,40
DB00997,MESH:D013262,40
DB00997,MESH:D013280,40
DB00997,MESH:D013479,40
DB00997,MESH:D013584,40
DB00997,MESH:D013610,40
DB00997,MESH:D013651,40
DB00997,MESH:D013736,40
DB00997,MESH:D013921,40
DB00997,MESH:D013922,40
DB00997,MESH:D013923,40
DB00997,MESH:D014202,40
DB00997,MESH:D014511,40
DB00997,MESH:D014555,40
DB00997,MESH:D014565,40
DB00997,MESH:D014571,40
DB00997,MESH:D014581,40
DB00997,MESH:D014594,40
DB00997,MESH:D014693,40
DB00997,MESH:D014839,40
DB00997,MESH:D015179,40
DB00997,MESH:D015433,40
DB00997,MESH:D015452,40
DB00997,MESH:D015470,40
DB00997,MESH:D015746,40
DB00997,MESH:D016393,40
DB00997,MESH:D016399,40
DB00997,MESH:D016403,40
DB00997,MESH:D016472,40
DB00997,MESH:D016483,40
DB00997,MESH:D016491,40
DB00997,MESH:D016757,40
DB00997,MESH:D017093,40
DB00997,MESH:D017180,40
DB00997,MESH:D017682,40
DB00997,MESH:D018213,40
DB00997,MESH:D018222,40
DB00997,MESH:D018226,39
DB00997,MESH:D018241,40
DB00997,MESH:D018268,40
DB00997,MESH:D018269,40
DB00997,MESH:D018270,40
DB00997,MESH:D018476,40
DB00997,MESH:D018487,40
DB00997,MESH:D018500,40
DB00997,MESH:D018771,40
DB00997,MESH:D018805,40
DB00997,MESH:D018879,40
DB00997,MESH:D018908,40
DB00997,MESH:D019226,40
DB00997,MESH:D019337,40
DB00997,MESH:D019457,40
DB00997,MESH:D020246,40
DB00997,MESH:D020258,40
DB00997,MESH:D028361,40
DB00997,MESH:D034381,40
DB00997,MESH:D045743,40
DB00997,MESH:D048629,40
DB00997,MESH:D050171,40
DB00997,MESH:D051437,40
DB00997,MESH:D052016,40
DB00997,MESH:D053099,40
DB00997,MESH:D054198,40
DB00997,MESH:D054218,40
DB00997,MESH:D054391,40
DB00997,MESH:D054537,40
DB00997,MESH:D055752,40
DB00997,MESH:D056486,40
DB00997,MESH:D056784,40
DB00997,MESH:D058922,40
DB00997,MESH:D065306,40
DB00997,MESH:D066126,40
DB00608,MESH:D000014,40
DB00608,MESH:D000647,40
DB00608,MESH:D000741,40
DB00608,MESH:D000743,40
DB00608,MESH:D000749,40
DB00608,MESH:D000860,40
DB00608,MESH:D001145,40
DB00608,MESH:D001168,40
DB00608,MESH:D001171,40
DB00608,MESH:D001480,40
DB00608,MESH:D001714,40
DB00608,MESH:D001766,40
DB00608,MESH:D001927,40
DB00608,MESH:D001943,40
DB00608,MESH:D002312,40
DB00608,MESH:D002313,40
DB00608,MESH:D002375,40
DB00608,MESH:D003117,38
DB00608,MESH:D003128,40
DB00608,MESH:D003240,40
DB00608,MESH:D003316,40
DB00608,MESH:D003711,40
DB00608,MESH:D003872,40
DB00608,MESH:D004195,40
DB00608,MESH:D004417,40
DB00608,MESH:D004427,40
DB00608,MESH:D004830,40
DB00608,MESH:D005128,40
DB00608,MESH:D005221,40
DB00608,MESH:D005234,40
DB00608,MESH:D005317,40
DB00608,MESH:D005767,40
DB00608,MESH:D005909,40
DB00608,MESH:D006212,40
DB00608,MESH:D006311,40
DB00608,MESH:D006327,40
DB00608,MESH:D006331,40
DB00608,MESH:D006332,40
DB00608,MESH:D006333,40
DB00608,MESH:D006461,40
DB00608,MESH:D006505,40
DB00608,MESH:D007003,40
DB00608,MESH:D007008,40
DB00608,MESH:D007022,40
DB00608,MESH:D007024,40
DB00608,MESH:D007249,40
DB00608,MESH:D007634,40
DB00608,MESH:D008064,40
DB00608,MESH:D008133,40
DB00608,MESH:D008179,40
DB00608,MESH:D008180,40
DB00608,MESH:D008269,40
DB00608,MESH:D009157,40
DB00608,MESH:D009202,40
DB00608,MESH:D009325,40
DB00608,MESH:D009336,40
DB00608,MESH:D009436,40
DB00608,MESH:D009468,40
DB00608,MESH:D010146,40
DB00608,MESH:D010198,40
DB00608,MESH:D010291,40
DB00608,MESH:D010523,40
DB00608,MESH:D011115,40
DB00608,MESH:D011297,40
DB00608,MESH:D011537,40
DB00608,MESH:D011605,40
DB00608,MESH:D012021,40
DB00608,MESH:D012164,40
DB00608,MESH:D012507,0
DB00608,MESH:D012640,40
DB00608,MESH:D012770,40
DB00608,MESH:D012871,40
DB00608,MESH:D014693,40
DB00608,MESH:D014839,40
DB00608,MESH:D015431,40
DB00608,MESH:D016171,40
DB00608,MESH:D016778,40
DB00608,MESH:D017118,40
DB00608,MESH:D017180,40
DB00608,MESH:D017495,40
DB00608,MESH:D018908,40
DB00608,MESH:D019954,40
DB00608,MESH:D019964,40
DB00608,MESH:D019966,40
DB00608,MESH:D020233,40
DB00608,MESH:D020257,40
DB00608,MESH:D020879,40
DB00608,MESH:D034381,40
DB00608,MESH:D049188,40
DB00608,MESH:D051437,40
DB00608,MESH:D054537,40
DB00608,MESH:D056486,40
DB00608,MESH:D058186,40
DB00608,MESH:D062787,40
DB00475,MESH:D000014,40
DB00475,MESH:D000430,40
DB00475,MESH:D000647,40
DB00475,MESH:D001008,40
DB00475,MESH:D001259,40
DB00475,MESH:D001919,40
DB00475,MESH:D002779,40
DB00475,MESH:D003424,22
DB00475,MESH:D003967,40
DB00475,MESH:D004195,40
DB00475,MESH:D005221,40
DB00475,MESH:D006212,40
DB00475,MESH:D006261,40
DB00475,MESH:D006948,40
DB00475,MESH:D007022,40
DB00475,MESH:D007859,40
DB00475,MESH:D009135,40
DB00475,MESH:D009325,40
DB00475,MESH:D009436,40
DB00475,MESH:D010409,40
DB00475,MESH:D011537,40
DB00475,MESH:D011605,40
DB00475,MESH:D012640,40
DB00475,MESH:D013375,40
DB00475,MESH:D014564,40
DB00475,MESH:D019970,40
DB00475,MESH:D020751,40
DB00475,MESH:D049188,40
DB00475,MESH:D056486,40
DB01026,MESH:D000014,40
DB01026,MESH:D000303,40
DB01026,MESH:D000741,40
DB01026,MESH:D000744,40
DB01026,MESH:D000799,40
DB01026,MESH:D000855,40
DB01026,MESH:D001201,40
DB01026,MESH:D001228,40
DB01026,MESH:D001523,40
DB01026,MESH:D002006,40
DB01026,MESH:D002177,40
DB01026,MESH:D002178,0
DB01026,MESH:D002180,40
DB01026,MESH:D002181,40
DB01026,MESH:D002318,40
DB01026,MESH:D002375,40
DB01026,MESH:D002779,40
DB01026,MESH:D002972,40
DB01026,MESH:D003480,40
DB01026,MESH:D004283,40
DB01026,MESH:D004401,40
DB01026,MESH:D004802,40
DB01026,MESH:D005234,40
DB01026,MESH:D005317,40
DB01026,MESH:D005767,40
DB01026,MESH:D006529,40
DB01026,MESH:D006628,40
DB01026,MESH:D006930,40
DB01026,MESH:D007022,40
DB01026,MESH:D007634,40
DB01026,MESH:D007898,0
DB01026,MESH:D008064,40
DB01026,MESH:D008107,40
DB01026,MESH:D008133,40
DB01026,MESH:D009135,40
DB01026,MESH:D009325,40
DB01026,MESH:D010146,40
DB01026,MESH:D010243,40
DB01026,MESH:D010300,40
DB01026,MESH:D011183,40
DB01026,MESH:D011471,40
DB01026,MESH:D011629,40
DB01026,MESH:D011778,40
DB01026,MESH:D012640,40
DB01026,MESH:D014202,40
DB01026,MESH:D014581,40
DB01026,MESH:D016171,40
DB01026,MESH:D016773,40
DB01026,MESH:D017093,40
DB01026,MESH:D017114,40
DB01026,MESH:D017180,40
DB01026,MESH:D018268,40
DB01026,MESH:D018908,40
DB01026,MESH:D019457,40
DB01026,MESH:D019970,40
DB01026,MESH:D020964,40
DB01026,MESH:D047508,40
DB01026,MESH:D053565,40
DB01026,MESH:D056486,40
DB01026,MESH:D056889,40
DB00468,MESH:D000014,40
DB00468,MESH:D000380,40
DB00468,MESH:D000743,40
DB00468,MESH:D000855,40
DB00468,MESH:D001145,40
DB00468,MESH:D001919,40
DB00468,MESH:D001943,40
DB00468,MESH:D002637,40
DB00468,MESH:D003128,40
DB00468,MESH:D003638,40
DB00468,MESH:D004195,40
DB00468,MESH:D004211,40
DB00468,MESH:D004417,40
DB00468,MESH:D004830,40
DB00468,MESH:D005334,40
DB00468,MESH:D006311,40
DB00468,MESH:D006319,40
DB00468,MESH:D006331,40
DB00468,MESH:D006461,40
DB00468,MESH:D006470,40
DB00468,MESH:D006505,40
DB00468,MESH:D006948,40
DB00468,MESH:D007008,40
DB00468,MESH:D007024,40
DB00468,MESH:D008133,40
DB00468,MESH:D008269,40
DB00468,MESH:D009069,40
DB00468,MESH:D009224,40
DB00468,MESH:D009336,40
DB00468,MESH:D009395,40
DB00468,MESH:D009896,40
DB00468,MESH:D010198,40
DB00468,MESH:D010243,40
DB00468,MESH:D011618,40
DB00468,MESH:D012164,40
DB00468,MESH:D012206,40
DB00468,MESH:D012640,40
DB00468,MESH:D013262,40
DB00468,MESH:D013610,40
DB00468,MESH:D013921,40
DB00468,MESH:D014012,40
DB00468,MESH:D014657,40
DB00468,MESH:D014693,40
DB00468,MESH:D014839,40
DB00468,MESH:D015746,40
DB00468,MESH:D016171,40
DB00468,MESH:D016778,40
DB00468,MESH:D018879,40
DB00468,MESH:D034381,40
DB00468,MESH:D051437,40
DB00468,MESH:D054537,40
DB00468,MESH:D056486,40
DB00468,MESH:D057049,40
DB00468,MESH:D058186,40
DB00468,MESH:D062787,40
DB00916,MESH:D000014,40
DB00916,MESH:D000437,40
DB00916,MESH:D000740,40
DB00916,MESH:D000799,40
DB00916,MESH:D000855,40
DB00916,MESH:D001259,40
DB00916,MESH:D001284,14
DB00916,MESH:D001424,40
DB00916,MESH:D001714,40
DB00916,MESH:D001927,40
DB00916,MESH:D001929,40
DB00916,MESH:D001987,40
DB00916,MESH:D002471,40
DB00916,MESH:D002481,40
DB00916,MESH:D002493,40
DB00916,MESH:D002526,40
DB00916,MESH:D002543,40
DB00916,MESH:D002779,40
DB00916,MESH:D003072,40
DB00916,MESH:D003092,40
DB00916,MESH:D003093,40
DB00916,MESH:D003110,40
DB00916,MESH:D003128,40
DB00916,MESH:D003424,40
DB00916,MESH:D003638,40
DB00916,MESH:D003680,40
DB00916,MESH:D003866,40
DB00916,MESH:D003875,40
DB00916,MESH:D003967,40
DB00916,MESH:D004381,40
DB00916,MESH:D004421,40
DB00916,MESH:D004749,40
DB00916,MESH:D004927,40
DB00916,MESH:D006319,40
DB00916,MESH:D006463,40
DB00916,MESH:D006501,40
DB00916,MESH:D006849,40
DB00916,MESH:D006930,40
DB00916,MESH:D007248,40
DB00916,MESH:D007319,40
DB00916,MESH:D007984,40
DB00916,MESH:D008114,40
DB00916,MESH:D008133,40
DB00916,MESH:D008325,40
DB00916,MESH:D008582,40
DB00916,MESH:D009059,40
DB00916,MESH:D009069,40
DB00916,MESH:D009325,40
DB00916,MESH:D009901,40
DB00916,MESH:D010195,40
DB00916,MESH:D010291,40
DB00916,MESH:D010437,40
DB00916,MESH:D010518,40
DB00916,MESH:D010523,40
DB00916,MESH:D010911,40
DB00916,MESH:D011115,40
DB00916,MESH:D011595,40
DB00916,MESH:D011605,40
DB00916,MESH:D012021,40
DB00916,MESH:D012513,40
DB00916,MESH:D012772,40
DB00916,MESH:D013064,40
DB00916,MESH:D013203,40
DB00916,MESH:D013262,40
DB00916,MESH:D013651,40
DB00916,MESH:D013733,40
DB00916,MESH:D014202,40
DB00916,MESH:D014456,40
DB00916,MESH:D014552,40
DB00916,MESH:D014581,40
DB00916,MESH:D014786,40
DB00916,MESH:D014839,40
DB00916,MESH:D015212,40
DB00916,MESH:D015746,40
DB00916,MESH:D016171,40
DB00916,MESH:D016481,40
DB00916,MESH:D016584,40
DB00916,MESH:D016905,40
DB00916,MESH:D017114,40
DB00916,MESH:D018805,40
DB00916,MESH:D020233,40
DB00916,MESH:D020234,40
DB00916,MESH:D020258,40
DB00916,MESH:D051437,40
DB00916,MESH:D052776,40
DB00916,MESH:D056486,40
DB00433,MESH:D000014,40
DB00433,MESH:D000402,40
DB00433,MESH:D001201,7
DB00433,MESH:D001928,40
DB00433,MESH:D002375,40
DB00433,MESH:D002779,40
DB00433,MESH:D003680,40
DB00433,MESH:D004401,40
DB00433,MESH:D004409,40
DB00433,MESH:D004421,40
DB00433,MESH:D005076,40
DB00433,MESH:D006261,40
DB00433,MESH:D006330,40
DB00433,MESH:D006620,0
DB00433,MESH:D006930,40
DB00433,MESH:D006948,40
DB00433,MESH:D006973,40
DB00433,MESH:D007177,40
DB00433,MESH:D008105,40
DB00433,MESH:D009069,40
DB00433,MESH:D009122,40
DB00433,MESH:D009128,0
DB00433,MESH:D009325,40
DB00433,MESH:D010302,40
DB00433,MESH:D012640,40
DB00433,MESH:D012798,38
DB00433,MESH:D013064,40
DB00433,MESH:D013610,40
DB00433,MESH:D014103,40
DB00433,MESH:D014839,40
DB00433,MESH:D016640,0
DB00433,MESH:D017093,40
DB00433,MESH:D020820,40
DB00433,MESH:D020821,40
DB14509,MESH:D000014,40
DB14509,MESH:D000141,40
DB14509,MESH:D000419,40
DB14509,MESH:D000506,40
DB14509,MESH:D000749,40
DB14509,MESH:D001037,40
DB14509,MESH:D001145,40
DB14509,MESH:D001259,40
DB14509,MESH:D001480,40
DB14509,MESH:D001523,40
DB14509,MESH:D001714,40
DB14509,MESH:D001749,40
DB14509,MESH:D001919,40
DB14509,MESH:D001927,40
DB14509,MESH:D002524,40
DB14509,MESH:D002526,40
DB14509,MESH:D003025,40
DB14509,MESH:D003072,40
DB14509,MESH:D003128,40
DB14509,MESH:D003490,40
DB14509,MESH:D003680,40
DB14509,MESH:D003866,40
DB14509,MESH:D003919,40
DB14509,MESH:D003967,40
DB14509,MESH:D004401,40
DB14509,MESH:D004409,40
DB14509,MESH:D004421,40
DB14509,MESH:D004487,40
DB14509,MESH:D004830,40
DB14509,MESH:D004831,40
DB14509,MESH:D004832,40
DB14509,MESH:D005158,40
DB14509,MESH:D005221,40
DB14509,MESH:D005334,40
DB14509,MESH:D005767,40
DB14509,MESH:D005923,40
DB14509,MESH:D006212,40
DB14509,MESH:D006261,40
DB14509,MESH:D006323,40
DB14509,MESH:D006501,40
DB14509,MESH:D006561,40
DB14509,MESH:D006934,40
DB14509,MESH:D006940,40
DB14509,MESH:D006948,40
DB14509,MESH:D006961,40
DB14509,MESH:D006973,40
DB14509,MESH:D007003,40
DB14509,MESH:D007008,40
DB14509,MESH:D007022,40
DB14509,MESH:D007037,40
DB14509,MESH:D007319,40
DB14509,MESH:D007674,40
DB14509,MESH:D008569,40
DB14509,MESH:D008591,40
DB14509,MESH:D009069,40
DB14509,MESH:D009123,40
DB14509,MESH:D009127,40
DB14509,MESH:D009157,40
DB14509,MESH:D009203,40
DB14509,MESH:D009205,40
DB14509,MESH:D009325,40
DB14509,MESH:D009404,40
DB14509,MESH:D009422,40
DB14509,MESH:D009468,40
DB14509,MESH:D010243,40
DB14509,MESH:D010259,40
DB14509,MESH:D010523,40
DB14509,MESH:D011115,40
DB14509,MESH:D011141,40
DB14509,MESH:D011183,40
DB14509,MESH:D011507,40
DB14509,MESH:D011565,40
DB14509,MESH:D011595,40
DB14509,MESH:D011605,40
DB14509,MESH:D011618,40
DB14509,MESH:D012021,40
DB14509,MESH:D012559,40
DB14509,MESH:D012563,40
DB14509,MESH:D012640,40
DB14509,MESH:D012893,40
DB14509,MESH:D013035,40
DB14509,MESH:D013226,40
DB14509,MESH:D013375,40
DB14509,MESH:D013610,40
DB14509,MESH:D013651,40
DB14509,MESH:D013959,40
DB14509,MESH:D013971,40
DB14509,MESH:D014202,40
DB14509,MESH:D014555,40
DB14509,MESH:D014786,40
DB14509,MESH:D014839,40
DB14509,MESH:D014899,40
DB14509,MESH:D015746,40
DB14509,MESH:D016055,40
DB14509,MESH:D017379,40
DB14509,MESH:D018476,40
DB14509,MESH:D018500,40
DB14509,MESH:D018879,40
DB14509,MESH:D018908,40
DB14509,MESH:D019964,40
DB14509,MESH:D020234,40
DB14509,MESH:D020258,40
DB14509,MESH:D020795,40
DB14509,MESH:D020820,40
DB14509,MESH:D020821,40
DB14509,MESH:D020879,40
DB14509,MESH:D049188,40
DB14509,MESH:D051437,40
DB14509,MESH:D054537,40
DB00182,MESH:D000014,40
DB00182,MESH:D000647,40
DB00182,MESH:D000740,40
DB00182,MESH:D000783,40
DB00182,MESH:D000784,40
DB00182,MESH:D000855,40
DB00182,MESH:D001068,40
DB00182,MESH:D001145,40
DB00182,MESH:D001259,40
DB00182,MESH:D001289,40
DB00182,MESH:D001523,40
DB00182,MESH:D001714,40
DB00182,MESH:D001919,40
DB00182,MESH:D001927,40
DB00182,MESH:D001930,40
DB00182,MESH:D002311,40
DB00182,MESH:D002340,0
DB00182,MESH:D002532,40
DB00182,MESH:D002542,8
DB00182,MESH:D002543,40
DB00182,MESH:D002544,40
DB00182,MESH:D002545,40
DB00182,MESH:D002637,40
DB00182,MESH:D002658,40
DB00182,MESH:D002819,40
DB00182,MESH:D003323,40
DB00182,MESH:D003329,40
DB00182,MESH:D003866,40
DB00182,MESH:D004195,40
DB00182,MESH:D004211,40
DB00182,MESH:D004409,40
DB00182,MESH:D004421,40
DB00182,MESH:D004681,40
DB00182,MESH:D004827,40
DB00182,MESH:D004831,40
DB00182,MESH:D005119,40
DB00182,MESH:D005221,40
DB00182,MESH:D005334,40
DB00182,MESH:D005911,40
DB00182,MESH:D006130,40
DB00182,MESH:D006212,40
DB00182,MESH:D006331,40
DB00182,MESH:D006502,0
DB00182,MESH:D006556,40
DB00182,MESH:D006930,40
DB00182,MESH:D006948,40
DB00182,MESH:D006973,40
DB00182,MESH:D007174,40
DB00182,MESH:D008569,40
DB00182,MESH:D009069,40
DB00182,MESH:D009202,40
DB00182,MESH:D009212,40
DB00182,MESH:D009290,40
DB00182,MESH:D009395,40
DB00182,MESH:D010300,40
DB00182,MESH:D010554,40
DB00182,MESH:D011230,40
DB00182,MESH:D011297,40
DB00182,MESH:D011595,40
DB00182,MESH:D011605,40
DB00182,MESH:D011618,40
DB00182,MESH:D011782,40
DB00182,MESH:D012128,40
DB00182,MESH:D012559,40
DB00182,MESH:D012640,40
DB00182,MESH:D012893,40
DB00182,MESH:D013226,40
DB00182,MESH:D013345,40
DB00182,MESH:D013375,40
DB00182,MESH:D013610,40
DB00182,MESH:D014839,40
DB00182,MESH:D015658,40
DB00182,MESH:D015746,40
DB00182,MESH:D016055,40
DB00182,MESH:D016142,0
DB00182,MESH:D016757,40
DB00182,MESH:D017545,40
DB00182,MESH:D017689,40
DB00182,MESH:D018476,40
DB00182,MESH:D018487,40
DB00182,MESH:D019150,0
DB00182,MESH:D019956,40
DB00182,MESH:D019966,40
DB00182,MESH:D019969,40
DB00182,MESH:D019970,40
DB00182,MESH:D020018,40
DB00182,MESH:D020233,40
DB00182,MESH:D020244,40
DB00182,MESH:D020300,40
DB00182,MESH:D020820,40
DB00182,MESH:D034381,40
DB00182,MESH:D053608,40
DB00182,MESH:D054058,40
DB00182,MESH:D058186,40
DB00182,MESH:D062787,40
DB00661,MESH:D000014,40
DB00661,MESH:D000138,40
DB00661,MESH:D000419,40
DB00661,MESH:D000505,40
DB00661,MESH:D000647,40
DB00661,MESH:D000799,40
DB00661,MESH:D001008,40
DB00661,MESH:D001145,40
DB00661,MESH:D001281,40
DB00661,MESH:D001416,40
DB00661,MESH:D001714,40
DB00661,MESH:D001919,40
DB00661,MESH:D001943,40
DB00661,MESH:D002303,40
DB00661,MESH:D002312,40
DB00661,MESH:D002526,40
DB00661,MESH:D002637,40
DB00661,MESH:D003324,40
DB00661,MESH:D003327,40
DB00661,MESH:D003329,40
DB00661,MESH:D003371,40
DB00661,MESH:D003645,40
DB00661,MESH:D003866,40
DB00661,MESH:D004417,40
DB00661,MESH:D004487,40
DB00661,MESH:D004915,0
DB00661,MESH:D004916,40
DB00661,MESH:D005207,40
DB00661,MESH:D005334,40
DB00661,MESH:D005355,40
DB00661,MESH:D005687,26
DB00661,MESH:D006212,40
DB00661,MESH:D006319,40
DB00661,MESH:D006327,40
DB00661,MESH:D006331,40
DB00661,MESH:D006332,40
DB00661,MESH:D006471,40
DB00661,MESH:D006529,40
DB00661,MESH:D006930,40
DB00661,MESH:D006966,40
DB00661,MESH:D006977,40
DB00661,MESH:D007172,40
DB00661,MESH:D007511,40
DB00661,MESH:D007683,40
DB00661,MESH:D007752,40
DB00661,MESH:D008103,40
DB00661,MESH:D009069,40
DB00661,MESH:D009202,40
DB00661,MESH:D009203,40
DB00661,MESH:D009325,40
DB00661,MESH:D009336,40
DB00661,MESH:D009395,40
DB00661,MESH:D009422,40
DB00661,MESH:D010146,40
DB00661,MESH:D010243,40
DB00661,MESH:D010302,40
DB00661,MESH:D010411,40
DB00661,MESH:D010554,40
DB00661,MESH:D011507,40
DB00661,MESH:D011537,40
DB00661,MESH:D011654,40
DB00661,MESH:D012206,40
DB00661,MESH:D012640,40
DB00661,MESH:D012769,40
DB00661,MESH:D012770,40
DB00661,MESH:D012804,40
DB00661,MESH:D013118,40
DB00661,MESH:D013226,40
DB00661,MESH:D013262,40
DB00661,MESH:D013345,40
DB00661,MESH:D013375,40
DB00661,MESH:D013610,40
DB00661,MESH:D014012,40
DB00661,MESH:D014456,40
DB00661,MESH:D014474,40
DB00661,MESH:D014555,40
DB00661,MESH:D014693,40
DB00661,MESH:D014839,40
DB00661,MESH:D015428,40
DB00661,MESH:D016171,40
DB00661,MESH:D016757,40
DB00661,MESH:D017180,40
DB00661,MESH:D017202,40
DB00661,MESH:D017379,40
DB00661,MESH:D018197,40
DB00661,MESH:D018376,40
DB00661,MESH:D018487,40
DB00661,MESH:D018879,40
DB00661,MESH:D018908,40
DB00661,MESH:D019956,40
DB00661,MESH:D020234,38
DB00661,MESH:D020301,40
DB00661,MESH:D020521,40
DB00661,MESH:D020734,40
DB00661,MESH:D029424,40
DB00661,MESH:D048629,40
DB00661,MESH:D051437,40
DB00661,MESH:D054198,40
DB00661,MESH:D054537,40
DB00661,MESH:D056486,40
DB00661,MESH:D057049,40
DB00661,MESH:D062787,40
DB00661,MESH:D066126,40
DB01092,MESH:D000014,40
DB01092,MESH:D000647,40
DB01092,MESH:D001281,40
DB01092,MESH:D001714,40
DB01092,MESH:D001919,40
DB01092,MESH:D001927,40
DB01092,MESH:D001929,40
DB01092,MESH:D001930,40
DB01092,MESH:D002303,40
DB01092,MESH:D005761,6
DB01092,MESH:D006327,40
DB01092,MESH:D006331,40
DB01092,MESH:D006332,40
DB01092,MESH:D006333,40
DB01092,MESH:D006948,40
DB01092,MESH:D006973,40
DB01092,MESH:D009361,40
DB01092,MESH:D009410,40
DB01092,MESH:D010243,40
DB01092,MESH:D012164,40
DB01092,MESH:D013610,40
DB01092,MESH:D013616,40
DB01092,MESH:D015837,40
DB01092,MESH:D017180,40
DB01092,MESH:D018879,40
DB01092,MESH:D020925,40
DB00635,MESH:D000014,40
DB00635,MESH:D000140,40
DB00635,MESH:D000141,40
DB00635,MESH:D000230,40
DB00635,MESH:D000309,40
DB00635,MESH:D000505,40
DB00635,MESH:D000707,40
DB00635,MESH:D000740,40
DB00635,MESH:D000741,40
DB00635,MESH:D000743,40
DB00635,MESH:D000744,40
DB00635,MESH:D000799,40
DB00635,MESH:D000855,40
DB00635,MESH:D001008,40
DB00635,MESH:D001019,40
DB00635,MESH:D001171,40
DB00635,MESH:D001201,40
DB00635,MESH:D001249,40
DB00635,MESH:D001259,40
DB00635,MESH:D001523,40
DB00635,MESH:D001528,40
DB00635,MESH:D001607,40
DB00635,MESH:D001749,40
DB00635,MESH:D001752,5
DB00635,MESH:D001847,40
DB00635,MESH:D001943,40
DB00635,MESH:D002277,40
DB00635,MESH:D002295,40
DB00635,MESH:D002311,40
DB00635,MESH:D002446,40
DB00635,MESH:D002769,40
DB00635,MESH:D002779,40
DB00635,MESH:D002780,40
DB00635,MESH:D002972,40
DB00635,MESH:D003072,40
DB00635,MESH:D003093,40
DB00635,MESH:D003128,40
DB00635,MESH:D003324,40
DB00635,MESH:D003424,40
DB00635,MESH:D003480,40
DB00635,MESH:D003645,40
DB00635,MESH:D003704,40
DB00635,MESH:D003711,40
DB00635,MESH:D003866,40
DB00635,MESH:D003875,40
DB00635,MESH:D003882,40
DB00635,MESH:D003920,40
DB00635,MESH:D004417,40
DB00635,MESH:D004487,40
DB00635,MESH:D004646,40
DB00635,MESH:D004802,40
DB00635,MESH:D004938,40
DB00635,MESH:D005076,40
DB00635,MESH:D005198,40
DB00635,MESH:D005221,40
DB00635,MESH:D005234,40
DB00635,MESH:D005767,40
DB00635,MESH:D005891,40
DB00635,MESH:D005902,40
DB00635,MESH:D005921,40
DB00635,MESH:D005923,40
DB00635,MESH:D006073,40
DB00635,MESH:D006086,40
DB00635,MESH:D006111,40
DB00635,MESH:D006130,40
DB00635,MESH:D006261,40
DB00635,MESH:D006333,40
DB00635,MESH:D006342,40
DB00635,MESH:D006391,40
DB00635,MESH:D006402,40
DB00635,MESH:D006417,40
DB00635,MESH:D006457,40
DB00635,MESH:D006504,40
DB00635,MESH:D006521,40
DB00635,MESH:D006529,40
DB00635,MESH:D006689,40
DB00635,MESH:D006932,40
DB00635,MESH:D006934,40
DB00635,MESH:D006937,40
DB00635,MESH:D006943,40
DB00635,MESH:D006947,40
DB00635,MESH:D006968,40
DB00635,MESH:D006973,40
DB00635,MESH:D006983,40
DB00635,MESH:D006996,40
DB00635,MESH:D007021,35
DB00635,MESH:D007022,40
DB00635,MESH:D007154,40
DB00635,MESH:D007177,40
DB00635,MESH:D007249,40
DB00635,MESH:D007319,40
DB00635,MESH:D007511,40
DB00635,MESH:D007674,40
DB00635,MESH:D007683,40
DB00635,MESH:D007890,40
DB00635,MESH:D007938,40
DB00635,MESH:D007970,40
DB00635,MESH:D008107,40
DB00635,MESH:D008113,40
DB00635,MESH:D008180,40
DB00635,MESH:D008181,40
DB00635,MESH:D008228,40
DB00635,MESH:D008231,40
DB00635,MESH:D008258,40
DB00635,MESH:D008581,40
DB00635,MESH:D008582,40
DB00635,MESH:D008708,40
DB00635,MESH:D009101,40
DB00635,MESH:D009133,40
DB00635,MESH:D009135,40
DB00635,MESH:D009157,40
DB00635,MESH:D009202,40
DB00635,MESH:D009203,40
DB00635,MESH:D009205,40
DB00635,MESH:D009212,40
DB00635,MESH:D009220,40
DB00635,MESH:D009325,40
DB00635,MESH:D009336,40
DB00635,MESH:D009395,40
DB00635,MESH:D009401,40
DB00635,MESH:D009402,40
DB00635,MESH:D009404,40
DB00635,MESH:D009422,40
DB00635,MESH:D009437,40
DB00635,MESH:D009461,40
DB00635,MESH:D009468,40
DB00635,MESH:D009503,40
DB00635,MESH:D009765,40
DB00635,MESH:D009771,40
DB00635,MESH:D009798,40
DB00635,MESH:D010020,40
DB00635,MESH:D010026,40
DB00635,MESH:D010146,40
DB00635,MESH:D010195,40
DB00635,MESH:D010198,40
DB00635,MESH:D010243,40
DB00635,MESH:D010292,40
DB00635,MESH:D010391,40
DB00635,MESH:D010523,40
DB00635,MESH:D010996,40
DB00635,MESH:D011014,40
DB00635,MESH:D011030,40
DB00635,MESH:D011115,40
DB00635,MESH:D011183,40
DB00635,MESH:D011297,40
DB00635,MESH:D011471,40
DB00635,MESH:D011507,40
DB00635,MESH:D011655,40
DB00635,MESH:D011658,40
DB00635,MESH:D012507,40
DB00635,MESH:D012595,40
DB00635,MESH:D012640,40
DB00635,MESH:D012871,40
DB00635,MESH:D013036,40
DB00635,MESH:D013163,40
DB00635,MESH:D013262,40
DB00635,MESH:D013280,40
DB00635,MESH:D013375,40
DB00635,MESH:D013959,40
DB00635,MESH:D014012,40
DB00635,MESH:D014581,40
DB00635,MESH:D014607,40
DB00635,MESH:D014786,40
DB00635,MESH:D015212,40
DB00635,MESH:D015228,40
DB00635,MESH:D015433,40
DB00635,MESH:D015452,40
DB00635,MESH:D016393,40
DB00635,MESH:D016399,40
DB00635,MESH:D016403,40
DB00635,MESH:D016603,40
DB00635,MESH:D016889,40
DB00635,MESH:D016893,40
DB00635,MESH:D017240,40
DB00635,MESH:D017379,40
DB00635,MESH:D017495,40
DB00635,MESH:D017681,40
DB00635,MESH:D018450,40
DB00635,MESH:D018754,40
DB00635,MESH:D018771,40
DB00635,MESH:D018805,40
DB00635,MESH:D018908,40
DB00635,MESH:D018979,40
DB00635,MESH:D019066,40
DB00635,MESH:D019226,40
DB00635,MESH:D019247,40
DB00635,MESH:D019586,40
DB00635,MESH:D019693,40
DB00635,MESH:D019694,40
DB00635,MESH:D019966,40
DB00635,MESH:D020767,40
DB00635,MESH:D023341,40
DB00635,MESH:D027601,40
DB00635,MESH:D029424,40
DB00635,MESH:D029502,40
DB00635,MESH:D033461,40
DB00635,MESH:D034381,40
DB00635,MESH:D049970,40
DB00635,MESH:D050197,40
DB00635,MESH:D051437,40
DB00635,MESH:D053099,40
DB00635,MESH:D054198,40
DB00635,MESH:D054218,40
DB00635,MESH:D054391,34
DB00635,MESH:D055728,40
DB00635,MESH:D056486,40
DB00635,MESH:D056784,40
DB00635,MESH:D056829,40
DB00635,MESH:D058186,40
DB00635,MESH:D058226,40
DB00635,MESH:D064129,40
DB00481,MESH:D000014,40
DB00481,MESH:D000419,40
DB00481,MESH:D000544,40
DB00481,MESH:D001284,40
DB00481,MESH:D001749,40
DB00481,MESH:D001930,40
DB00481,MESH:D002114,40
DB00481,MESH:D002318,40
DB00481,MESH:D003072,40
DB00481,MESH:D003865,40
DB00481,MESH:D003920,40
DB00481,MESH:D003928,40
DB00481,MESH:D004487,40
DB00481,MESH:D004681,40
DB00481,MESH:D006331,40
DB00481,MESH:D006349,1
DB00481,MESH:D006973,40
DB00481,MESH:D007889,40
DB00481,MESH:D008679,0
DB00481,MESH:D009101,39
DB00481,MESH:D010024,40
DB00481,MESH:D010049,40
DB00481,MESH:D010146,40
DB00481,MESH:D011471,40
DB00481,MESH:D013923,40
DB00481,MESH:D013927,40
DB00481,MESH:D015663,40
DB00481,MESH:D016889,40
DB00481,MESH:D018200,40
DB00481,MESH:D018248,40
DB00481,MESH:D020521,40
DB00481,MESH:D054556,40
DB00481,MESH:D056486,40
DB00481,MESH:D065626,40
DB00929,MESH:D000014,40
DB00929,MESH:D000015,40
DB00929,MESH:D000022,40
DB00929,MESH:D000743,40
DB00929,MESH:D001172,40
DB00929,MESH:D001247,40
DB00929,MESH:D001259,40
DB00929,MESH:D001321,40
DB00929,MESH:D001416,6
DB00929,MESH:D001745,40
DB00929,MESH:D003072,40
DB00929,MESH:D003248,40
DB00929,MESH:D003329,40
DB00929,MESH:D003967,40
DB00929,MESH:D004381,40
DB00929,MESH:D005146,40
DB00929,MESH:D005158,40
DB00929,MESH:D005313,40
DB00929,MESH:D005334,40
DB00929,MESH:D005532,40
DB00929,MESH:D005767,40
DB00929,MESH:D006228,40
DB00929,MESH:D006261,40
DB00929,MESH:D006973,40
DB00929,MESH:D007511,40
DB00929,MESH:D007674,40
DB00929,MESH:D009123,40
DB00929,MESH:D009325,40
DB00929,MESH:D009422,40
DB00929,MESH:D010003,40
DB00929,MESH:D010146,40
DB00929,MESH:D010437,40
DB00929,MESH:D011248,40
DB00929,MESH:D013272,40
DB00929,MESH:D013610,40
DB00929,MESH:D014652,40
DB00929,MESH:D015746,40
DB00929,MESH:D016142,40
DB00929,MESH:D017880,40
DB00929,MESH:D020244,40
DB00929,MESH:D020964,40
DB00929,MESH:D058186,40
DB00495,MESH:D000140,40
DB00495,MESH:D000163,40
DB00495,MESH:D000380,40
DB00495,MESH:D000748,40
DB00495,MESH:D001247,40
DB00495,MESH:D001714,40
DB00495,MESH:D001943,40
DB00495,MESH:D002318,40
DB00495,MESH:D002658,40
DB00495,MESH:D002779,40
DB00495,MESH:D003128,40
DB00495,MESH:D003967,40
DB00495,MESH:D004195,40
DB00495,MESH:D004417,40
DB00495,MESH:D004802,40
DB00495,MESH:D004829,40
DB00495,MESH:D005076,40
DB00495,MESH:D005183,40
DB00495,MESH:D005234,40
DB00495,MESH:D006261,40
DB00495,MESH:D006331,40
DB00495,MESH:D006332,40
DB00495,MESH:D006333,40
DB00495,MESH:D006402,40
DB00495,MESH:D006505,40
DB00495,MESH:D006526,40
DB00495,MESH:D006529,40
DB00495,MESH:D006930,40
DB00495,MESH:D006949,40
DB00495,MESH:D007024,40
DB00495,MESH:D007319,40
DB00495,MESH:D007674,40
DB00495,MESH:D007676,40
DB00495,MESH:D007970,40
DB00495,MESH:D008060,40
DB00495,MESH:D008107,40
DB00495,MESH:D008113,40
DB00495,MESH:D008175,40
DB00495,MESH:D008269,0
DB00495,MESH:D008708,31
DB00495,MESH:D009133,40
DB00495,MESH:D009135,40
DB00495,MESH:D009202,40
DB00495,MESH:D009293,40
DB00495,MESH:D009325,40
DB00495,MESH:D009336,40
DB00495,MESH:D009422,40
DB00495,MESH:D009461,40
DB00495,MESH:D010051,40
DB00495,MESH:D010292,40
DB00495,MESH:D010523,40
DB00495,MESH:D011297,40
DB00495,MESH:D012220,40
DB00495,MESH:D012514,40
DB00495,MESH:D012871,40
DB00495,MESH:D012878,40
DB00495,MESH:D013272,40
DB00495,MESH:D013274,40
DB00495,MESH:D013313,40
DB00495,MESH:D013375,40
DB00495,MESH:D013610,40
DB00495,MESH:D013651,40
DB00495,MESH:D013921,40
DB00495,MESH:D013922,36
DB00495,MESH:D014625,40
DB00495,MESH:D014652,40
DB00495,MESH:D014766,40
DB00495,MESH:D014786,40
DB00495,MESH:D014839,40
DB00495,MESH:D014899,0
DB00495,MESH:D015431,40
DB00495,MESH:D015459,40
DB00495,MESH:D015526,40
DB00495,MESH:D015746,40
DB00495,MESH:D016483,40
DB00495,MESH:D017093,40
DB00495,MESH:D017240,40
DB00495,MESH:D017285,40
DB00495,MESH:D017379,40
DB00495,MESH:D018376,40
DB00495,MESH:D018487,40
DB00495,MESH:D018908,40
DB00495,MESH:D019954,40
DB00495,MESH:D020734,40
DB00495,MESH:D028361,40
DB00495,MESH:D030401,40
DB00495,MESH:D045262,40
DB00495,MESH:D048629,40
DB00495,MESH:D050197,40
DB00495,MESH:D053040,40
DB00495,MESH:D062787,40
DB00495,MESH:D066126,40
DB06710,MESH:D002779,40
DB06710,MESH:D003456,40
DB06710,MESH:D003866,40
DB06710,MESH:D006528,40
DB06710,MESH:D006529,40
DB06710,MESH:D007018,40
DB06710,MESH:D007414,40
DB06710,MESH:D007674,40
DB06710,MESH:D008103,40
DB06710,MESH:D010259,40
DB06710,MESH:D011471,40
DB06710,MESH:D011472,40
DB06710,MESH:D014973,0
DB06710,MESH:D056486,40
DB01394,MESH:D000014,40
DB01394,MESH:D000505,40
DB01394,MESH:D000544,40
DB01394,MESH:D000647,40
DB01394,MESH:D000740,40
DB01394,MESH:D000749,40
DB01394,MESH:D000782,40
DB01394,MESH:D000783,40
DB01394,MESH:D001002,40
DB01394,MESH:D001259,40
DB01394,MESH:D001528,2
DB01394,MESH:D001768,40
DB01394,MESH:D001855,40
DB01394,MESH:D001927,40
DB01394,MESH:D002779,40
DB01394,MESH:D003072,40
DB01394,MESH:D003967,40
DB01394,MESH:D004211,40
DB01394,MESH:D004314,40
DB01394,MESH:D004417,40
DB01394,MESH:D004760,0
DB01394,MESH:D005759,40
DB01394,MESH:D005767,40
DB01394,MESH:D005902,40
DB01394,MESH:D006073,40
DB01394,MESH:D006261,40
DB01394,MESH:D006528,40
DB01394,MESH:D006948,40
DB01394,MESH:D006973,40
DB01394,MESH:D007010,40
DB01394,MESH:D007039,0
DB01394,MESH:D007249,40
DB01394,MESH:D007410,40
DB01394,MESH:D007859,40
DB01394,MESH:D007970,40
DB01394,MESH:D008064,40
DB01394,MESH:D008103,40
DB01394,MESH:D008108,0
DB01394,MESH:D008569,40
DB01394,MESH:D009101,40
DB01394,MESH:D009102,40
DB01394,MESH:D009135,40
DB01394,MESH:D009212,40
DB01394,MESH:D009222,40
DB01394,MESH:D009325,40
DB01394,MESH:D009369,40
DB01394,MESH:D009422,40
DB01394,MESH:D009436,40
DB01394,MESH:D009468,40
DB01394,MESH:D009846,40
DB01394,MESH:D009896,40
DB01394,MESH:D009901,40
DB01394,MESH:D010146,40
DB01394,MESH:D010195,40
DB01394,MESH:D010198,40
DB01394,MESH:D010243,40
DB01394,MESH:D010505,40
DB01394,MESH:D010523,40
DB01394,MESH:D011115,40
DB01394,MESH:D011141,40
DB01394,MESH:D011565,40
DB01394,MESH:D011782,40
DB01394,MESH:D012021,40
DB01394,MESH:D012206,40
DB01394,MESH:D012871,40
DB01394,MESH:D013616,40
DB01394,MESH:D013921,40
DB01394,MESH:D014786,40
DB01394,MESH:D014806,40
DB01394,MESH:D014839,40
DB01394,MESH:D015210,40
DB01394,MESH:D015431,40
DB01394,MESH:D015479,40
DB01394,MESH:D015746,40
DB01394,MESH:D017114,40
DB01394,MESH:D017119,24
DB01394,MESH:D018908,40
DB01394,MESH:D019694,40
DB01394,MESH:D020967,40
DB01394,MESH:D033461,40
DB01394,MESH:D048629,40
DB01394,MESH:D056486,40
DB01394,MESH:D058186,40
DB01394,MESH:D062787,40
DB00763,MESH:D000014,40
DB00763,MESH:D000068079,32
DB00763,MESH:D000230,40
DB00763,MESH:D000236,40
DB00763,MESH:D000741,40
DB00763,MESH:D000857,40
DB00763,MESH:D001168,40
DB00763,MESH:D001724,40
DB00763,MESH:D002277,40
DB00763,MESH:D002779,40
DB00763,MESH:D002780,40
DB00763,MESH:D003875,40
DB00763,MESH:D004195,40
DB00763,MESH:D004476,40
DB00763,MESH:D005076,40
DB00763,MESH:D005221,40
DB00763,MESH:D005334,40
DB00763,MESH:D005767,40
DB00763,MESH:D005921,40
DB00763,MESH:D006042,40
DB00763,MESH:D006111,40
DB00763,MESH:D006332,40
DB00763,MESH:D006406,40
DB00763,MESH:D006505,40
DB00763,MESH:D006529,40
DB00763,MESH:D006932,40
DB00763,MESH:D006973,40
DB00763,MESH:D006980,40
DB00763,MESH:D006984,32
DB00763,MESH:D006996,40
DB00763,MESH:D007035,40
DB00763,MESH:D007859,40
DB00763,MESH:D007970,40
DB00763,MESH:D008107,40
DB00763,MESH:D008181,40
DB00763,MESH:D009069,40
DB00763,MESH:D009157,40
DB00763,MESH:D009336,40
DB00763,MESH:D010198,40
DB00763,MESH:D011297,40
DB00763,MESH:D011507,40
DB00763,MESH:D012640,40
DB00763,MESH:D012868,0
DB00763,MESH:D013064,40
DB00763,MESH:D013651,40
DB00763,MESH:D013959,40
DB00763,MESH:D013964,40
DB00763,MESH:D013971,40
DB00763,MESH:D014657,40
DB00763,MESH:D015209,0
DB00763,MESH:D015431,40
DB00763,MESH:D016171,40
DB00763,MESH:D017093,40
DB00763,MESH:D017563,40
DB00763,MESH:D018476,40
DB00763,MESH:D018771,40
DB00763,MESH:D018908,40
DB00763,MESH:D019465,40
DB00763,MESH:D041781,40
DB00763,MESH:D047508,40
DB00763,MESH:D048550,40
DB00763,MESH:D051437,40
DB00763,MESH:D056486,40
DB00295,MESH:D000014,40
DB00295,MESH:D000307,0
DB00295,MESH:D000647,40
DB00295,MESH:D000707,40
DB00295,MESH:D000855,40
DB00295,MESH:D000860,40
DB00295,MESH:D001002,40
DB00295,MESH:D001145,40
DB00295,MESH:D001284,40
DB00295,MESH:D001416,40
DB00295,MESH:D001480,40
DB00295,MESH:D001714,40
DB00295,MESH:D001919,40
DB00295,MESH:D001927,40
DB00295,MESH:D002056,40
DB00295,MESH:D002311,40
DB00295,MESH:D002375,40
DB00295,MESH:D002534,23
DB00295,MESH:D002637,40
DB00295,MESH:D002769,40
DB00295,MESH:D002779,40
DB00295,MESH:D003072,40
DB00295,MESH:D003110,40
DB00295,MESH:D003128,40
DB00295,MESH:D003248,40
DB00295,MESH:D003327,40
DB00295,MESH:D003371,40
DB00295,MESH:D003866,40
DB00295,MESH:D003919,40
DB00295,MESH:D003967,40
DB00295,MESH:D004409,40
DB00295,MESH:D004417,40
DB00295,MESH:D004827,40
DB00295,MESH:D004830,40
DB00295,MESH:D004831,40
DB00295,MESH:D005076,40
DB00295,MESH:D005221,40
DB00295,MESH:D005334,40
DB00295,MESH:D005767,40
DB00295,MESH:D006212,40
DB00295,MESH:D006261,40
DB00295,MESH:D006331,40
DB00295,MESH:D006417,40
DB00295,MESH:D006429,40
DB00295,MESH:D006470,40
DB00295,MESH:D006501,40
DB00295,MESH:D006556,40
DB00295,MESH:D006869,40
DB00295,MESH:D006935,40
DB00295,MESH:D006940,40
DB00295,MESH:D006941,40
DB00295,MESH:D006948,40
DB00295,MESH:D006973,40
DB00295,MESH:D007006,40
DB00295,MESH:D007008,40
DB00295,MESH:D007018,40
DB00295,MESH:D007022,40
DB00295,MESH:D007024,40
DB00295,MESH:D007035,40
DB00295,MESH:D007674,40
DB00295,MESH:D007859,40
DB00295,MESH:D008305,40
DB00295,MESH:D008569,40
DB00295,MESH:D009021,40
DB00295,MESH:D009122,40
DB00295,MESH:D009123,40
DB00295,MESH:D009127,40
DB00295,MESH:D009128,40
DB00295,MESH:D009203,40
DB00295,MESH:D009293,40
DB00295,MESH:D009325,40
DB00295,MESH:D009336,40
DB00295,MESH:D009422,40
DB00295,MESH:D009436,40
DB00295,MESH:D009437,40
DB00295,MESH:D009846,40
DB00295,MESH:D010146,40
DB00295,MESH:D010148,40
DB00295,MESH:D010149,40
DB00295,MESH:D010243,40
DB00295,MESH:D010291,40
DB00295,MESH:D010523,40
DB00295,MESH:D010538,40
DB00295,MESH:D010554,40
DB00295,MESH:D011297,40
DB00295,MESH:D011537,40
DB00295,MESH:D011595,40
DB00295,MESH:D011596,40
DB00295,MESH:D011654,40
DB00295,MESH:D012021,40
DB00295,MESH:D012120,40
DB00295,MESH:D012206,40
DB00295,MESH:D012640,40
DB00295,MESH:D012769,40
DB00295,MESH:D012892,40
DB00295,MESH:D012893,40
DB00295,MESH:D013035,40
DB00295,MESH:D013064,40
DB00295,MESH:D013117,40
DB00295,MESH:D013118,40
DB00295,MESH:D013203,40
DB00295,MESH:D013226,40
DB00295,MESH:D013375,40
DB00295,MESH:D013610,40
DB00295,MESH:D013705,40
DB00295,MESH:D014474,40
DB00295,MESH:D014555,40
DB00295,MESH:D014786,40
DB00295,MESH:D014839,40
DB00295,MESH:D015428,40
DB00295,MESH:D015877,40
DB00295,MESH:D016055,40
DB00295,MESH:D017202,40
DB00295,MESH:D018450,40
DB00295,MESH:D018476,40
DB00295,MESH:D018487,40
DB00295,MESH:D019586,40
DB00295,MESH:D019966,40
DB00295,MESH:D020258,40
DB00295,MESH:D051437,40
DB00295,MESH:D052016,40
DB00295,MESH:D053608,40
DB00295,MESH:D053609,40
DB00295,MESH:D054537,40
DB00295,MESH:D055191,40
DB00295,MESH:D058186,40
DB00295,MESH:D062787,40
DB01783,MESH:D000014,40
DB01783,MESH:D001169,40
DB01783,MESH:D003924,40
DB01783,MESH:D009369,40
DB01783,MESH:D009436,40
DB01783,MESH:D049188,40
DB00819,MESH:D000471,39
DB00819,MESH:D000855,40
DB00819,MESH:D000860,40
DB00819,MESH:D001002,40
DB00819,MESH:D001049,40
DB00819,MESH:D001068,40
DB00819,MESH:D001259,40
DB00819,MESH:D001284,40
DB00819,MESH:D001744,33
DB00819,MESH:D001929,40
DB00819,MESH:D002524,40
DB00819,MESH:D002543,40
DB00819,MESH:D003875,40
DB00819,MESH:D003967,40
DB00819,MESH:D004827,40
DB00819,MESH:D005131,40
DB00819,MESH:D005221,40
DB00819,MESH:D005901,40
DB00819,MESH:D006259,0
DB00819,MESH:D006261,40
DB00819,MESH:D006345,40
DB00819,MESH:D006417,40
DB00819,MESH:D006849,40
DB00819,MESH:D006965,40
DB00819,MESH:D006984,40
DB00819,MESH:D006985,40
DB00819,MESH:D007008,40
DB00819,MESH:D007249,40
DB00819,MESH:D007669,40
DB00819,MESH:D008569,40
DB00819,MESH:D008881,40
DB00819,MESH:D009222,40
DB00819,MESH:D009224,40
DB00819,MESH:D009397,40
DB00819,MESH:D009461,40
DB00819,MESH:D009798,40
DB00819,MESH:D010292,40
DB00819,MESH:D011782,39
DB00819,MESH:D012393,40
DB00819,MESH:D012893,40
DB00819,MESH:D013262,40
DB00819,MESH:D014514,40
DB00819,MESH:D014517,7
DB00819,MESH:D014581,40
DB00819,MESH:D014839,40
DB00819,MESH:D015431,40
DB00819,MESH:D015746,40
DB00819,MESH:D015812,40
DB00819,MESH:D017202,40
DB00819,MESH:D018908,40
DB00819,MESH:D020190,40
DB00819,MESH:D020225,40
DB00819,MESH:D020514,40
DB00819,MESH:D020521,40
DB00819,MESH:D020967,40
DB00819,MESH:D029424,39
DB00819,MESH:D052878,40
DB00819,MESH:D053040,40
DB00819,MESH:D053565,40
DB00819,MESH:D053609,40
DB00819,MESH:D058186,40
DB00928,MESH:D000014,40
DB00928,MESH:D000141,40
DB00928,MESH:D000757,40
DB00928,MESH:D001724,40
DB00928,MESH:D001778,40
DB00928,MESH:D001855,40
DB00928,MESH:D003110,40
DB00928,MESH:D003967,40
DB00928,MESH:D004487,40
DB00928,MESH:D005313,8
DB00928,MESH:D005317,40
DB00928,MESH:D005327,40
DB00928,MESH:D006319,40
DB00928,MESH:D006528,40
DB00928,MESH:D006932,40
DB00928,MESH:D007024,40
DB00928,MESH:D007674,40
DB00928,MESH:D007938,40
DB00928,MESH:D007943,40
DB00928,MESH:D007951,40
DB00928,MESH:D008114,40
DB00928,MESH:D008175,40
DB00928,MESH:D008325,40
DB00928,MESH:D009101,40
DB00928,MESH:D009190,40
DB00928,MESH:D009374,40
DB00928,MESH:D009436,40
DB00928,MESH:D009468,40
DB00928,MESH:D011141,40
DB00928,MESH:D011230,36
DB00928,MESH:D011297,40
DB00928,MESH:D011471,40
DB00928,MESH:D012206,40
DB00928,MESH:D012513,40
DB00928,MESH:D012983,40
DB00928,MESH:D013736,40
DB00928,MESH:D015179,40
DB00928,MESH:D015431,40
DB00928,MESH:D015470,40
DB00928,MESH:D017674,0
DB00928,MESH:D018376,40
DB00928,MESH:D020964,40
DB00928,MESH:D049188,40
DB00928,MESH:D054429,40
DB00822,MESH:D000014,40
DB00822,MESH:D000140,40
DB00822,MESH:D000163,40
DB00822,MESH:D000435,40
DB00822,MESH:D000437,40
DB00822,MESH:D000855,40
DB00822,MESH:D001008,40
DB00822,MESH:D001259,40
DB00822,MESH:D001714,40
DB00822,MESH:D001745,40
DB00822,MESH:D001847,40
DB00822,MESH:D001851,40
DB00822,MESH:D001943,40
DB00822,MESH:D002177,0
DB00822,MESH:D002277,40
DB00822,MESH:D002289,40
DB00822,MESH:D002318,40
DB00822,MESH:D002349,40
DB00822,MESH:D002493,40
DB00822,MESH:D002524,40
DB00822,MESH:D002544,40
DB00822,MESH:D003072,40
DB00822,MESH:D003128,40
DB00822,MESH:D003645,40
DB00822,MESH:D003680,40
DB00822,MESH:D003866,40
DB00822,MESH:D003872,40
DB00822,MESH:D004401,40
DB00822,MESH:D004421,40
DB00822,MESH:D004802,40
DB00822,MESH:D004938,40
DB00822,MESH:D005076,40
DB00822,MESH:D005221,40
DB00822,MESH:D005334,40
DB00822,MESH:D005483,40
DB00822,MESH:D006212,40
DB00822,MESH:D006261,40
DB00822,MESH:D006331,40
DB00822,MESH:D006501,40
DB00822,MESH:D006505,40
DB00822,MESH:D006973,40
DB00822,MESH:D007035,40
DB00822,MESH:D007414,40
DB00822,MESH:D008325,40
DB00822,MESH:D008545,40
DB00822,MESH:D008654,40
DB00822,MESH:D009203,40
DB00822,MESH:D009325,40
DB00822,MESH:D009336,40
DB00822,MESH:D009361,40
DB00822,MESH:D009362,40
DB00822,MESH:D009369,40
DB00822,MESH:D009374,40
DB00822,MESH:D009395,40
DB00822,MESH:D009422,40
DB00822,MESH:D009669,40
DB00822,MESH:D009901,40
DB00822,MESH:D009902,40
DB00822,MESH:D010009,40
DB00822,MESH:D010051,40
DB00822,MESH:D010190,40
DB00822,MESH:D010259,40
DB00822,MESH:D010291,40
DB00822,MESH:D010292,40
DB00822,MESH:D010523,40
DB00822,MESH:D010554,40
DB00822,MESH:D011115,40
DB00822,MESH:D011471,40
DB00822,MESH:D011537,40
DB00822,MESH:D011605,40
DB00822,MESH:D011654,40
DB00822,MESH:D011782,37
DB00822,MESH:D012021,40
DB00822,MESH:D012131,40
DB00822,MESH:D012516,40
DB00822,MESH:D012871,40
DB00822,MESH:D013064,40
DB00822,MESH:D013375,40
DB00822,MESH:D013610,40
DB00822,MESH:D014786,40
DB00822,MESH:D014839,40
DB00822,MESH:D015451,40
DB00822,MESH:D017093,40
DB00822,MESH:D017114,40
DB00822,MESH:D017202,40
DB00822,MESH:D017449,40
DB00822,MESH:D017880,40
DB00822,MESH:D018476,40
DB00822,MESH:D018771,40
DB00822,MESH:D018798,40
DB00822,MESH:D019465,40
DB00822,MESH:D019964,40
DB00822,MESH:D019969,40
DB00822,MESH:D019970,40
DB00822,MESH:D020233,40
DB00822,MESH:D020258,40
DB00822,MESH:D020300,40
DB00822,MESH:D034141,40
DB00822,MESH:D053608,40
DB00822,MESH:D056486,40
DB00822,MESH:D063647,0
DB00563,MESH:D000014,40
DB00563,MESH:D000015,40
DB00563,MESH:D000077195,40
DB00563,MESH:D000230,40
DB00563,MESH:D000380,40
DB00563,MESH:D000505,40
DB00563,MESH:D000707,40
DB00563,MESH:D000740,40
DB00563,MESH:D000741,40
DB00563,MESH:D000743,40
DB00563,MESH:D000744,40
DB00563,MESH:D000749,40
DB00563,MESH:D000799,40
DB00563,MESH:D000855,40
DB00563,MESH:D001002,40
DB00563,MESH:D001169,40
DB00563,MESH:D001171,40
DB00563,MESH:D001201,40
DB00563,MESH:D001284,40
DB00563,MESH:D001327,40
DB00563,MESH:D001416,40
DB00563,MESH:D001749,40
DB00563,MESH:D001750,40
DB00563,MESH:D001768,40
DB00563,MESH:D001847,40
DB00563,MESH:D001848,40
DB00563,MESH:D001855,40
DB00563,MESH:D001859,40
DB00563,MESH:D001919,40
DB00563,MESH:D001927,40
DB00563,MESH:D001929,40
DB00563,MESH:D001932,40
DB00563,MESH:D002051,40
DB00563,MESH:D002114,40
DB00563,MESH:D002277,40
DB00563,MESH:D002280,40
DB00563,MESH:D002289,40
DB00563,MESH:D002294,40
DB00563,MESH:D002295,40
DB00563,MESH:D002305,40
DB00563,MESH:D002318,40
DB00563,MESH:D002357,40
DB00563,MESH:D002493,40
DB00563,MESH:D002526,40
DB00563,MESH:D002543,40
DB00563,MESH:D002544,40
DB00563,MESH:D002546,40
DB00563,MESH:D002583,40
DB00563,MESH:D002779,40
DB00563,MESH:D002813,40
DB00563,MESH:D002819,40
DB00563,MESH:D002972,40
DB00563,MESH:D003072,40
DB00563,MESH:D003092,40
DB00563,MESH:D003110,40
DB00563,MESH:D003117,40
DB00563,MESH:D003128,40
DB00563,MESH:D003248,40
DB00563,MESH:D003371,40
DB00563,MESH:D003424,40
DB00563,MESH:D003550,40
DB00563,MESH:D003556,40
DB00563,MESH:D003560,40
DB00563,MESH:D003680,40
DB00563,MESH:D003704,40
DB00563,MESH:D003711,40
DB00563,MESH:D003872,40
DB00563,MESH:D003875,40
DB00563,MESH:D003882,40
DB00563,MESH:D003930,40
DB00563,MESH:D003967,40
DB00563,MESH:D004195,40
DB00563,MESH:D004401,40
DB00563,MESH:D004487,40
DB00563,MESH:D004660,40
DB00563,MESH:D004751,40
DB00563,MESH:D004806,40
DB00563,MESH:D004833,40
DB00563,MESH:D004890,40
DB00563,MESH:D005134,40
DB00563,MESH:D005158,40
DB00563,MESH:D005221,40
DB00563,MESH:D005234,40
DB00563,MESH:D005313,40
DB00563,MESH:D005317,40
DB00563,MESH:D005334,40
DB00563,MESH:D005355,40
DB00563,MESH:D005706,40
DB00563,MESH:D005759,40
DB00563,MESH:D005767,40
DB00563,MESH:D005833,40
DB00563,MESH:D005910,40
DB00563,MESH:D005911,40
DB00563,MESH:D006086,40
DB00563,MESH:D006130,40
DB00563,MESH:D006258,40
DB00563,MESH:D006261,40
DB00563,MESH:D006333,40
DB00563,MESH:D006417,40
DB00563,MESH:D006429,40
DB00563,MESH:D006470,40
DB00563,MESH:D006471,40
DB00563,MESH:D006501,40
DB00563,MESH:D006504,40
DB00563,MESH:D006528,40
DB00563,MESH:D006529,40
DB00563,MESH:D006689,40
DB00563,MESH:D006932,40
DB00563,MESH:D006972,40
DB00563,MESH:D006973,40
DB00563,MESH:D006975,40
DB00563,MESH:D006983,40
DB00563,MESH:D007003,40
DB00563,MESH:D007022,40
DB00563,MESH:D007035,40
DB00563,MESH:D007039,40
DB00563,MESH:D007040,40
DB00563,MESH:D007172,40
DB00563,MESH:D007177,40
DB00563,MESH:D007249,40
DB00563,MESH:D007319,40
DB00563,MESH:D007410,40
DB00563,MESH:D007592,40
DB00563,MESH:D007674,40
DB00563,MESH:D007805,40
DB00563,MESH:D007859,40
DB00563,MESH:D007938,40
DB00563,MESH:D007945,40
DB00563,MESH:D007970,40
DB00563,MESH:D008103,40
DB00563,MESH:D008105,40
DB00563,MESH:D008106,40
DB00563,MESH:D008107,40
DB00563,MESH:D008113,40
DB00563,MESH:D008171,40
DB00563,MESH:D008175,40
DB00563,MESH:D008180,40
DB00563,MESH:D008228,40
DB00563,MESH:D008232,40
DB00563,MESH:D008527,40
DB00563,MESH:D008581,40
DB00563,MESH:D008607,40
DB00563,MESH:D009127,40
DB00563,MESH:D009128,40
DB00563,MESH:D009135,40
DB00563,MESH:D009202,40
DB00563,MESH:D009220,40
DB00563,MESH:D009298,40
DB00563,MESH:D009325,40
DB00563,MESH:D009336,40
DB00563,MESH:D009362,40
DB00563,MESH:D009364,40
DB00563,MESH:D009374,40
DB00563,MESH:D009381,40
DB00563,MESH:D009389,40
DB00563,MESH:D009410,40
DB00563,MESH:D009436,40
DB00563,MESH:D009461,40
DB00563,MESH:D009503,40
DB00563,MESH:D009901,40
DB00563,MESH:D010051,40
DB00563,MESH:D010198,40
DB00563,MESH:D010243,40
DB00563,MESH:D010291,40
DB00563,MESH:D010292,40
DB00563,MESH:D010302,40
DB00563,MESH:D010391,40
DB00563,MESH:D010490,40
DB00563,MESH:D010505,40
DB00563,MESH:D010523,40
DB00563,MESH:D010538,40
DB00563,MESH:D010916,40
DB00563,MESH:D010995,40
DB00563,MESH:D010998,40
DB00563,MESH:D011014,40
DB00563,MESH:D011115,40
DB00563,MESH:D011141,40
DB00563,MESH:D011248,40
DB00563,MESH:D011271,40
DB00563,MESH:D011471,40
DB00563,MESH:D011507,40
DB00563,MESH:D011537,40
DB00563,MESH:D011565,40
DB00563,MESH:D011654,40
DB00563,MESH:D011655,40
DB00563,MESH:D011782,40
DB00563,MESH:D012008,40
DB00563,MESH:D012021,40
DB00563,MESH:D012141,40
DB00563,MESH:D012208,40
DB00563,MESH:D012509,40
DB00563,MESH:D012516,40
DB00563,MESH:D012598,40
DB00563,MESH:D012678,40
DB00563,MESH:D012798,40
DB00563,MESH:D012871,40
DB00563,MESH:D012878,40
DB00563,MESH:D012893,40
DB00563,MESH:D012983,40
DB00563,MESH:D013064,40
DB00563,MESH:D013158,40
DB00563,MESH:D013163,40
DB00563,MESH:D013167,40
DB00563,MESH:D013226,40
DB00563,MESH:D013262,40
DB00563,MESH:D013274,40
DB00563,MESH:D013280,40
DB00563,MESH:D013471,40
DB00563,MESH:D013576,40
DB00563,MESH:D013585,40
DB00563,MESH:D013651,40
DB00563,MESH:D013899,40
DB00563,MESH:D013921,40
DB00563,MESH:D013927,40
DB00563,MESH:D014202,40
DB00563,MESH:D014474,40
DB00563,MESH:D014594,40
DB00563,MESH:D014605,40
DB00563,MESH:D014657,40
DB00563,MESH:D014786,40
DB00563,MESH:D014839,40
DB00563,MESH:D014890,40
DB00563,MESH:D015179,40
DB00563,MESH:D015431,40
DB00563,MESH:D015451,40
DB00563,MESH:D015452,40
DB00563,MESH:D015470,40
DB00563,MESH:D015535,40
DB00563,MESH:D016055,40
DB00563,MESH:D016142,40
DB00563,MESH:D016399,40
DB00563,MESH:D016403,40
DB00563,MESH:D016410,40
DB00563,MESH:D016472,40
DB00563,MESH:D016483,40
DB00563,MESH:D017093,40
DB00563,MESH:D017114,40
DB00563,MESH:D017202,40
DB00563,MESH:D017285,40
DB00563,MESH:D017445,40
DB00563,MESH:D017563,40
DB00563,MESH:D017728,40
DB00563,MESH:D017880,40
DB00563,MESH:D018270,40
DB00563,MESH:D018281,40
DB00563,MESH:D018325,40
DB00563,MESH:D018500,40
DB00563,MESH:D018771,40
DB00563,MESH:D018805,40
DB00563,MESH:D018879,40
DB00563,MESH:D018908,40
DB00563,MESH:D019046,40
DB00563,MESH:D019226,40
DB00563,MESH:D019465,40
DB00563,MESH:D019964,40
DB00563,MESH:D020138,40
DB00563,MESH:D020225,40
DB00563,MESH:D020233,40
DB00563,MESH:D020258,40
DB00563,MESH:D020521,40
DB00563,MESH:D022124,40
DB00563,MESH:D023341,40
DB00563,MESH:D029424,40
DB00563,MESH:D044882,39
DB00563,MESH:D048550,40
DB00563,MESH:D051437,40
DB00563,MESH:D053099,40
DB00563,MESH:D053609,40
DB00563,MESH:D054038,40
DB00563,MESH:D054198,40
DB00563,MESH:D054218,40
DB00563,MESH:D055370,40
DB00563,MESH:D055752,40
DB00563,MESH:D056486,40
DB00563,MESH:D056647,40
DB00563,MESH:D056784,40
DB00563,MESH:D058186,40
DB00563,MESH:D058226,40
DB00563,MESH:D058625,40
DB00563,MESH:D062787,40
DB00794,MESH:D000015,40
DB00794,MESH:D001714,40
DB00794,MESH:D001750,40
DB00794,MESH:D001851,40
DB00794,MESH:D001927,40
DB00794,MESH:D002972,40
DB00794,MESH:D003072,40
DB00794,MESH:D003294,40
DB00794,MESH:D003866,40
DB00794,MESH:D004409,40
DB00794,MESH:D004827,40
DB00794,MESH:D004830,40
DB00794,MESH:D004832,40
DB00794,MESH:D004833,40
DB00794,MESH:D005494,40
DB00794,MESH:D006053,40
DB00794,MESH:D006212,40
DB00794,MESH:D006330,40
DB00794,MESH:D006344,40
DB00794,MESH:D006345,40
DB00794,MESH:D006849,40
DB00794,MESH:D006972,40
DB00794,MESH:D008103,40
DB00794,MESH:D009205,40
DB00794,MESH:D009325,40
DB00794,MESH:D011297,40
DB00794,MESH:D011605,40
DB00794,MESH:D012640,40
DB00794,MESH:D013036,40
DB00794,MESH:D013064,40
DB00794,MESH:D013262,40
DB00794,MESH:D013375,40
DB00794,MESH:D013771,0
DB00794,MESH:D014202,40
DB00794,MESH:D014806,40
DB00794,MESH:D014839,40
DB00794,MESH:D017029,40
DB00794,MESH:D017094,40
DB00794,MESH:D017880,40
DB00794,MESH:D020194,40
DB00794,MESH:D020300,40
DB00794,MESH:D020329,40
DB00794,MESH:D022124,40
DB00794,MESH:D048550,40
DB00794,MESH:D053609,40
DB00794,MESH:D062787,40
DB14001,MESH:D000015,40
DB14001,MESH:D000755,40
DB14001,MESH:D001247,40
DB14001,MESH:D001284,40
DB14001,MESH:D002471,40
DB14001,MESH:D003072,40
DB14001,MESH:D003556,40
DB14001,MESH:D003924,40
DB14001,MESH:D004942,40
DB14001,MESH:D005334,40
DB14001,MESH:D005355,40
DB14001,MESH:D005767,40
DB14001,MESH:D005910,40
DB14001,MESH:D006261,40
DB14001,MESH:D006461,40
DB14001,MESH:D006948,40
DB14001,MESH:D006949,39
DB14001,MESH:D006965,40
DB14001,MESH:D006973,40
DB14001,MESH:D007003,40
DB14001,MESH:D007511,40
DB14001,MESH:D007674,40
DB14001,MESH:D008113,40
DB14001,MESH:D009135,40
DB14001,MESH:D009139,40
DB14001,MESH:D009203,40
DB14001,MESH:D009325,40
DB14001,MESH:D009336,40
DB14001,MESH:D009362,40
DB14001,MESH:D009374,40
DB14001,MESH:D009410,40
DB14001,MESH:D009422,40
DB14001,MESH:D009436,40
DB14001,MESH:D009845,40
DB14001,MESH:D010014,40
DB14001,MESH:D010049,40
DB14001,MESH:D010490,40
DB14001,MESH:D011230,40
DB14001,MESH:D011561,40
DB14001,MESH:D011657,34
DB14001,MESH:D011832,40
DB14001,MESH:D012130,40
DB14001,MESH:D012174,40
DB14001,MESH:D012640,40
DB14001,MESH:D013733,40
DB14001,MESH:D014029,40
DB14001,MESH:D014591,40
DB14001,MESH:D015427,40
DB14001,MESH:D015430,40
DB14001,MESH:D015473,40
DB14001,MESH:D015746,40
DB14001,MESH:D017496,40
DB14001,MESH:D018450,40
DB14001,MESH:D019457,40
DB14001,MESH:D056486,40
DB14001,MESH:D058186,40
DB00586,MESH:D000015,40
DB00586,MESH:D000647,40
DB00586,MESH:D000707,40
DB00586,MESH:D000741,40
DB00586,MESH:D000743,40
DB00586,MESH:D000744,40
DB00586,MESH:D000787,40
DB00586,MESH:D000855,40
DB00586,MESH:D001002,40
DB00586,MESH:D001168,40
DB00586,MESH:D001169,40
DB00586,MESH:D001172,40
DB00586,MESH:D001201,40
DB00586,MESH:D001424,40
DB00586,MESH:D001768,40
DB00586,MESH:D002289,40
DB00586,MESH:D002318,40
DB00586,MESH:D002637,40
DB00586,MESH:D002779,40
DB00586,MESH:D003248,40
DB00586,MESH:D003329,40
DB00586,MESH:D003711,40
DB00586,MESH:D003875,40
DB00586,MESH:D003967,40
DB00586,MESH:D004401,40
DB00586,MESH:D004412,40
DB00586,MESH:D004417,40
DB00586,MESH:D004487,40
DB00586,MESH:D004830,40
DB00586,MESH:D004831,40
DB00586,MESH:D004935,40
DB00586,MESH:D005076,40
DB00586,MESH:D005131,40
DB00586,MESH:D005334,40
DB00586,MESH:D005767,40
DB00586,MESH:D005902,4
DB00586,MESH:D005921,40
DB00586,MESH:D006073,40
DB00586,MESH:D006261,40
DB00586,MESH:D006333,40
DB00586,MESH:D006461,40
DB00586,MESH:D006471,40
DB00586,MESH:D006501,40
DB00586,MESH:D006521,40
DB00586,MESH:D006529,40
DB00586,MESH:D006930,40
DB00586,MESH:D006947,40
DB00586,MESH:D006973,40
DB00586,MESH:D007035,40
DB00586,MESH:D007177,40
DB00586,MESH:D007249,40
DB00586,MESH:D007410,40
DB00586,MESH:D008103,40
DB00586,MESH:D008180,40
DB00586,MESH:D008582,40
DB00586,MESH:D009202,40
DB00586,MESH:D009203,40
DB00586,MESH:D009212,40
DB00586,MESH:D009325,40
DB00586,MESH:D009393,40
DB00586,MESH:D009395,40
DB00586,MESH:D009404,40
DB00586,MESH:D009421,40
DB00586,MESH:D009422,40
DB00586,MESH:D009447,40
DB00586,MESH:D009798,40
DB00586,MESH:D010003,40
DB00586,MESH:D010146,40
DB00586,MESH:D010149,40
DB00586,MESH:D010437,40
DB00586,MESH:D011297,40
DB00586,MESH:D011507,40
DB00586,MESH:D011537,40
DB00586,MESH:D011695,40
DB00586,MESH:D011782,40
DB00586,MESH:D012206,40
DB00586,MESH:D012640,40
DB00586,MESH:D012769,40
DB00586,MESH:D012871,40
DB00586,MESH:D013167,40
DB00586,MESH:D013272,40
DB00586,MESH:D013276,40
DB00586,MESH:D013921,40
DB00586,MESH:D013923,40
DB00586,MESH:D013927,40
DB00586,MESH:D014456,40
DB00586,MESH:D014474,40
DB00586,MESH:D014555,40
DB00586,MESH:D014581,40
DB00586,MESH:D015210,40
DB00586,MESH:D015431,40
DB00586,MESH:D015535,40
DB00586,MESH:D015746,40
DB00586,MESH:D018798,40
DB00586,MESH:D019969,40
DB00586,MESH:D020246,40
DB00586,MESH:D020521,40
DB00586,MESH:D048550,40
DB00586,MESH:D049188,40
DB00586,MESH:D051437,40
DB00586,MESH:D053099,40
DB00586,MESH:D055665,40
DB00586,MESH:D057049,40
DB01097,MESH:D000015,0
DB01097,MESH:D001169,25
DB01097,MESH:D001172,40
DB01097,MESH:D001848,0
DB01097,MESH:D002972,40
DB01097,MESH:D004892,40
DB01097,MESH:D005234,40
DB01097,MESH:D006345,40
DB01097,MESH:D006417,40
DB01097,MESH:D006973,40
DB01097,MESH:D007970,40
DB01097,MESH:D009395,40
DB01097,MESH:D009436,40
DB01097,MESH:D010198,40
DB01097,MESH:D011115,40
DB01097,MESH:D011658,0
DB01097,MESH:D013262,40
DB01097,MESH:D013625,40
DB01097,MESH:D014339,0
DB01097,MESH:D014657,40
DB01097,MESH:D014890,40
DB01097,MESH:D017093,40
DB01097,MESH:D017880,40
DB01097,MESH:D019465,40
DB01097,MESH:D056486,40
DB00480,MESH:D000015,0
DB00480,MESH:D000690,40
DB00480,MESH:D000740,40
DB00480,MESH:D000741,26
DB00480,MESH:D002637,40
DB00480,MESH:D005221,40
DB00480,MESH:D005767,40
DB00480,MESH:D008228,30
DB00480,MESH:D008231,40
DB00480,MESH:D009437,0
DB00480,MESH:D009503,40
DB00480,MESH:D011471,40
DB00480,MESH:D011655,40
DB00480,MESH:D013262,40
DB00480,MESH:D013921,40
DB00480,MESH:D013923,40
DB00480,MESH:D013927,40
DB00480,MESH:D017114,40
DB00480,MESH:D020246,40
DB00480,MESH:D053099,40
DB00480,MESH:D056486,40
DB00514,MESH:D000015,40
DB00514,MESH:D001249,40
DB00514,MESH:D001259,40
DB00514,MESH:D001289,40
DB00514,MESH:D001714,40
DB00514,MESH:D001919,40
DB00514,MESH:D002779,40
DB00514,MESH:D003072,40
DB00514,MESH:D003967,40
DB00514,MESH:D004409,40
DB00514,MESH:D004421,40
DB00514,MESH:D006212,40
DB00514,MESH:D006261,40
DB00514,MESH:D006930,40
DB00514,MESH:D007319,40
DB00514,MESH:D009103,40
DB00514,MESH:D009422,40
DB00514,MESH:D010146,40
DB00514,MESH:D010259,40
DB00514,MESH:D011605,40
DB00514,MESH:D011618,40
DB00514,MESH:D012128,40
DB00514,MESH:D012148,40
DB00514,MESH:D012640,40
DB00514,MESH:D012893,40
DB00514,MESH:D013064,40
DB00514,MESH:D013375,40
DB00514,MESH:D014786,40
DB00514,MESH:D014806,40
DB00514,MESH:D014839,40
DB00514,MESH:D015427,40
DB00514,MESH:D019954,40
DB00514,MESH:D019964,40
DB00514,MESH:D019966,40
DB00514,MESH:D020158,40
DB00514,MESH:D020964,40
DB00514,MESH:D053609,40
DB00514,MESH:D056486,40
DB00619,MESH:D000015,40
DB00619,MESH:D000022,40
DB00619,MESH:D000740,40
DB00619,MESH:D001752,40
DB00619,MESH:D001859,40
DB00619,MESH:D001943,40
DB00619,MESH:D003967,40
DB00619,MESH:D004487,40
DB00619,MESH:D004802,40
DB00619,MESH:D005076,40
DB00619,MESH:D005770,40
DB00619,MESH:D005910,40
DB00619,MESH:D005921,40
DB00619,MESH:D006319,40
DB00619,MESH:D006331,40
DB00619,MESH:D006333,40
DB00619,MESH:D006505,40
DB00619,MESH:D006996,40
DB00619,MESH:D007938,40
DB00619,MESH:D007942,40
DB00619,MESH:D008064,40
DB00619,MESH:D008103,40
DB00619,MESH:D008106,40
DB00619,MESH:D008107,40
DB00619,MESH:D008133,40
DB00619,MESH:D008175,40
DB00619,MESH:D008654,40
DB00619,MESH:D009137,40
DB00619,MESH:D009325,40
DB00619,MESH:D009336,40
DB00619,MESH:D009362,40
DB00619,MESH:D009369,40
DB00619,MESH:D009376,25
DB00619,MESH:D010014,40
DB00619,MESH:D010022,40
DB00619,MESH:D010523,40
DB00619,MESH:D011471,40
DB00619,MESH:D011658,40
DB00619,MESH:D012008,40
DB00619,MESH:D013274,40
DB00619,MESH:D013920,40
DB00619,MESH:D014657,40
DB00619,MESH:D014839,40
DB00619,MESH:D015464,40
DB00619,MESH:D017114,40
DB00619,MESH:D017379,40
DB00619,MESH:D017512,40
DB00619,MESH:D017674,40
DB00619,MESH:D017681,40
DB00619,MESH:D018241,40
DB00619,MESH:D018487,40
DB00619,MESH:D019693,0
DB00619,MESH:D020520,40
DB00619,MESH:D046152,40
DB00619,MESH:D051437,40
DB00619,MESH:D054198,40
DB00619,MESH:D056486,40
DB00619,MESH:D058186,40
DB00619,MESH:D065630,0
DB00459,MESH:D002294,40
DB00459,MESH:D002779,40
DB00459,MESH:D004487,40
DB00459,MESH:D005355,40
DB00459,MESH:D006330,40
DB00459,MESH:D006949,40
DB00459,MESH:D008103,40
DB00459,MESH:D008831,40
DB00459,MESH:D010214,40
DB00459,MESH:D010523,40
DB00459,MESH:D011537,40
DB00459,MESH:D011565,40
DB00459,MESH:D012878,40
DB00459,MESH:D013927,40
DB00459,MESH:D015535,0
DB00459,MESH:D017880,33
DB00459,MESH:D020520,40
DB00459,MESH:D034381,40
DB00459,MESH:D056486,40
DB09131,MESH:D000015,40
DB09131,MESH:D000544,40
DB09131,MESH:D001259,40
DB09131,MESH:D003072,40
DB09131,MESH:D006527,40
DB09131,MESH:D008659,40
DB09131,MESH:D009421,40
DB09131,MESH:D010243,40
DB09131,MESH:D010859,0
DB09131,MESH:D012640,40
DB09131,MESH:D014202,40
DB09131,MESH:D017496,40
DB09131,MESH:D019954,40
DB09131,MESH:D048629,40
DB09131,MESH:D056486,40
DB00834,MESH:D000544,40
DB00834,MESH:D000787,40
DB00834,MESH:D001919,40
DB00834,MESH:D002277,40
DB00834,MESH:D003480,0
DB00834,MESH:D005158,40
DB00834,MESH:D005234,40
DB00834,MESH:D005313,40
DB00834,MESH:D006323,40
DB00834,MESH:D006470,40
DB00834,MESH:D006966,40
DB00834,MESH:D006973,40
DB00834,MESH:D007008,40
DB00834,MESH:D007247,40
DB00834,MESH:D007249,40
DB00834,MESH:D008231,40
DB00834,MESH:D008325,40
DB00834,MESH:D009123,40
DB00834,MESH:D010049,40
DB00834,MESH:D010051,40
DB00834,MESH:D010900,40
DB00834,MESH:D012640,40
DB00834,MESH:D013375,40
DB00834,MESH:D014474,40
DB00834,MESH:D014693,40
DB00834,MESH:D015431,40
DB00834,MESH:D019636,40
DB00834,MESH:D019970,40
DB00834,MESH:D020244,40
DB00834,MESH:D020964,40
DB00834,MESH:D055371,40
DB00834,MESH:D056486,40
DB00917,MESH:D000022,40
DB00917,MESH:D001014,40
DB00917,MESH:D001145,40
DB00917,MESH:D001169,40
DB00917,MESH:D001172,40
DB00917,MESH:D001477,40
DB00917,MESH:D001919,40
DB00917,MESH:D001930,40
DB00917,MESH:D001943,40
DB00917,MESH:D002277,40
DB00917,MESH:D002375,40
DB00917,MESH:D002471,40
DB00917,MESH:D003229,40
DB00917,MESH:D003329,40
DB00917,MESH:D003371,40
DB00917,MESH:D003556,40
DB00917,MESH:D003866,40
DB00917,MESH:D004211,40
DB00917,MESH:D004409,40
DB00917,MESH:D004417,40
DB00917,MESH:D004487,40
DB00917,MESH:D004890,40
DB00917,MESH:D004938,30
DB00917,MESH:D005119,0
DB00917,MESH:D005198,40
DB00917,MESH:D005334,40
DB00917,MESH:D006261,40
DB00917,MESH:D006417,40
DB00917,MESH:D006470,40
DB00917,MESH:D006869,40
DB00917,MESH:D006930,40
DB00917,MESH:D006973,40
DB00917,MESH:D007022,40
DB00917,MESH:D007105,0
DB00917,MESH:D007153,0
DB00917,MESH:D007172,40
DB00917,MESH:D007249,40
DB00917,MESH:D007410,40
DB00917,MESH:D007674,40
DB00917,MESH:D008106,40
DB00917,MESH:D009101,36
DB00917,MESH:D009122,40
DB00917,MESH:D009135,40
DB00917,MESH:D009325,40
DB00917,MESH:D009336,40
DB00917,MESH:D009404,40
DB00917,MESH:D010146,40
DB00917,MESH:D010149,40
DB00917,MESH:D010190,40
DB00917,MESH:D010195,40
DB00917,MESH:D010998,40
DB00917,MESH:D012509,40
DB00917,MESH:D013276,40
DB00917,MESH:D013610,40
DB00917,MESH:D013921,40
DB00917,MESH:D013927,40
DB00917,MESH:D014517,40
DB00917,MESH:D014839,40
DB00917,MESH:D015179,40
DB00917,MESH:D015427,40
DB00917,MESH:D016055,40
DB00917,MESH:D016535,40
DB00917,MESH:D017544,0
DB00917,MESH:D018500,40
DB00917,MESH:D019956,40
DB00917,MESH:D050197,40
DB00917,MESH:D053201,40
DB00917,MESH:D054990,40
DB00331,MESH:D000022,40
DB00331,MESH:D000140,40
DB00331,MESH:D000686,40
DB00331,MESH:D000743,40
DB00331,MESH:D000749,40
DB00331,MESH:D000855,40
DB00331,MESH:D001002,40
DB00331,MESH:D001766,40
DB00331,MESH:D002277,40
DB00331,MESH:D002318,40
DB00331,MESH:D002779,40
DB00331,MESH:D002780,40
DB00331,MESH:D003110,40
DB00331,MESH:D003920,40
DB00331,MESH:D003924,40
DB00331,MESH:D003925,40
DB00331,MESH:D003928,40
DB00331,MESH:D003967,40
DB00331,MESH:D004409,40
DB00331,MESH:D005221,40
DB00331,MESH:D005234,40
DB00331,MESH:D006331,40
DB00331,MESH:D006505,40
DB00331,MESH:D006529,40
DB00331,MESH:D006932,40
DB00331,MESH:D006937,40
DB00331,MESH:D006943,40
DB00331,MESH:D006946,40
DB00331,MESH:D006947,40
DB00331,MESH:D006949,40
DB00331,MESH:D006973,40
DB00331,MESH:D007022,40
DB00331,MESH:D007035,40
DB00331,MESH:D007333,40
DB00331,MESH:D007859,40
DB00331,MESH:D008107,40
DB00331,MESH:D008175,40
DB00331,MESH:D008569,40
DB00331,MESH:D008659,40
DB00331,MESH:D009135,40
DB00331,MESH:D009220,40
DB00331,MESH:D009369,40
DB00331,MESH:D009400,40
DB00331,MESH:D009765,40
DB00331,MESH:D010195,40
DB00331,MESH:D010523,40
DB00331,MESH:D011225,40
DB00331,MESH:D011297,40
DB00331,MESH:D011470,40
DB00331,MESH:D011654,40
DB00331,MESH:D012640,40
DB00331,MESH:D013610,40
DB00331,MESH:D014786,40
DB00331,MESH:D014839,40
DB00331,MESH:D015228,40
DB00331,MESH:D015430,40
DB00331,MESH:D015431,40
DB00331,MESH:D015746,40
DB00331,MESH:D016640,40
DB00331,MESH:D017114,40
DB00331,MESH:D017588,40
DB00331,MESH:D018149,40
DB00331,MESH:D019457,5
DB00331,MESH:D020521,40
DB00331,MESH:D024821,40
DB00331,MESH:D041781,40
DB00331,MESH:D048909,40
DB00331,MESH:D050171,40
DB00331,MESH:D050723,40
DB00331,MESH:D051437,40
DB00331,MESH:D056486,40
DB00331,MESH:D056769,20
DB00331,MESH:D058186,40
DB00331,MESH:D062787,40
DB00787,MESH:D000022,40
DB00787,MESH:D000163,40
DB00787,MESH:D000741,40
DB00787,MESH:D001259,40
DB00787,MESH:D001424,40
DB00787,MESH:D001714,40
DB00787,MESH:D002819,40
DB00787,MESH:D003128,40
DB00787,MESH:D003586,40
DB00787,MESH:D003866,40
DB00787,MESH:D004401,40
DB00787,MESH:D004660,40
DB00787,MESH:D004830,40
DB00787,MESH:D004831,40
DB00787,MESH:D005221,40
DB00787,MESH:D006212,40
DB00787,MESH:D006509,40
DB00787,MESH:D006561,40
DB00787,MESH:D006566,40
DB00787,MESH:D007676,40
DB00787,MESH:D007970,40
DB00787,MESH:D008590,40
DB00787,MESH:D009336,40
DB00787,MESH:D009395,40
DB00787,MESH:D009436,40
DB00787,MESH:D009461,40
DB00787,MESH:D010259,40
DB00787,MESH:D011141,40
DB00787,MESH:D011595,40
DB00787,MESH:D012640,40
DB00787,MESH:D014202,40
DB00787,MESH:D014839,40
DB00787,MESH:D017088,40
DB00787,MESH:D017674,40
DB00787,MESH:D018792,40
DB00787,MESH:D019954,40
DB00787,MESH:D020803,40
DB00787,MESH:D052878,40
DB00787,MESH:D053608,40
DB00787,MESH:D053609,40
DB00787,MESH:D054038,40
DB00787,MESH:D056784,40
DB00203,MESH:D000026,40
DB00203,MESH:D000648,40
DB00203,MESH:D001281,40
DB00203,MESH:D001651,40
DB00203,MESH:D002543,40
DB00203,MESH:D002637,40
DB00203,MESH:D003328,40
DB00203,MESH:D003550,40
DB00203,MESH:D006261,40
DB00203,MESH:D006332,40
DB00203,MESH:D006529,40
DB00203,MESH:D006943,40
DB00203,MESH:D006946,40
DB00203,MESH:D006973,40
DB00203,MESH:D006976,40
DB00203,MESH:D007022,40
DB00203,MESH:D007172,40
DB00203,MESH:D007674,40
DB00203,MESH:D008881,40
DB00203,MESH:D009135,40
DB00203,MESH:D009202,40
DB00203,MESH:D009203,40
DB00203,MESH:D009325,40
DB00203,MESH:D009336,40
DB00203,MESH:D010146,40
DB00203,MESH:D011014,40
DB00203,MESH:D011183,40
DB00203,MESH:D011471,40
DB00203,MESH:D012170,40
DB00203,MESH:D012640,40
DB00203,MESH:D012877,40
DB00203,MESH:D013272,40
DB00203,MESH:D013375,40
DB00203,MESH:D013610,40
DB00203,MESH:D015228,40
DB00203,MESH:D015428,40
DB00203,MESH:D015431,40
DB00203,MESH:D015508,40
DB00203,MESH:D015746,40
DB00203,MESH:D017202,40
DB00203,MESH:D018487,40
DB00203,MESH:D018917,40
DB00203,MESH:D020018,40
DB00203,MESH:D020244,40
DB00203,MESH:D020345,40
DB00203,MESH:D020521,40
DB00203,MESH:D023921,40
DB00203,MESH:D048550,40
DB00203,MESH:D065630,40
DB02709,MESH:D000067877,40
DB02709,MESH:D000068079,40
DB02709,MESH:D000077192,40
DB02709,MESH:D000077195,40
DB02709,MESH:D000077274,40
DB02709,MESH:D000236,40
DB02709,MESH:D000303,40
DB02709,MESH:D000419,40
DB02709,MESH:D000544,40
DB02709,MESH:D000690,40
DB02709,MESH:D000707,40
DB02709,MESH:D000740,40
DB02709,MESH:D000853,40
DB02709,MESH:D000860,40
DB02709,MESH:D001169,40
DB02709,MESH:D001172,40
DB02709,MESH:D001249,40
DB02709,MESH:D001862,40
DB02709,MESH:D001919,40
DB02709,MESH:D001929,40
DB02709,MESH:D001930,40
DB02709,MESH:D001943,40
DB02709,MESH:D002277,40
DB02709,MESH:D002289,40
DB02709,MESH:D002292,40
DB02709,MESH:D002311,40
DB02709,MESH:D002312,40
DB02709,MESH:D002318,40
DB02709,MESH:D002375,40
DB02709,MESH:D002471,40
DB02709,MESH:D002544,40
DB02709,MESH:D002545,40
DB02709,MESH:D002546,40
DB02709,MESH:D002583,40
DB02709,MESH:D002779,40
DB02709,MESH:D003072,40
DB02709,MESH:D003092,40
DB02709,MESH:D003093,40
DB02709,MESH:D003110,40
DB02709,MESH:D003111,40
DB02709,MESH:D003324,40
DB02709,MESH:D003866,40
DB02709,MESH:D003920,40
DB02709,MESH:D003921,40
DB02709,MESH:D003922,40
DB02709,MESH:D003924,40
DB02709,MESH:D003925,40
DB02709,MESH:D003929,40
DB02709,MESH:D003930,40
DB02709,MESH:D004195,40
DB02709,MESH:D004487,40
DB02709,MESH:D004489,40
DB02709,MESH:D004681,40
DB02709,MESH:D004715,40
DB02709,MESH:D004719,40
DB02709,MESH:D004769,40
DB02709,MESH:D004890,40
DB02709,MESH:D004938,40
DB02709,MESH:D005199,40
DB02709,MESH:D005221,40
DB02709,MESH:D005234,40
DB02709,MESH:D005317,40
DB02709,MESH:D005355,40
DB02709,MESH:D005512,40
DB02709,MESH:D005621,40
DB02709,MESH:D005909,40
DB02709,MESH:D005922,40
DB02709,MESH:D006042,40
DB02709,MESH:D006258,40
DB02709,MESH:D006317,40
DB02709,MESH:D006331,40
DB02709,MESH:D006332,40
DB02709,MESH:D006333,40
DB02709,MESH:D006470,40
DB02709,MESH:D006505,40
DB02709,MESH:D006528,40
DB02709,MESH:D006529,40
DB02709,MESH:D006561,40
DB02709,MESH:D006816,40
DB02709,MESH:D006930,40
DB02709,MESH:D006943,40
DB02709,MESH:D006946,40
DB02709,MESH:D006948,40
DB02709,MESH:D006949,40
DB02709,MESH:D006967,40
DB02709,MESH:D006973,40
DB02709,MESH:D006976,40
DB02709,MESH:D006984,40
DB02709,MESH:D007010,40
DB02709,MESH:D007172,40
DB02709,MESH:D007247,40
DB02709,MESH:D007249,40
DB02709,MESH:D007251,40
DB02709,MESH:D007410,40
DB02709,MESH:D007511,40
DB02709,MESH:D007627,40
DB02709,MESH:D007669,40
DB02709,MESH:D007905,40
DB02709,MESH:D007948,40
DB02709,MESH:D008106,40
DB02709,MESH:D008107,40
DB02709,MESH:D008113,40
DB02709,MESH:D008114,40
DB02709,MESH:D008171,40
DB02709,MESH:D008232,40
DB02709,MESH:D008258,40
DB02709,MESH:D008268,40
DB02709,MESH:D008325,40
DB02709,MESH:D008545,40
DB02709,MESH:D008546,40
DB02709,MESH:D008569,40
DB02709,MESH:D008659,40
DB02709,MESH:D009069,40
DB02709,MESH:D009101,40
DB02709,MESH:D009133,40
DB02709,MESH:D009134,36
DB02709,MESH:D009202,40
DB02709,MESH:D009205,40
DB02709,MESH:D009293,40
DB02709,MESH:D009336,40
DB02709,MESH:D009361,40
DB02709,MESH:D009362,40
DB02709,MESH:D009369,40
DB02709,MESH:D009389,40
DB02709,MESH:D009410,40
DB02709,MESH:D009436,40
DB02709,MESH:D009765,40
DB02709,MESH:D009845,40
DB02709,MESH:D010003,40
DB02709,MESH:D010024,40
DB02709,MESH:D010051,40
DB02709,MESH:D010190,40
DB02709,MESH:D010195,40
DB02709,MESH:D010302,40
DB02709,MESH:D010538,40
DB02709,MESH:D011085,40
DB02709,MESH:D011125,40
DB02709,MESH:D011225,40
DB02709,MESH:D011230,40
DB02709,MESH:D011371,40
DB02709,MESH:D011471,40
DB02709,MESH:D011507,40
DB02709,MESH:D011654,40
DB02709,MESH:D011658,40
DB02709,MESH:D012140,40
DB02709,MESH:D012163,40
DB02709,MESH:D012164,40
DB02709,MESH:D012595,40
DB02709,MESH:D012600,40
DB02709,MESH:D012640,40
DB02709,MESH:D012751,40
DB02709,MESH:D012771,40
DB02709,MESH:D012878,40
DB02709,MESH:D013163,40
DB02709,MESH:D013272,40
DB02709,MESH:D013733,40
DB02709,MESH:D014062,40
DB02709,MESH:D014277,40
DB02709,MESH:D014594,40
DB02709,MESH:D014652,40
DB02709,MESH:D014855,40
DB02709,MESH:D014898,40
DB02709,MESH:D014947,40
DB02709,MESH:D015179,40
DB02709,MESH:D015266,40
DB02709,MESH:D015427,40
DB02709,MESH:D015430,40
DB02709,MESH:D015431,40
DB02709,MESH:D015452,40
DB02709,MESH:D015458,40
DB02709,MESH:D015459,40
DB02709,MESH:D015464,40
DB02709,MESH:D015470,40
DB02709,MESH:D015473,40
DB02709,MESH:D015658,40
DB02709,MESH:D015663,40
DB02709,MESH:D015674,40
DB02709,MESH:D015861,40
DB02709,MESH:D016301,40
DB02709,MESH:D016393,40
DB02709,MESH:D016769,40
DB02709,MESH:D017086,40
DB02709,MESH:D017380,40
DB02709,MESH:D017544,40
DB02709,MESH:D018357,40
DB02709,MESH:D018450,40
DB02709,MESH:D018487,40
DB02709,MESH:D018497,40
DB02709,MESH:D018754,40
DB02709,MESH:D018805,40
DB02709,MESH:D018908,40
DB02709,MESH:D019283,40
DB02709,MESH:D019446,40
DB02709,MESH:D019457,40
DB02709,MESH:D019588,40
DB02709,MESH:D019636,40
DB02709,MESH:D019966,40
DB02709,MESH:D020078,40
DB02709,MESH:D020138,40
DB02709,MESH:D020256,40
DB02709,MESH:D020258,40
DB02709,MESH:D020261,40
DB02709,MESH:D020301,40
DB02709,MESH:D020345,40
DB02709,MESH:D020370,40
DB02709,MESH:D020388,40
DB02709,MESH:D020520,40
DB02709,MESH:D020521,40
DB02709,MESH:D020734,40
DB02709,MESH:D020964,40
DB02709,MESH:D021081,40
DB02709,MESH:D028361,40
DB02709,MESH:D029424,40
DB02709,MESH:D033461,40
DB02709,MESH:D034381,40
DB02709,MESH:D044584,40
DB02709,MESH:D048550,40
DB02709,MESH:D048909,40
DB02709,MESH:D050171,40
DB02709,MESH:D050197,40
DB02709,MESH:D053627,40
DB02709,MESH:D054144,40
DB02709,MESH:D055371,40
DB02709,MESH:D055959,40
DB02709,MESH:D056486,40
DB02709,MESH:D058065,40
DB02709,MESH:D058426,40
DB02709,MESH:D058739,40
DB02709,MESH:D065626,40
DB02709,MESH:D066126,40
DB01593,MESH:D000067877,40
DB01593,MESH:D000077277,40
DB01593,MESH:D000169,40
DB01593,MESH:D000505,40
DB01593,MESH:D000544,40
DB01593,MESH:D000855,40
DB01593,MESH:D000857,23
DB01593,MESH:D001249,40
DB01593,MESH:D001651,40
DB01593,MESH:D001847,40
DB01593,MESH:D001930,40
DB01593,MESH:D001943,40
DB01593,MESH:D002294,40
DB01593,MESH:D002318,40
DB01593,MESH:D003643,40
DB01593,MESH:D003865,40
DB01593,MESH:D003967,40
DB01593,MESH:D004198,40
DB01593,MESH:D004487,40
DB01593,MESH:D004938,40
DB01593,MESH:D005128,40
DB01593,MESH:D005334,40
DB01593,MESH:D005767,40
DB01593,MESH:D005910,40
DB01593,MESH:D006130,40
DB01593,MESH:D006212,40
DB01593,MESH:D006330,40
DB01593,MESH:D006331,40
DB01593,MESH:D006333,40
DB01593,MESH:D006335,40
DB01593,MESH:D006501,40
DB01593,MESH:D006529,40
DB01593,MESH:D006949,40
DB01593,MESH:D006965,40
DB01593,MESH:D006975,40
DB01593,MESH:D007022,40
DB01593,MESH:D007154,40
DB01593,MESH:D007511,40
DB01593,MESH:D007674,40
DB01593,MESH:D007676,40
DB01593,MESH:D007938,40
DB01593,MESH:D008106,40
DB01593,MESH:D008107,40
DB01593,MESH:D008325,40
DB01593,MESH:D008545,40
DB01593,MESH:D009101,40
DB01593,MESH:D009202,40
DB01593,MESH:D009203,40
DB01593,MESH:D009336,40
DB01593,MESH:D009369,40
DB01593,MESH:D009410,40
DB01593,MESH:D009422,40
DB01593,MESH:D009436,40
DB01593,MESH:D010051,40
DB01593,MESH:D010259,40
DB01593,MESH:D010300,40
DB01593,MESH:D010523,40
DB01593,MESH:D011014,40
DB01593,MESH:D011085,40
DB01593,MESH:D011225,40
DB01593,MESH:D011297,40
DB01593,MESH:D011471,40
DB01593,MESH:D011488,40
DB01593,MESH:D011507,40
DB01593,MESH:D012162,40
DB01593,MESH:D012608,40
DB01593,MESH:D012640,40
DB01593,MESH:D012883,8
DB01593,MESH:D013276,40
DB01593,MESH:D013733,40
DB01593,MESH:D014062,40
DB01593,MESH:D016481,40
DB01593,MESH:D018450,40
DB01593,MESH:D019465,40
DB01593,MESH:D024821,40
DB01593,MESH:D049188,40
DB01593,MESH:D050197,40
DB01593,MESH:D054058,40
DB01593,MESH:D056486,40
DB01593,MESH:D058065,40
DB01593,MESH:D058186,40
DB01593,MESH:D066088,0
DB01593,MESH:D066126,40
DB00624,MESH:D000067877,0
DB00624,MESH:D000230,40
DB00624,MESH:D000787,40
DB00624,MESH:D000987,40
DB00624,MESH:D001008,40
DB00624,MESH:D001724,40
DB00624,MESH:D001943,40
DB00624,MESH:D002056,40
DB00624,MESH:D002318,40
DB00624,MESH:D002545,40
DB00624,MESH:D002561,40
DB00624,MESH:D003456,40
DB00624,MESH:D003865,40
DB00624,MESH:D003866,40
DB00624,MESH:D004409,40
DB00624,MESH:D004831,40
DB00624,MESH:D005221,40
DB00624,MESH:D005317,40
DB00624,MESH:D005355,40
DB00624,MESH:D005832,40
DB00624,MESH:D005909,40
DB00624,MESH:D006331,40
DB00624,MESH:D006333,40
DB00624,MESH:D006869,40
DB00624,MESH:D006930,40
DB00624,MESH:D006948,40
DB00624,MESH:D006973,40
DB00624,MESH:D007006,40
DB00624,MESH:D007018,40
DB00624,MESH:D007021,40
DB00624,MESH:D007172,40
DB00624,MESH:D007174,40
DB00624,MESH:D007248,40
DB00624,MESH:D007333,40
DB00624,MESH:D007680,40
DB00624,MESH:D008113,40
DB00624,MESH:D008228,40
DB00624,MESH:D008288,40
DB00624,MESH:D008325,40
DB00624,MESH:D008546,40
DB00624,MESH:D008569,40
DB00624,MESH:D009362,40
DB00624,MESH:D009369,40
DB00624,MESH:D009395,40
DB00624,MESH:D009422,40
DB00624,MESH:D009437,40
DB00624,MESH:D010146,40
DB00624,MESH:D011085,40
DB00624,MESH:D011086,40
DB00624,MESH:D011470,40
DB00624,MESH:D011472,40
DB00624,MESH:D012734,40
DB00624,MESH:D012771,40
DB00624,MESH:D013226,40
DB00624,MESH:D013375,40
DB00624,MESH:D013927,40
DB00624,MESH:D015175,40
DB00624,MESH:D015427,40
DB00624,MESH:D015430,40
DB00624,MESH:D015674,40
DB00624,MESH:D017202,40
DB00624,MESH:D017588,0
DB00624,MESH:D018222,0
DB00624,MESH:D019048,40
DB00624,MESH:D019247,40
DB00624,MESH:D019970,40
DB00624,MESH:D020018,40
DB00624,MESH:D020258,40
DB00624,MESH:D020347,40
DB00624,MESH:D048629,40
DB00624,MESH:D061205,0
DB00285,MESH:D000068079,40
DB00285,MESH:D000437,40
DB00285,MESH:D000568,40
DB00285,MESH:D000855,40
DB00285,MESH:D001008,40
DB00285,MESH:D001247,40
DB00285,MESH:D001281,40
DB00285,MESH:D001342,40
DB00285,MESH:D001480,40
DB00285,MESH:D001714,40
DB00285,MESH:D002779,40
DB00285,MESH:D003865,40
DB00285,MESH:D003866,40
DB00285,MESH:D004421,40
DB00285,MESH:D004830,40
DB00285,MESH:D005334,40
DB00285,MESH:D005687,40
DB00285,MESH:D006261,40
DB00285,MESH:D006930,40
DB00285,MESH:D006948,40
DB00285,MESH:D006966,40
DB00285,MESH:D006973,40
DB00285,MESH:D007035,40
DB00285,MESH:D007174,40
DB00285,MESH:D007177,40
DB00285,MESH:D008881,40
DB00285,MESH:D009069,40
DB00285,MESH:D009325,40
DB00285,MESH:D009395,40
DB00285,MESH:D009437,40
DB00285,MESH:D009771,40
DB00285,MESH:D010292,40
DB00285,MESH:D010302,40
DB00285,MESH:D010698,40
DB00285,MESH:D011605,40
DB00285,MESH:D012148,40
DB00285,MESH:D012559,40
DB00285,MESH:D012640,40
DB00285,MESH:D012798,40
DB00285,MESH:D013610,40
DB00285,MESH:D014029,40
DB00285,MESH:D014202,40
DB00285,MESH:D016055,40
DB00285,MESH:D016584,40
DB00285,MESH:D017114,40
DB00285,MESH:D019954,40
DB00285,MESH:D019956,40
DB00285,MESH:D019964,40
DB00285,MESH:D019970,40
DB00285,MESH:D020258,40
DB00285,MESH:D053609,40
DB00285,MESH:D062787,40
DB01076,MESH:D000068079,40
DB01076,MESH:D000740,40
DB01076,MESH:D001018,40
DB01076,MESH:D001247,40
DB01076,MESH:D001259,40
DB01076,MESH:D001284,40
DB01076,MESH:D001749,40
DB01076,MESH:D001930,40
DB01076,MESH:D002543,40
DB01076,MESH:D002761,40
DB01076,MESH:D002779,40
DB01076,MESH:D002780,40
DB01076,MESH:D003324,40
DB01076,MESH:D003327,40
DB01076,MESH:D003556,40
DB01076,MESH:D003866,40
DB01076,MESH:D003930,40
DB01076,MESH:D004211,40
DB01076,MESH:D004401,40
DB01076,MESH:D004417,40
DB01076,MESH:D004802,40
DB01076,MESH:D006332,40
DB01076,MESH:D006333,40
DB01076,MESH:D006417,40
DB01076,MESH:D006463,40
DB01076,MESH:D006505,40
DB01076,MESH:D006529,40
DB01076,MESH:D006937,40
DB01076,MESH:D006938,40
DB01076,MESH:D006943,40
DB01076,MESH:D006949,40
DB01076,MESH:D006951,40
DB01076,MESH:D006973,40
DB01076,MESH:D006976,40
DB01076,MESH:D006984,40
DB01076,MESH:D007009,39
DB01076,MESH:D007249,40
DB01076,MESH:D007674,40
DB01076,MESH:D008106,40
DB01076,MESH:D008881,40
DB01076,MESH:D009203,40
DB01076,MESH:D009220,40
DB01076,MESH:D009336,40
DB01076,MESH:D009369,40
DB01076,MESH:D010146,40
DB01076,MESH:D010523,40
DB01076,MESH:D011507,40
DB01076,MESH:D011537,40
DB01076,MESH:D011658,40
DB01076,MESH:D012206,40
DB01076,MESH:D012640,40
DB01076,MESH:D013119,40
DB01076,MESH:D013610,40
DB01076,MESH:D013733,40
DB01076,MESH:D014517,38
DB01076,MESH:D014652,40
DB01076,MESH:D015228,40
DB01076,MESH:D015428,40
DB01076,MESH:D015431,40
DB01076,MESH:D017114,40
DB01076,MESH:D017240,40
DB01076,MESH:D017285,40
DB01076,MESH:D017544,40
DB01076,MESH:D019693,0
DB01076,MESH:D020521,40
DB01076,MESH:D049310,40
DB01076,MESH:D050197,40
DB01076,MESH:D054537,40
DB01076,MESH:D056486,40
DB01076,MESH:D058186,40
DB09270,MESH:D000068079,40
DB09270,MESH:D002318,40
DB09270,MESH:D002375,40
DB09270,MESH:D005355,40
DB09270,MESH:D006331,40
DB09270,MESH:D006332,40
DB09270,MESH:D006333,40
DB09270,MESH:D006816,0
DB09270,MESH:D007249,40
DB09270,MESH:D009135,40
DB09270,MESH:D009202,40
DB09270,MESH:D015430,40
DB09270,MESH:D015431,40
DB09270,MESH:D018487,40
DB09270,MESH:D018908,40
DB09270,MESH:D020734,40
DB09270,MESH:D056486,40
DB09270,MESH:D058186,40
DB09270,MESH:D066126,40
DB08882,MESH:D000858,40
DB08882,MESH:D003711,40
DB08882,MESH:D003924,40
DB08882,MESH:D010048,40
DB08882,MESH:D015430,40
DB08882,MESH:D015431,40
DB08882,MESH:D019954,40
DB01119,MESH:D000068079,40
DB01119,MESH:D000740,40
DB01119,MESH:D000787,40
DB01119,MESH:D001049,40
DB01119,MESH:D001259,40
DB01119,MESH:D001766,40
DB01119,MESH:D001919,40
DB01119,MESH:D002312,40
DB01119,MESH:D002545,40
DB01119,MESH:D003128,40
DB01119,MESH:D003920,40
DB01119,MESH:D004487,40
DB01119,MESH:D005076,40
DB01119,MESH:D005886,40
DB01119,MESH:D006008,40
DB01119,MESH:D006323,40
DB01119,MESH:D006327,40
DB01119,MESH:D006333,40
DB01119,MESH:D006429,40
DB01119,MESH:D006628,40
DB01119,MESH:D006943,40
DB01119,MESH:D006946,40
DB01119,MESH:D006973,40
DB01119,MESH:D006974,36
DB01119,MESH:D006976,36
DB01119,MESH:D006983,40
DB01119,MESH:D007003,40
DB01119,MESH:D007022,40
DB01119,MESH:D009069,40
DB01119,MESH:D009203,40
DB01119,MESH:D009336,40
DB01119,MESH:D009410,40
DB01119,MESH:D009503,40
DB01119,MESH:D010146,40
DB01119,MESH:D012131,38
DB01119,MESH:D013610,40
DB01119,MESH:D015427,40
DB01119,MESH:D017202,40
DB01119,MESH:D020734,39
DB01119,MESH:D033461,0
DB01119,MESH:D044903,40
DB01119,MESH:D046110,40
DB01119,MESH:D053099,40
DB01119,MESH:D054537,40
DB01119,MESH:D058186,40
DB11672,MESH:D000070642,40
DB11672,MESH:D000402,40
DB11672,MESH:D000419,40
DB11672,MESH:D000647,40
DB11672,MESH:D001172,40
DB11672,MESH:D001201,40
DB11672,MESH:D001327,1
DB11672,MESH:D001929,40
DB11672,MESH:D001932,40
DB11672,MESH:D002277,40
DB11672,MESH:D002294,40
DB11672,MESH:D002545,40
DB11672,MESH:D002869,40
DB11672,MESH:D003072,40
DB11672,MESH:D003103,0
DB11672,MESH:D003556,40
DB11672,MESH:D003643,31
DB11672,MESH:D003704,40
DB11672,MESH:D003924,40
DB11672,MESH:D003967,40
DB11672,MESH:D004381,40
DB11672,MESH:D004646,40
DB11672,MESH:D004751,40
DB11672,MESH:D005128,40
DB11672,MESH:D005234,40
DB11672,MESH:D005355,40
DB11672,MESH:D005770,40
DB11672,MESH:D005909,40
DB11672,MESH:D006258,40
DB11672,MESH:D006332,40
DB11672,MESH:D006461,40
DB11672,MESH:D006470,40
DB11672,MESH:D006471,40
DB11672,MESH:D006504,40
DB11672,MESH:D006529,40
DB11672,MESH:D006937,40
DB11672,MESH:D006943,40
DB11672,MESH:D006984,40
DB11672,MESH:D007037,40
DB11672,MESH:D007333,40
DB11672,MESH:D007414,40
DB11672,MESH:D007674,40
DB11672,MESH:D007676,40
DB11672,MESH:D007859,40
DB11672,MESH:D007889,40
DB11672,MESH:D008106,40
DB11672,MESH:D008175,40
DB11672,MESH:D008223,40
DB11672,MESH:D008545,40
DB11672,MESH:D008569,40
DB11672,MESH:D008654,40
DB11672,MESH:D009069,40
DB11672,MESH:D009101,40
DB11672,MESH:D009134,40
DB11672,MESH:D009135,40
DB11672,MESH:D009190,40
DB11672,MESH:D009202,40
DB11672,MESH:D009203,40
DB11672,MESH:D009336,40
DB11672,MESH:D009361,40
DB11672,MESH:D009369,40
DB11672,MESH:D009374,40
DB11672,MESH:D009376,40
DB11672,MESH:D009385,40
DB11672,MESH:D009410,40
DB11672,MESH:D009765,40
DB11672,MESH:D009845,40
DB11672,MESH:D010003,40
DB11672,MESH:D010024,39
DB11672,MESH:D010051,40
DB11672,MESH:D010190,40
DB11672,MESH:D011125,19
DB11672,MESH:D011141,40
DB11672,MESH:D011471,40
DB11672,MESH:D011507,40
DB11672,MESH:D011654,40
DB11672,MESH:D011656,40
DB11672,MESH:D012128,40
DB11672,MESH:D012131,40
DB11672,MESH:D012509,40
DB11672,MESH:D012640,40
DB11672,MESH:D012878,40
DB11672,MESH:D013163,40
DB11672,MESH:D013274,40
DB11672,MESH:D013276,40
DB11672,MESH:D014456,40
DB11672,MESH:D014565,40
DB11672,MESH:D015212,40
DB11672,MESH:D015417,40
DB11672,MESH:D015430,40
DB11672,MESH:D016399,40
DB11672,MESH:D016481,0
DB11672,MESH:D016510,40
DB11672,MESH:D017202,40
DB11672,MESH:D018270,40
DB11672,MESH:D018805,40
DB11672,MESH:D019970,40
DB11672,MESH:D020258,40
DB11672,MESH:D034141,40
DB11672,MESH:D050197,40
DB11672,MESH:D053627,40
DB11672,MESH:D055371,40
DB11672,MESH:D056486,40
DB11672,MESH:D058065,6
DB11672,MESH:D058186,40
DB11672,MESH:D066126,40
DB01064,MESH:D000072657,40
DB01064,MESH:D000787,40
DB01064,MESH:D000860,40
DB01064,MESH:D001145,40
DB01064,MESH:D001249,40
DB01064,MESH:D001281,40
DB01064,MESH:D001919,40
DB01064,MESH:D001982,40
DB01064,MESH:D002312,40
DB01064,MESH:D003645,40
DB01064,MESH:D004195,40
DB01064,MESH:D004487,40
DB01064,MESH:D004719,40
DB01064,MESH:D005355,40
DB01064,MESH:D006323,40
DB01064,MESH:D006327,40
DB01064,MESH:D006331,40
DB01064,MESH:D006332,40
DB01064,MESH:D006333,40
DB01064,MESH:D006335,40
DB01064,MESH:D006470,40
DB01064,MESH:D006940,40
DB01064,MESH:D006943,40
DB01064,MESH:D006965,40
DB01064,MESH:D006973,40
DB01064,MESH:D006975,40
DB01064,MESH:D006984,40
DB01064,MESH:D007006,40
DB01064,MESH:D007008,40
DB01064,MESH:D007010,40
DB01064,MESH:D007022,40
DB01064,MESH:D007238,40
DB01064,MESH:D008133,40
DB01064,MESH:D008944,40
DB01064,MESH:D009202,40
DB01064,MESH:D009205,40
DB01064,MESH:D009325,40
DB01064,MESH:D009336,40
DB01064,MESH:D009361,40
DB01064,MESH:D009410,40
DB01064,MESH:D009798,40
DB01064,MESH:D010554,40
DB01064,MESH:D011654,40
DB01064,MESH:D012131,40
DB01064,MESH:D012770,40
DB01064,MESH:D013276,40
DB01064,MESH:D013610,40
DB01064,MESH:D013616,40
DB01064,MESH:D013617,40
DB01064,MESH:D014202,40
DB01064,MESH:D014839,40
DB01064,MESH:D014927,40
DB01064,MESH:D016171,40
DB01064,MESH:D016584,40
DB01064,MESH:D016757,40
DB01064,MESH:D017202,40
DB01064,MESH:D017379,40
DB01064,MESH:D018487,40
DB01064,MESH:D018754,40
DB01064,MESH:D018805,40
DB01064,MESH:D018879,40
DB01064,MESH:D019457,40
DB01064,MESH:D020257,40
DB01064,MESH:D020301,40
DB01064,MESH:D054537,40
DB01064,MESH:D055370,40
DB01064,MESH:D066126,32
DB01112,MESH:D000072660,40
DB01112,MESH:D000743,40
DB01112,MESH:D001424,40
DB01112,MESH:D001768,40
DB01112,MESH:D001927,40
DB01112,MESH:D002481,40
DB01112,MESH:D003329,40
DB01112,MESH:D003875,40
DB01112,MESH:D004487,40
DB01112,MESH:D004890,40
DB01112,MESH:D005921,40
DB01112,MESH:D006311,40
DB01112,MESH:D006333,40
DB01112,MESH:D006973,40
DB01112,MESH:D007674,40
DB01112,MESH:D007683,40
DB01112,MESH:D008581,40
DB01112,MESH:D009393,40
DB01112,MESH:D009395,40
DB01112,MESH:D011014,40
DB01112,MESH:D011537,40
DB01112,MESH:D011605,40
DB01112,MESH:D011695,40
DB01112,MESH:D011704,40
DB01112,MESH:D013262,40
DB01112,MESH:D014581,40
DB01112,MESH:D017202,40
DB01112,MESH:D034381,40
DB01112,MESH:D053608,40
DB01112,MESH:D058186,40
DB00166,MESH:D000072660,0
DB00166,MESH:D001749,40
DB00166,MESH:D001927,40
DB00166,MESH:D001930,40
DB00166,MESH:D002471,39
DB00166,MESH:D003093,40
DB00166,MESH:D003877,40
DB00166,MESH:D003925,40
DB00166,MESH:D003928,40
DB00166,MESH:D003929,40
DB00166,MESH:D003967,40
DB00166,MESH:D004487,40
DB00166,MESH:D006946,40
DB00166,MESH:D006973,40
DB00166,MESH:D007035,38
DB00166,MESH:D007248,40
DB00166,MESH:D007249,40
DB00166,MESH:D007410,40
DB00166,MESH:D007674,40
DB00166,MESH:D008103,40
DB00166,MESH:D008114,40
DB00166,MESH:D008133,40
DB00166,MESH:D009069,40
DB00166,MESH:D009845,40
DB00166,MESH:D010523,40
DB00166,MESH:D011115,40
DB00166,MESH:D011297,22
DB00166,MESH:D012174,4
DB00166,MESH:D012640,40
DB00166,MESH:D015430,40
DB00166,MESH:D018827,40
DB00166,MESH:D019636,40
DB00166,MESH:D020520,40
DB00166,MESH:D022124,40
DB00166,MESH:D028361,40
DB00166,MESH:D053627,0
DB00166,MESH:D056486,40
DB00166,MESH:D058065,39
DB00166,MESH:D058186,40
DB00166,MESH:D065626,40
DB00435,MESH:D000072660,0
DB00435,MESH:D000230,40
DB00435,MESH:D000544,40
DB00435,MESH:D000787,40
DB00435,MESH:D001930,40
DB00435,MESH:D001943,40
DB00435,MESH:D001982,40
DB00435,MESH:D002318,40
DB00435,MESH:D002493,40
DB00435,MESH:D002545,40
DB00435,MESH:D002779,40
DB00435,MESH:D003092,40
DB00435,MESH:D003643,40
DB00435,MESH:D003921,40
DB00435,MESH:D003922,40
DB00435,MESH:D004681,40
DB00435,MESH:D005315,40
DB00435,MESH:D005759,40
DB00435,MESH:D006311,20
DB00435,MESH:D006528,40
DB00435,MESH:D006930,40
DB00435,MESH:D006975,40
DB00435,MESH:D006976,40
DB00435,MESH:D007022,40
DB00435,MESH:D007248,40
DB00435,MESH:D007249,40
DB00435,MESH:D007410,40
DB00435,MESH:D007674,40
DB00435,MESH:D007896,40
DB00435,MESH:D008106,40
DB00435,MESH:D008171,40
DB00435,MESH:D008223,40
DB00435,MESH:D008708,40
DB00435,MESH:D008881,40
DB00435,MESH:D009021,40
DB00435,MESH:D009175,40
DB00435,MESH:D009203,40
DB00435,MESH:D009410,40
DB00435,MESH:D009436,40
DB00435,MESH:D009845,40
DB00435,MESH:D010300,40
DB00435,MESH:D010510,0
DB00435,MESH:D010547,40
DB00435,MESH:D011014,40
DB00435,MESH:D011015,40
DB00435,MESH:D011654,40
DB00435,MESH:D012128,40
DB00435,MESH:D012555,40
DB00435,MESH:D012608,40
DB00435,MESH:D012640,40
DB00435,MESH:D013118,40
DB00435,MESH:D013226,40
DB00435,MESH:D013375,40
DB00435,MESH:D014693,40
DB00435,MESH:D015427,40
DB00435,MESH:D016472,40
DB00435,MESH:D016893,0
DB00435,MESH:D017202,40
DB00435,MESH:D017379,40
DB00435,MESH:D018188,40
DB00435,MESH:D018805,40
DB00435,MESH:D019465,40
DB00435,MESH:D019636,40
DB00435,MESH:D019954,40
DB00435,MESH:D020326,40
DB00435,MESH:D020964,40
DB00435,MESH:D034381,40
DB00435,MESH:D051436,7
DB00435,MESH:D053201,40
DB00435,MESH:D055031,40
DB00435,MESH:D055370,40
DB00435,MESH:D055371,40
DB00435,MESH:D056486,40
DB00435,MESH:D057772,40
DB00394,MESH:D000075222,40
DB00394,MESH:D000402,40
DB00394,MESH:D000857,40
DB00394,MESH:D001249,40
DB00394,MESH:D001714,40
DB00394,MESH:D001862,40
DB00394,MESH:D002177,40
DB00394,MESH:D002180,40
DB00394,MESH:D004417,40
DB00394,MESH:D004802,40
DB00394,MESH:D006130,40
DB00394,MESH:D006255,40
DB00394,MESH:D006261,40
DB00394,MESH:D007249,40
DB00394,MESH:D007410,40
DB00394,MESH:D008171,40
DB00394,MESH:D008173,40
DB00394,MESH:D009362,40
DB00394,MESH:D009798,40
DB00394,MESH:D011654,40
DB00394,MESH:D011657,40
DB00394,MESH:D012130,40
DB00394,MESH:D012220,40
DB00394,MESH:D012393,40
DB00394,MESH:D012640,40
DB00394,MESH:D012852,40
DB00394,MESH:D016535,40
DB00394,MESH:D029424,40
DB00394,MESH:D029481,40
DB00960,MESH:D000075222,40
DB00960,MESH:D000544,40
DB00960,MESH:D000787,40
DB00960,MESH:D001145,40
DB00960,MESH:D001714,40
DB00960,MESH:D001919,40
DB00960,MESH:D002375,40
DB00960,MESH:D002389,40
DB00960,MESH:D003865,40
DB00960,MESH:D003866,40
DB00960,MESH:D006212,40
DB00960,MESH:D006333,40
DB00960,MESH:D006930,40
DB00960,MESH:D006974,40
DB00960,MESH:D006977,40
DB00960,MESH:D007035,40
DB00960,MESH:D007511,40
DB00960,MESH:D011249,40
DB00960,MESH:D011618,40
DB00960,MESH:D012893,40
DB00960,MESH:D013610,40
DB00960,MESH:D014202,40
DB00960,MESH:D016491,40
DB00960,MESH:D018487,40
DB00960,MESH:D018879,40
DB00960,MESH:D019954,40
DB00960,MESH:D020920,0
DB00960,MESH:D060050,40
DB00381,MESH:D000075222,0
DB00381,MESH:D000799,40
DB00381,MESH:D001480,40
DB00381,MESH:D002277,40
DB00381,MESH:D002637,40
DB00381,MESH:D003324,40
DB00381,MESH:D003371,40
DB00381,MESH:D003967,40
DB00381,MESH:D004487,40
DB00381,MESH:D005076,40
DB00381,MESH:D005221,40
DB00381,MESH:D005355,40
DB00381,MESH:D005483,40
DB00381,MESH:D005885,40
DB00381,MESH:D006261,40
DB00381,MESH:D006327,40
DB00381,MESH:D006331,40
DB00381,MESH:D006332,40
DB00381,MESH:D006940,40
DB00381,MESH:D006965,40
DB00381,MESH:D006973,40
DB00381,MESH:D006978,40
DB00381,MESH:D007022,40
DB00381,MESH:D007333,40
DB00381,MESH:D007410,40
DB00381,MESH:D007511,40
DB00381,MESH:D007938,40
DB00381,MESH:D008064,40
DB00381,MESH:D009203,40
DB00381,MESH:D009325,40
DB00381,MESH:D009395,40
DB00381,MESH:D009468,40
DB00381,MESH:D010302,40
DB00381,MESH:D010523,40
DB00381,MESH:D011225,40
DB00381,MESH:D011507,40
DB00381,MESH:D011537,40
DB00381,MESH:D013226,40
DB00381,MESH:D013610,40
DB00381,MESH:D014839,40
DB00381,MESH:D015428,40
DB00381,MESH:D015746,40
DB00381,MESH:D017118,40
DB00381,MESH:D017379,40
DB00381,MESH:D019586,40
DB00381,MESH:D019970,40
DB00381,MESH:D020734,40
DB00381,MESH:D020879,40
DB00381,MESH:D023903,5
DB00381,MESH:D050197,40
DB00381,MESH:D056486,40
DB00381,MESH:D058186,40
DB00381,MESH:D058226,40
DB00381,MESH:D066253,40
DB00741,MESH:D000075222,40
DB00741,MESH:D000224,40
DB00741,MESH:D000309,40
DB00741,MESH:D000471,40
DB00741,MESH:D000506,40
DB00741,MESH:D000707,40
DB00741,MESH:D000744,40
DB00741,MESH:D000799,40
DB00741,MESH:D001037,40
DB00741,MESH:D001145,40
DB00741,MESH:D001172,40
DB00741,MESH:D001249,40
DB00741,MESH:D001284,40
DB00741,MESH:D001342,40
DB00741,MESH:D001523,40
DB00741,MESH:D001714,40
DB00741,MESH:D001766,40
DB00741,MESH:D001927,40
DB00741,MESH:D001929,40
DB00741,MESH:D001943,40
DB00741,MESH:D002051,40
DB00741,MESH:D002375,40
DB00741,MESH:D002972,40
DB00741,MESH:D003072,40
DB00741,MESH:D003424,40
DB00741,MESH:D003480,40
DB00741,MESH:D003865,40
DB00741,MESH:D003866,40
DB00741,MESH:D003877,40
DB00741,MESH:D003967,40
DB00741,MESH:D004417,40
DB00741,MESH:D004485,40
DB00741,MESH:D004487,40
DB00741,MESH:D004681,40
DB00741,MESH:D006323,40
DB00741,MESH:D006331,40
DB00741,MESH:D006332,40
DB00741,MESH:D006470,40
DB00741,MESH:D006556,9
DB00741,MESH:D006934,40
DB00741,MESH:D006968,40
DB00741,MESH:D006973,40
DB00741,MESH:D006977,40
DB00741,MESH:D006984,40
DB00741,MESH:D007008,40
DB00741,MESH:D007018,40
DB00741,MESH:D007022,40
DB00741,MESH:D007024,40
DB00741,MESH:D007172,40
DB00741,MESH:D007333,40
DB00741,MESH:D007938,40
DB00741,MESH:D008133,40
DB00741,MESH:D008171,40
DB00741,MESH:D008581,40
DB00741,MESH:D009133,40
DB00741,MESH:D009135,40
DB00741,MESH:D009362,40
DB00741,MESH:D009400,31
DB00741,MESH:D009503,40
DB00741,MESH:D010243,40
DB00741,MESH:D010291,40
DB00741,MESH:D011141,40
DB00741,MESH:D011297,40
DB00741,MESH:D011471,40
DB00741,MESH:D011704,40
DB00741,MESH:D012008,40
DB00741,MESH:D012131,40
DB00741,MESH:D012206,40
DB00741,MESH:D012208,40
DB00741,MESH:D012393,40
DB00741,MESH:D012640,40
DB00741,MESH:D012769,40
DB00741,MESH:D012771,40
DB00741,MESH:D012772,40
DB00741,MESH:D013375,40
DB00741,MESH:D013684,40
DB00741,MESH:D014581,40
DB00741,MESH:D014652,40
DB00741,MESH:D014839,40
DB00741,MESH:D015430,40
DB00741,MESH:D015431,40
DB00741,MESH:D015452,40
DB00741,MESH:D016543,40
DB00741,MESH:D016553,40
DB00741,MESH:D017202,40
DB00741,MESH:D017449,40
DB00741,MESH:D018149,40
DB00741,MESH:D018908,40
DB00741,MESH:D019970,40
DB00741,MESH:D020521,40
DB00741,MESH:D034381,40
DB00741,MESH:D051437,40
DB00741,MESH:D054198,40
DB00741,MESH:D054218,40
DB00741,MESH:D056784,40
DB00741,MESH:D064129,40
DB05294,MESH:D000077192,40
DB05294,MESH:D000077195,40
DB05294,MESH:D000230,40
DB05294,MESH:D008207,0
DB05294,MESH:D013262,40
DB05294,MESH:D013964,40
DB05294,MESH:D066126,40
DB00571,MESH:D000077192,40
DB00571,MESH:D000430,40
DB00571,MESH:D000471,40
DB00571,MESH:D000647,40
DB00571,MESH:D000648,40
DB00571,MESH:D000855,40
DB00571,MESH:D001008,40
DB00571,MESH:D001145,40
DB00571,MESH:D001201,40
DB00571,MESH:D001249,40
DB00571,MESH:D001259,40
DB00571,MESH:D001281,40
DB00571,MESH:D001321,40
DB00571,MESH:D001342,40
DB00571,MESH:D001480,40
DB00571,MESH:D001523,40
DB00571,MESH:D001714,40
DB00571,MESH:D001791,40
DB00571,MESH:D001919,40
DB00571,MESH:D002303,40
DB00571,MESH:D002312,40
DB00571,MESH:D002349,40
DB00571,MESH:D002375,40
DB00571,MESH:D002524,40
DB00571,MESH:D002637,40
DB00571,MESH:D003072,40
DB00571,MESH:D003128,40
DB00571,MESH:D003248,40
DB00571,MESH:D003327,40
DB00571,MESH:D003329,40
DB00571,MESH:D003638,40
DB00571,MESH:D003865,40
DB00571,MESH:D003866,40
DB00571,MESH:D003875,40
DB00571,MESH:D004409,40
DB00571,MESH:D004417,40
DB00571,MESH:D004421,40
DB00571,MESH:D004932,40
DB00571,MESH:D005076,40
DB00571,MESH:D005221,40
DB00571,MESH:D005767,40
DB00571,MESH:D006111,40
DB00571,MESH:D006130,40
DB00571,MESH:D006212,40
DB00571,MESH:D006323,40
DB00571,MESH:D006327,40
DB00571,MESH:D006331,40
DB00571,MESH:D006332,40
DB00571,MESH:D006333,40
DB00571,MESH:D006391,40
DB00571,MESH:D006470,40
DB00571,MESH:D006471,40
DB00571,MESH:D006529,40
DB00571,MESH:D006530,40
DB00571,MESH:D006934,40
DB00571,MESH:D006940,40
DB00571,MESH:D006943,40
DB00571,MESH:D006948,40
DB00571,MESH:D006973,40
DB00571,MESH:D006974,40
DB00571,MESH:D006975,40
DB00571,MESH:D006976,40
DB00571,MESH:D006980,40
DB00571,MESH:D007003,40
DB00571,MESH:D007008,40
DB00571,MESH:D007010,40
DB00571,MESH:D007022,40
DB00571,MESH:D007024,40
DB00571,MESH:D007172,40
DB00571,MESH:D007232,40
DB00571,MESH:D007319,40
DB00571,MESH:D007511,40
DB00571,MESH:D008103,40
DB00571,MESH:D008107,40
DB00571,MESH:D008113,40
DB00571,MESH:D008133,40
DB00571,MESH:D008881,40
DB00571,MESH:D009069,40
DB00571,MESH:D009127,40
DB00571,MESH:D009203,40
DB00571,MESH:D009222,40
DB00571,MESH:D009223,40
DB00571,MESH:D009361,40
DB00571,MESH:D009395,40
DB00571,MESH:D009404,40
DB00571,MESH:D010024,40
DB00571,MESH:D010146,40
DB00571,MESH:D010198,40
DB00571,MESH:D010259,40
DB00571,MESH:D010292,40
DB00571,MESH:D010300,40
DB00571,MESH:D011123,40
DB00571,MESH:D011164,40
DB00571,MESH:D011183,40
DB00571,MESH:D011249,40
DB00571,MESH:D011507,40
DB00571,MESH:D011605,40
DB00571,MESH:D011618,40
DB00571,MESH:D011928,40
DB00571,MESH:D012021,40
DB00571,MESH:D012131,40
DB00571,MESH:D012148,40
DB00571,MESH:D012640,40
DB00571,MESH:D012848,40
DB00571,MESH:D012893,40
DB00571,MESH:D013262,40
DB00571,MESH:D013276,40
DB00571,MESH:D013375,40
DB00571,MESH:D013610,40
DB00571,MESH:D013617,40
DB00571,MESH:D013921,40
DB00571,MESH:D013971,40
DB00571,MESH:D014012,40
DB00571,MESH:D014202,40
DB00571,MESH:D014652,40
DB00571,MESH:D014693,40
DB00571,MESH:D014694,40
DB00571,MESH:D015427,40
DB00571,MESH:D016171,40
DB00571,MESH:D016584,40
DB00571,MESH:D017180,40
DB00571,MESH:D018476,40
DB00571,MESH:D018487,40
DB00571,MESH:D018879,40
DB00571,MESH:D019954,40
DB00571,MESH:D019964,40
DB00571,MESH:D019967,40
DB00571,MESH:D019970,40
DB00571,MESH:D020018,40
DB00571,MESH:D020257,40
DB00571,MESH:D020258,40
DB00571,MESH:D020325,40
DB00571,MESH:D020329,40
DB00571,MESH:D023921,40
DB00571,MESH:D050197,40
DB00571,MESH:D054537,40
DB00571,MESH:D056486,40
DB00571,MESH:D058186,40
DB00571,MESH:D060050,40
DB00571,MESH:D062787,40
DB00571,MESH:D065666,40
DB00361,MESH:D000077192,40
DB00361,MESH:D000077277,40
DB00361,MESH:D000230,40
DB00361,MESH:D000380,40
DB00361,MESH:D000505,40
DB00361,MESH:D000740,40
DB00361,MESH:D000855,40
DB00361,MESH:D001247,40
DB00361,MESH:D001281,40
DB00361,MESH:D001342,40
DB00361,MESH:D002277,40
DB00361,MESH:D002289,40
DB00361,MESH:D002294,40
DB00361,MESH:D002318,40
DB00361,MESH:D002493,40
DB00361,MESH:D003248,40
DB00361,MESH:D003872,40
DB00361,MESH:D003967,40
DB00361,MESH:D004487,40
DB00361,MESH:D004890,40
DB00361,MESH:D005158,40
DB00361,MESH:D005221,40
DB00361,MESH:D005334,40
DB00361,MESH:D005767,40
DB00361,MESH:D006258,40
DB00361,MESH:D006319,40
DB00361,MESH:D006331,40
DB00361,MESH:D006402,40
DB00361,MESH:D007010,40
DB00361,MESH:D007177,40
DB00361,MESH:D007674,40
DB00361,MESH:D008113,40
DB00361,MESH:D008171,40
DB00361,MESH:D008175,40
DB00361,MESH:D008545,40
DB00361,MESH:D008654,40
DB00361,MESH:D009135,40
DB00361,MESH:D009203,40
DB00361,MESH:D009325,40
DB00361,MESH:D009362,40
DB00361,MESH:D009369,40
DB00361,MESH:D009422,40
DB00361,MESH:D009437,40
DB00361,MESH:D009503,40
DB00361,MESH:D010146,40
DB00361,MESH:D010190,40
DB00361,MESH:D010292,40
DB00361,MESH:D010523,40
DB00361,MESH:D011115,40
DB00361,MESH:D011471,40
DB00361,MESH:D011655,40
DB00361,MESH:D013118,40
DB00361,MESH:D013280,40
DB00361,MESH:D013921,40
DB00361,MESH:D013923,40
DB00361,MESH:D014012,40
DB00361,MESH:D014652,40
DB00361,MESH:D014839,40
DB00361,MESH:D015433,40
DB00361,MESH:D017093,40
DB00361,MESH:D017202,40
DB00361,MESH:D018287,39
DB00361,MESH:D018805,40
DB00361,MESH:D018827,40
DB00361,MESH:D020151,40
DB00361,MESH:D020246,40
DB00361,MESH:D020258,40
DB00361,MESH:D021081,40
DB00361,MESH:D052016,40
DB01169,MESH:D000077274,40
DB01169,MESH:D000740,40
DB01169,MESH:D001008,40
DB01169,MESH:D001145,40
DB01169,MESH:D001172,40
DB01169,MESH:D001249,40
DB01169,MESH:D001752,40
DB01169,MESH:D001855,40
DB01169,MESH:D001930,40
DB01169,MESH:D001943,40
DB01169,MESH:D002051,40
DB01169,MESH:D002277,40
DB01169,MESH:D002289,40
DB01169,MESH:D002294,40
DB01169,MESH:D002471,40
DB01169,MESH:D002583,40
DB01169,MESH:D003556,40
DB01169,MESH:D003681,40
DB01169,MESH:D003866,40
DB01169,MESH:D004417,40
DB01169,MESH:D004487,40
DB01169,MESH:D004938,40
DB01169,MESH:D005076,40
DB01169,MESH:D005234,40
DB01169,MESH:D005334,40
DB01169,MESH:D005354,40
DB01169,MESH:D005355,40
DB01169,MESH:D005706,40
DB01169,MESH:D005767,40
DB01169,MESH:D005770,40
DB01169,MESH:D005909,40
DB01169,MESH:D005911,40
DB01169,MESH:D006331,40
DB01169,MESH:D006471,40
DB01169,MESH:D006528,40
DB01169,MESH:D007035,40
DB01169,MESH:D007248,39
DB01169,MESH:D007249,40
DB01169,MESH:D007333,40
DB01169,MESH:D007674,40
DB01169,MESH:D007859,40
DB01169,MESH:D007938,40
DB01169,MESH:D007942,40
DB01169,MESH:D007945,40
DB01169,MESH:D007948,40
DB01169,MESH:D007951,40
DB01169,MESH:D008113,40
DB01169,MESH:D008114,40
DB01169,MESH:D008133,40
DB01169,MESH:D008175,40
DB01169,MESH:D008527,40
DB01169,MESH:D008546,40
DB01169,MESH:D009101,40
DB01169,MESH:D009182,40
DB01169,MESH:D009190,40
DB01169,MESH:D009202,40
DB01169,MESH:D009325,40
DB01169,MESH:D009336,40
DB01169,MESH:D009361,40
DB01169,MESH:D009362,40
DB01169,MESH:D009364,39
DB01169,MESH:D009369,40
DB01169,MESH:D009410,40
DB01169,MESH:D009422,40
DB01169,MESH:D009436,40
DB01169,MESH:D009447,40
DB01169,MESH:D009461,40
DB01169,MESH:D009845,40
DB01169,MESH:D010024,40
DB01169,MESH:D010051,40
DB01169,MESH:D010182,40
DB01169,MESH:D010190,40
DB01169,MESH:D010235,40
DB01169,MESH:D010490,40
DB01169,MESH:D010523,40
DB01169,MESH:D011471,40
DB01169,MESH:D012008,40
DB01169,MESH:D012131,40
DB01169,MESH:D012175,40
DB01169,MESH:D012512,40
DB01169,MESH:D012516,40
DB01169,MESH:D012871,40
DB01169,MESH:D013163,38
DB01169,MESH:D013610,40
DB01169,MESH:D013617,40
DB01169,MESH:D013733,40
DB01169,MESH:D013921,40
DB01169,MESH:D013964,40
DB01169,MESH:D014839,40
DB01169,MESH:D015431,40
DB01169,MESH:D015451,40
DB01169,MESH:D015458,40
DB01169,MESH:D015464,40
DB01169,MESH:D015470,40
DB01169,MESH:D016171,40
DB01169,MESH:D016410,40
DB01169,MESH:D017180,40
DB01169,MESH:D018149,40
DB01169,MESH:D018288,40
DB01169,MESH:D019457,40
DB01169,MESH:D019465,40
DB01169,MESH:D020261,40
DB01169,MESH:D020522,40
DB01169,MESH:D023903,40
DB01169,MESH:D042822,40
DB01169,MESH:D048629,40
DB01169,MESH:D050197,40
DB01169,MESH:D053627,40
DB01169,MESH:D054198,40
DB01169,MESH:D056486,40
DB01169,MESH:D058186,40
DB01169,MESH:D058739,40
DB01169,MESH:D065626,40
DB01169,MESH:D066126,40
DB08865,MESH:D000077192,40
DB08865,MESH:D000230,40
DB08865,MESH:D001145,40
DB08865,MESH:D002289,40
DB08865,MESH:D003248,39
DB08865,MESH:D003967,40
DB08865,MESH:D006104,40
DB08865,MESH:D006331,40
DB08865,MESH:D007006,40
DB08865,MESH:D008207,0
DB08865,MESH:D008231,40
DB08865,MESH:D009325,40
DB08865,MESH:D009362,40
DB08865,MESH:D009369,40
DB08865,MESH:D009503,40
DB08865,MESH:D011014,40
DB08865,MESH:D013274,40
DB08865,MESH:D014786,40
DB08865,MESH:D014839,40
DB08865,MESH:D015470,40
DB08865,MESH:D017728,0
DB08865,MESH:D056486,40
DB00317,MESH:D000152,40
DB00317,MESH:D000230,40
DB00317,MESH:D000740,40
DB00317,MESH:D001943,40
DB00317,MESH:D002289,40
DB00317,MESH:D002295,40
DB00317,MESH:D003110,40
DB00317,MESH:D003875,40
DB00317,MESH:D003967,40
DB00317,MESH:D006258,40
DB00317,MESH:D006528,40
DB00317,MESH:D006976,21
DB00317,MESH:D007680,40
DB00317,MESH:D007970,40
DB00317,MESH:D008175,40
DB00317,MESH:D008325,40
DB00317,MESH:D008654,40
DB00317,MESH:D009361,40
DB00317,MESH:D009362,40
DB00317,MESH:D009369,40
DB00317,MESH:D009503,40
DB00317,MESH:D010051,40
DB00317,MESH:D011014,40
DB00317,MESH:D011471,40
DB00317,MESH:D012008,40
DB00317,MESH:D012871,40
DB00317,MESH:D012878,40
DB00317,MESH:D013921,40
DB00317,MESH:D013964,40
DB00317,MESH:D015179,40
DB00317,MESH:D015431,40
DB00317,MESH:D017380,40
DB00317,MESH:D017563,40
DB00317,MESH:D020300,1
DB00317,MESH:D052016,40
DB00317,MESH:D055370,13
DB00317,MESH:D056486,40
DB00277,MESH:D000077192,40
DB00277,MESH:D000138,40
DB00277,MESH:D000402,40
DB00277,MESH:D000857,40
DB00277,MESH:D001049,40
DB00277,MESH:D001145,40
DB00277,MESH:D001249,40
DB00277,MESH:D001851,40
DB00277,MESH:D001862,40
DB00277,MESH:D001927,40
DB00277,MESH:D001930,40
DB00277,MESH:D002375,40
DB00277,MESH:D002637,40
DB00277,MESH:D002819,40
DB00277,MESH:D003128,40
DB00277,MESH:D003866,40
DB00277,MESH:D004310,0
DB00277,MESH:D004417,40
DB00277,MESH:D004487,40
DB00277,MESH:D004646,40
DB00277,MESH:D004830,40
DB00277,MESH:D004935,40
DB00277,MESH:D005119,40
DB00277,MESH:D005221,40
DB00277,MESH:D005334,40
DB00277,MESH:D005767,40
DB00277,MESH:D006212,40
DB00277,MESH:D006261,40
DB00277,MESH:D006319,40
DB00277,MESH:D006323,40
DB00277,MESH:D006470,40
DB00277,MESH:D006519,40
DB00277,MESH:D006930,40
DB00277,MESH:D006934,40
DB00277,MESH:D006940,40
DB00277,MESH:D006973,40
DB00277,MESH:D007010,40
DB00277,MESH:D007022,40
DB00277,MESH:D007174,40
DB00277,MESH:D007177,40
DB00277,MESH:D007232,40
DB00277,MESH:D007235,40
DB00277,MESH:D007248,40
DB00277,MESH:D007249,40
DB00277,MESH:D007674,40
DB00277,MESH:D007859,40
DB00277,MESH:D007945,40
DB00277,MESH:D007964,40
DB00277,MESH:D008173,40
DB00277,MESH:D008569,40
DB00277,MESH:D008659,40
DB00277,MESH:D009127,40
DB00277,MESH:D009202,40
DB00277,MESH:D009212,40
DB00277,MESH:D009325,40
DB00277,MESH:D009362,40
DB00277,MESH:D009374,40
DB00277,MESH:D009846,40
DB00277,MESH:D010409,40
DB00277,MESH:D011014,40
DB00277,MESH:D011297,40
DB00277,MESH:D011595,40
DB00277,MESH:D012120,40
DB00277,MESH:D012893,40
DB00277,MESH:D012912,40
DB00277,MESH:D013035,40
DB00277,MESH:D013036,40
DB00277,MESH:D013119,40
DB00277,MESH:D013163,40
DB00277,MESH:D013375,40
DB00277,MESH:D013610,40
DB00277,MESH:D013616,40
DB00277,MESH:D013617,40
DB00277,MESH:D014202,40
DB00277,MESH:D014839,40
DB00277,MESH:D015427,40
DB00277,MESH:D015451,40
DB00277,MESH:D016055,40
DB00277,MESH:D017202,40
DB00277,MESH:D017674,40
DB00277,MESH:D019964,40
DB00277,MESH:D019970,40
DB00277,MESH:D020329,40
DB00277,MESH:D029424,40
DB00277,MESH:D029481,40
DB00277,MESH:D058186,40
DB00277,MESH:D062787,40
DB01229,MESH:D000077192,40
DB01229,MESH:D000077195,40
DB01229,MESH:D000077216,40
DB01229,MESH:D000230,40
DB01229,MESH:D000380,40
DB01229,MESH:D000435,40
DB01229,MESH:D000505,40
DB01229,MESH:D000707,40
DB01229,MESH:D000740,40
DB01229,MESH:D000755,40
DB01229,MESH:D000782,40
DB01229,MESH:D000855,40
DB01229,MESH:D001247,40
DB01229,MESH:D001259,40
DB01229,MESH:D001416,40
DB01229,MESH:D001855,40
DB01229,MESH:D001859,40
DB01229,MESH:D001919,40
DB01229,MESH:D001929,40
DB01229,MESH:D001932,40
DB01229,MESH:D001943,40
DB01229,MESH:D002277,40
DB01229,MESH:D002294,40
DB01229,MESH:D002295,40
DB01229,MESH:D002493,40
DB01229,MESH:D002583,40
DB01229,MESH:D002637,40
DB01229,MESH:D002779,40
DB01229,MESH:D003072,40
DB01229,MESH:D003128,40
DB01229,MESH:D003323,6
DB01229,MESH:D003638,40
DB01229,MESH:D003711,40
DB01229,MESH:D003866,40
DB01229,MESH:D003875,40
DB01229,MESH:D003967,40
DB01229,MESH:D004417,40
DB01229,MESH:D004487,40
DB01229,MESH:D004751,40
DB01229,MESH:D004890,40
DB01229,MESH:D004938,40
DB01229,MESH:D004941,40
DB01229,MESH:D005076,40
DB01229,MESH:D005119,40
DB01229,MESH:D005158,40
DB01229,MESH:D005221,40
DB01229,MESH:D005334,40
DB01229,MESH:D005483,40
DB01229,MESH:D005767,40
DB01229,MESH:D005833,40
DB01229,MESH:D005909,40
DB01229,MESH:D005910,40
DB01229,MESH:D006212,40
DB01229,MESH:D006258,40
DB01229,MESH:D006261,40
DB01229,MESH:D006311,40
DB01229,MESH:D006323,40
DB01229,MESH:D006327,40
DB01229,MESH:D006333,40
DB01229,MESH:D006394,40
DB01229,MESH:D006528,40
DB01229,MESH:D006930,40
DB01229,MESH:D006943,40
DB01229,MESH:D006967,40
DB01229,MESH:D006973,40
DB01229,MESH:D006976,40
DB01229,MESH:D007022,40
DB01229,MESH:D007024,40
DB01229,MESH:D007674,40
DB01229,MESH:D007806,40
DB01229,MESH:D007822,40
DB01229,MESH:D007890,40
DB01229,MESH:D007945,40
DB01229,MESH:D007970,40
DB01229,MESH:D008080,40
DB01229,MESH:D008113,40
DB01229,MESH:D008114,40
DB01229,MESH:D008171,40
DB01229,MESH:D008175,40
DB01229,MESH:D008228,40
DB01229,MESH:D008231,40
DB01229,MESH:D008325,40
DB01229,MESH:D008546,40
DB01229,MESH:D008654,40
DB01229,MESH:D009101,40
DB01229,MESH:D009135,40
DB01229,MESH:D009203,40
DB01229,MESH:D009260,40
DB01229,MESH:D009325,40
DB01229,MESH:D009336,40
DB01229,MESH:D009362,40
DB01229,MESH:D009364,40
DB01229,MESH:D009369,40
DB01229,MESH:D009373,40
DB01229,MESH:D009374,40
DB01229,MESH:D009410,40
DB01229,MESH:D009422,40
DB01229,MESH:D009437,40
DB01229,MESH:D009468,40
DB01229,MESH:D009503,40
DB01229,MESH:D009901,40
DB01229,MESH:D010014,40
DB01229,MESH:D010051,40
DB01229,MESH:D010146,40
DB01229,MESH:D010292,40
DB01229,MESH:D010300,40
DB01229,MESH:D010523,40
DB01229,MESH:D011014,40
DB01229,MESH:D011115,40
DB01229,MESH:D011471,40
DB01229,MESH:D011537,40
DB01229,MESH:D011655,40
DB01229,MESH:D012008,40
DB01229,MESH:D012021,40
DB01229,MESH:D012509,40
DB01229,MESH:D012516,40
DB01229,MESH:D012594,40
DB01229,MESH:D012598,40
DB01229,MESH:D012678,40
DB01229,MESH:D012871,40
DB01229,MESH:D012878,40
DB01229,MESH:D012893,40
DB01229,MESH:D012983,40
DB01229,MESH:D013118,40
DB01229,MESH:D013262,40
DB01229,MESH:D013274,40
DB01229,MESH:D013280,40
DB01229,MESH:D013610,40
DB01229,MESH:D013617,40
DB01229,MESH:D013736,40
DB01229,MESH:D013921,40
DB01229,MESH:D013923,40
DB01229,MESH:D013927,40
DB01229,MESH:D014012,40
DB01229,MESH:D014571,40
DB01229,MESH:D014786,40
DB01229,MESH:D015179,40
DB01229,MESH:D015209,40
DB01229,MESH:D015470,40
DB01229,MESH:D015746,40
DB01229,MESH:D016889,40
DB01229,MESH:D017180,40
DB01229,MESH:D017563,40
DB01229,MESH:D018268,40
DB01229,MESH:D018269,40
DB01229,MESH:D018270,40
DB01229,MESH:D018287,40
DB01229,MESH:D018358,40
DB01229,MESH:D018487,40
DB01229,MESH:D018771,40
DB01229,MESH:D018805,40
DB01229,MESH:D018827,40
DB01229,MESH:D018879,40
DB01229,MESH:D018908,40
DB01229,MESH:D019957,40
DB01229,MESH:D020233,40
DB01229,MESH:D020258,40
DB01229,MESH:D020522,40
DB01229,MESH:D020886,40
DB01229,MESH:D024801,22
DB01229,MESH:D043171,40
DB01229,MESH:D050197,40
DB01229,MESH:D051437,40
DB01229,MESH:D052016,40
DB01229,MESH:D053609,40
DB01229,MESH:D054038,40
DB01229,MESH:D054198,40
DB01229,MESH:D054537,40
DB01229,MESH:D055752,40
DB01229,MESH:D056486,40
DB01229,MESH:D058922,40
DB01229,MESH:D065646,40
DB00780,MESH:D000077192,0
DB00780,MESH:D000236,40
DB00780,MESH:D000437,39
DB00780,MESH:D001008,40
DB00780,MESH:D001342,40
DB00780,MESH:D001714,40
DB00780,MESH:D001919,40
DB00780,MESH:D002389,40
DB00780,MESH:D002524,40
DB00780,MESH:D003128,40
DB00780,MESH:D003865,40
DB00780,MESH:D003866,40
DB00780,MESH:D003967,40
DB00780,MESH:D004487,40
DB00780,MESH:D004830,40
DB00780,MESH:D005334,40
DB00780,MESH:D006212,40
DB00780,MESH:D006261,40
DB00780,MESH:D006332,40
DB00780,MESH:D006394,40
DB00780,MESH:D006429,40
DB00780,MESH:D006973,40
DB00780,MESH:D007022,40
DB00780,MESH:D007024,40
DB00780,MESH:D007172,40
DB00780,MESH:D007177,40
DB00780,MESH:D007319,40
DB00780,MESH:D008113,40
DB00780,MESH:D008175,40
DB00780,MESH:D008881,40
DB00780,MESH:D009127,40
DB00780,MESH:D009205,40
DB00780,MESH:D009325,40
DB00780,MESH:D009336,40
DB00780,MESH:D009771,40
DB00780,MESH:D010292,40
DB00780,MESH:D010302,40
DB00780,MESH:D011183,40
DB00780,MESH:D012640,40
DB00780,MESH:D012893,40
DB00780,MESH:D013035,40
DB00780,MESH:D013375,40
DB00780,MESH:D013610,40
DB00780,MESH:D014202,40
DB00780,MESH:D014474,40
DB00780,MESH:D015430,40
DB00780,MESH:D016584,40
DB00780,MESH:D017114,40
DB00780,MESH:D018487,40
DB00780,MESH:D018754,40
DB00780,MESH:D019954,40
DB00780,MESH:D019964,40
DB00780,MESH:D020018,40
DB00780,MESH:D020178,40
DB00780,MESH:D053609,40
DB00780,MESH:D054971,0
DB00780,MESH:D062787,40
DB00570,MESH:D000077192,40
DB00570,MESH:D000380,40
DB00570,MESH:D000505,40
DB00570,MESH:D000782,40
DB00570,MESH:D000787,40
DB00570,MESH:D001943,40
DB00570,MESH:D002277,40
DB00570,MESH:D002289,40
DB00570,MESH:D002292,40
DB00570,MESH:D002295,40
DB00570,MESH:D002637,40
DB00570,MESH:D003248,40
DB00570,MESH:D003324,40
DB00570,MESH:D003967,40
DB00570,MESH:D005334,40
DB00570,MESH:D006258,40
DB00570,MESH:D006314,40
DB00570,MESH:D006333,40
DB00570,MESH:D006502,40
DB00570,MESH:D006504,40
DB00570,MESH:D006505,40
DB00570,MESH:D006932,40
DB00570,MESH:D007008,40
DB00570,MESH:D007010,40
DB00570,MESH:D007022,40
DB00570,MESH:D007172,40
DB00570,MESH:D007177,40
DB00570,MESH:D007674,40
DB00570,MESH:D007970,40
DB00570,MESH:D008106,40
DB00570,MESH:D008113,40
DB00570,MESH:D008545,40
DB00570,MESH:D009069,40
DB00570,MESH:D009135,40
DB00570,MESH:D009203,40
DB00570,MESH:D009325,40
DB00570,MESH:D009373,40
DB00570,MESH:D009374,40
DB00570,MESH:D009503,40
DB00570,MESH:D010051,40
DB00570,MESH:D010146,40
DB00570,MESH:D010243,40
DB00570,MESH:D010291,40
DB00570,MESH:D010292,40
DB00570,MESH:D010538,40
DB00570,MESH:D011014,40
DB00570,MESH:D011471,40
DB00570,MESH:D011507,40
DB00570,MESH:D011552,38
DB00570,MESH:D011658,40
DB00570,MESH:D011928,40
DB00570,MESH:D012021,40
DB00570,MESH:D012514,40
DB00570,MESH:D012640,40
DB00570,MESH:D013736,40
DB00570,MESH:D013921,40
DB00570,MESH:D013927,40
DB00570,MESH:D014625,40
DB00570,MESH:D014652,40
DB00570,MESH:D014839,40
DB00570,MESH:D015179,40
DB00570,MESH:D016506,0
DB00570,MESH:D017202,40
DB00570,MESH:D018236,40
DB00570,MESH:D018771,40
DB00570,MESH:D018805,40
DB00570,MESH:D018908,40
DB00570,MESH:D023341,40
DB00570,MESH:D048629,40
DB00570,MESH:D051437,40
DB00570,MESH:D054038,40
DB00570,MESH:D062787,40
DB00642,MESH:D000077192,40
DB00642,MESH:D000740,40
DB00642,MESH:D001157,40
DB00642,MESH:D001855,31
DB00642,MESH:D001943,40
DB00642,MESH:D002289,40
DB00642,MESH:D004941,40
DB00642,MESH:D005076,40
DB00642,MESH:D007674,40
DB00642,MESH:D007970,40
DB00642,MESH:D009503,40
DB00642,MESH:D011014,40
DB00642,MESH:D013274,40
DB00642,MESH:D013921,40
DB00642,MESH:D014581,40
DB00642,MESH:D014657,40
DB00642,MESH:D020246,40
DB00642,MESH:D052016,40
DB00642,MESH:D058186,40
DB01248,MESH:D000077192,40
DB01248,MESH:D000077195,40
DB01248,MESH:D000077277,40
DB01248,MESH:D000230,40
DB01248,MESH:D000380,40
DB01248,MESH:D000505,40
DB01248,MESH:D000740,40
DB01248,MESH:D000855,40
DB01248,MESH:D001145,40
DB01248,MESH:D001281,40
DB01248,MESH:D001749,40
DB01248,MESH:D001927,40
DB01248,MESH:D001943,40
DB01248,MESH:D002295,40
DB01248,MESH:D002471,40
DB01248,MESH:D002544,40
DB01248,MESH:D003110,40
DB01248,MESH:D003643,40
DB01248,MESH:D003872,40
DB01248,MESH:D003875,40
DB01248,MESH:D003967,40
DB01248,MESH:D004487,40
DB01248,MESH:D004890,40
DB01248,MESH:D004938,40
DB01248,MESH:D004941,40
DB01248,MESH:D005221,40
DB01248,MESH:D005334,40
DB01248,MESH:D005483,40
DB01248,MESH:D005770,40
DB01248,MESH:D005910,40
DB01248,MESH:D006331,40
DB01248,MESH:D006333,40
DB01248,MESH:D006470,40
DB01248,MESH:D006501,40
DB01248,MESH:D006505,40
DB01248,MESH:D006528,40
DB01248,MESH:D006943,40
DB01248,MESH:D006996,40
DB01248,MESH:D007022,40
DB01248,MESH:D007177,40
DB01248,MESH:D007890,40
DB01248,MESH:D007970,40
DB01248,MESH:D008171,40
DB01248,MESH:D008175,40
DB01248,MESH:D008269,40
DB01248,MESH:D008545,40
DB01248,MESH:D009101,40
DB01248,MESH:D009135,40
DB01248,MESH:D009202,40
DB01248,MESH:D009260,37
DB01248,MESH:D009303,40
DB01248,MESH:D009325,40
DB01248,MESH:D009362,40
DB01248,MESH:D009369,40
DB01248,MESH:D009374,40
DB01248,MESH:D009376,40
DB01248,MESH:D009410,40
DB01248,MESH:D009422,40
DB01248,MESH:D009503,40
DB01248,MESH:D010051,40
DB01248,MESH:D010190,40
DB01248,MESH:D010292,40
DB01248,MESH:D010490,40
DB01248,MESH:D010996,40
DB01248,MESH:D011115,40
DB01248,MESH:D011471,40
DB01248,MESH:D011655,40
DB01248,MESH:D012598,40
DB01248,MESH:D012871,40
DB01248,MESH:D012878,40
DB01248,MESH:D013064,40
DB01248,MESH:D013262,40
DB01248,MESH:D013280,40
DB01248,MESH:D013921,40
DB01248,MESH:D014594,40
DB01248,MESH:D014839,40
DB01248,MESH:D015431,40
DB01248,MESH:D015470,40
DB01248,MESH:D017495,40
DB01248,MESH:D018771,40
DB01248,MESH:D020234,40
DB01248,MESH:D020246,40
DB01248,MESH:D020886,40
DB01248,MESH:D052016,40
DB01248,MESH:D054198,40
DB01248,MESH:D054556,40
DB01248,MESH:D056486,40
DB01248,MESH:D064129,40
DB00290,MESH:D000380,40
DB00290,MESH:D000707,40
DB00290,MESH:D000860,40
DB00290,MESH:D001002,40
DB00290,MESH:D001342,40
DB00290,MESH:D001927,40
DB00290,MESH:D002277,40
DB00290,MESH:D002294,40
DB00290,MESH:D002583,40
DB00290,MESH:D003324,40
DB00290,MESH:D003967,40
DB00290,MESH:D004417,40
DB00290,MESH:D004487,40
DB00290,MESH:D005334,40
DB00290,MESH:D005355,40
DB00290,MESH:D006258,40
DB00290,MESH:D006314,40
DB00290,MESH:D006402,40
DB00290,MESH:D006417,40
DB00290,MESH:D006463,40
DB00290,MESH:D006528,40
DB00290,MESH:D006689,40
DB00290,MESH:D006932,40
DB00290,MESH:D006965,40
DB00290,MESH:D006976,40
DB00290,MESH:D006978,40
DB00290,MESH:D007022,40
DB00290,MESH:D007037,40
DB00290,MESH:D007172,40
DB00290,MESH:D007249,40
DB00290,MESH:D007511,40
DB00290,MESH:D007674,40
DB00290,MESH:D007822,40
DB00290,MESH:D008171,40
DB00290,MESH:D008175,40
DB00290,MESH:D008223,40
DB00290,MESH:D008228,40
DB00290,MESH:D008545,40
DB00290,MESH:D009062,40
DB00290,MESH:D009203,40
DB00290,MESH:D009373,40
DB00290,MESH:D009422,40
DB00290,MESH:D009503,40
DB00290,MESH:D010051,40
DB00290,MESH:D010292,40
DB00290,MESH:D010523,40
DB00290,MESH:D011014,40
DB00290,MESH:D011654,40
DB00290,MESH:D011655,40
DB00290,MESH:D011658,40
DB00290,MESH:D011697,40
DB00290,MESH:D011928,40
DB00290,MESH:D012131,40
DB00290,MESH:D012640,40
DB00290,MESH:D012871,40
DB00290,MESH:D013736,40
DB00290,MESH:D013921,40
DB00290,MESH:D014652,40
DB00290,MESH:D016483,40
DB00290,MESH:D018236,40
DB00290,MESH:D018908,40
DB00290,MESH:D048629,40
DB00290,MESH:D054038,36
DB00290,MESH:D054990,4
DB00290,MESH:D055370,40
DB00290,MESH:D055371,40
DB00544,MESH:D000077195,40
DB00544,MESH:D000077274,40
DB00544,MESH:D000077277,40
DB00544,MESH:D000140,40
DB00544,MESH:D000230,40
DB00544,MESH:D000380,40
DB00544,MESH:D000505,40
DB00544,MESH:D000741,40
DB00544,MESH:D000743,40
DB00544,MESH:D000744,40
DB00544,MESH:D000748,40
DB00544,MESH:D000749,40
DB00544,MESH:D000787,40
DB00544,MESH:D000799,40
DB00544,MESH:D000860,40
DB00544,MESH:D001005,40
DB00544,MESH:D001018,40
DB00544,MESH:D001145,40
DB00544,MESH:D001157,40
DB00544,MESH:D001201,40
DB00544,MESH:D001259,40
DB00544,MESH:D001281,40
DB00544,MESH:D001745,40
DB00544,MESH:D001749,40
DB00544,MESH:D001791,40
DB00544,MESH:D001855,40
DB00544,MESH:D001943,40
DB00544,MESH:D002276,40
DB00544,MESH:D002277,40
DB00544,MESH:D002289,40
DB00544,MESH:D002292,40
DB00544,MESH:D002294,40
DB00544,MESH:D002524,40
DB00544,MESH:D002545,40
DB00544,MESH:D002583,40
DB00544,MESH:D002637,40
DB00544,MESH:D002869,40
DB00544,MESH:D002972,40
DB00544,MESH:D003072,40
DB00544,MESH:D003110,40
DB00544,MESH:D003128,40
DB00544,MESH:D003248,40
DB00544,MESH:D003329,40
DB00544,MESH:D003681,40
DB00544,MESH:D003704,40
DB00544,MESH:D003711,40
DB00544,MESH:D003866,40
DB00544,MESH:D003872,40
DB00544,MESH:D003882,40
DB00544,MESH:D003967,40
DB00544,MESH:D003969,40
DB00544,MESH:D004417,40
DB00544,MESH:D004487,40
DB00544,MESH:D004617,40
DB00544,MESH:D004890,40
DB00544,MESH:D004938,40
DB00544,MESH:D004941,40
DB00544,MESH:D005141,40
DB00544,MESH:D005234,40
DB00544,MESH:D005315,40
DB00544,MESH:D005317,40
DB00544,MESH:D005334,40
DB00544,MESH:D005706,39
DB00544,MESH:D005759,40
DB00544,MESH:D005767,40
DB00544,MESH:D005770,40
DB00544,MESH:D005910,40
DB00544,MESH:D006261,40
DB00544,MESH:D006323,40
DB00544,MESH:D006331,40
DB00544,MESH:D006333,40
DB00544,MESH:D006402,40
DB00544,MESH:D006417,40
DB00544,MESH:D006461,40
DB00544,MESH:D006463,40
DB00544,MESH:D006470,40
DB00544,MESH:D006528,40
DB00544,MESH:D006869,40
DB00544,MESH:D006973,40
DB00544,MESH:D007010,40
DB00544,MESH:D007177,40
DB00544,MESH:D007249,40
DB00544,MESH:D007414,40
DB00544,MESH:D007511,40
DB00544,MESH:D007644,0
DB00544,MESH:D007680,40
DB00544,MESH:D007822,40
DB00544,MESH:D008105,40
DB00544,MESH:D008113,40
DB00544,MESH:D008114,40
DB00544,MESH:D008175,40
DB00544,MESH:D008546,40
DB00544,MESH:D008569,40
DB00544,MESH:D008831,40
DB00544,MESH:D008850,22
DB00544,MESH:D009062,40
DB00544,MESH:D009135,40
DB00544,MESH:D009202,40
DB00544,MESH:D009203,40
DB00544,MESH:D009205,40
DB00544,MESH:D009260,40
DB00544,MESH:D009303,40
DB00544,MESH:D009325,40
DB00544,MESH:D009362,40
DB00544,MESH:D009369,40
DB00544,MESH:D009374,40
DB00544,MESH:D009389,40
DB00544,MESH:D009422,40
DB00544,MESH:D009436,40
DB00544,MESH:D009461,40
DB00544,MESH:D009901,40
DB00544,MESH:D010051,40
DB00544,MESH:D010190,40
DB00544,MESH:D010198,40
DB00544,MESH:D010244,40
DB00544,MESH:D010257,40
DB00544,MESH:D010292,40
DB00544,MESH:D010409,40
DB00544,MESH:D010523,40
DB00544,MESH:D011164,40
DB00544,MESH:D011183,40
DB00544,MESH:D011618,40
DB00544,MESH:D011654,40
DB00544,MESH:D011928,40
DB00544,MESH:D012004,40
DB00544,MESH:D012509,40
DB00544,MESH:D012594,40
DB00544,MESH:D012640,40
DB00544,MESH:D012770,40
DB00544,MESH:D013035,40
DB00544,MESH:D013272,40
DB00544,MESH:D013280,40
DB00544,MESH:D013616,40
DB00544,MESH:D013617,40
DB00544,MESH:D013651,40
DB00544,MESH:D013684,40
DB00544,MESH:D013832,40
DB00544,MESH:D013923,40
DB00544,MESH:D013927,40
DB00544,MESH:D014062,38
DB00544,MESH:D014594,40
DB00544,MESH:D014693,40
DB00544,MESH:D014786,40
DB00544,MESH:D014839,40
DB00544,MESH:D015179,40
DB00544,MESH:D015209,40
DB00544,MESH:D017202,40
DB00544,MESH:D017495,40
DB00544,MESH:D017682,40
DB00544,MESH:D018197,40
DB00544,MESH:D018487,40
DB00544,MESH:D018805,40
DB00544,MESH:D018879,40
DB00544,MESH:D019457,40
DB00544,MESH:D019465,40
DB00544,MESH:D020246,40
DB00544,MESH:D020258,40
DB00544,MESH:D020520,40
DB00544,MESH:D022124,40
DB00544,MESH:D049188,40
DB00544,MESH:D051437,40
DB00544,MESH:D052016,40
DB00544,MESH:D053099,40
DB00544,MESH:D054058,40
DB00544,MESH:D054079,40
DB00544,MESH:D054537,40
DB00544,MESH:D056486,40
DB00544,MESH:D056784,40
DB00544,MESH:D058186,40
DB00501,MESH:D000077216,40
DB00501,MESH:D000707,40
DB00501,MESH:D000741,40
DB00501,MESH:D000799,40
DB00501,MESH:D001002,40
DB00501,MESH:D001008,40
DB00501,MESH:D001049,40
DB00501,MESH:D001145,40
DB00501,MESH:D001259,40
DB00501,MESH:D001281,40
DB00501,MESH:D001523,40
DB00501,MESH:D002389,40
DB00501,MESH:D002493,40
DB00501,MESH:D002779,40
DB00501,MESH:D002819,40
DB00501,MESH:D003248,40
DB00501,MESH:D003329,40
DB00501,MESH:D003704,40
DB00501,MESH:D003866,40
DB00501,MESH:D003875,40
DB00501,MESH:D003967,40
DB00501,MESH:D004381,40
DB00501,MESH:D004409,40
DB00501,MESH:D004421,40
DB00501,MESH:D004487,40
DB00501,MESH:D004827,40
DB00501,MESH:D004830,40
DB00501,MESH:D004941,40
DB00501,MESH:D005076,40
DB00501,MESH:D005334,40
DB00501,MESH:D005687,40
DB00501,MESH:D005764,40
DB00501,MESH:D006177,40
DB00501,MESH:D006212,40
DB00501,MESH:D006261,40
DB00501,MESH:D006311,40
DB00501,MESH:D006323,40
DB00501,MESH:D006402,40
DB00501,MESH:D006471,40
DB00501,MESH:D006505,40
DB00501,MESH:D006528,40
DB00501,MESH:D006943,40
DB00501,MESH:D006948,40
DB00501,MESH:D006973,40
DB00501,MESH:D007003,40
DB00501,MESH:D007022,40
DB00501,MESH:D007172,40
DB00501,MESH:D007410,40
DB00501,MESH:D007970,40
DB00501,MESH:D008107,40
DB00501,MESH:D008569,40
DB00501,MESH:D008708,40
DB00501,MESH:D009325,40
DB00501,MESH:D009336,40
DB00501,MESH:D009377,40
DB00501,MESH:D009395,40
DB00501,MESH:D009422,40
DB00501,MESH:D009503,40
DB00501,MESH:D009845,40
DB00501,MESH:D009901,40
DB00501,MESH:D010146,40
DB00501,MESH:D010195,40
DB00501,MESH:D010198,40
DB00501,MESH:D010437,40
DB00501,MESH:D010523,40
DB00501,MESH:D011141,40
DB00501,MESH:D011183,40
DB00501,MESH:D011537,40
DB00501,MESH:D011595,40
DB00501,MESH:D011605,40
DB00501,MESH:D011832,40
DB00501,MESH:D012131,40
DB00501,MESH:D012468,40
DB00501,MESH:D012640,40
DB00501,MESH:D012772,40
DB00501,MESH:D013064,40
DB00501,MESH:D013274,40
DB00501,MESH:D013276,40
DB00501,MESH:D013610,40
DB00501,MESH:D013921,40
DB00501,MESH:D014202,40
DB00501,MESH:D014456,40
DB00501,MESH:D014581,40
DB00501,MESH:D014657,40
DB00501,MESH:D014693,40
DB00501,MESH:D014839,40
DB00501,MESH:D015431,40
DB00501,MESH:D015746,40
DB00501,MESH:D016171,40
DB00501,MESH:D016584,40
DB00501,MESH:D016889,40
DB00501,MESH:D017180,40
DB00501,MESH:D017285,40
DB00501,MESH:D018487,40
DB00501,MESH:D018879,40
DB00501,MESH:D019512,40
DB00501,MESH:D019954,40
DB00501,MESH:D019964,40
DB00501,MESH:D020018,40
DB00501,MESH:D020246,40
DB00501,MESH:D034721,40
DB00501,MESH:D051437,40
DB00501,MESH:D053099,40
DB00501,MESH:D053609,40
DB00501,MESH:D054537,40
DB00501,MESH:D056486,40
DB00283,MESH:D000077216,40
DB00283,MESH:D000707,40
DB00283,MESH:D008064,40
DB00283,MESH:D013262,40
DB00283,MESH:D014581,40
DB01098,MESH:D000077273,40
DB01098,MESH:D000419,40
DB01098,MESH:D003925,40
DB01098,MESH:D003967,40
DB01098,MESH:D006505,40
DB01098,MESH:D006949,40
DB01098,MESH:D006950,40
DB01098,MESH:D006951,40
DB01098,MESH:D007009,40
DB01098,MESH:D007249,40
DB01098,MESH:D007674,40
DB01098,MESH:D009135,40
DB01098,MESH:D009157,40
DB01098,MESH:D009336,40
DB01098,MESH:D010146,40
DB01098,MESH:D011507,40
DB01098,MESH:D011628,40
DB01098,MESH:D012206,40
DB01098,MESH:D015228,40
DB01098,MESH:D015428,40
DB01098,MESH:D016893,40
DB01098,MESH:D017202,40
DB01098,MESH:D050171,40
DB01098,MESH:D051437,40
DB01098,MESH:D052456,40
DB01098,MESH:D054058,40
DB01098,MESH:D058186,40
DB01098,MESH:D058226,40
DB00309,MESH:D000077277,39
DB00309,MESH:D000380,40
DB00309,MESH:D000787,40
DB00309,MESH:D001752,40
DB00309,MESH:D001855,40
DB00309,MESH:D001929,40
DB00309,MESH:D001943,40
DB00309,MESH:D002289,40
DB00309,MESH:D002294,40
DB00309,MESH:D002295,40
DB00309,MESH:D002545,40
DB00309,MESH:D002583,40
DB00309,MESH:D003967,40
DB00309,MESH:D004211,40
DB00309,MESH:D004938,40
DB00309,MESH:D005334,40
DB00309,MESH:D005909,40
DB00309,MESH:D006258,40
DB00309,MESH:D006402,40
DB00309,MESH:D006417,40
DB00309,MESH:D007177,40
DB00309,MESH:D007680,40
DB00309,MESH:D007890,40
DB00309,MESH:D007938,40
DB00309,MESH:D007951,40
DB00309,MESH:D007970,40
DB00309,MESH:D008171,40
DB00309,MESH:D008175,40
DB00309,MESH:D008223,40
DB00309,MESH:D008228,40
DB00309,MESH:D008545,40
DB00309,MESH:D009101,40
DB00309,MESH:D009325,40
DB00309,MESH:D009396,40
DB00309,MESH:D009422,40
DB00309,MESH:D009503,40
DB00309,MESH:D010051,40
DB00309,MESH:D010146,40
DB00309,MESH:D010292,40
DB00309,MESH:D010523,40
DB00309,MESH:D011471,40
DB00309,MESH:D012021,40
DB00309,MESH:D012509,40
DB00309,MESH:D012512,40
DB00309,MESH:D013274,40
DB00309,MESH:D013280,40
DB00309,MESH:D013736,40
DB00309,MESH:D013921,40
DB00309,MESH:D013922,40
DB00309,MESH:D014839,40
DB00309,MESH:D015179,40
DB00309,MESH:D015464,40
DB00309,MESH:D018288,40
DB00309,MESH:D018908,40
DB00309,MESH:D020300,40
DB00309,MESH:D023341,40
DB00309,MESH:D053099,40
DB00309,MESH:D058186,40
DB00627,MESH:D000138,40
DB00627,MESH:D000749,40
DB00627,MESH:D001161,40
DB00627,MESH:D001943,40
DB00627,MESH:D002318,40
DB00627,MESH:D002340,40
DB00627,MESH:D002386,40
DB00627,MESH:D002546,31
DB00627,MESH:D002971,40
DB00627,MESH:D002972,40
DB00627,MESH:D003072,40
DB00627,MESH:D003327,40
DB00627,MESH:D003920,40
DB00627,MESH:D003925,40
DB00627,MESH:D004487,40
DB00627,MESH:D004890,40
DB00627,MESH:D005076,40
DB00627,MESH:D005128,40
DB00627,MESH:D005141,40
DB00627,MESH:D005234,40
DB00627,MESH:D005483,40
DB00627,MESH:D005767,40
DB00627,MESH:D005923,40
DB00627,MESH:D006073,40
DB00627,MESH:D006501,40
DB00627,MESH:D006937,40
DB00627,MESH:D006938,40
DB00627,MESH:D006949,40
DB00627,MESH:D006950,40
DB00627,MESH:D006951,40
DB00627,MESH:D006952,40
DB00627,MESH:D006954,40
DB00627,MESH:D006973,40
DB00627,MESH:D007003,36
DB00627,MESH:D007009,40
DB00627,MESH:D007022,40
DB00627,MESH:D007249,40
DB00627,MESH:D007333,40
DB00627,MESH:D007634,40
DB00627,MESH:D007676,40
DB00627,MESH:D007938,40
DB00627,MESH:D008060,40
DB00627,MESH:D008881,40
DB00627,MESH:D009127,40
DB00627,MESH:D009135,40
DB00627,MESH:D009336,40
DB00627,MESH:D009369,40
DB00627,MESH:D009798,40
DB00627,MESH:D010146,40
DB00627,MESH:D010292,40
DB00627,MESH:D010523,40
DB00627,MESH:D011507,40
DB00627,MESH:D011537,40
DB00627,MESH:D012162,40
DB00627,MESH:D012859,40
DB00627,MESH:D012871,40
DB00627,MESH:D012877,40
DB00627,MESH:D014098,40
DB00627,MESH:D014786,40
DB00627,MESH:D014839,40
DB00627,MESH:D014947,40
DB00627,MESH:D015228,40
DB00627,MESH:D015428,40
DB00627,MESH:D015470,40
DB00627,MESH:D016135,0
DB00627,MESH:D017114,40
DB00627,MESH:D017202,40
DB00627,MESH:D018476,40
DB00627,MESH:D019446,40
DB00627,MESH:D020244,40
DB00627,MESH:D020521,40
DB00627,MESH:D020820,40
DB00627,MESH:D023341,40
DB00627,MESH:D023921,31
DB00627,MESH:D043171,40
DB00627,MESH:D050171,40
DB00627,MESH:D052456,40
DB00627,MESH:D055370,40
DB01053,MESH:D000740,40
DB01053,MESH:D000743,40
DB01053,MESH:D000744,40
DB01053,MESH:D001002,40
DB01053,MESH:D001778,40
DB01053,MESH:D001927,40
DB01053,MESH:D002493,40
DB01053,MESH:D002780,40
DB01053,MESH:D003128,40
DB01053,MESH:D004802,40
DB01053,MESH:D004827,40
DB01053,MESH:D004830,40
DB01053,MESH:D005076,40
DB01053,MESH:D005334,40
DB01053,MESH:D006212,40
DB01053,MESH:D006461,40
DB01053,MESH:D006470,40
DB01053,MESH:D006869,40
DB01053,MESH:D006955,40
DB01053,MESH:D007008,40
DB01053,MESH:D007022,40
DB01053,MESH:D007970,40
DB01053,MESH:D009135,40
DB01053,MESH:D009395,40
DB01053,MESH:D009422,40
DB01053,MESH:D009503,40
DB01053,MESH:D010146,40
DB01053,MESH:D011008,40
DB01053,MESH:D011014,40
DB01053,MESH:D011507,40
DB01053,MESH:D012640,40
DB01053,MESH:D013203,40
DB01053,MESH:D013226,40
DB01053,MESH:D013272,40
DB01053,MESH:D013921,40
DB01053,MESH:D014517,40
DB01053,MESH:D015746,40
DB01053,MESH:D016905,40
DB01053,MESH:D016908,40
DB01053,MESH:D017449,40
DB01053,MESH:D018805,40
DB01053,MESH:D020968,40
DB01053,MESH:D051437,40
DB01053,MESH:D053201,40
DB01053,MESH:D053609,40
DB01053,MESH:D058186,40
DB00224,MESH:D000138,40
DB00224,MESH:D000140,40
DB00224,MESH:D000163,40
DB00224,MESH:D000419,40
DB00224,MESH:D000740,40
DB00224,MESH:D001002,40
DB00224,MESH:D001284,40
DB00224,MESH:D001416,40
DB00224,MESH:D001480,40
DB00224,MESH:D001744,40
DB00224,MESH:D002769,40
DB00224,MESH:D003072,40
DB00224,MESH:D003128,40
DB00224,MESH:D003324,40
DB00224,MESH:D003875,40
DB00224,MESH:D005221,40
DB00224,MESH:D005334,40
DB00224,MESH:D005767,40
DB00224,MESH:D006417,40
DB00224,MESH:D006505,40
DB00224,MESH:D006679,40
DB00224,MESH:D006869,40
DB00224,MESH:D006932,40
DB00224,MESH:D006937,40
DB00224,MESH:D006943,40
DB00224,MESH:D006973,40
DB00224,MESH:D007249,40
DB00224,MESH:D007669,40
DB00224,MESH:D007674,40
DB00224,MESH:D007676,40
DB00224,MESH:D007964,7
DB00224,MESH:D008068,40
DB00224,MESH:D008659,40
DB00224,MESH:D009164,40
DB00224,MESH:D009325,40
DB00224,MESH:D009393,40
DB00224,MESH:D009395,40
DB00224,MESH:D010195,40
DB00224,MESH:D010302,40
DB00224,MESH:D011507,40
DB00224,MESH:D012206,40
DB00224,MESH:D012871,40
DB00224,MESH:D013262,40
DB00224,MESH:D014514,40
DB00224,MESH:D014766,40
DB00224,MESH:D014839,40
DB00224,MESH:D015228,40
DB00224,MESH:D015658,40
DB00224,MESH:D015746,40
DB00224,MESH:D016757,40
DB00224,MESH:D020246,40
DB00224,MESH:D020347,40
DB00224,MESH:D050197,40
DB00224,MESH:D051437,40
DB00224,MESH:D053040,40
DB00224,MESH:D058426,36
DB00297,MESH:D000860,40
DB00297,MESH:D001049,40
DB00297,MESH:D001145,40
DB00297,MESH:D001416,40
DB00297,MESH:D001745,40
DB00297,MESH:D001927,40
DB00297,MESH:D002318,40
DB00297,MESH:D002493,40
DB00297,MESH:D002779,40
DB00297,MESH:D003371,40
DB00297,MESH:D004401,40
DB00297,MESH:D004830,40
DB00297,MESH:D005158,40
DB00297,MESH:D005315,40
DB00297,MESH:D005334,40
DB00297,MESH:D006311,40
DB00297,MESH:D006323,40
DB00297,MESH:D006327,40
DB00297,MESH:D006331,40
DB00297,MESH:D006930,40
DB00297,MESH:D007022,40
DB00297,MESH:D007249,40
DB00297,MESH:D007405,40
DB00297,MESH:D008580,40
DB00297,MESH:D008581,40
DB00297,MESH:D008582,40
DB00297,MESH:D009127,40
DB00297,MESH:D009133,40
DB00297,MESH:D009135,40
DB00297,MESH:D009325,40
DB00297,MESH:D009410,40
DB00297,MESH:D009422,40
DB00297,MESH:D009471,40
DB00297,MESH:D010146,40
DB00297,MESH:D010148,40
DB00297,MESH:D010149,40
DB00297,MESH:D010243,40
DB00297,MESH:D010291,40
DB00297,MESH:D010292,40
DB00297,MESH:D011183,40
DB00297,MESH:D011225,40
DB00297,MESH:D011537,40
DB00297,MESH:D011595,40
DB00297,MESH:D012131,40
DB00297,MESH:D012640,40
DB00297,MESH:D012678,40
DB00297,MESH:D012892,40
DB00297,MESH:D013118,40
DB00297,MESH:D013119,40
DB00297,MESH:D013610,40
DB00297,MESH:D014012,40
DB00297,MESH:D014555,40
DB00297,MESH:D014693,40
DB00297,MESH:D014786,40
DB00297,MESH:D016055,40
DB00297,MESH:D016757,40
DB00297,MESH:D017116,40
DB00297,MESH:D017180,40
DB00297,MESH:D017202,40
DB00297,MESH:D018908,40
DB00297,MESH:D034381,40
DB00297,MESH:D053201,40
DB00297,MESH:D066126,40
DB00887,MESH:D000138,40
DB00887,MESH:D000471,40
DB00887,MESH:D001919,40
DB00887,MESH:D003967,40
DB00887,MESH:D004417,40
DB00887,MESH:D004487,40
DB00887,MESH:D006930,40
DB00887,MESH:D006973,40
DB00887,MESH:D006974,3
DB00887,MESH:D009135,40
DB00887,MESH:D009404,40
DB00887,MESH:D013262,40
DB00887,MESH:D017202,40
DB00887,MESH:D018149,40
DB00887,MESH:D020078,40
DB00887,MESH:D034381,40
DB00887,MESH:D058186,40
DB00695,MESH:D000138,40
DB00695,MESH:D000743,40
DB00695,MESH:D001145,40
DB00695,MESH:D001281,40
DB00695,MESH:D001477,8
DB00695,MESH:D001847,40
DB00695,MESH:D001927,40
DB00695,MESH:D002114,40
DB00695,MESH:D002303,40
DB00695,MESH:D002311,40
DB00695,MESH:D002318,40
DB00695,MESH:D002543,40
DB00695,MESH:D002544,40
DB00695,MESH:D003128,40
DB00695,MESH:D003324,40
DB00695,MESH:D003556,40
DB00695,MESH:D003638,40
DB00695,MESH:D003680,40
DB00695,MESH:D003681,40
DB00695,MESH:D003875,40
DB00695,MESH:D003928,40
DB00695,MESH:D004374,40
DB00695,MESH:D004417,40
DB00695,MESH:D004427,40
DB00695,MESH:D004487,40
DB00695,MESH:D005221,40
DB00695,MESH:D005921,40
DB00695,MESH:D006261,40
DB00695,MESH:D006311,40
DB00695,MESH:D006319,40
DB00695,MESH:D006323,40
DB00695,MESH:D006333,40
DB00695,MESH:D006470,40
DB00695,MESH:D006849,40
DB00695,MESH:D006929,40
DB00695,MESH:D006947,40
DB00695,MESH:D006962,40
DB00695,MESH:D006973,40
DB00695,MESH:D006977,40
DB00695,MESH:D007008,40
DB00695,MESH:D007010,40
DB00695,MESH:D007235,40
DB00695,MESH:D007669,40
DB00695,MESH:D007674,40
DB00695,MESH:D008103,40
DB00695,MESH:D008107,40
DB00695,MESH:D008325,40
DB00695,MESH:D008944,40
DB00695,MESH:D009325,40
DB00695,MESH:D009336,40
DB00695,MESH:D009395,40
DB00695,MESH:D009397,40
DB00695,MESH:D009401,40
DB00695,MESH:D009402,40
DB00695,MESH:D009404,40
DB00695,MESH:D009461,40
DB00695,MESH:D010243,40
DB00695,MESH:D011141,40
DB00695,MESH:D011507,40
DB00695,MESH:D011654,40
DB00695,MESH:D011782,40
DB00695,MESH:D012128,40
DB00695,MESH:D012135,40
DB00695,MESH:D012206,40
DB00695,MESH:D013262,40
DB00695,MESH:D013274,40
DB00695,MESH:D013921,40
DB00695,MESH:D014012,40
DB00695,MESH:D014511,40
DB00695,MESH:D014657,40
DB00695,MESH:D014839,40
DB00695,MESH:D015427,40
DB00695,MESH:D015431,40
DB00695,MESH:D015746,40
DB00695,MESH:D015834,9
DB00695,MESH:D016171,40
DB00695,MESH:D017119,40
DB00695,MESH:D020521,40
DB00695,MESH:D034381,40
DB00695,MESH:D042882,40
DB00695,MESH:D046110,40
DB00695,MESH:D051436,40
DB00695,MESH:D051437,40
DB00695,MESH:D052177,40
DB00695,MESH:D052878,40
DB00695,MESH:D053040,40
DB00695,MESH:D053565,40
DB00695,MESH:D053609,40
DB00695,MESH:D056486,40
DB00695,MESH:D058186,40
DB00343,MESH:D000138,40
DB00343,MESH:D000419,40
DB00343,MESH:D000647,40
DB00343,MESH:D000744,40
DB00343,MESH:D000789,40
DB00343,MESH:D000799,40
DB00343,MESH:D000857,40
DB00343,MESH:D000860,40
DB00343,MESH:D001008,40
DB00343,MESH:D001145,40
DB00343,MESH:D001161,40
DB00343,MESH:D001259,40
DB00343,MESH:D001714,40
DB00343,MESH:D001919,40
DB00343,MESH:D001928,40
DB00343,MESH:D001943,40
DB00343,MESH:D002114,40
DB00343,MESH:D002312,40
DB00343,MESH:D002318,40
DB00343,MESH:D002375,40
DB00343,MESH:D003072,40
DB00343,MESH:D003248,40
DB00343,MESH:D003327,40
DB00343,MESH:D003866,40
DB00343,MESH:D003921,40
DB00343,MESH:D003925,40
DB00343,MESH:D003967,40
DB00343,MESH:D004409,40
DB00343,MESH:D004487,40
DB00343,MESH:D005076,40
DB00343,MESH:D005355,40
DB00343,MESH:D006212,40
DB00343,MESH:D006323,40
DB00343,MESH:D006327,40
DB00343,MESH:D006331,40
DB00343,MESH:D006333,40
DB00343,MESH:D006505,40
DB00343,MESH:D006973,40
DB00343,MESH:D006977,40
DB00343,MESH:D007022,40
DB00343,MESH:D007024,40
DB00343,MESH:D007319,40
DB00343,MESH:D007511,40
DB00343,MESH:D007674,40
DB00343,MESH:D008103,40
DB00343,MESH:D008133,40
DB00343,MESH:D009135,40
DB00343,MESH:D009202,40
DB00343,MESH:D009203,40
DB00343,MESH:D009336,40
DB00343,MESH:D009422,40
DB00343,MESH:D009846,40
DB00343,MESH:D009886,40
DB00343,MESH:D010146,40
DB00343,MESH:D010259,40
DB00343,MESH:D010302,40
DB00343,MESH:D010554,40
DB00343,MESH:D011183,40
DB00343,MESH:D011605,40
DB00343,MESH:D012640,40
DB00343,MESH:D012678,40
DB00343,MESH:D012770,40
DB00343,MESH:D012771,40
DB00343,MESH:D012804,40
DB00343,MESH:D012871,40
DB00343,MESH:D013035,40
DB00343,MESH:D013262,40
DB00343,MESH:D013375,40
DB00343,MESH:D013616,40
DB00343,MESH:D014694,40
DB00343,MESH:D014927,40
DB00343,MESH:D015427,40
DB00343,MESH:D015428,40
DB00343,MESH:D015746,40
DB00343,MESH:D017180,40
DB00343,MESH:D017202,40
DB00343,MESH:D017379,40
DB00343,MESH:D018487,40
DB00343,MESH:D018754,40
DB00343,MESH:D018771,40
DB00343,MESH:D019970,40
DB00343,MESH:D020521,40
DB00343,MESH:D051437,40
DB00343,MESH:D054537,40
DB00343,MESH:D056486,40
DB00343,MESH:D058186,40
DB00343,MESH:D060050,40
DB00883,MESH:D000138,40
DB00883,MESH:D000743,40
DB00883,MESH:D000787,40
DB00883,MESH:D001791,40
DB00883,MESH:D002637,40
DB00883,MESH:D003324,40
DB00883,MESH:D003329,40
DB00883,MESH:D004932,40
DB00883,MESH:D006212,40
DB00883,MESH:D006261,40
DB00883,MESH:D006333,40
DB00883,MESH:D006947,40
DB00883,MESH:D006973,40
DB00883,MESH:D007022,40
DB00883,MESH:D007024,40
DB00883,MESH:D007511,40
DB00883,MESH:D009203,40
DB00883,MESH:D009846,40
DB00883,MESH:D010291,40
DB00883,MESH:D010899,40
DB00883,MESH:D011225,40
DB00883,MESH:D011655,40
DB00883,MESH:D013375,40
DB00883,MESH:D013610,40
DB00883,MESH:D014581,40
DB00883,MESH:D015427,40
DB00883,MESH:D017202,40
DB00883,MESH:D018487,40
DB00883,MESH:D023921,40
DB00883,MESH:D051437,40
DB00883,MESH:D054537,40
DB00841,MESH:D000138,40
DB00841,MESH:D000787,40
DB00841,MESH:D001145,40
DB00841,MESH:D001238,40
DB00841,MESH:D001281,40
DB00841,MESH:D001919,40
DB00841,MESH:D002303,40
DB00841,MESH:D002311,40
DB00841,MESH:D002312,40
DB00841,MESH:D002637,40
DB00841,MESH:D003324,40
DB00841,MESH:D003327,40
DB00841,MESH:D003329,40
DB00841,MESH:D003645,40
DB00841,MESH:D004417,40
DB00841,MESH:D005355,40
DB00841,MESH:D006261,40
DB00841,MESH:D006323,40
DB00841,MESH:D006327,40
DB00841,MESH:D006332,40
DB00841,MESH:D006333,40
DB00841,MESH:D006342,40
DB00841,MESH:D006505,40
DB00841,MESH:D006947,40
DB00841,MESH:D006973,40
DB00841,MESH:D007008,40
DB00841,MESH:D007022,40
DB00841,MESH:D008171,40
DB00841,MESH:D009336,40
DB00841,MESH:D009461,40
DB00841,MESH:D010292,40
DB00841,MESH:D011183,40
DB00841,MESH:D012127,40
DB00841,MESH:D012769,40
DB00841,MESH:D012770,40
DB00841,MESH:D012772,40
DB00841,MESH:D014202,40
DB00841,MESH:D014693,40
DB00841,MESH:D014839,40
DB00841,MESH:D016534,40
DB00841,MESH:D017682,40
DB00841,MESH:D018487,40
DB00841,MESH:D018754,40
DB00841,MESH:D018879,40
DB00841,MESH:D020301,40
DB00841,MESH:D055371,40
DB00841,MESH:D062787,40
DB00521,MESH:D000138,40
DB00521,MESH:D001145,40
DB00521,MESH:D001919,40
DB00521,MESH:D005901,40
DB00521,MESH:D006973,40
DB00521,MESH:D009798,40
DB00521,MESH:D014693,40
DB00292,MESH:D000138,40
DB00292,MESH:D000309,40
DB00292,MESH:D001049,40
DB00292,MESH:D001919,40
DB00292,MESH:D001929,40
DB00292,MESH:D002389,40
DB00292,MESH:D002545,40
DB00292,MESH:D004890,40
DB00292,MESH:D006323,40
DB00292,MESH:D006461,40
DB00292,MESH:D007022,40
DB00292,MESH:D007035,40
DB00292,MESH:D009325,40
DB00292,MESH:D011595,40
DB00292,MESH:D013226,40
DB00292,MESH:D013927,40
DB00292,MESH:D014652,40
DB00292,MESH:D014693,40
DB00292,MESH:D014839,40
DB00292,MESH:D018376,40
DB00292,MESH:D019586,40
DB00292,MESH:D020820,40
DB00292,MESH:D051437,40
DB00292,MESH:D054537,40
DB00165,MESH:D000138,18
DB00165,MESH:D000437,0
DB00165,MESH:D000756,40
DB00165,MESH:D000855,40
DB00165,MESH:D001259,40
DB00165,MESH:D001480,40
DB00165,MESH:D001714,40
DB00165,MESH:D001766,40
DB00165,MESH:D002971,40
DB00165,MESH:D002972,40
DB00165,MESH:D003128,40
DB00165,MESH:D003680,0
DB00165,MESH:D004421,40
DB00165,MESH:D004890,40
DB00165,MESH:D005119,40
DB00165,MESH:D006527,40
DB00165,MESH:D006948,40
DB00165,MESH:D009069,40
DB00165,MESH:D009369,40
DB00165,MESH:D009422,40
DB00165,MESH:D010146,40
DB00165,MESH:D010300,40
DB00165,MESH:D010302,40
DB00165,MESH:D010523,40
DB00165,MESH:D011115,40
DB00165,MESH:D012559,40
DB00165,MESH:D012871,40
DB00165,MESH:D013226,40
DB00165,MESH:D014376,40
DB00165,MESH:D014397,40
DB00165,MESH:D053609,40
DB01085,MESH:D000138,40
DB01085,MESH:D001145,40
DB01085,MESH:D001308,40
DB01085,MESH:D001480,40
DB01085,MESH:D001523,40
DB01085,MESH:D001764,40
DB01085,MESH:D001919,40
DB01085,MESH:D001929,40
DB01085,MESH:D001930,40
DB01085,MESH:D002375,40
DB01085,MESH:D002545,40
DB01085,MESH:D003072,40
DB01085,MESH:D003229,40
DB01085,MESH:D003704,40
DB01085,MESH:D003711,40
DB01085,MESH:D004195,40
DB01085,MESH:D004827,40
DB01085,MESH:D004830,40
DB01085,MESH:D004832,40
DB01085,MESH:D004833,40
DB01085,MESH:D005221,40
DB01085,MESH:D005334,40
DB01085,MESH:D005902,40
DB01085,MESH:D006261,40
DB01085,MESH:D006948,40
DB01085,MESH:D006973,40
DB01085,MESH:D007035,40
DB01085,MESH:D007249,40
DB01085,MESH:D007859,40
DB01085,MESH:D009069,40
DB01085,MESH:D009325,40
DB01085,MESH:D009336,40
DB01085,MESH:D009389,40
DB01085,MESH:D009421,40
DB01085,MESH:D010554,40
DB01085,MESH:D012598,40
DB01085,MESH:D012640,40
DB01085,MESH:D012798,40
DB01085,MESH:D012859,0
DB01085,MESH:D014786,40
DB01085,MESH:D015812,40
DB01085,MESH:D015877,40
DB01085,MESH:D017889,40
DB01085,MESH:D019954,40
DB01085,MESH:D019970,40
DB01085,MESH:D020258,40
DB01085,MESH:D028361,40
DB01085,MESH:D053609,40
DB01085,MESH:D054537,40
DB00186,MESH:D000138,40
DB00186,MESH:D000437,40
DB00186,MESH:D001008,40
DB00186,MESH:D001714,40
DB00186,MESH:D001919,40
DB00186,MESH:D002389,40
DB00186,MESH:D002637,40
DB00186,MESH:D003128,40
DB00186,MESH:D003645,40
DB00186,MESH:D003680,40
DB00186,MESH:D003865,40
DB00186,MESH:D003866,40
DB00186,MESH:D003967,40
DB00186,MESH:D004421,40
DB00186,MESH:D004829,40
DB00186,MESH:D006212,40
DB00186,MESH:D006973,40
DB00186,MESH:D007010,40
DB00186,MESH:D007022,40
DB00186,MESH:D007172,40
DB00186,MESH:D007177,40
DB00186,MESH:D007319,40
DB00186,MESH:D008133,40
DB00186,MESH:D008569,40
DB00186,MESH:D009069,40
DB00186,MESH:D009325,40
DB00186,MESH:D010146,40
DB00186,MESH:D010698,40
DB00186,MESH:D011297,40
DB00186,MESH:D011595,40
DB00186,MESH:D011618,40
DB00186,MESH:D012206,40
DB00186,MESH:D012640,40
DB00186,MESH:D013064,40
DB00186,MESH:D013226,40
DB00186,MESH:D013313,40
DB00186,MESH:D013375,40
DB00186,MESH:D013610,40
DB00186,MESH:D013616,40
DB00186,MESH:D013927,40
DB00186,MESH:D014786,40
DB00186,MESH:D016584,40
DB00186,MESH:D018908,40
DB00186,MESH:D019586,40
DB00186,MESH:D019966,40
DB00186,MESH:D020018,40
DB00186,MESH:D053608,40
DB00186,MESH:D062787,40
DB00202,MESH:D000138,40
DB00202,MESH:D000707,40
DB00202,MESH:D001049,40
DB00202,MESH:D001145,40
DB00202,MESH:D001281,40
DB00202,MESH:D002318,40
DB00202,MESH:D003490,40
DB00202,MESH:D003875,40
DB00202,MESH:D004211,40
DB00202,MESH:D004421,40
DB00202,MESH:D004830,40
DB00202,MESH:D004890,40
DB00202,MESH:D005207,40
DB00202,MESH:D005334,40
DB00202,MESH:D005764,40
DB00202,MESH:D005901,40
DB00202,MESH:D006327,40
DB00202,MESH:D006470,40
DB00202,MESH:D006947,40
DB00202,MESH:D007022,40
DB00202,MESH:D007232,40
DB00202,MESH:D008305,40
DB00202,MESH:D009122,40
DB00202,MESH:D009127,40
DB00202,MESH:D009212,40
DB00202,MESH:D009336,40
DB00202,MESH:D009798,40
DB00202,MESH:D010146,40
DB00202,MESH:D010149,40
DB00202,MESH:D010243,40
DB00202,MESH:D010291,40
DB00202,MESH:D011183,40
DB00202,MESH:D011655,40
DB00202,MESH:D012206,40
DB00202,MESH:D012640,40
DB00202,MESH:D012891,40
DB00202,MESH:D013035,40
DB00202,MESH:D013610,40
DB00202,MESH:D014313,40
DB00202,MESH:D014581,40
DB00202,MESH:D014693,40
DB00202,MESH:D017180,40
DB00202,MESH:D019586,40
DB00202,MESH:D020967,40
DB00202,MESH:D058186,40
DB00503,MESH:D000140,40
DB00503,MESH:D000163,40
DB00503,MESH:D001161,40
DB00503,MESH:D001259,40
DB00503,MESH:D001480,40
DB00503,MESH:D001851,40
DB00503,MESH:D002779,40
DB00503,MESH:D003324,40
DB00503,MESH:D004195,40
DB00503,MESH:D005198,40
DB00503,MESH:D006501,40
DB00503,MESH:D006505,40
DB00503,MESH:D006509,40
DB00503,MESH:D006529,40
DB00503,MESH:D006932,40
DB00503,MESH:D006937,40
DB00503,MESH:D006943,40
DB00503,MESH:D006961,40
DB00503,MESH:D006976,40
DB00503,MESH:D008060,40
DB00503,MESH:D008103,40
DB00503,MESH:D008107,40
DB00503,MESH:D009293,40
DB00503,MESH:D009325,40
DB00503,MESH:D009374,40
DB00503,MESH:D010302,40
DB00503,MESH:D011655,40
DB00503,MESH:D012206,40
DB00503,MESH:D013226,40
DB00503,MESH:D013262,40
DB00503,MESH:D013375,40
DB00503,MESH:D014839,40
DB00503,MESH:D015228,40
DB00503,MESH:D015459,40
DB00503,MESH:D015658,40
DB00503,MESH:D015746,40
DB00503,MESH:D017093,40
DB00503,MESH:D017114,40
DB00503,MESH:D018500,40
DB00503,MESH:D020246,40
DB00503,MESH:D020300,40
DB00503,MESH:D020734,40
DB00503,MESH:D024821,40
DB00503,MESH:D039682,40
DB00503,MESH:D050171,40
DB00503,MESH:D051437,40
DB00503,MESH:D053040,40
DB00503,MESH:D058186,40
DB01069,MESH:D000138,40
DB01069,MESH:D001049,40
DB01069,MESH:D001714,40
DB01069,MESH:D001919,40
DB01069,MESH:D002375,40
DB01069,MESH:D002481,40
DB01069,MESH:D003072,40
DB01069,MESH:D004487,40
DB01069,MESH:D004660,40
DB01069,MESH:D005316,0
DB01069,MESH:D006261,40
DB01069,MESH:D006323,40
DB01069,MESH:D006529,40
DB01069,MESH:D006930,40
DB01069,MESH:D006947,40
DB01069,MESH:D006948,40
DB01069,MESH:D006955,40
DB01069,MESH:D006967,40
DB01069,MESH:D006984,40
DB01069,MESH:D006996,39
DB01069,MESH:D009122,40
DB01069,MESH:D009212,40
DB01069,MESH:D009395,40
DB01069,MESH:D010291,40
DB01069,MESH:D011183,40
DB01069,MESH:D011605,40
DB01069,MESH:D012131,40
DB01069,MESH:D012559,40
DB01069,MESH:D012640,40
DB01069,MESH:D012891,40
DB01069,MESH:D013375,40
DB01069,MESH:D013616,40
DB01069,MESH:D015431,40
DB01069,MESH:D016171,40
DB01069,MESH:D017180,40
DB01069,MESH:D020181,40
DB01069,MESH:D020821,40
DB01069,MESH:D053099,13
DB01069,MESH:D053608,40
DB01069,MESH:D054559,40
DB01069,MESH:D056486,40
DB01069,MESH:D058186,40
DB00197,MESH:D000138,40
DB00197,MESH:D000855,40
DB00197,MESH:D002289,40
DB00197,MESH:D002779,40
DB00197,MESH:D002780,40
DB00197,MESH:D003092,40
DB00197,MESH:D003920,40
DB00197,MESH:D003921,40
DB00197,MESH:D003924,40
DB00197,MESH:D003925,38
DB00197,MESH:D003928,40
DB00197,MESH:D005355,40
DB00197,MESH:D005910,40
DB00197,MESH:D005921,40
DB00197,MESH:D006331,40
DB00197,MESH:D006394,40
DB00197,MESH:D006501,40
DB00197,MESH:D006528,40
DB00197,MESH:D006932,40
DB00197,MESH:D006943,40
DB00197,MESH:D006946,40
DB00197,MESH:D006949,40
DB00197,MESH:D006965,40
DB00197,MESH:D006973,40
DB00197,MESH:D007249,40
DB00197,MESH:D007333,40
DB00197,MESH:D007511,40
DB00197,MESH:D008080,40
DB00197,MESH:D008103,40
DB00197,MESH:D008113,40
DB00197,MESH:D008114,40
DB00197,MESH:D008175,40
DB00197,MESH:D009336,40
DB00197,MESH:D009361,40
DB00197,MESH:D009389,40
DB00197,MESH:D009447,40
DB00197,MESH:D010190,40
DB00197,MESH:D011230,40
DB00197,MESH:D011507,40
DB00197,MESH:D011537,40
DB00197,MESH:D011565,40
DB00197,MESH:D011658,40
DB00197,MESH:D012878,40
DB00197,MESH:D013160,29
DB00197,MESH:D013274,40
DB00197,MESH:D013964,40
DB00197,MESH:D015228,40
DB00197,MESH:D015427,40
DB00197,MESH:D015430,40
DB00197,MESH:D015470,40
DB00197,MESH:D017093,40
DB00197,MESH:D017114,40
DB00197,MESH:D018921,40
DB00197,MESH:D019693,40
DB00197,MESH:D044882,1
DB00197,MESH:D050197,40
DB00197,MESH:D050500,40
DB00197,MESH:D051437,40
DB00197,MESH:D054198,40
DB00197,MESH:D055371,40
DB00197,MESH:D056627,0
DB00599,MESH:D000138,40
DB00599,MESH:D000707,40
DB00599,MESH:D000744,40
DB00599,MESH:D000799,40
DB00599,MESH:D001049,40
DB00599,MESH:D001145,40
DB00599,MESH:D001919,40
DB00599,MESH:D001930,40
DB00599,MESH:D002303,40
DB00599,MESH:D002545,40
DB00599,MESH:D002546,3
DB00599,MESH:D003128,40
DB00599,MESH:D003490,40
DB00599,MESH:D003875,40
DB00599,MESH:D003967,40
DB00599,MESH:D004421,40
DB00599,MESH:D004890,40
DB00599,MESH:D005207,40
DB00599,MESH:D005221,40
DB00599,MESH:D005483,40
DB00599,MESH:D006261,40
DB00599,MESH:D006323,40
DB00599,MESH:D006930,40
DB00599,MESH:D006935,40
DB00599,MESH:D006947,40
DB00599,MESH:D006973,40
DB00599,MESH:D007008,40
DB00599,MESH:D007022,40
DB00599,MESH:D007235,40
DB00599,MESH:D008569,40
DB00599,MESH:D009127,40
DB00599,MESH:D009128,40
DB00599,MESH:D009135,40
DB00599,MESH:D009175,40
DB00599,MESH:D009336,40
DB00599,MESH:D009461,40
DB00599,MESH:D010146,40
DB00599,MESH:D010149,40
DB00599,MESH:D011183,40
DB00599,MESH:D012131,40
DB00599,MESH:D012640,40
DB00599,MESH:D013035,40
DB00599,MESH:D013226,40
DB00599,MESH:D013610,40
DB00599,MESH:D013927,40
DB00599,MESH:D014103,40
DB00599,MESH:D014474,40
DB00599,MESH:D014581,40
DB00599,MESH:D014652,40
DB00599,MESH:D014693,40
DB00599,MESH:D016171,40
DB00599,MESH:D016491,40
DB00599,MESH:D017114,40
DB00599,MESH:D019586,40
DB00599,MESH:D020246,40
DB00599,MESH:D020820,40
DB00599,MESH:D022124,40
DB00599,MESH:D053608,40
DB00599,MESH:D055191,39
DB00599,MESH:D062787,40
DB00722,MESH:D000138,40
DB00722,MESH:D000419,40
DB00722,MESH:D000741,40
DB00722,MESH:D000799,40
DB00722,MESH:D001714,40
DB00722,MESH:D001919,40
DB00722,MESH:D003371,40
DB00722,MESH:D003929,40
DB00722,MESH:D003930,40
DB00722,MESH:D003967,40
DB00722,MESH:D004417,40
DB00722,MESH:D005076,40
DB00722,MESH:D005221,40
DB00722,MESH:D005355,40
DB00722,MESH:D005922,40
DB00722,MESH:D005923,40
DB00722,MESH:D006261,40
DB00722,MESH:D006332,40
DB00722,MESH:D006333,40
DB00722,MESH:D006406,40
DB00722,MESH:D006501,40
DB00722,MESH:D006930,40
DB00722,MESH:D006947,40
DB00722,MESH:D006949,40
DB00722,MESH:D006974,40
DB00722,MESH:D007024,40
DB00722,MESH:D007177,40
DB00722,MESH:D007235,40
DB00722,MESH:D007674,40
DB00722,MESH:D007676,40
DB00722,MESH:D009203,40
DB00722,MESH:D009325,40
DB00722,MESH:D009395,40
DB00722,MESH:D009846,40
DB00722,MESH:D010198,40
DB00722,MESH:D010409,40
DB00722,MESH:D011658,40
DB00722,MESH:D012798,40
DB00722,MESH:D012893,40
DB00722,MESH:D013262,40
DB00722,MESH:D013375,40
DB00722,MESH:D014657,40
DB00722,MESH:D015228,40
DB00722,MESH:D015746,40
DB00722,MESH:D018487,40
DB00722,MESH:D018754,40
DB00722,MESH:D019964,40
DB00722,MESH:D051437,40
DB00722,MESH:D053099,40
DB00722,MESH:D056486,40
DB00722,MESH:D060825,40
DB00975,MESH:D000138,40
DB00975,MESH:D000544,40
DB00975,MESH:D000707,40
DB00975,MESH:D000787,40
DB00975,MESH:D001002,40
DB00975,MESH:D001145,40
DB00975,MESH:D001281,40
DB00975,MESH:D001919,40
DB00975,MESH:D001927,40
DB00975,MESH:D002311,40
DB00975,MESH:D002545,40
DB00975,MESH:D002546,40
DB00975,MESH:D002637,40
DB00975,MESH:D002779,40
DB00975,MESH:D003324,40
DB00975,MESH:D003329,40
DB00975,MESH:D003967,40
DB00975,MESH:D004417,40
DB00975,MESH:D005124,40
DB00975,MESH:D005483,40
DB00975,MESH:D006212,40
DB00975,MESH:D006261,40
DB00975,MESH:D006327,40
DB00975,MESH:D006331,40
DB00975,MESH:D006333,40
DB00975,MESH:D006463,40
DB00975,MESH:D006470,40
DB00975,MESH:D006940,40
DB00975,MESH:D006973,40
DB00975,MESH:D007022,40
DB00975,MESH:D007174,4
DB00975,MESH:D007511,40
DB00975,MESH:D007964,40
DB00975,MESH:D008881,40
DB00975,MESH:D008944,40
DB00975,MESH:D009203,40
DB00975,MESH:D009325,40
DB00975,MESH:D009369,40
DB00975,MESH:D010292,40
DB00975,MESH:D011507,40
DB00975,MESH:D012770,40
DB00975,MESH:D013345,40
DB00975,MESH:D013375,40
DB00975,MESH:D014839,40
DB00975,MESH:D015427,40
DB00975,MESH:D015746,40
DB00975,MESH:D017202,40
DB00975,MESH:D017682,40
DB00975,MESH:D018487,40
DB00975,MESH:D020246,40
DB00975,MESH:D020521,40
DB00975,MESH:D020795,40
DB00975,MESH:D042882,40
DB00975,MESH:D049188,40
DB00975,MESH:D054537,40
DB00975,MESH:D056627,0
DB00761,MESH:D000138,40
DB00761,MESH:D001145,40
DB00761,MESH:D004487,40
DB00761,MESH:D004890,0
DB00761,MESH:D005221,40
DB00761,MESH:D006333,40
DB00761,MESH:D006973,40
DB00761,MESH:D007008,40
DB00761,MESH:D007022,40
DB00761,MESH:D008569,40
DB00761,MESH:D010146,40
DB00761,MESH:D012640,40
DB00761,MESH:D013035,40
DB00761,MESH:D013276,40
DB00761,MESH:D053609,40
DB00867,MESH:D000138,40
DB00867,MESH:D000743,40
DB00867,MESH:D001145,40
DB00867,MESH:D001919,40
DB00867,MESH:D002311,40
DB00867,MESH:D002318,40
DB00867,MESH:D002543,40
DB00867,MESH:D002547,40
DB00867,MESH:D003327,40
DB00867,MESH:D004417,40
DB00867,MESH:D006323,40
DB00867,MESH:D006333,40
DB00867,MESH:D006505,40
DB00867,MESH:D006946,40
DB00867,MESH:D006973,40
DB00867,MESH:D006996,40
DB00867,MESH:D007003,40
DB00867,MESH:D007008,40
DB00867,MESH:D007022,40
DB00867,MESH:D007232,40
DB00867,MESH:D007674,40
DB00867,MESH:D007752,40
DB00867,MESH:D009136,40
DB00867,MESH:D009202,40
DB00867,MESH:D009203,40
DB00867,MESH:D009325,40
DB00867,MESH:D011654,40
DB00867,MESH:D011655,40
DB00867,MESH:D013610,40
DB00867,MESH:D013616,40
DB00867,MESH:D013617,40
DB00867,MESH:D014202,40
DB00867,MESH:D014693,40
DB00867,MESH:D014839,40
DB00867,MESH:D017202,40
DB00867,MESH:D018879,40
DB00867,MESH:D020967,0
DB00867,MESH:D056486,40
DB00867,MESH:D058186,40
DB00171,MESH:D000138,40
DB00171,MESH:D000419,40
DB00171,MESH:D001145,40
DB00171,MESH:D001281,40
DB00171,MESH:D001919,40
DB00171,MESH:D002386,40
DB00171,MESH:D002637,40
DB00171,MESH:D004417,40
DB00171,MESH:D005119,40
DB00171,MESH:D006261,40
DB00171,MESH:D006332,40
DB00171,MESH:D007022,40
DB00171,MESH:D009336,40
DB00171,MESH:D009369,40
DB00171,MESH:D009374,40
DB00171,MESH:D010146,40
DB00171,MESH:D012640,40
DB00171,MESH:D013617,40
DB00171,MESH:D015427,40
DB00171,MESH:D016534,40
DB00171,MESH:D017180,40
DB00171,MESH:D019586,40
DB00171,MESH:D053201,40
DB00171,MESH:D054537,40
DB00171,MESH:D056486,40
DB00818,MESH:D000140,40
DB00818,MESH:D000402,40
DB00818,MESH:D000860,40
DB00818,MESH:D001049,40
DB00818,MESH:D001145,40
DB00818,MESH:D001281,40
DB00818,MESH:D001480,40
DB00818,MESH:D001919,40
DB00818,MESH:D001929,40
DB00818,MESH:D001930,40
DB00818,MESH:D002303,40
DB00818,MESH:D002318,40
DB00818,MESH:D002493,40
DB00818,MESH:D002545,40
DB00818,MESH:D002819,40
DB00818,MESH:D003072,40
DB00818,MESH:D003128,40
DB00818,MESH:D003490,40
DB00818,MESH:D004409,40
DB00818,MESH:D004421,40
DB00818,MESH:D004487,40
DB00818,MESH:D004827,40
DB00818,MESH:D004829,40
DB00818,MESH:D005076,40
DB00818,MESH:D005119,40
DB00818,MESH:D005207,40
DB00818,MESH:D005221,40
DB00818,MESH:D005234,40
DB00818,MESH:D005334,40
DB00818,MESH:D006212,40
DB00818,MESH:D006261,40
DB00818,MESH:D006327,40
DB00818,MESH:D006333,40
DB00818,MESH:D006930,40
DB00818,MESH:D006940,40
DB00818,MESH:D006947,40
DB00818,MESH:D006949,40
DB00818,MESH:D006976,40
DB00818,MESH:D006984,40
DB00818,MESH:D006985,40
DB00818,MESH:D007022,40
DB00818,MESH:D007035,40
DB00818,MESH:D007249,40
DB00818,MESH:D007674,40
DB00818,MESH:D007859,40
DB00818,MESH:D008107,40
DB00818,MESH:D008569,40
DB00818,MESH:D008580,0
DB00818,MESH:D008831,6
DB00818,MESH:D009069,40
DB00818,MESH:D009102,40
DB00818,MESH:D009122,40
DB00818,MESH:D009135,40
DB00818,MESH:D009202,40
DB00818,MESH:D009222,40
DB00818,MESH:D009325,40
DB00818,MESH:D009336,40
DB00818,MESH:D009422,40
DB00818,MESH:D010146,40
DB00818,MESH:D010149,40
DB00818,MESH:D010195,40
DB00818,MESH:D010243,40
DB00818,MESH:D011595,40
DB00818,MESH:D011618,40
DB00818,MESH:D012021,40
DB00818,MESH:D012131,40
DB00818,MESH:D012640,40
DB00818,MESH:D012769,40
DB00818,MESH:D012893,40
DB00818,MESH:D013035,40
DB00818,MESH:D013226,40
DB00818,MESH:D013375,40
DB00818,MESH:D013616,40
DB00818,MESH:D013617,40
DB00818,MESH:D014652,40
DB00818,MESH:D014657,40
DB00818,MESH:D014839,40
DB00818,MESH:D015228,40
DB00818,MESH:D015427,40
DB00818,MESH:D015428,40
DB00818,MESH:D016171,40
DB00818,MESH:D017093,40
DB00818,MESH:D017202,40
DB00818,MESH:D018908,40
DB00818,MESH:D020246,40
DB00818,MESH:D020258,40
DB00818,MESH:D020795,1
DB00818,MESH:D020821,40
DB00818,MESH:D021081,40
DB00818,MESH:D053840,40
DB00818,MESH:D055191,40
DB00818,MESH:D055371,40
DB00818,MESH:D056486,40
DB00818,MESH:D056784,40
DB00818,MESH:D058186,40
DB00818,MESH:D066126,40
DB00649,MESH:D000138,40
DB00649,MESH:D000163,40
DB00649,MESH:D000505,40
DB00649,MESH:D000740,40
DB00649,MESH:D000748,40
DB00649,MESH:D002177,40
DB00649,MESH:D002493,40
DB00649,MESH:D003639,40
DB00649,MESH:D003967,40
DB00649,MESH:D004890,40
DB00649,MESH:D005198,40
DB00649,MESH:D005221,40
DB00649,MESH:D005234,40
DB00649,MESH:D005334,40
DB00649,MESH:D006319,40
DB00649,MESH:D006402,40
DB00649,MESH:D006505,40
DB00649,MESH:D006679,40
DB00649,MESH:D006973,40
DB00649,MESH:D008060,40
DB00649,MESH:D009135,40
DB00649,MESH:D009422,40
DB00649,MESH:D009437,40
DB00649,MESH:D011115,40
DB00649,MESH:D011297,40
DB00649,MESH:D012206,40
DB00649,MESH:D013118,40
DB00649,MESH:D014012,40
DB00649,MESH:D015526,40
DB00649,MESH:D015658,40
DB00649,MESH:D015746,40
DB00649,MESH:D017093,40
DB00649,MESH:D017240,40
DB00649,MESH:D020258,40
DB00649,MESH:D024821,40
DB00649,MESH:D028361,40
DB00649,MESH:D039682,40
DB00649,MESH:D056486,40
DB00649,MESH:D058186,40
DB00951,MESH:D000138,40
DB00951,MESH:D000152,40
DB00951,MESH:D000230,40
DB00951,MESH:D000741,40
DB00951,MESH:D000756,40
DB00951,MESH:D001168,40
DB00951,MESH:D001327,40
DB00951,MESH:D001523,40
DB00951,MESH:D001714,40
DB00951,MESH:D001766,40
DB00951,MESH:D001855,40
DB00951,MESH:D001919,40
DB00951,MESH:D001927,40
DB00951,MESH:D002493,40
DB00951,MESH:D002524,40
DB00951,MESH:D002526,40
DB00951,MESH:D002779,40
DB00951,MESH:D002780,40
DB00951,MESH:D003110,40
DB00951,MESH:D003704,40
DB00951,MESH:D003875,40
DB00951,MESH:D004802,40
DB00951,MESH:D005221,40
DB00951,MESH:D005234,40
DB00951,MESH:D005334,40
DB00951,MESH:D005483,40
DB00951,MESH:D005767,40
DB00951,MESH:D006106,40
DB00951,MESH:D006212,40
DB00951,MESH:D006261,40
DB00951,MESH:D006331,40
DB00951,MESH:D006529,40
DB00951,MESH:D006943,40
DB00951,MESH:D006948,40
DB00951,MESH:D006971,40
DB00951,MESH:D006973,40
DB00951,MESH:D006975,40
DB00951,MESH:D007022,40
DB00951,MESH:D007592,40
DB00951,MESH:D007674,40
DB00951,MESH:D007683,40
DB00951,MESH:D008103,40
DB00951,MESH:D008107,40
DB00951,MESH:D008113,40
DB00951,MESH:D008180,40
DB00951,MESH:D008181,40
DB00951,MESH:D008569,40
DB00951,MESH:D008582,40
DB00951,MESH:D008590,40
DB00951,MESH:D009164,40
DB00951,MESH:D009165,40
DB00951,MESH:D009325,40
DB00951,MESH:D009336,40
DB00951,MESH:D009374,40
DB00951,MESH:D009410,40
DB00951,MESH:D009771,40
DB00951,MESH:D009845,40
DB00951,MESH:D009901,40
DB00951,MESH:D010195,40
DB00951,MESH:D010523,40
DB00951,MESH:D010995,40
DB00951,MESH:D011115,40
DB00951,MESH:D011507,40
DB00951,MESH:D012206,40
DB00951,MESH:D012640,40
DB00951,MESH:D012772,40
DB00951,MESH:D013226,40
DB00951,MESH:D013921,40
DB00951,MESH:D014376,40
DB00951,MESH:D014657,40
DB00951,MESH:D014786,40
DB00951,MESH:D014839,40
DB00951,MESH:D014947,40
DB00951,MESH:D015658,40
DB00951,MESH:D015746,40
DB00951,MESH:D017093,40
DB00951,MESH:D017114,40
DB00951,MESH:D018248,40
DB00951,MESH:D018771,40
DB00951,MESH:D020258,40
DB00951,MESH:D020820,40
DB00951,MESH:D034141,40
DB00951,MESH:D048550,40
DB00951,MESH:D051437,40
DB00951,MESH:D056486,40
DB00951,MESH:D058186,40
DB01356,MESH:D000138,40
DB01356,MESH:D000419,40
DB01356,MESH:D000544,40
DB01356,MESH:D000647,40
DB01356,MESH:D000690,40
DB01356,MESH:D000741,40
DB01356,MESH:D000757,40
DB01356,MESH:D000855,40
DB01356,MESH:D001008,40
DB01356,MESH:D001037,40
DB01356,MESH:D001145,40
DB01356,MESH:D001259,40
DB01356,MESH:D001523,40
DB01356,MESH:D001714,40
DB01356,MESH:D001766,40
DB01356,MESH:D001919,40
DB01356,MESH:D001927,40
DB01356,MESH:D001930,40
DB01356,MESH:D002318,40
DB01356,MESH:D002375,40
DB01356,MESH:D002526,40
DB01356,MESH:D002546,40
DB01356,MESH:D002547,40
DB01356,MESH:D002637,40
DB01356,MESH:D002658,40
DB01356,MESH:D002819,40
DB01356,MESH:D003072,40
DB01356,MESH:D003248,40
DB01356,MESH:D003490,40
DB01356,MESH:D003560,40
DB01356,MESH:D003680,40
DB01356,MESH:D003704,40
DB01356,MESH:D003711,40
DB01356,MESH:D003866,40
DB01356,MESH:D003919,40
DB01356,MESH:D004195,40
DB01356,MESH:D004401,40
DB01356,MESH:D004409,40
DB01356,MESH:D004421,40
DB01356,MESH:D004487,40
DB01356,MESH:D004827,40
DB01356,MESH:D004830,40
DB01356,MESH:D004833,40
DB01356,MESH:D005076,40
DB01356,MESH:D005128,40
DB01356,MESH:D005221,40
DB01356,MESH:D005334,40
DB01356,MESH:D005767,40
DB01356,MESH:D005921,40
DB01356,MESH:D005923,40
DB01356,MESH:D006042,40
DB01356,MESH:D006073,40
DB01356,MESH:D006130,40
DB01356,MESH:D006201,40
DB01356,MESH:D006212,40
DB01356,MESH:D006261,40
DB01356,MESH:D006323,40
DB01356,MESH:D006327,40
DB01356,MESH:D006331,40
DB01356,MESH:D006332,40
DB01356,MESH:D006391,40
DB01356,MESH:D006561,40
DB01356,MESH:D006816,40
DB01356,MESH:D006831,40
DB01356,MESH:D006932,40
DB01356,MESH:D006934,40
DB01356,MESH:D006943,40
DB01356,MESH:D006948,40
DB01356,MESH:D006955,40
DB01356,MESH:D006961,40
DB01356,MESH:D006976,40
DB01356,MESH:D007022,40
DB01356,MESH:D007035,40
DB01356,MESH:D007037,40
DB01356,MESH:D007172,40
DB01356,MESH:D007177,40
DB01356,MESH:D007644,40
DB01356,MESH:D007674,40
DB01356,MESH:D007676,40
DB01356,MESH:D007683,40
DB01356,MESH:D007859,40
DB01356,MESH:D007964,40
DB01356,MESH:D008569,40
DB01356,MESH:D008881,40
DB01356,MESH:D009069,40
DB01356,MESH:D009123,40
DB01356,MESH:D009127,40
DB01356,MESH:D009157,40
DB01356,MESH:D009203,40
DB01356,MESH:D009205,40
DB01356,MESH:D009325,40
DB01356,MESH:D009389,40
DB01356,MESH:D009395,40
DB01356,MESH:D009410,40
DB01356,MESH:D009422,40
DB01356,MESH:D009436,40
DB01356,MESH:D009461,40
DB01356,MESH:D009468,40
DB01356,MESH:D009765,40
DB01356,MESH:D009886,40
DB01356,MESH:D010024,40
DB01356,MESH:D010282,40
DB01356,MESH:D010300,40
DB01356,MESH:D010302,40
DB01356,MESH:D010409,40
DB01356,MESH:D011141,40
DB01356,MESH:D011248,40
DB01356,MESH:D011297,40
DB01356,MESH:D011507,40
DB01356,MESH:D011595,40
DB01356,MESH:D011596,40
DB01356,MESH:D011605,40
DB01356,MESH:D012021,40
DB01356,MESH:D012148,40
DB01356,MESH:D012206,40
DB01356,MESH:D012559,40
DB01356,MESH:D012798,40
DB01356,MESH:D012804,40
DB01356,MESH:D012848,40
DB01356,MESH:D012871,40
DB01356,MESH:D012893,40
DB01356,MESH:D013035,40
DB01356,MESH:D013064,40
DB01356,MESH:D013226,40
DB01356,MESH:D013342,40
DB01356,MESH:D013375,40
DB01356,MESH:D013617,40
DB01356,MESH:D013733,40
DB01356,MESH:D013959,40
DB01356,MESH:D013981,40
DB01356,MESH:D014012,40
DB01356,MESH:D014202,40
DB01356,MESH:D014511,40
DB01356,MESH:D014555,40
DB01356,MESH:D014786,40
DB01356,MESH:D014839,40
DB01356,MESH:D014927,40
DB01356,MESH:D015428,40
DB01356,MESH:D015430,40
DB01356,MESH:D015433,40
DB01356,MESH:D015535,40
DB01356,MESH:D015746,40
DB01356,MESH:D016171,40
DB01356,MESH:D017096,40
DB01356,MESH:D018376,40
DB01356,MESH:D018476,40
DB01356,MESH:D018500,40
DB01356,MESH:D018908,40
DB01356,MESH:D019954,40
DB01356,MESH:D019956,40
DB01356,MESH:D019958,40
DB01356,MESH:D019964,40
DB01356,MESH:D019966,40
DB01356,MESH:D020225,40
DB01356,MESH:D020233,40
DB01356,MESH:D020258,40
DB01356,MESH:D020329,40
DB01356,MESH:D020795,40
DB01356,MESH:D020820,40
DB01356,MESH:D049188,40
DB01356,MESH:D050197,40
DB01356,MESH:D051436,40
DB01356,MESH:D051437,40
DB01356,MESH:D053609,40
DB01356,MESH:D053840,40
DB01356,MESH:D054537,40
DB01356,MESH:D056486,40
DB01356,MESH:D058186,40
DB01356,MESH:D062787,40
DB01001,MESH:D000138,40
DB01001,MESH:D000707,40
DB01001,MESH:D000787,40
DB01001,MESH:D000799,40
DB01001,MESH:D001145,40
DB01001,MESH:D001169,40
DB01001,MESH:D001249,40
DB01001,MESH:D001281,40
DB01001,MESH:D002311,40
DB01001,MESH:D002312,40
DB01001,MESH:D003329,40
DB01001,MESH:D004417,40
DB01001,MESH:D005221,40
DB01001,MESH:D006323,40
DB01001,MESH:D006333,40
DB01001,MESH:D006947,40
DB01001,MESH:D006973,40
DB01001,MESH:D007003,40
DB01001,MESH:D007024,40
DB01001,MESH:D007674,40
DB01001,MESH:D007676,39
DB01001,MESH:D007752,40
DB01001,MESH:D008133,40
DB01001,MESH:D008173,40
DB01001,MESH:D009135,40
DB01001,MESH:D009202,40
DB01001,MESH:D009203,40
DB01001,MESH:D009205,40
DB01001,MESH:D010291,40
DB01001,MESH:D012135,40
DB01001,MESH:D012640,40
DB01001,MESH:D013610,40
DB01001,MESH:D013616,40
DB01001,MESH:D013617,40
DB01001,MESH:D014202,40
DB01001,MESH:D014694,40
DB01001,MESH:D014839,40
DB01001,MESH:D017180,40
DB01001,MESH:D018487,40
DB01001,MESH:D018879,40
DB01001,MESH:D029424,40
DB01001,MESH:D053609,40
DB00863,MESH:D000740,40
DB00863,MESH:D000743,40
DB00863,MESH:D000748,40
DB00863,MESH:D001471,40
DB00863,MESH:D001714,40
DB00863,MESH:D002637,40
DB00863,MESH:D002819,40
DB00863,MESH:D003866,40
DB00863,MESH:D004401,40
DB00863,MESH:D004421,40
DB00863,MESH:D004802,40
DB00863,MESH:D004942,40
DB00863,MESH:D005198,24
DB00863,MESH:D005764,40
DB00863,MESH:D005767,40
DB00863,MESH:D006212,40
DB00863,MESH:D006261,40
DB00863,MESH:D006323,40
DB00863,MESH:D006356,40
DB00863,MESH:D006471,40
DB00863,MESH:D006501,40
DB00863,MESH:D006505,40
DB00863,MESH:D006930,40
DB00863,MESH:D006947,40
DB00863,MESH:D006948,40
DB00863,MESH:D006966,40
DB00863,MESH:D006967,40
DB00863,MESH:D007172,40
DB00863,MESH:D007970,40
DB00863,MESH:D008180,40
DB00863,MESH:D008231,40
DB00863,MESH:D008582,40
DB00863,MESH:D008708,40
DB00863,MESH:D009336,40
DB00863,MESH:D009395,40
DB00863,MESH:D009503,40
DB00863,MESH:D010243,40
DB00863,MESH:D010437,40
DB00863,MESH:D011595,40
DB00863,MESH:D011695,40
DB00863,MESH:D011832,40
DB00863,MESH:D012021,40
DB00863,MESH:D012640,40
DB00863,MESH:D013262,40
DB00863,MESH:D013272,40
DB00863,MESH:D013276,40
DB00863,MESH:D013375,40
DB00863,MESH:D014012,40
DB00863,MESH:D014581,40
DB00863,MESH:D015427,40
DB00863,MESH:D015746,40
DB00863,MESH:D017114,40
DB00863,MESH:D051437,40
DB00863,MESH:D054537,40
DB00863,MESH:D056486,40
DB01236,MESH:D000138,40
DB01236,MESH:D000647,40
DB01236,MESH:D000857,39
DB01236,MESH:D001145,40
DB01236,MESH:D001480,40
DB01236,MESH:D002318,40
DB01236,MESH:D002545,40
DB01236,MESH:D003072,40
DB01236,MESH:D004421,40
DB01236,MESH:D004827,40
DB01236,MESH:D006323,40
DB01236,MESH:D006529,40
DB01236,MESH:D006930,40
DB01236,MESH:D006973,40
DB01236,MESH:D007022,40
DB01236,MESH:D007859,40
DB01236,MESH:D008569,40
DB01236,MESH:D009203,40
DB01236,MESH:D009325,40
DB01236,MESH:D009410,40
DB01236,MESH:D010149,40
DB01236,MESH:D011183,40
DB01236,MESH:D011507,40
DB01236,MESH:D011595,40
DB01236,MESH:D012120,0
DB01236,MESH:D012206,40
DB01236,MESH:D012893,40
DB01236,MESH:D013610,40
DB01236,MESH:D014313,40
DB01236,MESH:D014839,40
DB01236,MESH:D015427,40
DB01236,MESH:D016171,40
DB01236,MESH:D017093,40
DB01236,MESH:D018487,40
DB01236,MESH:D056486,40
DB00443,MESH:D000138,40
DB00443,MESH:D000152,40
DB00443,MESH:D000857,40
DB00443,MESH:D001145,40
DB00443,MESH:D001169,39
DB00443,MESH:D001172,40
DB00443,MESH:D001724,40
DB00443,MESH:D001766,40
DB00443,MESH:D001997,40
DB00443,MESH:D002312,40
DB00443,MESH:D003329,40
DB00443,MESH:D003872,40
DB00443,MESH:D003875,40
DB00443,MESH:D003876,40
DB00443,MESH:D004401,40
DB00443,MESH:D004487,40
DB00443,MESH:D004802,38
DB00443,MESH:D004890,40
DB00443,MESH:D005621,40
DB00443,MESH:D006391,40
DB00443,MESH:D006940,40
DB00443,MESH:D006943,40
DB00443,MESH:D006973,40
DB00443,MESH:D007008,40
DB00443,MESH:D007333,40
DB00443,MESH:D009135,40
DB00443,MESH:D009203,40
DB00443,MESH:D010146,40
DB00443,MESH:D011225,40
DB00443,MESH:D011248,40
DB00443,MESH:D011297,40
DB00443,MESH:D011537,40
DB00443,MESH:D011565,40
DB00443,MESH:D011654,40
DB00443,MESH:D011655,40
DB00443,MESH:D011782,40
DB00443,MESH:D012120,40
DB00443,MESH:D012127,40
DB00443,MESH:D012141,40
DB00443,MESH:D012871,40
DB00443,MESH:D013118,40
DB00443,MESH:D013684,40
DB00443,MESH:D014694,40
DB00443,MESH:D015431,40
DB00443,MESH:D017116,40
DB00443,MESH:D017449,40
DB00443,MESH:D017674,40
DB00443,MESH:D018908,40
DB00443,MESH:D020514,40
DB00443,MESH:D024801,40
DB00443,MESH:D051437,40
DB00152,MESH:D000430,40
DB00152,MESH:D001927,40
DB00152,MESH:D002386,40
DB00152,MESH:D002524,26
DB00152,MESH:D002971,40
DB00152,MESH:D002972,40
DB00152,MESH:D003711,21
DB00152,MESH:D006333,40
DB00152,MESH:D006501,1
DB00152,MESH:D009410,0
DB00152,MESH:D010146,40
DB00152,MESH:D010523,40
DB00152,MESH:D011115,16
DB00152,MESH:D012640,40
DB00152,MESH:D014581,40
DB00152,MESH:D014899,40
DB00152,MESH:D017240,0
DB00244,MESH:D000138,25
DB00244,MESH:D000141,0
DB00244,MESH:D000169,40
DB00244,MESH:D000707,40
DB00244,MESH:D000741,40
DB00244,MESH:D000799,40
DB00244,MESH:D001168,40
DB00244,MESH:D001424,40
DB00244,MESH:D001919,40
DB00244,MESH:D002446,0
DB00244,MESH:D002637,40
DB00244,MESH:D002779,40
DB00244,MESH:D003093,40
DB00244,MESH:D003110,40
DB00244,MESH:D003248,40
DB00244,MESH:D003424,40
DB00244,MESH:D003875,40
DB00244,MESH:D003967,40
DB00244,MESH:D005355,40
DB00244,MESH:D006261,40
DB00244,MESH:D006417,40
DB00244,MESH:D006470,40
DB00244,MESH:D007249,40
DB00244,MESH:D007676,40
DB00244,MESH:D007683,40
DB00244,MESH:D009080,40
DB00244,MESH:D009135,40
DB00244,MESH:D009205,40
DB00244,MESH:D009393,40
DB00244,MESH:D009395,40
DB00244,MESH:D009402,40
DB00244,MESH:D010195,40
DB00244,MESH:D011141,40
DB00244,MESH:D011507,40
DB00244,MESH:D011537,40
DB00244,MESH:D011704,40
DB00244,MESH:D012021,40
DB00244,MESH:D014456,40
DB00244,MESH:D014786,40
DB00244,MESH:D014839,40
DB00244,MESH:D015212,40
DB00244,MESH:D015431,40
DB00244,MESH:D017445,40
DB00244,MESH:D018500,40
DB00244,MESH:D018908,40
DB00244,MESH:D051436,40
DB00244,MESH:D056486,40
DB00244,MESH:D058186,40
DB01118,MESH:D000138,40
DB01118,MESH:D000542,40
DB01118,MESH:D000740,40
DB01118,MESH:D000787,40
DB01118,MESH:D000799,40
DB01118,MESH:D000855,40
DB01118,MESH:D000857,40
DB01118,MESH:D001145,40
DB01118,MESH:D001259,40
DB01118,MESH:D001281,40
DB01118,MESH:D001327,40
DB01118,MESH:D001416,40
DB01118,MESH:D001480,40
DB01118,MESH:D001523,40
DB01118,MESH:D001766,40
DB01118,MESH:D001778,40
DB01118,MESH:D001919,40
DB01118,MESH:D001927,40
DB01118,MESH:D002311,40
DB01118,MESH:D002312,40
DB01118,MESH:D002341,40
DB01118,MESH:D002375,40
DB01118,MESH:D002386,40
DB01118,MESH:D002526,40
DB01118,MESH:D002544,40
DB01118,MESH:D002761,40
DB01118,MESH:D002779,40
DB01118,MESH:D002780,40
DB01118,MESH:D003117,40
DB01118,MESH:D003316,40
DB01118,MESH:D003371,40
DB01118,MESH:D003409,40
DB01118,MESH:D003866,40
DB01118,MESH:D003875,40
DB01118,MESH:D003919,40
DB01118,MESH:D004283,40
DB01118,MESH:D004409,40
DB01118,MESH:D004487,40
DB01118,MESH:D004932,40
DB01118,MESH:D005128,40
DB01118,MESH:D005221,40
DB01118,MESH:D005234,40
DB01118,MESH:D005317,40
DB01118,MESH:D005334,40
DB01118,MESH:D005767,40
DB01118,MESH:D005921,40
DB01118,MESH:D006042,40
DB01118,MESH:D006323,40
DB01118,MESH:D006331,40
DB01118,MESH:D006332,40
DB01118,MESH:D006333,40
DB01118,MESH:D006461,40
DB01118,MESH:D006470,40
DB01118,MESH:D006501,40
DB01118,MESH:D006505,40
DB01118,MESH:D006934,40
DB01118,MESH:D006975,40
DB01118,MESH:D006980,40
DB01118,MESH:D007010,40
DB01118,MESH:D007022,40
DB01118,MESH:D007035,40
DB01118,MESH:D007037,40
DB01118,MESH:D007172,40
DB01118,MESH:D007905,40
DB01118,MESH:D007964,40
DB01118,MESH:D008064,40
DB01118,MESH:D008103,40
DB01118,MESH:D008107,40
DB01118,MESH:D008133,40
DB01118,MESH:D008171,40
DB01118,MESH:D008180,40
DB01118,MESH:D009069,40
DB01118,MESH:D009133,40
DB01118,MESH:D009135,40
DB01118,MESH:D009202,40
DB01118,MESH:D009203,40
DB01118,MESH:D009205,40
DB01118,MESH:D009220,40
DB01118,MESH:D009325,40
DB01118,MESH:D009336,40
DB01118,MESH:D009422,40
DB01118,MESH:D009461,40
DB01118,MESH:D009468,40
DB01118,MESH:D009886,40
DB01118,MESH:D009896,40
DB01118,MESH:D009901,40
DB01118,MESH:D010146,40
DB01118,MESH:D010195,40
DB01118,MESH:D010292,40
DB01118,MESH:D010490,40
DB01118,MESH:D010523,40
DB01118,MESH:D010859,40
DB01118,MESH:D011115,40
DB01118,MESH:D011183,40
DB01118,MESH:D011249,40
DB01118,MESH:D011537,40
DB01118,MESH:D011658,40
DB01118,MESH:D012128,40
DB01118,MESH:D012131,40
DB01118,MESH:D012393,40
DB01118,MESH:D012640,40
DB01118,MESH:D012769,40
DB01118,MESH:D012804,40
DB01118,MESH:D012848,40
DB01118,MESH:D012871,40
DB01118,MESH:D012893,40
DB01118,MESH:D013163,40
DB01118,MESH:D013262,40
DB01118,MESH:D013276,40
DB01118,MESH:D013375,40
DB01118,MESH:D013494,40
DB01118,MESH:D013610,40
DB01118,MESH:D013617,40
DB01118,MESH:D013921,40
DB01118,MESH:D013959,40
DB01118,MESH:D013971,40
DB01118,MESH:D014202,40
DB01118,MESH:D014693,40
DB01118,MESH:D014786,40
DB01118,MESH:D014839,40
DB01118,MESH:D014927,40
DB01118,MESH:D015431,40
DB01118,MESH:D015746,40
DB01118,MESH:D016171,40
DB01118,MESH:D016757,40
DB01118,MESH:D017114,40
DB01118,MESH:D017180,40
DB01118,MESH:D017202,40
DB01118,MESH:D017682,40
DB01118,MESH:D018487,40
DB01118,MESH:D018754,40
DB01118,MESH:D018879,40
DB01118,MESH:D018908,40
DB01118,MESH:D018917,40
DB01118,MESH:D019586,40
DB01118,MESH:D020233,40
DB01118,MESH:D020258,40
DB01118,MESH:D020514,40
DB01118,MESH:D020795,40
DB01118,MESH:D020820,40
DB01118,MESH:D020879,40
DB01118,MESH:D041781,40
DB01118,MESH:D042882,39
DB01118,MESH:D053099,40
DB01118,MESH:D054537,40
DB01118,MESH:D055370,40
DB01118,MESH:D056486,40
DB01118,MESH:D058186,40
DB01118,MESH:D066126,40
DB01213,MESH:D000138,40
DB01213,MESH:D009336,40
DB01213,MESH:D056486,40
DB00578,MESH:D000138,40
DB00578,MESH:D000471,40
DB00578,MESH:D000707,40
DB00578,MESH:D000743,40
DB00578,MESH:D001424,40
DB00578,MESH:D003556,40
DB00578,MESH:D004830,40
DB00578,MESH:D004927,40
DB00578,MESH:D006417,40
DB00578,MESH:D006474,0
DB00578,MESH:D006529,40
DB00578,MESH:D007008,40
DB00578,MESH:D007674,40
DB00578,MESH:D009325,40
DB00578,MESH:D011552,40
DB00578,MESH:D011704,40
DB00578,MESH:D012640,40
DB00578,MESH:D014552,40
DB00578,MESH:D014839,40
DB00578,MESH:D016470,40
DB00578,MESH:D016905,40
DB00578,MESH:D018805,40
DB00578,MESH:D051437,40
DB00578,MESH:D053099,40
DB00578,MESH:D056486,40
DB00578,MESH:D058186,40
DB00703,MESH:D000380,38
DB00703,MESH:D000741,40
DB00703,MESH:D000855,40
DB00703,MESH:D002780,40
DB00703,MESH:D003117,40
DB00703,MESH:D003128,40
DB00703,MESH:D005901,40
DB00703,MESH:D006332,40
DB00703,MESH:D006501,0
DB00703,MESH:D006505,40
DB00703,MESH:D010292,40
DB00703,MESH:D011605,0
DB00703,MESH:D014202,40
DB00703,MESH:D014514,35
DB00703,MESH:D053040,40
DB00703,MESH:D053609,40
DB00703,MESH:D056486,40
DB00573,MESH:D000138,3
DB00573,MESH:D000380,40
DB00573,MESH:D000741,40
DB00573,MESH:D000744,40
DB00573,MESH:D000799,40
DB00573,MESH:D001172,40
DB00573,MESH:D003128,40
DB00573,MESH:D003229,40
DB00573,MESH:D004412,40
DB00573,MESH:D005923,40
DB00573,MESH:D007022,40
DB00573,MESH:D007249,40
DB00573,MESH:D007683,40
DB00573,MESH:D009395,40
DB00573,MESH:D009402,40
DB00573,MESH:D009404,40
DB00573,MESH:D010003,40
DB00573,MESH:D010146,40
DB00573,MESH:D010149,40
DB00573,MESH:D011507,40
DB00573,MESH:D011704,40
DB00573,MESH:D012131,40
DB00573,MESH:D013262,40
DB00573,MESH:D013921,40
DB00573,MESH:D014581,40
DB00573,MESH:D015433,40
DB00573,MESH:D051437,40
DB00573,MESH:D056486,40
DB00543,MESH:D000138,40
DB00543,MESH:D001480,40
DB00543,MESH:D001928,40
DB00543,MESH:D001930,40
DB00543,MESH:D002375,40
DB00543,MESH:D002819,40
DB00543,MESH:D003072,40
DB00543,MESH:D003866,40
DB00543,MESH:D004409,40
DB00543,MESH:D005334,40
DB00543,MESH:D005687,40
DB00543,MESH:D006333,40
DB00543,MESH:D007022,40
DB00543,MESH:D009069,40
DB00543,MESH:D009212,40
DB00543,MESH:D012206,40
DB00543,MESH:D012640,40
DB00543,MESH:D013226,40
DB00543,MESH:D013617,40
DB00543,MESH:D014103,40
DB00543,MESH:D016055,40
DB00543,MESH:D020233,40
DB00543,MESH:D020734,40
DB00543,MESH:D056486,40
DB00543,MESH:D062787,40
DB01603,MESH:D000138,40
DB01603,MESH:D000141,0
DB01603,MESH:D000380,40
DB01603,MESH:D000743,40
DB01603,MESH:D001002,40
DB01603,MESH:D001170,40
DB01603,MESH:D002481,40
DB01603,MESH:D003556,40
DB01603,MESH:D003681,0
DB01603,MESH:D003875,40
DB01603,MESH:D003919,0
DB01603,MESH:D004802,40
DB01603,MESH:D005076,40
DB01603,MESH:D005334,40
DB01603,MESH:D005921,40
DB01603,MESH:D006417,40
DB01603,MESH:D006947,40
DB01603,MESH:D007008,40
DB01603,MESH:D007970,40
DB01603,MESH:D009127,40
DB01603,MESH:D009395,40
DB01603,MESH:D009404,40
DB01603,MESH:D011015,40
DB01603,MESH:D011507,40
DB01603,MESH:D013203,40
DB01603,MESH:D014555,40
DB01603,MESH:D016470,40
DB01603,MESH:D018805,40
DB01603,MESH:D053099,40
DB01603,MESH:D058186,40
DB00759,MESH:D000138,40
DB00759,MESH:D000152,40
DB00759,MESH:D000743,40
DB00759,MESH:D000744,40
DB00759,MESH:D000749,39
DB00759,MESH:D002006,0
DB00759,MESH:D002637,40
DB00759,MESH:D002779,40
DB00759,MESH:D003560,40
DB00759,MESH:D003645,40
DB00759,MESH:D003967,40
DB00759,MESH:D004211,40
DB00759,MESH:D004760,40
DB00759,MESH:D004927,40
DB00759,MESH:D005234,40
DB00759,MESH:D006261,40
DB00759,MESH:D006501,40
DB00759,MESH:D006529,40
DB00759,MESH:D006930,40
DB00759,MESH:D007674,40
DB00759,MESH:D007683,40
DB00759,MESH:D008064,40
DB00759,MESH:D008107,40
DB00759,MESH:D008288,3
DB00759,MESH:D009059,40
DB00759,MESH:D009133,40
DB00759,MESH:D009205,40
DB00759,MESH:D009325,40
DB00759,MESH:D009336,40
DB00759,MESH:D009395,40
DB00759,MESH:D009437,40
DB00759,MESH:D009461,40
DB00759,MESH:D010146,40
DB00759,MESH:D010149,40
DB00759,MESH:D010391,40
DB00759,MESH:D010518,40
DB00759,MESH:D010996,40
DB00759,MESH:D011141,40
DB00759,MESH:D011248,40
DB00759,MESH:D011537,40
DB00759,MESH:D011565,40
DB00759,MESH:D011704,40
DB00759,MESH:D012141,40
DB00759,MESH:D012393,40
DB00759,MESH:D013651,40
DB00759,MESH:D013959,0
DB00759,MESH:D014188,40
DB00759,MESH:D014657,40
DB00759,MESH:D014839,40
DB00759,MESH:D016481,40
DB00759,MESH:D017096,40
DB00759,MESH:D018908,40
DB00759,MESH:D019586,40
DB00759,MESH:D028361,40
DB00759,MESH:D050197,40
DB00759,MESH:D051437,40
DB00759,MESH:D052177,40
DB00759,MESH:D053099,40
DB00759,MESH:D056486,40
DB00759,MESH:D058186,40
DB00373,MESH:D000138,40
DB00373,MESH:D000707,40
DB00373,MESH:D000787,40
DB00373,MESH:D001008,40
DB00373,MESH:D001049,40
DB00373,MESH:D001145,40
DB00373,MESH:D001249,40
DB00373,MESH:D001281,40
DB00373,MESH:D001523,40
DB00373,MESH:D001919,40
DB00373,MESH:D002318,40
DB00373,MESH:D002546,40
DB00373,MESH:D003327,40
DB00373,MESH:D003866,40
DB00373,MESH:D003967,40
DB00373,MESH:D005128,40
DB00373,MESH:D005221,40
DB00373,MESH:D005315,12
DB00373,MESH:D005767,40
DB00373,MESH:D005902,40
DB00373,MESH:D006212,40
DB00373,MESH:D006323,40
DB00373,MESH:D006327,40
DB00373,MESH:D006331,40
DB00373,MESH:D006332,40
DB00373,MESH:D006333,40
DB00373,MESH:D006940,40
DB00373,MESH:D007008,40
DB00373,MESH:D007022,40
DB00373,MESH:D007024,40
DB00373,MESH:D007172,40
DB00373,MESH:D007232,40
DB00373,MESH:D007634,40
DB00373,MESH:D008133,40
DB00373,MESH:D009203,40
DB00373,MESH:D009325,40
DB00373,MESH:D009798,40
DB00373,MESH:D011537,40
DB00373,MESH:D011605,40
DB00373,MESH:D011654,40
DB00373,MESH:D011928,40
DB00373,MESH:D012848,40
DB00373,MESH:D012893,40
DB00373,MESH:D012912,40
DB00373,MESH:D013610,40
DB00373,MESH:D013927,40
DB00373,MESH:D014202,40
DB00373,MESH:D015746,40
DB00373,MESH:D017889,40
DB00373,MESH:D018908,40
DB00373,MESH:D018917,40
DB00373,MESH:D019964,40
DB00373,MESH:D029424,40
DB00373,MESH:D053609,40
DB00373,MESH:D054537,40
DB00373,MESH:D057066,40
DB01016,MESH:D000743,40
DB01016,MESH:D001145,40
DB01016,MESH:D001167,40
DB01016,MESH:D001768,40
DB01016,MESH:D002769,40
DB01016,MESH:D002779,40
DB01016,MESH:D002780,40
DB01016,MESH:D003128,40
DB01016,MESH:D003324,40
DB01016,MESH:D003921,40
DB01016,MESH:D004802,40
DB01016,MESH:D005076,40
DB01016,MESH:D006470,40
DB01016,MESH:D006505,40
DB01016,MESH:D006949,40
DB01016,MESH:D006975,40
DB01016,MESH:D007022,40
DB01016,MESH:D008133,40
DB01016,MESH:D009336,40
DB01016,MESH:D009395,40
DB01016,MESH:D010146,40
DB01016,MESH:D011141,40
DB01016,MESH:D011507,40
DB01016,MESH:D011537,39
DB01016,MESH:D012640,40
DB01016,MESH:D012770,40
DB01016,MESH:D015431,40
DB01016,MESH:D016640,40
DB01016,MESH:D017093,40
DB01016,MESH:D017202,40
DB01016,MESH:D018487,40
DB01016,MESH:D050197,40
DB01016,MESH:D056486,40
DB00363,MESH:D000140,40
DB00363,MESH:D000380,40
DB00363,MESH:D000741,40
DB00363,MESH:D000799,40
DB00363,MESH:D000855,40
DB00363,MESH:D001049,40
DB00363,MESH:D001068,40
DB00363,MESH:D001145,40
DB00363,MESH:D001201,40
DB00363,MESH:D001342,40
DB00363,MESH:D001480,40
DB00363,MESH:D001523,40
DB00363,MESH:D001714,40
DB00363,MESH:D001764,40
DB00363,MESH:D001919,40
DB00363,MESH:D001930,40
DB00363,MESH:D002305,40
DB00363,MESH:D002311,40
DB00363,MESH:D002318,40
DB00363,MESH:D002375,40
DB00363,MESH:D002779,40
DB00363,MESH:D002819,40
DB00363,MESH:D003072,40
DB00363,MESH:D003128,40
DB00363,MESH:D003161,40
DB00363,MESH:D003371,40
DB00363,MESH:D003490,40
DB00363,MESH:D003645,40
DB00363,MESH:D003680,40
DB00363,MESH:D003865,40
DB00363,MESH:D003875,40
DB00363,MESH:D003920,40
DB00363,MESH:D003924,40
DB00363,MESH:D004401,40
DB00363,MESH:D004409,40
DB00363,MESH:D004417,40
DB00363,MESH:D004421,40
DB00363,MESH:D004487,40
DB00363,MESH:D004802,40
DB00363,MESH:D004827,40
DB00363,MESH:D004829,40
DB00363,MESH:D004830,40
DB00363,MESH:D004831,40
DB00363,MESH:D005076,40
DB00363,MESH:D005334,40
DB00363,MESH:D006212,40
DB00363,MESH:D006331,40
DB00363,MESH:D006333,40
DB00363,MESH:D006417,40
DB00363,MESH:D006501,40
DB00363,MESH:D006529,40
DB00363,MESH:D006943,40
DB00363,MESH:D006948,40
DB00363,MESH:D006949,40
DB00363,MESH:D006966,40
DB00363,MESH:D006973,40
DB00363,MESH:D007010,40
DB00363,MESH:D007022,40
DB00363,MESH:D007035,40
DB00363,MESH:D007174,40
DB00363,MESH:D007333,40
DB00363,MESH:D007859,40
DB00363,MESH:D007964,40
DB00363,MESH:D008107,40
DB00363,MESH:D008133,40
DB00363,MESH:D008659,40
DB00363,MESH:D009069,40
DB00363,MESH:D009123,40
DB00363,MESH:D009127,40
DB00363,MESH:D009190,40
DB00363,MESH:D009202,40
DB00363,MESH:D009205,40
DB00363,MESH:D009212,40
DB00363,MESH:D009336,40
DB00363,MESH:D009395,40
DB00363,MESH:D009422,40
DB00363,MESH:D009503,40
DB00363,MESH:D009765,40
DB00363,MESH:D009771,40
DB00363,MESH:D010146,40
DB00363,MESH:D010195,40
DB00363,MESH:D010243,40
DB00363,MESH:D010259,40
DB00363,MESH:D010300,40
DB00363,MESH:D010554,40
DB00363,MESH:D010698,40
DB00363,MESH:D010996,40
DB00363,MESH:D011297,40
DB00363,MESH:D011507,40
DB00363,MESH:D011605,40
DB00363,MESH:D011618,40
DB00363,MESH:D011654,40
DB00363,MESH:D011655,40
DB00363,MESH:D012021,40
DB00363,MESH:D012131,40
DB00363,MESH:D012148,40
DB00363,MESH:D012559,40
DB00363,MESH:D012563,40
DB00363,MESH:D012640,40
DB00363,MESH:D012770,40
DB00363,MESH:D012798,40
DB00363,MESH:D012893,40
DB00363,MESH:D013064,40
DB00363,MESH:D013262,40
DB00363,MESH:D013342,40
DB00363,MESH:D013375,40
DB00363,MESH:D013610,40
DB00363,MESH:D013616,40
DB00363,MESH:D013617,40
DB00363,MESH:D013981,40
DB00363,MESH:D014029,40
DB00363,MESH:D014202,40
DB00363,MESH:D014474,40
DB00363,MESH:D014555,40
DB00363,MESH:D014786,40
DB00363,MESH:D014839,40
DB00363,MESH:D015430,40
DB00363,MESH:D015431,40
DB00363,MESH:D016055,40
DB00363,MESH:D016584,40
DB00363,MESH:D016757,40
DB00363,MESH:D016883,40
DB00363,MESH:D017029,40
DB00363,MESH:D017114,40
DB00363,MESH:D018476,40
DB00363,MESH:D018908,40
DB00363,MESH:D019954,40
DB00363,MESH:D019956,40
DB00363,MESH:D019957,40
DB00363,MESH:D019964,40
DB00363,MESH:D019966,40
DB00363,MESH:D019970,40
DB00363,MESH:D020018,40
DB00363,MESH:D020246,40
DB00363,MESH:D020345,40
DB00363,MESH:D020520,40
DB00363,MESH:D020734,40
DB00363,MESH:D020767,40
DB00363,MESH:D020820,40
DB00363,MESH:D020961,40
DB00363,MESH:D041781,40
DB00363,MESH:D044882,23
DB00363,MESH:D050171,40
DB00363,MESH:D051437,40
DB00363,MESH:D053609,40
DB00363,MESH:D054556,40
DB00363,MESH:D056486,40
DB00363,MESH:D056912,40
DB00363,MESH:D058186,40
DB00363,MESH:D062787,40
DB00148,MESH:D000140,40
DB00148,MESH:D001169,40
DB00148,MESH:D001281,40
DB00148,MESH:D001714,40
DB00148,MESH:D002779,40
DB00148,MESH:D003161,40
DB00148,MESH:D003681,40
DB00148,MESH:D003967,40
DB00148,MESH:D004409,40
DB00148,MESH:D007674,40
DB00148,MESH:D009133,0
DB00148,MESH:D009135,40
DB00148,MESH:D009395,40
DB00148,MESH:D011654,40
DB00148,MESH:D012131,40
DB00148,MESH:D012206,40
DB00148,MESH:D014839,40
DB00148,MESH:D015432,40
DB00148,MESH:D018883,40
DB00148,MESH:D020734,40
DB00148,MESH:D056486,40
DB00625,MESH:D000140,40
DB00625,MESH:D000740,40
DB00625,MESH:D000787,40
DB00625,MESH:D001523,40
DB00625,MESH:D003327,40
DB00625,MESH:D003875,40
DB00625,MESH:D003924,40
DB00625,MESH:D004802,40
DB00625,MESH:D004890,40
DB00625,MESH:D005767,40
DB00625,MESH:D008569,40
DB00625,MESH:D009203,40
DB00625,MESH:D009325,40
DB00625,MESH:D010195,40
DB00625,MESH:D011595,40
DB00625,MESH:D013262,40
DB00625,MESH:D013313,40
DB00625,MESH:D015658,40
DB00625,MESH:D016171,40
DB00625,MESH:D024821,40
DB00625,MESH:D056486,40
DB00625,MESH:D065646,40
DB00914,MESH:D000140,40
DB00914,MESH:D000749,40
DB00914,MESH:D001284,40
DB00914,MESH:D001766,40
DB00914,MESH:D001855,40
DB00914,MESH:D001928,11
DB00914,MESH:D002318,40
DB00914,MESH:D003920,40
DB00914,MESH:D004211,40
DB00914,MESH:D006985,0
DB00914,MESH:D007003,40
DB00914,MESH:D012640,40
DB00914,MESH:D014839,40
DB00914,MESH:D018908,40
DB00914,MESH:D062787,40
DB00709,MESH:D000140,40
DB00709,MESH:D000707,40
DB00709,MESH:D000740,40
DB00709,MESH:D000799,40
DB00709,MESH:D001480,40
DB00709,MESH:D003875,40
DB00709,MESH:D003967,40
DB00709,MESH:D004417,40
DB00709,MESH:D004421,40
DB00709,MESH:D004802,40
DB00709,MESH:D004932,40
DB00709,MESH:D005076,40
DB00709,MESH:D005198,40
DB00709,MESH:D005221,40
DB00709,MESH:D005234,40
DB00709,MESH:D005334,40
DB00709,MESH:D006323,40
DB00709,MESH:D006501,40
DB00709,MESH:D006505,40
DB00709,MESH:D006509,40
DB00709,MESH:D006526,40
DB00709,MESH:D006679,40
DB00709,MESH:D007676,40
DB00709,MESH:D007970,40
DB00709,MESH:D008068,40
DB00709,MESH:D008103,40
DB00709,MESH:D008105,40
DB00709,MESH:D009135,40
DB00709,MESH:D009293,40
DB00709,MESH:D009404,40
DB00709,MESH:D010195,40
DB00709,MESH:D010292,40
DB00709,MESH:D010523,40
DB00709,MESH:D011183,40
DB00709,MESH:D012206,40
DB00709,MESH:D013226,40
DB00709,MESH:D013375,40
DB00709,MESH:D013651,40
DB00709,MESH:D014012,40
DB00709,MESH:D014581,40
DB00709,MESH:D014766,40
DB00709,MESH:D015433,40
DB00709,MESH:D017114,40
DB00709,MESH:D019694,40
DB00709,MESH:D028361,40
DB00709,MESH:D053040,40
DB00709,MESH:D056486,40
DB00709,MESH:D058186,40
DB00709,MESH:D058625,40
DB00959,MESH:D000140,40
DB00959,MESH:D000309,40
DB00959,MESH:D000506,40
DB00959,MESH:D000648,40
DB00959,MESH:D000741,40
DB00959,MESH:D000755,40
DB00959,MESH:D000783,40
DB00959,MESH:D000789,33
DB00959,MESH:D000799,40
DB00959,MESH:D000855,40
DB00959,MESH:D001172,40
DB00959,MESH:D001201,40
DB00959,MESH:D001249,40
DB00959,MESH:D001281,40
DB00959,MESH:D001714,40
DB00959,MESH:D001766,40
DB00959,MESH:D001919,40
DB00959,MESH:D001927,40
DB00959,MESH:D001928,40
DB00959,MESH:D001930,40
DB00959,MESH:D001997,40
DB00959,MESH:D002312,40
DB00959,MESH:D002386,40
DB00959,MESH:D002481,40
DB00959,MESH:D002561,40
DB00959,MESH:D002779,40
DB00959,MESH:D003093,40
DB00959,MESH:D003424,40
DB00959,MESH:D003639,40
DB00959,MESH:D003882,40
DB00959,MESH:D003920,40
DB00959,MESH:D004195,40
DB00959,MESH:D004830,40
DB00959,MESH:D004890,40
DB00959,MESH:D004892,40
DB00959,MESH:D005234,40
DB00959,MESH:D005271,16
DB00959,MESH:D005334,40
DB00959,MESH:D005357,40
DB00959,MESH:D005921,40
DB00959,MESH:D006086,40
DB00959,MESH:D006212,40
DB00959,MESH:D006261,40
DB00959,MESH:D006319,40
DB00959,MESH:D006331,40
DB00959,MESH:D006332,40
DB00959,MESH:D006402,40
DB00959,MESH:D006406,40
DB00959,MESH:D006417,40
DB00959,MESH:D006429,40
DB00959,MESH:D006470,40
DB00959,MESH:D006505,40
DB00959,MESH:D006689,40
DB00959,MESH:D006934,40
DB00959,MESH:D006937,40
DB00959,MESH:D006943,40
DB00959,MESH:D006947,40
DB00959,MESH:D006965,40
DB00959,MESH:D006966,40
DB00959,MESH:D006967,40
DB00959,MESH:D006973,40
DB00959,MESH:D006996,40
DB00959,MESH:D007022,40
DB00959,MESH:D007674,40
DB00959,MESH:D007683,40
DB00959,MESH:D008068,40
DB00959,MESH:D008181,40
DB00959,MESH:D008223,40
DB00959,MESH:D008228,40
DB00959,MESH:D008569,40
DB00959,MESH:D008582,40
DB00959,MESH:D008590,40
DB00959,MESH:D009080,40
DB00959,MESH:D009101,40
DB00959,MESH:D009103,40
DB00959,MESH:D009133,40
DB00959,MESH:D009135,40
DB00959,MESH:D009157,40
DB00959,MESH:D009202,40
DB00959,MESH:D009203,40
DB00959,MESH:D009205,40
DB00959,MESH:D009325,40
DB00959,MESH:D009364,40
DB00959,MESH:D009369,40
DB00959,MESH:D009393,40
DB00959,MESH:D009395,40
DB00959,MESH:D009402,40
DB00959,MESH:D009404,40
DB00959,MESH:D009422,40
DB00959,MESH:D009437,40
DB00959,MESH:D009468,40
DB00959,MESH:D009471,9
DB00959,MESH:D009503,40
DB00959,MESH:D009902,40
DB00959,MESH:D010024,40
DB00959,MESH:D010146,40
DB00959,MESH:D010148,40
DB00959,MESH:D010149,40
DB00959,MESH:D010198,40
DB00959,MESH:D010243,40
DB00959,MESH:D010391,40
DB00959,MESH:D010523,40
DB00959,MESH:D010996,40
DB00959,MESH:D011014,40
DB00959,MESH:D011115,40
DB00959,MESH:D011183,40
DB00959,MESH:D011507,40
DB00959,MESH:D011537,40
DB00959,MESH:D011595,40
DB00959,MESH:D011605,40
DB00959,MESH:D011654,40
DB00959,MESH:D011658,40
DB00959,MESH:D011695,40
DB00959,MESH:D011782,40
DB00959,MESH:D012131,40
DB00959,MESH:D012135,40
DB00959,MESH:D012164,40
DB00959,MESH:D012206,40
DB00959,MESH:D012507,40
DB00959,MESH:D012640,40
DB00959,MESH:D012769,39
DB00959,MESH:D012893,40
DB00959,MESH:D013117,40
DB00959,MESH:D013118,40
DB00959,MESH:D013119,40
DB00959,MESH:D013203,40
DB00959,MESH:D013375,40
DB00959,MESH:D013610,40
DB00959,MESH:D013617,40
DB00959,MESH:D013921,40
DB00959,MESH:D013971,40
DB00959,MESH:D014202,40
DB00959,MESH:D014581,40
DB00959,MESH:D014607,40
DB00959,MESH:D014657,40
DB00959,MESH:D014693,40
DB00959,MESH:D014890,40
DB00959,MESH:D015430,40
DB00959,MESH:D015431,40
DB00959,MESH:D015433,40
DB00959,MESH:D015451,40
DB00959,MESH:D015746,40
DB00959,MESH:D016403,40
DB00959,MESH:D016553,40
DB00959,MESH:D017093,40
DB00959,MESH:D017114,40
DB00959,MESH:D017285,40
DB00959,MESH:D017563,40
DB00959,MESH:D017599,39
DB00959,MESH:D018771,40
DB00959,MESH:D018805,40
DB00959,MESH:D018908,40
DB00959,MESH:D019693,40
DB00959,MESH:D020246,40
DB00959,MESH:D020388,40
DB00959,MESH:D020520,40
DB00959,MESH:D020529,40
DB00959,MESH:D020767,40
DB00959,MESH:D033461,40
DB00959,MESH:D034141,40
DB00959,MESH:D039682,40
DB00959,MESH:D041781,40
DB00959,MESH:D045169,40
DB00959,MESH:D046748,40
DB00959,MESH:D049970,40
DB00959,MESH:D051437,40
DB00959,MESH:D051474,40
DB00959,MESH:D053099,40
DB00959,MESH:D054038,40
DB00959,MESH:D054559,40
DB00959,MESH:D055370,40
DB00959,MESH:D058186,40
DB00238,MESH:D000140,40
DB00238,MESH:D000740,40
DB00238,MESH:D001523,40
DB00238,MESH:D002493,40
DB00238,MESH:D002779,40
DB00238,MESH:D003072,40
DB00238,MESH:D003639,40
DB00238,MESH:D003875,40
DB00238,MESH:D003967,40
DB00238,MESH:D004802,40
DB00238,MESH:D004890,40
DB00238,MESH:D005076,40
DB00238,MESH:D005334,40
DB00238,MESH:D005767,40
DB00238,MESH:D006212,40
DB00238,MESH:D006261,40
DB00238,MESH:D006319,40
DB00238,MESH:D006402,40
DB00238,MESH:D006505,40
DB00238,MESH:D006529,40
DB00238,MESH:D007674,40
DB00238,MESH:D008107,40
DB00238,MESH:D008590,0
DB00238,MESH:D009325,40
DB00238,MESH:D009376,40
DB00238,MESH:D010523,40
DB00238,MESH:D011471,22
DB00238,MESH:D011605,40
DB00238,MESH:D013375,40
DB00238,MESH:D013651,40
DB00238,MESH:D014012,40
DB00238,MESH:D014581,40
DB00238,MESH:D015658,40
DB00238,MESH:D015746,40
DB00238,MESH:D017114,40
DB00238,MESH:D051437,40
DB00238,MESH:D056486,40
DB00900,MESH:D000140,40
DB00900,MESH:D000163,40
DB00900,MESH:D000505,40
DB00900,MESH:D002493,40
DB00900,MESH:D003875,40
DB00900,MESH:D003967,40
DB00900,MESH:D004890,40
DB00900,MESH:D005198,40
DB00900,MESH:D005221,40
DB00900,MESH:D005234,40
DB00900,MESH:D005334,40
DB00900,MESH:D006331,40
DB00900,MESH:D006996,40
DB00900,MESH:D007008,40
DB00900,MESH:D007674,40
DB00900,MESH:D008060,40
DB00900,MESH:D008107,40
DB00900,MESH:D009325,40
DB00900,MESH:D009422,40
DB00900,MESH:D009846,40
DB00900,MESH:D009896,40
DB00900,MESH:D009902,40
DB00900,MESH:D010195,40
DB00900,MESH:D010523,40
DB00900,MESH:D011297,40
DB00900,MESH:D011507,40
DB00900,MESH:D012598,40
DB00900,MESH:D013921,40
DB00900,MESH:D015431,40
DB00900,MESH:D015658,40
DB00900,MESH:D015746,40
DB00900,MESH:D017088,40
DB00900,MESH:D017114,40
DB00900,MESH:D028361,40
DB00900,MESH:D033461,0
DB00900,MESH:D034381,40
DB00900,MESH:D056486,40
DB00900,MESH:D058186,40
DB01035,MESH:D000140,40
DB01035,MESH:D000740,40
DB01035,MESH:D000799,40
DB01035,MESH:D000855,40
DB01035,MESH:D001145,40
DB01035,MESH:D001281,40
DB01035,MESH:D001778,29
DB01035,MESH:D001919,40
DB01035,MESH:D002303,40
DB01035,MESH:D002524,39
DB01035,MESH:D002637,40
DB01035,MESH:D002780,40
DB01035,MESH:D003324,40
DB01035,MESH:D003967,40
DB01035,MESH:D004417,40
DB01035,MESH:D005221,40
DB01035,MESH:D005334,40
DB01035,MESH:D005921,40
DB01035,MESH:D006212,40
DB01035,MESH:D006261,40
DB01035,MESH:D006323,40
DB01035,MESH:D006973,40
DB01035,MESH:D007024,40
DB01035,MESH:D008180,40
DB01035,MESH:D008181,0
DB01035,MESH:D009135,40
DB01035,MESH:D009157,40
DB01035,MESH:D009203,40
DB01035,MESH:D009325,40
DB01035,MESH:D009336,40
DB01035,MESH:D009404,40
DB01035,MESH:D010490,40
DB01035,MESH:D010523,40
DB01035,MESH:D010996,40
DB01035,MESH:D010998,40
DB01035,MESH:D011507,40
DB01035,MESH:D011605,40
DB01035,MESH:D012770,40
DB01035,MESH:D013610,40
DB01035,MESH:D013927,40
DB01035,MESH:D014202,40
DB01035,MESH:D014581,40
DB01035,MESH:D014657,40
DB01035,MESH:D014693,40
DB01035,MESH:D014839,40
DB01035,MESH:D014927,40
DB01035,MESH:D016171,40
DB01035,MESH:D017180,40
DB01035,MESH:D018771,40
DB01035,MESH:D018879,40
DB01035,MESH:D018908,40
DB01035,MESH:D041781,40
DB01035,MESH:D051437,40
DB01035,MESH:D054537,40
DB00300,MESH:D000140,40
DB00300,MESH:D005198,40
DB00300,MESH:D006509,40
DB00300,MESH:D006679,40
DB00300,MESH:D007008,40
DB00300,MESH:D007674,40
DB00300,MESH:D007676,40
DB00300,MESH:D007683,40
DB00300,MESH:D009336,40
DB00300,MESH:D009846,40
DB00300,MESH:D010146,40
DB00300,MESH:D011507,40
DB00300,MESH:D014766,40
DB00300,MESH:D015658,40
DB00300,MESH:D051437,40
DB00300,MESH:D056486,40
DB00300,MESH:D058186,40
DB01099,MESH:D000740,40
DB01099,MESH:D001855,40
DB01099,MESH:D002181,40
DB01099,MESH:D002637,14
DB01099,MESH:D003967,40
DB01099,MESH:D006505,40
DB01099,MESH:D007008,0
DB01099,MESH:D007669,40
DB01099,MESH:D007970,40
DB01099,MESH:D009325,40
DB01099,MESH:D010538,40
DB01099,MESH:D013921,40
DB01099,MESH:D014552,40
DB01099,MESH:D017088,0
DB01099,MESH:D018476,40
DB01099,MESH:D018487,40
DB01099,MESH:D051437,40
DB00864,MESH:D000141,40
DB00864,MESH:D000505,40
DB00864,MESH:D000568,40
DB00864,MESH:D000799,40
DB00864,MESH:D000855,40
DB00864,MESH:D001008,40
DB00864,MESH:D001037,40
DB00864,MESH:D001145,40
DB00864,MESH:D001167,40
DB00864,MESH:D001172,40
DB00864,MESH:D001259,40
DB00864,MESH:D001528,40
DB00864,MESH:D001847,40
DB00864,MESH:D001855,40
DB00864,MESH:D001919,40
DB00864,MESH:D001927,40
DB00864,MESH:D001928,40
DB00864,MESH:D001929,40
DB00864,MESH:D001930,40
DB00864,MESH:D002312,40
DB00864,MESH:D002318,40
DB00864,MESH:D002389,40
DB00864,MESH:D002524,40
DB00864,MESH:D002543,40
DB00864,MESH:D002544,40
DB00864,MESH:D002546,40
DB00864,MESH:D002561,40
DB00864,MESH:D002637,40
DB00864,MESH:D002779,40
DB00864,MESH:D003128,40
DB00864,MESH:D003329,40
DB00864,MESH:D003639,40
DB00864,MESH:D003680,40
DB00864,MESH:D003711,40
DB00864,MESH:D003866,40
DB00864,MESH:D003872,40
DB00864,MESH:D003876,40
DB00864,MESH:D003920,40
DB00864,MESH:D003921,40
DB00864,MESH:D003922,40
DB00864,MESH:D003967,40
DB00864,MESH:D004381,40
DB00864,MESH:D004401,40
DB00864,MESH:D004487,40
DB00864,MESH:D004660,40
DB00864,MESH:D004681,40
DB00864,MESH:D004830,40
DB00864,MESH:D004833,40
DB00864,MESH:D005148,40
DB00864,MESH:D005198,40
DB00864,MESH:D005234,40
DB00864,MESH:D005767,40
DB00864,MESH:D006086,40
DB00864,MESH:D006212,40
DB00864,MESH:D006261,40
DB00864,MESH:D006319,40
DB00864,MESH:D006333,40
DB00864,MESH:D006463,40
DB00864,MESH:D006470,40
DB00864,MESH:D006504,40
DB00864,MESH:D006526,40
DB00864,MESH:D006937,40
DB00864,MESH:D006943,40
DB00864,MESH:D006965,40
DB00864,MESH:D006973,40
DB00864,MESH:D007022,40
DB00864,MESH:D007035,40
DB00864,MESH:D007177,40
DB00864,MESH:D007319,40
DB00864,MESH:D007511,40
DB00864,MESH:D007592,40
DB00864,MESH:D007674,40
DB00864,MESH:D007676,40
DB00864,MESH:D007683,40
DB00864,MESH:D007970,40
DB00864,MESH:D008180,40
DB00864,MESH:D008181,40
DB00864,MESH:D008232,40
DB00864,MESH:D009135,40
DB00864,MESH:D009157,40
DB00864,MESH:D009202,40
DB00864,MESH:D009220,40
DB00864,MESH:D009325,40
DB00864,MESH:D009336,40
DB00864,MESH:D009374,40
DB00864,MESH:D009395,40
DB00864,MESH:D009397,40
DB00864,MESH:D009401,40
DB00864,MESH:D009402,40
DB00864,MESH:D009410,40
DB00864,MESH:D009422,40
DB00864,MESH:D009437,40
DB00864,MESH:D009846,40
DB00864,MESH:D009886,40
DB00864,MESH:D009901,40
DB00864,MESH:D010146,40
DB00864,MESH:D010182,40
DB00864,MESH:D010259,40
DB00864,MESH:D010291,40
DB00864,MESH:D010523,40
DB00864,MESH:D011115,40
DB00864,MESH:D011183,40
DB00864,MESH:D011507,40
DB00864,MESH:D011537,40
DB00864,MESH:D011565,40
DB00864,MESH:D011605,40
DB00864,MESH:D011697,40
DB00864,MESH:D012008,40
DB00864,MESH:D012164,40
DB00864,MESH:D012206,40
DB00864,MESH:D012393,40
DB00864,MESH:D012595,40
DB00864,MESH:D012640,40
DB00864,MESH:D012769,40
DB00864,MESH:D012878,40
DB00864,MESH:D013132,40
DB00864,MESH:D013226,40
DB00864,MESH:D013262,40
DB00864,MESH:D013280,40
DB00864,MESH:D013610,40
DB00864,MESH:D013733,40
DB00864,MESH:D013921,40
DB00864,MESH:D013927,40
DB00864,MESH:D014202,40
DB00864,MESH:D014474,40
DB00864,MESH:D014657,40
DB00864,MESH:D014820,40
DB00864,MESH:D014839,40
DB00864,MESH:D015228,40
DB00864,MESH:D015427,40
DB00864,MESH:D015430,40
DB00864,MESH:D015432,40
DB00864,MESH:D015433,40
DB00864,MESH:D016393,40
DB00864,MESH:D017449,40
DB00864,MESH:D017511,40
DB00864,MESH:D018476,40
DB00864,MESH:D018771,40
DB00864,MESH:D018908,40
DB00864,MESH:D019586,40
DB00864,MESH:D020233,40
DB00864,MESH:D020325,40
DB00864,MESH:D020968,8
DB00864,MESH:D027601,40
DB00864,MESH:D033461,40
DB00864,MESH:D041781,40
DB00864,MESH:D053609,40
DB00864,MESH:D054038,40
DB00864,MESH:D056486,40
DB00864,MESH:D056784,40
DB00529,MESH:D000141,40
DB00529,MESH:D001008,40
DB00529,MESH:D002114,40
DB00529,MESH:D003092,40
DB00529,MESH:D003586,33
DB00529,MESH:D004830,40
DB00529,MESH:D005921,40
DB00529,MESH:D006333,40
DB00529,MESH:D006402,40
DB00529,MESH:D006417,40
DB00529,MESH:D006566,26
DB00529,MESH:D006934,40
DB00529,MESH:D006996,40
DB00529,MESH:D007008,40
DB00529,MESH:D007010,40
DB00529,MESH:D007674,40
DB00529,MESH:D007676,40
DB00529,MESH:D007683,40
DB00529,MESH:D008275,40
DB00529,MESH:D008582,40
DB00529,MESH:D009190,40
DB00529,MESH:D009404,40
DB00529,MESH:D009503,40
DB00529,MESH:D010292,40
DB00529,MESH:D010409,40
DB00529,MESH:D011141,40
DB00529,MESH:D012640,40
DB00529,MESH:D013035,40
DB00529,MESH:D017088,40
DB00529,MESH:D017674,40
DB00529,MESH:D018500,40
DB00529,MESH:D020803,40
DB00529,MESH:D051437,40
DB00529,MESH:D058186,40
DB00428,MESH:D000544,40
DB00428,MESH:D001008,40
DB00428,MESH:D001745,40
DB00428,MESH:D001847,40
DB00428,MESH:D001928,40
DB00428,MESH:D001930,40
DB00428,MESH:D002276,35
DB00428,MESH:D002311,40
DB00428,MESH:D002312,40
DB00428,MESH:D002386,40
DB00428,MESH:D003704,40
DB00428,MESH:D003711,40
DB00428,MESH:D003866,40
DB00428,MESH:D003921,40
DB00428,MESH:D003922,40
DB00428,MESH:D003924,40
DB00428,MESH:D003928,40
DB00428,MESH:D003929,40
DB00428,MESH:D003930,40
DB00428,MESH:D004195,40
DB00428,MESH:D004719,40
DB00428,MESH:D005221,40
DB00428,MESH:D005234,40
DB00428,MESH:D005327,0
DB00428,MESH:D005355,40
DB00428,MESH:D005497,40
DB00428,MESH:D005921,40
DB00428,MESH:D005923,40
DB00428,MESH:D006030,40
DB00428,MESH:D006331,40
DB00428,MESH:D006332,40
DB00428,MESH:D006333,40
DB00428,MESH:D006335,40
DB00428,MESH:D006529,40
DB00428,MESH:D006689,40
DB00428,MESH:D006937,40
DB00428,MESH:D006943,40
DB00428,MESH:D006946,40
DB00428,MESH:D006949,40
DB00428,MESH:D006951,40
DB00428,MESH:D006963,0
DB00428,MESH:D007003,40
DB00428,MESH:D007008,40
DB00428,MESH:D007022,40
DB00428,MESH:D007037,40
DB00428,MESH:D007248,40
DB00428,MESH:D007249,40
DB00428,MESH:D007333,40
DB00428,MESH:D007340,40
DB00428,MESH:D007669,40
DB00428,MESH:D007674,40
DB00428,MESH:D007676,40
DB00428,MESH:D007680,40
DB00428,MESH:D007859,40
DB00428,MESH:D007970,40
DB00428,MESH:D007984,40
DB00428,MESH:D008103,40
DB00428,MESH:D008107,40
DB00428,MESH:D008113,40
DB00428,MESH:D008569,40
DB00428,MESH:D009069,40
DB00428,MESH:D009325,40
DB00428,MESH:D009336,40
DB00428,MESH:D009393,40
DB00428,MESH:D009395,40
DB00428,MESH:D009400,40
DB00428,MESH:D009410,40
DB00428,MESH:D009422,40
DB00428,MESH:D009436,40
DB00428,MESH:D009437,40
DB00428,MESH:D009845,40
DB00428,MESH:D010146,40
DB00428,MESH:D010182,40
DB00428,MESH:D010190,40
DB00428,MESH:D011469,40
DB00428,MESH:D012021,40
DB00428,MESH:D012162,40
DB00428,MESH:D012509,40
DB00428,MESH:D013584,40
DB00428,MESH:D013733,40
DB00428,MESH:D013921,40
DB00428,MESH:D014511,40
DB00428,MESH:D014657,40
DB00428,MESH:D015228,40
DB00428,MESH:D015427,40
DB00428,MESH:D015428,40
DB00428,MESH:D015431,40
DB00428,MESH:D018149,40
DB00428,MESH:D018248,37
DB00428,MESH:D018487,40
DB00428,MESH:D018500,40
DB00428,MESH:D018754,40
DB00428,MESH:D018921,40
DB00428,MESH:D019954,40
DB00428,MESH:D019957,40
DB00428,MESH:D020018,40
DB00428,MESH:D020257,40
DB00428,MESH:D048629,40
DB00428,MESH:D048909,40
DB00428,MESH:D049188,40
DB00428,MESH:D050197,40
DB00428,MESH:D051437,40
DB00428,MESH:D052016,40
DB00428,MESH:D052177,0
DB00428,MESH:D052456,0
DB00428,MESH:D053099,40
DB00428,MESH:D053201,40
DB00428,MESH:D053627,40
DB00428,MESH:D054079,40
DB00428,MESH:D058065,40
DB00428,MESH:D058186,40
DB00428,MESH:D059606,40
DB00428,MESH:D060825,0
DB00273,MESH:D000141,40
DB00273,MESH:D000505,40
DB00273,MESH:D001008,40
DB00273,MESH:D001037,40
DB00273,MESH:D001523,40
DB00273,MESH:D001714,40
DB00273,MESH:D001927,40
DB00273,MESH:D001930,40
DB00273,MESH:D002493,40
DB00273,MESH:D002545,40
DB00273,MESH:D002547,40
DB00273,MESH:D002659,34
DB00273,MESH:D003866,40
DB00273,MESH:D003967,40
DB00273,MESH:D004401,40
DB00273,MESH:D004409,40
DB00273,MESH:D004487,40
DB00273,MESH:D004827,40
DB00273,MESH:D004830,40
DB00273,MESH:D004833,40
DB00273,MESH:D006212,40
DB00273,MESH:D006501,40
DB00273,MESH:D006930,40
DB00273,MESH:D007249,40
DB00273,MESH:D008569,40
DB00273,MESH:D008881,40
DB00273,MESH:D009069,40
DB00273,MESH:D009410,40
DB00273,MESH:D009765,40
DB00273,MESH:D010259,40
DB00273,MESH:D010291,40
DB00273,MESH:D010523,40
DB00273,MESH:D011595,40
DB00273,MESH:D011605,40
DB00273,MESH:D011618,40
DB00273,MESH:D012148,40
DB00273,MESH:D012164,40
DB00273,MESH:D012640,40
DB00273,MESH:D013262,40
DB00273,MESH:D013375,40
DB00273,MESH:D014456,40
DB00273,MESH:D015431,40
DB00273,MESH:D016584,40
DB00273,MESH:D017029,40
DB00273,MESH:D017114,40
DB00273,MESH:D019305,40
DB00273,MESH:D019964,40
DB00273,MESH:D019969,40
DB00273,MESH:D019970,40
DB00273,MESH:D020018,40
DB00273,MESH:D020194,40
DB00273,MESH:D020234,40
DB00273,MESH:D020326,40
DB00273,MESH:D022124,40
DB00273,MESH:D052878,40
DB00421,MESH:D000141,40
DB00421,MESH:D000152,40
DB00421,MESH:D000860,40
DB00421,MESH:D001201,40
DB00421,MESH:D001281,40
DB00421,MESH:D001321,40
DB00421,MESH:D002311,40
DB00421,MESH:D002318,40
DB00421,MESH:D003072,40
DB00421,MESH:D003681,0
DB00421,MESH:D003967,40
DB00421,MESH:D004487,40
DB00421,MESH:D005767,40
DB00421,MESH:D005923,40
DB00421,MESH:D006261,40
DB00421,MESH:D006323,40
DB00421,MESH:D006331,40
DB00421,MESH:D006332,40
DB00421,MESH:D006505,40
DB00421,MESH:D006929,0
DB00421,MESH:D006947,40
DB00421,MESH:D006955,0
DB00421,MESH:D006975,40
DB00421,MESH:D007008,40
DB00421,MESH:D007010,40
DB00421,MESH:D007172,40
DB00421,MESH:D007674,40
DB00421,MESH:D008103,40
DB00421,MESH:D009203,40
DB00421,MESH:D009437,40
DB00421,MESH:D009461,36
DB00421,MESH:D010243,40
DB00421,MESH:D011507,40
DB00421,MESH:D012640,40
DB00421,MESH:D013262,40
DB00421,MESH:D015431,40
DB00421,MESH:D015432,40
DB00421,MESH:D017379,40
DB00421,MESH:D018487,40
DB00421,MESH:D018500,40
DB00421,MESH:D019970,40
DB00421,MESH:D020181,0
DB00421,MESH:D020257,40
DB00421,MESH:D020514,3
DB00421,MESH:D022124,40
DB00421,MESH:D051437,40
DB00421,MESH:D053565,40
DB00421,MESH:D056486,40
DB01028,MESH:D000141,40
DB01028,MESH:D001002,40
DB01028,MESH:D001927,40
DB01028,MESH:D002056,40
DB01028,MESH:D004802,40
DB01028,MESH:D005234,40
DB01028,MESH:D005334,40
DB01028,MESH:D005355,40
DB01028,MESH:D006333,40
DB01028,MESH:D006501,40
DB01028,MESH:D006955,0
DB01028,MESH:D006959,40
DB01028,MESH:D007669,40
DB01028,MESH:D007674,40
DB01028,MESH:D007676,40
DB01028,MESH:D007683,40
DB01028,MESH:D008305,40
DB01028,MESH:D009157,40
DB01028,MESH:D009336,40
DB01028,MESH:D009397,40
DB01028,MESH:D009784,40
DB01028,MESH:D009846,40
DB01028,MESH:D011141,40
DB01028,MESH:D011183,40
DB01028,MESH:D012131,40
DB01028,MESH:D012164,40
DB01028,MESH:D013610,40
DB01028,MESH:D014555,40
DB01028,MESH:D014839,40
DB01028,MESH:D017180,40
DB01028,MESH:D051437,40
DB01028,MESH:D053099,40
DB01028,MESH:D056486,40
DB01028,MESH:D058186,40
DB00369,MESH:D000141,40
DB00369,MESH:D007674,40
DB00369,MESH:D007676,40
DB00369,MESH:D009395,40
DB00369,MESH:D009503,40
DB00369,MESH:D011507,40
DB00369,MESH:D014777,40
DB00369,MESH:D017088,37
DB00369,MESH:D018856,40
DB00369,MESH:D027601,40
DB00369,MESH:D058186,40
DB00594,MESH:D000141,40
DB00594,MESH:D000787,40
DB00594,MESH:D002295,40
DB00594,MESH:D003092,40
DB00594,MESH:D003875,40
DB00594,MESH:D003919,40
DB00594,MESH:D006130,40
DB00594,MESH:D006529,40
DB00594,MESH:D006947,40
DB00594,MESH:D006973,40
DB00594,MESH:D007008,40
DB00594,MESH:D007010,40
DB00594,MESH:D007249,40
DB00594,MESH:D008173,40
DB00594,MESH:D009361,40
DB00594,MESH:D010146,40
DB00594,MESH:D011141,40
DB00594,MESH:D012640,40
DB00594,MESH:D013226,40
DB00594,MESH:D014581,40
DB00594,MESH:D020514,40
DB00594,MESH:D056929,0
DB00594,MESH:D058186,40
DB00294,MESH:D000152,40
DB00294,MESH:D000568,40
DB00294,MESH:D001941,40
DB00294,MESH:D003866,40
DB00294,MESH:D004412,40
DB00294,MESH:D006261,40
DB00294,MESH:D010146,40
DB00294,MESH:D012851,40
DB00294,MESH:D015430,40
DB00294,MESH:D019964,39
DB01406,MESH:D000741,40
DB01406,MESH:D000744,40
DB01406,MESH:D000799,40
DB01406,MESH:D001008,40
DB01406,MESH:D001168,40
DB01406,MESH:D001650,40
DB01406,MESH:D001927,40
DB01406,MESH:D001943,40
DB01406,MESH:D002341,40
DB01406,MESH:D002349,0
DB01406,MESH:D002779,40
DB01406,MESH:D002780,40
DB01406,MESH:D003556,40
DB01406,MESH:D003866,40
DB01406,MESH:D004487,40
DB01406,MESH:D004715,40
DB01406,MESH:D005221,40
DB01406,MESH:D005350,40
DB01406,MESH:D006222,0
DB01406,MESH:D006261,40
DB01406,MESH:D006319,40
DB01406,MESH:D006457,0
DB01406,MESH:D006470,40
DB01406,MESH:D006528,40
DB01406,MESH:D006628,40
DB01406,MESH:D006951,0
DB01406,MESH:D006966,40
DB01406,MESH:D006973,40
DB01406,MESH:D007319,40
DB01406,MESH:D007889,40
DB01406,MESH:D008107,40
DB01406,MESH:D009135,40
DB01406,MESH:D010198,40
DB01406,MESH:D010382,0
DB01406,MESH:D011537,40
DB01406,MESH:D011656,40
DB01406,MESH:D012206,40
DB01406,MESH:D012851,40
DB01406,MESH:D013158,0
DB01406,MESH:D013262,40
DB01406,MESH:D013375,40
DB01406,MESH:D013921,40
DB01406,MESH:D013927,40
DB01406,MESH:D015430,40
DB01406,MESH:D016553,40
DB01406,MESH:D017114,40
DB01406,MESH:D018771,40
DB01406,MESH:D019964,40
DB01406,MESH:D041781,40
DB01406,MESH:D052456,0
DB01406,MESH:D054179,40
DB01406,MESH:D055728,40
DB01406,MESH:D056486,40
DB01406,MESH:D056829,40
DB01406,MESH:D058186,40
DB00744,MESH:D000152,40
DB00744,MESH:D001929,0
DB00744,MESH:D004802,40
DB00744,MESH:D005596,40
DB00744,MESH:D006529,40
DB00744,MESH:D006976,40
DB00744,MESH:D007249,40
DB00744,MESH:D009298,40
DB00744,MESH:D009336,40
DB00744,MESH:D010146,40
DB00744,MESH:D010538,0
DB00744,MESH:D011537,40
DB00744,MESH:D011654,40
DB00744,MESH:D012220,40
DB00744,MESH:D012852,40
DB00744,MESH:D013119,40
DB00744,MESH:D015464,40
DB00744,MESH:D019446,0
DB00744,MESH:D020181,40
DB00744,MESH:D020244,40
DB00744,MESH:D056486,40
DB00210,MESH:D000152,40
DB00210,MESH:D009369,40
DB00210,MESH:D010146,7
DB00210,MESH:D011565,40
DB04839,MESH:D002318,40
DB04839,MESH:D002972,40
DB04839,MESH:D003072,40
DB04839,MESH:D003324,40
DB04839,MESH:D004487,40
DB04839,MESH:D005355,40
DB04839,MESH:D006177,38
DB04839,MESH:D006330,40
DB04839,MESH:D006501,40
DB04839,MESH:D006502,40
DB04839,MESH:D006505,40
DB04839,MESH:D006528,40
DB04839,MESH:D006628,40
DB04839,MESH:D007039,40
DB04839,MESH:D007172,40
DB04839,MESH:D008107,40
DB04839,MESH:D008113,40
DB04839,MESH:D008579,40
DB04839,MESH:D009436,40
DB04839,MESH:D010182,0
DB04839,MESH:D011085,40
DB04839,MESH:D011230,40
DB04839,MESH:D011470,40
DB04839,MESH:D011471,40
DB04839,MESH:D011629,40
DB04839,MESH:D011655,40
DB04839,MESH:D012170,40
DB04839,MESH:D014591,40
DB04839,MESH:D015175,40
DB04839,MESH:D015619,40
DB04839,MESH:D017093,40
DB04839,MESH:D017114,40
DB04839,MESH:D018256,40
DB04839,MESH:D018500,40
DB04839,MESH:D050171,40
DB04839,MESH:D054556,40
DB04839,MESH:D063646,40
DB01190,MESH:D000152,40
DB01190,MESH:D000855,40
DB01190,MESH:D001424,40
DB01190,MESH:D002779,40
DB01190,MESH:D003092,40
DB01190,MESH:D003161,40
DB01190,MESH:D003681,40
DB01190,MESH:D003875,40
DB01190,MESH:D004427,40
DB01190,MESH:D004890,40
DB01190,MESH:D005076,40
DB01190,MESH:D005221,40
DB01190,MESH:D005334,40
DB01190,MESH:D006261,40
DB01190,MESH:D006319,40
DB01190,MESH:D006333,40
DB01190,MESH:D007008,40
DB01190,MESH:D007020,0
DB01190,MESH:D007022,40
DB01190,MESH:D007674,40
DB01190,MESH:D008107,40
DB01190,MESH:D008133,40
DB01190,MESH:D009325,40
DB01190,MESH:D010243,40
DB01190,MESH:D011537,40
DB01190,MESH:D011655,40
DB01190,MESH:D012141,40
DB01190,MESH:D012148,40
DB01190,MESH:D012393,40
DB01190,MESH:D012640,40
DB01190,MESH:D013203,40
DB01190,MESH:D013262,40
DB01190,MESH:D013651,40
DB01190,MESH:D014581,40
DB01190,MESH:D014657,40
DB01190,MESH:D014693,40
DB01190,MESH:D014839,40
DB01190,MESH:D015746,40
DB01190,MESH:D016470,40
DB01190,MESH:D016778,40
DB01190,MESH:D051437,40
DB01190,MESH:D056486,40
DB01190,MESH:D058186,40
DB00548,MESH:D000152,40
DB00548,MESH:D003876,40
DB00548,MESH:D007249,4
DB00548,MESH:D008548,40
DB00548,MESH:D011565,31
DB00548,MESH:D012393,40
DB00548,MESH:D017495,40
DB00548,MESH:D050197,0
DB00860,MESH:D000152,40
DB00860,MESH:D000230,40
DB00860,MESH:D000309,40
DB00860,MESH:D000506,40
DB00860,MESH:D000740,40
DB00860,MESH:D000743,40
DB00860,MESH:D000744,40
DB00860,MESH:D000749,40
DB00860,MESH:D000787,40
DB00860,MESH:D000799,40
DB00860,MESH:D000855,40
DB00860,MESH:D000856,40
DB00860,MESH:D001171,40
DB00860,MESH:D001172,40
DB00860,MESH:D001201,40
DB00860,MESH:D001249,40
DB00860,MESH:D001259,40
DB00860,MESH:D001327,40
DB00860,MESH:D001523,40
DB00860,MESH:D001528,40
DB00860,MESH:D001714,40
DB00860,MESH:D001749,40
DB00860,MESH:D001851,40
DB00860,MESH:D001943,40
DB00860,MESH:D002051,40
DB00860,MESH:D002180,40
DB00860,MESH:D002295,40
DB00860,MESH:D002312,40
DB00860,MESH:D002389,40
DB00860,MESH:D002779,40
DB00860,MESH:D003093,40
DB00860,MESH:D003324,40
DB00860,MESH:D003329,40
DB00860,MESH:D003424,40
DB00860,MESH:D003480,40
DB00860,MESH:D003556,40
DB00860,MESH:D003865,40
DB00860,MESH:D003876,40
DB00860,MESH:D003877,40
DB00860,MESH:D003882,40
DB00860,MESH:D003920,40
DB00860,MESH:D003967,40
DB00860,MESH:D004195,40
DB00860,MESH:D004211,40
DB00860,MESH:D004417,40
DB00860,MESH:D004487,40
DB00860,MESH:D004681,40
DB00860,MESH:D004802,40
DB00860,MESH:D004829,40
DB00860,MESH:D004831,40
DB00860,MESH:D005076,40
DB00860,MESH:D005234,40
DB00860,MESH:D005767,40
DB00860,MESH:D005902,40
DB00860,MESH:D005921,40
DB00860,MESH:D005922,40
DB00860,MESH:D006086,40
DB00860,MESH:D006261,40
DB00860,MESH:D006319,40
DB00860,MESH:D006327,40
DB00860,MESH:D006331,40
DB00860,MESH:D006391,40
DB00860,MESH:D006417,40
DB00860,MESH:D006470,40
DB00860,MESH:D006471,40
DB00860,MESH:D006505,40
DB00860,MESH:D006519,40
DB00860,MESH:D006521,40
DB00860,MESH:D006528,40
DB00860,MESH:D006529,40
DB00860,MESH:D006689,40
DB00860,MESH:D006930,40
DB00860,MESH:D006937,40
DB00860,MESH:D006943,40
DB00860,MESH:D006973,40
DB00860,MESH:D006974,40
DB00860,MESH:D006980,40
DB00860,MESH:D007037,40
DB00860,MESH:D007249,40
DB00860,MESH:D007319,40
DB00860,MESH:D007333,40
DB00860,MESH:D007674,40
DB00860,MESH:D007680,40
DB00860,MESH:D007683,40
DB00860,MESH:D007738,40
DB00860,MESH:D007918,40
DB00860,MESH:D007970,40
DB00860,MESH:D008068,40
DB00860,MESH:D008113,40
DB00860,MESH:D008180,40
DB00860,MESH:D008181,40
DB00860,MESH:D008228,40
DB00860,MESH:D008581,40
DB00860,MESH:D008944,40
DB00860,MESH:D009103,40
DB00860,MESH:D009135,40
DB00860,MESH:D009190,40
DB00860,MESH:D009202,40
DB00860,MESH:D009203,40
DB00860,MESH:D009205,40
DB00860,MESH:D009220,40
DB00860,MESH:D009325,40
DB00860,MESH:D009395,40
DB00860,MESH:D009404,40
DB00860,MESH:D009468,40
DB00860,MESH:D009503,40
DB00860,MESH:D009771,40
DB00860,MESH:D009798,40
DB00860,MESH:D009902,40
DB00860,MESH:D010020,40
DB00860,MESH:D010024,40
DB00860,MESH:D010243,40
DB00860,MESH:D010392,40
DB00860,MESH:D010490,40
DB00860,MESH:D010996,40
DB00860,MESH:D011014,40
DB00860,MESH:D011141,40
DB00860,MESH:D011183,40
DB00860,MESH:D011471,40
DB00860,MESH:D011618,40
DB00860,MESH:D011655,40
DB00860,MESH:D011658,40
DB00860,MESH:D012008,40
DB00860,MESH:D012130,40
DB00860,MESH:D012206,40
DB00860,MESH:D012422,40
DB00860,MESH:D012595,40
DB00860,MESH:D012772,40
DB00860,MESH:D012859,40
DB00860,MESH:D013117,40
DB00860,MESH:D013118,40
DB00860,MESH:D013276,40
DB00860,MESH:D013375,40
DB00860,MESH:D013479,40
DB00860,MESH:D013585,40
DB00860,MESH:D013616,40
DB00860,MESH:D013981,40
DB00860,MESH:D014376,40
DB00860,MESH:D014456,40
DB00860,MESH:D014511,40
DB00860,MESH:D014605,40
DB00860,MESH:D014657,40
DB00860,MESH:D014839,40
DB00860,MESH:D015210,40
DB00860,MESH:D015430,40
DB00860,MESH:D015431,40
DB00860,MESH:D015432,40
DB00860,MESH:D015452,40
DB00860,MESH:D015464,40
DB00860,MESH:D015470,40
DB00860,MESH:D015473,40
DB00860,MESH:D016055,40
DB00860,MESH:D016393,40
DB00860,MESH:D016535,40
DB00860,MESH:D017114,40
DB00860,MESH:D017180,40
DB00860,MESH:D017246,40
DB00860,MESH:D017285,40
DB00860,MESH:D017445,40
DB00860,MESH:D017563,40
DB00860,MESH:D018248,40
DB00860,MESH:D018487,40
DB00860,MESH:D018771,40
DB00860,MESH:D018805,40
DB00860,MESH:D018856,40
DB00860,MESH:D018908,40
DB00860,MESH:D019046,40
DB00860,MESH:D019226,40
DB00860,MESH:D019694,40
DB00860,MESH:D019698,40
DB00860,MESH:D020083,40
DB00860,MESH:D020326,40
DB00860,MESH:D020388,40
DB00860,MESH:D034381,40
DB00860,MESH:D045743,40
DB00860,MESH:D050171,40
DB00860,MESH:D051359,40
DB00860,MESH:D051437,40
DB00860,MESH:D053609,40
DB00860,MESH:D054198,40
DB00860,MESH:D054218,40
DB00860,MESH:D055370,40
DB00860,MESH:D055371,40
DB00860,MESH:D055728,40
DB00860,MESH:D056486,40
DB00860,MESH:D057049,40
DB00860,MESH:D058186,40
DB00860,MESH:D065626,40
DB00250,MESH:D000152,40
DB00250,MESH:D000380,40
DB00250,MESH:D000740,40
DB00250,MESH:D000741,40
DB00250,MESH:D000743,40
DB00250,MESH:D000744,40
DB00250,MESH:D000855,40
DB00250,MESH:D001714,40
DB00250,MESH:D001943,40
DB00250,MESH:D002761,40
DB00250,MESH:D002780,40
DB00250,MESH:D003092,40
DB00250,MESH:D003875,40
DB00250,MESH:D004892,40
DB00250,MESH:D005076,40
DB00250,MESH:D005221,40
DB00250,MESH:D005334,40
DB00250,MESH:D006212,40
DB00250,MESH:D006461,40
DB00250,MESH:D006505,40
DB00250,MESH:D007918,40
DB00250,MESH:D008288,40
DB00250,MESH:D009133,40
DB00250,MESH:D009205,40
DB00250,MESH:D009325,40
DB00250,MESH:D009422,40
DB00250,MESH:D009468,40
DB00250,MESH:D009896,40
DB00250,MESH:D010390,40
DB00250,MESH:D010391,0
DB00250,MESH:D011115,40
DB00250,MESH:D011471,40
DB00250,MESH:D011565,40
DB00250,MESH:D011605,40
DB00250,MESH:D011618,40
DB00250,MESH:D012640,40
DB00250,MESH:D012871,40
DB00250,MESH:D014581,40
DB00250,MESH:D014839,40
DB00250,MESH:D015746,40
DB00250,MESH:D016472,40
DB00250,MESH:D017088,0
DB00250,MESH:D017093,40
DB00250,MESH:D017445,40
DB00250,MESH:D023341,40
DB00250,MESH:D045262,40
DB00250,MESH:D046350,40
DB00250,MESH:D054537,40
DB00250,MESH:D055370,40
DB00250,MESH:D058186,40
DB04836,MESH:D000152,40
DB04836,MESH:D002779,40
DB04836,MESH:D003866,40
DB04836,MESH:D005148,40
DB04836,MESH:D006331,40
DB04836,MESH:D010302,40
DB04836,MESH:D012393,40
DB04836,MESH:D019966,40
DB04836,MESH:D019969,40
DB04836,MESH:D041781,40
DB04836,MESH:D056486,40
DB09123,MESH:D000152,40
DB09123,MESH:D001941,40
DB09123,MESH:D003866,40
DB09123,MESH:D006261,40
DB09123,MESH:D009325,40
DB09123,MESH:D015430,40
DB00595,MESH:D000152,39
DB00595,MESH:D000419,40
DB00595,MESH:D001002,40
DB00595,MESH:D002780,40
DB00595,MESH:D003128,40
DB00595,MESH:D003681,40
DB00595,MESH:D003967,40
DB00595,MESH:D006212,40
DB00595,MESH:D006417,40
DB00595,MESH:D009056,0
DB00595,MESH:D009401,40
DB00595,MESH:D009846,40
DB00595,MESH:D014552,40
DB00595,MESH:D014839,40
DB00595,MESH:D017449,40
DB00595,MESH:D053099,38
DB00595,MESH:D054559,40
DB00595,MESH:D058186,40
DB00595,MESH:D062787,40
DB00199,MESH:D000152,40
DB00199,MESH:D001281,40
DB00199,MESH:D001714,40
DB00199,MESH:D002690,40
DB00199,MESH:D002779,40
DB00199,MESH:D004827,40
DB00199,MESH:D004830,40
DB00199,MESH:D004890,40
DB00199,MESH:D005759,40
DB00199,MESH:D006212,40
DB00199,MESH:D006319,40
DB00199,MESH:D006463,40
DB00199,MESH:D007008,40
DB00199,MESH:D007022,40
DB00199,MESH:D007249,40
DB00199,MESH:D007964,40
DB00199,MESH:D008064,40
DB00199,MESH:D008133,40
DB00199,MESH:D008581,40
DB00199,MESH:D008582,40
DB00199,MESH:D008590,40
DB00199,MESH:D009069,40
DB00199,MESH:D009157,40
DB00199,MESH:D009325,40
DB00199,MESH:D011008,40
DB00199,MESH:D011014,40
DB00199,MESH:D011605,40
DB00199,MESH:D012141,40
DB00199,MESH:D012206,40
DB00199,MESH:D012640,40
DB00199,MESH:D013203,40
DB00199,MESH:D013262,40
DB00199,MESH:D014474,40
DB00199,MESH:D014657,40
DB00199,MESH:D014839,40
DB00199,MESH:D016171,40
DB00199,MESH:D016757,40
DB00199,MESH:D017180,40
DB00199,MESH:D018805,40
DB00199,MESH:D018879,40
DB00199,MESH:D054537,40
DB00367,MESH:D000152,40
DB00367,MESH:D000568,40
DB00367,MESH:D001008,40
DB00367,MESH:D001284,40
DB00367,MESH:D001763,40
DB00367,MESH:D002318,40
DB00367,MESH:D002542,40
DB00367,MESH:D003865,40
DB00367,MESH:D003924,40
DB00367,MESH:D004401,12
DB00367,MESH:D004714,40
DB00367,MESH:D005221,40
DB00367,MESH:D006261,40
DB00367,MESH:D006470,40
DB00367,MESH:D006628,40
DB00367,MESH:D006973,40
DB00367,MESH:D007039,40
DB00367,MESH:D008548,40
DB00367,MESH:D009157,1
DB00367,MESH:D009771,21
DB00367,MESH:D010024,40
DB00367,MESH:D010146,40
DB00367,MESH:D010292,40
DB00367,MESH:D010523,40
DB00367,MESH:D011537,40
DB00367,MESH:D013733,0
DB00367,MESH:D013923,40
DB00367,MESH:D013927,40
DB00367,MESH:D013959,40
DB00367,MESH:D014591,40
DB00367,MESH:D014786,40
DB00367,MESH:D014839,40
DB00367,MESH:D015431,40
DB00367,MESH:D015746,40
DB00367,MESH:D018269,40
DB00367,MESH:D018908,40
DB00367,MESH:D019964,40
DB00367,MESH:D020246,40
DB00367,MESH:D020521,40
DB09096,MESH:D000152,40
DB09096,MESH:D004487,40
DB09096,MESH:D006261,40
DB09096,MESH:D006319,40
DB09096,MESH:D006965,40
DB09096,MESH:D009062,40
DB09096,MESH:D009369,40
DB09096,MESH:D012871,40
DB09096,MESH:D012878,0
DB09096,MESH:D012883,40
DB09096,MESH:D014012,40
DB09096,MESH:D017449,40
DB00717,MESH:D000236,40
DB00717,MESH:D001068,40
DB00717,MESH:D002318,40
DB00717,MESH:D002779,40
DB00717,MESH:D003914,0
DB00717,MESH:D003967,40
DB00717,MESH:D004374,40
DB00717,MESH:D005221,40
DB00717,MESH:D006345,40
DB00717,MESH:D006504,40
DB00717,MESH:D006528,40
DB00717,MESH:D009069,40
DB00717,MESH:D009325,40
DB00717,MESH:D011537,40
DB00717,MESH:D011655,40
DB00717,MESH:D012600,40
DB00717,MESH:D012734,40
DB00717,MESH:D013035,40
DB00717,MESH:D013651,40
DB00717,MESH:D015430,40
DB00717,MESH:D018248,40
DB00717,MESH:D020016,40
DB00717,MESH:D020521,40
DB00717,MESH:D041781,40
DB00717,MESH:D054556,40
DB00957,MESH:D002542,0
DB01017,MESH:D000152,40
DB01017,MESH:D000544,40
DB01017,MESH:D000690,40
DB01017,MESH:D000744,40
DB01017,MESH:D000855,40
DB01017,MESH:D000857,40
DB01017,MESH:D001168,40
DB01017,MESH:D001172,40
DB01017,MESH:D001259,40
DB01017,MESH:D001327,36
DB01017,MESH:D001416,40
DB01017,MESH:D001778,40
DB01017,MESH:D001929,40
DB01017,MESH:D001930,40
DB01017,MESH:D002545,40
DB01017,MESH:D002690,40
DB01017,MESH:D002779,40
DB01017,MESH:D003072,40
DB01017,MESH:D003092,40
DB01017,MESH:D003248,40
DB01017,MESH:D003872,40
DB01017,MESH:D003875,40
DB01017,MESH:D003882,40
DB01017,MESH:D003929,40
DB01017,MESH:D003967,40
DB01017,MESH:D004487,40
DB01017,MESH:D004802,40
DB01017,MESH:D004890,40
DB01017,MESH:D005221,40
DB01017,MESH:D005334,40
DB01017,MESH:D005600,40
DB01017,MESH:D005764,40
DB01017,MESH:D006261,40
DB01017,MESH:D006402,40
DB01017,MESH:D006501,40
DB01017,MESH:D006505,40
DB01017,MESH:D006521,40
DB01017,MESH:D006530,40
DB01017,MESH:D006816,40
DB01017,MESH:D006930,40
DB01017,MESH:D006948,40
DB01017,MESH:D006967,40
DB01017,MESH:D006980,40
DB01017,MESH:D007022,40
DB01017,MESH:D007249,40
DB01017,MESH:D007511,40
DB01017,MESH:D007674,40
DB01017,MESH:D008107,40
DB01017,MESH:D008171,40
DB01017,MESH:D008180,40
DB01017,MESH:D008581,40
DB01017,MESH:D008585,40
DB01017,MESH:D008589,40
DB01017,MESH:D008924,40
DB01017,MESH:D009069,40
DB01017,MESH:D009135,40
DB01017,MESH:D009325,40
DB01017,MESH:D009336,40
DB01017,MESH:D009395,40
DB01017,MESH:D009410,40
DB01017,MESH:D010195,40
DB01017,MESH:D010212,40
DB01017,MESH:D010300,40
DB01017,MESH:D010390,40
DB01017,MESH:D010490,40
DB01017,MESH:D010859,0
DB01017,MESH:D010995,40
DB01017,MESH:D011008,40
DB01017,MESH:D011507,40
DB01017,MESH:D011565,40
DB01017,MESH:D011596,40
DB01017,MESH:D011605,40
DB01017,MESH:D012128,40
DB01017,MESH:D012131,40
DB01017,MESH:D012141,40
DB01017,MESH:D012393,40
DB01017,MESH:D012559,40
DB01017,MESH:D012713,40
DB01017,MESH:D012852,40
DB01017,MESH:D013119,40
DB01017,MESH:D013163,40
DB01017,MESH:D013203,40
DB01017,MESH:D013262,40
DB01017,MESH:D013927,40
DB01017,MESH:D014012,40
DB01017,MESH:D014202,40
DB01017,MESH:D014552,40
DB01017,MESH:D014581,40
DB01017,MESH:D014657,40
DB01017,MESH:D014786,40
DB01017,MESH:D014839,40
DB01017,MESH:D014901,40
DB01017,MESH:D015209,40
DB01017,MESH:D015427,40
DB01017,MESH:D015746,40
DB01017,MESH:D015837,40
DB01017,MESH:D016908,40
DB01017,MESH:D017093,40
DB01017,MESH:D017497,40
DB01017,MESH:D017563,40
DB01017,MESH:D018771,40
DB01017,MESH:D018908,40
DB01017,MESH:D019586,40
DB01017,MESH:D019636,39
DB01017,MESH:D019693,40
DB01017,MESH:D020244,40
DB01017,MESH:D020521,40
DB01017,MESH:D020529,40
DB01017,MESH:D050197,40
DB01017,MESH:D058186,40
DB01017,MESH:D058426,40
DB00615,MESH:D000163,40
DB00615,MESH:D007177,40
DB00615,MESH:D007970,40
DB00615,MESH:D014605,0
DB00943,MESH:D003711,40
DB00943,MESH:D006319,40
DB00943,MESH:D009202,40
DB00943,MESH:D009374,40
DB00943,MESH:D009410,4
DB00943,MESH:D009437,40
DB00943,MESH:D010146,40
DB00943,MESH:D010198,39
DB00943,MESH:D010291,40
DB00943,MESH:D010292,40
DB00943,MESH:D010523,40
DB00943,MESH:D013953,40
DB00943,MESH:D014012,40
DB00943,MESH:D015658,40
DB00943,MESH:D016483,40
DB00943,MESH:D020258,40
DB00943,MESH:D028361,40
DB00943,MESH:D056486,40
DB00738,MESH:D000163,9
DB00738,MESH:D000743,40
DB00738,MESH:D000749,40
DB00738,MESH:D001342,40
DB00738,MESH:D003128,40
DB00738,MESH:D003920,40
DB00738,MESH:D004660,40
DB00738,MESH:D006323,40
DB00738,MESH:D006327,40
DB00738,MESH:D006402,40
DB00738,MESH:D006417,40
DB00738,MESH:D006947,40
DB00738,MESH:D006996,40
DB00738,MESH:D007003,40
DB00738,MESH:D007674,40
DB00738,MESH:D007683,40
DB00738,MESH:D007896,40
DB00738,MESH:D007897,40
DB00738,MESH:D007898,40
DB00738,MESH:D007970,40
DB00738,MESH:D008107,40
DB00738,MESH:D008133,40
DB00738,MESH:D009059,40
DB00738,MESH:D009212,40
DB00738,MESH:D009325,40
DB00738,MESH:D009393,40
DB00738,MESH:D009404,40
DB00738,MESH:D009503,40
DB00738,MESH:D010146,40
DB00738,MESH:D010195,40
DB00738,MESH:D011507,40
DB00738,MESH:D013262,40
DB00738,MESH:D014839,40
DB00738,MESH:D015837,40
DB00738,MESH:D016171,40
DB00738,MESH:D016773,40
DB00738,MESH:D017088,40
DB00738,MESH:D017180,40
DB00738,MESH:D017563,40
DB00738,MESH:D017682,40
DB00738,MESH:D020426,40
DB00738,MESH:D044882,40
DB00738,MESH:D051437,40
DB00738,MESH:D053099,34
DB00738,MESH:D054537,40
DB00738,MESH:D056486,40
DB00847,MESH:D003554,40
DB00847,MESH:D004381,40
DB00847,MESH:D009336,40
DB00847,MESH:D009361,40
DB00847,MESH:D010146,40
DB00847,MESH:D010190,40
DB00847,MESH:D013262,19
DB06791,MESH:D000172,0
DB06791,MESH:D008103,40
DB06791,MESH:D008114,40
DB06791,MESH:D009389,0
DB00350,MESH:D000172,0
DB00350,MESH:D000505,40
DB00350,MESH:D000506,40
DB00350,MESH:D002305,40
DB00350,MESH:D003117,40
DB00350,MESH:D004487,40
DB00350,MESH:D005221,40
DB00350,MESH:D006331,40
DB00350,MESH:D006332,40
DB00350,MESH:D006333,40
DB00350,MESH:D006973,40
DB00350,MESH:D006974,40
DB00350,MESH:D006976,29
DB00350,MESH:D006977,40
DB00350,MESH:D007022,40
DB00350,MESH:D007024,40
DB00350,MESH:D007172,40
DB00350,MESH:D007249,40
DB00350,MESH:D007511,40
DB00350,MESH:D009202,40
DB00350,MESH:D009203,40
DB00350,MESH:D009902,40
DB00350,MESH:D010146,40
DB00350,MESH:D010996,0
DB00350,MESH:D011507,40
DB00350,MESH:D011537,40
DB00350,MESH:D012173,40
DB00350,MESH:D013610,40
DB00350,MESH:D015431,40
DB00350,MESH:D017379,40
DB00350,MESH:D051437,40
DB00350,MESH:D058186,40
DB01200,MESH:D000172,40
DB01200,MESH:D000236,37
DB01200,MESH:D000307,40
DB01200,MESH:D000568,40
DB01200,MESH:D001022,40
DB01200,MESH:D001145,40
DB01200,MESH:D001281,40
DB01200,MESH:D001480,40
DB01200,MESH:D001523,40
DB01200,MESH:D001919,40
DB01200,MESH:D001929,40
DB01200,MESH:D001941,40
DB01200,MESH:D002311,40
DB01200,MESH:D002341,39
DB01200,MESH:D002389,40
DB01200,MESH:D002543,40
DB01200,MESH:D002561,40
DB01200,MESH:D003248,40
DB01200,MESH:D003328,40
DB01200,MESH:D003329,40
DB01200,MESH:D003875,40
DB01200,MESH:D004409,40
DB01200,MESH:D004421,40
DB01200,MESH:D004916,40
DB01200,MESH:D005141,40
DB01200,MESH:D005334,40
DB01200,MESH:D005355,40
DB01200,MESH:D005687,40
DB01200,MESH:D005767,40
DB01200,MESH:D006177,40
DB01200,MESH:D006212,40
DB01200,MESH:D006331,40
DB01200,MESH:D006333,40
DB01200,MESH:D006349,40
DB01200,MESH:D006470,40
DB01200,MESH:D006501,40
DB01200,MESH:D006869,40
DB01200,MESH:D006948,40
DB01200,MESH:D006966,40
DB01200,MESH:D006980,40
DB01200,MESH:D007006,40
DB01200,MESH:D007022,40
DB01200,MESH:D007172,40
DB01200,MESH:D007319,40
DB01200,MESH:D008113,40
DB01200,MESH:D009069,40
DB01200,MESH:D009127,40
DB01200,MESH:D009203,40
DB01200,MESH:D009325,40
DB01200,MESH:D009422,40
DB01200,MESH:D009839,40
DB01200,MESH:D010146,40
DB01200,MESH:D010300,40
DB01200,MESH:D010899,40
DB01200,MESH:D010900,40
DB01200,MESH:D010911,40
DB01200,MESH:D010996,40
DB01200,MESH:D011249,40
DB01200,MESH:D011605,40
DB01200,MESH:D011618,40
DB01200,MESH:D011644,40
DB01200,MESH:D011654,40
DB01200,MESH:D011658,40
DB01200,MESH:D012170,4
DB01200,MESH:D012594,0
DB01200,MESH:D012640,40
DB01200,MESH:D012893,40
DB01200,MESH:D013375,40
DB01200,MESH:D013610,40
DB01200,MESH:D014277,40
DB01200,MESH:D014517,40
DB01200,MESH:D016055,40
DB01200,MESH:D016471,40
DB01200,MESH:D017180,40
DB01200,MESH:D018476,40
DB01200,MESH:D020018,40
DB01200,MESH:D020233,40
DB01200,MESH:D020300,40
DB01200,MESH:D020301,40
DB01200,MESH:D020734,40
DB01200,MESH:D049912,40
DB01200,MESH:D056486,40
DB01065,MESH:D000172,40
DB01065,MESH:D000230,40
DB01065,MESH:D000236,40
DB01065,MESH:D000544,40
DB01065,MESH:D000690,38
DB01065,MESH:D000740,40
DB01065,MESH:D001008,40
DB01065,MESH:D001018,18
DB01065,MESH:D001237,40
DB01065,MESH:D001289,40
DB01065,MESH:D001321,40
DB01065,MESH:D001714,40
DB01065,MESH:D001745,40
DB01065,MESH:D001919,40
DB01065,MESH:D001927,40
DB01065,MESH:D001929,40
DB01065,MESH:D002318,40
DB01065,MESH:D002375,40
DB01065,MESH:D002386,28
DB01065,MESH:D002389,40
DB01065,MESH:D002493,40
DB01065,MESH:D002545,40
DB01065,MESH:D002779,40
DB01065,MESH:D003072,40
DB01065,MESH:D003092,40
DB01065,MESH:D003110,40
DB01065,MESH:D003556,40
DB01065,MESH:D004409,40
DB01065,MESH:D004487,40
DB01065,MESH:D005221,40
DB01065,MESH:D005234,40
DB01065,MESH:D005313,38
DB01065,MESH:D005317,40
DB01065,MESH:D005355,40
DB01065,MESH:D005767,40
DB01065,MESH:D006212,40
DB01065,MESH:D006261,40
DB01065,MESH:D006332,40
DB01065,MESH:D006930,40
DB01065,MESH:D006973,40
DB01065,MESH:D007022,40
DB01065,MESH:D007154,0
DB01065,MESH:D007232,40
DB01065,MESH:D007319,40
DB01065,MESH:D007674,40
DB01065,MESH:D007676,40
DB01065,MESH:D007970,40
DB01065,MESH:D008106,40
DB01065,MESH:D008107,40
DB01065,MESH:D008114,40
DB01065,MESH:D008175,40
DB01065,MESH:D008325,40
DB01065,MESH:D008569,40
DB01065,MESH:D008881,40
DB01065,MESH:D009203,40
DB01065,MESH:D009336,40
DB01065,MESH:D009362,40
DB01065,MESH:D009369,40
DB01065,MESH:D009410,40
DB01065,MESH:D010024,40
DB01065,MESH:D010300,40
DB01065,MESH:D010302,40
DB01065,MESH:D010523,40
DB01065,MESH:D010538,39
DB01065,MESH:D011230,40
DB01065,MESH:D011471,40
DB01065,MESH:D011537,40
DB01065,MESH:D012640,40
DB01065,MESH:D013276,40
DB01065,MESH:D013375,40
DB01065,MESH:D013610,40
DB01065,MESH:D013733,40
DB01065,MESH:D014786,40
DB01065,MESH:D015175,40
DB01065,MESH:D015430,40
DB01065,MESH:D015431,40
DB01065,MESH:D016603,40
DB01065,MESH:D017118,40
DB01065,MESH:D017202,40
DB01065,MESH:D018281,40
DB01065,MESH:D018754,40
DB01065,MESH:D018805,40
DB01065,MESH:D019636,40
DB01065,MESH:D019693,40
DB01065,MESH:D019970,40
DB01065,MESH:D020138,40
DB01065,MESH:D020178,40
DB01065,MESH:D020258,40
DB01065,MESH:D020262,40
DB01065,MESH:D020301,40
DB01065,MESH:D020426,40
DB01065,MESH:D024821,40
DB01065,MESH:D034381,40
DB01065,MESH:D049188,40
DB01065,MESH:D053608,40
DB01065,MESH:D054220,2
DB01065,MESH:D056486,40
DB01065,MESH:D062787,40
DB01065,MESH:D066126,40
DB00399,MESH:D000210,40
DB00399,MESH:D000505,0
DB00399,MESH:D001281,40
DB00399,MESH:D001859,40
DB00399,MESH:D001862,40
DB00399,MESH:D001943,40
DB00399,MESH:D002289,40
DB00399,MESH:D002292,40
DB00399,MESH:D005221,40
DB00399,MESH:D005264,40
DB00399,MESH:D005334,40
DB00399,MESH:D005355,40
DB00399,MESH:D006930,40
DB00399,MESH:D006934,40
DB00399,MESH:D007674,40
DB00399,MESH:D008325,40
DB00399,MESH:D009101,40
DB00399,MESH:D009362,40
DB00399,MESH:D010014,40
DB00399,MESH:D010020,40
DB00399,MESH:D010024,40
DB00399,MESH:D010146,40
DB00399,MESH:D011471,40
DB00399,MESH:D011655,40
DB00399,MESH:D012008,40
DB00399,MESH:D012512,40
DB00399,MESH:D015459,40
DB00399,MESH:D018212,40
DB00399,MESH:D020083,40
DB00399,MESH:D020246,40
DB00399,MESH:D051437,40
DB00399,MESH:D056486,40
DB00399,MESH:D058186,40
DB00687,MESH:D000224,40
DB00687,MESH:D000506,40
DB00687,MESH:D003866,40
DB00687,MESH:D004487,40
DB00687,MESH:D006333,40
DB00687,MESH:D006947,40
DB00687,MESH:D007008,40
DB00687,MESH:D007010,40
DB00687,MESH:D007022,40
DB00687,MESH:D009135,40
DB00687,MESH:D010300,0
DB00687,MESH:D012791,40
DB00655,MESH:D000230,40
DB00655,MESH:D000782,40
DB00655,MESH:D002471,40
DB00655,MESH:D006177,40
DB00655,MESH:D006519,40
DB00655,MESH:D006943,40
DB00655,MESH:D006946,40
DB00655,MESH:D007006,40
DB00655,MESH:D007680,40
DB00655,MESH:D010182,40
DB00655,MESH:D010911,40
DB00655,MESH:D011471,40
DB00655,MESH:D014625,40
DB00655,MESH:D015175,40
DB00655,MESH:D019457,0
DB00605,MESH:D000230,40
DB00605,MESH:D000419,40
DB00605,MESH:D000741,40
DB00605,MESH:D000744,40
DB00605,MESH:D000860,40
DB00605,MESH:D001168,40
DB00605,MESH:D001172,40
DB00605,MESH:D001913,40
DB00605,MESH:D001927,40
DB00605,MESH:D001943,40
DB00605,MESH:D002761,40
DB00605,MESH:D002779,40
DB00605,MESH:D003110,40
DB00605,MESH:D003711,40
DB00605,MESH:D003929,40
DB00605,MESH:D003930,40
DB00605,MESH:D004417,40
DB00605,MESH:D004487,40
DB00605,MESH:D004715,40
DB00605,MESH:D004802,40
DB00605,MESH:D004938,40
DB00605,MESH:D005076,40
DB00605,MESH:D005334,40
DB00605,MESH:D005483,40
DB00605,MESH:D005764,40
DB00605,MESH:D006212,40
DB00605,MESH:D006261,40
DB00605,MESH:D006505,40
DB00605,MESH:D007035,40
DB00605,MESH:D007249,40
DB00605,MESH:D007414,40
DB00605,MESH:D007417,39
DB00605,MESH:D008105,40
DB00605,MESH:D008107,40
DB00605,MESH:D008175,40
DB00605,MESH:D008545,40
DB00605,MESH:D008569,40
DB00605,MESH:D008582,40
DB00605,MESH:D009135,40
DB00605,MESH:D009325,40
DB00605,MESH:D009374,40
DB00605,MESH:D009395,40
DB00605,MESH:D009397,40
DB00605,MESH:D009404,40
DB00605,MESH:D010003,40
DB00605,MESH:D010146,40
DB00605,MESH:D010190,40
DB00605,MESH:D010195,40
DB00605,MESH:D010292,40
DB00605,MESH:D010523,40
DB00605,MESH:D011125,40
DB00605,MESH:D011230,40
DB00605,MESH:D013262,40
DB00605,MESH:D014594,40
DB00605,MESH:D014839,40
DB00605,MESH:D015179,40
DB00605,MESH:D018221,40
DB00605,MESH:D018222,40
DB00605,MESH:D018256,40
DB00605,MESH:D018908,40
DB00605,MESH:D019636,40
DB00605,MESH:D020795,40
DB00605,MESH:D023341,40
DB00605,MESH:D034381,40
DB00605,MESH:D041781,40
DB00605,MESH:D051437,40
DB00605,MESH:D056486,40
DB00605,MESH:D058186,40
DB00605,MESH:D058739,24
DB00603,MESH:D000230,40
DB00603,MESH:D000236,40
DB00603,MESH:D000303,40
DB00603,MESH:D000568,40
DB00603,MESH:D001259,40
DB00603,MESH:D001284,40
DB00603,MESH:D001523,40
DB00603,MESH:D001859,40
DB00603,MESH:D001943,40
DB00603,MESH:D002277,40
DB00603,MESH:D002375,40
DB00603,MESH:D002769,40
DB00603,MESH:D002972,40
DB00603,MESH:D003072,40
DB00603,MESH:D003327,40
DB00603,MESH:D003638,40
DB00603,MESH:D003704,40
DB00603,MESH:D004409,40
DB00603,MESH:D005076,40
DB00603,MESH:D005221,40
DB00603,MESH:D005234,40
DB00603,MESH:D005327,40
DB00603,MESH:D005832,0
DB00603,MESH:D006345,40
DB00603,MESH:D007247,40
DB00603,MESH:D007752,40
DB00603,MESH:D008579,40
DB00603,MESH:D009203,40
DB00603,MESH:D009362,40
DB00603,MESH:D009839,40
DB00603,MESH:D010051,40
DB00603,MESH:D010146,40
DB00603,MESH:D011655,40
DB00603,MESH:D012509,40
DB00603,MESH:D012513,1
DB00603,MESH:D013927,40
DB00603,MESH:D014012,40
DB00603,MESH:D014202,40
DB00603,MESH:D015430,40
DB00603,MESH:D015451,40
DB00603,MESH:D015470,40
DB00603,MESH:D015619,40
DB00603,MESH:D015674,40
DB00603,MESH:D016889,40
DB00603,MESH:D018192,40
DB00603,MESH:D018269,40
DB00603,MESH:D018487,40
DB00603,MESH:D019964,40
DB00603,MESH:D020521,40
DB00603,MESH:D044584,40
DB00603,MESH:D047928,40
DB00603,MESH:D056486,40
DB00882,MESH:D000858,40
DB00882,MESH:D001008,40
DB00882,MESH:D001201,40
DB00882,MESH:D001943,40
DB00882,MESH:D002389,40
DB00882,MESH:D004417,40
DB00882,MESH:D004802,3
DB00882,MESH:D004830,40
DB00882,MESH:D006470,40
DB00882,MESH:D006529,40
DB00882,MESH:D006966,37
DB00882,MESH:D007247,0
DB00882,MESH:D007248,0
DB00882,MESH:D007859,40
DB00882,MESH:D008114,40
DB00882,MESH:D008569,40
DB00882,MESH:D008591,40
DB00882,MESH:D009069,40
DB00882,MESH:D009325,40
DB00882,MESH:D009839,40
DB00882,MESH:D009901,40
DB00882,MESH:D010049,40
DB00882,MESH:D010051,40
DB00882,MESH:D010899,40
DB00882,MESH:D011085,40
DB00882,MESH:D011271,0
DB00882,MESH:D011605,40
DB00882,MESH:D012170,40
DB00882,MESH:D012640,40
DB00882,MESH:D013923,40
DB00882,MESH:D014786,40
DB00882,MESH:D015746,40
DB00882,MESH:D016471,40
DB00882,MESH:D019964,40
DB00882,MESH:D020246,40
DB00882,MESH:D020795,40
DB01094,MESH:D000230,35
DB01094,MESH:D003110,35
DB01094,MESH:D009437,40
DB01094,MESH:D015431,40
DB00482,MESH:D000230,40
DB00482,MESH:D000544,40
DB00482,MESH:D000707,40
DB00482,MESH:D000787,40
DB00482,MESH:D000799,40
DB00482,MESH:D000855,40
DB00482,MESH:D001145,40
DB00482,MESH:D001168,40
DB00482,MESH:D001247,40
DB00482,MESH:D001661,40
DB00482,MESH:D001943,40
DB00482,MESH:D002292,40
DB00482,MESH:D002294,40
DB00482,MESH:D002769,40
DB00482,MESH:D002779,40
DB00482,MESH:D002780,40
DB00482,MESH:D003110,40
DB00482,MESH:D003123,40
DB00482,MESH:D003866,40
DB00482,MESH:D003875,40
DB00482,MESH:D003967,40
DB00482,MESH:D004195,40
DB00482,MESH:D004715,40
DB00482,MESH:D005076,40
DB00482,MESH:D005355,40
DB00482,MESH:D005767,40
DB00482,MESH:D006073,40
DB00482,MESH:D006212,40
DB00482,MESH:D006261,40
DB00482,MESH:D006402,40
DB00482,MESH:D006470,40
DB00482,MESH:D006471,40
DB00482,MESH:D006930,40
DB00482,MESH:D006973,40
DB00482,MESH:D007249,40
DB00482,MESH:D007674,40
DB00482,MESH:D007972,40
DB00482,MESH:D008107,40
DB00482,MESH:D008180,40
DB00482,MESH:D008325,40
DB00482,MESH:D009101,40
DB00482,MESH:D009203,40
DB00482,MESH:D009362,40
DB00482,MESH:D009376,40
DB00482,MESH:D009395,40
DB00482,MESH:D009422,40
DB00482,MESH:D009447,40
DB00482,MESH:D010003,40
DB00482,MESH:D010014,40
DB00482,MESH:D010146,40
DB00482,MESH:D010149,40
DB00482,MESH:D011125,40
DB00482,MESH:D011471,40
DB00482,MESH:D011507,40
DB00482,MESH:D011537,40
DB00482,MESH:D012120,40
DB00482,MESH:D012130,40
DB00482,MESH:D012640,40
DB00482,MESH:D013262,40
DB00482,MESH:D013610,40
DB00482,MESH:D013927,40
DB00482,MESH:D014202,40
DB00482,MESH:D014581,40
DB00482,MESH:D014594,40
DB00482,MESH:D014786,40
DB00482,MESH:D015179,40
DB00482,MESH:D017114,40
DB00482,MESH:D017285,40
DB00482,MESH:D017544,40
DB00482,MESH:D020246,40
DB00482,MESH:D044483,40
DB00482,MESH:D051437,40
DB00482,MESH:D052016,40
DB00482,MESH:D056486,40
DB01188,MESH:D000230,40
DB01188,MESH:D001943,40
DB01188,MESH:D002177,40
DB01188,MESH:D003110,39
DB01188,MESH:D015470,40
DB01380,MESH:D000230,39
DB01380,MESH:D001523,40
DB01380,MESH:D003704,40
DB01380,MESH:D003866,40
DB01380,MESH:D004719,40
DB01380,MESH:D005901,40
DB01380,MESH:D006331,40
DB01380,MESH:D006965,40
DB01380,MESH:D006973,40
DB01380,MESH:D007018,40
DB01380,MESH:D009468,39
DB01380,MESH:D011595,40
DB01380,MESH:D014694,40
DB01380,MESH:D018487,40
DB01420,MESH:D000230,40
DB01420,MESH:D003456,40
DB01420,MESH:D006528,40
DB01420,MESH:D006943,40
DB01420,MESH:D006955,40
DB01420,MESH:D006973,40
DB01420,MESH:D007172,40
DB01420,MESH:D007333,40
DB01420,MESH:D009203,40
DB01420,MESH:D009205,40
DB01420,MESH:D009374,40
DB01420,MESH:D009845,40
DB01420,MESH:D011085,40
DB01420,MESH:D011471,40
DB01420,MESH:D011472,40
DB01420,MESH:D014565,40
DB01420,MESH:D016757,40
DB01420,MESH:D019048,40
DB01420,MESH:D019964,40
DB01420,MESH:D053627,21
DB00328,MESH:D000230,40
DB00328,MESH:D000236,40
DB00328,MESH:D000544,40
DB00328,MESH:D000740,40
DB00328,MESH:D000741,40
DB00328,MESH:D000743,40
DB00328,MESH:D000783,40
DB00328,MESH:D000787,40
DB00328,MESH:D000799,40
DB00328,MESH:D000855,40
DB00328,MESH:D000860,40
DB00328,MESH:D001002,40
DB00328,MESH:D001008,40
DB00328,MESH:D001014,40
DB00328,MESH:D001168,40
DB00328,MESH:D001171,40
DB00328,MESH:D001172,40
DB00328,MESH:D001477,40
DB00328,MESH:D001523,40
DB00328,MESH:D001714,40
DB00328,MESH:D001745,40
DB00328,MESH:D001768,40
DB00328,MESH:D001919,40
DB00328,MESH:D001927,40
DB00328,MESH:D001930,40
DB00328,MESH:D001943,40
DB00328,MESH:D001997,40
DB00328,MESH:D002056,40
DB00328,MESH:D002057,40
DB00328,MESH:D002100,40
DB00328,MESH:D002292,40
DB00328,MESH:D002294,40
DB00328,MESH:D002318,40
DB00328,MESH:D002375,40
DB00328,MESH:D002493,40
DB00328,MESH:D002543,40
DB00328,MESH:D002779,40
DB00328,MESH:D002780,40
DB00328,MESH:D002805,40
DB00328,MESH:D003092,40
DB00328,MESH:D003110,40
DB00328,MESH:D003128,40
DB00328,MESH:D003229,40
DB00328,MESH:D003329,40
DB00328,MESH:D003556,40
DB00328,MESH:D003872,40
DB00328,MESH:D003875,40
DB00328,MESH:D003967,40
DB00328,MESH:D004374,40
DB00328,MESH:D004381,40
DB00328,MESH:D004412,40
DB00328,MESH:D004487,40
DB00328,MESH:D004715,40
DB00328,MESH:D004751,40
DB00328,MESH:D004802,40
DB00328,MESH:D005076,40
DB00328,MESH:D005119,40
DB00328,MESH:D005315,40
DB00328,MESH:D005317,40
DB00328,MESH:D005334,40
DB00328,MESH:D005354,40
DB00328,MESH:D005355,40
DB00328,MESH:D005767,40
DB00328,MESH:D005909,40
DB00328,MESH:D005921,40
DB00328,MESH:D005923,40
DB00328,MESH:D006042,40
DB00328,MESH:D006073,40
DB00328,MESH:D006212,40
DB00328,MESH:D006258,40
DB00328,MESH:D006261,40
DB00328,MESH:D006319,40
DB00328,MESH:D006331,40
DB00328,MESH:D006332,40
DB00328,MESH:D006333,40
DB00328,MESH:D006356,40
DB00328,MESH:D006417,40
DB00328,MESH:D006470,40
DB00328,MESH:D006501,40
DB00328,MESH:D006509,40
DB00328,MESH:D006528,40
DB00328,MESH:D006831,40
DB00328,MESH:D006930,40
DB00328,MESH:D006934,40
DB00328,MESH:D006940,40
DB00328,MESH:D006941,40
DB00328,MESH:D006943,40
DB00328,MESH:D006947,40
DB00328,MESH:D006949,40
DB00328,MESH:D006955,40
DB00328,MESH:D006965,40
DB00328,MESH:D006973,40
DB00328,MESH:D006976,40
DB00328,MESH:D006977,40
DB00328,MESH:D006994,40
DB00328,MESH:D007008,40
DB00328,MESH:D007010,40
DB00328,MESH:D007022,40
DB00328,MESH:D007024,40
DB00328,MESH:D007079,40
DB00328,MESH:D007177,40
DB00328,MESH:D007232,40
DB00328,MESH:D007235,40
DB00328,MESH:D007249,40
DB00328,MESH:D007416,40
DB00328,MESH:D007417,40
DB00328,MESH:D007511,40
DB00328,MESH:D007634,40
DB00328,MESH:D007676,40
DB00328,MESH:D007680,40
DB00328,MESH:D007683,40
DB00328,MESH:D007752,40
DB00328,MESH:D007964,40
DB00328,MESH:D007984,37
DB00328,MESH:D008106,40
DB00328,MESH:D008107,40
DB00328,MESH:D008113,40
DB00328,MESH:D008175,40
DB00328,MESH:D008180,40
DB00328,MESH:D008415,40
DB00328,MESH:D008581,40
DB00328,MESH:D009062,40
DB00328,MESH:D009336,40
DB00328,MESH:D009362,40
DB00328,MESH:D009374,40
DB00328,MESH:D009401,40
DB00328,MESH:D009404,40
DB00328,MESH:D009999,40
DB00328,MESH:D010146,40
DB00328,MESH:D010149,40
DB00328,MESH:D010257,40
DB00328,MESH:D010437,40
DB00328,MESH:D010490,40
DB00328,MESH:D010518,40
DB00328,MESH:D010523,40
DB00328,MESH:D010547,34
DB00328,MESH:D010996,40
DB00328,MESH:D011014,40
DB00328,MESH:D011141,40
DB00328,MESH:D011507,40
DB00328,MESH:D011546,40
DB00328,MESH:D011605,40
DB00328,MESH:D011654,40
DB00328,MESH:D011704,40
DB00328,MESH:D011928,40
DB00328,MESH:D012021,40
DB00328,MESH:D012640,40
DB00328,MESH:D012893,40
DB00328,MESH:D013167,40
DB00328,MESH:D013226,40
DB00328,MESH:D013272,40
DB00328,MESH:D013274,40
DB00328,MESH:D013276,40
DB00328,MESH:D013610,40
DB00328,MESH:D013921,40
DB00328,MESH:D014202,40
DB00328,MESH:D014456,40
DB00328,MESH:D014511,40
DB00328,MESH:D014514,40
DB00328,MESH:D014571,40
DB00328,MESH:D014581,40
DB00328,MESH:D014839,40
DB00328,MESH:D015179,40
DB00328,MESH:D015207,40
DB00328,MESH:D015210,40
DB00328,MESH:D015427,40
DB00328,MESH:D015431,40
DB00328,MESH:D015464,40
DB00328,MESH:D015470,40
DB00328,MESH:D015674,40
DB00328,MESH:D016301,40
DB00328,MESH:D016471,40
DB00328,MESH:D016773,40
DB00328,MESH:D017379,40
DB00328,MESH:D017380,40
DB00328,MESH:D017453,40
DB00328,MESH:D017544,40
DB00328,MESH:D018276,40
DB00328,MESH:D018352,40
DB00328,MESH:D018376,40
DB00328,MESH:D018497,40
DB00328,MESH:D018500,40
DB00328,MESH:D018771,40
DB00328,MESH:D018798,40
DB00328,MESH:D018805,40
DB00328,MESH:D018827,40
DB00328,MESH:D018856,40
DB00328,MESH:D019446,40
DB00328,MESH:D019586,40
DB00328,MESH:D019636,40
DB00328,MESH:D019693,40
DB00328,MESH:D020301,40
DB00328,MESH:D020345,39
DB00328,MESH:D020734,40
DB00328,MESH:D020920,40
DB00328,MESH:D028361,40
DB00328,MESH:D034141,40
DB00328,MESH:D047928,40
DB00328,MESH:D048629,40
DB00328,MESH:D051437,40
DB00328,MESH:D053099,40
DB00328,MESH:D056486,40
DB00328,MESH:D058186,40
DB01100,MESH:D000230,40
DB01100,MESH:D001010,40
DB01100,MESH:D001480,40
DB01100,MESH:D001523,40
DB01100,MESH:D001764,0
DB01100,MESH:D001919,40
DB01100,MESH:D002375,40
DB01100,MESH:D004409,40
DB01100,MESH:D004421,40
DB01100,MESH:D004830,40
DB01100,MESH:D005879,40
DB01100,MESH:D006948,40
DB01100,MESH:D006966,40
DB01100,MESH:D007172,39
DB01100,MESH:D008133,40
DB01100,MESH:D008545,40
DB01100,MESH:D010259,40
DB01100,MESH:D011141,0
DB01100,MESH:D011618,40
DB01100,MESH:D012559,40
DB01100,MESH:D012640,40
DB01100,MESH:D012798,35
DB01100,MESH:D014202,40
DB01100,MESH:D016757,40
DB01100,MESH:D018476,40
DB01100,MESH:D019966,40
DB01100,MESH:D020734,40
DB01151,MESH:D000230,40
DB01151,MESH:D000799,40
DB01151,MESH:D000855,40
DB01151,MESH:D001008,40
DB01151,MESH:D001037,40
DB01151,MESH:D001145,40
DB01151,MESH:D001259,40
DB01151,MESH:D001289,40
DB01151,MESH:D001480,40
DB01151,MESH:D001523,40
DB01151,MESH:D001714,40
DB01151,MESH:D001763,40
DB01151,MESH:D001919,40
DB01151,MESH:D003110,40
DB01151,MESH:D003248,40
DB01151,MESH:D003865,40
DB01151,MESH:D003866,40
DB01151,MESH:D004802,40
DB01151,MESH:D006261,40
DB01151,MESH:D006327,40
DB01151,MESH:D006331,40
DB01151,MESH:D006973,40
DB01151,MESH:D007024,40
DB01151,MESH:D007035,40
DB01151,MESH:D007172,40
DB01151,MESH:D007177,40
DB01151,MESH:D007319,40
DB01151,MESH:D007970,40
DB01151,MESH:D008133,40
DB01151,MESH:D009122,40
DB01151,MESH:D009205,40
DB01151,MESH:D009293,40
DB01151,MESH:D009325,40
DB01151,MESH:D009437,40
DB01151,MESH:D010146,40
DB01151,MESH:D010300,40
DB01151,MESH:D010523,40
DB01151,MESH:D010554,40
DB01151,MESH:D011605,40
DB01151,MESH:D012640,40
DB01151,MESH:D012893,40
DB01151,MESH:D013342,40
DB01151,MESH:D013610,40
DB01151,MESH:D013616,40
DB01151,MESH:D013733,40
DB01151,MESH:D013981,40
DB01151,MESH:D014202,40
DB01151,MESH:D014693,40
DB01151,MESH:D016055,40
DB01151,MESH:D016171,40
DB01151,MESH:D016584,40
DB01151,MESH:D017180,40
DB01151,MESH:D018476,40
DB01151,MESH:D019956,40
DB01151,MESH:D019964,40
DB01151,MESH:D020018,40
DB01151,MESH:D020820,40
DB01151,MESH:D054537,40
DB01151,MESH:D056486,40
DB00499,MESH:D000230,40
DB00499,MESH:D001201,0
DB00499,MESH:D001523,40
DB00499,MESH:D001749,40
DB00499,MESH:D002318,40
DB00499,MESH:D002779,40
DB00499,MESH:D002780,39
DB00499,MESH:D004487,40
DB00499,MESH:D005832,40
DB00499,MESH:D006177,40
DB00499,MESH:D006201,40
DB00499,MESH:D006331,40
DB00499,MESH:D006505,40
DB00499,MESH:D006520,40
DB00499,MESH:D006529,40
DB00499,MESH:D006628,40
DB00499,MESH:D006965,40
DB00499,MESH:D007021,40
DB00499,MESH:D007172,40
DB00499,MESH:D007248,40
DB00499,MESH:D008107,40
DB00499,MESH:D008569,40
DB00499,MESH:D009845,40
DB00499,MESH:D011085,2
DB00499,MESH:D011297,40
DB00499,MESH:D011470,40
DB00499,MESH:D011471,40
DB00499,MESH:D012640,40
DB00499,MESH:D013733,40
DB00499,MESH:D013923,40
DB00499,MESH:D015427,40
DB00499,MESH:D017114,40
DB00499,MESH:D017588,0
DB00499,MESH:D018567,40
DB00499,MESH:D048550,0
DB00499,MESH:D051437,40
DB00499,MESH:D056486,40
DB00499,MESH:D058186,40
DB00675,MESH:D000230,40
DB00675,MESH:D000743,40
DB00675,MESH:D001284,40
DB00675,MESH:D001749,40
DB00675,MESH:D001847,40
DB00675,MESH:D001919,40
DB00675,MESH:D002295,40
DB00675,MESH:D002318,40
DB00675,MESH:D002524,40
DB00675,MESH:D002526,40
DB00675,MESH:D002543,40
DB00675,MESH:D002545,40
DB00675,MESH:D003117,40
DB00675,MESH:D003128,40
DB00675,MESH:D003328,40
DB00675,MESH:D003866,40
DB00675,MESH:D003875,40
DB00675,MESH:D003882,40
DB00675,MESH:D004617,40
DB00675,MESH:D004681,40
DB00675,MESH:D004714,40
DB00675,MESH:D005234,40
DB00675,MESH:D005910,40
DB00675,MESH:D006177,40
DB00675,MESH:D006331,40
DB00675,MESH:D006333,40
DB00675,MESH:D006461,40
DB00675,MESH:D006463,40
DB00675,MESH:D006470,40
DB00675,MESH:D006528,40
DB00675,MESH:D006529,40
DB00675,MESH:D006934,40
DB00675,MESH:D006948,40
DB00675,MESH:D006949,40
DB00675,MESH:D006951,40
DB00675,MESH:D006984,40
DB00675,MESH:D007021,40
DB00675,MESH:D007247,40
DB00675,MESH:D007248,40
DB00675,MESH:D007249,40
DB00675,MESH:D007319,40
DB00675,MESH:D007511,40
DB00675,MESH:D007674,40
DB00675,MESH:D007680,40
DB00675,MESH:D007889,40
DB00675,MESH:D008064,40
DB00675,MESH:D008103,40
DB00675,MESH:D008106,40
DB00675,MESH:D008107,40
DB00675,MESH:D008175,40
DB00675,MESH:D008269,40
DB00675,MESH:D008325,40
DB00675,MESH:D008545,40
DB00675,MESH:D008569,40
DB00675,MESH:D008881,40
DB00675,MESH:D009069,40
DB00675,MESH:D009101,40
DB00675,MESH:D009325,40
DB00675,MESH:D009336,40
DB00675,MESH:D009361,40
DB00675,MESH:D009364,40
DB00675,MESH:D009369,40
DB00675,MESH:D009376,40
DB00675,MESH:D009389,40
DB00675,MESH:D009404,40
DB00675,MESH:D009503,40
DB00675,MESH:D009901,40
DB00675,MESH:D009902,39
DB00675,MESH:D010048,40
DB00675,MESH:D010049,40
DB00675,MESH:D010146,40
DB00675,MESH:D010190,40
DB00675,MESH:D010195,40
DB00675,MESH:D010198,40
DB00675,MESH:D010911,40
DB00675,MESH:D010997,40
DB00675,MESH:D011230,40
DB00675,MESH:D011471,40
DB00675,MESH:D011472,40
DB00675,MESH:D011629,40
DB00675,MESH:D012021,40
DB00675,MESH:D012164,40
DB00675,MESH:D012174,40
DB00675,MESH:D012640,40
DB00675,MESH:D012851,40
DB00675,MESH:D012893,40
DB00675,MESH:D013119,40
DB00675,MESH:D013262,40
DB00675,MESH:D013921,40
DB00675,MESH:D013923,40
DB00675,MESH:D013927,40
DB00675,MESH:D014202,40
DB00675,MESH:D014564,40
DB00675,MESH:D014591,40
DB00675,MESH:D014594,40
DB00675,MESH:D014652,40
DB00675,MESH:D014657,40
DB00675,MESH:D014786,40
DB00675,MESH:D014839,40
DB00675,MESH:D015431,40
DB00675,MESH:D015674,40
DB00675,MESH:D015746,40
DB00675,MESH:D015812,40
DB00675,MESH:D017093,40
DB00675,MESH:D017114,40
DB00675,MESH:D017119,40
DB00675,MESH:D018200,30
DB00675,MESH:D018221,40
DB00675,MESH:D018222,40
DB00675,MESH:D018248,40
DB00675,MESH:D018269,40
DB00675,MESH:D018270,40
DB00675,MESH:D018317,40
DB00675,MESH:D018328,40
DB00675,MESH:D018567,40
DB00675,MESH:D019851,40
DB00675,MESH:D020149,40
DB00675,MESH:D020246,40
DB00675,MESH:D020325,37
DB00675,MESH:D020521,40
DB00675,MESH:D020767,40
DB00675,MESH:D030361,40
DB00675,MESH:D042882,40
DB00675,MESH:D050197,40
DB00675,MESH:D052016,40
DB00675,MESH:D052776,40
DB00675,MESH:D065626,40
DB00890,MESH:D000230,40
DB00890,MESH:D002277,40
DB00890,MESH:D002583,40
DB00890,MESH:D014625,40
DB01101,MESH:D000230,40
DB01101,MESH:D000740,40
DB01101,MESH:D000787,40
DB01101,MESH:D001661,40
DB01101,MESH:D001927,40
DB01101,MESH:D002277,40
DB01101,MESH:D002292,40
DB01101,MESH:D002493,40
DB01101,MESH:D002524,40
DB01101,MESH:D002526,40
DB01101,MESH:D002637,40
DB01101,MESH:D003110,40
DB01101,MESH:D003329,40
DB01101,MESH:D003967,40
DB01101,MESH:D004421,40
DB01101,MESH:D004938,40
DB01101,MESH:D005221,40
DB01101,MESH:D005770,40
DB01101,MESH:D006470,40
DB01101,MESH:D006996,40
DB01101,MESH:D007008,40
DB01101,MESH:D007970,40
DB01101,MESH:D009325,40
DB01101,MESH:D009361,40
DB01101,MESH:D009362,40
DB01101,MESH:D009422,40
DB01101,MESH:D009461,40
DB01101,MESH:D009503,40
DB01101,MESH:D010190,40
DB01101,MESH:D010292,40
DB01101,MESH:D010523,40
DB01101,MESH:D011471,40
DB01101,MESH:D012004,33
DB01101,MESH:D012871,40
DB01101,MESH:D013274,40
DB01101,MESH:D013280,39
DB01101,MESH:D013921,40
DB01101,MESH:D014839,40
DB01101,MESH:D015179,40
DB01101,MESH:D017086,40
DB01101,MESH:D017180,40
DB01101,MESH:D017202,40
DB01101,MESH:D017674,40
DB01101,MESH:D020258,40
DB01101,MESH:D052016,40
DB01101,MESH:D054058,40
DB01101,MESH:D056784,40
DB00007,MESH:D000230,40
DB00007,MESH:D000740,40
DB00007,MESH:D001321,40
DB00007,MESH:D001714,40
DB00007,MESH:D002543,22
DB00007,MESH:D003865,40
DB00007,MESH:D004715,40
DB00007,MESH:D004832,40
DB00007,MESH:D005234,40
DB00007,MESH:D006261,40
DB00007,MESH:D007172,40
DB00007,MESH:D007249,40
DB00007,MESH:D007319,39
DB00007,MESH:D007889,40
DB00007,MESH:D008569,40
DB00007,MESH:D009220,40
DB00007,MESH:D009361,40
DB00007,MESH:D010899,0
DB00007,MESH:D010900,40
DB00007,MESH:D011471,40
DB00007,MESH:D012170,40
DB00007,MESH:D014594,40
DB00007,MESH:D018771,0
DB00007,MESH:D020521,36
DB00262,MESH:D000740,40
DB00262,MESH:D000855,40
DB00262,MESH:D001254,40
DB00262,MESH:D001766,40
DB00262,MESH:D001927,40
DB00262,MESH:D001929,40
DB00262,MESH:D001932,40
DB00262,MESH:D001943,40
DB00262,MESH:D002294,40
DB00262,MESH:D002545,40
DB00262,MESH:D002779,40
DB00262,MESH:D002780,40
DB00262,MESH:D003072,40
DB00262,MESH:D003110,40
DB00262,MESH:D003556,40
DB00262,MESH:D003560,40
DB00262,MESH:D004211,40
DB00262,MESH:D004487,40
DB00262,MESH:D004806,40
DB00262,MESH:D004890,40
DB00262,MESH:D005483,40
DB00262,MESH:D005767,40
DB00262,MESH:D005909,40
DB00262,MESH:D005910,40
DB00262,MESH:D006331,40
DB00262,MESH:D006402,40
DB00262,MESH:D006417,40
DB00262,MESH:D006470,40
DB00262,MESH:D006849,40
DB00262,MESH:D006940,40
DB00262,MESH:D006965,40
DB00262,MESH:D007022,40
DB00262,MESH:D007511,40
DB00262,MESH:D007674,40
DB00262,MESH:D007859,40
DB00262,MESH:D007938,40
DB00262,MESH:D007970,40
DB00262,MESH:D008107,40
DB00262,MESH:D008175,40
DB00262,MESH:D008223,40
DB00262,MESH:D008569,40
DB00262,MESH:D009062,40
DB00262,MESH:D009101,40
DB00262,MESH:D009102,40
DB00262,MESH:D009182,40
DB00262,MESH:D009325,40
DB00262,MESH:D009336,40
DB00262,MESH:D009362,40
DB00262,MESH:D009369,40
DB00262,MESH:D009374,40
DB00262,MESH:D009376,40
DB00262,MESH:D009395,40
DB00262,MESH:D009422,40
DB00262,MESH:D009442,40
DB00262,MESH:D009503,40
DB00262,MESH:D009837,40
DB00262,MESH:D009901,40
DB00262,MESH:D009902,40
DB00262,MESH:D010190,40
DB00262,MESH:D010198,40
DB00262,MESH:D010292,40
DB00262,MESH:D010490,40
DB00262,MESH:D011014,40
DB00262,MESH:D011183,40
DB00262,MESH:D011507,40
DB00262,MESH:D011658,40
DB00262,MESH:D011668,40
DB00262,MESH:D012164,40
DB00262,MESH:D012173,40
DB00262,MESH:D012640,40
DB00262,MESH:D012878,40
DB00262,MESH:D013118,40
DB00262,MESH:D013280,40
DB00262,MESH:D013617,40
DB00262,MESH:D013921,40
DB00262,MESH:D013923,40
DB00262,MESH:D013927,40
DB00262,MESH:D014511,40
DB00262,MESH:D014786,40
DB00262,MESH:D015179,40
DB00262,MESH:D016403,40
DB00262,MESH:D016543,40
DB00262,MESH:D017202,40
DB00262,MESH:D018270,40
DB00262,MESH:D018281,40
DB00262,MESH:D018316,40
DB00262,MESH:D034381,40
DB00262,MESH:D051437,40
DB00262,MESH:D054198,40
DB00262,MESH:D054220,40
DB00262,MESH:D055370,40
DB00262,MESH:D056486,40
DB00262,MESH:D056784,40
DB04743,MESH:D000230,40
DB04743,MESH:D000799,40
DB04743,MESH:D001749,40
DB04743,MESH:D001859,40
DB04743,MESH:D002100,40
DB04743,MESH:D002289,40
DB04743,MESH:D002375,40
DB04743,MESH:D002389,40
DB04743,MESH:D002779,40
DB04743,MESH:D003110,40
DB04743,MESH:D003875,40
DB04743,MESH:D003967,40
DB04743,MESH:D004412,40
DB04743,MESH:D004417,40
DB04743,MESH:D004487,40
DB04743,MESH:D004802,40
DB04743,MESH:D004827,40
DB04743,MESH:D005334,40
DB04743,MESH:D005355,40
DB04743,MESH:D006258,40
DB04743,MESH:D006505,40
DB04743,MESH:D006528,40
DB04743,MESH:D006529,40
DB04743,MESH:D006930,40
DB04743,MESH:D006965,40
DB04743,MESH:D006973,40
DB04743,MESH:D006976,40
DB04743,MESH:D007417,40
DB04743,MESH:D008107,40
DB04743,MESH:D008569,40
DB04743,MESH:D009069,40
DB04743,MESH:D009203,40
DB04743,MESH:D009336,40
DB04743,MESH:D009362,40
DB04743,MESH:D009410,40
DB04743,MESH:D010003,40
DB04743,MESH:D010146,40
DB04743,MESH:D010149,40
DB04743,MESH:D010190,40
DB04743,MESH:D011297,40
DB04743,MESH:D012141,1
DB04743,MESH:D012640,40
DB04743,MESH:D012878,40
DB04743,MESH:D013927,40
DB04743,MESH:D014062,40
DB04743,MESH:D014581,40
DB04743,MESH:D014786,40
DB04743,MESH:D015431,40
DB04743,MESH:D015746,40
DB04743,MESH:D017114,40
DB04743,MESH:D017380,40
DB04743,MESH:D017496,40
DB04743,MESH:D020370,40
DB04743,MESH:D051437,40
DB04743,MESH:D056486,40
DB00293,MESH:D000740,40
DB00293,MESH:D000855,40
DB00293,MESH:D005221,40
DB00293,MESH:D008654,40
DB00293,MESH:D009369,39
DB00293,MESH:D009461,40
DB00293,MESH:D010190,40
DB00293,MESH:D015179,40
DB00293,MESH:D052016,40
DB00441,MESH:D000505,40
DB00441,MESH:D000707,40
DB00441,MESH:D000740,40
DB00441,MESH:D000743,40
DB00441,MESH:D000860,40
DB00441,MESH:D001037,40
DB00441,MESH:D001247,40
DB00441,MESH:D001259,40
DB00441,MESH:D001281,40
DB00441,MESH:D001342,40
DB00441,MESH:D001661,40
DB00441,MESH:D001766,40
DB00441,MESH:D001855,40
DB00441,MESH:D001943,40
DB00441,MESH:D002277,40
DB00441,MESH:D002292,40
DB00441,MESH:D002294,40
DB00441,MESH:D002295,40
DB00441,MESH:D002583,40
DB00441,MESH:D002637,40
DB00441,MESH:D003680,40
DB00441,MESH:D003681,40
DB00441,MESH:D003967,40
DB00441,MESH:D004417,40
DB00441,MESH:D004487,40
DB00441,MESH:D004890,40
DB00441,MESH:D005076,40
DB00441,MESH:D005221,40
DB00441,MESH:D005334,40
DB00441,MESH:D006331,40
DB00441,MESH:D006333,40
DB00441,MESH:D006402,40
DB00441,MESH:D006461,40
DB00441,MESH:D006463,40
DB00441,MESH:D006528,40
DB00441,MESH:D006689,40
DB00441,MESH:D006932,40
DB00441,MESH:D006973,40
DB00441,MESH:D007010,40
DB00441,MESH:D007022,40
DB00441,MESH:D007674,40
DB00441,MESH:D008113,40
DB00441,MESH:D008171,40
DB00441,MESH:D008175,40
DB00441,MESH:D008228,40
DB00441,MESH:D008231,40
DB00441,MESH:D008654,40
DB00441,MESH:D009101,40
DB00441,MESH:D009135,40
DB00441,MESH:D009369,40
DB00441,MESH:D009422,40
DB00441,MESH:D009503,40
DB00441,MESH:D010292,40
DB00441,MESH:D010490,40
DB00441,MESH:D010523,40
DB00441,MESH:D011014,40
DB00441,MESH:D011654,40
DB00441,MESH:D011697,40
DB00441,MESH:D012128,39
DB00441,MESH:D012206,40
DB00441,MESH:D012640,40
DB00441,MESH:D013617,40
DB00441,MESH:D013927,40
DB00441,MESH:D014511,40
DB00441,MESH:D014786,40
DB00441,MESH:D015433,40
DB00441,MESH:D016403,40
DB00441,MESH:D017093,40
DB00441,MESH:D018287,40
DB00441,MESH:D020244,16
DB00441,MESH:D020258,40
DB00441,MESH:D021441,40
DB00441,MESH:D045743,29
DB00441,MESH:D052016,40
DB00441,MESH:D055752,40
DB00441,MESH:D058186,40
DB00441,MESH:D065766,40
DB01217,MESH:D000230,40
DB01217,MESH:D001943,40
DB01217,MESH:D002349,40
DB01217,MESH:D003072,40
DB01217,MESH:D005923,40
DB01217,MESH:D008113,40
DB01217,MESH:D008569,40
DB01217,MESH:D009364,40
DB01217,MESH:D017119,40
DB01217,MESH:D019964,40
DB00322,MESH:D000230,40
DB00322,MESH:D000855,40
DB00322,MESH:D001157,40
DB00322,MESH:D001259,40
DB00322,MESH:D001649,0
DB00322,MESH:D002761,40
DB00322,MESH:D003110,40
DB00322,MESH:D003967,40
DB00322,MESH:D005221,40
DB00322,MESH:D005234,40
DB00322,MESH:D005767,40
DB00322,MESH:D005770,40
DB00322,MESH:D006504,40
DB00322,MESH:D008103,40
DB00322,MESH:D008107,40
DB00322,MESH:D008113,40
DB00322,MESH:D009325,40
DB00322,MESH:D009362,40
DB00322,MESH:D014839,40
DB00322,MESH:D015746,40
DB00322,MESH:D017093,40
DB00322,MESH:D041781,30
DB00322,MESH:D056486,40
DB00773,MESH:D000230,40
DB00773,MESH:D000380,40
DB00773,MESH:D000505,40
DB00773,MESH:D000740,40
DB00773,MESH:D000787,40
DB00773,MESH:D000855,40
DB00773,MESH:D001049,40
DB00773,MESH:D001157,40
DB00773,MESH:D001247,40
DB00773,MESH:D001254,40
DB00773,MESH:D001259,40
DB00773,MESH:D001749,40
DB00773,MESH:D001855,40
DB00773,MESH:D001932,40
DB00773,MESH:D002051,40
DB00773,MESH:D002289,40
DB00773,MESH:D002292,40
DB00773,MESH:D003882,39
DB00773,MESH:D004421,40
DB00773,MESH:D004827,40
DB00773,MESH:D004890,40
DB00773,MESH:D004915,40
DB00773,MESH:D004941,40
DB00773,MESH:D005334,40
DB00773,MESH:D005767,40
DB00773,MESH:D006327,40
DB00773,MESH:D006331,40
DB00773,MESH:D006402,40
DB00773,MESH:D006417,40
DB00773,MESH:D006463,40
DB00773,MESH:D006504,40
DB00773,MESH:D006505,40
DB00773,MESH:D006561,0
DB00773,MESH:D006689,40
DB00773,MESH:D006932,40
DB00773,MESH:D007008,40
DB00773,MESH:D007010,40
DB00773,MESH:D007022,40
DB00773,MESH:D007037,40
DB00773,MESH:D007235,40
DB00773,MESH:D007674,40
DB00773,MESH:D007890,40
DB00773,MESH:D007970,40
DB00773,MESH:D008107,40
DB00773,MESH:D008171,40
DB00773,MESH:D008175,40
DB00773,MESH:D008223,40
DB00773,MESH:D008224,40
DB00773,MESH:D008228,40
DB00773,MESH:D008527,40
DB00773,MESH:D008654,40
DB00773,MESH:D009069,40
DB00773,MESH:D009101,40
DB00773,MESH:D009190,40
DB00773,MESH:D009203,40
DB00773,MESH:D009325,40
DB00773,MESH:D009336,40
DB00773,MESH:D009369,40
DB00773,MESH:D009373,40
DB00773,MESH:D009374,40
DB00773,MESH:D009396,40
DB00773,MESH:D009447,40
DB00773,MESH:D009503,40
DB00773,MESH:D009669,40
DB00773,MESH:D010198,40
DB00773,MESH:D010243,40
DB00773,MESH:D010292,40
DB00773,MESH:D011471,40
DB00773,MESH:D011655,40
DB00773,MESH:D012175,40
DB00773,MESH:D012208,40
DB00773,MESH:D012509,40
DB00773,MESH:D012512,40
DB00773,MESH:D012516,40
DB00773,MESH:D012640,40
DB00773,MESH:D013262,40
DB00773,MESH:D013280,40
DB00773,MESH:D013584,40
DB00773,MESH:D013733,40
DB00773,MESH:D013736,40
DB00773,MESH:D013921,40
DB00773,MESH:D014581,40
DB00773,MESH:D014657,40
DB00773,MESH:D014839,40
DB00773,MESH:D014890,40
DB00773,MESH:D015266,0
DB00773,MESH:D015431,40
DB00773,MESH:D016393,40
DB00773,MESH:D016543,40
DB00773,MESH:D017202,40
DB00773,MESH:D018239,40
DB00773,MESH:D018241,40
DB00773,MESH:D018268,40
DB00773,MESH:D018288,40
DB00773,MESH:D018879,40
DB00773,MESH:D019046,40
DB00773,MESH:D019337,40
DB00773,MESH:D020258,40
DB00773,MESH:D034381,40
DB00773,MESH:D042822,40
DB00773,MESH:D043171,40
DB00773,MESH:D048629,40
DB00773,MESH:D051437,40
DB00773,MESH:D052016,40
DB00773,MESH:D054218,40
DB00773,MESH:D055752,40
DB00773,MESH:D056486,40
DB00773,MESH:D056784,40
DB00762,MESH:D000230,40
DB00762,MESH:D000740,40
DB00762,MESH:D001037,40
DB00762,MESH:D001919,40
DB00762,MESH:D002289,40
DB00762,MESH:D003110,40
DB00762,MESH:D003681,40
DB00762,MESH:D004401,40
DB00762,MESH:D004417,40
DB00762,MESH:D004927,40
DB00762,MESH:D005198,40
DB00762,MESH:D005234,40
DB00762,MESH:D005334,40
DB00762,MESH:D005767,40
DB00762,MESH:D005770,40
DB00762,MESH:D005910,40
DB00762,MESH:D006528,40
DB00762,MESH:D006996,40
DB00762,MESH:D007008,40
DB00762,MESH:D007022,40
DB00762,MESH:D007674,40
DB00762,MESH:D007960,0
DB00762,MESH:D007964,34
DB00762,MESH:D009133,40
DB00762,MESH:D009325,40
DB00762,MESH:D009362,40
DB00762,MESH:D009369,40
DB00762,MESH:D009374,40
DB00762,MESH:D009422,40
DB00762,MESH:D009447,40
DB00762,MESH:D009503,40
DB00762,MESH:D009837,39
DB00762,MESH:D010190,40
DB00762,MESH:D010292,40
DB00762,MESH:D012208,40
DB00762,MESH:D012516,40
DB00762,MESH:D013163,34
DB00762,MESH:D013274,40
DB00762,MESH:D013921,40
DB00762,MESH:D014839,40
DB00762,MESH:D015179,40
DB00762,MESH:D015431,40
DB00762,MESH:D015470,40
DB00762,MESH:D016411,40
DB00762,MESH:D016470,40
DB00762,MESH:D017599,40
DB00762,MESH:D017674,40
DB00762,MESH:D018805,40
DB00762,MESH:D052016,40
DB00762,MESH:D055752,40
DB00762,MESH:D056486,40
DB00762,MESH:D065626,39
DB06825,MESH:D000230,40
DB06825,MESH:D001943,40
DB06825,MESH:D006966,40
DB06825,MESH:D007006,40
DB06825,MESH:D007889,40
DB06825,MESH:D014594,40
DB00257,MESH:D001228,40
DB00257,MESH:D001932,40
DB00257,MESH:D002177,40
DB00257,MESH:D002779,40
DB00257,MESH:D003110,40
DB00257,MESH:D006461,40
DB00257,MESH:D006505,40
DB00257,MESH:D008175,40
DB00257,MESH:D009362,40
DB00257,MESH:D016778,0
DB00257,MESH:D018827,40
DB00257,MESH:D056486,40
DB00183,MESH:D001281,0
DB00183,MESH:D003110,40
DB00183,MESH:D005767,40
DB00183,MESH:D009325,40
DB00183,MESH:D009336,40
DB00183,MESH:D014202,5
DB00183,MESH:D016584,40
DB00276,MESH:D000230,40
DB00276,MESH:D001145,40
DB00276,MESH:D001855,40
DB00276,MESH:D001943,40
DB00276,MESH:D003967,4
DB00276,MESH:D005767,39
DB00276,MESH:D006561,40
DB00276,MESH:D006932,0
DB00276,MESH:D009202,40
DB00276,MESH:D012804,40
DB00276,MESH:D013280,40
DB00276,MESH:D015470,37
DB00276,MESH:D056486,40
DB01030,MESH:D000230,40
DB01030,MESH:D000505,40
DB01030,MESH:D000740,40
DB01030,MESH:D001201,40
DB01030,MESH:D001247,40
DB01030,MESH:D002292,40
DB01030,MESH:D003110,40
DB01030,MESH:D003967,40
DB01030,MESH:D004941,40
DB01030,MESH:D005221,40
DB01030,MESH:D005334,40
DB01030,MESH:D005767,40
DB01030,MESH:D006402,40
DB01030,MESH:D007022,40
DB01030,MESH:D007938,40
DB01030,MESH:D007970,40
DB01030,MESH:D008228,40
DB01030,MESH:D008231,40
DB01030,MESH:D008545,40
DB01030,MESH:D009101,40
DB01030,MESH:D009190,40
DB01030,MESH:D009325,40
DB01030,MESH:D009369,40
DB01030,MESH:D009447,40
DB01030,MESH:D009503,40
DB01030,MESH:D010051,40
DB01030,MESH:D012594,40
DB01030,MESH:D013280,40
DB01030,MESH:D013921,40
DB01030,MESH:D014839,40
DB01030,MESH:D018805,40
DB01030,MESH:D019457,40
DB01030,MESH:D055752,40
DB00396,MESH:D000230,40
DB00396,MESH:D000756,40
DB00396,MESH:D000799,40
DB00396,MESH:D000855,40
DB00396,MESH:D001008,40
DB00396,MESH:D001145,40
DB00396,MESH:D001523,40
DB00396,MESH:D001930,40
DB00396,MESH:D002318,40
DB00396,MESH:D002341,40
DB00396,MESH:D002375,40
DB00396,MESH:D002493,40
DB00396,MESH:D002543,40
DB00396,MESH:D002544,40
DB00396,MESH:D002561,40
DB00396,MESH:D002769,40
DB00396,MESH:D002779,40
DB00396,MESH:D003711,40
DB00396,MESH:D003866,40
DB00396,MESH:D003929,39
DB00396,MESH:D004195,40
DB00396,MESH:D004211,40
DB00396,MESH:D004681,40
DB00396,MESH:D004715,40
DB00396,MESH:D004832,40
DB00396,MESH:D005911,40
DB00396,MESH:D006059,40
DB00396,MESH:D006330,40
DB00396,MESH:D006345,40
DB00396,MESH:D006937,40
DB00396,MESH:D006966,40
DB00396,MESH:D006968,40
DB00396,MESH:D007247,40
DB00396,MESH:D007249,40
DB00396,MESH:D007674,40
DB00396,MESH:D007752,40
DB00396,MESH:D007889,40
DB00396,MESH:D008105,40
DB00396,MESH:D008106,40
DB00396,MESH:D008325,40
DB00396,MESH:D008413,0
DB00396,MESH:D009410,40
DB00396,MESH:D009422,40
DB00396,MESH:D010048,40
DB00396,MESH:D010051,40
DB00396,MESH:D010146,40
DB00396,MESH:D010523,40
DB00396,MESH:D011248,40
DB00396,MESH:D012468,40
DB00396,MESH:D012640,40
DB00396,MESH:D012734,40
DB00396,MESH:D012851,40
DB00396,MESH:D013119,40
DB00396,MESH:D013226,40
DB00396,MESH:D013375,40
DB00396,MESH:D013927,40
DB00396,MESH:D014591,40
DB00396,MESH:D014625,40
DB00396,MESH:D016472,40
DB00396,MESH:D016584,40
DB00396,MESH:D016889,40
DB00396,MESH:D018149,40
DB00396,MESH:D018275,40
DB00396,MESH:D019970,40
DB00396,MESH:D020244,40
DB00396,MESH:D020246,40
DB00396,MESH:D020258,40
DB00396,MESH:D020521,40
DB00396,MESH:D028361,30
DB00396,MESH:D054179,40
DB00396,MESH:D054556,40
DB00396,MESH:D056486,40
DB01708,MESH:D000230,40
DB01708,MESH:D000309,40
DB01708,MESH:D000312,40
DB01708,MESH:D001068,0
DB01708,MESH:D002375,40
DB01708,MESH:D004195,40
DB01708,MESH:D006973,40
DB01708,MESH:D007333,40
DB01708,MESH:D007642,40
DB01708,MESH:D007859,40
DB01708,MESH:D008113,40
DB01708,MESH:D008114,40
DB01708,MESH:D008325,40
DB01708,MESH:D011085,40
DB01708,MESH:D011086,40
DB01708,MESH:D011297,40
DB01708,MESH:D015431,40
DB01708,MESH:D015663,40
DB01708,MESH:D019970,40
DB00269,MESH:D000230,40
DB00269,MESH:D004487,40
DB00269,MESH:D006177,0
DB00269,MESH:D007970,40
DB00269,MESH:D009325,40
DB00269,MESH:D014839,40
DB01436,MESH:D000471,40
DB01436,MESH:D003093,40
DB01436,MESH:D006111,40
DB01436,MESH:D006934,40
DB01436,MESH:D006973,40
DB01436,MESH:D006996,40
DB01436,MESH:D007011,40
DB01436,MESH:D008224,40
DB01436,MESH:D009397,40
DB01436,MESH:D012141,40
DB01436,MESH:D012279,40
DB01436,MESH:D015179,40
DB01436,MESH:D015431,40
DB01436,MESH:D015663,40
DB01436,MESH:D053098,40
DB01436,MESH:D054559,40
DB01436,MESH:D058186,40
DB00357,MESH:D000230,40
DB00357,MESH:D001259,31
DB00357,MESH:D001523,40
DB00357,MESH:D001943,40
DB00357,MESH:D002277,40
DB00357,MESH:D004802,40
DB00357,MESH:D005076,40
DB00357,MESH:D005221,40
DB00357,MESH:D005334,40
DB00357,MESH:D009325,40
DB00357,MESH:D009362,2
DB00357,MESH:D010146,40
DB00357,MESH:D011471,40
DB00357,MESH:D011537,40
DB00357,MESH:D014581,40
DB00357,MESH:D016889,40
DB00357,MESH:D018268,0
DB00357,MESH:D041781,40
DB00357,MESH:D053609,40
DB00851,MESH:D000230,40
DB00851,MESH:D001005,40
DB00851,MESH:D001943,40
DB00851,MESH:D002276,1
DB00851,MESH:D002292,40
DB00851,MESH:D002341,0
DB00851,MESH:D002493,40
DB00851,MESH:D003556,40
DB00851,MESH:D003557,40
DB00851,MESH:D004487,40
DB00851,MESH:D004802,40
DB00851,MESH:D005767,40
DB00851,MESH:D005909,40
DB00851,MESH:D006261,40
DB00851,MESH:D006417,40
DB00851,MESH:D006502,40
DB00851,MESH:D006504,40
DB00851,MESH:D006689,40
DB00851,MESH:D007890,40
DB00851,MESH:D007970,40
DB00851,MESH:D008228,40
DB00851,MESH:D008545,40
DB00851,MESH:D009202,40
DB00851,MESH:D009325,40
DB00851,MESH:D009447,40
DB00851,MESH:D010190,40
DB00851,MESH:D010523,40
DB00851,MESH:D011471,40
DB00851,MESH:D012208,40
DB00851,MESH:D012509,40
DB00851,MESH:D012878,40
DB00851,MESH:D013923,40
DB00851,MESH:D013953,40
DB00851,MESH:D013964,40
DB00851,MESH:D014625,40
DB00851,MESH:D015179,40
DB00851,MESH:D015674,40
DB00851,MESH:D017093,40
DB00851,MESH:D018222,40
DB00851,MESH:D018328,40
DB00851,MESH:D020246,40
DB00851,MESH:D056486,40
DB00996,MESH:D000230,40
DB00996,MESH:D000236,40
DB00996,MESH:D000860,40
DB00996,MESH:D002524,40
DB00996,MESH:D002819,40
DB00996,MESH:D003928,40
DB00996,MESH:D003929,40
DB00996,MESH:D004409,40
DB00996,MESH:D004421,40
DB00996,MESH:D004487,40
DB00996,MESH:D004827,40
DB00996,MESH:D004830,40
DB00996,MESH:D004831,40
DB00996,MESH:D005221,40
DB00996,MESH:D006930,40
DB00996,MESH:D007889,40
DB00996,MESH:D008881,40
DB00996,MESH:D009135,40
DB00996,MESH:D009410,40
DB00996,MESH:D009437,40
DB00996,MESH:D009461,40
DB00996,MESH:D010146,40
DB00996,MESH:D010149,40
DB00996,MESH:D010190,40
DB00996,MESH:D010243,40
DB00996,MESH:D010292,40
DB00996,MESH:D010300,40
DB00996,MESH:D011164,40
DB00996,MESH:D012640,40
DB00996,MESH:D013262,40
DB00996,MESH:D014202,40
DB00996,MESH:D014277,40
DB00996,MESH:D017029,40
DB00996,MESH:D018771,40
DB00996,MESH:D020018,40
DB00996,MESH:D020329,40
DB00996,MESH:D020754,40
DB00996,MESH:D020820,40
DB00996,MESH:D020886,1
DB00996,MESH:D043183,40
DB00996,MESH:D051474,40
DB01582,MESH:D000236,40
DB01582,MESH:D006965,40
DB01582,MESH:D010182,40
DB01582,MESH:D012164,40
DB01582,MESH:D013964,0
DB00712,MESH:D000236,40
DB00712,MESH:D000855,40
DB00712,MESH:D001171,40
DB00712,MESH:D001172,40
DB00712,MESH:D002637,40
DB00712,MESH:D002779,40
DB00712,MESH:D003248,40
DB00712,MESH:D003643,40
DB00712,MESH:D005334,40
DB00712,MESH:D006261,40
DB00712,MESH:D006471,40
DB00712,MESH:D006975,0
DB00712,MESH:D007249,40
DB00712,MESH:D007410,40
DB00712,MESH:D007414,40
DB00712,MESH:D007674,40
DB00712,MESH:D009395,40
DB00712,MESH:D010146,40
DB00712,MESH:D010149,40
DB00712,MESH:D010302,40
DB00712,MESH:D011125,40
DB00712,MESH:D011471,40
DB00712,MESH:D013167,40
DB00712,MESH:D013262,40
DB00712,MESH:D014581,40
DB00712,MESH:D014591,40
DB00712,MESH:D014657,40
DB00712,MESH:D015433,40
DB00712,MESH:D015746,40
DB00712,MESH:D015877,0
DB00712,MESH:D041781,40
DB00712,MESH:D053565,40
DB00712,MESH:D056486,40
DB04630,MESH:D000310,0
DB04630,MESH:D000740,40
DB04630,MESH:D002318,40
DB04630,MESH:D004719,40
DB04630,MESH:D005761,40
DB04630,MESH:D006331,40
DB04630,MESH:D006332,40
DB04630,MESH:D006333,40
DB04630,MESH:D006929,0
DB04630,MESH:D006973,40
DB04630,MESH:D007008,40
DB04630,MESH:D007674,40
DB04630,MESH:D008103,40
DB04630,MESH:D009203,40
DB04630,MESH:D017114,40
DB04630,MESH:D018500,0
DB04630,MESH:D020521,40
DB04630,MESH:D056486,40
DB04630,MESH:D056929,0
DB00842,MESH:D000236,40
DB00842,MESH:D000437,40
DB00842,MESH:D000686,0
DB00842,MESH:D001008,40
DB00842,MESH:D003128,40
DB00842,MESH:D003328,40
DB00842,MESH:D005221,40
DB00842,MESH:D006130,40
DB00842,MESH:D006528,40
DB00842,MESH:D006529,40
DB00842,MESH:D006965,40
DB00842,MESH:D006984,40
DB00842,MESH:D007680,40
DB00842,MESH:D008113,40
DB00842,MESH:D008114,40
DB00842,MESH:D011225,40
DB00842,MESH:D011618,40
DB00842,MESH:D013276,40
DB00842,MESH:D013375,40
DB00842,MESH:D013964,40
DB00842,MESH:D016757,40
DB00842,MESH:D018197,40
DB00842,MESH:D019954,40
DB00842,MESH:D019970,40
DB00927,MESH:D000236,40
DB00927,MESH:D000707,40
DB00927,MESH:D001172,38
DB00927,MESH:D001523,40
DB00927,MESH:D001941,0
DB00927,MESH:D001943,40
DB00927,MESH:D002277,40
DB00927,MESH:D002779,40
DB00927,MESH:D002819,40
DB00927,MESH:D003072,40
DB00927,MESH:D004381,40
DB00927,MESH:D004935,40
DB00927,MESH:D004941,40
DB00927,MESH:D005767,40
DB00927,MESH:D006333,40
DB00927,MESH:D006471,40
DB00927,MESH:D006505,40
DB00927,MESH:D006966,40
DB00927,MESH:D006967,40
DB00927,MESH:D007037,40
DB00927,MESH:D007680,28
DB00927,MESH:D008113,40
DB00927,MESH:D008545,40
DB00927,MESH:D008582,40
DB00927,MESH:D008708,40
DB00927,MESH:D009422,40
DB00927,MESH:D010146,40
DB00927,MESH:D010302,40
DB00927,MESH:D010438,40
DB00927,MESH:D011832,40
DB00927,MESH:D012640,40
DB00927,MESH:D012871,40
DB00927,MESH:D013262,40
DB00927,MESH:D013272,40
DB00927,MESH:D013274,40
DB00927,MESH:D013276,40
DB00927,MESH:D014456,40
DB00927,MESH:D015179,40
DB00927,MESH:D016171,40
DB00927,MESH:D017118,40
DB00927,MESH:D018487,40
DB00927,MESH:D054537,40
DB08895,MESH:D000236,40
DB08895,MESH:D001169,40
DB08895,MESH:D001172,40
DB08895,MESH:D001862,40
DB08895,MESH:D002446,40
DB08895,MESH:D004487,40
DB08895,MESH:D006965,40
DB08895,MESH:D007249,40
DB08895,MESH:D007984,40
DB08895,MESH:D008067,40
DB08895,MESH:D008180,40
DB08895,MESH:D011565,40
DB08895,MESH:D015352,40
DB08895,MESH:D056735,40
DB04930,MESH:D000382,40
DB04930,MESH:D000782,40
DB04930,MESH:D001249,40
DB04930,MESH:D001259,40
DB04930,MESH:D001308,40
DB04930,MESH:D003866,40
DB04930,MESH:D003877,40
DB04930,MESH:D004195,39
DB04930,MESH:D004421,40
DB04930,MESH:D005911,40
DB04930,MESH:D006331,40
DB04930,MESH:D006968,0
DB04930,MESH:D007249,40
DB04930,MESH:D007410,40
DB04930,MESH:D007674,40
DB04930,MESH:D007676,40
DB04930,MESH:D007859,40
DB04930,MESH:D007938,40
DB04930,MESH:D008113,40
DB04930,MESH:D008175,40
DB04930,MESH:D008569,40
DB04930,MESH:D009101,40
DB04930,MESH:D009336,40
DB04930,MESH:D010300,40
DB04930,MESH:D011471,40
DB04930,MESH:D012135,40
DB04930,MESH:D012220,40
DB04930,MESH:D012640,40
DB04930,MESH:D014202,40
DB04930,MESH:D015431,40
DB04930,MESH:D018476,40
DB04930,MESH:D018923,0
DB04930,MESH:D019465,40
DB04930,MESH:D029481,40
DB04930,MESH:D048629,40
DB04930,MESH:D053627,40
DB04930,MESH:D056486,40
DB04930,MESH:D065631,40
DB00753,MESH:D000236,0
DB00753,MESH:D000860,40
DB00753,MESH:D001049,40
DB00753,MESH:D001145,40
DB00753,MESH:D001927,40
DB00753,MESH:D001930,40
DB00753,MESH:D002779,40
DB00753,MESH:D003072,40
DB00753,MESH:D003327,40
DB00753,MESH:D003645,40
DB00753,MESH:D004802,40
DB00753,MESH:D005207,40
DB00753,MESH:D005334,40
DB00753,MESH:D006261,40
DB00753,MESH:D006323,40
DB00753,MESH:D006333,40
DB00753,MESH:D006930,40
DB00753,MESH:D006940,40
DB00753,MESH:D006973,40
DB00753,MESH:D007022,40
DB00753,MESH:D007249,40
DB00753,MESH:D007674,40
DB00753,MESH:D007859,40
DB00753,MESH:D008107,40
DB00753,MESH:D008113,39
DB00753,MESH:D008305,40
DB00753,MESH:D008944,40
DB00753,MESH:D009128,40
DB00753,MESH:D009202,40
DB00753,MESH:D009325,40
DB00753,MESH:D009410,40
DB00753,MESH:D010146,40
DB00753,MESH:D011183,40
DB00753,MESH:D012131,40
DB00753,MESH:D012206,40
DB00753,MESH:D012640,40
DB00753,MESH:D013226,40
DB00753,MESH:D013375,40
DB00753,MESH:D013610,40
DB00753,MESH:D014839,40
DB00753,MESH:D015428,39
DB00753,MESH:D016171,40
DB00753,MESH:D017114,40
DB00753,MESH:D017202,40
DB00753,MESH:D018805,40
DB00753,MESH:D019636,40
DB00753,MESH:D019954,40
DB00753,MESH:D023341,40
DB00753,MESH:D056486,40
DB00753,MESH:D058186,40
DB00175,MESH:D000236,40
DB00175,MESH:D000505,40
DB00175,MESH:D000542,0
DB00175,MESH:D002318,40
DB00175,MESH:D002561,12
DB00175,MESH:D002779,40
DB00175,MESH:D003324,40
DB00175,MESH:D003327,40
DB00175,MESH:D003875,40
DB00175,MESH:D003882,40
DB00175,MESH:D003920,40
DB00175,MESH:D004401,40
DB00175,MESH:D005355,40
DB00175,MESH:D006261,40
DB00175,MESH:D006331,40
DB00175,MESH:D006937,40
DB00175,MESH:D006938,40
DB00175,MESH:D006973,40
DB00175,MESH:D009157,40
DB00175,MESH:D009203,40
DB00175,MESH:D009220,40
DB00175,MESH:D009222,40
DB00175,MESH:D010146,40
DB00175,MESH:D010292,40
DB00175,MESH:D010523,40
DB00175,MESH:D011115,40
DB00175,MESH:D011507,40
DB00175,MESH:D012141,40
DB00175,MESH:D012852,40
DB00175,MESH:D012883,0
DB00175,MESH:D013262,40
DB00175,MESH:D015228,40
DB00175,MESH:D017285,40
DB00175,MESH:D050171,40
DB00175,MESH:D050197,40
DB00175,MESH:D052456,40
DB00175,MESH:D058186,40
DB01393,MESH:D000236,40
DB01393,MESH:D000799,40
DB01393,MESH:D001416,40
DB01393,MESH:D001928,40
DB01393,MESH:D002100,40
DB01393,MESH:D002318,40
DB01393,MESH:D002493,40
DB01393,MESH:D002779,40
DB01393,MESH:D003110,40
DB01393,MESH:D003324,40
DB01393,MESH:D003875,40
DB01393,MESH:D003920,40
DB01393,MESH:D003921,40
DB01393,MESH:D003924,40
DB01393,MESH:D005234,40
DB01393,MESH:D005355,40
DB01393,MESH:D006528,40
DB01393,MESH:D006529,40
DB01393,MESH:D006937,40
DB01393,MESH:D006938,40
DB01393,MESH:D006943,40
DB01393,MESH:D006946,40
DB01393,MESH:D006949,40
DB01393,MESH:D006950,40
DB01393,MESH:D006951,40
DB01393,MESH:D006954,1
DB01393,MESH:D007249,40
DB01393,MESH:D007674,40
DB01393,MESH:D007683,40
DB01393,MESH:D008108,40
DB01393,MESH:D009135,40
DB01393,MESH:D009203,40
DB01393,MESH:D009212,40
DB01393,MESH:D009220,40
DB01393,MESH:D009468,40
DB01393,MESH:D009765,40
DB01393,MESH:D010146,40
DB01393,MESH:D010523,40
DB01393,MESH:D011085,40
DB01393,MESH:D011230,40
DB01393,MESH:D012206,40
DB01393,MESH:D013733,40
DB01393,MESH:D013927,40
DB01393,MESH:D015209,40
DB01393,MESH:D015228,40
DB01393,MESH:D015431,40
DB01393,MESH:D015451,40
DB01393,MESH:D015470,40
DB01393,MESH:D016111,40
DB01393,MESH:D018149,40
DB01393,MESH:D018908,40
DB01393,MESH:D019698,40
DB01393,MESH:D023921,40
DB01393,MESH:D028361,40
DB01393,MESH:D039682,40
DB01393,MESH:D050171,40
DB01393,MESH:D050197,40
DB01393,MESH:D051437,40
DB01393,MESH:D052456,40
DB01393,MESH:D056486,40
DB01393,MESH:D058186,40
DB01393,MESH:D058226,40
DB01393,MESH:D065626,40
DB00995,MESH:D000236,40
DB00995,MESH:D000743,40
DB00995,MESH:D001172,40
DB00995,MESH:D004401,40
DB00995,MESH:D004409,40
DB00995,MESH:D005767,40
DB00995,MESH:D007079,40
DB00995,MESH:D007680,40
DB00995,MESH:D008175,40
DB00995,MESH:D009336,40
DB00995,MESH:D009401,40
DB00995,MESH:D009404,40
DB00995,MESH:D010146,40
DB00995,MESH:D014456,40
DB00995,MESH:D014839,40
DB00995,MESH:D015428,40
DB00995,MESH:D015431,40
DB00995,MESH:D015433,40
DB00995,MESH:D017496,40
DB00995,MESH:D058186,40
DB00215,MESH:D000275,40
DB00215,MESH:D000855,40
DB00215,MESH:D000857,40
DB00215,MESH:D001008,40
DB00215,MESH:D001281,40
DB00215,MESH:D001289,40
DB00215,MESH:D001321,40
DB00215,MESH:D001342,40
DB00215,MESH:D001714,40
DB00215,MESH:D001919,40
DB00215,MESH:D002543,40
DB00215,MESH:D002659,40
DB00215,MESH:D002779,40
DB00215,MESH:D003248,40
DB00215,MESH:D003329,40
DB00215,MESH:D003866,40
DB00215,MESH:D003967,40
DB00215,MESH:D004421,40
DB00215,MESH:D004827,40
DB00215,MESH:D004830,40
DB00215,MESH:D005221,40
DB00215,MESH:D005334,40
DB00215,MESH:D006212,40
DB00215,MESH:D006261,40
DB00215,MESH:D006530,40
DB00215,MESH:D006948,40
DB00215,MESH:D007010,40
DB00215,MESH:D007022,40
DB00215,MESH:D007035,40
DB00215,MESH:D007172,40
DB00215,MESH:D007319,40
DB00215,MESH:D007674,40
DB00215,MESH:D008064,40
DB00215,MESH:D008133,40
DB00215,MESH:D009069,40
DB00215,MESH:D009123,40
DB00215,MESH:D009127,40
DB00215,MESH:D009362,40
DB00215,MESH:D009369,40
DB00215,MESH:D009461,40
DB00215,MESH:D010292,40
DB00215,MESH:D010698,40
DB00215,MESH:D011297,40
DB00215,MESH:D011605,40
DB00215,MESH:D011618,40
DB00215,MESH:D011928,40
DB00215,MESH:D012021,40
DB00215,MESH:D012131,40
DB00215,MESH:D012640,40
DB00215,MESH:D012798,40
DB00215,MESH:D012893,40
DB00215,MESH:D013064,40
DB00215,MESH:D013226,40
DB00215,MESH:D013262,40
DB00215,MESH:D013313,40
DB00215,MESH:D013375,40
DB00215,MESH:D014202,40
DB00215,MESH:D014839,40
DB00215,MESH:D015746,40
DB00215,MESH:D016055,40
DB00215,MESH:D016171,40
DB00215,MESH:D016584,40
DB00215,MESH:D018476,40
DB00215,MESH:D019954,40
DB00215,MESH:D019964,40
DB00215,MESH:D019966,40
DB00215,MESH:D019970,40
DB00215,MESH:D020018,40
DB00215,MESH:D020233,40
DB00215,MESH:D020521,40
DB00215,MESH:D020734,40
DB00215,MESH:D020821,40
DB00215,MESH:D054556,40
DB00215,MESH:D062787,40
DB00620,MESH:D000303,39
DB00620,MESH:D002386,40
DB00620,MESH:D002972,40
DB00620,MESH:D003480,40
DB00620,MESH:D003930,40
DB00620,MESH:D004646,40
DB00620,MESH:D007010,40
DB00620,MESH:D008068,40
DB00620,MESH:D008269,40
DB00620,MESH:D009133,40
DB00620,MESH:D009135,40
DB00620,MESH:D009336,40
DB00620,MESH:D009896,40
DB00620,MESH:D010146,40
DB00620,MESH:D012594,40
DB00620,MESH:D013117,40
DB00620,MESH:D014605,40
DB00620,MESH:D015431,40
DB00620,MESH:D017116,40
DB00620,MESH:D018908,40
DB00648,MESH:D000303,40
DB00648,MESH:D000310,40
DB00648,MESH:D001778,0
DB00648,MESH:D002493,40
DB00648,MESH:D003480,0
DB00648,MESH:D003967,40
DB00648,MESH:D005076,40
DB00648,MESH:D006470,40
DB00648,MESH:D006937,40
DB00648,MESH:D007172,40
DB00648,MESH:D007806,40
DB00648,MESH:D008569,40
DB00648,MESH:D009325,40
DB00648,MESH:D009336,40
DB00648,MESH:D009503,40
DB00648,MESH:D010523,40
DB00648,MESH:D018268,40
DB00648,MESH:D047748,40
DB00648,MESH:D047928,40
DB00648,MESH:D056486,40
DB00604,MESH:D000307,40
DB00604,MESH:D001919,40
DB00604,MESH:D003248,40
DB00604,MESH:D003480,40
DB00604,MESH:D004381,40
DB00604,MESH:D004417,31
DB00604,MESH:D004421,40
DB00604,MESH:D005764,40
DB00604,MESH:D006331,40
DB00604,MESH:D006332,40
DB00604,MESH:D006965,40
DB00604,MESH:D007022,40
DB00604,MESH:D008133,40
DB00604,MESH:D009127,40
DB00604,MESH:D010146,40
DB00604,MESH:D010490,40
DB00604,MESH:D013276,40
DB00604,MESH:D017180,40
DB00604,MESH:D018487,40
DB00604,MESH:D018589,40
DB00604,MESH:D020233,40
DB00604,MESH:D048909,40
DB00604,MESH:D051437,40
DB00604,MESH:D054537,40
DB00604,MESH:D056486,40
DB08907,MESH:D000307,40
DB08907,MESH:D002292,40
DB08907,MESH:D003924,40
DB08907,MESH:D007680,40
DB08907,MESH:D007859,40
DB08907,MESH:D007984,40
DB08907,MESH:D010673,40
DB08907,MESH:D015431,40
DB08907,MESH:D015576,40
DB01011,MESH:D001161,40
DB01011,MESH:D003480,40
DB01011,MESH:D006332,40
DB01011,MESH:D006973,40
DB01011,MESH:D007022,40
DB01011,MESH:D008569,40
DB01011,MESH:D012640,40
DB01011,MESH:D013375,40
DB01011,MESH:D019970,40
DB00169,MESH:D000307,40
DB00169,MESH:D001018,40
DB00169,MESH:D001161,40
DB00169,MESH:D001327,40
DB00169,MESH:D001523,40
DB00169,MESH:D003324,40
DB00169,MESH:D005234,40
DB00169,MESH:D005767,40
DB00169,MESH:D006130,40
DB00169,MESH:D006934,40
DB00169,MESH:D006965,40
DB00169,MESH:D006973,40
DB00169,MESH:D006996,40
DB00169,MESH:D007249,40
DB00169,MESH:D008103,36
DB00169,MESH:D008325,40
DB00169,MESH:D009123,40
DB00169,MESH:D010146,40
DB00169,MESH:D010673,0
DB00169,MESH:D010922,40
DB00169,MESH:D011230,40
DB00169,MESH:D011471,40
DB00169,MESH:D012279,40
DB00169,MESH:D013471,0
DB00169,MESH:D013971,0
DB00169,MESH:D014652,37
DB00169,MESH:D014808,40
DB00169,MESH:D015431,40
DB00169,MESH:D015663,40
DB00169,MESH:D017285,40
DB00169,MESH:D020347,0
DB00169,MESH:D050197,40
DB00169,MESH:D051437,40
DB00169,MESH:D053565,40
DB00169,MESH:D059352,40
DB00169,MESH:D061205,40
DB00371,MESH:D000309,40
DB00371,MESH:D000380,40
DB00371,MESH:D000430,16
DB00371,MESH:D000741,40
DB00371,MESH:D001523,40
DB00371,MESH:D003117,0
DB00371,MESH:D003875,40
DB00371,MESH:D005334,40
DB00371,MESH:D007022,40
DB00371,MESH:D009325,40
DB00371,MESH:D010198,40
DB00371,MESH:D010243,40
DB00371,MESH:D011537,40
DB00371,MESH:D012640,40
DB00371,MESH:D012893,40
DB00371,MESH:D013375,40
DB00371,MESH:D014839,40
DB00371,MESH:D019966,40
DB00371,MESH:D020820,40
DB00371,MESH:D023341,40
DB00351,MESH:D001943,40
DB00351,MESH:D002318,40
DB00351,MESH:D003480,40
DB00351,MESH:D005262,0
DB00351,MESH:D008579,40
DB00351,MESH:D009376,40
DB00351,MESH:D016889,40
DB00351,MESH:D020246,40
DB04817,MESH:D000380,40
DB04817,MESH:D000741,40
DB04817,MESH:D003875,40
DB04817,MESH:D004487,40
DB04817,MESH:D005076,40
DB04817,MESH:D005334,40
DB04817,MESH:D006930,40
DB04817,MESH:D008114,0
DB04817,MESH:D009396,40
DB04817,MESH:D010146,40
DB04817,MESH:D011014,40
DB04817,MESH:D011297,40
DB04817,MESH:D013118,40
DB04817,MESH:D013375,40
DB04817,MESH:D014581,40
DB04817,MESH:D017118,40
DB04817,MESH:D020300,40
DB04817,MESH:D056486,40
DB01607,MESH:D000380,40
DB01607,MESH:D000744,40
DB01607,MESH:D001424,40
DB01607,MESH:D003556,40
DB01607,MESH:D004427,40
DB01607,MESH:D006212,40
DB01607,MESH:D006417,40
DB01607,MESH:D006470,40
DB01607,MESH:D007008,40
DB01607,MESH:D014555,40
DB01607,MESH:D020258,40
DB01607,MESH:D020820,40
DB01607,MESH:D053609,40
DB01607,MESH:D058186,40
DB01140,MESH:D000380,39
DB01140,MESH:D000743,40
DB01140,MESH:D003875,40
DB01140,MESH:D004927,40
DB01140,MESH:D005334,40
DB01140,MESH:D009205,40
DB01140,MESH:D012141,38
DB01140,MESH:D013262,40
DB01140,MESH:D014581,40
DB01140,MESH:D056486,40
DB00845,MESH:D000741,40
DB00845,MESH:D003967,40
DB00845,MESH:D007918,40
DB00845,MESH:D009202,40
DB00845,MESH:D015746,40
DB00845,MESH:D017511,40
DB08805,MESH:D000380,40
DB08805,MESH:D001919,40
DB08805,MESH:D004381,39
DB08805,MESH:D007022,40
DB08805,MESH:D010437,40
DB08805,MESH:D013276,40
DB00812,MESH:D000380,40
DB00812,MESH:D000740,40
DB00812,MESH:D000741,40
DB00812,MESH:D001002,40
DB00812,MESH:D001168,40
DB00812,MESH:D001172,40
DB00812,MESH:D001749,40
DB00812,MESH:D002277,40
DB00812,MESH:D002779,40
DB00812,MESH:D002780,40
DB00812,MESH:D003882,40
DB00812,MESH:D004487,40
DB00812,MESH:D005076,40
DB00812,MESH:D005221,40
DB00812,MESH:D005234,40
DB00812,MESH:D006261,40
DB00812,MESH:D006331,40
DB00812,MESH:D006356,40
DB00812,MESH:D006417,40
DB00812,MESH:D006471,40
DB00812,MESH:D006505,40
DB00812,MESH:D006529,40
DB00812,MESH:D006965,40
DB00812,MESH:D007249,40
DB00812,MESH:D007592,40
DB00812,MESH:D007674,40
DB00812,MESH:D007680,40
DB00812,MESH:D007683,40
DB00812,MESH:D007970,40
DB00812,MESH:D008180,40
DB00812,MESH:D009202,40
DB00812,MESH:D009336,40
DB00812,MESH:D009395,40
DB00812,MESH:D009404,40
DB00812,MESH:D009422,40
DB00812,MESH:D009503,40
DB00812,MESH:D010198,40
DB00812,MESH:D010212,40
DB00812,MESH:D010437,40
DB00812,MESH:D010998,0
DB00812,MESH:D011507,40
DB00812,MESH:D011565,40
DB00812,MESH:D013167,40
DB00812,MESH:D013651,40
DB00812,MESH:D013921,40
DB00812,MESH:D013927,40
DB00812,MESH:D014456,40
DB00812,MESH:D014657,40
DB00812,MESH:D015207,40
DB00812,MESH:D015210,40
DB00812,MESH:D015470,40
DB00812,MESH:D015746,40
DB00812,MESH:D017285,40
DB00812,MESH:D019966,40
DB00812,MESH:D041781,40
DB00812,MESH:D051437,40
DB00812,MESH:D052177,40
DB00812,MESH:D054198,40
DB00812,MESH:D056486,40
DB00812,MESH:D058186,40
DB00758,MESH:D000380,40
DB00758,MESH:D000741,40
DB00758,MESH:D001157,40
DB00758,MESH:D001281,40
DB00758,MESH:D002318,40
DB00758,MESH:D002543,40
DB00758,MESH:D002545,40
DB00758,MESH:D002546,40
DB00758,MESH:D002779,40
DB00758,MESH:D003161,0
DB00758,MESH:D003327,40
DB00758,MESH:D003925,40
DB00758,MESH:D004417,40
DB00758,MESH:D005076,40
DB00758,MESH:D005355,40
DB00758,MESH:D006212,40
DB00758,MESH:D006261,40
DB00758,MESH:D006406,40
DB00758,MESH:D006408,40
DB00758,MESH:D006463,40
DB00758,MESH:D006470,40
DB00758,MESH:D006965,40
DB00758,MESH:D007970,40
DB00758,MESH:D009203,40
DB00758,MESH:D009325,40
DB00758,MESH:D009336,40
DB00758,MESH:D009362,40
DB00758,MESH:D009503,40
DB00758,MESH:D011697,40
DB00758,MESH:D012170,40
DB00758,MESH:D013262,40
DB00758,MESH:D013345,40
DB00758,MESH:D013610,40
DB00758,MESH:D013920,40
DB00758,MESH:D013921,40
DB00758,MESH:D013923,40
DB00758,MESH:D014581,40
DB00758,MESH:D014652,40
DB00758,MESH:D014839,40
DB00758,MESH:D015433,40
DB00758,MESH:D016893,40
DB00758,MESH:D017202,40
DB00758,MESH:D020246,40
DB00758,MESH:D020300,40
DB00758,MESH:D020767,40
DB00758,MESH:D023903,40
DB00758,MESH:D050197,40
DB00758,MESH:D054058,40
DB00848,MESH:D000743,40
DB00848,MESH:D001037,40
DB00848,MESH:D001168,40
DB00848,MESH:D001172,40
DB00848,MESH:D001943,40
DB00848,MESH:D002375,40
DB00848,MESH:D002493,40
DB00848,MESH:D002637,40
DB00848,MESH:D003680,40
DB00848,MESH:D003704,7
DB00848,MESH:D003711,40
DB00848,MESH:D003875,40
DB00848,MESH:D004660,40
DB00848,MESH:D005234,40
DB00848,MESH:D005334,40
DB00848,MESH:D005767,40
DB00848,MESH:D005921,40
DB00848,MESH:D007177,40
DB00848,MESH:D007414,40
DB00848,MESH:D007674,40
DB00848,MESH:D007960,0
DB00848,MESH:D007970,40
DB00848,MESH:D009135,40
DB00848,MESH:D009336,40
DB00848,MESH:D009404,40
DB00848,MESH:D009503,40
DB00848,MESH:D010146,40
DB00848,MESH:D010243,40
DB00848,MESH:D011605,40
DB00848,MESH:D012004,40
DB00848,MESH:D012598,40
DB00848,MESH:D012640,40
DB00848,MESH:D014657,40
DB00848,MESH:D014839,40
DB00848,MESH:D015179,40
DB00848,MESH:D019226,40
DB00848,MESH:D019694,0
DB00848,MESH:D020234,26
DB00848,MESH:D056784,40
DB00208,MESH:D000740,40
DB00208,MESH:D000741,40
DB00208,MESH:D000787,40
DB00208,MESH:D000799,40
DB00208,MESH:D001259,40
DB00208,MESH:D001424,40
DB00208,MESH:D002544,40
DB00208,MESH:D002546,40
DB00208,MESH:D002561,40
DB00208,MESH:D002780,40
DB00208,MESH:D003324,40
DB00208,MESH:D003328,40
DB00208,MESH:D003872,40
DB00208,MESH:D003875,40
DB00208,MESH:D003967,40
DB00208,MESH:D004211,40
DB00208,MESH:D004401,40
DB00208,MESH:D004487,40
DB00208,MESH:D004941,40
DB00208,MESH:D005076,40
DB00208,MESH:D005234,40
DB00208,MESH:D005767,40
DB00208,MESH:D006406,40
DB00208,MESH:D006463,40
DB00208,MESH:D006470,40
DB00208,MESH:D006505,40
DB00208,MESH:D006529,40
DB00208,MESH:D007674,40
DB00208,MESH:D008107,40
DB00208,MESH:D009203,40
DB00208,MESH:D009205,40
DB00208,MESH:D009325,40
DB00208,MESH:D009503,40
DB00208,MESH:D009846,25
DB00208,MESH:D013610,40
DB00208,MESH:D013921,40
DB00208,MESH:D013923,40
DB00208,MESH:D014456,40
DB00208,MESH:D014581,40
DB00208,MESH:D014652,40
DB00208,MESH:D015746,40
DB00208,MESH:D019851,40
DB00208,MESH:D020521,40
DB00208,MESH:D023903,40
DB00208,MESH:D041781,40
DB00208,MESH:D050171,40
DB00208,MESH:D050197,40
DB00208,MESH:D054079,40
DB00208,MESH:D056486,40
DB00208,MESH:D058186,40
DB00208,MESH:D058729,40
DB01331,MESH:D000380,40
DB01331,MESH:D000707,40
DB01331,MESH:D001281,40
DB01331,MESH:D003875,40
DB01331,MESH:D003967,40
DB01331,MESH:D004211,40
DB01331,MESH:D007022,40
DB01331,MESH:D007105,40
DB01331,MESH:D007683,40
DB01331,MESH:D011654,40
DB01331,MESH:D012135,40
DB01331,MESH:D013616,40
DB01331,MESH:D013921,40
DB01331,MESH:D014581,40
DB01331,MESH:D015431,40
DB00968,MESH:D000380,40
DB00968,MESH:D000471,40
DB00968,MESH:D000568,10
DB00968,MESH:D000740,40
DB00968,MESH:D000743,40
DB00968,MESH:D000744,40
DB00968,MESH:D000855,40
DB00968,MESH:D000860,40
DB00968,MESH:D001523,40
DB00968,MESH:D001650,40
DB00968,MESH:D001855,31
DB00968,MESH:D001919,40
DB00968,MESH:D001929,40
DB00968,MESH:D002544,40
DB00968,MESH:D002779,40
DB00968,MESH:D003072,40
DB00968,MESH:D003092,40
DB00968,MESH:D003240,40
DB00968,MESH:D003248,40
DB00968,MESH:D003704,40
DB00968,MESH:D004417,40
DB00968,MESH:D005076,40
DB00968,MESH:D005234,40
DB00968,MESH:D005334,40
DB00968,MESH:D005355,40
DB00968,MESH:D005494,40
DB00968,MESH:D006212,40
DB00968,MESH:D006261,40
DB00968,MESH:D006333,40
DB00968,MESH:D006501,40
DB00968,MESH:D006505,40
DB00968,MESH:D006521,0
DB00968,MESH:D006529,40
DB00968,MESH:D006966,40
DB00968,MESH:D006973,40
DB00968,MESH:D006975,40
DB00968,MESH:D006983,40
DB00968,MESH:D007022,40
DB00968,MESH:D007024,40
DB00968,MESH:D007172,40
DB00968,MESH:D007177,40
DB00968,MESH:D008103,40
DB00968,MESH:D008180,40
DB00968,MESH:D009127,40
DB00968,MESH:D009135,40
DB00968,MESH:D009205,40
DB00968,MESH:D009325,40
DB00968,MESH:D009336,40
DB00968,MESH:D010195,40
DB00968,MESH:D010259,40
DB00968,MESH:D010302,40
DB00968,MESH:D010995,40
DB00968,MESH:D010996,26
DB00968,MESH:D011297,40
DB00968,MESH:D011605,40
DB00968,MESH:D011928,40
DB00968,MESH:D012021,40
DB00968,MESH:D012131,40
DB00968,MESH:D012804,40
DB00968,MESH:D013163,40
DB00968,MESH:D013280,0
DB00968,MESH:D014555,40
DB00968,MESH:D014839,40
DB00968,MESH:D017379,40
DB00968,MESH:D018476,40
DB00968,MESH:D020233,40
DB00968,MESH:D046110,40
DB00968,MESH:D047508,4
DB00968,MESH:D051437,40
DB00968,MESH:D054537,40
DB00968,MESH:D056486,40
DB00968,MESH:D056647,40
DB00968,MESH:D058186,40
DB00446,MESH:D000740,40
DB00446,MESH:D000741,40
DB00446,MESH:D000756,38
DB00446,MESH:D001170,40
DB00446,MESH:D001919,40
DB00446,MESH:D002543,40
DB00446,MESH:D003490,1
DB00446,MESH:D003638,40
DB00446,MESH:D004802,40
DB00446,MESH:D004827,40
DB00446,MESH:D005076,40
DB00446,MESH:D005334,40
DB00446,MESH:D006319,40
DB00446,MESH:D006402,40
DB00446,MESH:D006457,40
DB00446,MESH:D006461,40
DB00446,MESH:D006471,40
DB00446,MESH:D006529,40
DB00446,MESH:D006849,40
DB00446,MESH:D007022,40
DB00446,MESH:D007938,40
DB00446,MESH:D007951,40
DB00446,MESH:D007964,40
DB00446,MESH:D007970,40
DB00446,MESH:D008569,40
DB00446,MESH:D008581,40
DB00446,MESH:D009336,40
DB00446,MESH:D009362,40
DB00446,MESH:D009896,40
DB00446,MESH:D009901,40
DB00446,MESH:D009902,40
DB00446,MESH:D010146,40
DB00446,MESH:D010198,40
DB00446,MESH:D010291,40
DB00446,MESH:D010523,40
DB00446,MESH:D011014,40
DB00446,MESH:D011552,40
DB00446,MESH:D012131,40
DB00446,MESH:D013921,40
DB00446,MESH:D014435,40
DB00446,MESH:D014652,40
DB00446,MESH:D015470,40
DB00446,MESH:D015479,40
DB00446,MESH:D016908,40
DB00446,MESH:D018805,40
DB00446,MESH:D020234,40
DB00446,MESH:D048629,40
DB00446,MESH:D054198,40
DB00446,MESH:D062787,40
DB00115,MESH:D000380,40
DB00115,MESH:D000707,40
DB00115,MESH:D000748,40
DB00115,MESH:D001201,40
DB00115,MESH:D001284,40
DB00115,MESH:D001321,40
DB00115,MESH:D001724,40
DB00115,MESH:D001791,40
DB00115,MESH:D001928,40
DB00115,MESH:D002386,40
DB00115,MESH:D002446,40
DB00115,MESH:D003072,40
DB00115,MESH:D003711,40
DB00115,MESH:D003875,40
DB00115,MESH:D003929,40
DB00115,MESH:D004417,40
DB00115,MESH:D004827,40
DB00115,MESH:D005128,40
DB00115,MESH:D005234,40
DB00115,MESH:D005235,40
DB00115,MESH:D006261,40
DB00115,MESH:D006402,40
DB00115,MESH:D006463,40
DB00115,MESH:D006712,40
DB00115,MESH:D008106,40
DB00115,MESH:D008107,40
DB00115,MESH:D008114,40
DB00115,MESH:D008180,40
DB00115,MESH:D008286,37
DB00115,MESH:D008661,40
DB00115,MESH:D009133,40
DB00115,MESH:D009203,40
DB00115,MESH:D009461,40
DB00115,MESH:D009902,40
DB00115,MESH:D010146,40
DB00115,MESH:D010523,40
DB00115,MESH:D010922,40
DB00115,MESH:D011618,40
DB00115,MESH:D012393,40
DB00115,MESH:D012559,40
DB00115,MESH:D012594,40
DB00115,MESH:D012851,40
DB00115,MESH:D013118,40
DB00115,MESH:D013927,40
DB00115,MESH:D014581,40
DB00115,MESH:D014786,40
DB00115,MESH:D014806,40
DB00115,MESH:D019965,0
DB00115,MESH:D020138,40
DB00115,MESH:D020521,40
DB00115,MESH:D023903,40
DB00115,MESH:D051437,40
DB00115,MESH:D056486,40
DB00115,MESH:D056784,40
DB00479,MESH:D000380,40
DB00479,MESH:D000857,40
DB00479,MESH:D001049,40
DB00479,MESH:D001170,40
DB00479,MESH:D001424,40
DB00479,MESH:D001477,40
DB00479,MESH:D003550,40
DB00479,MESH:D004927,40
DB00479,MESH:D006311,40
DB00479,MESH:D006319,40
DB00479,MESH:D006529,40
DB00479,MESH:D006996,40
DB00479,MESH:D007008,40
DB00479,MESH:D007022,40
DB00479,MESH:D007511,40
DB00479,MESH:D007674,40
DB00479,MESH:D007683,40
DB00479,MESH:D008581,40
DB00479,MESH:D009422,40
DB00479,MESH:D010243,40
DB00479,MESH:D011014,40
DB00479,MESH:D011141,40
DB00479,MESH:D011507,40
DB00479,MESH:D011552,40
DB00479,MESH:D012164,40
DB00479,MESH:D012640,40
DB00479,MESH:D013203,40
DB00479,MESH:D013375,40
DB00479,MESH:D014376,40
DB00479,MESH:D014552,40
DB00479,MESH:D014839,40
DB00479,MESH:D015834,40
DB00479,MESH:D015837,40
DB00479,MESH:D016470,40
DB00479,MESH:D016870,40
DB00479,MESH:D016905,40
DB00479,MESH:D016908,40
DB00479,MESH:D020258,40
DB00479,MESH:D034141,40
DB00479,MESH:D051437,40
DB00479,MESH:D053099,40
DB00479,MESH:D058186,40
DB00679,MESH:D000544,40
DB00679,MESH:D000744,40
DB00679,MESH:D000855,40
DB00679,MESH:D001008,40
DB00679,MESH:D001145,40
DB00679,MESH:D001289,40
DB00679,MESH:D001480,40
DB00679,MESH:D001523,40
DB00679,MESH:D001714,40
DB00679,MESH:D002318,40
DB00679,MESH:D002375,40
DB00679,MESH:D002389,40
DB00679,MESH:D002780,40
DB00679,MESH:D002819,40
DB00679,MESH:D003072,40
DB00679,MESH:D003117,40
DB00679,MESH:D003128,40
DB00679,MESH:D003643,40
DB00679,MESH:D003645,40
DB00679,MESH:D003704,40
DB00679,MESH:D003919,40
DB00679,MESH:D003920,40
DB00679,MESH:D004409,40
DB00679,MESH:D004421,40
DB00679,MESH:D005334,40
DB00679,MESH:D006212,40
DB00679,MESH:D006327,40
DB00679,MESH:D006331,40
DB00679,MESH:D006461,40
DB00679,MESH:D006501,40
DB00679,MESH:D006966,40
DB00679,MESH:D006973,40
DB00679,MESH:D007024,40
DB00679,MESH:D007035,40
DB00679,MESH:D007172,40
DB00679,MESH:D007174,40
DB00679,MESH:D007177,40
DB00679,MESH:D007319,40
DB00679,MESH:D008064,40
DB00679,MESH:D008133,40
DB00679,MESH:D008569,40
DB00679,MESH:D009122,40
DB00679,MESH:D009127,40
DB00679,MESH:D010259,40
DB00679,MESH:D010554,40
DB00679,MESH:D011595,40
DB00679,MESH:D011618,40
DB00679,MESH:D011644,40
DB00679,MESH:D011654,40
DB00679,MESH:D011655,40
DB00679,MESH:D012131,40
DB00679,MESH:D012162,40
DB00679,MESH:D012164,40
DB00679,MESH:D012563,40
DB00679,MESH:D013313,40
DB00679,MESH:D013375,40
DB00679,MESH:D013610,40
DB00679,MESH:D013617,40
DB00679,MESH:D013981,40
DB00679,MESH:D014188,40
DB00679,MESH:D014202,40
DB00679,MESH:D014786,40
DB00679,MESH:D014839,40
DB00679,MESH:D015175,40
DB00679,MESH:D015430,40
DB00679,MESH:D016171,40
DB00679,MESH:D016757,40
DB00679,MESH:D017180,40
DB00679,MESH:D018487,40
DB00679,MESH:D020018,40
DB00679,MESH:D020234,40
DB00679,MESH:D020246,40
DB00679,MESH:D020258,40
DB00679,MESH:D020734,40
DB00679,MESH:D020820,40
DB00679,MESH:D041781,40
DB00679,MESH:D051437,40
DB00679,MESH:D054537,40
DB00679,MESH:D056486,40
DB00477,MESH:D000380,40
DB00477,MESH:D000743,40
DB00477,MESH:D000744,40
DB00477,MESH:D001008,40
DB00477,MESH:D001049,40
DB00477,MESH:D001068,40
DB00477,MESH:D001145,40
DB00477,MESH:D001157,40
DB00477,MESH:D001259,40
DB00477,MESH:D001281,40
DB00477,MESH:D001284,40
DB00477,MESH:D001342,40
DB00477,MESH:D001480,40
DB00477,MESH:D001523,40
DB00477,MESH:D001649,40
DB00477,MESH:D001714,40
DB00477,MESH:D001766,40
DB00477,MESH:D001778,40
DB00477,MESH:D001929,40
DB00477,MESH:D002375,40
DB00477,MESH:D002389,40
DB00477,MESH:D002526,40
DB00477,MESH:D002761,40
DB00477,MESH:D002780,40
DB00477,MESH:D002819,40
DB00477,MESH:D003248,40
DB00477,MESH:D003680,40
DB00477,MESH:D003866,40
DB00477,MESH:D003967,40
DB00477,MESH:D004401,40
DB00477,MESH:D004409,40
DB00477,MESH:D004421,40
DB00477,MESH:D004487,40
DB00477,MESH:D004830,40
DB00477,MESH:D005076,40
DB00477,MESH:D005334,40
DB00477,MESH:D005687,40
DB00477,MESH:D005910,39
DB00477,MESH:D006212,40
DB00477,MESH:D006261,40
DB00477,MESH:D006461,40
DB00477,MESH:D006561,40
DB00477,MESH:D006937,40
DB00477,MESH:D006948,40
DB00477,MESH:D006966,40
DB00477,MESH:D006973,40
DB00477,MESH:D007022,40
DB00477,MESH:D007024,40
DB00477,MESH:D007035,40
DB00477,MESH:D007172,40
DB00477,MESH:D007232,40
DB00477,MESH:D007319,40
DB00477,MESH:D007333,40
DB00477,MESH:D008105,40
DB00477,MESH:D008107,40
DB00477,MESH:D008180,40
DB00477,MESH:D008288,40
DB00477,MESH:D008881,40
DB00477,MESH:D009069,40
DB00477,MESH:D009127,40
DB00477,MESH:D009135,40
DB00477,MESH:D009175,40
DB00477,MESH:D009202,40
DB00477,MESH:D009325,40
DB00477,MESH:D009336,40
DB00477,MESH:D009369,40
DB00477,MESH:D009422,40
DB00477,MESH:D009771,40
DB00477,MESH:D010049,40
DB00477,MESH:D010146,40
DB00477,MESH:D010198,40
DB00477,MESH:D010243,40
DB00477,MESH:D010291,40
DB00477,MESH:D010523,40
DB00477,MESH:D010554,40
DB00477,MESH:D010899,40
DB00477,MESH:D011015,40
DB00477,MESH:D011248,40
DB00477,MESH:D011297,40
DB00477,MESH:D011537,40
DB00477,MESH:D011595,40
DB00477,MESH:D011596,40
DB00477,MESH:D011605,40
DB00477,MESH:D011618,40
DB00477,MESH:D011644,40
DB00477,MESH:D011655,40
DB00477,MESH:D012021,40
DB00477,MESH:D012131,40
DB00477,MESH:D012164,40
DB00477,MESH:D012559,40
DB00477,MESH:D012640,40
DB00477,MESH:D012798,40
DB00477,MESH:D013035,40
DB00477,MESH:D013226,40
DB00477,MESH:D013342,40
DB00477,MESH:D013617,40
DB00477,MESH:D013733,40
DB00477,MESH:D013923,40
DB00477,MESH:D014103,40
DB00477,MESH:D014202,40
DB00477,MESH:D014693,40
DB00477,MESH:D015430,40
DB00477,MESH:D016171,40
DB00477,MESH:D017180,40
DB00477,MESH:D018476,40
DB00477,MESH:D018754,40
DB00477,MESH:D019954,40
DB00477,MESH:D020246,40
DB00477,MESH:D020820,40
DB00477,MESH:D020821,40
DB00477,MESH:D041781,40
DB00477,MESH:D053608,40
DB00477,MESH:D056486,40
DB00477,MESH:D058186,40
DB01056,MESH:D000380,40
DB01056,MESH:D000740,40
DB01056,MESH:D001145,40
DB01056,MESH:D001919,40
DB01056,MESH:D003240,0
DB01056,MESH:D004401,38
DB01056,MESH:D005076,40
DB01056,MESH:D006261,40
DB01056,MESH:D006505,40
DB01056,MESH:D007970,40
DB01056,MESH:D008133,40
DB01056,MESH:D009224,40
DB01056,MESH:D009325,40
DB01056,MESH:D010259,21
DB01056,MESH:D011658,40
DB01056,MESH:D012640,40
DB01056,MESH:D012848,40
DB01056,MESH:D012871,40
DB01056,MESH:D013610,40
DB01056,MESH:D014693,40
DB01056,MESH:D017180,40
DB01056,MESH:D018879,40
DB00613,MESH:D001919,40
DB00613,MESH:D002375,40
DB00613,MESH:D003229,40
DB00613,MESH:D003967,40
DB00613,MESH:D006940,40
DB00613,MESH:D008288,40
DB00613,MESH:D009325,40
DB00613,MESH:D009422,40
DB00613,MESH:D009468,40
DB00613,MESH:D009503,40
DB00613,MESH:D016778,40
DB00613,MESH:D018908,40
DB00613,MESH:D053609,40
DB00613,MESH:D056486,40
DB01045,MESH:D000380,40
DB01045,MESH:D000707,40
DB01045,MESH:D000740,40
DB01045,MESH:D000741,40
DB01045,MESH:D000756,40
DB01045,MESH:D000855,40
DB01045,MESH:D001002,40
DB01045,MESH:D001766,40
DB01045,MESH:D001927,40
DB01045,MESH:D002006,40
DB01045,MESH:D002544,40
DB01045,MESH:D002769,38
DB01045,MESH:D002780,40
DB01045,MESH:D003128,40
DB01045,MESH:D004487,40
DB01045,MESH:D004681,26
DB01045,MESH:D005234,40
DB01045,MESH:D005334,40
DB01045,MESH:D005767,40
DB01045,MESH:D005921,40
DB01045,MESH:D006030,40
DB01045,MESH:D006261,40
DB01045,MESH:D006311,40
DB01045,MESH:D006417,40
DB01045,MESH:D006461,40
DB01045,MESH:D006501,40
DB01045,MESH:D006529,40
DB01045,MESH:D006934,40
DB01045,MESH:D006943,40
DB01045,MESH:D006980,40
DB01045,MESH:D007249,40
DB01045,MESH:D007683,40
DB01045,MESH:D007918,40
DB01045,MESH:D007964,40
DB01045,MESH:D008107,40
DB01045,MESH:D008113,40
DB01045,MESH:D008581,40
DB01045,MESH:D008582,40
DB01045,MESH:D008585,40
DB01045,MESH:D008589,40
DB01045,MESH:D009133,40
DB01045,MESH:D009135,40
DB01045,MESH:D009164,40
DB01045,MESH:D009165,27
DB01045,MESH:D009336,40
DB01045,MESH:D009395,40
DB01045,MESH:D009402,40
DB01045,MESH:D009422,40
DB01045,MESH:D009845,40
DB01045,MESH:D009846,40
DB01045,MESH:D010195,40
DB01045,MESH:D010292,40
DB01045,MESH:D011008,40
DB01045,MESH:D011018,40
DB01045,MESH:D011537,40
DB01045,MESH:D011552,40
DB01045,MESH:D012141,40
DB01045,MESH:D012769,40
DB01045,MESH:D012772,40
DB01045,MESH:D013203,40
DB01045,MESH:D013262,40
DB01045,MESH:D013921,40
DB01045,MESH:D014376,40
DB01045,MESH:D014397,40
DB01045,MESH:D014511,40
DB01045,MESH:D014581,40
DB01045,MESH:D014657,40
DB01045,MESH:D014839,40
DB01045,MESH:D015431,40
DB01045,MESH:D016908,40
DB01045,MESH:D017093,40
DB01045,MESH:D017114,40
DB01045,MESH:D017119,40
DB01045,MESH:D018500,40
DB01045,MESH:D018771,40
DB01045,MESH:D020199,40
DB01045,MESH:D020246,40
DB01045,MESH:D041781,40
DB01045,MESH:D047508,40
DB01045,MESH:D048550,40
DB01045,MESH:D051437,40
DB01045,MESH:D053099,40
DB01045,MESH:D056486,40
DB01045,MESH:D058186,40
DB00908,MESH:D000380,40
DB00908,MESH:D000743,40
DB00908,MESH:D000744,40
DB00908,MESH:D001145,40
DB00908,MESH:D001168,40
DB00908,MESH:D001281,40
DB00908,MESH:D001327,40
DB00908,MESH:D001919,40
DB00908,MESH:D002493,40
DB00908,MESH:D002779,40
DB00908,MESH:D003072,40
DB00908,MESH:D003117,40
DB00908,MESH:D003324,40
DB00908,MESH:D003638,40
DB00908,MESH:D003704,40
DB00908,MESH:D003967,40
DB00908,MESH:D005076,40
DB00908,MESH:D005334,40
DB00908,MESH:D005767,40
DB00908,MESH:D006323,40
DB00908,MESH:D006327,40
DB00908,MESH:D006333,40
DB00908,MESH:D006505,40
DB00908,MESH:D006529,40
DB00908,MESH:D007022,40
DB00908,MESH:D007024,40
DB00908,MESH:D007674,40
DB00908,MESH:D007970,40
DB00908,MESH:D008133,40
DB00908,MESH:D008180,40
DB00908,MESH:D008181,40
DB00908,MESH:D008288,40
DB00908,MESH:D009069,40
DB00908,MESH:D009103,40
DB00908,MESH:D009325,40
DB00908,MESH:D009404,40
DB00908,MESH:D010243,40
DB00908,MESH:D010259,40
DB00908,MESH:D010291,40
DB00908,MESH:D011618,40
DB00908,MESH:D011695,40
DB00908,MESH:D012848,40
DB00908,MESH:D013163,17
DB00908,MESH:D013617,40
DB00908,MESH:D013921,40
DB00908,MESH:D014581,40
DB00908,MESH:D014605,0
DB00908,MESH:D014693,40
DB00908,MESH:D014927,40
DB00908,MESH:D016757,40
DB00908,MESH:D016778,40
DB00908,MESH:D017180,40
DB00908,MESH:D018754,40
DB00908,MESH:D018879,40
DB00908,MESH:D018908,40
DB00908,MESH:D019964,40
DB00908,MESH:D023921,40
DB00908,MESH:D034381,40
DB00908,MESH:D054537,40
DB00908,MESH:D056486,40
DB00908,MESH:D058186,40
DB00319,MESH:D000380,40
DB00319,MESH:D000740,40
DB00319,MESH:D000743,40
DB00319,MESH:D000744,40
DB00319,MESH:D001424,40
DB00319,MESH:D002761,40
DB00319,MESH:D002779,40
DB00319,MESH:D003550,40
DB00319,MESH:D003875,40
DB00319,MESH:D004802,40
DB00319,MESH:D004927,40
DB00319,MESH:D005076,40
DB00319,MESH:D005334,40
DB00319,MESH:D007674,40
DB00319,MESH:D009395,40
DB00319,MESH:D010538,40
DB00319,MESH:D011552,40
DB00319,MESH:D011704,40
DB00319,MESH:D012640,40
DB00319,MESH:D013262,40
DB00319,MESH:D014552,40
DB00319,MESH:D014581,40
DB00319,MESH:D016470,40
DB00319,MESH:D016905,40
DB00319,MESH:D020246,40
DB00319,MESH:D051437,40
DB00319,MESH:D056486,40
DB00319,MESH:D058186,40
DB06209,MESH:D000380,40
DB06209,MESH:D007022,40
DB06209,MESH:D009203,40
DB06209,MESH:D009369,40
DB06209,MESH:D012131,40
DB06209,MESH:D054058,40
DB04570,MESH:D000380,40
DB04570,MESH:D001424,40
DB04570,MESH:D006311,14
DB04570,MESH:D006417,40
DB04570,MESH:D007020,40
DB04570,MESH:D007674,40
DB04570,MESH:D009503,40
DB04570,MESH:D011015,40
DB04570,MESH:D016470,40
DB04570,MESH:D016905,40
DB04570,MESH:D018805,40
DB01103,MESH:D000380,40
DB01103,MESH:D000741,40
DB01103,MESH:D001172,40
DB01103,MESH:D003328,40
DB01103,MESH:D006930,40
DB01103,MESH:D008064,40
DB01103,MESH:D008114,40
DB01103,MESH:D008180,40
DB01103,MESH:D009135,40
DB01103,MESH:D010996,40
DB01103,MESH:D011230,0
DB01103,MESH:D011605,40
DB01103,MESH:D013272,40
DB01103,MESH:D013375,40
DB01103,MESH:D015209,40
DB01103,MESH:D017512,40
DB01103,MESH:D056486,40
DB00772,MESH:D000382,3
DB00772,MESH:D001145,40
DB00772,MESH:D001249,40
DB00772,MESH:D001943,40
DB00772,MESH:D002057,0
DB00772,MESH:D003110,40
DB00772,MESH:D003638,40
DB00772,MESH:D003866,40
DB00772,MESH:D003924,0
DB00772,MESH:D006529,40
DB00772,MESH:D006943,40
DB00772,MESH:D007037,40
DB00772,MESH:D007153,40
DB00772,MESH:D007249,40
DB00772,MESH:D007333,40
DB00772,MESH:D007964,40
DB00772,MESH:D007970,40
DB00772,MESH:D008325,40
DB00772,MESH:D009336,40
DB00772,MESH:D009422,40
DB00772,MESH:D009503,40
DB00772,MESH:D010523,40
DB00772,MESH:D011115,40
DB00772,MESH:D011471,40
DB00772,MESH:D012135,40
DB00772,MESH:D012140,40
DB00772,MESH:D012220,40
DB00772,MESH:D013733,40
DB00772,MESH:D013964,2
DB00772,MESH:D015228,22
DB00772,MESH:D018908,40
DB00772,MESH:D020258,40
DB00772,MESH:D029481,40
DB00772,MESH:D056486,40
DB00772,MESH:D058186,40
DB00772,MESH:D065631,40
DB00431,MESH:D000382,29
DB00431,MESH:D000740,40
DB00431,MESH:D000741,40
DB00431,MESH:D000855,40
DB00431,MESH:D001008,40
DB00431,MESH:D001049,40
DB00431,MESH:D001068,40
DB00431,MESH:D001249,40
DB00431,MESH:D001927,40
DB00431,MESH:D001943,40
DB00431,MESH:D002493,40
DB00431,MESH:D003318,40
DB00431,MESH:D004489,0
DB00431,MESH:D005234,40
DB00431,MESH:D005317,40
DB00431,MESH:D006212,40
DB00431,MESH:D006261,40
DB00431,MESH:D006528,40
DB00431,MESH:D006965,40
DB00431,MESH:D006973,40
DB00431,MESH:D007035,40
DB00431,MESH:D007037,0
DB00431,MESH:D007319,40
DB00431,MESH:D007674,40
DB00431,MESH:D007859,40
DB00431,MESH:D007938,40
DB00431,MESH:D008107,40
DB00431,MESH:D008114,40
DB00431,MESH:D008175,40
DB00431,MESH:D008224,40
DB00431,MESH:D008228,40
DB00431,MESH:D008232,40
DB00431,MESH:D009325,40
DB00431,MESH:D009336,40
DB00431,MESH:D009369,40
DB00431,MESH:D009422,40
DB00431,MESH:D009845,40
DB00431,MESH:D010292,40
DB00431,MESH:D010300,40
DB00431,MESH:D011230,40
DB00431,MESH:D011297,40
DB00431,MESH:D011471,40
DB00431,MESH:D012640,40
DB00431,MESH:D014474,40
DB00431,MESH:D014839,40
DB00431,MESH:D018777,0
DB00431,MESH:D019954,33
DB00431,MESH:D053627,40
DB00652,MESH:D000402,0
DB00652,MESH:D000647,40
DB00652,MESH:D001049,40
DB00652,MESH:D001168,40
DB00652,MESH:D001523,40
DB00652,MESH:D001929,40
DB00652,MESH:D002114,0
DB00652,MESH:D002375,40
DB00652,MESH:D002493,40
DB00652,MESH:D002637,40
DB00652,MESH:D003128,40
DB00652,MESH:D003286,40
DB00652,MESH:D003490,40
DB00652,MESH:D003866,40
DB00652,MESH:D005355,40
DB00652,MESH:D005767,40
DB00652,MESH:D006212,40
DB00652,MESH:D006261,40
DB00652,MESH:D009133,40
DB00652,MESH:D009135,40
DB00652,MESH:D009203,40
DB00652,MESH:D009293,40
DB00652,MESH:D009395,40
DB00652,MESH:D009404,40
DB00652,MESH:D009461,40
DB00652,MESH:D010149,40
DB00652,MESH:D010198,40
DB00652,MESH:D010292,40
DB00652,MESH:D010859,40
DB00652,MESH:D011183,40
DB00652,MESH:D011297,40
DB00652,MESH:D011605,40
DB00652,MESH:D011654,40
DB00652,MESH:D011655,40
DB00652,MESH:D012131,40
DB00652,MESH:D012598,40
DB00652,MESH:D012640,40
DB00652,MESH:D012883,40
DB00652,MESH:D013262,40
DB00652,MESH:D013375,40
DB00652,MESH:D013610,40
DB00652,MESH:D014202,40
DB00652,MESH:D014839,40
DB00652,MESH:D015746,40
DB00652,MESH:D017285,0
DB00652,MESH:D018771,40
DB00652,MESH:D019586,40
DB00652,MESH:D019966,40
DB00652,MESH:D020426,40
DB00652,MESH:D055013,40
DB00652,MESH:D055191,40
DB00178,MESH:D000402,40
DB00178,MESH:D000419,40
DB00178,MESH:D000787,40
DB00178,MESH:D000799,40
DB00178,MESH:D001145,40
DB00178,MESH:D001161,40
DB00178,MESH:D002312,40
DB00178,MESH:D002779,40
DB00178,MESH:D003875,40
DB00178,MESH:D003920,40
DB00178,MESH:D003921,40
DB00178,MESH:D003928,40
DB00178,MESH:D006333,40
DB00178,MESH:D006947,40
DB00178,MESH:D006973,40
DB00178,MESH:D006977,40
DB00178,MESH:D007022,40
DB00178,MESH:D007511,40
DB00178,MESH:D007676,40
DB00178,MESH:D008105,40
DB00178,MESH:D009202,40
DB00178,MESH:D009203,40
DB00178,MESH:D009336,40
DB00178,MESH:D009798,11
DB00178,MESH:D011507,40
DB00178,MESH:D012163,40
DB00178,MESH:D013262,40
DB00178,MESH:D014511,40
DB00178,MESH:D014581,40
DB00178,MESH:D014652,40
DB00178,MESH:D014657,40
DB00178,MESH:D015428,40
DB00178,MESH:D017379,40
DB00178,MESH:D018487,40
DB00178,MESH:D050197,40
DB00178,MESH:D051437,40
DB00178,MESH:D056486,40
DB01075,MESH:D000402,40
DB01075,MESH:D000647,40
DB01075,MESH:D000740,40
DB01075,MESH:D000799,40
DB01075,MESH:D001008,40
DB01075,MESH:D001259,40
DB01075,MESH:D001480,40
DB01075,MESH:D002375,40
DB01075,MESH:D002389,40
DB01075,MESH:D002493,40
DB01075,MESH:D003680,40
DB01075,MESH:D003875,40
DB01075,MESH:D004409,40
DB01075,MESH:D004421,40
DB01075,MESH:D004487,40
DB01075,MESH:D005076,40
DB01075,MESH:D005315,40
DB01075,MESH:D005334,40
DB01075,MESH:D006212,40
DB01075,MESH:D006255,40
DB01075,MESH:D006261,40
DB01075,MESH:D006333,40
DB01075,MESH:D006930,40
DB01075,MESH:D006943,40
DB01075,MESH:D006948,40
DB01075,MESH:D006967,40
DB01075,MESH:D007003,40
DB01075,MESH:D007008,40
DB01075,MESH:D007022,40
DB01075,MESH:D007319,40
DB01075,MESH:D007970,40
DB01075,MESH:D008133,40
DB01075,MESH:D008545,40
DB01075,MESH:D008881,40
DB01075,MESH:D009069,40
DB01075,MESH:D009325,40
DB01075,MESH:D009336,40
DB01075,MESH:D009503,40
DB01075,MESH:D009846,40
DB01075,MESH:D010146,40
DB01075,MESH:D010259,40
DB01075,MESH:D010302,40
DB01075,MESH:D010523,40
DB01075,MESH:D011595,40
DB01075,MESH:D011605,40
DB01075,MESH:D012206,40
DB01075,MESH:D012640,40
DB01075,MESH:D012772,40
DB01075,MESH:D012912,40
DB01075,MESH:D013035,40
DB01075,MESH:D013064,40
DB01075,MESH:D013610,40
DB01075,MESH:D013616,40
DB01075,MESH:D014313,40
DB01075,MESH:D014581,40
DB01075,MESH:D014839,40
DB01075,MESH:D016055,40
DB01075,MESH:D016889,0
DB01075,MESH:D017114,40
DB01075,MESH:D018883,40
DB01075,MESH:D019954,40
DB01075,MESH:D019957,40
DB01075,MESH:D019964,40
DB01075,MESH:D020233,40
DB01075,MESH:D020820,40
DB01075,MESH:D020821,40
DB01075,MESH:D056486,40
DB01075,MESH:D058186,40
DB01075,MESH:D062787,40
DB01411,MESH:D001249,40
DB01411,MESH:D004802,40
DB01411,MESH:D007249,40
DB01411,MESH:D007410,40
DB01411,MESH:D009205,40
DB01411,MESH:D011014,40
DB01411,MESH:D012220,40
DB01411,MESH:D055963,40
DB01411,MESH:D056486,40
DB00474,MESH:D000647,40
DB00474,MESH:D001049,40
DB00474,MESH:D001145,40
DB00474,MESH:D003371,40
DB00474,MESH:D004890,40
DB00474,MESH:D006967,40
DB00474,MESH:D007022,40
DB00474,MESH:D009293,40
DB00474,MESH:D010146,40
DB00474,MESH:D012131,40
DB00474,MESH:D012640,40
DB00474,MESH:D023341,0
DB01222,MESH:D000402,40
DB01222,MESH:D000799,40
DB01222,MESH:D001249,40
DB01222,MESH:D003093,40
DB01222,MESH:D003371,40
DB01222,MESH:D003424,40
DB01222,MESH:D003680,0
DB01222,MESH:D003875,40
DB01222,MESH:D003877,40
DB01222,MESH:D005076,40
DB01222,MESH:D005221,40
DB01222,MESH:D005767,40
DB01222,MESH:D006255,40
DB01222,MESH:D007008,37
DB01222,MESH:D008114,40
DB01222,MESH:D008173,40
DB01222,MESH:D008175,40
DB01222,MESH:D011654,40
DB01222,MESH:D011657,40
DB01222,MESH:D012135,40
DB01222,MESH:D012893,40
DB01222,MESH:D017449,40
DB01222,MESH:D018248,38
DB01222,MESH:D019964,40
DB01222,MESH:D020734,40
DB01222,MESH:D055370,40
DB01222,MESH:D056486,40
DB01189,MESH:D000402,40
DB01189,MESH:D001049,40
DB01189,MESH:D001919,40
DB01189,MESH:D003371,40
DB01189,MESH:D005483,0
DB01189,MESH:D006323,40
DB01189,MESH:D006327,40
DB01189,MESH:D006973,40
DB01189,MESH:D007022,40
DB01189,MESH:D008133,40
DB01189,MESH:D011507,40
DB01189,MESH:D012640,40
DB01189,MESH:D013610,40
DB01189,MESH:D015427,40
DB01189,MESH:D017114,40
DB01189,MESH:D017202,40
DB01400,MESH:D000402,0
DB01400,MESH:D001049,40
DB01400,MESH:D001763,40
DB01400,MESH:D001768,40
DB01400,MESH:D003248,40
DB01400,MESH:D003967,40
DB01400,MESH:D006327,40
DB01400,MESH:D006332,40
DB01400,MESH:D006930,40
DB01400,MESH:D006943,40
DB01400,MESH:D006973,40
DB01400,MESH:D007022,40
DB01400,MESH:D007035,40
DB01400,MESH:D009157,40
DB01400,MESH:D009325,40
DB01400,MESH:D010146,40
DB01400,MESH:D010149,40
DB01400,MESH:D010243,40
DB01400,MESH:D011183,40
DB01400,MESH:D012640,40
DB01400,MESH:D013035,40
DB01400,MESH:D013610,40
DB01400,MESH:D014202,40
DB01400,MESH:D014313,40
DB01400,MESH:D015746,40
DB01400,MESH:D016055,40
DB01400,MESH:D017453,40
DB01400,MESH:D018908,40
DB00572,MESH:D000402,6
DB00572,MESH:D000647,40
DB00572,MESH:D000855,40
DB00572,MESH:D001049,40
DB00572,MESH:D001145,40
DB00572,MESH:D001281,40
DB00572,MESH:D001982,4
DB00572,MESH:D002375,40
DB00572,MESH:D002561,40
DB00572,MESH:D003128,40
DB00572,MESH:D004381,12
DB00572,MESH:D004827,40
DB00572,MESH:D005483,39
DB00572,MESH:D005767,40
DB00572,MESH:D006212,40
DB00572,MESH:D006259,40
DB00572,MESH:D006323,40
DB00572,MESH:D006327,40
DB00572,MESH:D006342,40
DB00572,MESH:D006940,40
DB00572,MESH:D006943,40
DB00572,MESH:D006973,40
DB00572,MESH:D007008,40
DB00572,MESH:D007022,40
DB00572,MESH:D007035,40
DB00572,MESH:D007172,40
DB00572,MESH:D007249,40
DB00572,MESH:D007410,40
DB00572,MESH:D009127,40
DB00572,MESH:D009135,40
DB00572,MESH:D009157,40
DB00572,MESH:D009216,40
DB00572,MESH:D009325,40
DB00572,MESH:D009336,40
DB00572,MESH:D009410,40
DB00572,MESH:D009422,40
DB00572,MESH:D010243,40
DB00572,MESH:D010437,40
DB00572,MESH:D010554,40
DB00572,MESH:D011183,40
DB00572,MESH:D012021,40
DB00572,MESH:D012120,40
DB00572,MESH:D013375,40
DB00572,MESH:D013616,40
DB00572,MESH:D013617,40
DB00572,MESH:D014202,40
DB00572,MESH:D014555,40
DB00572,MESH:D014607,40
DB00572,MESH:D014693,40
DB00572,MESH:D014786,40
DB00572,MESH:D014839,40
DB00572,MESH:D016171,40
DB00572,MESH:D017180,40
DB00572,MESH:D017202,40
DB00572,MESH:D018908,40
DB00572,MESH:D019970,40
DB00572,MESH:D020258,40
DB00572,MESH:D020820,40
DB00572,MESH:D053201,40
DB00572,MESH:D053608,40
DB00572,MESH:D054537,40
DB00572,MESH:D056486,40
DB00572,MESH:D062787,40
DB00683,MESH:D000402,40
DB00683,MESH:D000544,40
DB00683,MESH:D000647,40
DB00683,MESH:D000648,40
DB00683,MESH:D001037,36
DB00683,MESH:D001049,40
DB00683,MESH:D001259,40
DB00683,MESH:D001281,40
DB00683,MESH:D001480,40
DB00683,MESH:D001523,40
DB00683,MESH:D001919,40
DB00683,MESH:D001927,40
DB00683,MESH:D002375,40
DB00683,MESH:D002493,40
DB00683,MESH:D003128,40
DB00683,MESH:D003680,40
DB00683,MESH:D004401,40
DB00683,MESH:D004409,40
DB00683,MESH:D004417,40
DB00683,MESH:D004421,40
DB00683,MESH:D004830,40
DB00683,MESH:D004831,40
DB00683,MESH:D005207,40
DB00683,MESH:D006323,40
DB00683,MESH:D006331,40
DB00683,MESH:D006930,40
DB00683,MESH:D006935,40
DB00683,MESH:D006973,40
DB00683,MESH:D007022,40
DB00683,MESH:D007040,40
DB00683,MESH:D007319,40
DB00683,MESH:D007859,40
DB00683,MESH:D008569,40
DB00683,MESH:D009127,40
DB00683,MESH:D009325,40
DB00683,MESH:D009461,40
DB00683,MESH:D010146,40
DB00683,MESH:D010149,40
DB00683,MESH:D010554,40
DB00683,MESH:D011183,40
DB00683,MESH:D011596,40
DB00683,MESH:D011605,40
DB00683,MESH:D011618,40
DB00683,MESH:D012120,40
DB00683,MESH:D012127,40
DB00683,MESH:D012140,40
DB00683,MESH:D012893,40
DB00683,MESH:D013226,40
DB00683,MESH:D013375,40
DB00683,MESH:D014202,40
DB00683,MESH:D014652,40
DB00683,MESH:D014839,40
DB00683,MESH:D015431,40
DB00683,MESH:D016757,40
DB00683,MESH:D018879,40
DB00683,MESH:D019636,40
DB00683,MESH:D020821,40
DB00683,MESH:D055191,40
DB00683,MESH:D062787,40
DB00808,MESH:D000419,40
DB00808,MESH:D001919,40
DB00808,MESH:D002769,40
DB00808,MESH:D002780,40
DB00808,MESH:D003371,39
DB00808,MESH:D004487,40
DB00808,MESH:D004802,40
DB00808,MESH:D005221,40
DB00808,MESH:D006943,40
DB00808,MESH:D006973,40
DB00808,MESH:D007010,40
DB00808,MESH:D007674,40
DB00808,MESH:D008133,40
DB00808,MESH:D009135,40
DB00808,MESH:D009395,40
DB00808,MESH:D010198,20
DB00808,MESH:D011537,40
DB00808,MESH:D012893,40
DB00808,MESH:D013262,40
DB00808,MESH:D014693,40
DB00808,MESH:D016171,40
DB00808,MESH:D017379,40
DB00808,MESH:D018908,40
DB00808,MESH:D048909,40
DB00808,MESH:D053565,40
DB00808,MESH:D053840,40
DB00622,MESH:D000419,40
DB00622,MESH:D000787,40
DB00622,MESH:D000799,40
DB00622,MESH:D001247,40
DB00622,MESH:D001919,40
DB00622,MESH:D002318,40
DB00622,MESH:D002545,40
DB00622,MESH:D002637,40
DB00622,MESH:D003248,40
DB00622,MESH:D003324,40
DB00622,MESH:D003327,40
DB00622,MESH:D004487,40
DB00622,MESH:D004916,40
DB00622,MESH:D005483,40
DB00622,MESH:D006261,40
DB00622,MESH:D006323,40
DB00622,MESH:D006333,40
DB00622,MESH:D006965,40
DB00622,MESH:D006973,40
DB00622,MESH:D006977,40
DB00622,MESH:D006984,40
DB00622,MESH:D007022,40
DB00622,MESH:D007511,40
DB00622,MESH:D008107,40
DB00622,MESH:D009325,40
DB00622,MESH:D010554,40
DB00622,MESH:D012131,40
DB00622,MESH:D013345,40
DB00622,MESH:D013610,40
DB00622,MESH:D016055,40
DB00622,MESH:D017202,40
DB00622,MESH:D019966,40
DB00622,MESH:D020301,40
DB00622,MESH:D050197,40
DB00622,MESH:D054537,40
DB00136,MESH:D000419,40
DB00136,MESH:D000471,40
DB00136,MESH:D000505,40
DB00136,MESH:D000740,40
DB00136,MESH:D000783,40
DB00136,MESH:D001849,40
DB00136,MESH:D001851,40
DB00136,MESH:D002114,40
DB00136,MESH:D002294,40
DB00136,MESH:D003875,40
DB00136,MESH:D003922,40
DB00136,MESH:D004681,40
DB00136,MESH:D005910,31
DB00136,MESH:D005921,40
DB00136,MESH:D006073,40
DB00136,MESH:D006258,40
DB00136,MESH:D006934,40
DB00136,MESH:D006961,40
DB00136,MESH:D006962,40
DB00136,MESH:D006965,40
DB00136,MESH:D006973,40
DB00136,MESH:D007011,40
DB00136,MESH:D007247,0
DB00136,MESH:D007249,40
DB00136,MESH:D007669,40
DB00136,MESH:D007676,40
DB00136,MESH:D007938,40
DB00136,MESH:D008175,40
DB00136,MESH:D008223,40
DB00136,MESH:D008228,40
DB00136,MESH:D009101,40
DB00136,MESH:D009212,40
DB00136,MESH:D009374,40
DB00136,MESH:D010049,40
DB00136,MESH:D010190,40
DB00136,MESH:D011183,40
DB00136,MESH:D011471,40
DB00136,MESH:D011547,40
DB00136,MESH:D011565,40
DB00136,MESH:D011654,40
DB00136,MESH:D012141,40
DB00136,MESH:D012175,40
DB00136,MESH:D012279,40
DB00136,MESH:D012878,40
DB00136,MESH:D013733,40
DB00136,MESH:D014511,40
DB00136,MESH:D014591,40
DB00136,MESH:D014808,40
DB00136,MESH:D015179,40
DB00136,MESH:D015431,40
DB00136,MESH:D015470,40
DB00136,MESH:D015473,40
DB00136,MESH:D015663,40
DB00136,MESH:D019964,40
DB00136,MESH:D051437,40
DB00136,MESH:D053040,40
DB00136,MESH:D053098,40
DB00136,MESH:D053565,40
DB00136,MESH:D054559,40
DB01599,MESH:D001201,8
DB01599,MESH:D003327,40
DB01599,MESH:D003645,40
DB01599,MESH:D004719,40
DB01599,MESH:D005923,40
DB01599,MESH:D006332,40
DB01599,MESH:D006333,40
DB01599,MESH:D006529,40
DB01599,MESH:D006937,40
DB01599,MESH:D006938,40
DB01599,MESH:D006949,40
DB01599,MESH:D008064,40
DB01599,MESH:D008114,40
DB01599,MESH:D008133,40
DB01599,MESH:D009202,40
DB01599,MESH:D009401,40
DB01599,MESH:D009404,38
DB01599,MESH:D011507,40
DB01599,MESH:D013610,40
DB01599,MESH:D014693,40
DB01599,MESH:D015430,40
DB01599,MESH:D016171,40
DB01599,MESH:D018487,40
DB01599,MESH:D018879,40
DB01599,MESH:D050197,40
DB00412,MESH:D000419,40
DB00412,MESH:D000544,40
DB00412,MESH:D000686,40
DB00412,MESH:D000787,40
DB00412,MESH:D001068,40
DB00412,MESH:D001161,40
DB00412,MESH:D001169,40
DB00412,MESH:D001929,40
DB00412,MESH:D001930,40
DB00412,MESH:D001943,40
DB00412,MESH:D002312,40
DB00412,MESH:D002318,40
DB00412,MESH:D002340,40
DB00412,MESH:D002471,40
DB00412,MESH:D002545,40
DB00412,MESH:D002546,40
DB00412,MESH:D003092,40
DB00412,MESH:D003093,40
DB00412,MESH:D003876,40
DB00412,MESH:D003920,40
DB00412,MESH:D003921,40
DB00412,MESH:D003924,40
DB00412,MESH:D003928,40
DB00412,MESH:D003929,40
DB00412,MESH:D004646,17
DB00412,MESH:D004714,0
DB00412,MESH:D005234,40
DB00412,MESH:D005235,40
DB00412,MESH:D006332,40
DB00412,MESH:D006505,40
DB00412,MESH:D006930,40
DB00412,MESH:D006937,40
DB00412,MESH:D006943,40
DB00412,MESH:D006946,40
DB00412,MESH:D006949,40
DB00412,MESH:D006965,40
DB00412,MESH:D006973,40
DB00412,MESH:D007249,40
DB00412,MESH:D007333,40
DB00412,MESH:D007511,40
DB00412,MESH:D007690,0
DB00412,MESH:D007859,40
DB00412,MESH:D008103,40
DB00412,MESH:D008107,40
DB00412,MESH:D008114,40
DB00412,MESH:D008175,40
DB00412,MESH:D008325,40
DB00412,MESH:D008569,40
DB00412,MESH:D009135,40
DB00412,MESH:D009336,40
DB00412,MESH:D009374,40
DB00412,MESH:D009410,40
DB00412,MESH:D009437,40
DB00412,MESH:D009765,40
DB00412,MESH:D010182,40
DB00412,MESH:D010195,40
DB00412,MESH:D010998,40
DB00412,MESH:D011085,40
DB00412,MESH:D011654,40
DB00412,MESH:D012595,40
DB00412,MESH:D013119,40
DB00412,MESH:D013262,40
DB00412,MESH:D013964,40
DB00412,MESH:D015427,40
DB00412,MESH:D015428,40
DB00412,MESH:D015430,40
DB00412,MESH:D017114,40
DB00412,MESH:D017379,40
DB00412,MESH:D018149,40
DB00412,MESH:D018879,40
DB00412,MESH:D019446,40
DB00412,MESH:D019954,40
DB00412,MESH:D020244,40
DB00412,MESH:D024821,40
DB00412,MESH:D028361,40
DB00412,MESH:D049970,40
DB00412,MESH:D050171,40
DB00412,MESH:D050197,40
DB00412,MESH:D050723,40
DB00412,MESH:D052496,40
DB00412,MESH:D055370,39
DB00412,MESH:D056486,40
DB00412,MESH:D056769,40
DB00412,MESH:D058426,40
DB00412,MESH:D066126,40
DB01032,MESH:D000419,40
DB01032,MESH:D000743,40
DB01032,MESH:D002389,28
DB01032,MESH:D004195,40
DB01032,MESH:D004487,40
DB01032,MESH:D006073,40
DB01032,MESH:D006417,40
DB01032,MESH:D006937,40
DB01032,MESH:D007251,40
DB01032,MESH:D007674,40
DB01032,MESH:D007676,40
DB01032,MESH:D007683,40
DB01032,MESH:D009325,40
DB01032,MESH:D009404,40
DB01032,MESH:D009410,40
DB01032,MESH:D010300,40
DB01032,MESH:D012871,40
DB01032,MESH:D013203,40
DB01032,MESH:D015210,40
DB01032,MESH:D015433,40
DB01032,MESH:D017088,0
DB01032,MESH:D018476,40
DB01032,MESH:D020734,40
DB01032,MESH:D033461,40
DB01032,MESH:D034141,40
DB01032,MESH:D056486,40
DB01032,MESH:D058186,40
DB00177,MESH:D000419,40
DB00177,MESH:D000799,40
DB00177,MESH:D001281,40
DB00177,MESH:D002318,40
DB00177,MESH:D003384,0
DB00177,MESH:D003866,40
DB00177,MESH:D003921,40
DB00177,MESH:D003928,40
DB00177,MESH:D004195,8
DB00177,MESH:D004487,40
DB00177,MESH:D005355,40
DB00177,MESH:D005921,40
DB00177,MESH:D006261,40
DB00177,MESH:D006947,40
DB00177,MESH:D006973,40
DB00177,MESH:D006974,40
DB00177,MESH:D006977,40
DB00177,MESH:D007674,40
DB00177,MESH:D008106,40
DB00177,MESH:D008133,40
DB00177,MESH:D008569,40
DB00177,MESH:D009202,40
DB00177,MESH:D009203,40
DB00177,MESH:D009336,40
DB00177,MESH:D009400,40
DB00177,MESH:D011507,40
DB00177,MESH:D011658,40
DB00177,MESH:D015432,40
DB00177,MESH:D017379,40
DB00177,MESH:D018487,40
DB00177,MESH:D020018,40
DB00177,MESH:D020257,40
DB00177,MESH:D051437,40
DB00177,MESH:D058426,40
DB09220,MESH:D000787,38
DB09220,MESH:D003329,40
DB09220,MESH:D004211,40
DB09220,MESH:D007022,40
DB09220,MESH:D007676,40
DB09220,MESH:D009203,40
DB09220,MESH:D009846,40
DB09220,MESH:D012128,0
DB09220,MESH:D013610,40
DB09220,MESH:D015427,40
DB09220,MESH:D017180,40
DB00788,MESH:D000419,40
DB00788,MESH:D000740,40
DB00788,MESH:D000741,40
DB00788,MESH:D000743,40
DB00788,MESH:D001168,40
DB00788,MESH:D001171,40
DB00788,MESH:D001172,40
DB00788,MESH:D001259,40
DB00788,MESH:D001284,40
DB00788,MESH:D001416,40
DB00788,MESH:D002375,40
DB00788,MESH:D002389,40
DB00788,MESH:D002761,40
DB00788,MESH:D002971,40
DB00788,MESH:D002972,40
DB00788,MESH:D003072,40
DB00788,MESH:D003639,40
DB00788,MESH:D003921,40
DB00788,MESH:D005076,40
DB00788,MESH:D005334,40
DB00788,MESH:D005355,40
DB00788,MESH:D005767,40
DB00788,MESH:D006319,40
DB00788,MESH:D006330,40
DB00788,MESH:D006417,40
DB00788,MESH:D006471,40
DB00788,MESH:D006947,40
DB00788,MESH:D006973,40
DB00788,MESH:D006976,40
DB00788,MESH:D006994,40
DB00788,MESH:D007003,40
DB00788,MESH:D007235,40
DB00788,MESH:D007410,40
DB00788,MESH:D007592,40
DB00788,MESH:D007683,40
DB00788,MESH:D007752,40
DB00788,MESH:D008107,40
DB00788,MESH:D008582,40
DB00788,MESH:D008881,40
DB00788,MESH:D009127,40
DB00788,MESH:D009203,40
DB00788,MESH:D009325,40
DB00788,MESH:D009395,40
DB00788,MESH:D009404,40
DB00788,MESH:D009503,40
DB00788,MESH:D009765,40
DB00788,MESH:D009846,40
DB00788,MESH:D010003,40
DB00788,MESH:D010149,40
DB00788,MESH:D010292,40
DB00788,MESH:D010300,40
DB00788,MESH:D010437,40
DB00788,MESH:D010523,40
DB00788,MESH:D011654,40
DB00788,MESH:D011704,40
DB00788,MESH:D012008,40
DB00788,MESH:D013035,40
DB00788,MESH:D013167,40
DB00788,MESH:D013262,40
DB00788,MESH:D013276,40
DB00788,MESH:D013375,40
DB00788,MESH:D013585,40
DB00788,MESH:D014012,40
DB00788,MESH:D014581,40
DB00788,MESH:D014657,40
DB00788,MESH:D015207,40
DB00788,MESH:D015212,40
DB00788,MESH:D015433,40
DB00788,MESH:D015535,40
DB00788,MESH:D017114,40
DB00788,MESH:D017116,40
DB00788,MESH:D017453,40
DB00788,MESH:D034141,40
DB00788,MESH:D047928,40
DB00788,MESH:D052016,40
DB00788,MESH:D053099,40
DB00877,MESH:D000419,40
DB00877,MESH:D000740,40
DB00877,MESH:D000799,40
DB00877,MESH:D001321,40
DB00877,MESH:D001862,40
DB00877,MESH:D001927,40
DB00877,MESH:D002294,40
DB00877,MESH:D002305,38
DB00877,MESH:D002779,40
DB00877,MESH:D003072,40
DB00877,MESH:D003329,40
DB00877,MESH:D003875,40
DB00877,MESH:D003928,40
DB00877,MESH:D003967,40
DB00877,MESH:D004487,40
DB00877,MESH:D005334,40
DB00877,MESH:D005923,40
DB00877,MESH:D006086,40
DB00877,MESH:D006258,40
DB00877,MESH:D006332,40
DB00877,MESH:D006463,40
DB00877,MESH:D006504,40
DB00877,MESH:D006528,40
DB00877,MESH:D006816,12
DB00877,MESH:D006937,40
DB00877,MESH:D006943,40
DB00877,MESH:D006947,40
DB00877,MESH:D006949,40
DB00877,MESH:D006965,40
DB00877,MESH:D006973,40
DB00877,MESH:D006984,40
DB00877,MESH:D007008,40
DB00877,MESH:D007249,40
DB00877,MESH:D007674,40
DB00877,MESH:D007683,40
DB00877,MESH:D007690,40
DB00877,MESH:D007970,40
DB00877,MESH:D008103,40
DB00877,MESH:D008106,40
DB00877,MESH:D008209,40
DB00877,MESH:D008275,40
DB00877,MESH:D008545,40
DB00877,MESH:D008654,40
DB00877,MESH:D009062,40
DB00877,MESH:D009101,40
DB00877,MESH:D009135,40
DB00877,MESH:D009203,40
DB00877,MESH:D009336,40
DB00877,MESH:D009362,40
DB00877,MESH:D009369,40
DB00877,MESH:D009374,40
DB00877,MESH:D009389,40
DB00877,MESH:D009397,40
DB00877,MESH:D009845,40
DB00877,MESH:D010300,40
DB00877,MESH:D011014,40
DB00877,MESH:D011115,40
DB00877,MESH:D011123,40
DB00877,MESH:D011183,40
DB00877,MESH:D011507,40
DB00877,MESH:D011565,40
DB00877,MESH:D011658,40
DB00877,MESH:D012206,40
DB00877,MESH:D012640,40
DB00877,MESH:D012878,40
DB00877,MESH:D013921,40
DB00877,MESH:D013927,40
DB00877,MESH:D014402,40
DB00877,MESH:D014456,40
DB00877,MESH:D014605,40
DB00877,MESH:D015228,40
DB00877,MESH:D015427,40
DB00877,MESH:D015430,40
DB00877,MESH:D015431,40
DB00877,MESH:D015432,40
DB00877,MESH:D015433,40
DB00877,MESH:D015451,40
DB00877,MESH:D016403,40
DB00877,MESH:D016757,40
DB00877,MESH:D016891,40
DB00877,MESH:D017096,40
DB00877,MESH:D017563,40
DB00877,MESH:D017566,40
DB00877,MESH:D018149,40
DB00877,MESH:D018754,40
DB00877,MESH:D019226,16
DB00877,MESH:D020520,40
DB00877,MESH:D023903,40
DB00877,MESH:D033461,40
DB00877,MESH:D050197,40
DB00877,MESH:D054218,40
DB00877,MESH:D057049,40
DB00877,MESH:D058186,40
DB00877,MESH:D058426,40
DB00877,MESH:D064726,0
DB00264,MESH:D000419,40
DB00264,MESH:D000787,40
DB00264,MESH:D000799,40
DB00264,MESH:D001008,40
DB00264,MESH:D001145,40
DB00264,MESH:D002100,40
DB00264,MESH:D002311,40
DB00264,MESH:D002312,40
DB00264,MESH:D002318,40
DB00264,MESH:D002349,40
DB00264,MESH:D002637,40
DB00264,MESH:D003324,40
DB00264,MESH:D003327,40
DB00264,MESH:D003928,40
DB00264,MESH:D004417,40
DB00264,MESH:D004487,40
DB00264,MESH:D005076,40
DB00264,MESH:D005221,40
DB00264,MESH:D005355,40
DB00264,MESH:D005901,40
DB00264,MESH:D006212,40
DB00264,MESH:D006261,40
DB00264,MESH:D006327,40
DB00264,MESH:D006331,40
DB00264,MESH:D006333,40
DB00264,MESH:D006501,40
DB00264,MESH:D006505,40
DB00264,MESH:D006930,40
DB00264,MESH:D006940,40
DB00264,MESH:D006943,40
DB00264,MESH:D006947,40
DB00264,MESH:D006973,40
DB00264,MESH:D006976,40
DB00264,MESH:D007022,40
DB00264,MESH:D007024,40
DB00264,MESH:D007172,40
DB00264,MESH:D007333,40
DB00264,MESH:D007674,40
DB00264,MESH:D007806,0
DB00264,MESH:D008133,40
DB00264,MESH:D008180,40
DB00264,MESH:D008881,40
DB00264,MESH:D009202,40
DB00264,MESH:D009203,40
DB00264,MESH:D009205,40
DB00264,MESH:D009798,40
DB00264,MESH:D010235,40
DB00264,MESH:D010292,40
DB00264,MESH:D011141,40
DB00264,MESH:D011225,40
DB00264,MESH:D011507,40
DB00264,MESH:D011537,40
DB00264,MESH:D011605,40
DB00264,MESH:D011654,40
DB00264,MESH:D011928,40
DB00264,MESH:D012131,40
DB00264,MESH:D012206,40
DB00264,MESH:D012678,40
DB00264,MESH:D012770,40
DB00264,MESH:D012893,40
DB00264,MESH:D013313,37
DB00264,MESH:D013610,40
DB00264,MESH:D013617,40
DB00264,MESH:D014202,40
DB00264,MESH:D014693,40
DB00264,MESH:D015428,40
DB00264,MESH:D016171,40
DB00264,MESH:D017180,40
DB00264,MESH:D017379,40
DB00264,MESH:D018754,40
DB00264,MESH:D018879,40
DB00264,MESH:D020257,40
DB00264,MESH:D050171,40
DB00264,MESH:D054058,40
DB00264,MESH:D054537,40
DB00264,MESH:D058065,40
DB00264,MESH:D058186,40
DB05990,MESH:D000419,0
DB05990,MESH:D002779,40
DB05990,MESH:D003092,2
DB05990,MESH:D005234,40
DB05990,MESH:D005923,0
DB05990,MESH:D006470,40
DB05990,MESH:D006520,40
DB05990,MESH:D006529,40
DB05990,MESH:D007249,40
DB05990,MESH:D008103,40
DB05990,MESH:D008106,40
DB05990,MESH:D009336,40
DB05990,MESH:D014456,40
DB05990,MESH:D015430,40
DB05990,MESH:D047508,40
DB05990,MESH:D051437,40
DB05990,MESH:D065626,40
DB01132,MESH:D000419,40
DB01132,MESH:D001523,40
DB01132,MESH:D001744,40
DB01132,MESH:D001749,40
DB01132,MESH:D002780,40
DB01132,MESH:D003072,40
DB01132,MESH:D003110,40
DB01132,MESH:D003550,40
DB01132,MESH:D003920,40
DB01132,MESH:D003921,40
DB01132,MESH:D003925,40
DB01132,MESH:D003928,40
DB01132,MESH:D003930,40
DB01132,MESH:D004487,40
DB01132,MESH:D005923,40
DB01132,MESH:D006333,40
DB01132,MESH:D006501,40
DB01132,MESH:D006528,40
DB01132,MESH:D006943,40
DB01132,MESH:D006946,40
DB01132,MESH:D006949,40
DB01132,MESH:D006965,40
DB01132,MESH:D006973,40
DB01132,MESH:D007674,40
DB01132,MESH:D008106,40
DB01132,MESH:D008569,40
DB01132,MESH:D009135,40
DB01132,MESH:D009203,40
DB01132,MESH:D009765,40
DB01132,MESH:D010212,0
DB01132,MESH:D010300,40
DB01132,MESH:D011658,40
DB01132,MESH:D015428,40
DB01132,MESH:D015430,40
DB01132,MESH:D018149,40
DB01132,MESH:D018487,40
DB01132,MESH:D019954,40
DB01132,MESH:D020244,40
DB01132,MESH:D020258,40
DB01132,MESH:D024821,40
DB01132,MESH:D033461,40
DB01132,MESH:D050171,40
DB01132,MESH:D050723,40
DB01132,MESH:D051437,40
DB00542,MESH:D000419,40
DB00542,MESH:D000799,40
DB00542,MESH:D001281,40
DB00542,MESH:D002277,40
DB00542,MESH:D002311,40
DB00542,MESH:D003371,40
DB00542,MESH:D003928,40
DB00542,MESH:D004719,40
DB00542,MESH:D005355,40
DB00542,MESH:D005921,40
DB00542,MESH:D005923,40
DB00542,MESH:D006333,40
DB00542,MESH:D006505,40
DB00542,MESH:D006943,40
DB00542,MESH:D006973,40
DB00542,MESH:D006977,40
DB00542,MESH:D006978,40
DB00542,MESH:D006984,40
DB00542,MESH:D007333,40
DB00542,MESH:D009374,39
DB00542,MESH:D009389,40
DB00542,MESH:D009400,40
DB00542,MESH:D011507,40
DB00542,MESH:D012206,40
DB00542,MESH:D013262,40
DB00542,MESH:D014511,40
DB00542,MESH:D015428,40
DB00542,MESH:D015431,40
DB00542,MESH:D017379,40
DB00542,MESH:D018149,40
DB00542,MESH:D018487,40
DB00542,MESH:D020257,40
DB00542,MESH:D024821,40
DB00542,MESH:D051437,40
DB00542,MESH:D054058,31
DB00542,MESH:D057772,40
DB00542,MESH:D058186,40
DB00542,MESH:D058426,40
DB00790,MESH:D000419,40
DB00790,MESH:D000799,40
DB00790,MESH:D001714,40
DB00790,MESH:D003920,40
DB00790,MESH:D003928,40
DB00790,MESH:D004719,40
DB00790,MESH:D006332,40
DB00790,MESH:D007022,40
DB00790,MESH:D007333,40
DB00790,MESH:D007410,40
DB00790,MESH:D007674,40
DB00790,MESH:D008103,40
DB00790,MESH:D011507,40
DB00790,MESH:D014652,40
DB00790,MESH:D015431,40
DB00790,MESH:D018450,40
DB00790,MESH:D018487,40
DB00790,MESH:D019969,0
DB00790,MESH:D020257,40
DB00790,MESH:D020521,40
DB00790,MESH:D048909,40
DB00790,MESH:D056486,40
DB00790,MESH:D066253,40
DB01136,MESH:D000419,40
DB01136,MESH:D000787,40
DB01136,MESH:D001022,40
DB01136,MESH:D001145,40
DB01136,MESH:D001281,40
DB01136,MESH:D001342,40
DB01136,MESH:D001919,40
DB01136,MESH:D002100,40
DB01136,MESH:D002310,0
DB01136,MESH:D002312,40
DB01136,MESH:D003072,40
DB01136,MESH:D003875,40
DB01136,MESH:D004195,40
DB01136,MESH:D004719,40
DB01136,MESH:D005235,40
DB01136,MESH:D005334,40
DB01136,MESH:D005910,40
DB01136,MESH:D006261,40
DB01136,MESH:D006330,32
DB01136,MESH:D006331,40
DB01136,MESH:D006332,40
DB01136,MESH:D006333,40
DB01136,MESH:D006940,40
DB01136,MESH:D006973,40
DB01136,MESH:D006975,40
DB01136,MESH:D006976,40
DB01136,MESH:D006977,40
DB01136,MESH:D007022,40
DB01136,MESH:D007024,40
DB01136,MESH:D007249,40
DB01136,MESH:D007674,40
DB01136,MESH:D007676,40
DB01136,MESH:D008569,40
DB01136,MESH:D009069,40
DB01136,MESH:D009202,40
DB01136,MESH:D009203,40
DB01136,MESH:D009205,40
DB01136,MESH:D009336,40
DB01136,MESH:D011183,40
DB01136,MESH:D011507,40
DB01136,MESH:D011537,40
DB01136,MESH:D011782,40
DB01136,MESH:D012206,40
DB01136,MESH:D012893,40
DB01136,MESH:D013262,40
DB01136,MESH:D013610,40
DB01136,MESH:D014693,40
DB01136,MESH:D015427,40
DB01136,MESH:D016584,40
DB01136,MESH:D016757,40
DB01136,MESH:D017202,40
DB01136,MESH:D017379,40
DB01136,MESH:D018487,40
DB01136,MESH:D018497,40
DB01136,MESH:D018754,40
DB01136,MESH:D019970,40
DB01136,MESH:D020244,40
DB01136,MESH:D020257,40
DB01136,MESH:D023921,40
DB01136,MESH:D051437,40
DB01136,MESH:D054058,40
DB01136,MESH:D054318,40
DB01136,MESH:D054537,40
DB01136,MESH:D056486,40
DB01136,MESH:D058186,40
DB01136,MESH:D062787,40
DB01136,MESH:D066126,40
DB01136,MESH:D066253,40
DB00966,MESH:D000419,40
DB00966,MESH:D000799,40
DB00966,MESH:D001281,40
DB00966,MESH:D001424,40
DB00966,MESH:D002545,40
DB00966,MESH:D003092,34
DB00966,MESH:D003371,40
DB00966,MESH:D003920,40
DB00966,MESH:D003921,40
DB00966,MESH:D003924,40
DB00966,MESH:D003967,40
DB00966,MESH:D005234,40
DB00966,MESH:D005355,40
DB00966,MESH:D005921,40
DB00966,MESH:D005923,40
DB00966,MESH:D006261,40
DB00966,MESH:D006331,40
DB00966,MESH:D006333,40
DB00966,MESH:D006470,40
DB00966,MESH:D006973,40
DB00966,MESH:D007022,40
DB00966,MESH:D007024,40
DB00966,MESH:D007333,40
DB00966,MESH:D007674,40
DB00966,MESH:D009336,40
DB00966,MESH:D009765,39
DB00966,MESH:D011507,40
DB00966,MESH:D013610,40
DB00966,MESH:D014652,40
DB00966,MESH:D015430,40
DB00966,MESH:D015431,40
DB00966,MESH:D017379,40
DB00966,MESH:D018487,40
DB00966,MESH:D050197,40
DB00966,MESH:D051437,40
DB00966,MESH:D058186,40
DB09235,MESH:D003928,40
DB09235,MESH:D006973,40
DB00575,MESH:D000419,40
DB00575,MESH:D000647,40
DB00575,MESH:D001008,40
DB00575,MESH:D001049,40
DB00575,MESH:D001259,40
DB00575,MESH:D001289,40
DB00575,MESH:D001321,40
DB00575,MESH:D001342,40
DB00575,MESH:D001523,40
DB00575,MESH:D001919,40
DB00575,MESH:D002375,40
DB00575,MESH:D002389,40
DB00575,MESH:D002561,40
DB00575,MESH:D003248,40
DB00575,MESH:D003704,40
DB00575,MESH:D003877,36
DB00575,MESH:D004409,40
DB00575,MESH:D004487,40
DB00575,MESH:D004827,40
DB00575,MESH:D004830,40
DB00575,MESH:D004831,40
DB00575,MESH:D005076,40
DB00575,MESH:D005221,40
DB00575,MESH:D005879,39
DB00575,MESH:D005901,40
DB00575,MESH:D006130,40
DB00575,MESH:D006212,40
DB00575,MESH:D006323,40
DB00575,MESH:D006327,40
DB00575,MESH:D006930,40
DB00575,MESH:D006943,40
DB00575,MESH:D006948,40
DB00575,MESH:D006966,40
DB00575,MESH:D006973,40
DB00575,MESH:D006978,39
DB00575,MESH:D007003,40
DB00575,MESH:D007022,40
DB00575,MESH:D007024,40
DB00575,MESH:D007035,40
DB00575,MESH:D007172,40
DB00575,MESH:D007174,40
DB00575,MESH:D007177,40
DB00575,MESH:D007319,40
DB00575,MESH:D009128,40
DB00575,MESH:D009203,40
DB00575,MESH:D009293,40
DB00575,MESH:D009325,40
DB00575,MESH:D009771,40
DB00575,MESH:D010146,40
DB00575,MESH:D010148,40
DB00575,MESH:D010149,40
DB00575,MESH:D010292,40
DB00575,MESH:D010554,40
DB00575,MESH:D011297,40
DB00575,MESH:D011507,40
DB00575,MESH:D011595,40
DB00575,MESH:D011928,40
DB00575,MESH:D012021,40
DB00575,MESH:D012131,40
DB00575,MESH:D012640,40
DB00575,MESH:D012893,40
DB00575,MESH:D013226,40
DB00575,MESH:D013276,40
DB00575,MESH:D013610,40
DB00575,MESH:D013981,40
DB00575,MESH:D014029,40
DB00575,MESH:D014202,40
DB00575,MESH:D014474,40
DB00575,MESH:D014555,40
DB00575,MESH:D014786,40
DB00575,MESH:D014839,40
DB00575,MESH:D015877,40
DB00575,MESH:D017202,40
DB00575,MESH:D017449,40
DB00575,MESH:D019954,40
DB00575,MESH:D019965,40
DB00575,MESH:D019966,40
DB00575,MESH:D019970,40
DB00575,MESH:D020018,40
DB00575,MESH:D020734,40
DB00575,MESH:D046110,40
DB00575,MESH:D053609,40
DB00575,MESH:D054537,40
DB00575,MESH:D062787,40
DB00575,MESH:D065306,40
DB00519,MESH:D000419,40
DB00519,MESH:D002312,40
DB00519,MESH:D003329,40
DB00519,MESH:D003371,40
DB00519,MESH:D004487,40
DB00519,MESH:D005923,40
DB00519,MESH:D006261,40
DB00519,MESH:D006333,40
DB00519,MESH:D006973,40
DB00519,MESH:D006974,40
DB00519,MESH:D008569,40
DB00519,MESH:D009069,40
DB00519,MESH:D009203,40
DB00519,MESH:D009325,40
DB00519,MESH:D009395,40
DB00519,MESH:D011507,40
DB00519,MESH:D015427,40
DB00519,MESH:D015431,40
DB00519,MESH:D017202,40
DB00519,MESH:D017379,40
DB00519,MESH:D018487,40
DB00519,MESH:D019636,40
DB00519,MESH:D021081,40
DB00519,MESH:D051437,40
DB00492,MESH:D000419,40
DB00492,MESH:D003680,40
DB00492,MESH:D004195,40
DB00492,MESH:D004417,40
DB00492,MESH:D005355,40
DB00492,MESH:D006332,40
DB00492,MESH:D006333,40
DB00492,MESH:D006973,40
DB00492,MESH:D008107,40
DB00492,MESH:D009069,40
DB00492,MESH:D011507,40
DB00492,MESH:D011537,40
DB00492,MESH:D012640,40
DB00492,MESH:D012798,40
DB00492,MESH:D017379,40
DB00492,MESH:D019970,38
DB00492,MESH:D020760,40
DB00492,MESH:D041781,40
DB00492,MESH:D051437,40
DB00492,MESH:D056486,40
DB01054,MESH:D000419,40
DB01054,MESH:D002375,40
DB01054,MESH:D003924,40
DB01054,MESH:D004487,40
DB01054,MESH:D005483,40
DB01054,MESH:D006332,40
DB01054,MESH:D006973,40
DB01054,MESH:D006974,40
DB01054,MESH:D006977,40
DB01054,MESH:D007022,40
DB01054,MESH:D007511,40
DB01054,MESH:D009400,6
DB01054,MESH:D012640,40
DB01054,MESH:D013610,40
DB01054,MESH:D014652,40
DB01054,MESH:D015431,40
DB01054,MESH:D017379,40
DB01054,MESH:D018487,40
DB01054,MESH:D050197,40
DB01054,MESH:D061205,40
DB00925,MESH:D000419,40
DB00925,MESH:D001145,40
DB00925,MESH:D001749,40
DB00925,MESH:D001750,0
DB00925,MESH:D004830,40
DB00925,MESH:D006470,40
DB00925,MESH:D006930,40
DB00925,MESH:D006948,40
DB00925,MESH:D006973,40
DB00925,MESH:D007022,40
DB00925,MESH:D007024,40
DB00925,MESH:D007035,40
DB00925,MESH:D007674,40
DB00925,MESH:D007889,40
DB00925,MESH:D009127,40
DB00925,MESH:D009203,40
DB00925,MESH:D009336,40
DB00925,MESH:D010146,40
DB00925,MESH:D010235,40
DB00925,MESH:D010554,40
DB00925,MESH:D011297,40
DB00925,MESH:D011470,40
DB00925,MESH:D012021,34
DB00925,MESH:D012127,40
DB00925,MESH:D012513,0
DB00925,MESH:D012771,40
DB00925,MESH:D013610,40
DB00925,MESH:D014202,40
DB00925,MESH:D014693,40
DB00925,MESH:D016055,40
DB00925,MESH:D018307,40
DB00925,MESH:D020301,0
DB01275,MESH:D000419,40
DB01275,MESH:D000471,40
DB01275,MESH:D000743,40
DB01275,MESH:D000787,40
DB01275,MESH:D000855,40
DB01275,MESH:D001919,40
DB01275,MESH:D002311,40
DB01275,MESH:D002761,40
DB01275,MESH:D002779,40
DB01275,MESH:D004487,40
DB01275,MESH:D005315,40
DB01275,MESH:D005923,40
DB01275,MESH:D006331,40
DB01275,MESH:D006332,40
DB01275,MESH:D006333,40
DB01275,MESH:D006973,40
DB01275,MESH:D006974,40
DB01275,MESH:D006978,40
DB01275,MESH:D006984,39
DB01275,MESH:D007010,38
DB01275,MESH:D007022,40
DB01275,MESH:D007674,40
DB01275,MESH:D009336,40
DB01275,MESH:D009402,40
DB01275,MESH:D010198,40
DB01275,MESH:D011123,0
DB01275,MESH:D011249,40
DB01275,MESH:D011507,40
DB01275,MESH:D011654,40
DB01275,MESH:D011655,40
DB01275,MESH:D012640,40
DB01275,MESH:D013610,40
DB01275,MESH:D014657,40
DB01275,MESH:D017202,40
DB01275,MESH:D018917,40
DB01275,MESH:D020760,40
DB01275,MESH:D041781,40
DB01275,MESH:D046110,40
DB01275,MESH:D050197,40
DB01275,MESH:D056486,40
DB01340,MESH:D000419,40
DB01340,MESH:D000787,40
DB01340,MESH:D001022,40
DB01340,MESH:D003371,40
DB01340,MESH:D006212,39
DB01340,MESH:D006332,40
DB01340,MESH:D006333,40
DB01340,MESH:D006946,40
DB01340,MESH:D006973,40
DB01340,MESH:D006976,40
DB01340,MESH:D007022,40
DB01340,MESH:D007333,40
DB01340,MESH:D011507,40
DB01340,MESH:D014839,40
DB01340,MESH:D018487,40
DB01340,MESH:D019851,40
DB01340,MESH:D053609,40
DB09121,MESH:D001172,40
DB09121,MESH:D001766,40
DB09121,MESH:D004195,40
DB09121,MESH:D004660,40
DB09121,MESH:D005355,40
DB09121,MESH:D006963,40
DB09121,MESH:D007333,40
DB09121,MESH:D009336,40
DB09121,MESH:D011507,40
DB09121,MESH:D012640,40
DB09121,MESH:D012871,0
DB09121,MESH:D015430,40
DB09121,MESH:D018149,40
DB00590,MESH:D000419,40
DB00590,MESH:D000799,40
DB00590,MESH:D001247,40
DB00590,MESH:D001748,40
DB00590,MESH:D002869,40
DB00590,MESH:D003327,40
DB00590,MESH:D005221,40
DB00590,MESH:D006261,40
DB00590,MESH:D006332,40
DB00590,MESH:D006333,40
DB00590,MESH:D006937,40
DB00590,MESH:D007022,40
DB00590,MESH:D007024,40
DB00590,MESH:D007333,40
DB00590,MESH:D010146,40
DB00590,MESH:D011471,40
DB00590,MESH:D014555,40
DB00590,MESH:D016055,40
DB00590,MESH:D017379,40
DB00590,MESH:D018487,40
DB00590,MESH:D020521,40
DB00590,MESH:D050171,40
DB00590,MESH:D053201,40
DB00678,MESH:D000419,40
DB00678,MESH:D000707,40
DB00678,MESH:D000740,40
DB00678,MESH:D000799,40
DB00678,MESH:D001002,40
DB00678,MESH:D001018,40
DB00678,MESH:D001259,40
DB00678,MESH:D001424,40
DB00678,MESH:D001919,40
DB00678,MESH:D003072,40
DB00678,MESH:D003921,40
DB00678,MESH:D003928,40
DB00678,MESH:D004401,40
DB00678,MESH:D004417,40
DB00678,MESH:D004719,40
DB00678,MESH:D005315,40
DB00678,MESH:D005355,40
DB00678,MESH:D005921,40
DB00678,MESH:D005923,40
DB00678,MESH:D006073,40
DB00678,MESH:D006261,40
DB00678,MESH:D006331,40
DB00678,MESH:D006332,40
DB00678,MESH:D006333,40
DB00678,MESH:D006937,40
DB00678,MESH:D006946,40
DB00678,MESH:D006947,40
DB00678,MESH:D006973,40
DB00678,MESH:D006976,40
DB00678,MESH:D006977,40
DB00678,MESH:D006984,40
DB00678,MESH:D007022,40
DB00678,MESH:D007024,40
DB00678,MESH:D007249,40
DB00678,MESH:D007676,40
DB00678,MESH:D008103,40
DB00678,MESH:D008106,40
DB00678,MESH:D008382,40
DB00678,MESH:D008546,40
DB00678,MESH:D008569,40
DB00678,MESH:D008881,40
DB00678,MESH:D009325,40
DB00678,MESH:D009393,40
DB00678,MESH:D009400,40
DB00678,MESH:D010024,40
DB00678,MESH:D010182,10
DB00678,MESH:D011086,40
DB00678,MESH:D011507,40
DB00678,MESH:D011658,40
DB00678,MESH:D012598,40
DB00678,MESH:D013262,40
DB00678,MESH:D013375,40
DB00678,MESH:D013927,40
DB00678,MESH:D014511,40
DB00678,MESH:D015427,40
DB00678,MESH:D015428,40
DB00678,MESH:D015746,40
DB00678,MESH:D017379,40
DB00678,MESH:D020246,40
DB00678,MESH:D020257,40
DB00678,MESH:D020388,40
DB00678,MESH:D020521,40
DB00678,MESH:D024821,40
DB00678,MESH:D050197,40
DB00678,MESH:D051436,40
DB00678,MESH:D051437,40
DB00678,MESH:D056486,40
DB00678,MESH:D058426,40
DB00806,MESH:D000419,40
DB00806,MESH:D000647,40
DB00806,MESH:D000741,40
DB00806,MESH:D000755,40
DB00806,MESH:D000756,40
DB00806,MESH:D001169,40
DB00806,MESH:D001247,40
DB00806,MESH:D001932,40
DB00806,MESH:D002100,40
DB00806,MESH:D002493,40
DB00806,MESH:D002561,40
DB00806,MESH:D003924,40
DB00806,MESH:D003928,40
DB00806,MESH:D003967,40
DB00806,MESH:D004487,40
DB00806,MESH:D005076,40
DB00806,MESH:D005334,40
DB00806,MESH:D005355,40
DB00806,MESH:D006212,40
DB00806,MESH:D006261,40
DB00806,MESH:D007022,40
DB00806,MESH:D007249,40
DB00806,MESH:D007511,40
DB00806,MESH:D007589,40
DB00806,MESH:D007897,0
DB00806,MESH:D007945,40
DB00806,MESH:D008103,40
DB00806,MESH:D008106,40
DB00806,MESH:D008181,40
DB00806,MESH:D008582,40
DB00806,MESH:D009069,40
DB00806,MESH:D009135,40
DB00806,MESH:D009190,40
DB00806,MESH:D009202,40
DB00806,MESH:D009325,40
DB00806,MESH:D009336,40
DB00806,MESH:D009362,40
DB00806,MESH:D009404,40
DB00806,MESH:D009503,40
DB00806,MESH:D010195,40
DB00806,MESH:D010198,40
DB00806,MESH:D010411,40
DB00806,MESH:D010520,40
DB00806,MESH:D011507,40
DB00806,MESH:D011832,40
DB00806,MESH:D011928,40
DB00806,MESH:D012640,40
DB00806,MESH:D012772,39
DB00806,MESH:D013203,36
DB00806,MESH:D013927,40
DB00806,MESH:D014012,40
DB00806,MESH:D014202,40
DB00806,MESH:D014652,40
DB00806,MESH:D015427,40
DB00806,MESH:D015746,40
DB00806,MESH:D016410,0
DB00806,MESH:D016470,40
DB00806,MESH:D016584,40
DB00806,MESH:D016773,40
DB00806,MESH:D017202,40
DB00806,MESH:D018805,40
DB00806,MESH:D020521,40
DB00806,MESH:D023341,40
DB00806,MESH:D050197,40
DB00806,MESH:D053627,40
DB00806,MESH:D054537,40
DB00806,MESH:D056486,40
DB00806,MESH:D058729,40
DB01029,MESH:D000419,40
DB01029,MESH:D000740,40
DB01029,MESH:D003327,40
DB01029,MESH:D003928,40
DB01029,MESH:D003967,40
DB01029,MESH:D004719,40
DB01029,MESH:D005355,40
DB01029,MESH:D005921,40
DB01029,MESH:D005922,28
DB01029,MESH:D006333,40
DB01029,MESH:D006973,40
DB01029,MESH:D007410,40
DB01029,MESH:D007674,40
DB01029,MESH:D007676,40
DB01029,MESH:D008133,40
DB01029,MESH:D009203,40
DB01029,MESH:D009395,40
DB01029,MESH:D011507,40
DB01029,MESH:D012769,40
DB01029,MESH:D013375,40
DB01029,MESH:D014839,40
DB01029,MESH:D020257,40
DB01029,MESH:D020326,40
DB01029,MESH:D024821,40
DB01029,MESH:D041781,40
DB01029,MESH:D050197,40
DB01029,MESH:D051437,40
DB01029,MESH:D053099,40
DB00275,MESH:D003928,40
DB00275,MESH:D005355,40
DB00275,MESH:D006332,40
DB00275,MESH:D006965,40
DB00275,MESH:D006973,40
DB00275,MESH:D006977,40
DB00275,MESH:D007674,40
DB00275,MESH:D009203,40
DB00275,MESH:D009336,40
DB00275,MESH:D009410,40
DB00275,MESH:D015427,40
DB00275,MESH:D015428,40
DB00275,MESH:D020760,40
DB00275,MESH:D056486,40
DB00275,MESH:D058226,40
DB00999,MESH:D000740,40
DB00999,MESH:D000744,40
DB00999,MESH:D000787,40
DB00999,MESH:D000799,40
DB00999,MESH:D000855,40
DB00999,MESH:D001745,40
DB00999,MESH:D001851,40
DB00999,MESH:D001919,40
DB00999,MESH:D001927,40
DB00999,MESH:D002780,40
DB00999,MESH:D003371,40
DB00999,MESH:D003919,40
DB00999,MESH:D004646,40
DB00999,MESH:D005221,40
DB00999,MESH:D005921,40
DB00999,MESH:D006073,40
DB00999,MESH:D006130,40
DB00999,MESH:D006261,40
DB00999,MESH:D006331,40
DB00999,MESH:D006333,40
DB00999,MESH:D006505,40
DB00999,MESH:D006929,40
DB00999,MESH:D006943,40
DB00999,MESH:D006965,40
DB00999,MESH:D006973,40
DB00999,MESH:D006977,40
DB00999,MESH:D007010,40
DB00999,MESH:D007022,40
DB00999,MESH:D007024,40
DB00999,MESH:D007172,40
DB00999,MESH:D007177,40
DB00999,MESH:D007333,40
DB00999,MESH:D007511,40
DB00999,MESH:D007674,40
DB00999,MESH:D007676,40
DB00999,MESH:D008173,40
DB00999,MESH:D008275,0
DB00999,MESH:D009135,40
DB00999,MESH:D009203,40
DB00999,MESH:D009205,40
DB00999,MESH:D009400,40
DB00999,MESH:D009401,40
DB00999,MESH:D010146,40
DB00999,MESH:D010243,40
DB00999,MESH:D011141,40
DB00999,MESH:D011654,40
DB00999,MESH:D012206,40
DB00999,MESH:D012769,40
DB00999,MESH:D013262,40
DB00999,MESH:D013610,40
DB00999,MESH:D013651,40
DB00999,MESH:D013927,40
DB00999,MESH:D015228,40
DB00999,MESH:D017180,40
DB00999,MESH:D017379,40
DB00999,MESH:D018487,40
DB00999,MESH:D018500,40
DB00999,MESH:D018879,40
DB00999,MESH:D018908,40
DB00999,MESH:D019283,40
DB00999,MESH:D020521,40
DB00999,MESH:D050197,40
DB00999,MESH:D053099,40
DB00999,MESH:D053565,40
DB00999,MESH:D056486,40
DB00999,MESH:D057973,40
DB00999,MESH:D058186,40
DB00641,MESH:D000419,40
DB00641,MESH:D000505,40
DB00641,MESH:D001008,40
DB00641,MESH:D001014,40
DB00641,MESH:D001259,40
DB00641,MESH:D001281,40
DB00641,MESH:D001745,40
DB00641,MESH:D001929,40
DB00641,MESH:D002386,40
DB00641,MESH:D002532,40
DB00641,MESH:D002545,40
DB00641,MESH:D002779,40
DB00641,MESH:D002780,40
DB00641,MESH:D003072,40
DB00641,MESH:D003161,40
DB00641,MESH:D003324,40
DB00641,MESH:D003327,40
DB00641,MESH:D003866,40
DB00641,MESH:D003882,40
DB00641,MESH:D003967,40
DB00641,MESH:D004401,40
DB00641,MESH:D004487,40
DB00641,MESH:D004715,40
DB00641,MESH:D005119,28
DB00641,MESH:D005234,40
DB00641,MESH:D005334,40
DB00641,MESH:D005355,40
DB00641,MESH:D005910,40
DB00641,MESH:D006261,40
DB00641,MESH:D006470,40
DB00641,MESH:D006937,40
DB00641,MESH:D006938,40
DB00641,MESH:D006940,40
DB00641,MESH:D006949,40
DB00641,MESH:D006950,40
DB00641,MESH:D006951,40
DB00641,MESH:D006973,40
DB00641,MESH:D006976,40
DB00641,MESH:D007022,40
DB00641,MESH:D007249,40
DB00641,MESH:D007511,40
DB00641,MESH:D007674,40
DB00641,MESH:D007676,40
DB00641,MESH:D008103,40
DB00641,MESH:D008113,40
DB00641,MESH:D008133,40
DB00641,MESH:D008173,40
DB00641,MESH:D008679,40
DB00641,MESH:D009069,40
DB00641,MESH:D009135,40
DB00641,MESH:D009203,40
DB00641,MESH:D009212,40
DB00641,MESH:D009220,40
DB00641,MESH:D009336,40
DB00641,MESH:D009362,40
DB00641,MESH:D009374,40
DB00641,MESH:D009404,40
DB00641,MESH:D009503,40
DB00641,MESH:D010014,40
DB00641,MESH:D010146,40
DB00641,MESH:D010195,40
DB00641,MESH:D010291,40
DB00641,MESH:D010292,40
DB00641,MESH:D011085,40
DB00641,MESH:D011507,40
DB00641,MESH:D011537,40
DB00641,MESH:D011605,40
DB00641,MESH:D011654,40
DB00641,MESH:D011928,40
DB00641,MESH:D012893,40
DB00641,MESH:D013001,40
DB00641,MESH:D013119,40
DB00641,MESH:D013262,40
DB00641,MESH:D013375,40
DB00641,MESH:D013733,40
DB00641,MESH:D014950,40
DB00641,MESH:D015179,40
DB00641,MESH:D015228,40
DB00641,MESH:D015428,40
DB00641,MESH:D016393,0
DB00641,MESH:D017119,40
DB00641,MESH:D017240,40
DB00641,MESH:D017285,40
DB00641,MESH:D017379,40
DB00641,MESH:D017380,40
DB00641,MESH:D018979,40
DB00641,MESH:D020138,40
DB00641,MESH:D020233,40
DB00641,MESH:D020521,40
DB00641,MESH:D023921,40
DB00641,MESH:D029424,40
DB00641,MESH:D050171,40
DB00641,MESH:D050197,40
DB00641,MESH:D051437,40
DB00641,MESH:D052456,40
DB00641,MESH:D053099,40
DB00641,MESH:D055371,40
DB00641,MESH:D055959,40
DB00641,MESH:D058186,40
DB00641,MESH:D058226,40
DB00641,MESH:D062787,40
DB00829,MESH:D000430,40
DB00829,MESH:D000647,40
DB00829,MESH:D000648,40
DB00829,MESH:D000787,40
DB00829,MESH:D000855,40
DB00829,MESH:D000860,40
DB00829,MESH:D001008,40
DB00829,MESH:D001049,40
DB00829,MESH:D001145,40
DB00829,MESH:D001259,40
DB00829,MESH:D001480,40
DB00829,MESH:D001523,40
DB00829,MESH:D001714,40
DB00829,MESH:D001749,40
DB00829,MESH:D001919,40
DB00829,MESH:D001927,40
DB00829,MESH:D001929,40
DB00829,MESH:D001930,40
DB00829,MESH:D002375,40
DB00829,MESH:D002389,40
DB00829,MESH:D002481,40
DB00829,MESH:D002526,40
DB00829,MESH:D002543,40
DB00829,MESH:D003072,40
DB00829,MESH:D003161,40
DB00829,MESH:D003294,40
DB00829,MESH:D003680,40
DB00829,MESH:D004401,40
DB00829,MESH:D004409,40
DB00829,MESH:D004421,40
DB00829,MESH:D004802,40
DB00829,MESH:D004827,40
DB00829,MESH:D004830,40
DB00829,MESH:D004831,40
DB00829,MESH:D004832,40
DB00829,MESH:D005207,40
DB00829,MESH:D005909,40
DB00829,MESH:D005911,40
DB00829,MESH:D006212,40
DB00829,MESH:D006323,40
DB00829,MESH:D006331,40
DB00829,MESH:D006417,40
DB00829,MESH:D006529,40
DB00829,MESH:D006930,40
DB00829,MESH:D006948,40
DB00829,MESH:D006973,40
DB00829,MESH:D007022,40
DB00829,MESH:D007040,40
DB00829,MESH:D007174,40
DB00829,MESH:D007235,40
DB00829,MESH:D007249,40
DB00829,MESH:D007567,0
DB00829,MESH:D007859,40
DB00829,MESH:D008113,40
DB00829,MESH:D008114,40
DB00829,MESH:D008569,40
DB00829,MESH:D009122,40
DB00829,MESH:D009127,40
DB00829,MESH:D009135,40
DB00829,MESH:D009325,40
DB00829,MESH:D009395,40
DB00829,MESH:D009410,40
DB00829,MESH:D009422,40
DB00829,MESH:D009886,40
DB00829,MESH:D010146,40
DB00829,MESH:D010149,40
DB00829,MESH:D010259,40
DB00829,MESH:D010291,40
DB00829,MESH:D010300,40
DB00829,MESH:D011297,40
DB00829,MESH:D011537,40
DB00829,MESH:D011595,40
DB00829,MESH:D011605,40
DB00829,MESH:D011618,40
DB00829,MESH:D011655,40
DB00829,MESH:D012131,40
DB00829,MESH:D012559,40
DB00829,MESH:D012563,40
DB00829,MESH:D012640,40
DB00829,MESH:D013035,40
DB00829,MESH:D013064,40
DB00829,MESH:D013118,40
DB00829,MESH:D013226,40
DB00829,MESH:D013313,40
DB00829,MESH:D013610,40
DB00829,MESH:D013616,40
DB00829,MESH:D013927,40
DB00829,MESH:D014103,40
DB00829,MESH:D014188,36
DB00829,MESH:D014202,40
DB00829,MESH:D014313,40
DB00829,MESH:D014474,40
DB00829,MESH:D014555,40
DB00829,MESH:D014786,40
DB00829,MESH:D014839,40
DB00829,MESH:D016055,40
DB00829,MESH:D016171,40
DB00829,MESH:D016491,40
DB00829,MESH:D016584,40
DB00829,MESH:D017029,40
DB00829,MESH:D017114,40
DB00829,MESH:D018487,40
DB00829,MESH:D019586,40
DB00829,MESH:D019954,40
DB00829,MESH:D019964,40
DB00829,MESH:D019966,40
DB00829,MESH:D019970,40
DB00829,MESH:D020270,38
DB00829,MESH:D020820,40
DB00829,MESH:D020821,40
DB00829,MESH:D053201,40
DB00829,MESH:D053608,40
DB00829,MESH:D054537,40
DB00659,MESH:D000435,40
DB00659,MESH:D000437,40
DB00659,MESH:D001008,40
DB00659,MESH:D002545,40
DB00659,MESH:D009021,40
DB00659,MESH:D009461,40
DB00659,MESH:D013375,40
DB00659,MESH:D019970,40
DB01392,MESH:D000435,40
DB01392,MESH:D000647,40
DB01392,MESH:D001008,40
DB01392,MESH:D001342,40
DB01392,MESH:D001523,40
DB01392,MESH:D001714,40
DB01392,MESH:D001919,40
DB01392,MESH:D002303,40
DB01392,MESH:D002357,40
DB01392,MESH:D003875,40
DB01392,MESH:D004409,40
DB01392,MESH:D004487,40
DB01392,MESH:D004890,40
DB01392,MESH:D006930,40
DB01392,MESH:D006943,40
DB01392,MESH:D006948,40
DB01392,MESH:D006973,40
DB01392,MESH:D007022,40
DB01392,MESH:D007024,40
DB01392,MESH:D007172,40
DB01392,MESH:D007249,40
DB01392,MESH:D007859,40
DB01392,MESH:D009069,40
DB01392,MESH:D009127,40
DB01392,MESH:D009203,40
DB01392,MESH:D009765,28
DB01392,MESH:D011141,40
DB01392,MESH:D012021,40
DB01392,MESH:D012640,40
DB01392,MESH:D013375,40
DB01392,MESH:D013610,40
DB01392,MESH:D014202,40
DB01392,MESH:D014474,40
DB01392,MESH:D014693,40
DB01392,MESH:D016584,40
DB01392,MESH:D017180,40
DB01392,MESH:D017202,40
DB01392,MESH:D018476,40
DB01392,MESH:D019954,40
DB01392,MESH:D019966,40
DB01392,MESH:D019970,40
DB01392,MESH:D020018,40
DB01392,MESH:D023341,40
DB01392,MESH:D051437,40
DB01392,MESH:D056486,40
DB00230,MESH:D000437,40
DB00230,MESH:D003865,40
DB00230,MESH:D003928,40
DB00230,MESH:D003929,40
DB00230,MESH:D004829,40
DB00230,MESH:D006394,40
DB00230,MESH:D006930,40
DB00230,MESH:D007010,40
DB00230,MESH:D008113,23
DB00230,MESH:D008881,40
DB00230,MESH:D009461,40
DB00230,MESH:D011537,40
DB00230,MESH:D012148,40
DB00230,MESH:D012640,40
DB00230,MESH:D013160,40
DB00230,MESH:D013262,40
DB00230,MESH:D013375,40
DB00230,MESH:D014202,40
DB00230,MESH:D019046,40
DB00230,MESH:D020258,40
DB00230,MESH:D020370,40
DB00230,MESH:D020426,40
DB00230,MESH:D020754,40
DB00230,MESH:D020820,40
DB00230,MESH:D056486,40
DB00230,MESH:D059348,40
DB00230,MESH:D059350,40
DB00704,MESH:D000437,40
DB00704,MESH:D000855,40
DB00704,MESH:D001321,39
DB00704,MESH:D001919,40
DB00704,MESH:D002375,40
DB00704,MESH:D003875,40
DB00704,MESH:D004409,40
DB00704,MESH:D004890,40
DB00704,MESH:D005076,40
DB00704,MESH:D005221,40
DB00704,MESH:D005879,40
DB00704,MESH:D006212,40
DB00704,MESH:D006261,40
DB00704,MESH:D006556,40
DB00704,MESH:D006930,40
DB00704,MESH:D006946,40
DB00704,MESH:D006948,40
DB00704,MESH:D006973,40
DB00704,MESH:D007022,40
DB00704,MESH:D007319,40
DB00704,MESH:D009021,40
DB00704,MESH:D009103,40
DB00704,MESH:D009293,40
DB00704,MESH:D009325,40
DB00704,MESH:D009422,40
DB00704,MESH:D010146,40
DB00704,MESH:D011297,40
DB00704,MESH:D011537,40
DB00704,MESH:D012640,40
DB00704,MESH:D012772,40
DB00704,MESH:D013375,40
DB00704,MESH:D014839,40
DB00704,MESH:D015746,40
DB00704,MESH:D016584,40
DB00704,MESH:D019969,40
DB00704,MESH:D019970,40
DB00704,MESH:D020323,40
DB00704,MESH:D020751,40
DB00704,MESH:D053609,40
DB00704,MESH:D056486,40
DB01183,MESH:D000437,40
DB01183,MESH:D000647,40
DB01183,MESH:D000707,40
DB01183,MESH:D000860,40
DB01183,MESH:D001145,40
DB01183,MESH:D001281,40
DB01183,MESH:D001763,40
DB01183,MESH:D001919,40
DB01183,MESH:D001927,40
DB01183,MESH:D001930,40
DB01183,MESH:D002375,40
DB01183,MESH:D002389,40
DB01183,MESH:D002545,40
DB01183,MESH:D002769,40
DB01183,MESH:D003128,40
DB01183,MESH:D003248,40
DB01183,MESH:D003704,40
DB01183,MESH:D003967,40
DB01183,MESH:D004409,40
DB01183,MESH:D004487,40
DB01183,MESH:D004829,40
DB01183,MESH:D004831,40
DB01183,MESH:D004832,40
DB01183,MESH:D005767,40
DB01183,MESH:D005879,40
DB01183,MESH:D006331,40
DB01183,MESH:D006429,40
DB01183,MESH:D006556,40
DB01183,MESH:D006930,40
DB01183,MESH:D006940,40
DB01183,MESH:D006947,40
DB01183,MESH:D006948,40
DB01183,MESH:D006976,40
DB01183,MESH:D007022,40
DB01183,MESH:D007035,40
DB01183,MESH:D007040,40
DB01183,MESH:D007174,40
DB01183,MESH:D007674,40
DB01183,MESH:D008105,40
DB01183,MESH:D008881,40
DB01183,MESH:D009021,40
DB01183,MESH:D009127,40
DB01183,MESH:D009128,40
DB01183,MESH:D009203,40
DB01183,MESH:D009293,40
DB01183,MESH:D009325,40
DB01183,MESH:D009336,40
DB01183,MESH:D009422,40
DB01183,MESH:D010146,40
DB01183,MESH:D010149,40
DB01183,MESH:D010291,40
DB01183,MESH:D011183,40
DB01183,MESH:D011537,40
DB01183,MESH:D011596,40
DB01183,MESH:D011654,40
DB01183,MESH:D012131,40
DB01183,MESH:D012640,40
DB01183,MESH:D012772,40
DB01183,MESH:D013119,23
DB01183,MESH:D013610,40
DB01183,MESH:D014202,40
DB01183,MESH:D014474,40
DB01183,MESH:D014555,40
DB01183,MESH:D014839,40
DB01183,MESH:D015431,40
DB01183,MESH:D015746,40
DB01183,MESH:D015877,40
DB01183,MESH:D016055,40
DB01183,MESH:D017180,40
DB01183,MESH:D018476,40
DB01183,MESH:D020521,40
DB01183,MESH:D021081,0
DB01183,MESH:D050197,40
DB01183,MESH:D053608,40
DB01183,MESH:D053609,40
DB01183,MESH:D058186,40
DB01183,MESH:D062787,40
DB06155,MESH:D000437,40
DB06155,MESH:D003866,40
DB06155,MESH:D004195,40
DB06155,MESH:D004409,40
DB06155,MESH:D005234,40
DB06155,MESH:D006930,40
DB06155,MESH:D006948,40
DB06155,MESH:D007022,40
DB06155,MESH:D007249,40
DB06155,MESH:D007674,40
DB06155,MESH:D009374,40
DB06155,MESH:D010146,40
DB06155,MESH:D010190,4
DB06155,MESH:D010409,40
DB06155,MESH:D011230,40
DB06155,MESH:D011248,40
DB06155,MESH:D012640,40
DB06155,MESH:D013375,40
DB06155,MESH:D015179,0
DB06155,MESH:D015430,39
DB06155,MESH:D015431,40
DB06155,MESH:D018149,0
DB06155,MESH:D018487,40
DB06155,MESH:D019966,40
DB06155,MESH:D019969,40
DB06155,MESH:D020734,0
DB00657,MESH:D000437,40
DB00657,MESH:D000647,40
DB00657,MESH:D001919,40
DB00657,MESH:D001997,40
DB00657,MESH:D002375,40
DB00657,MESH:D006930,40
DB00657,MESH:D007859,40
DB00657,MESH:D008569,40
DB00657,MESH:D010243,40
DB00657,MESH:D012021,40
DB00657,MESH:D012640,40
DB00657,MESH:D013375,40
DB00657,MESH:D013610,40
DB00657,MESH:D014029,40
DB00657,MESH:D014202,40
DB00657,MESH:D019966,40
DB00657,MESH:D019970,40
DB00657,MESH:D020820,4
DB00776,MESH:D000437,40
DB00776,MESH:D000743,40
DB00776,MESH:D000799,40
DB00776,MESH:D001480,40
DB00776,MESH:D001714,40
DB00776,MESH:D001927,40
DB00776,MESH:D002375,40
DB00776,MESH:D003072,40
DB00776,MESH:D003128,40
DB00776,MESH:D004827,40
DB00776,MESH:D004830,40
DB00776,MESH:D004831,40
DB00776,MESH:D004832,40
DB00776,MESH:D005076,40
DB00776,MESH:D005221,40
DB00776,MESH:D005334,40
DB00776,MESH:D006261,40
DB00776,MESH:D006330,40
DB00776,MESH:D006505,40
DB00776,MESH:D006930,40
DB00776,MESH:D007177,40
DB00776,MESH:D008881,40
DB00776,MESH:D009127,40
DB00776,MESH:D009325,40
DB00776,MESH:D010146,40
DB00776,MESH:D010302,40
DB00776,MESH:D011618,40
DB00776,MESH:D012148,40
DB00776,MESH:D012559,40
DB00776,MESH:D012640,40
DB00776,MESH:D013064,40
DB00776,MESH:D013226,40
DB00776,MESH:D013313,40
DB00776,MESH:D014202,40
DB00776,MESH:D014277,40
DB00776,MESH:D014839,40
DB00776,MESH:D017029,40
DB00776,MESH:D018476,40
DB00776,MESH:D019970,40
DB00776,MESH:D020018,40
DB00776,MESH:D020820,40
DB06230,MESH:D005221,40
DB06230,MESH:D007319,40
DB06230,MESH:D016584,40
DB06230,MESH:D056912,40
DB00746,MESH:D000744,40
DB00746,MESH:D000755,40
DB00746,MESH:D001145,40
DB00746,MESH:D001847,0
DB00746,MESH:D001855,40
DB00746,MESH:D001928,40
DB00746,MESH:D001943,40
DB00746,MESH:D002318,40
DB00746,MESH:D002386,40
DB00746,MESH:D003371,40
DB00746,MESH:D003704,40
DB00746,MESH:D004427,40
DB00746,MESH:D004830,40
DB00746,MESH:D004942,40
DB00746,MESH:D005128,40
DB00746,MESH:D005334,40
DB00746,MESH:D005923,40
DB00746,MESH:D006311,40
DB00746,MESH:D006314,0
DB00746,MESH:D006319,40
DB00746,MESH:D006331,40
DB00746,MESH:D007249,40
DB00746,MESH:D007674,40
DB00746,MESH:D008103,40
DB00746,MESH:D008107,40
DB00746,MESH:D008171,40
DB00746,MESH:D008569,40
DB00746,MESH:D009133,25
DB00746,MESH:D009157,40
DB00746,MESH:D009202,40
DB00746,MESH:D009410,40
DB00746,MESH:D009422,40
DB00746,MESH:D010146,40
DB00746,MESH:D011507,40
DB00746,MESH:D012141,40
DB00746,MESH:D012162,40
DB00746,MESH:D012174,40
DB00746,MESH:D013064,40
DB00746,MESH:D013345,40
DB00746,MESH:D013921,40
DB00746,MESH:D014012,40
DB00746,MESH:D014786,40
DB00746,MESH:D015427,40
DB00746,MESH:D015431,40
DB00746,MESH:D015470,40
DB00746,MESH:D016472,40
DB00746,MESH:D017086,40
DB00746,MESH:D018487,40
DB00746,MESH:D019190,40
DB00746,MESH:D029503,40
DB00746,MESH:D034381,40
DB00746,MESH:D048629,40
DB00746,MESH:D056486,40
DB00746,MESH:D058186,40
DB00334,MESH:D000568,40
DB00334,MESH:D000647,40
DB00334,MESH:D000856,40
DB00334,MESH:D001008,40
DB00334,MESH:D001068,40
DB00334,MESH:D001145,40
DB00334,MESH:D001321,40
DB00334,MESH:D001480,40
DB00334,MESH:D001523,40
DB00334,MESH:D001714,40
DB00334,MESH:D001763,40
DB00334,MESH:D002318,40
DB00334,MESH:D002389,40
DB00334,MESH:D002561,40
DB00334,MESH:D002658,40
DB00334,MESH:D002819,40
DB00334,MESH:D003072,40
DB00334,MESH:D003128,40
DB00334,MESH:D003248,40
DB00334,MESH:D003704,40
DB00334,MESH:D003866,40
DB00334,MESH:D003920,40
DB00334,MESH:D004211,40
DB00334,MESH:D004409,40
DB00334,MESH:D004421,40
DB00334,MESH:D004487,40
DB00334,MESH:D004802,40
DB00334,MESH:D005221,40
DB00334,MESH:D005234,40
DB00334,MESH:D005879,40
DB00334,MESH:D006212,40
DB00334,MESH:D006261,40
DB00334,MESH:D006505,40
DB00334,MESH:D006816,40
DB00334,MESH:D006943,40
DB00334,MESH:D006946,40
DB00334,MESH:D006948,40
DB00334,MESH:D006963,40
DB00334,MESH:D006966,40
DB00334,MESH:D006973,40
DB00334,MESH:D007022,40
DB00334,MESH:D007024,40
DB00334,MESH:D007035,40
DB00334,MESH:D007172,40
DB00334,MESH:D007232,40
DB00334,MESH:D007319,40
DB00334,MESH:D007333,40
DB00334,MESH:D008133,40
DB00334,MESH:D008659,40
DB00334,MESH:D009069,40
DB00334,MESH:D009084,40
DB00334,MESH:D009135,40
DB00334,MESH:D009212,40
DB00334,MESH:D009325,40
DB00334,MESH:D009461,40
DB00334,MESH:D009503,40
DB00334,MESH:D009765,40
DB00334,MESH:D009771,40
DB00334,MESH:D010146,40
DB00334,MESH:D010195,40
DB00334,MESH:D010302,40
DB00334,MESH:D011141,40
DB00334,MESH:D011537,40
DB00334,MESH:D011595,40
DB00334,MESH:D011605,40
DB00334,MESH:D011618,40
DB00334,MESH:D011655,40
DB00334,MESH:D012131,40
DB00334,MESH:D012148,40
DB00334,MESH:D012559,40
DB00334,MESH:D012563,40
DB00334,MESH:D012640,40
DB00334,MESH:D013313,40
DB00334,MESH:D013342,40
DB00334,MESH:D013375,40
DB00334,MESH:D013610,40
DB00334,MESH:D013733,40
DB00334,MESH:D014103,40
DB00334,MESH:D014202,40
DB00334,MESH:D014555,40
DB00334,MESH:D014652,40
DB00334,MESH:D014693,40
DB00334,MESH:D014839,40
DB00334,MESH:D015228,40
DB00334,MESH:D015430,40
DB00334,MESH:D015431,40
DB00334,MESH:D016055,40
DB00334,MESH:D016584,40
DB00334,MESH:D016883,40
DB00334,MESH:D017180,40
DB00334,MESH:D018476,40
DB00334,MESH:D019956,40
DB00334,MESH:D019964,40
DB00334,MESH:D019966,40
DB00334,MESH:D019967,40
DB00334,MESH:D019970,40
DB00334,MESH:D020018,40
DB00334,MESH:D020734,40
DB00334,MESH:D020821,40
DB00334,MESH:D024821,40
DB00334,MESH:D046349,40
DB00334,MESH:D054556,40
DB00334,MESH:D056486,40
DB00334,MESH:D056912,40
DB00334,MESH:D057180,40
DB01454,MESH:D000437,40
DB01454,MESH:D001008,40
DB01454,MESH:D001145,40
DB01454,MESH:D001157,40
DB01454,MESH:D001168,40
DB01454,MESH:D001289,40
DB01454,MESH:D001750,40
DB01454,MESH:D001927,40
DB01454,MESH:D001929,40
DB01454,MESH:D002189,40
DB01454,MESH:D002532,27
DB01454,MESH:D002544,40
DB01454,MESH:D003072,40
DB01454,MESH:D003128,40
DB01454,MESH:D003161,40
DB01454,MESH:D003866,40
DB01454,MESH:D004211,40
DB01454,MESH:D004409,40
DB01454,MESH:D004487,40
DB01454,MESH:D006261,40
DB01454,MESH:D006323,40
DB01454,MESH:D006332,40
DB01454,MESH:D006470,40
DB01454,MESH:D006973,40
DB01454,MESH:D007010,40
DB01454,MESH:D007035,40
DB01454,MESH:D007174,40
DB01454,MESH:D007249,40
DB01454,MESH:D007319,40
DB01454,MESH:D007511,40
DB01454,MESH:D007859,40
DB01454,MESH:D008107,40
DB01454,MESH:D009059,30
DB01454,MESH:D009069,40
DB01454,MESH:D009102,40
DB01454,MESH:D009203,40
DB01454,MESH:D009336,40
DB01454,MESH:D009410,40
DB01454,MESH:D009422,40
DB01454,MESH:D009771,40
DB01454,MESH:D010259,40
DB01454,MESH:D010554,40
DB01454,MESH:D011297,40
DB01454,MESH:D011782,40
DB01454,MESH:D012206,40
DB01454,MESH:D012640,40
DB01454,MESH:D012893,40
DB01454,MESH:D013001,40
DB01454,MESH:D013375,40
DB01454,MESH:D013616,40
DB01454,MESH:D014202,40
DB01454,MESH:D014657,40
DB01454,MESH:D016584,40
DB01454,MESH:D017180,40
DB01454,MESH:D019964,40
DB01454,MESH:D019969,40
DB01454,MESH:D019970,40
DB01454,MESH:D020258,40
DB01454,MESH:D020323,40
DB01454,MESH:D020920,40
DB01454,MESH:D022124,40
DB01454,MESH:D056486,40
DB01454,MESH:D066126,40
DB01238,MESH:D000437,40
DB01238,MESH:D001008,40
DB01238,MESH:D001145,40
DB01238,MESH:D001289,40
DB01238,MESH:D001523,40
DB01238,MESH:D001763,40
DB01238,MESH:D001919,40
DB01238,MESH:D002375,40
DB01238,MESH:D002659,40
DB01238,MESH:D003248,40
DB01238,MESH:D003866,40
DB01238,MESH:D004421,40
DB01238,MESH:D005221,40
DB01238,MESH:D005687,40
DB01238,MESH:D005715,40
DB01238,MESH:D005879,40
DB01238,MESH:D006816,40
DB01238,MESH:D006948,40
DB01238,MESH:D006966,40
DB01238,MESH:D007024,40
DB01238,MESH:D007177,40
DB01238,MESH:D008133,40
DB01238,MESH:D008607,40
DB01238,MESH:D009069,40
DB01238,MESH:D009765,40
DB01238,MESH:D009771,40
DB01238,MESH:D011618,40
DB01238,MESH:D012559,40
DB01238,MESH:D012563,40
DB01238,MESH:D012640,40
DB01238,MESH:D013375,40
DB01238,MESH:D013981,40
DB01238,MESH:D014786,40
DB01238,MESH:D016584,40
DB01238,MESH:D019956,40
DB01238,MESH:D019966,40
DB01238,MESH:D019969,40
DB01238,MESH:D020734,40
DB01238,MESH:D020817,40
DB00181,MESH:D000437,40
DB00181,MESH:D000647,40
DB00181,MESH:D000755,5
DB00181,MESH:D001259,40
DB00181,MESH:D001523,40
DB00181,MESH:D001714,40
DB00181,MESH:D001749,40
DB00181,MESH:D001919,40
DB00181,MESH:D002295,40
DB00181,MESH:D002389,40
DB00181,MESH:D002493,40
DB00181,MESH:D002534,32
DB00181,MESH:D002543,40
DB00181,MESH:D002545,40
DB00181,MESH:D002547,40
DB00181,MESH:D002819,40
DB00181,MESH:D003072,40
DB00181,MESH:D003128,40
DB00181,MESH:D003248,40
DB00181,MESH:D003866,40
DB00181,MESH:D004409,40
DB00181,MESH:D004421,40
DB00181,MESH:D005334,40
DB00181,MESH:D006212,40
DB00181,MESH:D006417,40
DB00181,MESH:D006429,40
DB00181,MESH:D006556,40
DB00181,MESH:D006930,40
DB00181,MESH:D006973,40
DB00181,MESH:D006985,0
DB00181,MESH:D007022,40
DB00181,MESH:D007035,40
DB00181,MESH:D007172,40
DB00181,MESH:D007249,40
DB00181,MESH:D007859,40
DB00181,MESH:D008582,40
DB00181,MESH:D009069,40
DB00181,MESH:D009103,40
DB00181,MESH:D009122,40
DB00181,MESH:D009123,40
DB00181,MESH:D009127,40
DB00181,MESH:D009128,40
DB00181,MESH:D009325,40
DB00181,MESH:D009436,40
DB00181,MESH:D009461,40
DB00181,MESH:D010146,40
DB00181,MESH:D010259,40
DB00181,MESH:D010291,40
DB00181,MESH:D010409,22
DB00181,MESH:D011297,40
DB00181,MESH:D011618,40
DB00181,MESH:D011655,40
DB00181,MESH:D011782,40
DB00181,MESH:D012131,40
DB00181,MESH:D012600,40
DB00181,MESH:D012640,40
DB00181,MESH:D013035,40
DB00181,MESH:D013119,0
DB00181,MESH:D013226,40
DB00181,MESH:D013345,40
DB00181,MESH:D013375,40
DB00181,MESH:D013610,40
DB00181,MESH:D013651,40
DB00181,MESH:D014277,40
DB00181,MESH:D014474,40
DB00181,MESH:D015746,40
DB00181,MESH:D016055,40
DB00181,MESH:D017449,40
DB00181,MESH:D018908,40
DB00181,MESH:D019969,40
DB00181,MESH:D019970,40
DB00181,MESH:D020246,40
DB00181,MESH:D020258,40
DB00181,MESH:D020734,40
DB00181,MESH:D020820,40
DB00181,MESH:D020879,40
DB00181,MESH:D049188,40
DB00181,MESH:D053201,40
DB00181,MESH:D053608,40
DB00181,MESH:D056486,40
DB00181,MESH:D056912,40
DB00181,MESH:D062787,40
DB01273,MESH:D000437,40
DB01273,MESH:D004409,40
DB01273,MESH:D005076,40
DB01273,MESH:D007003,40
DB01273,MESH:D008067,40
DB01273,MESH:D008569,40
DB01273,MESH:D010259,40
DB01273,MESH:D013262,40
DB01273,MESH:D014029,4
DB01273,MESH:D019964,40
DB01273,MESH:D058186,40
DB00607,MESH:D000471,40
DB00607,MESH:D000744,40
DB00607,MESH:D001170,40
DB00607,MESH:D001424,40
DB00607,MESH:D002780,40
DB00607,MESH:D005076,40
DB00607,MESH:D007008,40
DB00607,MESH:D007674,40
DB00607,MESH:D007970,40
DB00607,MESH:D009395,40
DB00607,MESH:D009503,40
DB00607,MESH:D010146,40
DB00607,MESH:D011507,40
DB00607,MESH:D012640,40
DB00607,MESH:D013203,40
DB00607,MESH:D016470,40
DB00607,MESH:D018805,40
DB00607,MESH:D051437,40
DB00607,MESH:D053099,40
DB00607,MESH:D056486,40
DB00415,MESH:D000471,40
DB00415,MESH:D000707,40
DB00415,MESH:D000743,40
DB00415,MESH:D001002,40
DB00415,MESH:D001424,40
DB00415,MESH:D003638,40
DB00415,MESH:D003967,40
DB00415,MESH:D004211,40
DB00415,MESH:D004827,40
DB00415,MESH:D004892,40
DB00415,MESH:D004927,40
DB00415,MESH:D005076,40
DB00415,MESH:D005234,40
DB00415,MESH:D005334,40
DB00415,MESH:D005921,40
DB00415,MESH:D006261,40
DB00415,MESH:D006319,40
DB00415,MESH:D006330,40
DB00415,MESH:D006463,40
DB00415,MESH:D006505,40
DB00415,MESH:D007105,40
DB00415,MESH:D007674,40
DB00415,MESH:D009069,40
DB00415,MESH:D009135,40
DB00415,MESH:D009205,40
DB00415,MESH:D009393,40
DB00415,MESH:D009395,40
DB00415,MESH:D009404,40
DB00415,MESH:D009422,40
DB00415,MESH:D009461,40
DB00415,MESH:D010538,40
DB00415,MESH:D010996,40
DB00415,MESH:D011014,40
DB00415,MESH:D012852,40
DB00415,MESH:D013203,40
DB00415,MESH:D013262,40
DB00415,MESH:D014188,40
DB00415,MESH:D015746,40
DB00415,MESH:D015837,40
DB00415,MESH:D016908,40
DB00415,MESH:D017285,40
DB00415,MESH:D018805,40
DB00415,MESH:D034381,40
DB00415,MESH:D051437,40
DB00415,MESH:D052878,39
DB00415,MESH:D056486,40
DB00415,MESH:D058186,40
DB00524,MESH:D000471,40
DB00524,MESH:D000741,40
DB00524,MESH:D000855,40
DB00524,MESH:D002779,40
DB00524,MESH:D004487,40
DB00524,MESH:D006973,40
DB00524,MESH:D007008,40
DB00524,MESH:D009325,40
DB00524,MESH:D010195,2
DB00524,MESH:D012640,40
DB00524,MESH:D014474,40
DB08804,MESH:D000740,40
DB08804,MESH:D000741,40
DB08804,MESH:D005199,40
DB08804,MESH:D005355,40
DB08804,MESH:D006261,40
DB08804,MESH:D006331,40
DB08804,MESH:D006391,40
DB08804,MESH:D006628,1
DB08804,MESH:D007008,40
DB08804,MESH:D007249,40
DB08804,MESH:D007859,40
DB08804,MESH:D008103,40
DB08804,MESH:D008114,40
DB08804,MESH:D008569,40
DB08804,MESH:D009203,40
DB08804,MESH:D009845,40
DB08804,MESH:D010024,40
DB08804,MESH:D012851,40
DB08804,MESH:D012859,40
DB08804,MESH:D014839,40
DB08804,MESH:D017379,40
DB08804,MESH:D017380,40
DB08804,MESH:D018248,40
DB08804,MESH:D020225,40
DB08804,MESH:D053627,40
DB08804,MESH:D058186,40
DB00797,MESH:D000471,0
DB00797,MESH:D000860,40
DB00797,MESH:D006471,40
DB00797,MESH:D006976,18
DB00797,MESH:D007022,40
DB00797,MESH:D010547,40
DB00797,MESH:D011183,40
DB00797,MESH:D013610,40
DB00797,MESH:D016491,40
DB00797,MESH:D058186,40
DB00282,MESH:D000471,40
DB00282,MESH:D000857,40
DB00282,MESH:D001847,40
DB00282,MESH:D001859,40
DB00282,MESH:D001862,40
DB00282,MESH:D001943,40
DB00282,MESH:D005357,40
DB00282,MESH:D005921,40
DB00282,MESH:D005923,40
DB00282,MESH:D006212,40
DB00282,MESH:D006528,40
DB00282,MESH:D007683,40
DB00282,MESH:D008545,38
DB00282,MESH:D009336,40
DB00282,MESH:D009362,40
DB00282,MESH:D009395,40
DB00282,MESH:D009902,0
DB00282,MESH:D010001,40
DB00282,MESH:D010022,40
DB00282,MESH:D010024,40
DB00282,MESH:D010146,40
DB00282,MESH:D011507,40
DB00282,MESH:D012008,40
DB00282,MESH:D012516,40
DB00282,MESH:D013167,40
DB00282,MESH:D014786,40
DB00282,MESH:D015431,40
DB00282,MESH:D018212,40
DB00282,MESH:D054559,40
DB06718,MESH:D000471,40
DB06718,MESH:D004932,40
DB06718,MESH:D006955,40
DB06718,MESH:D007008,22
DB06718,MESH:D009203,40
DB06718,MESH:D016757,40
DB06718,MESH:D054179,40
DB00314,MESH:D000471,40
DB00314,MESH:D001477,40
DB00314,MESH:D006929,40
DB00314,MESH:D006996,40
DB00314,MESH:D007008,40
DB00314,MESH:D009393,40
DB00314,MESH:D014376,40
DB00314,MESH:D014397,40
DB00314,MESH:D058186,40
DB01541,MESH:D000471,40
DB01541,MESH:D006955,40
DB01541,MESH:D007008,40
DB01541,MESH:D018248,40
DB01541,MESH:D058186,40
DB01216,MESH:D000505,0
DB01216,MESH:D001927,40
DB01216,MESH:D003866,40
DB01216,MESH:D005832,40
DB01216,MESH:D006177,0
DB01216,MESH:D006417,40
DB01216,MESH:D006505,40
DB01216,MESH:D007172,40
DB01216,MESH:D011470,40
DB01216,MESH:D012734,40
DB01216,MESH:D013226,28
DB01216,MESH:D019970,40
DB00444,MESH:D000505,40
DB00444,MESH:D000707,40
DB00444,MESH:D001749,40
DB00444,MESH:D001932,40
DB00444,MESH:D002277,40
DB00444,MESH:D005767,40
DB00444,MESH:D005909,40
DB00444,MESH:D007970,40
DB00444,MESH:D008228,40
DB00444,MESH:D054198,40
DB01204,MESH:D000505,40
DB01204,MESH:D000568,40
DB01204,MESH:D000740,40
DB01204,MESH:D001281,40
DB01204,MESH:D001424,39
DB01204,MESH:D001745,40
DB01204,MESH:D001749,40
DB01204,MESH:D001919,40
DB01204,MESH:D001943,40
DB01204,MESH:D002277,40
DB01204,MESH:D002295,40
DB01204,MESH:D002543,40
DB01204,MESH:D003286,40
DB01204,MESH:D003556,40
DB01204,MESH:D003711,40
DB01204,MESH:D003875,40
DB01204,MESH:D004681,40
DB01204,MESH:D004719,40
DB01204,MESH:D004751,40
DB01204,MESH:D004802,40
DB01204,MESH:D004940,40
DB01204,MESH:D005334,40
DB01204,MESH:D006331,40
DB01204,MESH:D006333,40
DB01204,MESH:D006402,40
DB01204,MESH:D006689,40
DB01204,MESH:D006932,40
DB01204,MESH:D007938,40
DB01204,MESH:D007945,40
DB01204,MESH:D007970,40
DB01204,MESH:D008107,40
DB01204,MESH:D008133,40
DB01204,MESH:D008223,40
DB01204,MESH:D008224,40
DB01204,MESH:D008228,40
DB01204,MESH:D008232,40
DB01204,MESH:D009103,40
DB01204,MESH:D009202,40
DB01204,MESH:D009260,40
DB01204,MESH:D009325,40
DB01204,MESH:D009369,40
DB01204,MESH:D009503,40
DB01204,MESH:D010051,40
DB01204,MESH:D010538,40
DB01204,MESH:D011471,40
DB01204,MESH:D012008,40
DB01204,MESH:D012206,40
DB01204,MESH:D012208,40
DB01204,MESH:D013280,40
DB01204,MESH:D013921,40
DB01204,MESH:D014202,40
DB01204,MESH:D014839,40
DB01204,MESH:D015179,40
DB01204,MESH:D015451,40
DB01204,MESH:D015470,40
DB01204,MESH:D015473,40
DB01204,MESH:D016411,13
DB01204,MESH:D016543,40
DB01204,MESH:D016609,40
DB01204,MESH:D017563,40
DB01204,MESH:D018450,40
DB01204,MESH:D019046,39
DB01204,MESH:D020258,40
DB01204,MESH:D020529,0
DB01204,MESH:D051437,40
DB01204,MESH:D052016,40
DB01204,MESH:D054198,40
DB01204,MESH:D058186,40
DB01204,MESH:D066126,40
DB00338,MESH:D000505,37
DB00338,MESH:D000647,40
DB00338,MESH:D000707,40
DB00338,MESH:D000740,40
DB00338,MESH:D000743,40
DB00338,MESH:D000744,40
DB00338,MESH:D000799,40
DB00338,MESH:D000855,40
DB00338,MESH:D000857,40
DB00338,MESH:D001471,40
DB00338,MESH:D001778,40
DB00338,MESH:D002389,40
DB00338,MESH:D002637,40
DB00338,MESH:D002780,40
DB00338,MESH:D003680,40
DB00338,MESH:D003882,40
DB00338,MESH:D003967,40
DB00338,MESH:D004417,40
DB00338,MESH:D004487,40
DB00338,MESH:D004646,5
DB00338,MESH:D004802,40
DB00338,MESH:D004941,40
DB00338,MESH:D004942,40
DB00338,MESH:D005158,40
DB00338,MESH:D005221,40
DB00338,MESH:D005355,40
DB00338,MESH:D005764,40
DB00338,MESH:D005767,40
DB00338,MESH:D006177,40
DB00338,MESH:D006261,40
DB00338,MESH:D006356,40
DB00338,MESH:D006417,40
DB00338,MESH:D006470,40
DB00338,MESH:D006505,40
DB00338,MESH:D006529,40
DB00338,MESH:D006996,40
DB00338,MESH:D007010,40
DB00338,MESH:D007172,40
DB00338,MESH:D008113,40
DB00338,MESH:D008114,40
DB00338,MESH:D008275,25
DB00338,MESH:D009135,40
DB00338,MESH:D009325,40
DB00338,MESH:D009336,40
DB00338,MESH:D009395,40
DB00338,MESH:D009468,40
DB00338,MESH:D010292,40
DB00338,MESH:D010437,40
DB00338,MESH:D010438,40
DB00338,MESH:D011537,40
DB00338,MESH:D011605,40
DB00338,MESH:D012021,40
DB00338,MESH:D012206,40
DB00338,MESH:D012640,40
DB00338,MESH:D012868,0
DB00338,MESH:D013272,40
DB00338,MESH:D013276,40
DB00338,MESH:D013921,40
DB00338,MESH:D014456,40
DB00338,MESH:D014555,40
DB00338,MESH:D014581,40
DB00338,MESH:D014786,40
DB00338,MESH:D014839,40
DB00338,MESH:D015212,37
DB00338,MESH:D015431,40
DB00338,MESH:D016481,40
DB00338,MESH:D017180,40
DB00338,MESH:D018771,40
DB00338,MESH:D018879,40
DB00338,MESH:D018908,40
DB00338,MESH:D018917,40
DB00338,MESH:D053099,40
DB00338,MESH:D053609,40
DB00338,MESH:D054537,40
DB00338,MESH:D056486,40
DB00338,MESH:D058186,40
DB01196,MESH:D000505,40
DB01196,MESH:D000740,40
DB01196,MESH:D000799,40
DB01196,MESH:D001855,40
DB01196,MESH:D002318,40
DB01196,MESH:D002545,40
DB01196,MESH:D004487,40
DB01196,MESH:D005221,40
DB01196,MESH:D006331,40
DB01196,MESH:D006934,8
DB01196,MESH:D007022,40
DB01196,MESH:D007172,40
DB01196,MESH:D007970,40
DB01196,MESH:D008107,40
DB01196,MESH:D009325,40
DB01196,MESH:D009503,40
DB01196,MESH:D010051,39
DB01196,MESH:D011471,40
DB01196,MESH:D013921,40
DB01196,MESH:D013927,40
DB01196,MESH:D014839,40
DB01196,MESH:D020246,40
DB01196,MESH:D054556,40
DB01196,MESH:D056486,40
DB01177,MESH:D000505,40
DB01177,MESH:D000855,40
DB01177,MESH:D002311,40
DB01177,MESH:D002637,40
DB01177,MESH:D003556,40
DB01177,MESH:D003967,40
DB01177,MESH:D004487,40
DB01177,MESH:D005334,40
DB01177,MESH:D006331,40
DB01177,MESH:D006333,40
DB01177,MESH:D006470,40
DB01177,MESH:D006504,40
DB01177,MESH:D007674,40
DB01177,MESH:D007938,40
DB01177,MESH:D007970,40
DB01177,MESH:D008107,40
DB01177,MESH:D008223,40
DB01177,MESH:D008228,40
DB01177,MESH:D009101,40
DB01177,MESH:D009190,40
DB01177,MESH:D009202,40
DB01177,MESH:D009205,40
DB01177,MESH:D009325,40
DB01177,MESH:D009336,40
DB01177,MESH:D009369,40
DB01177,MESH:D009503,40
DB01177,MESH:D012008,40
DB01177,MESH:D012804,40
DB01177,MESH:D012851,40
DB01177,MESH:D013927,40
DB01177,MESH:D015473,40
DB01177,MESH:D016399,40
DB01177,MESH:D016609,40
DB01177,MESH:D018487,40
DB01177,MESH:D052016,40
DB01177,MESH:D054144,40
DB01177,MESH:D058186,40
DB01143,MESH:D000505,2
DB01143,MESH:D000756,40
DB01143,MESH:D001416,40
DB01143,MESH:D001855,40
DB01143,MESH:D001943,40
DB01143,MESH:D002386,40
DB01143,MESH:D003556,40
DB01143,MESH:D004417,31
DB01143,MESH:D004938,40
DB01143,MESH:D004941,40
DB01143,MESH:D005076,40
DB01143,MESH:D005119,0
DB01143,MESH:D005334,40
DB01143,MESH:D005483,31
DB01143,MESH:D005767,40
DB01143,MESH:D006258,8
DB01143,MESH:D006470,40
DB01143,MESH:D006996,40
DB01143,MESH:D008228,34
DB01143,MESH:D009202,40
DB01143,MESH:D009325,40
DB01143,MESH:D009336,40
DB01143,MESH:D010190,40
DB01143,MESH:D010292,40
DB01143,MESH:D011832,0
DB01143,MESH:D012912,40
DB01143,MESH:D013262,40
DB01143,MESH:D013272,22
DB01143,MESH:D013921,40
DB01143,MESH:D014839,40
DB01143,MESH:D020258,40
DB01143,MESH:D020522,0
DB01143,MESH:D023341,40
DB01143,MESH:D034381,40
DB01143,MESH:D051437,40
DB01143,MESH:D052016,40
DB01143,MESH:D055371,40
DB01143,MESH:D058186,40
DB00445,MESH:D000505,40
DB00445,MESH:D000740,40
DB00445,MESH:D000743,40
DB00445,MESH:D000799,40
DB00445,MESH:D000855,40
DB00445,MESH:D001167,40
DB00445,MESH:D001247,40
DB00445,MESH:D001745,40
DB00445,MESH:D001749,40
DB00445,MESH:D001855,40
DB00445,MESH:D001943,40
DB00445,MESH:D002289,40
DB00445,MESH:D002311,40
DB00445,MESH:D002583,40
DB00445,MESH:D003328,40
DB00445,MESH:D003556,40
DB00445,MESH:D003967,40
DB00445,MESH:D005221,40
DB00445,MESH:D005334,40
DB00445,MESH:D006258,40
DB00445,MESH:D006323,40
DB00445,MESH:D006333,40
DB00445,MESH:D006335,40
DB00445,MESH:D006417,40
DB00445,MESH:D006463,40
DB00445,MESH:D006470,40
DB00445,MESH:D006528,40
DB00445,MESH:D006689,40
DB00445,MESH:D007022,40
DB00445,MESH:D007674,40
DB00445,MESH:D007970,40
DB00445,MESH:D008103,40
DB00445,MESH:D008113,40
DB00445,MESH:D008545,40
DB00445,MESH:D009325,40
DB00445,MESH:D009422,40
DB00445,MESH:D009503,40
DB00445,MESH:D010051,40
DB00445,MESH:D010292,40
DB00445,MESH:D010412,40
DB00445,MESH:D011471,40
DB00445,MESH:D011507,40
DB00445,MESH:D012004,40
DB00445,MESH:D012509,40
DB00445,MESH:D012598,40
DB00445,MESH:D013274,40
DB00445,MESH:D013280,40
DB00445,MESH:D013610,40
DB00445,MESH:D013733,40
DB00445,MESH:D013921,40
DB00445,MESH:D014555,40
DB00445,MESH:D014839,40
DB00445,MESH:D015473,40
DB00445,MESH:D016609,40
DB00445,MESH:D017202,40
DB00445,MESH:D018270,40
DB00445,MESH:D018487,40
DB00445,MESH:D020257,40
DB00445,MESH:D020803,0
DB00445,MESH:D056486,40
DB01043,MESH:D000544,40
DB01043,MESH:D000647,40
DB01043,MESH:D001321,40
DB01043,MESH:D001750,0
DB01043,MESH:D001919,40
DB01043,MESH:D001930,40
DB01043,MESH:D002658,40
DB01043,MESH:D002779,40
DB01043,MESH:D003072,40
DB01043,MESH:D003704,40
DB01043,MESH:D004409,40
DB01043,MESH:D006930,40
DB01043,MESH:D006948,40
DB01043,MESH:D007859,40
DB01043,MESH:D008569,40
DB01043,MESH:D009069,40
DB01043,MESH:D009135,40
DB01043,MESH:D009336,40
DB01043,MESH:D010146,40
DB01043,MESH:D011537,40
DB01043,MESH:D011595,40
DB01043,MESH:D011605,40
DB01043,MESH:D012507,40
DB01043,MESH:D012893,40
DB01043,MESH:D013375,40
DB01043,MESH:D015431,40
DB01043,MESH:D019636,40
DB01043,MESH:D019957,40
DB01043,MESH:D020262,40
DB01043,MESH:D020961,40
DB01043,MESH:D056486,40
DB00494,MESH:D000544,40
DB00494,MESH:D003866,40
DB00494,MESH:D004421,40
DB00494,MESH:D006212,40
DB00494,MESH:D010300,40
DB00494,MESH:D020734,40
DB00494,MESH:D056486,39
DB00850,MESH:D000544,40
DB00850,MESH:D000568,40
DB00850,MESH:D000647,40
DB00850,MESH:D000741,40
DB00850,MESH:D000743,40
DB00850,MESH:D001480,40
DB00850,MESH:D001523,40
DB00850,MESH:D001714,40
DB00850,MESH:D002375,40
DB00850,MESH:D002389,40
DB00850,MESH:D002819,40
DB00850,MESH:D003680,40
DB00850,MESH:D003866,40
DB00850,MESH:D003920,40
DB00850,MESH:D004421,40
DB00850,MESH:D004827,40
DB00850,MESH:D005158,40
DB00850,MESH:D005355,40
DB00850,MESH:D005687,40
DB00850,MESH:D006212,40
DB00850,MESH:D006505,40
DB00850,MESH:D007319,40
DB00850,MESH:D008064,40
DB00850,MESH:D009069,40
DB00850,MESH:D009135,40
DB00850,MESH:D009205,40
DB00850,MESH:D009325,40
DB00850,MESH:D010302,40
DB00850,MESH:D011595,40
DB00850,MESH:D011596,40
DB00850,MESH:D012206,40
DB00850,MESH:D012559,40
DB00850,MESH:D012563,40
DB00850,MESH:D013035,40
DB00850,MESH:D013064,40
DB00850,MESH:D013375,40
DB00850,MESH:D013981,40
DB00850,MESH:D014202,40
DB00850,MESH:D014313,40
DB00850,MESH:D014693,40
DB00850,MESH:D014839,40
DB00850,MESH:D017180,40
DB00850,MESH:D058186,40
DB00206,MESH:D000544,40
DB00206,MESH:D000855,40
DB00206,MESH:D001161,40
DB00206,MESH:D001523,40
DB00206,MESH:D001714,40
DB00206,MESH:D001763,40
DB00206,MESH:D001919,40
DB00206,MESH:D001943,40
DB00206,MESH:D002375,40
DB00206,MESH:D002389,40
DB00206,MESH:D002493,40
DB00206,MESH:D002658,40
DB00206,MESH:D002819,40
DB00206,MESH:D003866,40
DB00206,MESH:D004195,40
DB00206,MESH:D004409,40
DB00206,MESH:D005141,40
DB00206,MESH:D005183,0
DB00206,MESH:D005221,40
DB00206,MESH:D005313,40
DB00206,MESH:D005334,40
DB00206,MESH:D005921,40
DB00206,MESH:D005923,40
DB00206,MESH:D006323,40
DB00206,MESH:D006327,40
DB00206,MESH:D006948,40
DB00206,MESH:D006965,40
DB00206,MESH:D006966,40
DB00206,MESH:D006973,40
DB00206,MESH:D006980,16
DB00206,MESH:D007022,40
DB00206,MESH:D007035,40
DB00206,MESH:D007154,40
DB00206,MESH:D007674,40
DB00206,MESH:D008064,40
DB00206,MESH:D008325,40
DB00206,MESH:D008569,40
DB00206,MESH:D009069,40
DB00206,MESH:D009127,40
DB00206,MESH:D009202,40
DB00206,MESH:D009203,40
DB00206,MESH:D009374,40
DB00206,MESH:D010243,40
DB00206,MESH:D010302,40
DB00206,MESH:D010673,40
DB00206,MESH:D011297,40
DB00206,MESH:D012021,40
DB00206,MESH:D012893,40
DB00206,MESH:D013276,40
DB00206,MESH:D013610,40
DB00206,MESH:D014202,40
DB00206,MESH:D016584,40
DB00206,MESH:D017240,0
DB00206,MESH:D017495,40
DB00206,MESH:D019636,40
DB00206,MESH:D019970,40
DB00206,MESH:D020734,40
DB00206,MESH:D020820,40
DB00206,MESH:D056486,40
DB00176,MESH:D000544,40
DB00176,MESH:D000647,40
DB00176,MESH:D001008,40
DB00176,MESH:D001068,40
DB00176,MESH:D001247,40
DB00176,MESH:D001321,40
DB00176,MESH:D001523,40
DB00176,MESH:D001919,40
DB00176,MESH:D001927,40
DB00176,MESH:D003128,40
DB00176,MESH:D003865,40
DB00176,MESH:D003866,40
DB00176,MESH:D003875,40
DB00176,MESH:D004401,40
DB00176,MESH:D004421,40
DB00176,MESH:D004487,40
DB00176,MESH:D004827,40
DB00176,MESH:D005076,40
DB00176,MESH:D005221,40
DB00176,MESH:D005767,40
DB00176,MESH:D006212,40
DB00176,MESH:D006261,40
DB00176,MESH:D006530,40
DB00176,MESH:D007010,40
DB00176,MESH:D007024,40
DB00176,MESH:D007174,40
DB00176,MESH:D007177,40
DB00176,MESH:D007319,40
DB00176,MESH:D008107,40
DB00176,MESH:D008133,40
DB00176,MESH:D009127,40
DB00176,MESH:D009325,40
DB00176,MESH:D009771,40
DB00176,MESH:D012640,40
DB00176,MESH:D012893,40
DB00176,MESH:D013313,40
DB00176,MESH:D013981,40
DB00176,MESH:D014202,40
DB00176,MESH:D016584,40
DB00176,MESH:D019958,40
DB00176,MESH:D019964,40
DB00176,MESH:D020018,40
DB00176,MESH:D053840,40
DB00176,MESH:D056486,40
DB00656,MESH:D000544,40
DB00656,MESH:D000855,40
DB00656,MESH:D001145,40
DB00656,MESH:D001247,40
DB00656,MESH:D001281,40
DB00656,MESH:D001523,40
DB00656,MESH:D002318,40
DB00656,MESH:D002375,40
DB00656,MESH:D002637,40
DB00656,MESH:D002779,40
DB00656,MESH:D002780,40
DB00656,MESH:D003128,40
DB00656,MESH:D003704,40
DB00656,MESH:D003865,40
DB00656,MESH:D003866,40
DB00656,MESH:D004401,40
DB00656,MESH:D004409,40
DB00656,MESH:D004421,40
DB00656,MESH:D004487,40
DB00656,MESH:D004829,40
DB00656,MESH:D005334,40
DB00656,MESH:D006212,40
DB00656,MESH:D006327,40
DB00656,MESH:D006930,40
DB00656,MESH:D007010,40
DB00656,MESH:D007024,40
DB00656,MESH:D007172,40
DB00656,MESH:D007249,40
DB00656,MESH:D007319,40
DB00656,MESH:D008133,40
DB00656,MESH:D008569,40
DB00656,MESH:D008881,40
DB00656,MESH:D009069,40
DB00656,MESH:D009127,40
DB00656,MESH:D009135,40
DB00656,MESH:D009765,40
DB00656,MESH:D009771,40
DB00656,MESH:D010146,40
DB00656,MESH:D010302,40
DB00656,MESH:D011507,40
DB00656,MESH:D011595,40
DB00656,MESH:D011657,40
DB00656,MESH:D012131,40
DB00656,MESH:D012559,40
DB00656,MESH:D012640,40
DB00656,MESH:D012893,40
DB00656,MESH:D013313,40
DB00656,MESH:D014202,40
DB00656,MESH:D014786,40
DB00656,MESH:D016171,40
DB00656,MESH:D017029,40
DB00656,MESH:D017114,40
DB00656,MESH:D017180,40
DB00656,MESH:D018879,40
DB00656,MESH:D020018,40
DB00656,MESH:D020329,40
DB00656,MESH:D020521,40
DB00656,MESH:D041781,40
DB00656,MESH:D053578,40
DB00656,MESH:D056486,40
DB12129,MESH:D003072,40
DB12129,MESH:D013494,0
DB00014,MESH:D001943,40
DB00014,MESH:D004715,40
DB00014,MESH:D006501,0
DB00014,MESH:D006505,40
DB00014,MESH:D007889,40
DB00014,MESH:D011471,40
DB00934,MESH:D000544,40
DB00934,MESH:D001008,40
DB00934,MESH:D001145,40
DB00934,MESH:D001523,40
DB00934,MESH:D001714,40
DB00934,MESH:D001763,40
DB00934,MESH:D002375,40
DB00934,MESH:D002389,40
DB00934,MESH:D003128,40
DB00934,MESH:D003248,40
DB00934,MESH:D003680,40
DB00934,MESH:D003865,40
DB00934,MESH:D003866,40
DB00934,MESH:D004827,40
DB00934,MESH:D004830,40
DB00934,MESH:D005076,40
DB00934,MESH:D005334,40
DB00934,MESH:D006212,40
DB00934,MESH:D006261,40
DB00934,MESH:D006323,40
DB00934,MESH:D006561,40
DB00934,MESH:D007035,40
DB00934,MESH:D008133,40
DB00934,MESH:D009069,40
DB00934,MESH:D009437,40
DB00934,MESH:D011595,40
DB00934,MESH:D012131,40
DB00934,MESH:D012640,40
DB00934,MESH:D013064,40
DB00934,MESH:D013226,40
DB00934,MESH:D013313,40
DB00934,MESH:D014202,40
DB00934,MESH:D014786,40
DB00934,MESH:D015812,40
DB00934,MESH:D016171,40
DB00934,MESH:D020234,40
DB00934,MESH:D053609,40
DB00934,MESH:D056486,40
DB00934,MESH:D062787,40
DB00843,MESH:D000544,40
DB00843,MESH:D000647,40
DB00843,MESH:D001480,40
DB00843,MESH:D001523,40
DB00843,MESH:D001919,40
DB00843,MESH:D002389,40
DB00843,MESH:D003072,40
DB00843,MESH:D003680,40
DB00843,MESH:D003704,40
DB00843,MESH:D003866,40
DB00843,MESH:D003967,40
DB00843,MESH:D004421,40
DB00843,MESH:D005207,40
DB00843,MESH:D005767,40
DB00843,MESH:D006332,40
DB00843,MESH:D006342,40
DB00843,MESH:D006948,40
DB00843,MESH:D007035,40
DB00843,MESH:D007859,40
DB00843,MESH:D008133,40
DB00843,MESH:D008569,40
DB00843,MESH:D009127,40
DB00843,MESH:D009203,40
DB00843,MESH:D010146,40
DB00843,MESH:D010243,40
DB00843,MESH:D012563,40
DB00843,MESH:D012893,40
DB00843,MESH:D013610,40
DB00843,MESH:D014839,40
DB00843,MESH:D016171,40
DB00843,MESH:D018476,40
DB00843,MESH:D018908,40
DB00843,MESH:D019954,40
DB00843,MESH:D019966,40
DB00843,MESH:D019969,20
DB00843,MESH:D019970,40
DB00843,MESH:D020018,40
DB00843,MESH:D020734,40
DB00843,MESH:D020821,40
DB00843,MESH:D020961,40
DB00843,MESH:D053608,40
DB00843,MESH:D056486,40
DB00981,MESH:D000544,40
DB00981,MESH:D000647,40
DB00981,MESH:D001049,40
DB00981,MESH:D001145,40
DB00981,MESH:D001523,40
DB00981,MESH:D001919,40
DB00981,MESH:D002375,40
DB00981,MESH:D002493,40
DB00981,MESH:D002819,40
DB00981,MESH:D003072,40
DB00981,MESH:D003128,40
DB00981,MESH:D003866,40
DB00981,MESH:D004421,40
DB00981,MESH:D004831,40
DB00981,MESH:D005207,40
DB00981,MESH:D005334,40
DB00981,MESH:D006212,40
DB00981,MESH:D006323,40
DB00981,MESH:D006816,40
DB00981,MESH:D006973,40
DB00981,MESH:D007022,40
DB00981,MESH:D007024,40
DB00981,MESH:D007035,40
DB00981,MESH:D007247,40
DB00981,MESH:D007859,40
DB00981,MESH:D008325,0
DB00981,MESH:D008569,40
DB00981,MESH:D009069,40
DB00981,MESH:D009325,40
DB00981,MESH:D009886,40
DB00981,MESH:D010146,40
DB00981,MESH:D011183,40
DB00981,MESH:D011595,40
DB00981,MESH:D011596,39
DB00981,MESH:D012131,40
DB00981,MESH:D012640,40
DB00981,MESH:D012798,40
DB00981,MESH:D012891,0
DB00981,MESH:D013064,40
DB00981,MESH:D013132,40
DB00981,MESH:D013226,40
DB00981,MESH:D013375,40
DB00981,MESH:D013610,40
DB00981,MESH:D013616,40
DB00981,MESH:D014202,40
DB00981,MESH:D014474,40
DB00981,MESH:D014693,40
DB00981,MESH:D015812,40
DB00981,MESH:D016171,40
DB00981,MESH:D019957,40
DB00981,MESH:D019964,40
DB00981,MESH:D019970,40
DB00981,MESH:D020181,11
DB00981,MESH:D020821,40
DB00981,MESH:D023341,40
DB00981,MESH:D053608,40
DB00981,MESH:D053609,40
DB00981,MESH:D054537,40
DB00981,MESH:D055191,40
DB00981,MESH:D062787,40
DB11081,MESH:D000544,40
DB11081,MESH:D000690,40
DB11081,MESH:D001862,0
DB11081,MESH:D001930,40
DB11081,MESH:D003072,40
DB11081,MESH:D004195,0
DB11081,MESH:D007249,40
DB11081,MESH:D007859,40
DB11081,MESH:D008569,40
DB11081,MESH:D009336,40
DB11081,MESH:D009410,40
DB11081,MESH:D011297,40
DB11081,MESH:D015431,40
DB11081,MESH:D019957,40
DB11081,MESH:D020258,40
DB11081,MESH:D056486,40
DB00674,MESH:D000544,40
DB00674,MESH:D001321,40
DB00674,MESH:D001768,40
DB00674,MESH:D001919,40
DB00674,MESH:D003072,40
DB00674,MESH:D003967,40
DB00674,MESH:D004195,40
DB00674,MESH:D004421,40
DB00674,MESH:D006261,40
DB00674,MESH:D006948,40
DB00674,MESH:D007022,40
DB00674,MESH:D008133,40
DB00674,MESH:D008569,40
DB00674,MESH:D009135,40
DB00674,MESH:D012640,40
DB00674,MESH:D014839,40
DB00674,MESH:D020258,40
DB00674,MESH:D049188,40
DB00674,MESH:D054537,40
DB00674,MESH:D062787,40
DB01618,MESH:D000544,40
DB01618,MESH:D002375,40
DB01618,MESH:D002819,40
DB01618,MESH:D004409,40
DB01618,MESH:D006948,40
DB01618,MESH:D006966,40
DB01618,MESH:D006984,40
DB01618,MESH:D011618,40
DB01618,MESH:D014591,40
DB01618,MESH:D058186,40
DB04864,MESH:D000544,40
DB04864,MESH:D003092,40
DB04864,MESH:D007859,40
DB04864,MESH:D008569,40
DB04864,MESH:D009410,40
DB04864,MESH:D020258,3
DB01592,MESH:D000740,40
DB01592,MESH:D000743,40
DB01592,MESH:D000756,40
DB01592,MESH:D001195,40
DB01592,MESH:D001259,40
DB01592,MESH:D001260,40
DB01592,MESH:D001321,40
DB01592,MESH:D001424,40
DB01592,MESH:D001927,40
DB01592,MESH:D002311,40
DB01592,MESH:D002471,40
DB01592,MESH:D002869,40
DB01592,MESH:D003072,40
DB01592,MESH:D003704,40
DB01592,MESH:D003920,40
DB01592,MESH:D003922,40
DB01592,MESH:D003924,40
DB01592,MESH:D004195,40
DB01592,MESH:D005234,40
DB01592,MESH:D005621,40
DB01592,MESH:D006201,40
DB01592,MESH:D006331,40
DB01592,MESH:D006332,40
DB01592,MESH:D006432,40
DB01592,MESH:D006527,40
DB01592,MESH:D006528,40
DB01592,MESH:D006529,40
DB01592,MESH:D006816,40
DB01592,MESH:D007006,40
DB01592,MESH:D007037,40
DB01592,MESH:D007410,40
DB01592,MESH:D008103,40
DB01592,MESH:D008107,40
DB01592,MESH:D008108,40
DB01592,MESH:D008113,40
DB01592,MESH:D008175,40
DB01592,MESH:D008268,40
DB01592,MESH:D008286,40
DB01592,MESH:D009135,40
DB01592,MESH:D009361,40
DB01592,MESH:D009404,40
DB01592,MESH:D009410,40
DB01592,MESH:D009422,40
DB01592,MESH:D010003,40
DB01592,MESH:D010024,40
DB01592,MESH:D010212,40
DB01592,MESH:D010300,40
DB01592,MESH:D010900,12
DB01592,MESH:D011230,40
DB01592,MESH:D011297,40
DB01592,MESH:D012148,28
DB01592,MESH:D012878,40
DB01592,MESH:D013398,40
DB01592,MESH:D014376,40
DB01592,MESH:D015428,40
DB01592,MESH:D015658,40
DB01592,MESH:D016135,40
DB01592,MESH:D017086,40
DB01592,MESH:D017094,40
DB01592,MESH:D017119,40
DB01592,MESH:D017202,40
DB01592,MESH:D018798,40
DB01592,MESH:D019189,40
DB01592,MESH:D019190,40
DB01592,MESH:D019636,40
DB01592,MESH:D019896,40
DB01592,MESH:D020149,40
DB01592,MESH:D020258,40
DB01592,MESH:D020820,37
DB01592,MESH:D020961,40
DB01592,MESH:D050197,40
DB01592,MESH:D054058,40
DB01592,MESH:D056486,40
DB01592,MESH:D065626,40
DB00989,MESH:D000544,40
DB00989,MESH:D000647,40
DB00989,MESH:D001919,40
DB00989,MESH:D003072,40
DB00989,MESH:D004421,40
DB00989,MESH:D005334,40
DB00989,MESH:D007859,40
DB00989,MESH:D008569,40
DB00989,MESH:D009127,40
DB00989,MESH:D010300,40
DB00989,MESH:D011618,40
DB00989,MESH:D013262,40
DB00989,MESH:D014202,40
DB00989,MESH:D019966,40
DB00989,MESH:D020734,40
DB00989,MESH:D020821,40
DB00382,MESH:D000544,40
DB00382,MESH:D000647,40
DB00382,MESH:D001049,40
DB00382,MESH:D001919,40
DB00382,MESH:D003072,40
DB00382,MESH:D004409,40
DB00382,MESH:D006948,40
DB00382,MESH:D006973,40
DB00382,MESH:D007035,40
DB00382,MESH:D007859,40
DB00382,MESH:D009135,40
DB00382,MESH:D009336,40
DB00382,MESH:D009410,40
DB00382,MESH:D010146,40
DB00382,MESH:D010302,40
DB00382,MESH:D012131,40
DB00382,MESH:D012640,40
DB00382,MESH:D012771,40
DB00382,MESH:D012798,40
DB00382,MESH:D014202,40
DB00382,MESH:D015877,40
DB00382,MESH:D018476,40
DB00382,MESH:D019970,40
DB00382,MESH:D048909,40
DB00382,MESH:D056486,40
DB00382,MESH:D060825,40
DB00323,MESH:D000544,40
DB00323,MESH:D002375,40
DB00323,MESH:D003865,0
DB00323,MESH:D003866,40
DB00323,MESH:D004409,40
DB00323,MESH:D010300,40
DB00323,MESH:D013375,40
DB00323,MESH:D014820,0
DB00323,MESH:D017114,40
DB00323,MESH:D028361,40
DB00323,MESH:D056486,40
DB00246,MESH:D000568,40
DB00246,MESH:D000707,40
DB00246,MESH:D001321,40
DB00246,MESH:D001480,40
DB00246,MESH:D001714,40
DB00246,MESH:D001919,40
DB00246,MESH:D002375,40
DB00246,MESH:D004421,40
DB00246,MESH:D005687,40
DB00246,MESH:D006212,40
DB00246,MESH:D006948,40
DB00246,MESH:D007022,40
DB00246,MESH:D008133,40
DB00246,MESH:D009069,40
DB00246,MESH:D009127,40
DB00246,MESH:D009771,40
DB00246,MESH:D011595,40
DB00246,MESH:D011605,40
DB00246,MESH:D011618,40
DB00246,MESH:D012559,40
DB00246,MESH:D012563,40
DB00246,MESH:D014581,40
DB00246,MESH:D016171,40
DB00246,MESH:D017180,40
DB00246,MESH:D019970,40
DB00246,MESH:D020018,40
DB00246,MESH:D020821,40
DB06288,MESH:D000568,40
DB06288,MESH:D001480,40
DB06288,MESH:D001523,40
DB06288,MESH:D001714,40
DB06288,MESH:D002375,40
DB06288,MESH:D002389,40
DB06288,MESH:D003128,40
DB06288,MESH:D003866,40
DB06288,MESH:D004409,40
DB06288,MESH:D004700,40
DB06288,MESH:D005334,40
DB06288,MESH:D005687,40
DB06288,MESH:D006261,40
DB06288,MESH:D006948,40
DB06288,MESH:D006973,40
DB06288,MESH:D006996,40
DB06288,MESH:D007319,40
DB06288,MESH:D008133,40
DB06288,MESH:D009069,40
DB06288,MESH:D009203,40
DB06288,MESH:D010302,40
DB06288,MESH:D011605,40
DB06288,MESH:D011618,40
DB06288,MESH:D012559,40
DB06288,MESH:D012563,40
DB06288,MESH:D013981,40
DB06288,MESH:D014839,40
DB06288,MESH:D015430,40
DB06288,MESH:D018476,40
DB01104,MESH:D001008,40
DB01104,MESH:D001145,40
DB01104,MESH:D001289,40
DB01104,MESH:D001321,40
DB01104,MESH:D001480,40
DB01104,MESH:D001523,40
DB01104,MESH:D001714,40
DB01104,MESH:D002389,40
DB01104,MESH:D003704,40
DB01104,MESH:D003866,40
DB01104,MESH:D003921,40
DB01104,MESH:D003967,40
DB01104,MESH:D004830,40
DB01104,MESH:D004892,40
DB01104,MESH:D006212,40
DB01104,MESH:D006261,40
DB01104,MESH:D006417,40
DB01104,MESH:D006943,40
DB01104,MESH:D006948,40
DB01104,MESH:D007006,0
DB01104,MESH:D007010,40
DB01104,MESH:D007024,40
DB01104,MESH:D007177,40
DB01104,MESH:D007319,40
DB01104,MESH:D007333,40
DB01104,MESH:D008064,40
DB01104,MESH:D008881,40
DB01104,MESH:D009128,40
DB01104,MESH:D009157,40
DB01104,MESH:D009325,40
DB01104,MESH:D009765,40
DB01104,MESH:D009771,40
DB01104,MESH:D010292,40
DB01104,MESH:D010302,40
DB01104,MESH:D010698,40
DB01104,MESH:D011618,40
DB01104,MESH:D011654,40
DB01104,MESH:D012148,40
DB01104,MESH:D012640,40
DB01104,MESH:D013262,40
DB01104,MESH:D013313,40
DB01104,MESH:D013610,40
DB01104,MESH:D013981,40
DB01104,MESH:D014202,40
DB01104,MESH:D015431,40
DB01104,MESH:D015746,40
DB01104,MESH:D016055,40
DB01104,MESH:D016757,40
DB01104,MESH:D019964,40
DB01104,MESH:D019970,40
DB01104,MESH:D020018,40
DB01104,MESH:D028361,40
DB01104,MESH:D056486,40
DB01104,MESH:D058186,40
DB01233,MESH:D000568,40
DB01233,MESH:D001145,40
DB01233,MESH:D001480,40
DB01233,MESH:D001714,40
DB01233,MESH:D001919,40
DB01233,MESH:D002375,40
DB01233,MESH:D002779,40
DB01233,MESH:D002819,40
DB01233,MESH:D003680,40
DB01233,MESH:D003865,40
DB01233,MESH:D003866,40
DB01233,MESH:D003967,40
DB01233,MESH:D004381,40
DB01233,MESH:D004401,40
DB01233,MESH:D004409,40
DB01233,MESH:D004487,40
DB01233,MESH:D004935,40
DB01233,MESH:D004941,40
DB01233,MESH:D004942,40
DB01233,MESH:D005221,40
DB01233,MESH:D005334,40
DB01233,MESH:D005687,40
DB01233,MESH:D005759,40
DB01233,MESH:D005764,40
DB01233,MESH:D005767,40
DB01233,MESH:D006177,40
DB01233,MESH:D006333,40
DB01233,MESH:D006948,40
DB01233,MESH:D006973,40
DB01233,MESH:D007022,40
DB01233,MESH:D007035,40
DB01233,MESH:D007172,40
DB01233,MESH:D007232,38
DB01233,MESH:D007247,40
DB01233,MESH:D007248,40
DB01233,MESH:D007319,40
DB01233,MESH:D008881,40
DB01233,MESH:D009069,40
DB01233,MESH:D009122,40
DB01233,MESH:D009127,40
DB01233,MESH:D009325,40
DB01233,MESH:D009784,40
DB01233,MESH:D010146,40
DB01233,MESH:D010300,40
DB01233,MESH:D010302,40
DB01233,MESH:D010437,40
DB01233,MESH:D011183,40
DB01233,MESH:D011832,40
DB01233,MESH:D012120,40
DB01233,MESH:D012559,40
DB01233,MESH:D012640,40
DB01233,MESH:D012798,40
DB01233,MESH:D013064,40
DB01233,MESH:D013272,40
DB01233,MESH:D013276,40
DB01233,MESH:D013375,40
DB01233,MESH:D013610,40
DB01233,MESH:D014103,40
DB01233,MESH:D014202,40
DB01233,MESH:D014313,40
DB01233,MESH:D014456,40
DB01233,MESH:D014839,40
DB01233,MESH:D015431,40
DB01233,MESH:D015746,40
DB01233,MESH:D016055,40
DB01233,MESH:D016584,40
DB01233,MESH:D018589,40
DB01233,MESH:D019066,40
DB01233,MESH:D019957,40
DB01233,MESH:D020233,40
DB01233,MESH:D020821,40
DB01233,MESH:D048909,40
DB01233,MESH:D055752,40
DB01233,MESH:D062787,40
DB00391,MESH:D000647,40
DB00391,MESH:D001008,40
DB00391,MESH:D001068,40
DB00391,MESH:D001523,40
DB00391,MESH:D001714,40
DB00391,MESH:D001919,40
DB00391,MESH:D002375,40
DB00391,MESH:D002389,40
DB00391,MESH:D002761,40
DB00391,MESH:D002779,40
DB00391,MESH:D002819,40
DB00391,MESH:D003866,40
DB00391,MESH:D004409,40
DB00391,MESH:D004421,40
DB00391,MESH:D005334,40
DB00391,MESH:D006212,40
DB00391,MESH:D006505,40
DB00391,MESH:D006556,40
DB00391,MESH:D006930,40
DB00391,MESH:D006946,40
DB00391,MESH:D006948,40
DB00391,MESH:D006966,40
DB00391,MESH:D006973,40
DB00391,MESH:D007022,40
DB00391,MESH:D007172,40
DB00391,MESH:D007333,40
DB00391,MESH:D008105,40
DB00391,MESH:D008305,40
DB00391,MESH:D009069,40
DB00391,MESH:D009122,40
DB00391,MESH:D010146,40
DB00391,MESH:D010302,40
DB00391,MESH:D010409,40
DB00391,MESH:D011537,40
DB00391,MESH:D011618,40
DB00391,MESH:D012206,40
DB00391,MESH:D012559,40
DB00391,MESH:D012563,40
DB00391,MESH:D012640,40
DB00391,MESH:D013262,40
DB00391,MESH:D013276,40
DB00391,MESH:D013313,40
DB00391,MESH:D013375,40
DB00391,MESH:D013610,40
DB00391,MESH:D015430,40
DB00391,MESH:D016171,40
DB00391,MESH:D016584,40
DB00391,MESH:D017180,40
DB00391,MESH:D018476,40
DB00391,MESH:D019956,40
DB00391,MESH:D020018,40
DB00391,MESH:D041781,40
DB00391,MESH:D056486,40
DB00391,MESH:D058186,40
DB00391,MESH:D065626,40
DB00734,MESH:D000568,40
DB00734,MESH:D000799,40
DB00734,MESH:D001010,40
DB00734,MESH:D001259,40
DB00734,MESH:D001289,40
DB00734,MESH:D001321,40
DB00734,MESH:D001342,40
DB00734,MESH:D001480,40
DB00734,MESH:D001523,40
DB00734,MESH:D001714,40
DB00734,MESH:D001763,40
DB00734,MESH:D001764,40
DB00734,MESH:D001847,40
DB00734,MESH:D001919,40
DB00734,MESH:D002318,40
DB00734,MESH:D002375,40
DB00734,MESH:D002389,40
DB00734,MESH:D002561,40
DB00734,MESH:D002659,40
DB00734,MESH:D003128,40
DB00734,MESH:D003161,40
DB00734,MESH:D003556,40
DB00734,MESH:D003704,40
DB00734,MESH:D003865,40
DB00734,MESH:D003866,40
DB00734,MESH:D003920,40
DB00734,MESH:D004314,40
DB00734,MESH:D004401,40
DB00734,MESH:D004409,40
DB00734,MESH:D004412,40
DB00734,MESH:D004421,40
DB00734,MESH:D004487,40
DB00734,MESH:D004700,40
DB00734,MESH:D005221,40
DB00734,MESH:D005234,40
DB00734,MESH:D005334,40
DB00734,MESH:D005355,40
DB00734,MESH:D005687,40
DB00734,MESH:D005879,40
DB00734,MESH:D006177,40
DB00734,MESH:D006261,40
DB00734,MESH:D006323,40
DB00734,MESH:D006331,40
DB00734,MESH:D006470,40
DB00734,MESH:D006505,40
DB00734,MESH:D006527,40
DB00734,MESH:D006943,40
DB00734,MESH:D006946,40
DB00734,MESH:D006949,40
DB00734,MESH:D006966,40
DB00734,MESH:D007006,40
DB00734,MESH:D007008,40
DB00734,MESH:D007010,40
DB00734,MESH:D007022,40
DB00734,MESH:D007024,40
DB00734,MESH:D007172,40
DB00734,MESH:D007174,40
DB00734,MESH:D007232,40
DB00734,MESH:D007859,40
DB00734,MESH:D008133,40
DB00734,MESH:D008413,40
DB00734,MESH:D008569,40
DB00734,MESH:D008607,40
DB00734,MESH:D009069,40
DB00734,MESH:D009084,40
DB00734,MESH:D009122,40
DB00734,MESH:D009127,40
DB00734,MESH:D009202,40
DB00734,MESH:D009325,40
DB00734,MESH:D009336,40
DB00734,MESH:D009422,40
DB00734,MESH:D009771,40
DB00734,MESH:D009839,40
DB00734,MESH:D010024,40
DB00734,MESH:D010195,40
DB00734,MESH:D010259,40
DB00734,MESH:D010292,40
DB00734,MESH:D010554,40
DB00734,MESH:D010911,40
DB00734,MESH:D011218,40
DB00734,MESH:D011595,40
DB00734,MESH:D011605,40
DB00734,MESH:D011618,40
DB00734,MESH:D012206,40
DB00734,MESH:D012559,40
DB00734,MESH:D012563,40
DB00734,MESH:D012798,40
DB00734,MESH:D012893,40
DB00734,MESH:D013276,40
DB00734,MESH:D013313,40
DB00734,MESH:D013342,40
DB00734,MESH:D013375,40
DB00734,MESH:D013610,40
DB00734,MESH:D013616,40
DB00734,MESH:D013923,40
DB00734,MESH:D013981,40
DB00734,MESH:D014103,40
DB00734,MESH:D014202,40
DB00734,MESH:D014839,40
DB00734,MESH:D015175,40
DB00734,MESH:D015430,40
DB00734,MESH:D015877,40
DB00734,MESH:D016055,40
DB00734,MESH:D016171,40
DB00734,MESH:D016584,40
DB00734,MESH:D016757,40
DB00734,MESH:D017180,40
DB00734,MESH:D018476,40
DB00734,MESH:D019956,40
DB00734,MESH:D019957,40
DB00734,MESH:D019958,40
DB00734,MESH:D019970,40
DB00734,MESH:D020018,40
DB00734,MESH:D020258,40
DB00734,MESH:D020734,40
DB00734,MESH:D020817,40
DB00734,MESH:D020821,40
DB00734,MESH:D020920,40
DB00734,MESH:D022124,40
DB00734,MESH:D024821,40
DB00734,MESH:D050171,40
DB00734,MESH:D050197,40
DB00734,MESH:D051437,40
DB00734,MESH:D056486,40
DB00734,MESH:D057180,40
DB00734,MESH:D058496,40
DB00304,MESH:D000568,40
DB00304,MESH:D003866,40
DB00304,MESH:D006261,40
DB00304,MESH:D007319,40
DB00304,MESH:D008641,0
DB00304,MESH:D009325,40
DB00304,MESH:D011085,40
DB00304,MESH:D011655,40
DB00304,MESH:D012851,40
DB00304,MESH:D013923,40
DB00304,MESH:D013927,40
DB00304,MESH:D014652,40
DB00304,MESH:D015430,40
DB00304,MESH:D020016,0
DB00304,MESH:D020246,40
DB00304,MESH:D054556,40
DB00312,MESH:D000647,40
DB00312,MESH:D001008,40
DB00312,MESH:D001145,40
DB00312,MESH:D001259,40
DB00312,MESH:D001281,40
DB00312,MESH:D001919,40
DB00312,MESH:D001927,40
DB00312,MESH:D001930,40
DB00312,MESH:D002493,40
DB00312,MESH:D003128,40
DB00312,MESH:D004487,40
DB00312,MESH:D004827,40
DB00312,MESH:D006259,40
DB00312,MESH:D006333,40
DB00312,MESH:D006930,40
DB00312,MESH:D006948,40
DB00312,MESH:D006973,40
DB00312,MESH:D007022,40
DB00312,MESH:D007024,40
DB00312,MESH:D007859,40
DB00312,MESH:D008944,40
DB00312,MESH:D009290,40
DB00312,MESH:D009410,40
DB00312,MESH:D011297,40
DB00312,MESH:D012021,40
DB00312,MESH:D012131,40
DB00312,MESH:D012640,40
DB00312,MESH:D013035,40
DB00312,MESH:D013226,40
DB00312,MESH:D013375,40
DB00312,MESH:D013610,40
DB00312,MESH:D014474,40
DB00312,MESH:D014693,40
DB00312,MESH:D017180,40
DB00312,MESH:D018487,40
DB00312,MESH:D019586,40
DB00312,MESH:D054537,40
DB01576,MESH:D000647,40
DB01576,MESH:D000855,40
DB01576,MESH:D001008,40
DB01576,MESH:D001259,40
DB01576,MESH:D001289,40
DB01576,MESH:D001523,40
DB01576,MESH:D001919,40
DB01576,MESH:D002318,40
DB01576,MESH:D002375,40
DB01576,MESH:D002389,40
DB01576,MESH:D003072,40
DB01576,MESH:D003866,40
DB01576,MESH:D004195,37
DB01576,MESH:D004421,40
DB01576,MESH:D004827,40
DB01576,MESH:D005124,40
DB01576,MESH:D005315,40
DB01576,MESH:D005334,40
DB01576,MESH:D005879,40
DB01576,MESH:D006212,40
DB01576,MESH:D006261,40
DB01576,MESH:D006330,40
DB01576,MESH:D006331,40
DB01576,MESH:D006973,40
DB01576,MESH:D007035,40
DB01576,MESH:D007174,40
DB01576,MESH:D007319,40
DB01576,MESH:D007859,40
DB01576,MESH:D009069,40
DB01576,MESH:D009128,40
DB01576,MESH:D009139,40
DB01576,MESH:D009202,40
DB01576,MESH:D009290,40
DB01576,MESH:D009410,40
DB01576,MESH:D009771,40
DB01576,MESH:D010259,40
DB01576,MESH:D010554,40
DB01576,MESH:D011618,40
DB01576,MESH:D011928,40
DB01576,MESH:D012559,40
DB01576,MESH:D012892,40
DB01576,MESH:D012893,40
DB01576,MESH:D013375,40
DB01576,MESH:D013981,40
DB01576,MESH:D015746,40
DB01576,MESH:D016491,40
DB01576,MESH:D019636,40
DB01576,MESH:D019954,40
DB01576,MESH:D019956,40
DB01576,MESH:D019966,40
DB01576,MESH:D019969,40
DB01576,MESH:D019970,40
DB01576,MESH:D020820,40
DB01576,MESH:D053609,40
DB01576,MESH:D056486,40
DB00458,MESH:D000647,40
DB00458,MESH:D000740,40
DB00458,MESH:D000855,40
DB00458,MESH:D001008,40
DB00458,MESH:D001145,40
DB00458,MESH:D001289,40
DB00458,MESH:D001480,40
DB00458,MESH:D001714,40
DB00458,MESH:D001763,40
DB00458,MESH:D002318,40
DB00458,MESH:D002375,40
DB00458,MESH:D002779,40
DB00458,MESH:D003072,40
DB00458,MESH:D003248,40
DB00458,MESH:D003865,40
DB00458,MESH:D003866,40
DB00458,MESH:D003929,40
DB00458,MESH:D004487,40
DB00458,MESH:D004802,40
DB00458,MESH:D004830,40
DB00458,MESH:D005076,40
DB00458,MESH:D005334,40
DB00458,MESH:D005687,40
DB00458,MESH:D005767,40
DB00458,MESH:D006212,40
DB00458,MESH:D006323,40
DB00458,MESH:D006327,40
DB00458,MESH:D006331,40
DB00458,MESH:D006333,40
DB00458,MESH:D006930,40
DB00458,MESH:D006948,40
DB00458,MESH:D006973,40
DB00458,MESH:D007010,40
DB00458,MESH:D007022,40
DB00458,MESH:D007024,40
DB00458,MESH:D007035,40
DB00458,MESH:D007249,40
DB00458,MESH:D007319,40
DB00458,MESH:D007674,40
DB00458,MESH:D007970,40
DB00458,MESH:D008064,40
DB00458,MESH:D008133,40
DB00458,MESH:D008288,40
DB00458,MESH:D008881,40
DB00458,MESH:D009135,40
DB00458,MESH:D009202,40
DB00458,MESH:D009203,40
DB00458,MESH:D009205,40
DB00458,MESH:D009325,40
DB00458,MESH:D009410,40
DB00458,MESH:D010259,40
DB00458,MESH:D010554,40
DB00458,MESH:D010673,40
DB00458,MESH:D011297,40
DB00458,MESH:D011595,40
DB00458,MESH:D011605,40
DB00458,MESH:D011654,40
DB00458,MESH:D011778,40
DB00458,MESH:D012559,40
DB00458,MESH:D012770,40
DB00458,MESH:D012798,40
DB00458,MESH:D012892,40
DB00458,MESH:D013313,40
DB00458,MESH:D013610,40
DB00458,MESH:D013617,40
DB00458,MESH:D013922,40
DB00458,MESH:D014012,40
DB00458,MESH:D014202,40
DB00458,MESH:D014555,40
DB00458,MESH:D014693,40
DB00458,MESH:D014786,40
DB00458,MESH:D015812,40
DB00458,MESH:D016171,40
DB00458,MESH:D016491,40
DB00458,MESH:D016584,40
DB00458,MESH:D017093,40
DB00458,MESH:D017114,40
DB00458,MESH:D017202,40
DB00458,MESH:D018754,40
DB00458,MESH:D018879,40
DB00458,MESH:D019954,40
DB00458,MESH:D019964,40
DB00458,MESH:D020018,40
DB00458,MESH:D020886,40
DB00458,MESH:D041781,40
DB00458,MESH:D047508,40
DB00458,MESH:D056486,40
DB00458,MESH:D062787,40
DB00370,MESH:D000647,40
DB00370,MESH:D001321,40
DB00370,MESH:D002375,40
DB00370,MESH:D002819,40
DB00370,MESH:D003865,40
DB00370,MESH:D004409,40
DB00370,MESH:D004421,40
DB00370,MESH:D005221,40
DB00370,MESH:D006177,40
DB00370,MESH:D006261,40
DB00370,MESH:D006973,40
DB00370,MESH:D006975,0
DB00370,MESH:D007010,40
DB00370,MESH:D007022,40
DB00370,MESH:D007319,40
DB00370,MESH:D008106,40
DB00370,MESH:D009325,40
DB00370,MESH:D010146,40
DB00370,MESH:D010292,40
DB00370,MESH:D011595,40
DB00370,MESH:D011596,40
DB00370,MESH:D011655,40
DB00370,MESH:D012148,40
DB00370,MESH:D012206,40
DB00370,MESH:D013262,40
DB00370,MESH:D013276,40
DB00370,MESH:D013375,40
DB00370,MESH:D014839,40
DB00370,MESH:D015430,40
DB00370,MESH:D016055,40
DB00370,MESH:D017114,40
DB00370,MESH:D019964,40
DB00370,MESH:D019970,40
DB00370,MESH:D020018,40
DB00370,MESH:D020233,40
DB00370,MESH:D020820,40
DB00370,MESH:D048550,40
DB00370,MESH:D053609,40
DB00370,MESH:D056486,40
DB00457,MESH:D000647,40
DB00457,MESH:D000787,40
DB00457,MESH:D000855,40
DB00457,MESH:D001247,40
DB00457,MESH:D001342,40
DB00457,MESH:D001763,1
DB00457,MESH:D001919,40
DB00457,MESH:D002318,40
DB00457,MESH:D002637,40
DB00457,MESH:D003875,40
DB00457,MESH:D004487,40
DB00457,MESH:D005221,40
DB00457,MESH:D006212,40
DB00457,MESH:D006261,40
DB00457,MESH:D006333,40
DB00457,MESH:D006930,40
DB00457,MESH:D006948,40
DB00457,MESH:D006973,40
DB00457,MESH:D006977,40
DB00457,MESH:D007022,40
DB00457,MESH:D007035,40
DB00457,MESH:D008944,37
DB00457,MESH:D009410,40
DB00457,MESH:D010146,40
DB00457,MESH:D010673,40
DB00457,MESH:D011470,40
DB00457,MESH:D011928,40
DB00457,MESH:D012640,40
DB00457,MESH:D013313,40
DB00457,MESH:D014202,40
DB00457,MESH:D014474,40
DB00457,MESH:D014555,40
DB00457,MESH:D014693,40
DB00457,MESH:D017180,40
DB00457,MESH:D017379,40
DB00457,MESH:D018487,40
DB00457,MESH:D019578,40
DB00457,MESH:D019970,40
DB00457,MESH:D020262,40
DB00457,MESH:D051437,40
DB00457,MESH:D056486,40
DB00457,MESH:D062787,40
DB00747,MESH:D000647,40
DB00747,MESH:D000648,40
DB00747,MESH:D001037,40
DB00747,MESH:D001259,40
DB00747,MESH:D001919,40
DB00747,MESH:D001930,40
DB00747,MESH:D002375,40
DB00747,MESH:D003072,40
DB00747,MESH:D003128,40
DB00747,MESH:D003704,37
DB00747,MESH:D004195,40
DB00747,MESH:D004401,40
DB00747,MESH:D004409,40
DB00747,MESH:D005879,0
DB00747,MESH:D006212,40
DB00747,MESH:D006948,40
DB00747,MESH:D007035,40
DB00747,MESH:D007634,40
DB00747,MESH:D007859,40
DB00747,MESH:D008103,40
DB00747,MESH:D008569,40
DB00747,MESH:D009069,40
DB00747,MESH:D009127,40
DB00747,MESH:D009203,40
DB00747,MESH:D009293,40
DB00747,MESH:D009325,40
DB00747,MESH:D009410,40
DB00747,MESH:D010259,40
DB00747,MESH:D011183,40
DB00747,MESH:D011595,40
DB00747,MESH:D011605,40
DB00747,MESH:D012021,40
DB00747,MESH:D012640,40
DB00747,MESH:D013226,40
DB00747,MESH:D013375,40
DB00747,MESH:D013610,40
DB00747,MESH:D014202,40
DB00747,MESH:D014786,40
DB00747,MESH:D014839,40
DB00747,MESH:D015352,0
DB00747,MESH:D015431,40
DB00747,MESH:D019970,40
DB00747,MESH:D020326,40
DB00747,MESH:D020795,40
DB00747,MESH:D053608,40
DB00747,MESH:D055370,40
DB00747,MESH:D056486,40
DB01221,MESH:D000787,40
DB01221,MESH:D000857,40
DB01221,MESH:D001022,40
DB01221,MESH:D001049,40
DB01221,MESH:D001145,40
DB01221,MESH:D001259,40
DB01221,MESH:D001523,40
DB01221,MESH:D001745,40
DB01221,MESH:D001766,40
DB01221,MESH:D001848,40
DB01221,MESH:D001919,40
DB01221,MESH:D001930,40
DB01221,MESH:D002056,40
DB01221,MESH:D002318,40
DB01221,MESH:D002357,40
DB01221,MESH:D002545,40
DB01221,MESH:D003072,40
DB01221,MESH:D003556,40
DB01221,MESH:D003865,40
DB01221,MESH:D004487,40
DB01221,MESH:D004827,40
DB01221,MESH:D004831,40
DB01221,MESH:D005221,40
DB01221,MESH:D005334,40
DB01221,MESH:D005355,40
DB01221,MESH:D006130,40
DB01221,MESH:D006212,40
DB01221,MESH:D006261,40
DB01221,MESH:D006323,40
DB01221,MESH:D006930,40
DB01221,MESH:D006943,40
DB01221,MESH:D006948,40
DB01221,MESH:D006973,40
DB01221,MESH:D006976,40
DB01221,MESH:D007022,40
DB01221,MESH:D007249,40
DB01221,MESH:D007674,40
DB01221,MESH:D007738,40
DB01221,MESH:D007859,40
DB01221,MESH:D008569,40
DB01221,MESH:D008944,40
DB01221,MESH:D009123,40
DB01221,MESH:D009139,40
DB01221,MESH:D009202,40
DB01221,MESH:D009325,40
DB01221,MESH:D009336,40
DB01221,MESH:D009404,40
DB01221,MESH:D009422,40
DB01221,MESH:D009437,40
DB01221,MESH:D010146,40
DB01221,MESH:D010292,40
DB01221,MESH:D010523,40
DB01221,MESH:D011141,40
DB01221,MESH:D011183,40
DB01221,MESH:D011537,40
DB01221,MESH:D011595,40
DB01221,MESH:D011605,40
DB01221,MESH:D011618,40
DB01221,MESH:D011654,40
DB01221,MESH:D012131,40
DB01221,MESH:D012140,40
DB01221,MESH:D012559,40
DB01221,MESH:D012640,40
DB01221,MESH:D013035,40
DB01221,MESH:D013064,40
DB01221,MESH:D013121,40
DB01221,MESH:D013226,40
DB01221,MESH:D013610,40
DB01221,MESH:D013896,40
DB01221,MESH:D014202,40
DB01221,MESH:D014313,40
DB01221,MESH:D014693,40
DB01221,MESH:D014786,40
DB01221,MESH:D014839,40
DB01221,MESH:D015746,40
DB01221,MESH:D016757,40
DB01221,MESH:D017180,40
DB01221,MESH:D018476,40
DB01221,MESH:D018856,40
DB01221,MESH:D018879,40
DB01221,MESH:D019465,40
DB01221,MESH:D019586,40
DB01221,MESH:D019954,40
DB01221,MESH:D019956,40
DB01221,MESH:D019964,40
DB01221,MESH:D020795,32
DB01221,MESH:D020820,40
DB01221,MESH:D052016,40
DB01221,MESH:D053608,40
DB01221,MESH:D053609,40
DB00388,MESH:D000647,40
DB00388,MESH:D000787,40
DB00388,MESH:D000860,40
DB00388,MESH:D001049,40
DB00388,MESH:D001145,40
DB00388,MESH:D001919,40
DB00388,MESH:D001930,40
DB00388,MESH:D002534,0
DB00388,MESH:D002545,40
DB00388,MESH:D002637,40
DB00388,MESH:D003128,40
DB00388,MESH:D003329,40
DB00388,MESH:D005315,40
DB00388,MESH:D006261,40
DB00388,MESH:D006323,40
DB00388,MESH:D006331,40
DB00388,MESH:D006332,40
DB00388,MESH:D006930,40
DB00388,MESH:D006940,40
DB00388,MESH:D006973,40
DB00388,MESH:D006984,40
DB00388,MESH:D007022,40
DB00388,MESH:D007024,40
DB00388,MESH:D007172,40
DB00388,MESH:D009203,40
DB00388,MESH:D009336,40
DB00388,MESH:D009401,0
DB00388,MESH:D009461,40
DB00388,MESH:D009798,39
DB00388,MESH:D010146,40
DB00388,MESH:D010554,40
DB00388,MESH:D011470,0
DB00388,MESH:D011644,40
DB00388,MESH:D011654,40
DB00388,MESH:D012640,40
DB00388,MESH:D012852,40
DB00388,MESH:D012891,40
DB00388,MESH:D013276,40
DB00388,MESH:D013345,40
DB00388,MESH:D013616,40
DB00388,MESH:D013771,40
DB00388,MESH:D013927,40
DB00388,MESH:D014693,40
DB00388,MESH:D017180,40
DB00388,MESH:D017202,40
DB00388,MESH:D017379,40
DB00388,MESH:D017449,40
DB00388,MESH:D017682,40
DB00388,MESH:D018487,40
DB00388,MESH:D020301,40
DB00388,MESH:D058186,40
DB00144,MESH:D000647,40
DB00144,MESH:D009135,40
DB00144,MESH:D011225,40
DB00395,MESH:D001416,22
DB00395,MESH:D014474,40
DB00395,MESH:D017116,40
DB00395,MESH:D019966,40
DB01544,MESH:D000860,40
DB01544,MESH:D001157,40
DB01544,MESH:D003128,40
DB01544,MESH:D003865,40
DB01544,MESH:D003866,40
DB01544,MESH:D006323,40
DB01544,MESH:D006948,40
DB01544,MESH:D006973,40
DB01544,MESH:D007319,40
DB01544,MESH:D007511,40
DB01544,MESH:D007674,40
DB01544,MESH:D010146,40
DB01544,MESH:D011183,40
DB01544,MESH:D011595,40
DB01544,MESH:D011618,40
DB01544,MESH:D012206,40
DB01544,MESH:D012893,40
DB01544,MESH:D013375,40
DB01544,MESH:D013610,40
DB01544,MESH:D013921,40
DB01544,MESH:D013927,40
DB01544,MESH:D019957,40
DB00228,MESH:D000647,40
DB00228,MESH:D001145,40
DB00228,MESH:D001919,40
DB00228,MESH:D002779,40
DB00228,MESH:D004830,40
DB00228,MESH:D005234,40
DB00228,MESH:D005334,40
DB00228,MESH:D006261,40
DB00228,MESH:D006323,40
DB00228,MESH:D006327,40
DB00228,MESH:D006505,40
DB00228,MESH:D006973,40
DB00228,MESH:D007022,40
DB00228,MESH:D007674,40
DB00228,MESH:D009127,40
DB00228,MESH:D009128,40
DB00228,MESH:D009212,40
DB00228,MESH:D009325,40
DB00228,MESH:D009336,40
DB00228,MESH:D009846,40
DB00228,MESH:D011141,40
DB00228,MESH:D011183,40
DB00228,MESH:D011782,40
DB00228,MESH:D012131,40
DB00228,MESH:D012206,40
DB00228,MESH:D012640,40
DB00228,MESH:D013375,40
DB00228,MESH:D013610,40
DB00228,MESH:D014555,40
DB00228,MESH:D014839,40
DB00228,MESH:D017180,40
DB00228,MESH:D017202,40
DB00228,MESH:D051437,40
DB00228,MESH:D054537,40
DB00228,MESH:D058186,40
DB00699,MESH:D000647,40
DB00699,MESH:D001167,0
DB00699,MESH:D001919,40
DB00699,MESH:D002637,40
DB00699,MESH:D004802,0
DB00699,MESH:D005334,40
DB00699,MESH:D006261,40
DB00699,MESH:D006973,40
DB00699,MESH:D007022,40
DB00699,MESH:D009395,40
DB00699,MESH:D012170,40
DB00699,MESH:D018771,0
DB00699,MESH:D020734,40
DB00699,MESH:D051437,40
DB00714,MESH:D000647,40
DB00714,MESH:D001068,40
DB00714,MESH:D001480,40
DB00714,MESH:D001523,40
DB00714,MESH:D001714,40
DB00714,MESH:D001919,40
DB00714,MESH:D002375,40
DB00714,MESH:D002389,40
DB00714,MESH:D002493,40
DB00714,MESH:D004195,40
DB00714,MESH:D004409,40
DB00714,MESH:D004421,40
DB00714,MESH:D004831,40
DB00714,MESH:D005334,40
DB00714,MESH:D006261,40
DB00714,MESH:D006323,40
DB00714,MESH:D006948,40
DB00714,MESH:D006973,40
DB00714,MESH:D007022,40
DB00714,MESH:D007024,40
DB00714,MESH:D007319,40
DB00714,MESH:D007859,40
DB00714,MESH:D008881,40
DB00714,MESH:D009069,40
DB00714,MESH:D009325,40
DB00714,MESH:D009422,40
DB00714,MESH:D010300,40
DB00714,MESH:D010302,40
DB00714,MESH:D010409,40
DB00714,MESH:D011595,40
DB00714,MESH:D011605,40
DB00714,MESH:D012559,40
DB00714,MESH:D012640,40
DB00714,MESH:D012871,38
DB00714,MESH:D013226,40
DB00714,MESH:D013375,40
DB00714,MESH:D013610,40
DB00714,MESH:D013651,40
DB00714,MESH:D013927,40
DB00714,MESH:D014202,40
DB00714,MESH:D014555,40
DB00714,MESH:D014839,40
DB00714,MESH:D018476,40
DB00714,MESH:D019954,40
DB00714,MESH:D019956,39
DB00714,MESH:D019966,40
DB00714,MESH:D019970,40
DB00714,MESH:D020018,40
DB00714,MESH:D020329,40
DB00714,MESH:D020734,40
DB00714,MESH:D020820,40
DB00714,MESH:D053201,40
DB00454,MESH:D000647,40
DB00454,MESH:D000755,40
DB00454,MESH:D000799,40
DB00454,MESH:D002375,40
DB00454,MESH:D002389,40
DB00454,MESH:D002493,40
DB00454,MESH:D002524,40
DB00454,MESH:D003371,40
DB00454,MESH:D004401,40
DB00454,MESH:D004409,40
DB00454,MESH:D004421,40
DB00454,MESH:D004830,40
DB00454,MESH:D004890,40
DB00454,MESH:D005316,40
DB00454,MESH:D005355,40
DB00454,MESH:D006261,40
DB00454,MESH:D006323,40
DB00454,MESH:D006930,40
DB00454,MESH:D006935,40
DB00454,MESH:D006973,40
DB00454,MESH:D007008,40
DB00454,MESH:D007022,40
DB00454,MESH:D008133,40
DB00454,MESH:D008881,40
DB00454,MESH:D009122,40
DB00454,MESH:D009127,40
DB00454,MESH:D009135,40
DB00454,MESH:D009325,40
DB00454,MESH:D009437,40
DB00454,MESH:D010146,40
DB00454,MESH:D010149,40
DB00454,MESH:D010195,40
DB00454,MESH:D010259,40
DB00454,MESH:D010302,40
DB00454,MESH:D011183,40
DB00454,MESH:D011605,40
DB00454,MESH:D013035,40
DB00454,MESH:D013375,40
DB00454,MESH:D013610,40
DB00454,MESH:D014202,40
DB00454,MESH:D014581,40
DB00454,MESH:D014839,40
DB00454,MESH:D015746,40
DB00454,MESH:D018442,40
DB00454,MESH:D019512,40
DB00454,MESH:D019966,40
DB00454,MESH:D050500,40
DB00897,MESH:D000647,40
DB00897,MESH:D001008,40
DB00897,MESH:D001049,40
DB00897,MESH:D001068,40
DB00897,MESH:D001259,40
DB00897,MESH:D001714,40
DB00897,MESH:D002493,40
DB00897,MESH:D003072,40
DB00897,MESH:D003128,40
DB00897,MESH:D004409,40
DB00897,MESH:D005221,40
DB00897,MESH:D007859,40
DB00897,MESH:D008133,40
DB00897,MESH:D008569,40
DB00897,MESH:D009325,40
DB00897,MESH:D010292,40
DB00897,MESH:D011507,40
DB00897,MESH:D011595,40
DB00897,MESH:D011605,40
DB00897,MESH:D012131,40
DB00897,MESH:D012640,40
DB00897,MESH:D012893,40
DB00897,MESH:D013375,40
DB00897,MESH:D016171,40
DB00897,MESH:D017114,40
DB00897,MESH:D020234,40
DB00897,MESH:D053609,40
DB00897,MESH:D062787,40
DB09282,MESH:D000647,40
DB09282,MESH:D000787,40
DB09282,MESH:D001791,40
DB09282,MESH:D002375,40
DB09282,MESH:D005621,40
DB09282,MESH:D006948,40
DB09282,MESH:D006973,40
DB09282,MESH:D008569,40
DB00393,MESH:D000647,40
DB00393,MESH:D000860,40
DB00393,MESH:D001008,40
DB00393,MESH:D001049,40
DB00393,MESH:D001145,40
DB00393,MESH:D001259,40
DB00393,MESH:D001714,40
DB00393,MESH:D001919,40
DB00393,MESH:D002375,40
DB00393,MESH:D002532,40
DB00393,MESH:D002544,40
DB00393,MESH:D002545,40
DB00393,MESH:D002561,40
DB00393,MESH:D003704,40
DB00393,MESH:D004409,40
DB00393,MESH:D005334,40
DB00393,MESH:D006261,40
DB00393,MESH:D006930,40
DB00393,MESH:D006948,40
DB00393,MESH:D006973,40
DB00393,MESH:D006976,40
DB00393,MESH:D007511,40
DB00393,MESH:D007674,40
DB00393,MESH:D008103,40
DB00393,MESH:D008881,40
DB00393,MESH:D009202,40
DB00393,MESH:D009336,40
DB00393,MESH:D012120,40
DB00393,MESH:D012640,40
DB00393,MESH:D012804,40
DB00393,MESH:D013375,40
DB00393,MESH:D014652,40
DB00393,MESH:D015877,40
DB00393,MESH:D019636,23
DB00393,MESH:D020258,40
DB00393,MESH:D020301,40
DB00393,MESH:D020520,40
DB00393,MESH:D020521,40
DB00393,MESH:D056486,40
DB00422,MESH:D000647,40
DB00422,MESH:D000740,40
DB00422,MESH:D000855,40
DB00422,MESH:D001068,40
DB00422,MESH:D001167,40
DB00422,MESH:D001259,40
DB00422,MESH:D001289,40
DB00422,MESH:D001321,40
DB00422,MESH:D001919,40
DB00422,MESH:D002311,40
DB00422,MESH:D002389,40
DB00422,MESH:D002544,40
DB00422,MESH:D002659,0
DB00422,MESH:D002819,40
DB00422,MESH:D003329,40
DB00422,MESH:D003866,40
DB00422,MESH:D004409,40
DB00422,MESH:D004802,40
DB00422,MESH:D004830,40
DB00422,MESH:D005221,40
DB00422,MESH:D005879,40
DB00422,MESH:D006212,40
DB00422,MESH:D006429,40
DB00422,MESH:D006816,40
DB00422,MESH:D006948,40
DB00422,MESH:D006973,40
DB00422,MESH:D006976,40
DB00422,MESH:D007024,40
DB00422,MESH:D007172,40
DB00422,MESH:D007319,40
DB00422,MESH:D007970,40
DB00422,MESH:D008113,40
DB00422,MESH:D008569,40
DB00422,MESH:D009127,40
DB00422,MESH:D009135,40
DB00422,MESH:D009202,40
DB00422,MESH:D009203,40
DB00422,MESH:D009290,40
DB00422,MESH:D009325,40
DB00422,MESH:D009771,40
DB00422,MESH:D010146,40
DB00422,MESH:D011596,40
DB00422,MESH:D011605,40
DB00422,MESH:D011618,40
DB00422,MESH:D012021,40
DB00422,MESH:D012640,40
DB00422,MESH:D012893,40
DB00422,MESH:D013001,40
DB00422,MESH:D013342,7
DB00422,MESH:D013375,40
DB00422,MESH:D013610,40
DB00422,MESH:D013981,40
DB00422,MESH:D014103,40
DB00422,MESH:D014202,40
DB00422,MESH:D014693,40
DB00422,MESH:D014839,40
DB00422,MESH:D015746,40
DB00422,MESH:D016491,40
DB00422,MESH:D017180,40
DB00422,MESH:D018487,40
DB00422,MESH:D019693,40
DB00422,MESH:D019956,40
DB00422,MESH:D019958,40
DB00422,MESH:D019966,40
DB00422,MESH:D019969,40
DB00422,MESH:D019970,40
DB00422,MESH:D020018,40
DB00422,MESH:D020323,38
DB00422,MESH:D020520,40
DB00422,MESH:D056486,40
DB00185,MESH:D000647,40
DB00404,MESH:D000647,40
DB00404,MESH:D000860,40
DB00404,MESH:D001259,40
DB00404,MESH:D001281,40
DB00404,MESH:D001342,40
DB00404,MESH:D001523,40
DB00404,MESH:D001714,40
DB00404,MESH:D001919,40
DB00404,MESH:D003072,40
DB00404,MESH:D003128,40
DB00404,MESH:D003865,40
DB00404,MESH:D003866,40
DB00404,MESH:D005334,40
DB00404,MESH:D006327,40
DB00404,MESH:D007022,40
DB00404,MESH:D007035,40
DB00404,MESH:D007319,40
DB00404,MESH:D007859,40
DB00404,MESH:D008569,40
DB00404,MESH:D009069,40
DB00404,MESH:D009203,40
DB00404,MESH:D010259,40
DB00404,MESH:D010554,40
DB00404,MESH:D010698,40
DB00404,MESH:D011183,40
DB00404,MESH:D011297,40
DB00404,MESH:D011507,40
DB00404,MESH:D011618,40
DB00404,MESH:D012559,40
DB00404,MESH:D012640,40
DB00404,MESH:D012734,0
DB00404,MESH:D013035,40
DB00404,MESH:D013064,40
DB00404,MESH:D013375,40
DB00404,MESH:D013610,40
DB00404,MESH:D015431,40
DB00404,MESH:D015812,40
DB00404,MESH:D020018,40
DB00404,MESH:D056486,40
DB00404,MESH:D056784,40
DB01223,MESH:D000647,40
DB01223,MESH:D000686,13
DB01223,MESH:D000787,40
DB01223,MESH:D001049,40
DB01223,MESH:D001145,40
DB01223,MESH:D001281,40
DB01223,MESH:D001523,40
DB01223,MESH:D001919,40
DB01223,MESH:D001930,40
DB01223,MESH:D002493,40
DB01223,MESH:D002637,40
DB01223,MESH:D003072,40
DB01223,MESH:D003645,38
DB01223,MESH:D003866,40
DB01223,MESH:D004417,40
DB01223,MESH:D004830,40
DB01223,MESH:D006261,40
DB01223,MESH:D006323,40
DB01223,MESH:D006331,40
DB01223,MESH:D006333,40
DB01223,MESH:D006943,40
DB01223,MESH:D007022,40
DB01223,MESH:D007235,40
DB01223,MESH:D008171,40
DB01223,MESH:D008175,40
DB01223,MESH:D009069,40
DB01223,MESH:D009325,40
DB01223,MESH:D010146,40
DB01223,MESH:D012135,40
DB01223,MESH:D012640,40
DB01223,MESH:D013226,40
DB01223,MESH:D013313,40
DB01223,MESH:D013610,40
DB01223,MESH:D013616,40
DB01223,MESH:D015431,40
DB01223,MESH:D017202,40
DB01223,MESH:D018487,40
DB01223,MESH:D029481,40
DB01223,MESH:D054537,40
DB01223,MESH:D055191,40
DB01223,MESH:D062787,40
DB00561,MESH:D000647,40
DB00561,MESH:D001008,40
DB00561,MESH:D001049,40
DB00561,MESH:D002658,40
DB00561,MESH:D006212,40
DB00561,MESH:D006973,40
DB00561,MESH:D007174,40
DB00561,MESH:D008133,40
DB00561,MESH:D011183,40
DB00561,MESH:D016584,40
DB00561,MESH:D054537,40
DB01164,MESH:D000783,40
DB01164,MESH:D001018,40
DB01164,MESH:D001145,40
DB01164,MESH:D001281,40
DB01164,MESH:D001919,40
DB01164,MESH:D002114,40
DB01164,MESH:D004195,40
DB01164,MESH:D006323,40
DB01164,MESH:D006930,40
DB01164,MESH:D006934,40
DB01164,MESH:D006973,40
DB01164,MESH:D007022,40
DB01164,MESH:D007232,40
DB01164,MESH:D008944,40
DB01164,MESH:D010243,40
DB01164,MESH:D012640,40
DB01164,MESH:D012772,40
DB01164,MESH:D013616,40
DB01164,MESH:D014652,40
DB01164,MESH:D014693,40
DB01164,MESH:D017180,40
DB01164,MESH:D017544,40
DB01164,MESH:D017545,40
DB00122,MESH:D001018,0
DB00122,MESH:D001321,40
DB00122,MESH:D002658,40
DB00122,MESH:D003072,40
DB00122,MESH:D003866,40
DB00122,MESH:D004195,40
DB00122,MESH:D005234,40
DB00122,MESH:D006505,40
DB00122,MESH:D006520,40
DB00122,MESH:D006529,40
DB00122,MESH:D007249,40
DB00122,MESH:D007859,40
DB00122,MESH:D008103,40
DB00122,MESH:D008106,40
DB00122,MESH:D008113,40
DB00122,MESH:D008569,40
DB00122,MESH:D009336,40
DB00122,MESH:D013226,40
DB00122,MESH:D013733,40
DB00122,MESH:D015430,40
DB00122,MESH:D015431,40
DB00122,MESH:D016137,40
DB00122,MESH:D052878,40
DB00122,MESH:D065626,40
DB04841,MESH:D000647,40
DB04841,MESH:D001480,40
DB04841,MESH:D001927,40
DB04841,MESH:D002375,40
DB04841,MESH:D002545,40
DB04841,MESH:D003866,40
DB04841,MESH:D004409,40
DB04841,MESH:D004487,40
DB04841,MESH:D006505,28
DB04841,MESH:D006948,40
DB04841,MESH:D007022,40
DB04841,MESH:D008881,35
DB04841,MESH:D009069,40
DB04841,MESH:D010302,40
DB04841,MESH:D013035,19
DB04841,MESH:D013494,40
DB04841,MESH:D014202,40
DB04841,MESH:D014693,40
DB04841,MESH:D016055,40
DB04841,MESH:D017180,40
DB04841,MESH:D018476,40
DB04841,MESH:D020734,40
DB04841,MESH:D020820,40
DB04841,MESH:D051437,40
DB00368,MESH:D000647,40
DB00368,MESH:D000860,40
DB00368,MESH:D001008,40
DB00368,MESH:D001237,40
DB00368,MESH:D001321,40
DB00368,MESH:D001766,40
DB00368,MESH:D002100,40
DB00368,MESH:D002303,40
DB00368,MESH:D002375,40
DB00368,MESH:D002543,40
DB00368,MESH:D003922,40
DB00368,MESH:D004409,40
DB00368,MESH:D004421,40
DB00368,MESH:D004827,40
DB00368,MESH:D005921,40
DB00368,MESH:D006261,40
DB00368,MESH:D006323,40
DB00368,MESH:D006331,40
DB00368,MESH:D006332,40
DB00368,MESH:D006333,40
DB00368,MESH:D006935,0
DB00368,MESH:D006940,40
DB00368,MESH:D006973,40
DB00368,MESH:D006974,40
DB00368,MESH:D006976,40
DB00368,MESH:D006984,40
DB00368,MESH:D007008,40
DB00368,MESH:D007022,40
DB00368,MESH:D007024,40
DB00368,MESH:D007035,40
DB00368,MESH:D007511,40
DB00368,MESH:D007674,40
DB00368,MESH:D008114,40
DB00368,MESH:D009202,40
DB00368,MESH:D009410,40
DB00368,MESH:D009798,40
DB00368,MESH:D009846,40
DB00368,MESH:D009901,40
DB00368,MESH:D010146,40
DB00368,MESH:D010243,40
DB00368,MESH:D010554,40
DB00368,MESH:D011183,40
DB00368,MESH:D011249,40
DB00368,MESH:D011297,40
DB00368,MESH:D011507,40
DB00368,MESH:D011605,40
DB00368,MESH:D011618,40
DB00368,MESH:D012120,40
DB00368,MESH:D012131,40
DB00368,MESH:D012164,40
DB00368,MESH:D012206,40
DB00368,MESH:D012559,40
DB00368,MESH:D012640,40
DB00368,MESH:D012769,40
DB00368,MESH:D012770,40
DB00368,MESH:D012771,40
DB00368,MESH:D012772,40
DB00368,MESH:D013035,40
DB00368,MESH:D013226,40
DB00368,MESH:D013274,40
DB00368,MESH:D013345,40
DB00368,MESH:D013375,40
DB00368,MESH:D013610,40
DB00368,MESH:D013616,40
DB00368,MESH:D014511,40
DB00368,MESH:D014693,40
DB00368,MESH:D015428,40
DB00368,MESH:D017180,40
DB00368,MESH:D018487,40
DB00368,MESH:D018754,40
DB00368,MESH:D018805,40
DB00368,MESH:D019969,40
DB00368,MESH:D019970,40
DB00368,MESH:D029424,40
DB00368,MESH:D051437,40
DB01202,MESH:D000647,40
DB01202,MESH:D001008,40
DB01202,MESH:D001247,37
DB01202,MESH:D001321,40
DB01202,MESH:D001927,40
DB01202,MESH:D001930,40
DB01202,MESH:D002389,40
DB01202,MESH:D002819,40
DB01202,MESH:D004195,40
DB01202,MESH:D004409,40
DB01202,MESH:D004827,40
DB01202,MESH:D004830,40
DB01202,MESH:D004831,40
DB01202,MESH:D004832,40
DB01202,MESH:D004833,40
DB01202,MESH:D005879,40
DB01202,MESH:D006501,40
DB01202,MESH:D007010,40
DB01202,MESH:D008569,40
DB01202,MESH:D010198,40
DB01202,MESH:D010259,40
DB01202,MESH:D011115,40
DB01202,MESH:D011618,40
DB01202,MESH:D012640,40
DB01202,MESH:D013226,40
DB01202,MESH:D013262,40
DB01202,MESH:D013375,40
DB01202,MESH:D014202,40
DB01202,MESH:D014839,40
DB01202,MESH:D016584,40
DB01202,MESH:D017029,40
DB01202,MESH:D017114,40
DB01202,MESH:D019964,40
DB01202,MESH:D020190,40
DB01202,MESH:D020194,40
DB01202,MESH:D047508,40
DB01202,MESH:D053609,40
DB01202,MESH:D056486,40
DB13345,MESH:D006973,40
DB00231,MESH:D000647,40
DB00231,MESH:D003866,40
DB00231,MESH:D006212,40
DB00231,MESH:D006261,40
DB00231,MESH:D007319,40
DB00231,MESH:D008569,40
DB00231,MESH:D009325,40
DB00231,MESH:D011595,40
DB00231,MESH:D012206,40
DB00231,MESH:D012893,40
DB00231,MESH:D013375,40
DB00231,MESH:D013610,40
DB00231,MESH:D051437,40
DB00425,MESH:D000647,40
DB00425,MESH:D001008,40
DB00425,MESH:D001259,40
DB00425,MESH:D001930,40
DB00425,MESH:D002534,0
DB00425,MESH:D003072,40
DB00425,MESH:D003128,40
DB00425,MESH:D003866,40
DB00425,MESH:D006212,40
DB00425,MESH:D006501,40
DB00425,MESH:D006529,40
DB00425,MESH:D007008,40
DB00425,MESH:D007319,40
DB00425,MESH:D008133,40
DB00425,MESH:D009069,40
DB00425,MESH:D011596,40
DB00425,MESH:D012640,40
DB00425,MESH:D012893,40
DB00425,MESH:D013375,40
DB00425,MESH:D016171,40
DB00425,MESH:D019966,40
DB00425,MESH:D053609,40
DB00425,MESH:D062787,40
DB01205,MESH:D000647,40
DB01205,MESH:D000860,40
DB01205,MESH:D001049,40
DB01205,MESH:D001259,40
DB01205,MESH:D001523,40
DB01205,MESH:D001919,40
DB01205,MESH:D003072,40
DB01205,MESH:D004421,40
DB01205,MESH:D004827,40
DB01205,MESH:D006261,40
DB01205,MESH:D006501,40
DB01205,MESH:D006930,40
DB01205,MESH:D007022,40
DB01205,MESH:D007040,0
DB01205,MESH:D007174,40
DB01205,MESH:D007859,40
DB01205,MESH:D009123,40
DB01205,MESH:D009127,40
DB01205,MESH:D009325,40
DB01205,MESH:D010146,40
DB01205,MESH:D011297,40
DB01205,MESH:D011537,40
DB01205,MESH:D011596,40
DB01205,MESH:D012131,40
DB01205,MESH:D012640,40
DB01205,MESH:D012798,40
DB01205,MESH:D013226,40
DB01205,MESH:D013375,40
DB01205,MESH:D013610,40
DB01205,MESH:D014202,40
DB01205,MESH:D014474,40
DB01205,MESH:D014839,40
DB01205,MESH:D016584,40
DB01205,MESH:D017180,40
DB00813,MESH:D000647,40
DB00813,MESH:D000707,40
DB00813,MESH:D000860,40
DB00813,MESH:D001049,40
DB00813,MESH:D001281,40
DB00813,MESH:D001745,40
DB00813,MESH:D001927,40
DB00813,MESH:D002303,40
DB00813,MESH:D002375,40
DB00813,MESH:D002493,40
DB00813,MESH:D002637,40
DB00813,MESH:D003072,40
DB00813,MESH:D003128,40
DB00813,MESH:D003248,40
DB00813,MESH:D003371,40
DB00813,MESH:D004421,40
DB00813,MESH:D004830,40
DB00813,MESH:D005316,40
DB00813,MESH:D006212,40
DB00813,MESH:D006261,40
DB00813,MESH:D006323,40
DB00813,MESH:D006930,40
DB00813,MESH:D006935,40
DB00813,MESH:D006948,40
DB00813,MESH:D006976,40
DB00813,MESH:D007022,40
DB00813,MESH:D007035,40
DB00813,MESH:D007177,40
DB00813,MESH:D007405,40
DB00813,MESH:D008133,40
DB00813,MESH:D008881,40
DB00813,MESH:D009127,40
DB00813,MESH:D009128,40
DB00813,MESH:D009202,40
DB00813,MESH:D009325,40
DB00813,MESH:D009336,40
DB00813,MESH:D009461,40
DB00813,MESH:D010146,40
DB00813,MESH:D010243,40
DB00813,MESH:D011537,40
DB00813,MESH:D011618,40
DB00813,MESH:D012021,40
DB00813,MESH:D012131,40
DB00813,MESH:D012140,40
DB00813,MESH:D012640,40
DB00813,MESH:D012678,40
DB00813,MESH:D013035,40
DB00813,MESH:D013119,40
DB00813,MESH:D013375,40
DB00813,MESH:D013610,40
DB00813,MESH:D014202,40
DB00813,MESH:D014313,40
DB00813,MESH:D014555,40
DB00813,MESH:D014839,40
DB00813,MESH:D016055,40
DB00813,MESH:D017202,40
DB00813,MESH:D018476,40
DB00813,MESH:D018487,40
DB00813,MESH:D019966,40
DB00813,MESH:D021081,40
DB00813,MESH:D051437,40
DB00126,MESH:D000740,40
DB00126,MESH:D000749,40
DB00126,MESH:D001008,40
DB00126,MESH:D001424,40
DB00126,MESH:D001749,40
DB00126,MESH:D001766,40
DB00126,MESH:D001847,40
DB00126,MESH:D001927,40
DB00126,MESH:D001943,40
DB00126,MESH:D002318,40
DB00126,MESH:D002386,40
DB00126,MESH:D002545,40
DB00126,MESH:D002607,40
DB00126,MESH:D002869,40
DB00126,MESH:D003327,40
DB00126,MESH:D003924,40
DB00126,MESH:D003928,40
DB00126,MESH:D005221,40
DB00126,MESH:D005910,40
DB00126,MESH:D006130,40
DB00126,MESH:D006212,40
DB00126,MESH:D006330,40
DB00126,MESH:D006528,40
DB00126,MESH:D006548,40
DB00126,MESH:D006930,40
DB00126,MESH:D006946,40
DB00126,MESH:D006959,40
DB00126,MESH:D006965,40
DB00126,MESH:D006973,40
DB00126,MESH:D006977,39
DB00126,MESH:D007022,40
DB00126,MESH:D007037,40
DB00126,MESH:D007153,0
DB00126,MESH:D007248,39
DB00126,MESH:D007333,40
DB00126,MESH:D007674,40
DB00126,MESH:D007859,40
DB00126,MESH:D007945,40
DB00126,MESH:D008103,40
DB00126,MESH:D008171,40
DB00126,MESH:D008175,40
DB00126,MESH:D009135,40
DB00126,MESH:D009202,40
DB00126,MESH:D009325,40
DB00126,MESH:D009336,40
DB00126,MESH:D009369,40
DB00126,MESH:D009374,40
DB00126,MESH:D009395,40
DB00126,MESH:D009410,40
DB00126,MESH:D009422,40
DB00126,MESH:D009765,40
DB00126,MESH:D009845,40
DB00126,MESH:D010190,40
DB00126,MESH:D010212,40
DB00126,MESH:D010523,40
DB00126,MESH:D011085,40
DB00126,MESH:D011230,40
DB00126,MESH:D011297,40
DB00126,MESH:D011507,40
DB00126,MESH:D011561,24
DB00126,MESH:D011605,40
DB00126,MESH:D011628,0
DB00126,MESH:D011654,40
DB00126,MESH:D011657,40
DB00126,MESH:D011658,40
DB00126,MESH:D012174,40
DB00126,MESH:D012640,40
DB00126,MESH:D012871,40
DB00126,MESH:D013226,40
DB00126,MESH:D013274,40
DB00126,MESH:D013921,40
DB00126,MESH:D013927,40
DB00126,MESH:D015431,40
DB00126,MESH:D015658,40
DB00126,MESH:D016491,40
DB00126,MESH:D018376,40
DB00126,MESH:D018450,40
DB00126,MESH:D018798,40
DB00126,MESH:D019457,40
DB00126,MESH:D019636,40
DB00126,MESH:D020149,40
DB00126,MESH:D020261,40
DB00126,MESH:D020521,40
DB00126,MESH:D048629,40
DB00126,MESH:D051437,40
DB00126,MESH:D053040,40
DB00126,MESH:D055371,40
DB00126,MESH:D056486,40
DB00126,MESH:D058186,40
DB00126,MESH:D062787,40
DB00804,MESH:D000647,40
DB00804,MESH:D001049,40
DB00804,MESH:D001930,40
DB00804,MESH:D003072,29
DB00804,MESH:D003490,40
DB00804,MESH:D009127,40
DB00260,MESH:D000647,37
DB00260,MESH:D001008,40
DB00260,MESH:D001523,40
DB00260,MESH:D001919,40
DB00260,MESH:D001927,40
DB00260,MESH:D008569,40
DB00260,MESH:D010302,40
DB00260,MESH:D011605,40
DB00260,MESH:D013375,40
DB00260,MESH:D014376,40
DB00260,MESH:D014397,40
DB00260,MESH:D019970,40
DB00260,MESH:D020820,2
DB00260,MESH:D056486,40
DB04599,MESH:D000647,19
DB04599,MESH:D001008,40
DB04599,MESH:D007859,40
DB04599,MESH:D008569,40
DB00629,MESH:D000647,0
DB00629,MESH:D006973,40
DB00629,MESH:D019970,40
DB03088,MESH:D000647,40
DB03088,MESH:D056486,0
DB01165,MESH:D000647,40
DB01165,MESH:D000744,40
DB01165,MESH:D001145,40
DB01165,MESH:D001714,40
DB01165,MESH:D002389,40
DB01165,MESH:D002481,40
DB01165,MESH:D002493,40
DB01165,MESH:D002779,40
DB01165,MESH:D003240,40
DB01165,MESH:D003550,40
DB01165,MESH:D003875,40
DB01165,MESH:D003919,40
DB01165,MESH:D003967,40
DB01165,MESH:D004401,40
DB01165,MESH:D005076,40
DB01165,MESH:D005767,40
DB01165,MESH:D006261,40
DB01165,MESH:D006417,40
DB01165,MESH:D006501,40
DB01165,MESH:D006505,40
DB01165,MESH:D006943,40
DB01165,MESH:D007003,40
DB01165,MESH:D007319,40
DB01165,MESH:D007674,40
DB01165,MESH:D008133,40
DB01165,MESH:D008589,40
DB01165,MESH:D009135,40
DB01165,MESH:D009157,40
DB01165,MESH:D009164,40
DB01165,MESH:D009202,40
DB01165,MESH:D009325,40
DB01165,MESH:D009395,40
DB01165,MESH:D010523,40
DB01165,MESH:D011552,40
DB01165,MESH:D011605,40
DB01165,MESH:D011704,40
DB01165,MESH:D012131,40
DB01165,MESH:D012141,40
DB01165,MESH:D012640,40
DB01165,MESH:D012852,40
DB01165,MESH:D012893,40
DB01165,MESH:D013203,40
DB01165,MESH:D013262,40
DB01165,MESH:D013981,0
DB01165,MESH:D014202,40
DB01165,MESH:D014376,40
DB01165,MESH:D014397,40
DB01165,MESH:D014552,40
DB01165,MESH:D014581,40
DB01165,MESH:D014657,40
DB01165,MESH:D014839,40
DB01165,MESH:D016908,40
DB01165,MESH:D017114,40
DB01165,MESH:D017180,40
DB01165,MESH:D029481,40
DB01165,MESH:D056486,40
DB00466,MESH:D001008,39
DB00466,MESH:D001145,40
DB00466,MESH:D001919,40
DB00466,MESH:D002375,40
DB00466,MESH:D002819,40
DB00466,MESH:D004409,40
DB00466,MESH:D004827,40
DB00466,MESH:D004830,40
DB00466,MESH:D004832,40
DB00466,MESH:D006948,40
DB00466,MESH:D006973,40
DB00466,MESH:D007859,40
DB00466,MESH:D008569,40
DB00466,MESH:D009127,40
DB00466,MESH:D009410,40
DB00466,MESH:D009422,40
DB00466,MESH:D010409,40
DB00466,MESH:D012640,40
DB00466,MESH:D013226,40
DB00466,MESH:D014202,40
DB00466,MESH:D019956,40
DB00466,MESH:D044882,40
DB00235,MESH:D000686,40
DB00235,MESH:D001145,40
DB00235,MESH:D001281,40
DB00235,MESH:D002303,40
DB00235,MESH:D006333,40
DB00235,MESH:D006470,40
DB00235,MESH:D006976,40
DB00235,MESH:D008133,40
DB00235,MESH:D009203,40
DB00235,MESH:D011183,40
DB00235,MESH:D012770,40
DB00235,MESH:D012772,40
DB00235,MESH:D013345,40
DB00235,MESH:D013610,40
DB00235,MESH:D014693,40
DB00235,MESH:D015428,34
DB00235,MESH:D016534,40
DB00235,MESH:D018754,40
DB00235,MESH:D020301,40
DB00540,MESH:D000690,40
DB00540,MESH:D001145,40
DB00540,MESH:D001289,40
DB00540,MESH:D001714,40
DB00540,MESH:D001919,40
DB00540,MESH:D002318,40
DB00540,MESH:D002375,40
DB00540,MESH:D003072,40
DB00540,MESH:D003704,40
DB00540,MESH:D003866,40
DB00540,MESH:D004487,40
DB00540,MESH:D004830,40
DB00540,MESH:D005221,40
DB00540,MESH:D006212,40
DB00540,MESH:D006261,40
DB00540,MESH:D006323,40
DB00540,MESH:D006327,40
DB00540,MESH:D006505,40
DB00540,MESH:D006816,40
DB00540,MESH:D006973,40
DB00540,MESH:D007022,40
DB00540,MESH:D007024,40
DB00540,MESH:D007319,40
DB00540,MESH:D009203,40
DB00540,MESH:D009771,40
DB00540,MESH:D010523,40
DB00540,MESH:D011297,40
DB00540,MESH:D011618,40
DB00540,MESH:D012640,40
DB00540,MESH:D012893,40
DB00540,MESH:D013375,40
DB00540,MESH:D013610,40
DB00540,MESH:D013616,40
DB00540,MESH:D014029,40
DB00540,MESH:D014202,40
DB00540,MESH:D014555,40
DB00540,MESH:D015430,40
DB00540,MESH:D016055,40
DB00540,MESH:D017114,40
DB00540,MESH:D020244,40
DB00540,MESH:D020323,40
DB00540,MESH:D051474,40
DB00540,MESH:D053840,40
DB00540,MESH:D054971,40
DB00540,MESH:D056486,40
DB01235,MESH:D000690,40
DB01235,MESH:D000740,40
DB01235,MESH:D000743,40
DB01235,MESH:D000744,40
DB01235,MESH:D001145,40
DB01235,MESH:D001342,40
DB01235,MESH:D001416,40
DB01235,MESH:D001523,40
DB01235,MESH:D001714,40
DB01235,MESH:D001745,34
DB01235,MESH:D001748,40
DB01235,MESH:D001764,40
DB01235,MESH:D001919,40
DB01235,MESH:D001927,40
DB01235,MESH:D001930,40
DB01235,MESH:D002375,40
DB01235,MESH:D002819,40
DB01235,MESH:D003072,40
DB01235,MESH:D003128,40
DB01235,MESH:D003928,40
DB01235,MESH:D004211,40
DB01235,MESH:D004409,40
DB01235,MESH:D004831,40
DB01235,MESH:D005221,40
DB01235,MESH:D005483,27
DB01235,MESH:D005767,40
DB01235,MESH:D006261,40
DB01235,MESH:D006527,40
DB01235,MESH:D006930,40
DB01235,MESH:D006948,40
DB01235,MESH:D006973,40
DB01235,MESH:D007008,40
DB01235,MESH:D007022,40
DB01235,MESH:D007024,40
DB01235,MESH:D007172,40
DB01235,MESH:D007319,40
DB01235,MESH:D007859,40
DB01235,MESH:D008569,40
DB01235,MESH:D009103,40
DB01235,MESH:D009127,40
DB01235,MESH:D009128,40
DB01235,MESH:D009336,40
DB01235,MESH:D009461,40
DB01235,MESH:D010146,40
DB01235,MESH:D010259,40
DB01235,MESH:D010300,40
DB01235,MESH:D010302,40
DB01235,MESH:D010523,40
DB01235,MESH:D011596,40
DB01235,MESH:D011618,40
DB01235,MESH:D012120,40
DB01235,MESH:D012148,40
DB01235,MESH:D012640,40
DB01235,MESH:D012791,40
DB01235,MESH:D013064,40
DB01235,MESH:D013375,40
DB01235,MESH:D013494,40
DB01235,MESH:D014202,40
DB01235,MESH:D014555,40
DB01235,MESH:D014786,40
DB01235,MESH:D014839,40
DB01235,MESH:D015877,40
DB01235,MESH:D018771,40
DB01235,MESH:D019578,40
DB01235,MESH:D019956,40
DB01235,MESH:D019966,40
DB01235,MESH:D019967,40
DB01235,MESH:D020138,40
DB01235,MESH:D020149,40
DB01235,MESH:D020233,40
DB01235,MESH:D020258,40
DB01235,MESH:D020734,40
DB01235,MESH:D020820,40
DB01235,MESH:D020886,40
DB01235,MESH:D053201,40
DB00740,MESH:D000690,40
DB00740,MESH:D004832,40
DB00740,MESH:D006505,40
DB00740,MESH:D006948,40
DB00740,MESH:D007511,40
DB00740,MESH:D009336,40
DB00740,MESH:D009389,0
DB00740,MESH:D010146,40
DB00740,MESH:D012178,40
DB00740,MESH:D012640,40
DB00740,MESH:D020149,40
DB00740,MESH:D020262,40
DB00740,MESH:D051437,3
DB01003,MESH:D000707,40
DB01003,MESH:D000799,40
DB01003,MESH:D001249,40
DB01003,MESH:D003110,40
DB01003,MESH:D003921,40
DB01003,MESH:D004487,40
DB01003,MESH:D006331,40
DB01003,MESH:D006967,6
DB01003,MESH:D009202,40
DB01003,MESH:D009336,40
DB01003,MESH:D009765,40
DB01003,MESH:D012640,40
DB01003,MESH:D012772,40
DB01176,MESH:D000707,40
DB01176,MESH:D001259,40
DB01176,MESH:D006212,40
DB01176,MESH:D006948,40
DB01176,MESH:D006973,40
DB01176,MESH:D010243,40
DB01176,MESH:D012131,40
DB01176,MESH:D013610,40
DB01176,MESH:D014839,40
DB00827,MESH:D000707,40
DB00827,MESH:D001424,40
DB00827,MESH:D002493,40
DB00827,MESH:D003875,40
DB00827,MESH:D005767,40
DB00827,MESH:D012640,40
DB00827,MESH:D013262,40
DB00827,MESH:D014581,40
DB00892,MESH:D000707,0
DB00892,MESH:D001049,37
DB00892,MESH:D010146,40
DB00456,MESH:D000707,40
DB00456,MESH:D000743,40
DB00456,MESH:D001002,40
DB00456,MESH:D003875,40
DB00456,MESH:D004802,40
DB00456,MESH:D004827,40
DB00456,MESH:D004927,40
DB00456,MESH:D005076,40
DB00456,MESH:D005198,0
DB00456,MESH:D005334,40
DB00456,MESH:D006331,40
DB00456,MESH:D006932,40
DB00456,MESH:D007008,40
DB00456,MESH:D007674,40
DB00456,MESH:D007683,40
DB00456,MESH:D007970,40
DB00456,MESH:D009135,40
DB00456,MESH:D009395,40
DB00456,MESH:D009846,40
DB00456,MESH:D011014,40
DB00456,MESH:D011507,40
DB00456,MESH:D011537,40
DB00456,MESH:D011552,40
DB00456,MESH:D013203,40
DB00456,MESH:D014552,40
DB00456,MESH:D018805,40
DB00456,MESH:D056486,40
DB01167,MESH:D000707,40
DB01167,MESH:D000799,40
DB01167,MESH:D001145,40
DB01167,MESH:D001228,40
DB01167,MESH:D001919,40
DB01167,MESH:D002177,40
DB01167,MESH:D002181,40
DB01167,MESH:D002779,40
DB01167,MESH:D003248,40
DB01167,MESH:D003875,40
DB01167,MESH:D003876,40
DB01167,MESH:D003967,40
DB01167,MESH:D004487,40
DB01167,MESH:D005221,40
DB01167,MESH:D006212,40
DB01167,MESH:D006261,40
DB01167,MESH:D006331,40
DB01167,MESH:D006333,40
DB01167,MESH:D006501,40
DB01167,MESH:D006934,40
DB01167,MESH:D006965,40
DB01167,MESH:D006973,40
DB01167,MESH:D007008,40
DB01167,MESH:D007010,40
DB01167,MESH:D007022,40
DB01167,MESH:D007634,40
DB01167,MESH:D007674,40
DB01167,MESH:D008107,40
DB01167,MESH:D008133,40
DB01167,MESH:D009101,40
DB01167,MESH:D009325,40
DB01167,MESH:D009336,40
DB01167,MESH:D009374,40
DB01167,MESH:D009422,40
DB01167,MESH:D010146,40
DB01167,MESH:D010490,10
DB01167,MESH:D010523,40
DB01167,MESH:D012206,40
DB01167,MESH:D013118,34
DB01167,MESH:D013262,40
DB01167,MESH:D013921,40
DB01167,MESH:D014202,40
DB01167,MESH:D014581,40
DB01167,MESH:D014693,40
DB01167,MESH:D014839,40
DB01167,MESH:D015473,40
DB01167,MESH:D015746,40
DB01167,MESH:D016773,40
DB01167,MESH:D018879,40
DB01167,MESH:D018908,40
DB01167,MESH:D020258,40
DB01167,MESH:D056486,40
DB01167,MESH:D058186,40
DB01167,MESH:D058625,0
DB00626,MESH:D000707,40
DB00626,MESH:D002056,0
DB00626,MESH:D003161,40
DB00626,MESH:D003638,40
DB00626,MESH:D005483,0
DB00626,MESH:D006323,40
DB00626,MESH:D006996,40
DB00626,MESH:D007022,40
DB00626,MESH:D007674,40
DB00727,MESH:D000707,40
DB00727,MESH:D000789,24
DB00727,MESH:D000799,40
DB00727,MESH:D000860,40
DB00727,MESH:D001002,40
DB00727,MESH:D001049,40
DB00727,MESH:D001259,40
DB00727,MESH:D001791,40
DB00727,MESH:D001919,40
DB00727,MESH:D001929,40
DB00727,MESH:D001943,40
DB00727,MESH:D002303,40
DB00727,MESH:D002543,40
DB00727,MESH:D002545,40
DB00727,MESH:D002637,40
DB00727,MESH:D003128,40
DB00727,MESH:D003324,40
DB00727,MESH:D003327,40
DB00727,MESH:D003329,40
DB00727,MESH:D004487,40
DB00727,MESH:D005119,40
DB00727,MESH:D005764,40
DB00727,MESH:D006261,40
DB00727,MESH:D006323,40
DB00727,MESH:D006333,40
DB00727,MESH:D006417,40
DB00727,MESH:D006429,40
DB00727,MESH:D006484,40
DB00727,MESH:D006528,40
DB00727,MESH:D006930,40
DB00727,MESH:D006940,40
DB00727,MESH:D006973,40
DB00727,MESH:D006976,40
DB00727,MESH:D007022,40
DB00727,MESH:D007035,40
DB00727,MESH:D007172,40
DB00727,MESH:D007511,40
DB00727,MESH:D007752,40
DB00727,MESH:D008114,40
DB00727,MESH:D008569,40
DB00727,MESH:D008708,40
DB00727,MESH:D008881,40
DB00727,MESH:D009203,40
DB00727,MESH:D009784,40
DB00727,MESH:D010146,40
DB00727,MESH:D010149,40
DB00727,MESH:D011225,40
DB00727,MESH:D011654,40
DB00727,MESH:D012206,40
DB00727,MESH:D012640,40
DB00727,MESH:D013035,40
DB00727,MESH:D013064,40
DB00727,MESH:D013276,40
DB00727,MESH:D013345,40
DB00727,MESH:D014693,40
DB00727,MESH:D014786,40
DB00727,MESH:D015427,40
DB00727,MESH:D015428,40
DB00727,MESH:D017116,40
DB00727,MESH:D017180,40
DB00727,MESH:D017202,40
DB00727,MESH:D019586,40
DB00727,MESH:D020325,40
DB00727,MESH:D020326,40
DB00727,MESH:D023921,40
DB00727,MESH:D053609,40
DB00727,MESH:D054537,40
DB00727,MESH:D058186,40
DB01114,MESH:D000707,40
DB01114,MESH:D001764,40
DB01114,MESH:D003875,40
DB01114,MESH:D004409,40
DB01114,MESH:D004487,40
DB01114,MESH:D006261,40
DB01114,MESH:D006529,40
DB01114,MESH:D006948,40
DB01114,MESH:D006967,40
DB01114,MESH:D006973,40
DB01114,MESH:D009135,40
DB01114,MESH:D009325,40
DB01114,MESH:D009336,40
DB01114,MESH:D011537,40
DB01114,MESH:D011654,40
DB01114,MESH:D012141,40
DB01114,MESH:D012221,40
DB01114,MESH:D012640,40
DB01114,MESH:D012912,40
DB01114,MESH:D013276,40
DB01114,MESH:D013375,40
DB00448,MESH:D000740,40
DB00448,MESH:D001247,40
DB00448,MESH:D001249,40
DB00448,MESH:D001471,40
DB00448,MESH:D001480,40
DB00448,MESH:D002318,40
DB00448,MESH:D004381,40
DB00448,MESH:D004751,40
DB00448,MESH:D004935,40
DB00448,MESH:D004942,40
DB00448,MESH:D005764,40
DB00448,MESH:D005767,40
DB00448,MESH:D006212,40
DB00448,MESH:D006261,40
DB00448,MESH:D006356,40
DB00448,MESH:D006940,40
DB00448,MESH:D006965,40
DB00448,MESH:D007003,40
DB00448,MESH:D007674,40
DB00448,MESH:D007984,40
DB00448,MESH:D008881,40
DB00448,MESH:D009325,40
DB00448,MESH:D009422,40
DB00448,MESH:D010146,40
DB00448,MESH:D010438,40
DB00448,MESH:D011605,40
DB00448,MESH:D013262,40
DB00448,MESH:D013272,40
DB00448,MESH:D013276,40
DB00448,MESH:D013651,40
DB00448,MESH:D014456,40
DB00448,MESH:D014581,40
DB00448,MESH:D015746,40
DB00448,MESH:D016603,40
DB00448,MESH:D018908,40
DB00448,MESH:D056486,40
DB00448,MESH:D058186,40
DB01082,MESH:D000707,40
DB01082,MESH:D000741,40
DB01082,MESH:D000744,40
DB01082,MESH:D003638,40
DB01082,MESH:D003875,40
DB01082,MESH:D003929,40
DB01082,MESH:D004409,40
DB01082,MESH:D004427,40
DB01082,MESH:D006311,40
DB01082,MESH:D006314,40
DB01082,MESH:D006319,40
DB01082,MESH:D006349,0
DB01082,MESH:D006505,40
DB01082,MESH:D006930,40
DB01082,MESH:D007008,40
DB01082,MESH:D007674,40
DB01082,MESH:D008581,40
DB01082,MESH:D009127,40
DB01082,MESH:D009133,40
DB01082,MESH:D009165,0
DB01082,MESH:D009393,40
DB01082,MESH:D011014,40
DB01082,MESH:D011115,40
DB01082,MESH:D011183,40
DB01082,MESH:D012206,40
DB01082,MESH:D014012,40
DB01082,MESH:D014376,40
DB01082,MESH:D014397,40
DB01082,MESH:D014552,40
DB01082,MESH:D014581,40
DB01082,MESH:D014786,40
DB01082,MESH:D015834,40
DB01082,MESH:D017093,40
DB01082,MESH:D030342,40
DB01082,MESH:D051437,40
DB01082,MESH:D056486,40
DB01082,MESH:D058186,40
DB00833,MESH:D000707,40
DB00833,MESH:D003875,40
DB00833,MESH:D003967,40
DB00833,MESH:D006261,40
DB00833,MESH:D006333,40
DB00833,MESH:D006417,40
DB00833,MESH:D006529,40
DB00833,MESH:D006968,40
DB00833,MESH:D009205,40
DB00833,MESH:D009325,40
DB00833,MESH:D012141,40
DB00833,MESH:D012852,40
DB00833,MESH:D013262,40
DB00833,MESH:D014581,40
DB00833,MESH:D015746,40
DB00833,MESH:D041781,40
DB00833,MESH:D058186,40
DB01110,MESH:D000740,40
DB01110,MESH:D000799,40
DB01110,MESH:D001170,40
DB01110,MESH:D001982,40
DB01110,MESH:D002177,40
DB01110,MESH:D002178,40
DB01110,MESH:D002180,25
DB01110,MESH:D002318,40
DB01110,MESH:D006331,40
DB01110,MESH:D008325,40
DB01110,MESH:D009139,40
DB01110,MESH:D011537,40
DB01110,MESH:D012140,40
DB01110,MESH:D013922,40
DB01110,MESH:D016757,40
DB01110,MESH:D056486,40
DB01110,MESH:D062787,40
DB00565,MESH:D003329,0
DB00565,MESH:D005207,40
DB00565,MESH:D006323,40
DB00565,MESH:D010243,40
DB00565,MESH:D011115,10
DB00565,MESH:D011782,40
DB00565,MESH:D013375,40
DB06151,MESH:D000707,40
DB06151,MESH:D000740,40
DB06151,MESH:D000799,40
DB06151,MESH:D001167,40
DB06151,MESH:D001714,40
DB06151,MESH:D001744,40
DB06151,MESH:D001929,40
DB06151,MESH:D002357,40
DB06151,MESH:D002471,40
DB06151,MESH:D002545,40
DB06151,MESH:D002869,33
DB06151,MESH:D003072,40
DB06151,MESH:D003161,40
DB06151,MESH:D003550,40
DB06151,MESH:D003556,40
DB06151,MESH:D003645,40
DB06151,MESH:D003711,40
DB06151,MESH:D003865,40
DB06151,MESH:D003875,40
DB06151,MESH:D003925,40
DB06151,MESH:D004211,40
DB06151,MESH:D004427,40
DB06151,MESH:D004487,40
DB06151,MESH:D004938,40
DB06151,MESH:D005317,40
DB06151,MESH:D005767,40
DB06151,MESH:D006261,40
DB06151,MESH:D006311,34
DB06151,MESH:D006323,40
DB06151,MESH:D006331,40
DB06151,MESH:D006417,40
DB06151,MESH:D006470,40
DB06151,MESH:D006501,40
DB06151,MESH:D006505,40
DB06151,MESH:D006529,40
DB06151,MESH:D006940,40
DB06151,MESH:D006943,40
DB06151,MESH:D006948,40
DB06151,MESH:D006959,40
DB06151,MESH:D006965,40
DB06151,MESH:D006973,40
DB06151,MESH:D006984,40
DB06151,MESH:D007022,40
DB06151,MESH:D007232,40
DB06151,MESH:D007249,40
DB06151,MESH:D007859,40
DB06151,MESH:D008171,40
DB06151,MESH:D009069,40
DB06151,MESH:D009102,40
DB06151,MESH:D009202,40
DB06151,MESH:D009203,40
DB06151,MESH:D009205,40
DB06151,MESH:D009325,40
DB06151,MESH:D009336,40
DB06151,MESH:D009361,40
DB06151,MESH:D009362,40
DB06151,MESH:D009410,40
DB06151,MESH:D009436,40
DB06151,MESH:D009765,40
DB06151,MESH:D010146,40
DB06151,MESH:D010523,40
DB06151,MESH:D011488,40
DB06151,MESH:D011507,40
DB06151,MESH:D011654,40
DB06151,MESH:D011658,40
DB06151,MESH:D012128,40
DB06151,MESH:D012555,0
DB06151,MESH:D012640,40
DB06151,MESH:D012878,40
DB06151,MESH:D013276,40
DB06151,MESH:D013375,40
DB06151,MESH:D014456,40
DB06151,MESH:D015427,40
DB06151,MESH:D015428,40
DB06151,MESH:D015834,40
DB06151,MESH:D017093,40
DB06151,MESH:D017114,40
DB06151,MESH:D017202,40
DB06151,MESH:D018149,40
DB06151,MESH:D018188,40
DB06151,MESH:D018376,40
DB06151,MESH:D018754,40
DB06151,MESH:D019457,40
DB06151,MESH:D019970,40
DB06151,MESH:D020258,40
DB06151,MESH:D034381,40
DB06151,MESH:D048629,40
DB06151,MESH:D048909,40
DB06151,MESH:D050171,40
DB06151,MESH:D051436,40
DB06151,MESH:D051437,40
DB06151,MESH:D055370,40
DB06151,MESH:D056486,40
DB06151,MESH:D058065,40
DB06151,MESH:D058186,40
DB06151,MESH:D062787,40
DB01339,MESH:D000707,40
DB01339,MESH:D000860,40
DB01339,MESH:D005076,40
DB01339,MESH:D005207,40
DB01339,MESH:D006323,40
DB01339,MESH:D006327,40
DB01339,MESH:D006935,40
DB01339,MESH:D007022,40
DB01339,MESH:D007674,40
DB01339,MESH:D008107,40
DB01339,MESH:D009127,40
DB01339,MESH:D009133,40
DB01339,MESH:D009135,40
DB01339,MESH:D009336,40
DB01339,MESH:D010146,40
DB01339,MESH:D010149,40
DB01339,MESH:D010291,40
DB01339,MESH:D011115,40
DB01339,MESH:D011782,40
DB01339,MESH:D012021,40
DB01339,MESH:D012131,40
DB01339,MESH:D012206,40
DB01339,MESH:D012640,40
DB01339,MESH:D013610,40
DB01339,MESH:D014313,40
DB01339,MESH:D014786,40
DB01339,MESH:D016171,40
DB01339,MESH:D018908,40
DB01339,MESH:D019586,40
DB01339,MESH:D020879,40
DB01212,MESH:D000743,40
DB01212,MESH:D000744,40
DB01212,MESH:D000855,40
DB01212,MESH:D001002,40
DB01212,MESH:D001068,40
DB01212,MESH:D001170,40
DB01212,MESH:D001424,40
DB01212,MESH:D001927,40
DB01212,MESH:D002311,40
DB01212,MESH:D002769,40
DB01212,MESH:D002779,40
DB01212,MESH:D002780,40
DB01212,MESH:D003875,40
DB01212,MESH:D003967,40
DB01212,MESH:D004409,40
DB01212,MESH:D004802,40
DB01212,MESH:D004927,40
DB01212,MESH:D005076,40
DB01212,MESH:D005483,40
DB01212,MESH:D006311,40
DB01212,MESH:D006323,40
DB01212,MESH:D006461,40
DB01212,MESH:D006505,40
DB01212,MESH:D007249,40
DB01212,MESH:D007674,40
DB01212,MESH:D007683,40
DB01212,MESH:D007970,40
DB01212,MESH:D008107,40
DB01212,MESH:D008133,40
DB01212,MESH:D008581,40
DB01212,MESH:D008585,2
DB01212,MESH:D008590,40
DB01212,MESH:D009102,40
DB01212,MESH:D009202,40
DB01212,MESH:D009395,40
DB01212,MESH:D010195,40
DB01212,MESH:D011008,40
DB01212,MESH:D011014,40
DB01212,MESH:D011018,40
DB01212,MESH:D011655,40
DB01212,MESH:D011704,40
DB01212,MESH:D012021,40
DB01212,MESH:D012141,40
DB01212,MESH:D012640,40
DB01212,MESH:D013203,40
DB01212,MESH:D013226,40
DB01212,MESH:D013262,40
DB01212,MESH:D013375,40
DB01212,MESH:D013922,40
DB01212,MESH:D013927,40
DB01212,MESH:D014511,40
DB01212,MESH:D014517,40
DB01212,MESH:D014552,40
DB01212,MESH:D014581,40
DB01212,MESH:D015431,40
DB01212,MESH:D015746,40
DB01212,MESH:D016470,40
DB01212,MESH:D016905,40
DB01212,MESH:D016908,40
DB01212,MESH:D018487,40
DB01212,MESH:D018805,40
DB01212,MESH:D019966,40
DB01212,MESH:D019969,40
DB01212,MESH:D019970,40
DB01212,MESH:D034381,40
DB01212,MESH:D042882,40
DB01212,MESH:D042883,40
DB01212,MESH:D052878,40
DB01212,MESH:D056486,40
DB01212,MESH:D058186,40
DB00330,MESH:D000707,40
DB00330,MESH:D000743,40
DB00330,MESH:D001002,27
DB00330,MESH:D001766,40
DB00330,MESH:D003117,40
DB00330,MESH:D003128,40
DB00330,MESH:D003875,40
DB00330,MESH:D004487,40
DB00330,MESH:D004802,40
DB00330,MESH:D005076,40
DB00330,MESH:D005128,40
DB00330,MESH:D005334,40
DB00330,MESH:D006261,40
DB00330,MESH:D006461,40
DB00330,MESH:D008107,40
DB00330,MESH:D009164,40
DB00330,MESH:D009165,40
DB00330,MESH:D009410,40
DB00330,MESH:D009846,40
DB00330,MESH:D009896,40
DB00330,MESH:D009901,40
DB00330,MESH:D009902,40
DB00330,MESH:D010146,40
DB00330,MESH:D010292,40
DB00330,MESH:D010523,40
DB00330,MESH:D011115,40
DB00330,MESH:D011507,40
DB00330,MESH:D011605,40
DB00330,MESH:D012164,40
DB00330,MESH:D012173,40
DB00330,MESH:D012772,40
DB00330,MESH:D013226,40
DB00330,MESH:D013921,40
DB00330,MESH:D014376,40
DB00330,MESH:D014397,40
DB00330,MESH:D014786,40
DB00330,MESH:D017285,40
DB00330,MESH:D029241,40
DB00330,MESH:D029242,40
DB00330,MESH:D051437,40
DB00330,MESH:D056486,40
DB00330,MESH:D058186,40
DB00200,MESH:D000707,40
DB00200,MESH:D009157,40
DB00200,MESH:D009902,5
DB00200,MESH:D014581,27
DB01284,MESH:D000707,40
DB01284,MESH:D007018,40
DB01284,MESH:D009798,40
DB01284,MESH:D013036,40
DB01337,MESH:D000707,40
DB01337,MESH:D000860,40
DB01337,MESH:D001145,40
DB01337,MESH:D001919,40
DB01337,MESH:D005207,40
DB01337,MESH:D006319,40
DB01337,MESH:D006323,40
DB01337,MESH:D006973,40
DB01337,MESH:D007022,40
DB01337,MESH:D009127,40
DB01337,MESH:D009133,40
DB01337,MESH:D009135,40
DB01337,MESH:D009336,40
DB01337,MESH:D009410,40
DB01337,MESH:D009468,40
DB01337,MESH:D009886,40
DB01337,MESH:D010146,40
DB01337,MESH:D010149,40
DB01337,MESH:D010243,40
DB01337,MESH:D010291,40
DB01337,MESH:D010523,40
DB01337,MESH:D011183,40
DB01337,MESH:D011782,40
DB01337,MESH:D012021,40
DB01337,MESH:D012640,40
DB01337,MESH:D013610,40
DB01337,MESH:D013617,40
DB01337,MESH:D014313,40
DB01337,MESH:D014693,40
DB01337,MESH:D016472,40
DB01337,MESH:D017180,40
DB01337,MESH:D017202,40
DB01337,MESH:D018908,40
DB01337,MESH:D020886,40
DB01337,MESH:D051437,40
DB01337,MESH:D062787,40
DB00483,MESH:D000707,0
DB00483,MESH:D001919,40
DB00483,MESH:D005207,9
DB00483,MESH:D009135,40
DB00483,MESH:D010146,40
DB00483,MESH:D010149,40
DB00483,MESH:D010243,40
DB00483,MESH:D012640,40
DB00483,MESH:D013610,40
DB00372,MESH:D000707,40
DB00372,MESH:D001480,40
DB00372,MESH:D002972,40
DB00372,MESH:D003680,40
DB00372,MESH:D003967,40
DB00372,MESH:D004409,40
DB00372,MESH:D004421,40
DB00372,MESH:D004890,40
DB00372,MESH:D009056,40
DB00372,MESH:D009325,40
DB00372,MESH:D013064,40
DB00372,MESH:D014839,40
DB00372,MESH:D020734,40
DB00372,MESH:D062787,40
DB00768,MESH:D000707,0
DB00768,MESH:D006255,40
DB00768,MESH:D012912,0
DB00728,MESH:D000707,40
DB00728,MESH:D005207,40
DB00728,MESH:D007022,40
DB00728,MESH:D009127,40
DB00728,MESH:D009135,40
DB00728,MESH:D010146,40
DB00728,MESH:D010149,40
DB00728,MESH:D011183,40
DB00728,MESH:D013610,40
DB00728,MESH:D014693,40
DB00728,MESH:D017180,40
DB00728,MESH:D018908,40
DB00281,MESH:D000707,40
DB00281,MESH:D000741,40
DB00281,MESH:D000799,40
DB00281,MESH:D000857,40
DB00281,MESH:D000860,40
DB00281,MESH:D001008,40
DB00281,MESH:D001049,40
DB00281,MESH:D001145,40
DB00281,MESH:D001259,40
DB00281,MESH:D001281,40
DB00281,MESH:D001416,40
DB00281,MESH:D001523,40
DB00281,MESH:D001714,40
DB00281,MESH:D001763,40
DB00281,MESH:D001766,40
DB00281,MESH:D001919,40
DB00281,MESH:D001930,40
DB00281,MESH:D002318,40
DB00281,MESH:D002493,40
DB00281,MESH:D002524,40
DB00281,MESH:D002545,40
DB00281,MESH:D003128,40
DB00281,MESH:D003371,40
DB00281,MESH:D003875,40
DB00281,MESH:D003929,40
DB00281,MESH:D004401,40
DB00281,MESH:D004487,40
DB00281,MESH:D004827,40
DB00281,MESH:D004830,40
DB00281,MESH:D004890,40
DB00281,MESH:D004892,40
DB00281,MESH:D004916,40
DB00281,MESH:D005158,40
DB00281,MESH:D005207,40
DB00281,MESH:D005891,40
DB00281,MESH:D006212,40
DB00281,MESH:D006261,40
DB00281,MESH:D006311,40
DB00281,MESH:D006323,40
DB00281,MESH:D006327,40
DB00281,MESH:D006331,40
DB00281,MESH:D006333,40
DB00281,MESH:D006930,40
DB00281,MESH:D006948,40
DB00281,MESH:D006967,40
DB00281,MESH:D006973,40
DB00281,MESH:D007008,40
DB00281,MESH:D007172,40
DB00281,MESH:D008133,40
DB00281,MESH:D008228,20
DB00281,MESH:D008708,40
DB00281,MESH:D009123,40
DB00281,MESH:D009128,40
DB00281,MESH:D009135,40
DB00281,MESH:D009203,40
DB00281,MESH:D009220,40
DB00281,MESH:D009422,40
DB00281,MESH:D009436,39
DB00281,MESH:D009437,40
DB00281,MESH:D009461,40
DB00281,MESH:D009886,40
DB00281,MESH:D010009,40
DB00281,MESH:D010146,40
DB00281,MESH:D010148,40
DB00281,MESH:D010149,40
DB00281,MESH:D010243,40
DB00281,MESH:D010292,40
DB00281,MESH:D010523,40
DB00281,MESH:D011183,40
DB00281,MESH:D011297,40
DB00281,MESH:D011605,40
DB00281,MESH:D011618,40
DB00281,MESH:D011654,40
DB00281,MESH:D012131,40
DB00281,MESH:D012640,40
DB00281,MESH:D012678,40
DB00281,MESH:D012770,40
DB00281,MESH:D012857,40
DB00281,MESH:D013117,40
DB00281,MESH:D013118,40
DB00281,MESH:D013226,40
DB00281,MESH:D013616,40
DB00281,MESH:D013651,40
DB00281,MESH:D014012,40
DB00281,MESH:D014581,40
DB00281,MESH:D014786,40
DB00281,MESH:D014839,40
DB00281,MESH:D016171,40
DB00281,MESH:D016491,40
DB00281,MESH:D017116,40
DB00281,MESH:D017180,40
DB00281,MESH:D018879,40
DB00281,MESH:D019970,40
DB00281,MESH:D020234,40
DB00281,MESH:D049188,40
DB00281,MESH:D051474,40
DB00281,MESH:D053201,40
DB00281,MESH:D053840,40
DB00281,MESH:D054537,40
DB01060,MESH:D000707,40
DB01060,MESH:D000743,40
DB01060,MESH:D000744,40
DB01060,MESH:D000799,40
DB01060,MESH:D000857,40
DB01060,MESH:D001002,40
DB01060,MESH:D001170,40
DB01060,MESH:D001424,40
DB01060,MESH:D001714,40
DB01060,MESH:D001987,0
DB01060,MESH:D002779,40
DB01060,MESH:D003092,40
DB01060,MESH:D003924,13
DB01060,MESH:D003967,40
DB01060,MESH:D004802,40
DB01060,MESH:D004890,40
DB01060,MESH:D004927,40
DB01060,MESH:D005076,40
DB01060,MESH:D005334,40
DB01060,MESH:D006212,40
DB01060,MESH:D006261,40
DB01060,MESH:D006417,40
DB01060,MESH:D006463,40
DB01060,MESH:D006947,40
DB01060,MESH:D006968,40
DB01060,MESH:D006969,40
DB01060,MESH:D008590,40
DB01060,MESH:D009203,40
DB01060,MESH:D009395,40
DB01060,MESH:D009404,40
DB01060,MESH:D010259,40
DB01060,MESH:D010437,40
DB01060,MESH:D010518,40
DB01060,MESH:D011008,40
DB01060,MESH:D011018,40
DB01060,MESH:D011183,40
DB01060,MESH:D011605,40
DB01060,MESH:D013262,40
DB01060,MESH:D013921,40
DB01060,MESH:D014517,40
DB01060,MESH:D014552,40
DB01060,MESH:D014581,40
DB01060,MESH:D014839,40
DB01060,MESH:D015746,40
DB01060,MESH:D016481,40
DB01060,MESH:D016870,40
DB01060,MESH:D017093,40
DB01060,MESH:D017114,40
DB01060,MESH:D017202,40
DB01060,MESH:D018805,40
DB01060,MESH:D029481,40
DB01060,MESH:D051437,40
DB01060,MESH:D052878,40
DB01060,MESH:D053040,40
DB01060,MESH:D054058,40
DB01060,MESH:D062787,40
DB00732,MESH:D000707,40
DB00732,MESH:D000799,1
DB00732,MESH:D001049,40
DB00732,MESH:D001919,40
DB00732,MESH:D003875,40
DB00732,MESH:D005076,40
DB00732,MESH:D005207,40
DB00732,MESH:D005483,40
DB00732,MESH:D006973,40
DB00732,MESH:D007022,40
DB00732,MESH:D009133,40
DB00732,MESH:D009135,40
DB00732,MESH:D010243,40
DB00732,MESH:D010291,40
DB00732,MESH:D011183,40
DB00732,MESH:D011782,40
DB00732,MESH:D012131,40
DB00732,MESH:D012640,40
DB00732,MESH:D014313,40
DB00732,MESH:D018908,40
DB00437,MESH:D000707,40
DB00437,MESH:D000860,40
DB00437,MESH:D001714,40
DB00437,MESH:D001749,40
DB00437,MESH:D001927,40
DB00437,MESH:D003875,40
DB00437,MESH:D004195,40
DB00437,MESH:D004283,40
DB00437,MESH:D004802,40
DB00437,MESH:D005076,40
DB00437,MESH:D005767,40
DB00437,MESH:D006073,40
DB00437,MESH:D006331,40
DB00437,MESH:D006470,40
DB00437,MESH:D006946,40
DB00437,MESH:D006949,40
DB00437,MESH:D007249,40
DB00437,MESH:D007333,40
DB00437,MESH:D007669,40
DB00437,MESH:D007674,40
DB00437,MESH:D007676,40
DB00437,MESH:D007898,0
DB00437,MESH:D007945,40
DB00437,MESH:D007960,0
DB00437,MESH:D008228,4
DB00437,MESH:D009374,40
DB00437,MESH:D009395,40
DB00437,MESH:D009503,40
DB00437,MESH:D011507,40
DB00437,MESH:D013262,40
DB00437,MESH:D013272,40
DB00437,MESH:D013280,0
DB00437,MESH:D013610,40
DB00437,MESH:D015428,40
DB00437,MESH:D016773,40
DB00437,MESH:D017880,40
DB00437,MESH:D050171,40
DB00437,MESH:D053099,36
DB00437,MESH:D054198,40
DB00437,MESH:D058186,40
DB00437,MESH:D065626,40
DB00091,MESH:D000741,40
DB00091,MESH:D000744,40
DB00091,MESH:D001169,40
DB00091,MESH:D001172,40
DB00091,MESH:D001284,40
DB00091,MESH:D001327,40
DB00091,MESH:D001523,40
DB00091,MESH:D001528,40
DB00091,MESH:D001714,40
DB00091,MESH:D001927,40
DB00091,MESH:D001928,40
DB00091,MESH:D001930,40
DB00091,MESH:D001943,40
DB00091,MESH:D002114,40
DB00091,MESH:D002294,40
DB00091,MESH:D002471,40
DB00091,MESH:D002561,40
DB00091,MESH:D002769,40
DB00091,MESH:D002779,40
DB00091,MESH:D002780,40
DB00091,MESH:D003072,40
DB00091,MESH:D003093,40
DB00091,MESH:D003556,40
DB00091,MESH:D003866,40
DB00091,MESH:D003967,40
DB00091,MESH:D004751,40
DB00091,MESH:D005128,40
DB00091,MESH:D005158,40
DB00091,MESH:D005234,40
DB00091,MESH:D005483,40
DB00091,MESH:D005767,40
DB00091,MESH:D005885,40
DB00091,MESH:D005886,40
DB00091,MESH:D005891,40
DB00091,MESH:D006261,40
DB00091,MESH:D006311,40
DB00091,MESH:D006319,40
DB00091,MESH:D006331,40
DB00091,MESH:D006417,40
DB00091,MESH:D006457,40
DB00091,MESH:D006463,40
DB00091,MESH:D006470,40
DB00091,MESH:D006504,40
DB00091,MESH:D006526,40
DB00091,MESH:D006628,40
DB00091,MESH:D006932,40
DB00091,MESH:D006947,40
DB00091,MESH:D006949,40
DB00091,MESH:D006965,40
DB00091,MESH:D006966,40
DB00091,MESH:D006973,40
DB00091,MESH:D006977,40
DB00091,MESH:D006983,40
DB00091,MESH:D007154,40
DB00091,MESH:D007249,40
DB00091,MESH:D007410,40
DB00091,MESH:D007674,40
DB00091,MESH:D007680,40
DB00091,MESH:D007683,40
DB00091,MESH:D008107,40
DB00091,MESH:D009102,40
DB00091,MESH:D009135,40
DB00091,MESH:D009157,40
DB00091,MESH:D009202,40
DB00091,MESH:D009336,40
DB00091,MESH:D009397,40
DB00091,MESH:D009402,40
DB00091,MESH:D009404,40
DB00091,MESH:D009410,40
DB00091,MESH:D009422,40
DB00091,MESH:D009437,40
DB00091,MESH:D009468,40
DB00091,MESH:D009503,40
DB00091,MESH:D009765,40
DB00091,MESH:D010146,40
DB00091,MESH:D010195,40
DB00091,MESH:D010243,40
DB00091,MESH:D010291,40
DB00091,MESH:D010292,40
DB00091,MESH:D010392,40
DB00091,MESH:D010523,40
DB00091,MESH:D011183,40
DB00091,MESH:D011230,40
DB00091,MESH:D011297,39
DB00091,MESH:D011565,40
DB00091,MESH:D011655,40
DB00091,MESH:D011697,40
DB00091,MESH:D012008,40
DB00091,MESH:D012170,40
DB00091,MESH:D012206,40
DB00091,MESH:D012516,40
DB00091,MESH:D012594,32
DB00091,MESH:D012640,40
DB00091,MESH:D012769,40
DB00091,MESH:D013226,40
DB00091,MESH:D013262,40
DB00091,MESH:D013375,40
DB00091,MESH:D013610,40
DB00091,MESH:D013923,40
DB00091,MESH:D014202,40
DB00091,MESH:D014605,40
DB00091,MESH:D014652,40
DB00091,MESH:D014839,40
DB00091,MESH:D014890,40
DB00091,MESH:D015228,40
DB00091,MESH:D016553,40
DB00091,MESH:D017379,40
DB00091,MESH:D018149,40
DB00091,MESH:D018487,40
DB00091,MESH:D018771,40
DB00091,MESH:D019694,40
DB00091,MESH:D020246,40
DB00091,MESH:D020258,40
DB00091,MESH:D033461,40
DB00091,MESH:D050171,40
DB00091,MESH:D050500,1
DB00091,MESH:D051436,40
DB00091,MESH:D051437,40
DB00091,MESH:D052016,40
DB00091,MESH:D053099,40
DB00091,MESH:D054038,40
DB00091,MESH:D054198,40
DB00091,MESH:D054218,40
DB00091,MESH:D056486,40
DB00091,MESH:D056784,40
DB00091,MESH:D057049,40
DB00091,MESH:D057772,40
DB00091,MESH:D058186,40
DB11136,MESH:D001768,40
DB11136,MESH:D001943,40
DB11136,MESH:D002471,40
DB11136,MESH:D002547,33
DB11136,MESH:D003866,40
DB11136,MESH:D003920,40
DB11136,MESH:D003921,40
DB11136,MESH:D003924,40
DB11136,MESH:D004487,40
DB11136,MESH:D006461,40
DB11136,MESH:D006937,40
DB11136,MESH:D006946,40
DB11136,MESH:D006949,40
DB11136,MESH:D006973,40
DB11136,MESH:D007003,40
DB11136,MESH:D007249,40
DB11136,MESH:D007414,40
DB11136,MESH:D007674,40
DB11136,MESH:D008569,40
DB11136,MESH:D009133,40
DB11136,MESH:D009369,40
DB11136,MESH:D009765,40
DB11136,MESH:D009784,40
DB11136,MESH:D010523,40
DB11136,MESH:D011183,40
DB11136,MESH:D011297,40
DB11136,MESH:D013921,40
DB11136,MESH:D014424,40
DB11136,MESH:D016640,40
DB11136,MESH:D017449,40
DB11136,MESH:D018149,40
DB11136,MESH:D048909,40
DB11136,MESH:D050177,40
DB11136,MESH:D050197,40
DB11136,MESH:D051437,40
DB11136,MESH:D056486,40
DB11136,MESH:D059366,40
DB00915,MESH:D000855,40
DB00915,MESH:D001321,40
DB00915,MESH:D001480,40
DB00915,MESH:D001714,40
DB00915,MESH:D001930,40
DB00915,MESH:D002318,40
DB00915,MESH:D002375,40
DB00915,MESH:D002389,40
DB00915,MESH:D002493,40
DB00915,MESH:D002524,40
DB00915,MESH:D002819,40
DB00915,MESH:D003128,40
DB00915,MESH:D003248,40
DB00915,MESH:D003704,40
DB00915,MESH:D003967,40
DB00915,MESH:D004409,40
DB00915,MESH:D004487,40
DB00915,MESH:D005221,40
DB00915,MESH:D005334,40
DB00915,MESH:D005715,40
DB00915,MESH:D005767,40
DB00915,MESH:D006212,40
DB00915,MESH:D006323,40
DB00915,MESH:D006330,40
DB00915,MESH:D006509,40
DB00915,MESH:D006526,40
DB00915,MESH:D006816,40
DB00915,MESH:D006948,40
DB00915,MESH:D006973,40
DB00915,MESH:D007010,40
DB00915,MESH:D007251,40
DB00915,MESH:D007859,40
DB00915,MESH:D008133,40
DB00915,MESH:D008569,40
DB00915,MESH:D009069,40
DB00915,MESH:D009127,40
DB00915,MESH:D009976,40
DB00915,MESH:D010149,40
DB00915,MESH:D010259,40
DB00915,MESH:D010292,40
DB00915,MESH:D010554,40
DB00915,MESH:D011596,40
DB00915,MESH:D011605,40
DB00915,MESH:D011618,40
DB00915,MESH:D012640,40
DB00915,MESH:D012883,40
DB00915,MESH:D013375,40
DB00915,MESH:D013771,40
DB00915,MESH:D014202,40
DB00915,MESH:D014786,40
DB00915,MESH:D015431,40
DB00915,MESH:D016171,40
DB00915,MESH:D016491,40
DB00915,MESH:D018476,40
DB00915,MESH:D018908,40
DB00915,MESH:D019956,40
DB00915,MESH:D019964,40
DB00915,MESH:D019970,40
DB00915,MESH:D020018,40
DB00915,MESH:D020734,40
DB00915,MESH:D020820,40
DB00915,MESH:D053609,40
DB00653,MESH:D000740,40
DB00653,MESH:D001049,40
DB00653,MESH:D001145,40
DB00653,MESH:D001281,40
DB00653,MESH:D001919,40
DB00653,MESH:D001929,40
DB00653,MESH:D001930,40
DB00653,MESH:D002114,40
DB00653,MESH:D002543,40
DB00653,MESH:D002547,40
DB00653,MESH:D003128,40
DB00653,MESH:D004409,40
DB00653,MESH:D005141,40
DB00653,MESH:D005207,40
DB00653,MESH:D005317,40
DB00653,MESH:D006323,40
DB00653,MESH:D006331,40
DB00653,MESH:D006501,40
DB00653,MESH:D006930,40
DB00653,MESH:D006947,40
DB00653,MESH:D006973,40
DB00653,MESH:D006996,40
DB00653,MESH:D007008,40
DB00653,MESH:D007035,40
DB00653,MESH:D007674,40
DB00653,MESH:D007752,39
DB00653,MESH:D008133,40
DB00653,MESH:D008275,40
DB00653,MESH:D009135,40
DB00653,MESH:D009157,40
DB00653,MESH:D009325,40
DB00653,MESH:D009395,40
DB00653,MESH:D009410,40
DB00653,MESH:D010146,40
DB00653,MESH:D010149,40
DB00653,MESH:D010243,40
DB00653,MESH:D010291,40
DB00653,MESH:D010523,40
DB00653,MESH:D011225,40
DB00653,MESH:D011507,40
DB00653,MESH:D011782,33
DB00653,MESH:D012120,40
DB00653,MESH:D012131,40
DB00653,MESH:D012640,40
DB00653,MESH:D013610,40
DB00653,MESH:D014202,40
DB00653,MESH:D014839,40
DB00653,MESH:D015430,40
DB00653,MESH:D017180,40
DB00653,MESH:D018754,40
DB00653,MESH:D018908,40
DB00653,MESH:D020233,30
DB00653,MESH:D020879,6
DB00653,MESH:D053608,40
DB00653,MESH:D062787,38
DB01128,MESH:D000740,40
DB01128,MESH:D001943,40
DB01128,MESH:D006177,40
DB01128,MESH:D010146,40
DB01128,MESH:D011471,40
DB01128,MESH:D064129,3
DB07565,MESH:D003638,40
DB07565,MESH:D004802,28
DB07565,MESH:D005767,40
DB07565,MESH:D007970,40
DB07565,MESH:D009503,40
DB07565,MESH:D012131,40
DB07565,MESH:D014839,7
DB00188,MESH:D000740,40
DB00188,MESH:D000743,40
DB00188,MESH:D001749,40
DB00188,MESH:D001943,40
DB00188,MESH:D002289,40
DB00188,MESH:D002294,40
DB00188,MESH:D002295,40
DB00188,MESH:D003248,40
DB00188,MESH:D003967,40
DB00188,MESH:D004195,40
DB00188,MESH:D004938,40
DB00188,MESH:D005221,40
DB00188,MESH:D005909,40
DB00188,MESH:D005910,40
DB00188,MESH:D006333,40
DB00188,MESH:D006402,40
DB00188,MESH:D006429,40
DB00188,MESH:D006528,40
DB00188,MESH:D006930,40
DB00188,MESH:D006934,40
DB00188,MESH:D007024,40
DB00188,MESH:D008223,40
DB00188,MESH:D008231,40
DB00188,MESH:D008258,40
DB00188,MESH:D008527,40
DB00188,MESH:D009101,40
DB00188,MESH:D009325,40
DB00188,MESH:D009369,40
DB00188,MESH:D009422,40
DB00188,MESH:D009437,40
DB00188,MESH:D009447,40
DB00188,MESH:D009461,39
DB00188,MESH:D009503,40
DB00188,MESH:D010190,40
DB00188,MESH:D010292,40
DB00188,MESH:D012208,40
DB00188,MESH:D012516,40
DB00188,MESH:D012678,40
DB00188,MESH:D012871,40
DB00188,MESH:D013163,40
DB00188,MESH:D013262,40
DB00188,MESH:D013921,40
DB00188,MESH:D013927,40
DB00188,MESH:D015459,40
DB00188,MESH:D015461,40
DB00188,MESH:D015470,40
DB00188,MESH:D016055,40
DB00188,MESH:D016393,40
DB00188,MESH:D018232,40
DB00188,MESH:D018233,40
DB00188,MESH:D018357,40
DB00188,MESH:D020521,40
DB00188,MESH:D020522,40
DB00188,MESH:D051437,40
DB00643,MESH:D004443,0
DB00643,MESH:D004830,40
DB00643,MESH:D005921,40
DB00643,MESH:D006261,40
DB00643,MESH:D008064,40
DB00643,MESH:D008107,38
DB00643,MESH:D014839,40
DB00643,MESH:D015746,25
DB00643,MESH:D056486,40
DB01254,MESH:D000740,40
DB01254,MESH:D000855,40
DB01254,MESH:D001247,40
DB01254,MESH:D001943,40
DB01254,MESH:D007938,40
DB01254,MESH:D007951,40
DB01254,MESH:D009361,40
DB01254,MESH:D011087,40
DB01254,MESH:D015431,40
DB01254,MESH:D015464,40
DB01254,MESH:D015746,40
DB01254,MESH:D054198,40
DB01254,MESH:D056486,40
DB00127,MESH:D000740,40
DB00127,MESH:D001930,40
DB00127,MESH:D002545,40
DB00127,MESH:D006331,29
DB00127,MESH:D007859,40
DB00127,MESH:D008569,40
DB00127,MESH:D009336,40
DB00127,MESH:D009410,40
DB00127,MESH:D012640,40
DB00127,MESH:D014202,40
DB00318,MESH:D000740,40
DB00318,MESH:D000860,40
DB00318,MESH:D001919,40
DB00318,MESH:D002295,40
DB00318,MESH:D002375,40
DB00318,MESH:D003128,40
DB00318,MESH:D003248,40
DB00318,MESH:D003371,40
DB00318,MESH:D003490,40
DB00318,MESH:D003866,40
DB00318,MESH:D003967,40
DB00318,MESH:D004310,40
DB00318,MESH:D004421,40
DB00318,MESH:D005076,40
DB00318,MESH:D005334,40
DB00318,MESH:D005767,40
DB00318,MESH:D006261,40
DB00318,MESH:D006330,40
DB00318,MESH:D006967,40
DB00318,MESH:D006973,40
DB00318,MESH:D007008,40
DB00318,MESH:D007674,40
DB00318,MESH:D007680,40
DB00318,MESH:D009325,40
DB00318,MESH:D009461,40
DB00318,MESH:D009771,40
DB00318,MESH:D010195,40
DB00318,MESH:D011297,40
DB00318,MESH:D011537,40
DB00318,MESH:D011695,40
DB00318,MESH:D012891,0
DB00318,MESH:D013035,40
DB00318,MESH:D013375,40
DB00318,MESH:D014806,40
DB00318,MESH:D014839,40
DB00318,MESH:D018476,40
DB00318,MESH:D020521,40
DB00938,MESH:D000740,40
DB00938,MESH:D000799,40
DB00938,MESH:D001249,40
DB00938,MESH:D006261,40
DB00938,MESH:D006984,40
DB00938,MESH:D007249,40
DB00938,MESH:D008064,40
DB00938,MESH:D013610,40
DB00938,MESH:D014581,40
DB00938,MESH:D018235,40
DB00938,MESH:D029424,40
DB00938,MESH:D029481,40
DB01206,MESH:D000740,40
DB01206,MESH:D001254,40
DB01206,MESH:D001766,40
DB01206,MESH:D001855,40
DB01206,MESH:D001927,40
DB01206,MESH:D001929,40
DB01206,MESH:D001932,40
DB01206,MESH:D002779,40
DB01206,MESH:D003866,40
DB01206,MESH:D003969,40
DB01206,MESH:D005134,40
DB01206,MESH:D005767,40
DB01206,MESH:D005909,40
DB01206,MESH:D006331,40
DB01206,MESH:D006333,40
DB01206,MESH:D006408,40
DB01206,MESH:D006689,40
DB01206,MESH:D006965,40
DB01206,MESH:D007674,40
DB01206,MESH:D007676,40
DB01206,MESH:D007970,40
DB01206,MESH:D008113,40
DB01206,MESH:D008175,40
DB01206,MESH:D008223,40
DB01206,MESH:D008545,40
DB01206,MESH:D009203,40
DB01206,MESH:D009369,40
DB01206,MESH:D009374,40
DB01206,MESH:D009395,40
DB01206,MESH:D009837,40
DB01206,MESH:D012513,40
DB01206,MESH:D013921,40
DB01206,MESH:D014839,40
DB01206,MESH:D016543,40
DB01206,MESH:D017093,40
DB01206,MESH:D034381,40
DB01206,MESH:D051437,40
DB01206,MESH:D055752,40
DB01206,MESH:D056486,40
DB00750,MESH:D000740,40
DB00750,MESH:D000799,40
DB00750,MESH:D001919,40
DB00750,MESH:D006261,40
DB00750,MESH:D007022,40
DB00750,MESH:D008708,0
DB00750,MESH:D009410,40
DB00750,MESH:D009422,40
DB00750,MESH:D010146,40
DB00750,MESH:D010291,40
DB00750,MESH:D010409,40
DB00750,MESH:D013035,40
DB00750,MESH:D013610,40
DB00750,MESH:D014474,40
DB00750,MESH:D016055,40
DB01328,MESH:D000740,40
DB01328,MESH:D003875,40
DB01328,MESH:D009503,40
DB01328,MESH:D013921,40
DB01328,MESH:D014581,40
DB05088,MESH:D001169,40
DB05088,MESH:D002779,40
DB05088,MESH:D004646,40
DB05088,MESH:D006527,40
DB05088,MESH:D008106,7
DB05088,MESH:D008654,40
DB05088,MESH:D009202,40
DB05088,MESH:D009369,40
DB05088,MESH:D009389,2
DB05088,MESH:D011658,40
DB05088,MESH:D015431,40
DB05088,MESH:D016778,40
DB05088,MESH:D056486,40
DB05088,MESH:D058226,40
DB01330,MESH:D000743,40
DB01330,MESH:D013262,40
DB01330,MESH:D064793,0
DB12783,MESH:D000744,40
DB12783,MESH:D001145,40
DB12783,MESH:D001919,40
DB12783,MESH:D001927,40
DB12783,MESH:D004409,40
DB12783,MESH:D006930,40
DB12783,MESH:D007022,40
DB12783,MESH:D009069,40
DB12783,MESH:D010300,40
DB12783,MESH:D010302,40
DB12783,MESH:D010554,40
DB12783,MESH:D020734,40
DB00451,MESH:D000740,38
DB00451,MESH:D000744,40
DB00451,MESH:D001002,40
DB00451,MESH:D001145,40
DB00451,MESH:D002349,40
DB00451,MESH:D003865,40
DB00451,MESH:D004719,40
DB00451,MESH:D006042,40
DB00451,MESH:D006044,40
DB00451,MESH:D006111,40
DB00451,MESH:D006319,40
DB00451,MESH:D006332,40
DB00451,MESH:D006505,40
DB00451,MESH:D006965,40
DB00451,MESH:D006980,40
DB00451,MESH:D006981,40
DB00451,MESH:D007018,0
DB00451,MESH:D007674,40
DB00451,MESH:D008107,40
DB00451,MESH:D009325,40
DB00451,MESH:D010292,40
DB00451,MESH:D012640,40
DB00451,MESH:D013610,40
DB00451,MESH:D013959,40
DB00451,MESH:D017114,40
DB00451,MESH:D018476,40
DB00451,MESH:D019965,40
DB00451,MESH:D050031,40
DB00451,MESH:D051437,40
DB00451,MESH:D056486,40
DB00451,MESH:D058186,40
DB00451,MESH:D060825,0
DB01087,MESH:D000740,40
DB01087,MESH:D000743,40
DB01087,MESH:D000799,0
DB01087,MESH:D003866,40
DB01087,MESH:D006261,40
DB01087,MESH:D008133,39
DB01087,MESH:D008288,40
DB01087,MESH:D008708,40
DB01087,MESH:D011537,40
DB01087,MESH:D058186,40
DB03783,MESH:D000743,40
DB03783,MESH:D001284,40
DB03783,MESH:D001749,40
DB03783,MESH:D002295,40
DB03783,MESH:D003875,40
DB03783,MESH:D005234,40
DB03783,MESH:D005334,40
DB03783,MESH:D006529,40
DB03783,MESH:D007674,40
DB03783,MESH:D007676,40
DB03783,MESH:D007680,40
DB03783,MESH:D008708,40
DB03783,MESH:D009395,40
DB03783,MESH:D009397,40
DB03783,MESH:D011014,40
DB03783,MESH:D013163,40
DB03783,MESH:D013276,40
DB03783,MESH:D013733,40
DB03783,MESH:D014516,40
DB03783,MESH:D014571,40
DB03783,MESH:D014652,40
DB03783,MESH:D019966,40
DB03783,MESH:D056486,40
DB03783,MESH:D058186,40
DB00970,MESH:D000740,40
DB00970,MESH:D000855,40
DB00970,MESH:D001201,40
DB00970,MESH:D001749,40
DB00970,MESH:D001927,40
DB00970,MESH:D002295,40
DB00970,MESH:D002637,40
DB00970,MESH:D003556,40
DB00970,MESH:D003866,40
DB00970,MESH:D004417,40
DB00970,MESH:D005334,40
DB00970,MESH:D005909,40
DB00970,MESH:D006333,40
DB00970,MESH:D006417,40
DB00970,MESH:D006504,40
DB00970,MESH:D006529,40
DB00970,MESH:D006949,38
DB00970,MESH:D007970,40
DB00970,MESH:D008107,40
DB00970,MESH:D008545,40
DB00970,MESH:D008569,40
DB00970,MESH:D009102,40
DB00970,MESH:D009202,40
DB00970,MESH:D009325,40
DB00970,MESH:D009396,40
DB00970,MESH:D009410,40
DB00970,MESH:D010001,40
DB00970,MESH:D010051,40
DB00970,MESH:D010146,40
DB00970,MESH:D010190,40
DB00970,MESH:D010243,40
DB00970,MESH:D011668,40
DB00970,MESH:D012512,40
DB00970,MESH:D012516,40
DB00970,MESH:D012640,40
DB00970,MESH:D013262,40
DB00970,MESH:D013921,40
DB00970,MESH:D014839,40
DB00970,MESH:D018241,40
DB00970,MESH:D019046,40
DB00970,MESH:D020258,40
DB00970,MESH:D042822,40
DB00970,MESH:D056486,40
DB00861,MESH:D000740,40
DB00861,MESH:D000743,40
DB00861,MESH:D000855,40
DB00861,MESH:D004802,40
DB00861,MESH:D005076,40
DB00861,MESH:D005334,40
DB00861,MESH:D006261,40
DB00861,MESH:D006529,40
DB00861,MESH:D007674,40
DB00861,MESH:D009325,40
DB00861,MESH:D009395,40
DB00861,MESH:D009846,40
DB00861,MESH:D010003,40
DB00861,MESH:D010149,40
DB00861,MESH:D011014,15
DB00861,MESH:D013163,40
DB00861,MESH:D013262,40
DB00861,MESH:D015746,40
DB00861,MESH:D028227,40
DB00861,MESH:D056486,40
DB00861,MESH:D056647,0
DB00861,MESH:D058186,40
DB09073,MESH:D000740,40
DB09073,MESH:D001943,40
DB09073,MESH:D002869,40
DB09073,MESH:D003248,40
DB09073,MESH:D003967,40
DB09073,MESH:D005221,40
DB09073,MESH:D006261,40
DB09073,MESH:D006943,39
DB09073,MESH:D006965,39
DB09073,MESH:D007010,40
DB09073,MESH:D007970,40
DB09073,MESH:D008080,40
DB09073,MESH:D008231,40
DB09073,MESH:D009325,40
DB09073,MESH:D009361,40
DB09073,MESH:D009362,40
DB09073,MESH:D009373,40
DB09073,MESH:D009503,40
DB09073,MESH:D011655,40
DB09073,MESH:D013921,40
DB09073,MESH:D014839,40
DB09073,MESH:D015470,40
DB09073,MESH:D020295,40
DB09073,MESH:D020522,2
DB00220,MESH:D000787,40
DB00220,MESH:D001919,40
DB00220,MESH:D001943,40
DB00220,MESH:D002779,40
DB00220,MESH:D003327,40
DB00220,MESH:D003924,40
DB00220,MESH:D003967,40
DB00220,MESH:D005076,40
DB00220,MESH:D006526,40
DB00220,MESH:D006529,40
DB00220,MESH:D006965,40
DB00220,MESH:D006984,18
DB00220,MESH:D007024,40
DB00220,MESH:D007669,40
DB00220,MESH:D007896,40
DB00220,MESH:D008080,0
DB00220,MESH:D008545,40
DB00220,MESH:D009203,40
DB00220,MESH:D009336,40
DB00220,MESH:D009369,40
DB00220,MESH:D010051,40
DB00220,MESH:D011658,40
DB00220,MESH:D012595,40
DB00220,MESH:D012640,40
DB00220,MESH:D013964,40
DB00220,MESH:D015658,40
DB00220,MESH:D018263,40
DB00220,MESH:D023341,40
DB00220,MESH:D024821,40
DB00220,MESH:D056486,40
DB08844,MESH:D000740,40
DB08844,MESH:D001169,40
DB08844,MESH:D002310,0
DB08844,MESH:D002779,40
DB08844,MESH:D003324,1
DB08844,MESH:D003922,40
DB08844,MESH:D004195,40
DB08844,MESH:D006073,0
DB08844,MESH:D007249,40
DB08844,MESH:D007669,40
DB08844,MESH:D007674,40
DB08844,MESH:D008659,40
DB08844,MESH:D010146,38
DB08844,MESH:D010538,40
DB08844,MESH:D015210,40
DB08844,MESH:D024821,0
DB08844,MESH:D033461,0
DB08844,MESH:D052878,40
DB00588,MESH:D000740,40
DB00588,MESH:D001249,40
DB00588,MESH:D006255,40
DB00588,MESH:D007249,40
DB00588,MESH:D008173,40
DB00588,MESH:D012891,40
DB00588,MESH:D015508,0
DB00585,MESH:D000741,40
DB00585,MESH:D001480,40
DB00585,MESH:D004381,40
DB00585,MESH:D004942,40
DB00585,MESH:D005076,40
DB00585,MESH:D005334,40
DB00585,MESH:D008103,40
DB00585,MESH:D010198,40
DB00585,MESH:D010302,40
DB00585,MESH:D011537,40
DB00585,MESH:D012640,40
DB00585,MESH:D012859,0
DB00585,MESH:D014202,40
DB00585,MESH:D015430,40
DB00585,MESH:D017093,40
DB01147,MESH:D000741,40
DB01147,MESH:D000743,40
DB01147,MESH:D000799,40
DB01147,MESH:D002481,36
DB01147,MESH:D002780,40
DB01147,MESH:D003967,40
DB01147,MESH:D004417,39
DB01147,MESH:D004487,40
DB01147,MESH:D005076,40
DB01147,MESH:D005334,40
DB01147,MESH:D006417,40
DB01147,MESH:D007964,40
DB01147,MESH:D009395,40
DB01147,MESH:D009503,40
DB01147,MESH:D013203,40
DB01147,MESH:D014839,40
DB01147,MESH:D015746,40
DB01147,MESH:D041781,40
DB01147,MESH:D051437,40
DB01147,MESH:D056486,40
DB13954,MESH:D000741,40
DB13954,MESH:D053609,0
DB00518,MESH:D000741,40
DB00518,MESH:D003248,40
DB00518,MESH:D005158,40
DB00518,MESH:D005234,40
DB00518,MESH:D005334,40
DB00518,MESH:D006261,40
DB00518,MESH:D006330,40
DB00518,MESH:D009336,40
DB00518,MESH:D009902,0
DB00518,MESH:D011537,38
DB00518,MESH:D012640,40
DB00518,MESH:D013226,40
DB00518,MESH:D013262,40
DB00518,MESH:D014839,40
DB00518,MESH:D018908,15
DB00518,MESH:D019586,40
DB00518,MESH:D024801,40
DB00358,MESH:D000741,40
DB00358,MESH:D000744,40
DB00358,MESH:D001068,40
DB00358,MESH:D001523,40
DB00358,MESH:D001714,40
DB00358,MESH:D001927,40
DB00358,MESH:D002779,40
DB00358,MESH:D003072,40
DB00358,MESH:D003639,40
DB00358,MESH:D003865,40
DB00358,MESH:D003875,40
DB00358,MESH:D003967,40
DB00358,MESH:D004830,40
DB00358,MESH:D004890,40
DB00358,MESH:D005234,40
DB00358,MESH:D005767,40
DB00358,MESH:D006212,40
DB00358,MESH:D006261,40
DB00358,MESH:D007024,40
DB00358,MESH:D007319,40
DB00358,MESH:D008288,40
DB00358,MESH:D008569,40
DB00358,MESH:D009325,40
DB00358,MESH:D009410,40
DB00358,MESH:D009422,40
DB00358,MESH:D010259,40
DB00358,MESH:D010292,40
DB00358,MESH:D011537,40
DB00358,MESH:D011565,40
DB00358,MESH:D011595,40
DB00358,MESH:D011605,40
DB00358,MESH:D012640,40
DB00358,MESH:D012769,40
DB00358,MESH:D012893,40
DB00358,MESH:D013262,40
DB00358,MESH:D013610,40
DB00358,MESH:D013921,40
DB00358,MESH:D014012,40
DB00358,MESH:D014786,40
DB00358,MESH:D014839,40
DB00358,MESH:D016584,40
DB00358,MESH:D016778,40
DB00358,MESH:D017093,40
DB00358,MESH:D019964,40
DB00358,MESH:D020234,40
DB00358,MESH:D023341,38
DB00358,MESH:D034381,40
DB00358,MESH:D053608,40
DB00358,MESH:D054537,40
DB00593,MESH:D000741,40
DB00593,MESH:D000855,40
DB00593,MESH:D004409,40
DB00593,MESH:D004487,40
DB00593,MESH:D004827,40
DB00593,MESH:D004830,40
DB00593,MESH:D006417,40
DB00593,MESH:D006930,40
DB00593,MESH:D007674,40
DB00593,MESH:D007859,40
DB00593,MESH:D008107,40
DB00593,MESH:D008180,4
DB00593,MESH:D008231,0
DB00593,MESH:D008569,40
DB00593,MESH:D009404,40
DB00593,MESH:D009410,40
DB00593,MESH:D010302,40
DB00593,MESH:D010554,40
DB00593,MESH:D011297,40
DB00593,MESH:D011507,40
DB00593,MESH:D012640,40
DB00593,MESH:D013262,40
DB00593,MESH:D013921,40
DB00593,MESH:D014202,40
DB00593,MESH:D014839,40
DB00593,MESH:D015431,40
DB00593,MESH:D018771,40
DB00593,MESH:D020820,40
DB00593,MESH:D053609,40
DB00593,MESH:D056486,40
DB00409,MESH:D000741,0
DB00409,MESH:D001919,40
DB00409,MESH:D002375,40
DB00409,MESH:D003072,40
DB00409,MESH:D004409,40
DB00409,MESH:D006212,40
DB00409,MESH:D009069,40
DB00409,MESH:D009127,40
DB00409,MESH:D011596,1
DB00409,MESH:D011605,40
DB00409,MESH:D011618,40
DB00409,MESH:D012559,40
DB00409,MESH:D014202,40
DB00409,MESH:D019966,40
DB00233,MESH:D000741,26
DB00233,MESH:D000743,3
DB00233,MESH:D000756,40
DB00233,MESH:D006505,40
DB00233,MESH:D014376,40
DB00233,MESH:D056486,40
DB00233,MESH:D058186,40
DB00301,MESH:D000741,40
DB00301,MESH:D000743,40
DB00301,MESH:D002761,40
DB00301,MESH:D002779,40
DB00301,MESH:D006505,40
DB00301,MESH:D009393,40
DB00301,MESH:D011183,40
DB00301,MESH:D013203,40
DB00301,MESH:D016470,40
DB00301,MESH:D017093,40
DB00301,MESH:D041781,40
DB00301,MESH:D056486,40
DB00301,MESH:D058186,40
DB00472,MESH:D000741,40
DB00472,MESH:D000799,40
DB00472,MESH:D000855,40
DB00472,MESH:D001008,40
DB00472,MESH:D001037,40
DB00472,MESH:D001049,40
DB00472,MESH:D001068,40
DB00472,MESH:D001247,40
DB00472,MESH:D001259,40
DB00472,MESH:D001281,40
DB00472,MESH:D001321,40
DB00472,MESH:D001480,40
DB00472,MESH:D001523,40
DB00472,MESH:D001919,40
DB00472,MESH:D001927,40
DB00472,MESH:D002318,40
DB00472,MESH:D002375,40
DB00472,MESH:D002389,40
DB00472,MESH:D002543,40
DB00472,MESH:D002546,40
DB00472,MESH:D002780,40
DB00472,MESH:D002819,40
DB00472,MESH:D003072,40
DB00472,MESH:D003110,40
DB00472,MESH:D003865,40
DB00472,MESH:D003866,40
DB00472,MESH:D003967,40
DB00472,MESH:D004409,40
DB00472,MESH:D004421,40
DB00472,MESH:D004715,40
DB00472,MESH:D004827,40
DB00472,MESH:D005315,40
DB00472,MESH:D005767,40
DB00472,MESH:D005879,40
DB00472,MESH:D006212,40
DB00472,MESH:D006261,40
DB00472,MESH:D006327,40
DB00472,MESH:D006331,40
DB00472,MESH:D006332,40
DB00472,MESH:D006505,40
DB00472,MESH:D006529,40
DB00472,MESH:D006556,40
DB00472,MESH:D006930,40
DB00472,MESH:D006948,40
DB00472,MESH:D006966,40
DB00472,MESH:D006973,40
DB00472,MESH:D007010,40
DB00472,MESH:D007022,40
DB00472,MESH:D007035,40
DB00472,MESH:D007174,40
DB00472,MESH:D007177,40
DB00472,MESH:D007249,40
DB00472,MESH:D007319,40
DB00472,MESH:D008064,40
DB00472,MESH:D008133,40
DB00472,MESH:D008569,40
DB00472,MESH:D009069,40
DB00472,MESH:D009128,40
DB00472,MESH:D009220,40
DB00472,MESH:D009325,40
DB00472,MESH:D009336,40
DB00472,MESH:D009461,40
DB00472,MESH:D009765,40
DB00472,MESH:D009771,40
DB00472,MESH:D009845,40
DB00472,MESH:D010146,40
DB00472,MESH:D010259,40
DB00472,MESH:D010292,40
DB00472,MESH:D010510,40
DB00472,MESH:D010673,40
DB00472,MESH:D010698,40
DB00472,MESH:D011014,40
DB00472,MESH:D011230,40
DB00472,MESH:D011605,40
DB00472,MESH:D011655,40
DB00472,MESH:D011928,40
DB00472,MESH:D012170,40
DB00472,MESH:D012220,40
DB00472,MESH:D012559,40
DB00472,MESH:D012640,40
DB00472,MESH:D012678,40
DB00472,MESH:D012772,40
DB00472,MESH:D012871,40
DB00472,MESH:D012893,40
DB00472,MESH:D013226,40
DB00472,MESH:D013262,40
DB00472,MESH:D013342,40
DB00472,MESH:D013375,40
DB00472,MESH:D013610,40
DB00472,MESH:D013617,40
DB00472,MESH:D013733,40
DB00472,MESH:D014029,40
DB00472,MESH:D014103,40
DB00472,MESH:D014202,40
DB00472,MESH:D014313,40
DB00472,MESH:D014581,40
DB00472,MESH:D014657,40
DB00472,MESH:D014786,40
DB00472,MESH:D015430,40
DB00472,MESH:D015431,40
DB00472,MESH:D016171,40
DB00472,MESH:D017495,40
DB00472,MESH:D018476,40
DB00472,MESH:D019965,40
DB00472,MESH:D019969,40
DB00472,MESH:D019970,40
DB00472,MESH:D020018,40
DB00472,MESH:D020233,40
DB00472,MESH:D020246,40
DB00472,MESH:D020294,40
DB00472,MESH:D020323,40
DB00472,MESH:D020325,40
DB00472,MESH:D020520,40
DB00472,MESH:D020774,40
DB00472,MESH:D020925,40
DB00472,MESH:D034381,40
DB00472,MESH:D053627,6
DB00472,MESH:D056486,40
DB00532,MESH:D004827,0
DB00532,MESH:D005076,40
DB00532,MESH:D005921,40
DB00532,MESH:D009404,40
DB00647,MESH:D000743,40
DB00647,MESH:D001145,40
DB00647,MESH:D001281,40
DB00647,MESH:D001919,40
DB00647,MESH:D003128,40
DB00647,MESH:D003638,40
DB00647,MESH:D005355,40
DB00647,MESH:D006331,40
DB00647,MESH:D006461,23
DB00647,MESH:D009135,40
DB00647,MESH:D009325,40
DB00647,MESH:D009395,40
DB00647,MESH:D009422,40
DB00647,MESH:D009896,40
DB00647,MESH:D010146,40
DB00647,MESH:D010149,40
DB00647,MESH:D011141,1
DB00647,MESH:D019966,40
DB00647,MESH:D058186,40
DB00247,MESH:D000743,40
DB00247,MESH:D001022,40
DB00247,MESH:D001157,40
DB00247,MESH:D001167,40
DB00247,MESH:D001714,40
DB00247,MESH:D002375,40
DB00247,MESH:D003680,39
DB00247,MESH:D003865,40
DB00247,MESH:D004409,40
DB00247,MESH:D004421,40
DB00247,MESH:D004487,40
DB00247,MESH:D004719,40
DB00247,MESH:D006212,40
DB00247,MESH:D006261,40
DB00247,MESH:D006331,40
DB00247,MESH:D006349,40
DB00247,MESH:D006930,40
DB00247,MESH:D006948,40
DB00247,MESH:D007511,40
DB00247,MESH:D008641,40
DB00247,MESH:D008881,40
DB00247,MESH:D008944,40
DB00247,MESH:D009135,40
DB00247,MESH:D009203,40
DB00247,MESH:D010146,40
DB00247,MESH:D010409,40
DB00247,MESH:D010490,40
DB00247,MESH:D010523,40
DB00247,MESH:D010995,40
DB00247,MESH:D011605,40
DB00247,MESH:D011658,15
DB00247,MESH:D015746,40
DB00247,MESH:D016491,40
DB00247,MESH:D020886,40
DB01332,MESH:D000743,40
DB01332,MESH:D003967,40
DB01332,MESH:D004802,40
DB01332,MESH:D013922,40
DB01332,MESH:D014581,40
DB01332,MESH:D015746,40
DB01327,MESH:D000743,40
DB01327,MESH:D002295,40
DB01327,MESH:D004927,40
DB01327,MESH:D005334,40
DB01327,MESH:D010538,40
DB01327,MESH:D011507,40
DB01327,MESH:D013203,40
DB01327,MESH:D013262,40
DB01327,MESH:D014581,40
DB01327,MESH:D016470,40
DB01327,MESH:D051437,40
DB01326,MESH:D000743,40
DB01326,MESH:D007674,40
DB01326,MESH:D007683,40
DB01326,MESH:D011507,40
DB01326,MESH:D013203,40
DB01326,MESH:D058186,40
DB01438,MESH:D000743,24
DB01438,MESH:D001744,40
DB01438,MESH:D001750,40
DB01438,MESH:D006461,40
DB01438,MESH:D006505,40
DB01438,MESH:D008708,40
DB01438,MESH:D009846,40
DB01438,MESH:D010859,0
DB01438,MESH:D014552,40
DB01438,MESH:D015746,40
DB01438,MESH:D053099,40
DB01438,MESH:D058186,40
DB01438,MESH:D062787,40
DB01329,MESH:D000743,40
DB01329,MESH:D003875,40
DB01329,MESH:D009395,40
DB01329,MESH:D014581,40
DB01329,MESH:D042883,40
DB09555,MESH:D000743,0
DB09555,MESH:D056486,40
DB00749,MESH:D000743,40
DB00749,MESH:D001168,40
DB00749,MESH:D001416,40
DB00749,MESH:D001424,40
DB00749,MESH:D003110,40
DB00749,MESH:D004487,40
DB00749,MESH:D008113,40
DB00749,MESH:D009362,40
DB00749,MESH:D011507,40
DB00749,MESH:D013262,40
DB00749,MESH:D014657,40
DB00749,MESH:D014786,40
DB00749,MESH:D015179,40
DB00749,MESH:D034141,40
DB00749,MESH:D056486,40
DB00749,MESH:D058566,40
DB01124,MESH:D000743,40
DB01124,MESH:D001284,40
DB01124,MESH:D001928,40
DB01124,MESH:D006529,40
DB01124,MESH:D006930,40
DB01124,MESH:D006943,40
DB01124,MESH:D007003,40
DB01124,MESH:D009404,40
DB01124,MESH:D014652,40
DB01124,MESH:D018149,40
DB01124,MESH:D056486,40
DB00190,MESH:D001145,40
DB00190,MESH:D001927,40
DB00190,MESH:D002375,40
DB00190,MESH:D002389,40
DB00190,MESH:D004409,40
DB00190,MESH:D006212,40
DB00190,MESH:D007022,40
DB00190,MESH:D009127,40
DB00190,MESH:D009325,40
DB00190,MESH:D010302,40
DB00190,MESH:D013375,40
DB00190,MESH:D014202,40
DB00190,MESH:D014839,40
DB00190,MESH:D018476,40
DB00190,MESH:D020734,40
DB00190,MESH:D056486,40
DB00500,MESH:D000743,40
DB00500,MESH:D000744,40
DB00500,MESH:D000799,40
DB00500,MESH:D001168,40
DB00500,MESH:D005234,40
DB00500,MESH:D005317,40
DB00500,MESH:D006343,40
DB00500,MESH:D006461,40
DB00500,MESH:D007249,40
DB00500,MESH:D008569,40
DB00500,MESH:D008582,40
DB00500,MESH:D009102,40
DB00500,MESH:D009139,33
DB00500,MESH:D009404,40
DB00500,MESH:D013262,40
DB00500,MESH:D014581,40
DB00500,MESH:D015433,40
DB00500,MESH:D019636,40
DB00500,MESH:D056486,40
DB00500,MESH:D058186,40
DB01086,MESH:D000799,3
DB01086,MESH:D003490,40
DB01086,MESH:D008708,40
DB01086,MESH:D010146,40
DB01086,MESH:D010859,40
DB00784,MESH:D000743,40
DB00784,MESH:D000744,40
DB00784,MESH:D000855,40
DB00784,MESH:D001172,40
DB00784,MESH:D001480,40
DB00784,MESH:D003092,40
DB00784,MESH:D003875,40
DB00784,MESH:D003967,40
DB00784,MESH:D004412,40
DB00784,MESH:D004487,40
DB00784,MESH:D005315,6
DB00784,MESH:D005334,40
DB00784,MESH:D005355,40
DB00784,MESH:D005767,40
DB00784,MESH:D005923,40
DB00784,MESH:D006261,40
DB00784,MESH:D006323,40
DB00784,MESH:D006417,40
DB00784,MESH:D006831,40
DB00784,MESH:D006973,40
DB00784,MESH:D007405,40
DB00784,MESH:D007674,40
DB00784,MESH:D007676,40
DB00784,MESH:D008881,40
DB00784,MESH:D009127,40
DB00784,MESH:D009395,40
DB00784,MESH:D009404,40
DB00784,MESH:D009503,40
DB00784,MESH:D009846,40
DB00784,MESH:D010003,40
DB00784,MESH:D010146,40
DB00784,MESH:D010149,40
DB00784,MESH:D010391,40
DB00784,MESH:D011507,40
DB00784,MESH:D012640,40
DB00784,MESH:D013262,40
DB00784,MESH:D013921,40
DB00784,MESH:D014012,40
DB00784,MESH:D014103,40
DB00784,MESH:D014839,40
DB00784,MESH:D015207,40
DB00784,MESH:D015432,40
DB00784,MESH:D015746,40
DB00784,MESH:D054556,18
DB00784,MESH:D056486,40
DB00784,MESH:D058186,40
DB00784,MESH:D062787,40
DB01131,MESH:D000743,40
DB01131,MESH:D004211,40
DB01131,MESH:D004830,40
DB01131,MESH:D005767,40
DB01131,MESH:D006505,40
DB01131,MESH:D008288,40
DB01131,MESH:D009325,40
DB01131,MESH:D010198,40
DB01131,MESH:D016778,40
DB00574,MESH:D000743,40
DB00574,MESH:D000855,40
DB00574,MESH:D000860,40
DB00574,MESH:D001008,40
DB00574,MESH:D001022,40
DB00574,MESH:D001068,40
DB00574,MESH:D001321,40
DB00574,MESH:D001714,40
DB00574,MESH:D001919,40
DB00574,MESH:D002313,40
DB00574,MESH:D002375,40
DB00574,MESH:D002389,40
DB00574,MESH:D002543,40
DB00574,MESH:D003865,40
DB00574,MESH:D003866,40
DB00574,MESH:D003967,40
DB00574,MESH:D004409,40
DB00574,MESH:D004719,40
DB00574,MESH:D005221,40
DB00574,MESH:D005334,40
DB00574,MESH:D006130,40
DB00574,MESH:D006212,40
DB00574,MESH:D006261,40
DB00574,MESH:D006331,40
DB00574,MESH:D006333,40
DB00574,MESH:D006349,40
DB00574,MESH:D006966,40
DB00574,MESH:D006973,40
DB00574,MESH:D006976,40
DB00574,MESH:D007022,40
DB00574,MESH:D007035,40
DB00574,MESH:D007333,40
DB00574,MESH:D008944,40
DB00574,MESH:D009069,40
DB00574,MESH:D009325,40
DB00574,MESH:D009765,40
DB00574,MESH:D010146,40
DB00574,MESH:D010259,40
DB00574,MESH:D010554,39
DB00574,MESH:D011230,40
DB00574,MESH:D011605,40
DB00574,MESH:D011654,40
DB00574,MESH:D012559,40
DB00574,MESH:D012640,40
DB00574,MESH:D012893,40
DB00574,MESH:D013226,40
DB00574,MESH:D013375,40
DB00574,MESH:D014652,40
DB00574,MESH:D016584,40
DB00574,MESH:D019964,40
DB00574,MESH:D053609,40
DB00574,MESH:D056486,40
DB00574,MESH:D056912,40
DB00672,MESH:D000787,40
DB00672,MESH:D001284,40
DB00672,MESH:D001649,40
DB00672,MESH:D001928,40
DB00672,MESH:D002780,40
DB00672,MESH:D003128,40
DB00672,MESH:D003711,40
DB00672,MESH:D003872,40
DB00672,MESH:D003919,40
DB00672,MESH:D003920,40
DB00672,MESH:D003924,40
DB00672,MESH:D004487,40
DB00672,MESH:D005076,40
DB00672,MESH:D005921,40
DB00672,MESH:D006461,40
DB00672,MESH:D006505,40
DB00672,MESH:D006973,40
DB00672,MESH:D007010,40
DB00672,MESH:D007177,40
DB00672,MESH:D008107,40
DB00672,MESH:D009325,40
DB00672,MESH:D009401,40
DB00672,MESH:D009404,40
DB00672,MESH:D009901,40
DB00672,MESH:D011183,40
DB00672,MESH:D014555,40
DB00672,MESH:D014869,40
DB00672,MESH:D044882,40
DB00672,MESH:D056486,40
DB00227,MESH:D000743,40
DB00227,MESH:D000799,40
DB00227,MESH:D000855,40
DB00227,MESH:D000857,40
DB00227,MESH:D001930,40
DB00227,MESH:D002493,40
DB00227,MESH:D002779,40
DB00227,MESH:D002780,40
DB00227,MESH:D003110,40
DB00227,MESH:D003324,40
DB00227,MESH:D003866,40
DB00227,MESH:D003882,40
DB00227,MESH:D004401,40
DB00227,MESH:D005076,40
DB00227,MESH:D005483,40
DB00227,MESH:D005767,40
DB00227,MESH:D006261,40
DB00227,MESH:D006330,40
DB00227,MESH:D006529,40
DB00227,MESH:D006937,40
DB00227,MESH:D006949,40
DB00227,MESH:D006973,40
DB00227,MESH:D007319,40
DB00227,MESH:D007674,40
DB00227,MESH:D007676,40
DB00227,MESH:D008113,40
DB00227,MESH:D008223,40
DB00227,MESH:D008325,40
DB00227,MESH:D008569,40
DB00227,MESH:D009069,40
DB00227,MESH:D009135,40
DB00227,MESH:D009212,40
DB00227,MESH:D009220,40
DB00227,MESH:D009336,40
DB00227,MESH:D009846,40
DB00227,MESH:D010146,40
DB00227,MESH:D010292,40
DB00227,MESH:D010523,40
DB00227,MESH:D011115,40
DB00227,MESH:D011507,40
DB00227,MESH:D011778,40
DB00227,MESH:D012206,40
DB00227,MESH:D012509,2
DB00227,MESH:D012772,40
DB00227,MESH:D012893,40
DB00227,MESH:D013733,40
DB00227,MESH:D014581,40
DB00227,MESH:D015228,40
DB00227,MESH:D015430,40
DB00227,MESH:D017240,40
DB00227,MESH:D018149,40
DB00227,MESH:D018908,40
DB00227,MESH:D019964,40
DB00227,MESH:D041781,40
DB00227,MESH:D051437,40
DB00227,MESH:D056486,40
DB00227,MESH:D058186,40
DB00227,MESH:D066126,40
DB00537,MESH:D000756,40
DB00537,MESH:D000799,40
DB00537,MESH:D001008,40
DB00537,MESH:D001170,40
DB00537,MESH:D001201,40
DB00537,MESH:D001281,40
DB00537,MESH:D001424,40
DB00537,MESH:D001649,40
DB00537,MESH:D001714,40
DB00537,MESH:D001749,40
DB00537,MESH:D001766,40
DB00537,MESH:D001855,40
DB00537,MESH:D001927,40
DB00537,MESH:D002181,40
DB00537,MESH:D002349,40
DB00537,MESH:D002357,40
DB00537,MESH:D002481,40
DB00537,MESH:D002493,40
DB00537,MESH:D002637,40
DB00537,MESH:D002690,40
DB00537,MESH:D002779,40
DB00537,MESH:D002869,40
DB00537,MESH:D003117,40
DB00537,MESH:D003128,40
DB00537,MESH:D003424,40
DB00537,MESH:D003556,40
DB00537,MESH:D003866,40
DB00537,MESH:D003875,40
DB00537,MESH:D003967,40
DB00537,MESH:D004401,40
DB00537,MESH:D004417,40
DB00537,MESH:D004487,40
DB00537,MESH:D004802,40
DB00537,MESH:D004827,40
DB00537,MESH:D004830,40
DB00537,MESH:D004890,40
DB00537,MESH:D004892,40
DB00537,MESH:D004927,40
DB00537,MESH:D005076,40
DB00537,MESH:D005334,40
DB00537,MESH:D005921,40
DB00537,MESH:D006212,40
DB00537,MESH:D006261,40
DB00537,MESH:D006319,40
DB00537,MESH:D006323,40
DB00537,MESH:D006417,40
DB00537,MESH:D006461,40
DB00537,MESH:D006463,40
DB00537,MESH:D006504,40
DB00537,MESH:D006529,40
DB00537,MESH:D006869,39
DB00537,MESH:D006973,40
DB00537,MESH:D007022,40
DB00537,MESH:D007676,40
DB00537,MESH:D007683,40
DB00537,MESH:D007964,40
DB00537,MESH:D007970,40
DB00537,MESH:D008175,40
DB00537,MESH:D008581,40
DB00537,MESH:D008582,40
DB00537,MESH:D008585,9
DB00537,MESH:D009069,40
DB00537,MESH:D009133,40
DB00537,MESH:D009135,40
DB00537,MESH:D009164,40
DB00537,MESH:D009175,5
DB00537,MESH:D009190,40
DB00537,MESH:D009325,40
DB00537,MESH:D009395,40
DB00537,MESH:D009503,40
DB00537,MESH:D009901,40
DB00537,MESH:D010146,40
DB00537,MESH:D010259,40
DB00537,MESH:D010291,40
DB00537,MESH:D010292,40
DB00537,MESH:D010523,40
DB00537,MESH:D010930,0
DB00537,MESH:D011014,40
DB00537,MESH:D011183,40
DB00537,MESH:D011507,40
DB00537,MESH:D011552,40
DB00537,MESH:D011605,40
DB00537,MESH:D011704,40
DB00537,MESH:D012131,40
DB00537,MESH:D012282,40
DB00537,MESH:D012422,40
DB00537,MESH:D012713,40
DB00537,MESH:D012871,40
DB00537,MESH:D013163,40
DB00537,MESH:D013203,40
DB00537,MESH:D013226,40
DB00537,MESH:D013262,40
DB00537,MESH:D013651,40
DB00537,MESH:D013921,40
DB00537,MESH:D014012,40
DB00537,MESH:D014202,40
DB00537,MESH:D014376,40
DB00537,MESH:D014435,40
DB00537,MESH:D014552,40
DB00537,MESH:D014581,40
DB00537,MESH:D014652,40
DB00537,MESH:D014657,40
DB00537,MESH:D014839,40
DB00537,MESH:D015431,40
DB00537,MESH:D015746,40
DB00537,MESH:D016470,40
DB00537,MESH:D016481,40
DB00537,MESH:D016736,40
DB00537,MESH:D016870,40
DB00537,MESH:D016905,40
DB00537,MESH:D016908,40
DB00537,MESH:D017093,40
DB00537,MESH:D017114,40
DB00537,MESH:D018771,40
DB00537,MESH:D018805,40
DB00537,MESH:D019586,40
DB00537,MESH:D029481,40
DB00537,MESH:D055370,40
DB00537,MESH:D056486,40
DB00537,MESH:D058186,40
DB00390,MESH:D000743,40
DB00390,MESH:D000787,40
DB00390,MESH:D000855,40
DB00390,MESH:D000857,40
DB00390,MESH:D001145,40
DB00390,MESH:D001259,40
DB00390,MESH:D001281,40
DB00390,MESH:D001321,40
DB00390,MESH:D001327,13
DB00390,MESH:D001523,40
DB00390,MESH:D001919,40
DB00390,MESH:D001927,40
DB00390,MESH:D002311,40
DB00390,MESH:D002318,40
DB00390,MESH:D002526,40
DB00390,MESH:D002819,40
DB00390,MESH:D003072,40
DB00390,MESH:D003117,40
DB00390,MESH:D003128,40
DB00390,MESH:D003324,40
DB00390,MESH:D003329,40
DB00390,MESH:D003645,40
DB00390,MESH:D003680,40
DB00390,MESH:D003704,40
DB00390,MESH:D003866,40
DB00390,MESH:D003967,40
DB00390,MESH:D004374,0
DB00390,MESH:D004417,40
DB00390,MESH:D004487,40
DB00390,MESH:D005221,40
DB00390,MESH:D005315,40
DB00390,MESH:D005761,40
DB00390,MESH:D006212,40
DB00390,MESH:D006323,40
DB00390,MESH:D006327,40
DB00390,MESH:D006331,40
DB00390,MESH:D006332,40
DB00390,MESH:D006333,40
DB00390,MESH:D006505,40
DB00390,MESH:D006947,40
DB00390,MESH:D006973,40
DB00390,MESH:D007008,40
DB00390,MESH:D007022,40
DB00390,MESH:D007172,40
DB00390,MESH:D007232,40
DB00390,MESH:D007859,40
DB00390,MESH:D008173,40
DB00390,MESH:D008275,40
DB00390,MESH:D008569,40
DB00390,MESH:D008944,40
DB00390,MESH:D009325,40
DB00390,MESH:D009369,40
DB00390,MESH:D009410,40
DB00390,MESH:D009901,40
DB00390,MESH:D010146,40
DB00390,MESH:D010259,40
DB00390,MESH:D010554,40
DB00390,MESH:D011596,40
DB00390,MESH:D011654,40
DB00390,MESH:D012206,40
DB00390,MESH:D012804,40
DB00390,MESH:D012848,40
DB00390,MESH:D013375,40
DB00390,MESH:D013610,40
DB00390,MESH:D013617,40
DB00390,MESH:D014693,40
DB00390,MESH:D014839,40
DB00390,MESH:D015746,40
DB00390,MESH:D016171,40
DB00390,MESH:D018754,40
DB00390,MESH:D018879,40
DB00390,MESH:D053609,40
DB00390,MESH:D054537,40
DB00390,MESH:D058186,40
DB00390,MESH:D058447,40
DB00390,MESH:D062787,40
DB01426,MESH:D001002,40
DB01426,MESH:D001145,40
DB01426,MESH:D002779,40
DB01426,MESH:D002780,40
DB01426,MESH:D005334,40
DB01426,MESH:D006461,40
DB01426,MESH:D006505,40
DB01426,MESH:D008133,40
DB01426,MESH:D011537,40
DB01426,MESH:D013617,38
DB01426,MESH:D013921,37
DB01426,MESH:D014693,40
DB01426,MESH:D014973,0
DB01426,MESH:D016171,40
DB01426,MESH:D017180,40
DB01426,MESH:D018879,40
DB01426,MESH:D053840,40
DB01426,MESH:D054537,40
DB01142,MESH:D000743,40
DB01142,MESH:D001145,40
DB01142,MESH:D001201,40
DB01142,MESH:D001523,40
DB01142,MESH:D001714,40
DB01142,MESH:D001919,40
DB01142,MESH:D003072,40
DB01142,MESH:D003128,40
DB01142,MESH:D003248,40
DB01142,MESH:D003865,40
DB01142,MESH:D003866,40
DB01142,MESH:D004421,40
DB01142,MESH:D004932,0
DB01142,MESH:D006327,40
DB01142,MESH:D006529,40
DB01142,MESH:D006973,40
DB01142,MESH:D007022,40
DB01142,MESH:D007024,40
DB01142,MESH:D007174,40
DB01142,MESH:D007319,40
DB01142,MESH:D008133,40
DB01142,MESH:D009886,40
DB01142,MESH:D010146,40
DB01142,MESH:D011115,40
DB01142,MESH:D011537,40
DB01142,MESH:D012893,40
DB01142,MESH:D013375,40
DB01142,MESH:D013610,40
DB01142,MESH:D013616,40
DB01142,MESH:D013921,40
DB01142,MESH:D014555,40
DB01142,MESH:D014839,40
DB01142,MESH:D017180,40
DB01142,MESH:D018908,40
DB01142,MESH:D058186,40
DB01142,MESH:D062787,40
DB00461,MESH:D009395,40
DB00461,MESH:D009404,40
DB00461,MESH:D012008,40
DB00461,MESH:D013262,40
DB00461,MESH:D015212,40
DB00461,MESH:D051437,40
DB00440,MESH:D000743,40
DB00440,MESH:D004660,40
DB00440,MESH:D005076,40
DB00440,MESH:D006261,40
DB00440,MESH:D006947,40
DB00440,MESH:D007674,40
DB00440,MESH:D008107,40
DB00440,MESH:D008580,40
DB00440,MESH:D008581,40
DB00440,MESH:D008582,38
DB00440,MESH:D009436,0
DB00440,MESH:D012852,40
DB00440,MESH:D013262,40
DB00440,MESH:D014605,0
DB00440,MESH:D017088,40
DB00440,MESH:D020795,0
DB00440,MESH:D041781,40
DB00440,MESH:D051437,40
DB00778,MESH:D000744,40
DB00778,MESH:D000857,40
DB00778,MESH:D003875,40
DB00778,MESH:D005076,40
DB00778,MESH:D006504,40
DB00778,MESH:D006505,40
DB00778,MESH:D006528,40
DB00778,MESH:D007249,40
DB00778,MESH:D008171,40
DB00778,MESH:D012206,40
DB00778,MESH:D013610,40
DB00778,MESH:D014581,40
DB00778,MESH:D014652,40
DB00778,MESH:D016171,40
DB00778,MESH:D017114,40
DB00778,MESH:D051437,40
DB00778,MESH:D056486,40
DB00870,MESH:D000744,40
DB00870,MESH:D003875,40
DB00870,MESH:D006417,40
DB00870,MESH:D007674,40
DB00870,MESH:D009395,40
DB00870,MESH:D014581,40
DB00870,MESH:D053099,40
DB00870,MESH:D056486,40
DB00870,MESH:D058186,40
DB00384,MESH:D000744,40
DB00384,MESH:D000749,0
DB00384,MESH:D001145,40
DB00384,MESH:D001201,40
DB00384,MESH:D001744,40
DB00384,MESH:D006973,40
DB00384,MESH:D007008,40
DB00384,MESH:D007669,40
DB00384,MESH:D007674,40
DB00384,MESH:D008113,40
DB00384,MESH:D051437,40
DB00384,MESH:D053040,40
DB00384,MESH:D058186,40
DB00417,MESH:D000744,36
DB00417,MESH:D002177,40
DB00417,MESH:D003967,40
DB00417,MESH:D013262,40
DB00417,MESH:D014581,40
DB00417,MESH:D018771,40
DB00417,MESH:D051437,40
DB00417,MESH:D054537,40
DB00713,MESH:D003875,40
DB00713,MESH:D004802,40
DB00713,MESH:D005076,40
DB00713,MESH:D007008,40
DB00713,MESH:D009395,40
DB00713,MESH:D012640,40
DB00713,MESH:D013203,40
DB00713,MESH:D016470,40
DB00713,MESH:D041781,40
DB04821,MESH:D000744,40
DB04821,MESH:D001763,40
DB04821,MESH:D001855,40
DB04821,MESH:D003866,40
DB04821,MESH:D003967,40
DB04821,MESH:D004409,40
DB04821,MESH:D006948,40
DB04821,MESH:D009069,40
DB04821,MESH:D012640,40
DB04821,MESH:D018476,40
DB04821,MESH:D056486,38
DB01405,MESH:D000744,40
DB01405,MESH:D012640,40
DB01405,MESH:D013203,40
DB00339,MESH:D000749,40
DB00339,MESH:D000857,40
DB00339,MESH:D001168,40
DB00339,MESH:D002780,39
DB00339,MESH:D006311,40
DB00339,MESH:D006505,40
DB00339,MESH:D006529,40
DB00339,MESH:D006973,40
DB00339,MESH:D006996,40
DB00339,MESH:D007008,40
DB00339,MESH:D009135,40
DB00339,MESH:D009212,40
DB00339,MESH:D012772,40
DB00339,MESH:D013921,40
DB00339,MESH:D014376,40
DB00339,MESH:D014397,40
DB00339,MESH:D015431,40
DB00339,MESH:D017114,40
DB00339,MESH:D017674,40
DB00339,MESH:D018771,40
DB00339,MESH:D033461,40
DB00339,MESH:D047508,40
DB00339,MESH:D051437,40
DB00339,MESH:D056486,40
DB00339,MESH:D058625,40
DB00168,MESH:D000755,40
DB00168,MESH:D001172,40
DB00168,MESH:D005334,40
DB00168,MESH:D006973,40
DB00168,MESH:D007674,40
DB00168,MESH:D008881,40
DB00168,MESH:D009369,40
DB00168,MESH:D010003,40
DB00168,MESH:D010146,40
DB00168,MESH:D013921,40
DB00168,MESH:D017449,40
DB00168,MESH:D019636,40
DB00497,MESH:D000755,40
DB00497,MESH:D001416,40
DB00497,MESH:D002526,40
DB00497,MESH:D003072,40
DB00497,MESH:D003248,40
DB00497,MESH:D005879,40
DB00497,MESH:D006261,40
DB00497,MESH:D006849,5
DB00497,MESH:D006930,40
DB00497,MESH:D006948,40
DB00497,MESH:D007676,40
DB00497,MESH:D008569,40
DB00497,MESH:D009059,0
DB00497,MESH:D009325,40
DB00497,MESH:D009336,40
DB00497,MESH:D009437,40
DB00497,MESH:D010149,40
DB00497,MESH:D011537,40
DB00497,MESH:D012131,40
DB00497,MESH:D012148,40
DB00497,MESH:D012871,40
DB00497,MESH:D013705,23
DB00497,MESH:D014202,40
DB00497,MESH:D014839,40
DB00497,MESH:D017116,40
DB00497,MESH:D019966,40
DB00497,MESH:D020323,40
DB00497,MESH:D053609,40
DB00497,MESH:D056784,40
DB00497,MESH:D062787,40
DB00327,MESH:D001416,40
DB00327,MESH:D004830,40
DB00327,MESH:D004831,40
DB00327,MESH:D006261,40
DB00327,MESH:D008067,40
DB00327,MESH:D009325,40
DB00327,MESH:D010146,40
DB00327,MESH:D010148,25
DB00327,MESH:D010149,40
DB00327,MESH:D012131,40
DB00327,MESH:D012640,40
DB00327,MESH:D012893,40
DB00327,MESH:D013375,40
DB00327,MESH:D014786,40
DB00327,MESH:D014839,40
DB00327,MESH:D015746,40
DB00327,MESH:D015877,40
DB00327,MESH:D019970,40
DB00844,MESH:D000755,0
DB00844,MESH:D001523,40
DB00844,MESH:D002779,40
DB00844,MESH:D009021,40
DB00844,MESH:D009325,40
DB00844,MESH:D010146,40
DB00844,MESH:D011537,40
DB00844,MESH:D012131,40
DB00844,MESH:D013035,40
DB00844,MESH:D013375,40
DB00844,MESH:D013610,40
DB00844,MESH:D014839,40
DB00844,MESH:D019970,40
DB02703,MESH:D000756,40
DB02703,MESH:D002779,40
DB02703,MESH:D003424,40
DB02703,MESH:D009325,40
DB02703,MESH:D012206,0
DB02703,MESH:D014552,40
DB02703,MESH:D056486,40
DB02703,MESH:D058186,40
DB00114,MESH:D000756,40
DB00114,MESH:D004830,40
DB00114,MESH:D007674,40
DB00114,MESH:D012640,40
DB00114,MESH:D015179,40
DB00770,MESH:D000783,40
DB00770,MESH:D000860,40
DB00770,MESH:D001049,40
DB00770,MESH:D001145,40
DB00770,MESH:D001157,40
DB00770,MESH:D001477,40
DB00770,MESH:D001919,40
DB00770,MESH:D002375,40
DB00770,MESH:D002543,40
DB00770,MESH:D002546,40
DB00770,MESH:D002779,40
DB00770,MESH:D003866,40
DB00770,MESH:D004401,40
DB00770,MESH:D004409,40
DB00770,MESH:D004417,40
DB00770,MESH:D004487,40
DB00770,MESH:D004760,0
DB00770,MESH:D005076,40
DB00770,MESH:D005234,40
DB00770,MESH:D005313,40
DB00770,MESH:D005334,40
DB00770,MESH:D005355,40
DB00770,MESH:D005921,40
DB00770,MESH:D006323,40
DB00770,MESH:D006330,40
DB00770,MESH:D006333,40
DB00770,MESH:D006406,0
DB00770,MESH:D006930,40
DB00770,MESH:D006958,40
DB00770,MESH:D006973,40
DB00770,MESH:D006976,40
DB00770,MESH:D007022,40
DB00770,MESH:D007172,40
DB00770,MESH:D008107,40
DB00770,MESH:D009080,0
DB00770,MESH:D009203,40
DB00770,MESH:D009336,40
DB00770,MESH:D010146,40
DB00770,MESH:D010411,40
DB00770,MESH:D011183,40
DB00770,MESH:D011655,40
DB00770,MESH:D012595,40
DB00770,MESH:D013771,0
DB00770,MESH:D017202,40
DB00770,MESH:D017445,0
DB00770,MESH:D020521,40
DB00770,MESH:D056486,40
DB00770,MESH:D058186,40
DB00770,MESH:D058729,40
DB01452,MESH:D000783,40
DB01452,MESH:D000860,40
DB01452,MESH:D001008,40
DB01452,MESH:D001249,40
DB01452,MESH:D001480,40
DB01452,MESH:D001919,40
DB01452,MESH:D002375,40
DB01452,MESH:D002543,40
DB01452,MESH:D003072,40
DB01452,MESH:D003128,40
DB01452,MESH:D004211,40
DB01452,MESH:D004417,40
DB01452,MESH:D004421,40
DB01452,MESH:D004802,40
DB01452,MESH:D005076,40
DB01452,MESH:D005317,40
DB01452,MESH:D006261,40
DB01452,MESH:D006319,40
DB01452,MESH:D006323,40
DB01452,MESH:D006947,38
DB01452,MESH:D006948,40
DB01452,MESH:D007022,40
DB01452,MESH:D007040,40
DB01452,MESH:D007172,40
DB01452,MESH:D007248,40
DB01452,MESH:D007674,40
DB01452,MESH:D007683,40
DB01452,MESH:D007752,40
DB01452,MESH:D009069,40
DB01452,MESH:D009203,40
DB01452,MESH:D009293,40
DB01452,MESH:D009336,40
DB01452,MESH:D010146,40
DB01452,MESH:D010149,40
DB01452,MESH:D010243,40
DB01452,MESH:D010554,40
DB01452,MESH:D011297,40
DB01452,MESH:D011537,40
DB01452,MESH:D012206,40
DB01452,MESH:D012640,40
DB01452,MESH:D013375,40
DB01452,MESH:D014693,40
DB01452,MESH:D014839,40
DB01452,MESH:D016055,40
DB01452,MESH:D016171,40
DB01452,MESH:D016535,40
DB01452,MESH:D019966,40
DB01452,MESH:D019970,40
DB01452,MESH:D020520,40
DB01452,MESH:D020521,40
DB01452,MESH:D044342,40
DB00335,MESH:D000787,40
DB00335,MESH:D000855,40
DB00335,MESH:D001008,40
DB00335,MESH:D001145,40
DB00335,MESH:D001281,40
DB00335,MESH:D001714,40
DB00335,MESH:D001919,40
DB00335,MESH:D001941,40
DB00335,MESH:D002311,40
DB00335,MESH:D003324,40
DB00335,MESH:D003329,40
DB00335,MESH:D003865,40
DB00335,MESH:D003866,40
DB00335,MESH:D003875,40
DB00335,MESH:D003928,40
DB00335,MESH:D004890,38
DB00335,MESH:D005076,40
DB00335,MESH:D005221,40
DB00335,MESH:D006261,40
DB00335,MESH:D006323,40
DB00335,MESH:D006327,40
DB00335,MESH:D006331,40
DB00335,MESH:D006332,40
DB00335,MESH:D006333,40
DB00335,MESH:D006940,40
DB00335,MESH:D006947,40
DB00335,MESH:D006973,40
DB00335,MESH:D006974,40
DB00335,MESH:D007008,40
DB00335,MESH:D007022,40
DB00335,MESH:D007024,40
DB00335,MESH:D007238,31
DB00335,MESH:D007319,40
DB00335,MESH:D007674,40
DB00335,MESH:D008382,0
DB00335,MESH:D008569,40
DB00335,MESH:D009203,40
DB00335,MESH:D009402,40
DB00335,MESH:D010146,40
DB00335,MESH:D011183,40
DB00335,MESH:D011507,40
DB00335,MESH:D011928,40
DB00335,MESH:D013375,40
DB00335,MESH:D013610,40
DB00335,MESH:D013617,40
DB00335,MESH:D013927,40
DB00335,MESH:D014202,40
DB00335,MESH:D014693,40
DB00335,MESH:D017180,40
DB00335,MESH:D017202,40
DB00335,MESH:D017379,40
DB00335,MESH:D018382,40
DB00335,MESH:D018487,40
DB00335,MESH:D018497,40
DB00335,MESH:D020018,40
DB00335,MESH:D020257,40
DB00335,MESH:D020760,37
DB00335,MESH:D051437,40
DB00335,MESH:D052456,40
DB00335,MESH:D054537,40
DB00335,MESH:D058186,40
DB00335,MESH:D062787,40
DB01074,MESH:D000787,40
DB01074,MESH:D006333,40
DB01074,MESH:D008064,40
DB01074,MESH:D009422,40
DB01074,MESH:D010523,40
DB01074,MESH:D016778,40
DB01074,MESH:D056486,40
DB00636,MESH:D000787,40
DB00636,MESH:D001145,40
DB00636,MESH:D001416,40
DB00636,MESH:D001749,40
DB00636,MESH:D002471,40
DB00636,MESH:D002769,40
DB00636,MESH:D003327,40
DB00636,MESH:D003919,40
DB00636,MESH:D004211,40
DB00636,MESH:D005076,40
DB00636,MESH:D005234,40
DB00636,MESH:D005235,40
DB00636,MESH:D006331,40
DB00636,MESH:D006470,40
DB00636,MESH:D006528,40
DB00636,MESH:D006529,40
DB00636,MESH:D006937,40
DB00636,MESH:D006943,40
DB00636,MESH:D006949,40
DB00636,MESH:D006951,40
DB00636,MESH:D006953,40
DB00636,MESH:D006959,0
DB00636,MESH:D006965,40
DB00636,MESH:D006973,40
DB00636,MESH:D006984,40
DB00636,MESH:D007674,40
DB00636,MESH:D007889,40
DB00636,MESH:D008107,40
DB00636,MESH:D008113,40
DB00636,MESH:D008114,40
DB00636,MESH:D009133,40
DB00636,MESH:D009135,40
DB00636,MESH:D009202,40
DB00636,MESH:D009220,40
DB00636,MESH:D009325,40
DB00636,MESH:D009336,40
DB00636,MESH:D009362,40
DB00636,MESH:D009395,40
DB00636,MESH:D009461,40
DB00636,MESH:D009468,40
DB00636,MESH:D010190,40
DB00636,MESH:D011141,40
DB00636,MESH:D011230,40
DB00636,MESH:D011654,40
DB00636,MESH:D013375,40
DB00636,MESH:D014511,40
DB00636,MESH:D014839,40
DB00636,MESH:D015228,40
DB00636,MESH:D016883,40
DB00636,MESH:D018223,40
DB00636,MESH:D018248,40
DB00636,MESH:D020879,16
DB00636,MESH:D028361,40
DB00636,MESH:D042882,40
DB00636,MESH:D050171,40
DB00636,MESH:D050197,40
DB00636,MESH:D052556,40
DB00636,MESH:D056486,40
DB00636,MESH:D058186,40
DB00509,MESH:D000787,40
DB00509,MESH:D001145,40
DB00509,MESH:D006937,40
DB00509,MESH:D006938,40
DB00509,MESH:D020920,40
DB00320,MESH:D000787,40
DB00320,MESH:D001927,40
DB00320,MESH:D002544,40
DB00320,MESH:D003324,40
DB00320,MESH:D007024,40
DB00320,MESH:D007511,40
DB00320,MESH:D008641,40
DB00320,MESH:D008881,40
DB00320,MESH:D009325,40
DB00320,MESH:D009336,40
DB00320,MESH:D009461,40
DB00320,MESH:D011183,40
DB00320,MESH:D012595,40
DB00320,MESH:D013927,40
DB00320,MESH:D014652,40
DB00320,MESH:D017202,40
DB00320,MESH:D020246,40
DB00320,MESH:D051437,40
DB01138,MESH:D000787,40
DB01138,MESH:D002312,40
DB01138,MESH:D002545,40
DB01138,MESH:D006073,40
DB01138,MESH:D007674,40
DB01138,MESH:D007683,39
DB01138,MESH:D009203,40
DB01138,MESH:D009395,40
DB01138,MESH:D015479,0
DB01138,MESH:D051437,40
DB01138,MESH:D052878,40
DB01138,MESH:D058186,40
DB00752,MESH:D000856,40
DB00752,MESH:D001008,40
DB00752,MESH:D001281,40
DB00752,MESH:D001714,40
DB00752,MESH:D001919,40
DB00752,MESH:D002543,40
DB00752,MESH:D002637,40
DB00752,MESH:D002819,40
DB00752,MESH:D003128,40
DB00752,MESH:D003865,40
DB00752,MESH:D003866,40
DB00752,MESH:D004211,40
DB00752,MESH:D004487,40
DB00752,MESH:D005334,40
DB00752,MESH:D006212,40
DB00752,MESH:D006973,40
DB00752,MESH:D007024,40
DB00752,MESH:D007172,40
DB00752,MESH:D007319,40
DB00752,MESH:D009202,40
DB00752,MESH:D009771,40
DB00752,MESH:D010300,40
DB00752,MESH:D010554,40
DB00752,MESH:D012640,40
DB00752,MESH:D012798,40
DB00752,MESH:D013345,40
DB00752,MESH:D013921,40
DB00752,MESH:D016584,40
DB00752,MESH:D019964,40
DB00752,MESH:D020178,40
DB00752,MESH:D020521,40
DB00270,MESH:D000787,40
DB00270,MESH:D000799,40
DB00270,MESH:D001259,40
DB00270,MESH:D001919,40
DB00270,MESH:D002312,40
DB00270,MESH:D002545,40
DB00270,MESH:D003327,40
DB00270,MESH:D006261,40
DB00270,MESH:D006323,40
DB00270,MESH:D006331,40
DB00270,MESH:D006333,40
DB00270,MESH:D006965,40
DB00270,MESH:D006973,40
DB00270,MESH:D007410,40
DB00270,MESH:D009069,40
DB00270,MESH:D009203,40
DB00270,MESH:D011507,40
DB00270,MESH:D013610,40
DB00270,MESH:D019969,40
DB00270,MESH:D020301,40
DB00270,MESH:D020521,40
DB00270,MESH:D053609,40
DB08964,MESH:D001919,40
DB08964,MESH:D003967,40
DB08964,MESH:D005313,40
DB08964,MESH:D006470,40
DB08964,MESH:D009203,40
DB08964,MESH:D011248,40
DB08964,MESH:D012640,40
DB08964,MESH:D012770,40
DB08964,MESH:D014474,0
DB08964,MESH:D014839,40
DB08964,MESH:D015746,40
DB08964,MESH:D020521,40
DB01580,MESH:D000787,40
DB01580,MESH:D002375,40
DB01580,MESH:D003327,40
DB01580,MESH:D003875,40
DB01580,MESH:D006212,40
DB01580,MESH:D006332,40
DB01580,MESH:D006973,40
DB01580,MESH:D007008,40
DB01580,MESH:D007022,40
DB01580,MESH:D009203,40
DB01580,MESH:D010259,40
DB01580,MESH:D011605,40
DB01580,MESH:D011928,40
DB01580,MESH:D013610,40
DB01580,MESH:D014693,40
DB01580,MESH:D018879,40
DB01580,MESH:D058226,40
DB04880,MESH:D000787,40
DB04880,MESH:D001145,40
DB04880,MESH:D002303,40
DB04880,MESH:D002311,40
DB04880,MESH:D003324,40
DB04880,MESH:D003967,40
DB04880,MESH:D004830,40
DB04880,MESH:D005483,40
DB04880,MESH:D006323,40
DB04880,MESH:D006333,40
DB04880,MESH:D007511,40
DB04880,MESH:D009203,40
DB04880,MESH:D009325,40
DB04880,MESH:D010146,40
DB04880,MESH:D017202,40
DB00401,MESH:D000787,40
DB00401,MESH:D000799,40
DB00401,MESH:D002318,40
DB00401,MESH:D003327,40
DB00401,MESH:D004487,40
DB00401,MESH:D005483,40
DB00401,MESH:D006261,40
DB00401,MESH:D007022,40
DB00401,MESH:D007410,40
DB00401,MESH:D007511,40
DB00401,MESH:D013927,40
DB00401,MESH:D017202,40
DB00401,MESH:D018487,40
DB00401,MESH:D058186,40
DB00401,MESH:D060050,40
DB01088,MESH:D000787,40
DB01088,MESH:D001157,40
DB01088,MESH:D005483,40
DB01088,MESH:D006261,40
DB01088,MESH:D006940,40
DB01088,MESH:D006976,40
DB01088,MESH:D007022,40
DB01088,MESH:D007511,40
DB01088,MESH:D009202,40
DB01088,MESH:D009336,40
DB01088,MESH:D009798,40
DB01088,MESH:D011225,40
DB01088,MESH:D011928,40
DB01088,MESH:D013927,40
DB01088,MESH:D015877,40
DB01088,MESH:D017202,40
DB01088,MESH:D018827,0
DB00852,MESH:D000787,40
DB00852,MESH:D000799,40
DB00852,MESH:D001714,40
DB00852,MESH:D001929,40
DB00852,MESH:D002543,40
DB00852,MESH:D003329,40
DB00852,MESH:D006255,40
DB00852,MESH:D006333,40
DB00852,MESH:D006973,40
DB00852,MESH:D007251,40
DB00852,MESH:D009202,40
DB00852,MESH:D009203,40
DB00852,MESH:D010554,40
DB00852,MESH:D011644,40
DB00852,MESH:D012220,40
DB00852,MESH:D012221,40
DB00852,MESH:D012640,40
DB00852,MESH:D012852,40
DB00852,MESH:D014202,40
DB00852,MESH:D014581,40
DB00852,MESH:D014839,40
DB00852,MESH:D016055,40
DB00852,MESH:D017180,40
DB00852,MESH:D018879,40
DB00852,MESH:D020521,40
DB00852,MESH:D052878,0
DB00852,MESH:D054058,36
DB00852,MESH:D058186,40
DB00852,MESH:D062787,40
DB00243,MESH:D000787,40
DB00243,MESH:D001145,40
DB00243,MESH:D001281,40
DB00243,MESH:D004719,40
DB00243,MESH:D008133,40
DB00243,MESH:D013610,40
DB00243,MESH:D016171,40
DB00243,MESH:D017202,40
DB00243,MESH:D018487,40
DB01244,MESH:D000787,40
DB01244,MESH:D001281,40
DB01244,MESH:D001919,40
DB01244,MESH:D002779,40
DB01244,MESH:D005221,40
DB01244,MESH:D006332,40
DB01244,MESH:D006940,40
DB01244,MESH:D007964,40
DB01244,MESH:D008133,40
DB01244,MESH:D013610,40
DB01244,MESH:D014693,40
DB01244,MESH:D016171,40
DB01244,MESH:D042882,40
DB01244,MESH:D066126,40
DB01240,MESH:D000787,40
DB01240,MESH:D000855,40
DB01240,MESH:D001201,40
DB01240,MESH:D001919,40
DB01240,MESH:D002375,40
DB01240,MESH:D002637,40
DB01240,MESH:D003328,39
DB01240,MESH:D003866,40
DB01240,MESH:D004890,40
DB01240,MESH:D005483,40
DB01240,MESH:D006930,40
DB01240,MESH:D006973,40
DB01240,MESH:D006976,40
DB01240,MESH:D007022,40
DB01240,MESH:D007035,40
DB01240,MESH:D007511,40
DB01240,MESH:D009203,40
DB01240,MESH:D009325,40
DB01240,MESH:D009336,40
DB01240,MESH:D011595,40
DB01240,MESH:D011655,40
DB01240,MESH:D012772,40
DB01240,MESH:D013276,40
DB01240,MESH:D013610,40
DB01240,MESH:D013923,40
DB01240,MESH:D013927,40
DB01240,MESH:D017114,40
DB01240,MESH:D017202,40
DB01240,MESH:D018487,40
DB01240,MESH:D018805,40
DB01240,MESH:D020301,40
DB01240,MESH:D020521,40
DB00598,MESH:D001014,40
DB00598,MESH:D001145,40
DB00598,MESH:D001281,40
DB00598,MESH:D001289,40
DB00598,MESH:D001919,40
DB00598,MESH:D002318,40
DB00598,MESH:D002546,40
DB00598,MESH:D002637,40
DB00598,MESH:D003329,40
DB00598,MESH:D003967,40
DB00598,MESH:D005076,40
DB00598,MESH:D005221,40
DB00598,MESH:D005767,40
DB00598,MESH:D006261,40
DB00598,MESH:D006323,40
DB00598,MESH:D006331,40
DB00598,MESH:D006332,40
DB00598,MESH:D006333,40
DB00598,MESH:D006470,40
DB00598,MESH:D006966,40
DB00598,MESH:D006973,40
DB00598,MESH:D007003,40
DB00598,MESH:D007232,40
DB00598,MESH:D007511,40
DB00598,MESH:D008107,40
DB00598,MESH:D009336,40
DB00598,MESH:D010292,40
DB00598,MESH:D010490,40
DB00598,MESH:D010673,40
DB00598,MESH:D011141,40
DB00598,MESH:D011225,40
DB00598,MESH:D012206,40
DB00598,MESH:D013345,40
DB00598,MESH:D013375,40
DB00598,MESH:D013610,40
DB00598,MESH:D014202,40
DB00598,MESH:D014555,40
DB00598,MESH:D016055,40
DB00598,MESH:D016757,40
DB00598,MESH:D017202,40
DB00598,MESH:D018879,40
DB00598,MESH:D046110,40
DB00598,MESH:D054058,40
DB00598,MESH:D054537,40
DB00598,MESH:D056486,40
DB00598,MESH:D058186,40
DB00692,MESH:D000787,40
DB00692,MESH:D001022,40
DB00692,MESH:D001919,40
DB00692,MESH:D001929,40
DB00692,MESH:D002637,40
DB00692,MESH:D004827,40
DB00692,MESH:D005355,40
DB00692,MESH:D005483,19
DB00692,MESH:D006261,40
DB00692,MESH:D006930,40
DB00692,MESH:D006948,40
DB00692,MESH:D006973,40
DB00692,MESH:D006976,40
DB00692,MESH:D007022,40
DB00692,MESH:D007024,40
DB00692,MESH:D007035,40
DB00692,MESH:D007172,40
DB00692,MESH:D007174,40
DB00692,MESH:D007249,40
DB00692,MESH:D007511,40
DB00692,MESH:D008067,40
DB00692,MESH:D008944,40
DB00692,MESH:D009325,40
DB00692,MESH:D009410,40
DB00692,MESH:D010411,40
DB00692,MESH:D010554,40
DB00692,MESH:D012220,40
DB00692,MESH:D012848,40
DB00692,MESH:D013035,40
DB00692,MESH:D013610,40
DB00692,MESH:D013927,40
DB00692,MESH:D014839,40
DB00692,MESH:D017180,40
DB00692,MESH:D017202,40
DB00692,MESH:D018754,40
DB00692,MESH:D019954,40
DB00692,MESH:D019970,40
DB00692,MESH:D054058,40
DB00692,MESH:D054537,40
DB00692,MESH:D056486,40
DB00692,MESH:D062787,40
DB01095,MESH:D000787,40
DB01095,MESH:D000855,40
DB01095,MESH:D002318,40
DB01095,MESH:D002471,40
DB01095,MESH:D003327,40
DB01095,MESH:D003882,40
DB01095,MESH:D003929,0
DB01095,MESH:D006261,40
DB01095,MESH:D006333,40
DB01095,MESH:D006526,40
DB01095,MESH:D006529,40
DB01095,MESH:D006937,40
DB01095,MESH:D006938,40
DB01095,MESH:D006949,40
DB01095,MESH:D007024,40
DB01095,MESH:D007592,40
DB01095,MESH:D009202,40
DB01095,MESH:D009203,40
DB01095,MESH:D009336,40
DB01095,MESH:D009361,40
DB01095,MESH:D010146,40
DB01095,MESH:D011115,40
DB01095,MESH:D011507,40
DB01095,MESH:D013262,40
DB01095,MESH:D015228,40
DB01095,MESH:D015428,40
DB01095,MESH:D015430,40
DB01095,MESH:D015746,40
DB01095,MESH:D050171,40
DB01095,MESH:D050197,40
DB01095,MESH:D056486,40
DB06709,MESH:D000787,40
DB06709,MESH:D001249,40
DB06709,MESH:D003329,40
DB06709,MESH:D004802,40
DB06709,MESH:D006967,0
DB06709,MESH:D007022,40
DB06709,MESH:D007249,40
DB06709,MESH:D008171,0
DB06709,MESH:D014693,40
DB06709,MESH:D016535,40
DB00696,MESH:D000787,40
DB00696,MESH:D001157,40
DB00696,MESH:D001523,40
DB00696,MESH:D002340,0
DB00696,MESH:D002341,40
DB00696,MESH:D002544,40
DB00696,MESH:D002637,40
DB00696,MESH:D003324,40
DB00696,MESH:D003327,40
DB00696,MESH:D003328,40
DB00696,MESH:D003329,40
DB00696,MESH:D003680,40
DB00696,MESH:D003967,40
DB00696,MESH:D004421,40
DB00696,MESH:D005316,40
DB00696,MESH:D005355,40
DB00696,MESH:D006261,40
DB00696,MESH:D006331,40
DB00696,MESH:D006349,40
DB00696,MESH:D006940,40
DB00696,MESH:D007024,40
DB00696,MESH:D007035,40
DB00696,MESH:D007238,40
DB00696,MESH:D009203,40
DB00696,MESH:D009325,40
DB00696,MESH:D009395,40
DB00696,MESH:D009896,40
DB00696,MESH:D010292,40
DB00696,MESH:D010523,40
DB00696,MESH:D012021,40
DB00696,MESH:D012640,40
DB00696,MESH:D013035,40
DB00696,MESH:D013375,40
DB00696,MESH:D013971,0
DB00696,MESH:D014652,40
DB00696,MESH:D014839,40
DB00696,MESH:D016491,40
DB00696,MESH:D017202,40
DB00696,MESH:D018917,40
DB00696,MESH:D019966,40
DB00696,MESH:D020246,40
DB00696,MESH:D020300,40
DB00696,MESH:D020520,40
DB00696,MESH:D020886,40
DB00696,MESH:D023921,40
DB00696,MESH:D054058,40
DB00669,MESH:D000787,40
DB00669,MESH:D000789,0
DB00669,MESH:D000799,40
DB00669,MESH:D001247,40
DB00669,MESH:D001281,40
DB00669,MESH:D001523,40
DB00669,MESH:D001919,40
DB00669,MESH:D002318,40
DB00669,MESH:D002544,40
DB00669,MESH:D002637,40
DB00669,MESH:D003327,40
DB00669,MESH:D003329,40
DB00669,MESH:D003866,40
DB00669,MESH:D004417,27
DB00669,MESH:D004421,40
DB00669,MESH:D004487,40
DB00669,MESH:D004935,40
DB00669,MESH:D005119,0
DB00669,MESH:D005221,40
DB00669,MESH:D006261,40
DB00669,MESH:D006930,40
DB00669,MESH:D006940,40
DB00669,MESH:D007022,40
DB00669,MESH:D008881,40
DB00669,MESH:D009203,40
DB00669,MESH:D009205,40
DB00669,MESH:D009325,40
DB00669,MESH:D010292,40
DB00669,MESH:D011644,0
DB00669,MESH:D012008,40
DB00669,MESH:D014012,40
DB00669,MESH:D014693,40
DB00669,MESH:D014947,40
DB00669,MESH:D015431,40
DB00669,MESH:D016584,40
DB00669,MESH:D018917,40
DB00669,MESH:D019966,40
DB00669,MESH:D020078,40
DB00669,MESH:D020246,40
DB00669,MESH:D020326,40
DB00669,MESH:D020795,40
DB00669,MESH:D051474,40
DB00669,MESH:D054058,40
DB01023,MESH:D000787,40
DB01023,MESH:D003327,40
DB01023,MESH:D004487,40
DB01023,MESH:D005148,40
DB01023,MESH:D005221,40
DB01023,MESH:D005355,40
DB01023,MESH:D005483,40
DB01023,MESH:D005885,40
DB01023,MESH:D006261,40
DB01023,MESH:D006333,40
DB01023,MESH:D006973,40
DB01023,MESH:D006978,40
DB01023,MESH:D012640,40
DB01023,MESH:D013616,40
DB01023,MESH:D013684,40
DB09242,MESH:D000787,40
DB09242,MESH:D001145,40
DB09242,MESH:D005315,40
DB09242,MESH:D006332,40
DB09242,MESH:D006973,40
DB09242,MESH:D007022,40
DB09242,MESH:D009325,40
DB09242,MESH:D013610,40
DB09242,MESH:D018149,40
DB09242,MESH:D018487,40
DB01193,MESH:D000787,40
DB01193,MESH:D001008,38
DB01193,MESH:D001145,40
DB01193,MESH:D001919,40
DB01193,MESH:D003875,40
DB01193,MESH:D006327,40
DB01193,MESH:D006331,40
DB01193,MESH:D006973,40
DB01193,MESH:D007022,40
DB01193,MESH:D009157,0
DB01193,MESH:D014693,40
DB01193,MESH:D017180,40
DB01193,MESH:D017202,40
DB01193,MESH:D018879,40
DB01268,MESH:D000787,40
DB01268,MESH:D001145,40
DB01268,MESH:D001847,40
DB01268,MESH:D001855,40
DB01268,MESH:D002292,40
DB01268,MESH:D003967,40
DB01268,MESH:D005355,40
DB01268,MESH:D005770,40
DB01268,MESH:D006331,40
DB01268,MESH:D006332,40
DB01268,MESH:D006333,40
DB01268,MESH:D006973,40
DB01268,MESH:D008133,40
DB01268,MESH:D009336,40
DB01268,MESH:D009362,40
DB01268,MESH:D009369,40
DB01268,MESH:D010182,40
DB01268,MESH:D011471,40
DB01268,MESH:D012008,25
DB01268,MESH:D014839,40
DB01268,MESH:D015431,40
DB01268,MESH:D017202,40
DB01268,MESH:D018358,0
DB01268,MESH:D018487,40
DB01268,MESH:D046152,40
DB01268,MESH:D066126,40
DB00195,MESH:D000787,40
DB00195,MESH:D001145,40
DB00195,MESH:D001919,40
DB00195,MESH:D003866,40
DB00195,MESH:D005128,40
DB00195,MESH:D005221,40
DB00195,MESH:D005355,40
DB00195,MESH:D005901,40
DB00195,MESH:D006261,40
DB00195,MESH:D009203,40
DB00195,MESH:D013375,40
DB00195,MESH:D014657,40
DB00195,MESH:D020521,40
DB01020,MESH:D000787,40
DB01020,MESH:D001919,40
DB01020,MESH:D003967,40
DB01020,MESH:D004932,40
DB01020,MESH:D006973,40
DB01020,MESH:D006975,0
DB01020,MESH:D007022,40
DB01020,MESH:D010899,40
DB01020,MESH:D011655,40
DB01020,MESH:D013375,40
DB01020,MESH:D017180,40
DB01020,MESH:D020326,40
DB01020,MESH:D058186,40
DB00612,MESH:D001247,40
DB00612,MESH:D001281,40
DB00612,MESH:D001919,40
DB00612,MESH:D002546,0
DB00612,MESH:D003967,40
DB00612,MESH:D007008,40
DB00612,MESH:D007511,40
DB00612,MESH:D008133,40
DB00612,MESH:D008881,40
DB00612,MESH:D009202,40
DB00612,MESH:D009203,40
DB00612,MESH:D011183,40
DB00612,MESH:D011782,40
DB00612,MESH:D012893,40
DB00612,MESH:D013610,40
DB00612,MESH:D014555,40
DB00612,MESH:D016171,40
DB00612,MESH:D016491,40
DB00612,MESH:D018754,40
DB00612,MESH:D020257,40
DB09069,MESH:D000787,0
DB09069,MESH:D001145,40
DB09069,MESH:D006333,40
DB09069,MESH:D010146,40
DB09069,MESH:D018487,40
DB00866,MESH:D000787,40
DB00866,MESH:D001145,40
DB00866,MESH:D002375,39
DB00866,MESH:D007022,40
DB00866,MESH:D013610,40
DB00465,MESH:D000799,40
DB00465,MESH:D001289,0
DB00465,MESH:D001480,40
DB00465,MESH:D001919,40
DB00465,MESH:D003875,40
DB00465,MESH:D004487,40
DB00465,MESH:D006406,40
DB00465,MESH:D006470,40
DB00465,MESH:D006947,40
DB00465,MESH:D007249,40
DB00465,MESH:D007683,40
DB00465,MESH:D008582,40
DB00465,MESH:D008881,40
DB00465,MESH:D009325,40
DB00465,MESH:D010146,40
DB00465,MESH:D010149,40
DB00465,MESH:D013262,40
DB00465,MESH:D013272,40
DB00465,MESH:D013276,40
DB00465,MESH:D013375,40
DB00465,MESH:D014456,40
DB00465,MESH:D014581,40
DB00465,MESH:D014839,40
DB00465,MESH:D034381,40
DB00465,MESH:D051437,40
DB00465,MESH:D058186,40
DB01009,MESH:D000799,40
DB01009,MESH:D001172,40
DB01009,MESH:D001249,40
DB01009,MESH:D001791,40
DB01009,MESH:D002493,40
DB01009,MESH:D003556,40
DB01009,MESH:D003866,40
DB01009,MESH:D004417,40
DB01009,MESH:D004487,40
DB01009,MESH:D005334,40
DB01009,MESH:D005767,40
DB01009,MESH:D006406,40
DB01009,MESH:D007232,40
DB01009,MESH:D007249,40
DB01009,MESH:D007674,40
DB01009,MESH:D007676,40
DB01009,MESH:D009202,40
DB01009,MESH:D009395,40
DB01009,MESH:D009422,40
DB01009,MESH:D010003,40
DB01009,MESH:D010146,40
DB01009,MESH:D010149,40
DB01009,MESH:D010195,40
DB01009,MESH:D010437,40
DB01009,MESH:D013262,40
DB01009,MESH:D013272,40
DB01009,MESH:D014581,40
DB01009,MESH:D015433,40
DB01009,MESH:D017114,40
DB01009,MESH:D017116,40
DB01009,MESH:D018500,40
DB01009,MESH:D051437,40
DB01009,MESH:D056486,40
DB01009,MESH:D058186,40
DB00630,MESH:D001424,40
DB00630,MESH:D001847,40
DB00630,MESH:D001851,0
DB00630,MESH:D001859,40
DB00630,MESH:D001862,40
DB00630,MESH:D002318,40
DB00630,MESH:D003072,40
DB00630,MESH:D003248,40
DB00630,MESH:D003680,10
DB00630,MESH:D003967,40
DB00630,MESH:D004487,40
DB00630,MESH:D004892,40
DB00630,MESH:D005076,40
DB00630,MESH:D005355,40
DB00630,MESH:D005357,40
DB00630,MESH:D005764,0
DB00630,MESH:D006261,40
DB00630,MESH:D006356,0
DB00630,MESH:D006934,40
DB00630,MESH:D006996,40
DB00630,MESH:D007249,40
DB00630,MESH:D007859,40
DB00630,MESH:D008569,40
DB00630,MESH:D009203,40
DB00630,MESH:D009325,40
DB00630,MESH:D009395,40
DB00630,MESH:D010024,40
DB00630,MESH:D010146,40
DB00630,MESH:D011507,40
DB00630,MESH:D012516,40
DB00630,MESH:D012640,40
DB00630,MESH:D013262,40
DB00630,MESH:D013585,0
DB00630,MESH:D014552,40
DB00630,MESH:D014839,40
DB00630,MESH:D015746,40
DB00630,MESH:D018212,40
DB00630,MESH:D053565,40
DB00630,MESH:D054078,40
DB00630,MESH:D056486,40
DB00961,MESH:D000799,40
DB00961,MESH:D001037,40
DB00961,MESH:D001049,40
DB00961,MESH:D001145,40
DB00961,MESH:D001281,40
DB00961,MESH:D001416,40
DB00961,MESH:D001766,40
DB00961,MESH:D001919,40
DB00961,MESH:D002493,40
DB00961,MESH:D002524,40
DB00961,MESH:D003229,0
DB00961,MESH:D003875,40
DB00961,MESH:D004401,40
DB00961,MESH:D005313,40
DB00961,MESH:D006323,40
DB00961,MESH:D006940,40
DB00961,MESH:D006973,40
DB00961,MESH:D007022,40
DB00961,MESH:D007232,40
DB00961,MESH:D009135,40
DB00961,MESH:D009203,40
DB00961,MESH:D009220,40
DB00961,MESH:D009325,40
DB00961,MESH:D009410,40
DB00961,MESH:D009422,40
DB00961,MESH:D010146,40
DB00961,MESH:D010243,40
DB00961,MESH:D010291,40
DB00961,MESH:D010292,40
DB00961,MESH:D011297,40
DB00961,MESH:D011654,40
DB00961,MESH:D012640,40
DB00961,MESH:D012871,40
DB00961,MESH:D013035,40
DB00961,MESH:D014474,40
DB00961,MESH:D014581,40
DB00961,MESH:D014839,40
DB00961,MESH:D016757,40
DB00961,MESH:D017180,40
DB00961,MESH:D020078,0
DB00533,MESH:D000799,40
DB00533,MESH:D001169,40
DB00533,MESH:D001919,40
DB00533,MESH:D001927,40
DB00533,MESH:D002100,40
DB00533,MESH:D002318,40
DB00533,MESH:D002389,40
DB00533,MESH:D002545,40
DB00533,MESH:D002637,40
DB00533,MESH:D002779,40
DB00533,MESH:D003327,40
DB00533,MESH:D003875,40
DB00533,MESH:D004487,40
DB00533,MESH:D004715,40
DB00533,MESH:D004802,40
DB00533,MESH:D005767,40
DB00533,MESH:D006333,40
DB00533,MESH:D006471,40
DB00533,MESH:D006930,40
DB00533,MESH:D006973,40
DB00533,MESH:D007410,40
DB00533,MESH:D007417,40
DB00533,MESH:D007674,40
DB00533,MESH:D007964,27
DB00533,MESH:D008106,40
DB00533,MESH:D008107,40
DB00533,MESH:D009203,40
DB00533,MESH:D009395,40
DB00533,MESH:D010003,40
DB00533,MESH:D010146,40
DB00533,MESH:D010149,40
DB00533,MESH:D012130,40
DB00533,MESH:D013262,40
DB00533,MESH:D013272,40
DB00533,MESH:D013927,40
DB00533,MESH:D014555,40
DB00533,MESH:D014657,40
DB00533,MESH:D014786,40
DB00533,MESH:D015179,40
DB00533,MESH:D015427,40
DB00533,MESH:D015428,40
DB00533,MESH:D015430,40
DB00533,MESH:D015431,40
DB00533,MESH:D019586,40
DB00533,MESH:D020370,40
DB00533,MESH:D050197,40
DB00533,MESH:D051437,40
DB00533,MESH:D053201,40
DB00533,MESH:D056486,40
DB00533,MESH:D058186,40
DB09300,MESH:D000799,40
DB09300,MESH:D003875,40
DB09300,MESH:D010146,40
DB09300,MESH:D014581,40
DB00831,MESH:D000799,40
DB00831,MESH:D001008,40
DB00831,MESH:D001145,40
DB00831,MESH:D001480,40
DB00831,MESH:D001714,40
DB00831,MESH:D001764,40
DB00831,MESH:D003865,40
DB00831,MESH:D003866,40
DB00831,MESH:D003920,40
DB00831,MESH:D004401,40
DB00831,MESH:D004409,40
DB00831,MESH:D004421,40
DB00831,MESH:D005334,40
DB00831,MESH:D007024,40
DB00831,MESH:D007177,40
DB00831,MESH:D009069,40
DB00831,MESH:D010259,40
DB00831,MESH:D010302,40
DB00831,MESH:D011595,40
DB00831,MESH:D011605,40
DB00831,MESH:D011618,40
DB00831,MESH:D011644,40
DB00831,MESH:D012640,40
DB00831,MESH:D013226,40
DB00831,MESH:D013342,40
DB00831,MESH:D013375,40
DB00831,MESH:D014202,40
DB00831,MESH:D016171,40
DB00831,MESH:D018476,40
DB00831,MESH:D020734,40
DB00450,MESH:D000799,40
DB00450,MESH:D001008,40
DB00450,MESH:D001145,40
DB00450,MESH:D001342,40
DB00450,MESH:D001480,40
DB00450,MESH:D001919,40
DB00450,MESH:D002318,40
DB00450,MESH:D003072,40
DB00450,MESH:D003128,40
DB00450,MESH:D004409,40
DB00450,MESH:D004421,40
DB00450,MESH:D005334,40
DB00450,MESH:D006212,40
DB00450,MESH:D006323,40
DB00450,MESH:D006327,40
DB00450,MESH:D006973,40
DB00450,MESH:D007022,40
DB00450,MESH:D008133,40
DB00450,MESH:D008881,40
DB00450,MESH:D009122,40
DB00450,MESH:D009127,40
DB00450,MESH:D009325,40
DB00450,MESH:D009422,40
DB00450,MESH:D010146,40
DB00450,MESH:D010149,40
DB00450,MESH:D010554,40
DB00450,MESH:D011595,40
DB00450,MESH:D011618,40
DB00450,MESH:D012131,40
DB00450,MESH:D013118,1
DB00450,MESH:D013610,40
DB00450,MESH:D016171,40
DB00450,MESH:D020795,0
DB00455,MESH:D001249,40
DB00455,MESH:D006255,40
DB00455,MESH:D006261,40
DB00455,MESH:D006967,40
DB00455,MESH:D007021,40
DB00455,MESH:D008064,40
DB00455,MESH:D008133,40
DB00455,MESH:D009395,40
DB00455,MESH:D012221,40
DB00455,MESH:D014581,40
DB00455,MESH:D016171,40
DB00455,MESH:D017180,40
DB00455,MESH:D020018,40
DB00455,MESH:D056486,40
DB00455,MESH:D058186,40
DB00455,MESH:D065631,38
DB00193,MESH:D000799,40
DB00193,MESH:D001049,40
DB00193,MESH:D001169,40
DB00193,MESH:D001416,40
DB00193,MESH:D001424,40
DB00193,MESH:D001930,40
DB00193,MESH:D002294,40
DB00193,MESH:D002389,40
DB00193,MESH:D003072,40
DB00193,MESH:D003128,40
DB00193,MESH:D005076,40
DB00193,MESH:D005234,40
DB00193,MESH:D005334,40
DB00193,MESH:D005911,40
DB00193,MESH:D006212,40
DB00193,MESH:D006470,40
DB00193,MESH:D006930,40
DB00193,MESH:D006973,40
DB00193,MESH:D007022,40
DB00193,MESH:D009293,40
DB00193,MESH:D009325,40
DB00193,MESH:D009336,40
DB00193,MESH:D010003,40
DB00193,MESH:D010149,40
DB00193,MESH:D011183,40
DB00193,MESH:D011507,40
DB00193,MESH:D011537,40
DB00193,MESH:D012148,40
DB00193,MESH:D012640,40
DB00193,MESH:D013262,40
DB00193,MESH:D013272,40
DB00193,MESH:D013375,40
DB00193,MESH:D013610,40
DB00193,MESH:D014474,40
DB00193,MESH:D014786,40
DB00193,MESH:D014839,40
DB00193,MESH:D016055,40
DB00193,MESH:D017114,40
DB00193,MESH:D018442,40
DB00193,MESH:D020258,40
DB00193,MESH:D020370,40
DB00193,MESH:D051474,40
DB00193,MESH:D053609,40
DB00193,MESH:D062787,40
DB05381,MESH:D000799,40
DB05381,MESH:D001145,40
DB05381,MESH:D001249,40
DB05381,MESH:D001862,0
DB05381,MESH:D002389,40
DB05381,MESH:D003329,40
DB05381,MESH:D004417,40
DB05381,MESH:D004802,40
DB05381,MESH:D006930,40
DB05381,MESH:D006967,40
DB05381,MESH:D006968,40
DB05381,MESH:D006969,0
DB05381,MESH:D006975,0
DB05381,MESH:D007022,40
DB05381,MESH:D007410,40
DB05381,MESH:D008545,40
DB05381,MESH:D008569,40
DB05381,MESH:D008881,40
DB05381,MESH:D009203,40
DB05381,MESH:D011537,40
DB05381,MESH:D011833,40
DB05381,MESH:D012640,40
DB05381,MESH:D012771,40
DB05381,MESH:D012772,0
DB05381,MESH:D013276,40
DB05381,MESH:D014581,40
DB05381,MESH:D055963,40
DB05381,MESH:D056486,40
DB00886,MESH:D006332,40
DB00886,MESH:D006973,40
DB00886,MESH:D007022,40
DB00342,MESH:D000799,40
DB00342,MESH:D001145,40
DB00342,MESH:D001249,40
DB00342,MESH:D001919,40
DB00342,MESH:D002318,40
DB00342,MESH:D002779,40
DB00342,MESH:D003128,40
DB00342,MESH:D006255,40
DB00342,MESH:D006505,40
DB00342,MESH:D006934,40
DB00342,MESH:D006967,40
DB00342,MESH:D006968,40
DB00342,MESH:D006969,0
DB00342,MESH:D007008,40
DB00342,MESH:D008133,40
DB00342,MESH:D010024,40
DB00342,MESH:D010490,40
DB00342,MESH:D011537,40
DB00342,MESH:D012221,40
DB00342,MESH:D012852,40
DB00342,MESH:D012912,2
DB00342,MESH:D014202,40
DB00342,MESH:D014581,40
DB00342,MESH:D014693,40
DB00342,MESH:D016055,40
DB00342,MESH:D016171,40
DB00342,MESH:D017180,40
DB00342,MESH:D056486,40
DB00302,MESH:D000799,40
DB00302,MESH:D001929,40
DB00302,MESH:D002544,40
DB00302,MESH:D002545,40
DB00302,MESH:D003128,40
DB00302,MESH:D004211,40
DB00302,MESH:D004830,40
DB00302,MESH:D005128,40
DB00302,MESH:D006467,0
DB00302,MESH:D006470,40
DB00302,MESH:D007238,40
DB00302,MESH:D007889,0
DB00302,MESH:D010291,40
DB00302,MESH:D011183,40
DB00302,MESH:D011655,40
DB00302,MESH:D012640,40
DB00302,MESH:D012851,40
DB00302,MESH:D013226,40
DB00302,MESH:D013345,40
DB00302,MESH:D013923,40
DB00302,MESH:D013927,40
DB00302,MESH:D016553,40
DB00302,MESH:D020246,40
DB00302,MESH:D020521,40
DB00302,MESH:D020767,40
DB00302,MESH:D051437,40
DB00302,MESH:D054179,40
DB00302,MESH:D056486,40
DB00302,MESH:D058186,40
DB00302,MESH:D062787,0
DB00637,MESH:D001145,40
DB00637,MESH:D001919,40
DB00637,MESH:D004802,40
DB00637,MESH:D006255,40
DB00637,MESH:D006323,40
DB00637,MESH:D006967,40
DB00637,MESH:D008288,0
DB00637,MESH:D008545,40
DB00637,MESH:D010146,40
DB00637,MESH:D010300,40
DB00637,MESH:D010490,40
DB00637,MESH:D010554,40
DB00637,MESH:D012221,40
DB00637,MESH:D017880,40
DB00637,MESH:D018754,40
DB00637,MESH:D066126,40
DB00881,MESH:D000799,40
DB00881,MESH:D001145,40
DB00881,MESH:D002312,40
DB00881,MESH:D003371,40
DB00881,MESH:D003928,40
DB00881,MESH:D006332,40
DB00881,MESH:D006333,40
DB00881,MESH:D006965,40
DB00881,MESH:D006973,40
DB00881,MESH:D007008,40
DB00881,MESH:D007024,40
DB00881,MESH:D007674,40
DB00881,MESH:D009336,40
DB00881,MESH:D009395,40
DB00881,MESH:D013927,40
DB00881,MESH:D014652,40
DB00881,MESH:D017379,40
DB00881,MESH:D018487,40
DB00881,MESH:D020521,40
DB00881,MESH:D024821,40
DB00471,MESH:D000799,40
DB00471,MESH:D003072,40
DB00471,MESH:D004195,40
DB00471,MESH:D004802,40
DB00471,MESH:D005596,40
DB00471,MESH:D005911,40
DB00471,MESH:D007249,40
DB00471,MESH:D008881,40
DB00471,MESH:D009410,40
DB00471,MESH:D010146,40
DB00471,MESH:D011183,40
DB00471,MESH:D011658,40
DB00471,MESH:D013119,40
DB00471,MESH:D013262,40
DB00471,MESH:D013276,40
DB00471,MESH:D013375,40
DB00471,MESH:D014581,40
DB00471,MESH:D020181,40
DB00471,MESH:D055963,40
DB00471,MESH:D056486,40
DB00471,MESH:D058186,38
DB00513,MESH:D000799,40
DB00513,MESH:D001018,40
DB00513,MESH:D001778,40
DB00513,MESH:D002545,40
DB00513,MESH:D005131,40
DB00513,MESH:D006212,40
DB00513,MESH:D006470,40
DB00513,MESH:D006849,40
DB00513,MESH:D006932,0
DB00513,MESH:D006943,0
DB00513,MESH:D006973,40
DB00513,MESH:D007022,40
DB00513,MESH:D007674,40
DB00513,MESH:D009135,40
DB00513,MESH:D009336,40
DB00513,MESH:D009404,40
DB00513,MESH:D010146,40
DB00513,MESH:D012206,40
DB00513,MESH:D012640,40
DB00513,MESH:D013345,40
DB00513,MESH:D013921,40
DB00513,MESH:D013923,40
DB00513,MESH:D020225,0
DB00513,MESH:D020246,40
DB00513,MESH:D020301,40
DB00513,MESH:D020767,40
DB00513,MESH:D057049,40
DB00513,MESH:D058186,40
DB06148,MESH:D000855,40
DB06148,MESH:D001523,40
DB06148,MESH:D001714,40
DB06148,MESH:D001919,40
DB06148,MESH:D002375,40
DB06148,MESH:D003866,40
DB06148,MESH:D004421,40
DB06148,MESH:D006212,40
DB06148,MESH:D006402,0
DB06148,MESH:D006948,40
DB06148,MESH:D007024,40
DB06148,MESH:D007035,40
DB06148,MESH:D007174,40
DB06148,MESH:D008133,40
DB06148,MESH:D009069,40
DB06148,MESH:D009765,39
DB06148,MESH:D010259,40
DB06148,MESH:D010554,40
DB06148,MESH:D011297,40
DB06148,MESH:D013035,40
DB06148,MESH:D013375,40
DB06148,MESH:D019465,40
DB00903,MESH:D000855,40
DB00903,MESH:D001145,40
DB00903,MESH:D003638,40
DB00903,MESH:D003681,16
DB00903,MESH:D006311,40
DB00903,MESH:D006319,40
DB00903,MESH:D007008,40
DB00903,MESH:D007010,40
DB00903,MESH:D009336,40
DB00903,MESH:D012640,40
DB00903,MESH:D013226,40
DB00903,MESH:D014202,40
DB00903,MESH:D051437,40
DB00903,MESH:D058186,40
DB01365,MESH:D000855,40
DB01365,MESH:D001049,28
DB01365,MESH:D001919,40
DB01365,MESH:D006212,40
DB01365,MESH:D006973,40
DB01365,MESH:D007022,40
DB01365,MESH:D007319,40
DB01365,MESH:D010259,40
DB01365,MESH:D011595,40
DB01365,MESH:D011605,40
DB01365,MESH:D012640,40
DB00673,MESH:D000855,40
DB00673,MESH:D001927,40
DB00673,MESH:D004487,40
DB00673,MESH:D009325,40
DB00673,MESH:D009422,40
DB00673,MESH:D013262,40
DB00397,MESH:D000855,40
DB00397,MESH:D001037,40
DB00397,MESH:D001049,40
DB00397,MESH:D001167,40
DB00397,MESH:D001523,40
DB00397,MESH:D001714,40
DB00397,MESH:D002389,40
DB00397,MESH:D002543,40
DB00397,MESH:D003875,40
DB00397,MESH:D004421,40
DB00397,MESH:D004830,40
DB00397,MESH:D006261,40
DB00397,MESH:D006323,40
DB00397,MESH:D006948,40
DB00397,MESH:D007024,40
DB00397,MESH:D007674,40
DB00397,MESH:D008569,40
DB00397,MESH:D009395,40
DB00397,MESH:D010259,40
DB00397,MESH:D011507,40
DB00397,MESH:D011595,40
DB00397,MESH:D011605,40
DB00397,MESH:D011618,40
DB00397,MESH:D012131,40
DB00397,MESH:D012141,40
DB00397,MESH:D012206,40
DB00397,MESH:D012221,40
DB00397,MESH:D012563,40
DB00397,MESH:D012640,40
DB00397,MESH:D012852,40
DB00397,MESH:D012893,40
DB00397,MESH:D013345,40
DB00397,MESH:D014581,40
DB00397,MESH:D014693,40
DB00397,MESH:D015430,40
DB00397,MESH:D016055,40
DB00397,MESH:D016534,40
DB00397,MESH:D019970,40
DB00397,MESH:D020300,40
DB00397,MESH:D020521,40
DB00397,MESH:D054537,40
DB00397,MESH:D062787,40
DB05630,MESH:D002524,40
DB05630,MESH:D006331,40
DB05630,MESH:D007896,40
DB05630,MESH:D007897,0
DB05630,MESH:D007898,40
DB05630,MESH:D008107,40
DB05630,MESH:D010195,0
DB05630,MESH:D010518,40
DB05630,MESH:D013163,40
DB05630,MESH:D014839,40
DB05630,MESH:D016773,40
DB05630,MESH:D053609,40
DB09401,MESH:D004890,40
DB09401,MESH:D006973,40
DB09401,MESH:D051437,40
DB09401,MESH:D056486,40
DB00889,MESH:D000855,40
DB00889,MESH:D001919,40
DB00889,MESH:D003248,40
DB00889,MESH:D005483,40
DB00889,MESH:D006261,40
DB00889,MESH:D010146,40
DB00889,MESH:D014786,40
DB00889,MESH:D015746,40
DB00889,MESH:D020018,40
DB01068,MESH:D000855,40
DB01068,MESH:D001049,40
DB01068,MESH:D001259,40
DB01068,MESH:D001764,40
DB01068,MESH:D001778,0
DB01068,MESH:D001927,40
DB01068,MESH:D002524,40
DB01068,MESH:D003128,40
DB01068,MESH:D003490,40
DB01068,MESH:D003866,40
DB01068,MESH:D004409,40
DB01068,MESH:D004421,40
DB01068,MESH:D004487,40
DB01068,MESH:D004827,40
DB01068,MESH:D004830,40
DB01068,MESH:D004831,40
DB01068,MESH:D004833,40
DB01068,MESH:D005879,23
DB01068,MESH:D006212,40
DB01068,MESH:D006529,40
DB01068,MESH:D006948,40
DB01068,MESH:D007035,40
DB01068,MESH:D007172,40
DB01068,MESH:D007174,40
DB01068,MESH:D007232,40
DB01068,MESH:D007319,40
DB01068,MESH:D009069,40
DB01068,MESH:D009437,40
DB01068,MESH:D010259,40
DB01068,MESH:D010300,40
DB01068,MESH:D011297,40
DB01068,MESH:D011605,40
DB01068,MESH:D012164,39
DB01068,MESH:D012563,40
DB01068,MESH:D012640,40
DB01068,MESH:D013064,40
DB01068,MESH:D013226,40
DB01068,MESH:D013313,40
DB01068,MESH:D013375,40
DB01068,MESH:D016055,40
DB01068,MESH:D016584,40
DB01068,MESH:D017029,40
DB01068,MESH:D017114,40
DB01068,MESH:D019954,40
DB01068,MESH:D019958,1
DB01068,MESH:D020181,40
DB01068,MESH:D020734,40
DB01068,MESH:D020820,40
DB01068,MESH:D020821,40
DB00232,MESH:D000855,40
DB00232,MESH:D005221,40
DB00232,MESH:D006973,40
DB00232,MESH:D009325,40
DB00628,MESH:D000855,40
DB00628,MESH:D007172,40
DB00628,MESH:D007319,40
DB00628,MESH:D009336,40
DB00628,MESH:D009404,40
DB00628,MESH:D011507,40
DB00628,MESH:D012640,40
DB00628,MESH:D013375,40
DB00628,MESH:D013921,40
DB00628,MESH:D053609,40
DB01105,MESH:D000855,40
DB01105,MESH:D001145,40
DB01105,MESH:D001714,40
DB01105,MESH:D003248,36
DB01105,MESH:D005234,40
DB01105,MESH:D006261,40
DB01105,MESH:D006323,40
DB01105,MESH:D007319,40
DB01105,MESH:D009203,40
DB01105,MESH:D009765,39
DB01105,MESH:D013610,40
DB01105,MESH:D015431,40
DB01105,MESH:D066126,40
DB00116,MESH:D000855,2
DB00116,MESH:D003967,40
DB00498,MESH:D000855,40
DB00498,MESH:D001002,40
DB00498,MESH:D001247,40
DB00498,MESH:D002908,0
DB00498,MESH:D003875,40
DB00498,MESH:D005921,40
DB00498,MESH:D007674,40
DB00498,MESH:D009203,40
DB00498,MESH:D013923,40
DB00498,MESH:D014581,40
DB00498,MESH:D014657,40
DB00498,MESH:D020246,40
DB00498,MESH:D020426,40
DB00498,MESH:D056486,40
DB01219,MESH:D001749,40
DB01219,MESH:D002295,40
DB01219,MESH:D002389,40
DB01219,MESH:D002779,40
DB01219,MESH:D005334,40
DB01219,MESH:D006212,40
DB01219,MESH:D006323,40
DB01219,MESH:D006417,40
DB01219,MESH:D006505,40
DB01219,MESH:D006521,40
DB01219,MESH:D006529,40
DB01219,MESH:D006947,40
DB01219,MESH:D009122,40
DB01219,MESH:D009127,40
DB01219,MESH:D009135,40
DB01219,MESH:D010146,40
DB01219,MESH:D010195,40
DB01219,MESH:D010996,2
DB01219,MESH:D011014,40
DB01219,MESH:D012640,40
DB01219,MESH:D013035,40
DB01219,MESH:D013276,40
DB01219,MESH:D014786,40
DB01219,MESH:D015451,40
DB01219,MESH:D016055,40
DB01219,MESH:D017180,40
DB01219,MESH:D018908,40
DB01219,MESH:D056486,40
DB00434,MESH:D000855,40
DB00434,MESH:D001259,40
DB00434,MESH:D001321,37
DB00434,MESH:D002375,40
DB00434,MESH:D002389,40
DB00434,MESH:D002779,40
DB00434,MESH:D003480,40
DB00434,MESH:D003866,40
DB00434,MESH:D004487,40
DB00434,MESH:D005334,40
DB00434,MESH:D006212,40
DB00434,MESH:D006948,40
DB00434,MESH:D006973,40
DB00434,MESH:D007022,40
DB00434,MESH:D007859,40
DB00434,MESH:D008288,40
DB00434,MESH:D010554,40
DB00434,MESH:D011537,40
DB00434,MESH:D011618,40
DB00434,MESH:D012640,40
DB00434,MESH:D013375,40
DB00434,MESH:D013610,40
DB00434,MESH:D014202,40
DB00434,MESH:D015431,40
DB00434,MESH:D020018,40
DB00434,MESH:D056486,40
DB00581,MESH:D003967,40
DB00581,MESH:D006501,0
DB00581,MESH:D007674,14
DB00581,MESH:D009325,40
DB00581,MESH:D015746,40
DB00581,MESH:D022124,40
DB00581,MESH:D041781,40
DB00581,MESH:D056486,39
DB00173,MESH:D002779,40
DB00173,MESH:D009325,40
DB00173,MESH:D009395,40
DB00173,MESH:D051437,40
DB00173,MESH:D056486,40
DB01198,MESH:D000855,40
DB01198,MESH:D001247,40
DB01198,MESH:D006261,40
DB01198,MESH:D007319,40
DB01198,MESH:D008569,40
DB01198,MESH:D009395,40
DB01198,MESH:D011596,40
DB01198,MESH:D012559,40
DB01198,MESH:D013651,40
DB01198,MESH:D014786,39
DB01198,MESH:D015431,40
DB01198,MESH:D019964,40
DB01198,MESH:D019966,40
DB01198,MESH:D056486,40
DB01198,MESH:D058186,40
DB04867,MESH:D000855,40
DB00567,MESH:D000855,40
DB00567,MESH:D001424,40
DB00567,MESH:D002481,40
DB00567,MESH:D002779,40
DB00567,MESH:D003371,40
DB00567,MESH:D003967,40
DB00567,MESH:D004802,40
DB00567,MESH:D004927,40
DB00567,MESH:D005221,40
DB00567,MESH:D006332,40
DB00567,MESH:D007683,40
DB00567,MESH:D008107,40
DB00567,MESH:D009205,40
DB00567,MESH:D009325,40
DB00567,MESH:D011183,40
DB00567,MESH:D011537,40
DB00567,MESH:D012852,40
DB00567,MESH:D013262,40
DB00567,MESH:D014552,40
DB00567,MESH:D014581,40
DB00567,MESH:D014839,40
DB00567,MESH:D056486,40
DB00211,MESH:D001259,40
DB00211,MESH:D001919,40
DB00211,MESH:D002303,40
DB00211,MESH:D004421,40
DB00211,MESH:D005221,40
DB00211,MESH:D006333,40
DB00211,MESH:D006973,40
DB00211,MESH:D007022,40
DB00211,MESH:D009336,40
DB00211,MESH:D010292,40
DB00211,MESH:D011537,40
DB00211,MESH:D013651,40
DB00211,MESH:D015431,40
DB00211,MESH:D016055,40
DB00211,MESH:D018908,38
DB01172,MESH:D000857,40
DB01172,MESH:D004427,40
DB01172,MESH:D004927,40
DB01172,MESH:D005315,40
DB01172,MESH:D006311,40
DB01172,MESH:D006319,40
DB01172,MESH:D006417,40
DB01172,MESH:D007674,40
DB01172,MESH:D008581,40
DB01172,MESH:D010523,40
DB01172,MESH:D015834,40
DB01172,MESH:D016870,40
DB01172,MESH:D018805,40
DB01172,MESH:D018908,40
DB01172,MESH:D034381,40
DB01172,MESH:D058186,40
DB01077,MESH:D001161,0
DB01077,MESH:D006212,40
DB01077,MESH:D006934,40
DB01077,MESH:D010024,40
DB01077,MESH:D013262,40
DB01211,MESH:D000857,40
DB01211,MESH:D001008,40
DB01211,MESH:D001145,40
DB01211,MESH:D001259,40
DB01211,MESH:D001281,40
DB01211,MESH:D001714,40
DB01211,MESH:D001919,40
DB01211,MESH:D002493,40
DB01211,MESH:D002779,40
DB01211,MESH:D004381,40
DB01211,MESH:D004487,40
DB01211,MESH:D005076,40
DB01211,MESH:D005921,40
DB01211,MESH:D006261,40
DB01211,MESH:D006319,40
DB01211,MESH:D006331,40
DB01211,MESH:D006463,40
DB01211,MESH:D006505,40
DB01211,MESH:D006973,40
DB01211,MESH:D007022,40
DB01211,MESH:D007174,40
DB01211,MESH:D008133,40
DB01211,MESH:D008325,40
DB01211,MESH:D009164,40
DB01211,MESH:D009220,40
DB01211,MESH:D009325,40
DB01211,MESH:D009395,40
DB01211,MESH:D009468,40
DB01211,MESH:D010146,40
DB01211,MESH:D010291,40
DB01211,MESH:D010437,40
DB01211,MESH:D011014,40
DB01211,MESH:D011183,40
DB01211,MESH:D011595,40
DB01211,MESH:D011605,40
DB01211,MESH:D011695,40
DB01211,MESH:D012206,40
DB01211,MESH:D012393,40
DB01211,MESH:D013226,40
DB01211,MESH:D013262,40
DB01211,MESH:D013651,40
DB01211,MESH:D013921,40
DB01211,MESH:D014397,40
DB01211,MESH:D014456,40
DB01211,MESH:D014693,40
DB01211,MESH:D014839,40
DB01211,MESH:D015746,40
DB01211,MESH:D016171,40
DB01211,MESH:D016470,40
DB01211,MESH:D016481,40
DB01211,MESH:D016757,40
DB01211,MESH:D017088,40
DB01211,MESH:D017093,40
DB01211,MESH:D017114,40
DB01211,MESH:D017180,40
DB01211,MESH:D018908,40
DB01211,MESH:D019226,40
DB01211,MESH:D020258,40
DB01211,MESH:D029481,40
DB01211,MESH:D051437,40
DB01211,MESH:D054537,40
DB01211,MESH:D056486,40
DB01211,MESH:D058186,40
DB01006,MESH:D000858,40
DB01006,MESH:D001416,40
DB01006,MESH:D001943,40
DB01006,MESH:D007970,40
DB01006,MESH:D008569,40
DB01006,MESH:D009503,40
DB01006,MESH:D010048,40
DB01006,MESH:D011655,40
DB01006,MESH:D012640,40
DB01006,MESH:D013262,30
DB01006,MESH:D015430,40
DB01006,MESH:D018269,40
DB01006,MESH:D019964,40
DB01956,MESH:D000860,40
DB01956,MESH:D001145,40
DB01956,MESH:D001169,40
DB01956,MESH:D001919,40
DB01956,MESH:D003072,40
DB01956,MESH:D003329,40
DB01956,MESH:D003921,40
DB01956,MESH:D003922,40
DB01956,MESH:D003928,40
DB01956,MESH:D004195,40
DB01956,MESH:D004646,40
DB01956,MESH:D005198,40
DB01956,MESH:D005355,40
DB01956,MESH:D005911,40
DB01956,MESH:D005923,38
DB01956,MESH:D006470,40
DB01956,MESH:D006984,40
DB01956,MESH:D007249,40
DB01956,MESH:D007674,40
DB01956,MESH:D007859,40
DB01956,MESH:D008106,40
DB01956,MESH:D009069,40
DB01956,MESH:D009133,38
DB01956,MESH:D009202,40
DB01956,MESH:D009336,40
DB01956,MESH:D009845,40
DB01956,MESH:D010182,40
DB01956,MESH:D011014,40
DB01956,MESH:D011507,40
DB01956,MESH:D012640,40
DB01956,MESH:D013733,39
DB01956,MESH:D015431,40
DB01956,MESH:D017495,0
DB01956,MESH:D018487,40
DB01956,MESH:D018908,40
DB01956,MESH:D019446,40
DB01956,MESH:D020261,40
DB01956,MESH:D020388,0
DB01956,MESH:D048909,40
DB01956,MESH:D050171,40
DB01956,MESH:D053627,0
DB01956,MESH:D056486,40
DB01956,MESH:D058186,40
DB01956,MESH:D065626,40
DB00921,MESH:D000860,40
DB00921,MESH:D001237,40
DB00921,MESH:D001281,40
DB00921,MESH:D001649,40
DB00921,MESH:D003865,40
DB00921,MESH:D003866,40
DB00921,MESH:D004487,40
DB00921,MESH:D005313,40
DB00921,MESH:D005334,40
DB00921,MESH:D006501,40
DB00921,MESH:D006930,40
DB00921,MESH:D006948,40
DB00921,MESH:D009203,40
DB00921,MESH:D009293,40
DB00921,MESH:D009325,40
DB00921,MESH:D009336,40
DB00921,MESH:D010146,40
DB00921,MESH:D011248,40
DB00921,MESH:D011596,40
DB00921,MESH:D012131,40
DB00921,MESH:D012893,40
DB00921,MESH:D013375,40
DB00921,MESH:D014029,40
DB00921,MESH:D014839,40
DB00921,MESH:D015746,40
DB00921,MESH:D016055,40
DB00921,MESH:D017114,40
DB00921,MESH:D019698,40
DB00921,MESH:D019954,40
DB00921,MESH:D019970,40
DB00921,MESH:D020300,40
DB00921,MESH:D020426,40
DB00921,MESH:D020751,40
DB00921,MESH:D020964,40
DB00921,MESH:D056784,40
DB00921,MESH:D058186,40
DB00949,MESH:D000860,40
DB00949,MESH:D001763,0
DB00949,MESH:D002375,40
DB00949,MESH:D002545,40
DB00949,MESH:D003072,40
DB00949,MESH:D003875,40
DB00949,MESH:D003967,40
DB00949,MESH:D004409,40
DB00949,MESH:D004827,40
DB00949,MESH:D006402,40
DB00949,MESH:D006529,40
DB00949,MESH:D009069,40
DB00949,MESH:D009135,40
DB00949,MESH:D009336,40
DB00949,MESH:D009410,40
DB00949,MESH:D010146,40
DB00949,MESH:D011605,40
DB00949,MESH:D012120,0
DB00949,MESH:D012640,40
DB00949,MESH:D013262,40
DB00949,MESH:D013345,19
DB00949,MESH:D013375,40
DB00949,MESH:D014202,40
DB00949,MESH:D014514,40
DB00949,MESH:D014839,40
DB00949,MESH:D015431,40
DB00949,MESH:D020734,39
DB00949,MESH:D053609,40
DB00949,MESH:D056486,40
DB01182,MESH:D000860,40
DB01182,MESH:D001145,40
DB01182,MESH:D001259,40
DB01182,MESH:D001281,40
DB01182,MESH:D003490,40
DB01182,MESH:D006323,40
DB01182,MESH:D006327,40
DB01182,MESH:D006333,40
DB01182,MESH:D006344,40
DB01182,MESH:D006505,40
DB01182,MESH:D007022,40
DB01182,MESH:D008133,40
DB01182,MESH:D009157,40
DB01182,MESH:D010523,40
DB01182,MESH:D011605,40
DB01182,MESH:D011654,40
DB01182,MESH:D012804,40
DB01182,MESH:D013610,40
DB01182,MESH:D013617,40
DB01182,MESH:D014927,40
DB01182,MESH:D016171,40
DB01182,MESH:D017180,40
DB01182,MESH:D017682,40
DB01182,MESH:D018487,40
DB01182,MESH:D018754,40
DB01182,MESH:D056486,40
DB00802,MESH:D000860,40
DB00802,MESH:D001049,40
DB00802,MESH:D001145,40
DB00802,MESH:D002389,40
DB00802,MESH:D003371,40
DB00802,MESH:D004421,40
DB00802,MESH:D004827,40
DB00802,MESH:D005207,40
DB00802,MESH:D006930,40
DB00802,MESH:D006935,40
DB00802,MESH:D006973,40
DB00802,MESH:D007022,40
DB00802,MESH:D009127,40
DB00802,MESH:D009325,40
DB00802,MESH:D010146,40
DB00802,MESH:D010149,40
DB00802,MESH:D011183,40
DB00802,MESH:D012131,40
DB00802,MESH:D012640,40
DB00802,MESH:D013610,40
DB00802,MESH:D014474,40
DB00802,MESH:D017202,40
DB00229,MESH:D000860,0
DB00229,MESH:D004417,0
DB00229,MESH:D007674,40
DB00229,MESH:D007683,40
DB00229,MESH:D011507,40
DB00229,MESH:D012871,40
DB00229,MESH:D013203,40
DB00229,MESH:D015746,40
DB00229,MESH:D056486,40
DB00325,MESH:D000860,40
DB00325,MESH:D001766,40
DB00325,MESH:D001919,40
DB00325,MESH:D001927,40
DB00325,MESH:D001929,40
DB00325,MESH:D001930,40
DB00325,MESH:D002375,40
DB00325,MESH:D003490,40
DB00325,MESH:D004417,40
DB00325,MESH:D004487,40
DB00325,MESH:D004890,40
DB00325,MESH:D005221,40
DB00325,MESH:D005355,40
DB00325,MESH:D006212,40
DB00325,MESH:D006333,40
DB00325,MESH:D006470,40
DB00325,MESH:D006930,40
DB00325,MESH:D006940,40
DB00325,MESH:D006973,40
DB00325,MESH:D006976,40
DB00325,MESH:D006984,40
DB00325,MESH:D007008,40
DB00325,MESH:D007022,40
DB00325,MESH:D007172,40
DB00325,MESH:D007511,40
DB00325,MESH:D008545,40
DB00325,MESH:D009203,40
DB00325,MESH:D009336,40
DB00325,MESH:D009410,40
DB00325,MESH:D009436,40
DB00325,MESH:D010490,40
DB00325,MESH:D011183,40
DB00325,MESH:D011595,40
DB00325,MESH:D011605,40
DB00325,MESH:D011654,40
DB00325,MESH:D012640,40
DB00325,MESH:D012769,40
DB00325,MESH:D012770,40
DB00325,MESH:D013375,40
DB00325,MESH:D013610,40
DB00325,MESH:D014202,40
DB00325,MESH:D014657,40
DB00325,MESH:D015427,40
DB00325,MESH:D016491,40
DB00325,MESH:D016534,40
DB00325,MESH:D018476,40
DB00325,MESH:D018487,40
DB00325,MESH:D019465,40
DB00325,MESH:D019586,40
DB00325,MESH:D020964,40
DB00325,MESH:D053099,40
DB00325,MESH:D062787,40
DB00359,MESH:D003875,40
DB00359,MESH:D004660,40
DB00359,MESH:D005921,40
DB00359,MESH:D006417,40
DB00359,MESH:D007669,40
DB00359,MESH:D007674,40
DB00359,MESH:D008180,40
DB00359,MESH:D012173,0
DB00359,MESH:D012852,40
DB00359,MESH:D014581,40
DB00359,MESH:D051437,40
DB00359,MESH:D052878,40
DB00359,MESH:D058186,40
DB09462,MESH:D004195,0
DB09462,MESH:D006947,40
DB09462,MESH:D007010,40
DB09462,MESH:D007674,40
DB09462,MESH:D007683,40
DB09462,MESH:D009212,40
DB09462,MESH:D009336,40
DB09462,MESH:D009393,40
DB09462,MESH:D017180,40
DB09462,MESH:D017202,40
DB09462,MESH:D018883,40
DB09462,MESH:D020521,40
DB09462,MESH:D051437,40
DB09462,MESH:D056784,0
DB09462,MESH:D058186,40
DB01241,MESH:D001002,2
DB01241,MESH:D001168,40
DB01241,MESH:D001416,40
DB01241,MESH:D002318,40
DB01241,MESH:D002769,40
DB01241,MESH:D002780,40
DB01241,MESH:D003161,40
DB01241,MESH:D003324,40
DB01241,MESH:D003327,40
DB01241,MESH:D006261,40
DB01241,MESH:D006505,40
DB01241,MESH:D006529,40
DB01241,MESH:D006937,40
DB01241,MESH:D006938,40
DB01241,MESH:D006953,40
DB01241,MESH:D008113,40
DB01241,MESH:D009135,40
DB01241,MESH:D009220,40
DB01241,MESH:D011928,40
DB01241,MESH:D013585,40
DB01241,MESH:D015228,40
DB01241,MESH:D018771,40
DB01241,MESH:D023921,40
DB01241,MESH:D028361,40
DB01241,MESH:D050171,40
DB01241,MESH:D050197,40
DB01241,MESH:D051437,40
DB01241,MESH:D052456,40
DB01241,MESH:D056486,40
DB01241,MESH:D058186,40
DB00610,MESH:D001002,40
DB00610,MESH:D002637,40
DB00610,MESH:D004827,40
DB00610,MESH:D006261,40
DB00610,MESH:D006973,40
DB00610,MESH:D007022,40
DB00610,MESH:D008580,40
DB00610,MESH:D009203,40
DB00610,MESH:D011654,40
DB00610,MESH:D012769,40
DB00610,MESH:D018487,40
DB00439,MESH:D001002,40
DB00439,MESH:D006331,40
DB00439,MESH:D006332,40
DB00439,MESH:D006333,40
DB00439,MESH:D006947,40
DB00439,MESH:D006949,40
DB00439,MESH:D008113,40
DB00439,MESH:D009135,40
DB00439,MESH:D015431,40
DB00439,MESH:D018908,40
DB00439,MESH:D020181,40
DB00439,MESH:D056486,40
DB00439,MESH:D058186,40
DB00745,MESH:D001145,40
DB00745,MESH:D001714,40
DB00745,MESH:D001862,40
DB00745,MESH:D002637,40
DB00745,MESH:D003072,40
DB00745,MESH:D003865,40
DB00745,MESH:D003866,40
DB00745,MESH:D005221,40
DB00745,MESH:D005334,40
DB00745,MESH:D005715,40
DB00745,MESH:D006212,40
DB00745,MESH:D006261,40
DB00745,MESH:D006973,40
DB00745,MESH:D009290,40
DB00745,MESH:D009325,40
DB00745,MESH:D010698,40
DB00745,MESH:D011595,40
DB00745,MESH:D012559,40
DB00745,MESH:D012892,40
DB00745,MESH:D012893,40
DB00745,MESH:D013262,40
DB00745,MESH:D013375,40
DB00745,MESH:D017114,40
DB00745,MESH:D019969,40
DB00745,MESH:D019970,40
DB00557,MESH:D001008,40
DB00557,MESH:D001145,40
DB00557,MESH:D002389,40
DB00557,MESH:D002819,40
DB00557,MESH:D006529,40
DB00557,MESH:D006967,40
DB00557,MESH:D007022,40
DB00557,MESH:D008133,40
DB00557,MESH:D011537,40
DB00557,MESH:D012220,40
DB00557,MESH:D012640,40
DB00557,MESH:D013375,40
DB00557,MESH:D013610,40
DB00557,MESH:D013617,14
DB00557,MESH:D018856,40
DB00349,MESH:D001259,40
DB00349,MESH:D001851,40
DB00349,MESH:D004830,40
DB00349,MESH:D005198,40
DB00349,MESH:D011507,40
DB00349,MESH:D012640,40
DB00349,MESH:D013036,25
DB00349,MESH:D013262,40
DB00349,MESH:D013375,40
DB00349,MESH:D017674,40
DB00349,MESH:D019305,40
DB00349,MESH:D019954,36
DB00349,MESH:D020301,40
DB08815,MESH:D003866,40
DB01247,MESH:D001008,40
DB01247,MESH:D001714,40
DB01247,MESH:D003248,40
DB01247,MESH:D003866,40
DB01247,MESH:D006261,40
DB01247,MESH:D006973,40
DB01247,MESH:D007024,40
DB01247,MESH:D007319,40
DB01247,MESH:D008881,40
DB01247,MESH:D009127,40
DB01247,MESH:D009325,40
DB01247,MESH:D013375,40
DB01224,MESH:D001259,40
DB01224,MESH:D001480,40
DB01224,MESH:D001523,40
DB01224,MESH:D001714,40
DB01224,MESH:D002375,40
DB01224,MESH:D002561,40
DB01224,MESH:D002780,40
DB01224,MESH:D002819,40
DB01224,MESH:D003072,40
DB01224,MESH:D003128,40
DB01224,MESH:D003704,40
DB01224,MESH:D003711,40
DB01224,MESH:D003865,40
DB01224,MESH:D003866,40
DB01224,MESH:D003920,40
DB01224,MESH:D004421,40
DB01224,MESH:D004827,40
DB01224,MESH:D005334,40
DB01224,MESH:D005879,40
DB01224,MESH:D006212,40
DB01224,MESH:D006937,40
DB01224,MESH:D006948,40
DB01224,MESH:D006963,40
DB01224,MESH:D007008,40
DB01224,MESH:D007022,40
DB01224,MESH:D007174,40
DB01224,MESH:D007177,40
DB01224,MESH:D007319,40
DB01224,MESH:D007970,40
DB01224,MESH:D009069,40
DB01224,MESH:D009202,40
DB01224,MESH:D009503,40
DB01224,MESH:D009765,40
DB01224,MESH:D009771,40
DB01224,MESH:D010198,40
DB01224,MESH:D011605,40
DB01224,MESH:D011618,40
DB01224,MESH:D012559,40
DB01224,MESH:D012563,40
DB01224,MESH:D012640,40
DB01224,MESH:D012769,40
DB01224,MESH:D012893,40
DB01224,MESH:D013262,40
DB01224,MESH:D013313,40
DB01224,MESH:D015430,40
DB01224,MESH:D016171,40
DB01224,MESH:D017093,40
DB01224,MESH:D018883,40
DB01224,MESH:D019966,40
DB01224,MESH:D019967,40
DB01224,MESH:D019969,40
DB01224,MESH:D019970,40
DB01224,MESH:D020734,40
DB01224,MESH:D020820,40
DB01224,MESH:D020961,40
DB01224,MESH:D056486,40
DB01224,MESH:D057180,40
DB01224,MESH:D062787,40
DB00985,MESH:D001259,40
DB00985,MESH:D002493,40
DB00985,MESH:D004827,40
DB00985,MESH:D006212,40
DB00985,MESH:D010259,39
DB00985,MESH:D013064,40
DB00985,MESH:D015837,0
DB00985,MESH:D017180,40
DB00985,MESH:D018879,40
DB00985,MESH:D019966,40
DB00985,MESH:D020225,40
DB00985,MESH:D053609,40
DB00985,MESH:D053840,40
DB01558,MESH:D001008,40
DB01558,MESH:D001259,40
DB01558,MESH:D003128,40
DB01558,MESH:D003866,40
DB01558,MESH:D004421,40
DB01558,MESH:D006948,40
DB01558,MESH:D006973,40
DB01558,MESH:D007008,40
DB01558,MESH:D010146,40
DB01558,MESH:D010302,40
DB01558,MESH:D012640,40
DB01558,MESH:D013375,40
DB01558,MESH:D013610,40
DB01611,MESH:D001008,40
DB01611,MESH:D001145,40
DB01611,MESH:D001172,40
DB01611,MESH:D002313,40
DB01611,MESH:D003240,40
DB01611,MESH:D003550,40
DB01611,MESH:D003680,40
DB01611,MESH:D003872,40
DB01611,MESH:D003882,8
DB01611,MESH:D005076,40
DB01611,MESH:D005767,40
DB01611,MESH:D006042,40
DB01611,MESH:D006261,40
DB01611,MESH:D006319,40
DB01611,MESH:D006323,40
DB01611,MESH:D006327,40
DB01611,MESH:D006333,40
DB01611,MESH:D007008,40
DB01611,MESH:D007022,40
DB01611,MESH:D008133,40
DB01611,MESH:D008179,40
DB01611,MESH:D008268,40
DB01611,MESH:D008288,40
DB01611,MESH:D009202,40
DB01611,MESH:D009205,40
DB01611,MESH:D009395,40
DB01611,MESH:D009404,40
DB01611,MESH:D010523,40
DB01611,MESH:D011565,40
DB01611,MESH:D012131,40
DB01611,MESH:D012164,40
DB01611,MESH:D012640,40
DB01611,MESH:D012871,40
DB01611,MESH:D013262,40
DB01611,MESH:D014202,40
DB01611,MESH:D014581,40
DB01611,MESH:D014693,40
DB01611,MESH:D014786,40
DB01611,MESH:D015433,40
DB01611,MESH:D015535,40
DB01611,MESH:D016171,40
DB01611,MESH:D017114,40
DB01063,MESH:D003866,40
DB01063,MESH:D006331,40
DB01063,MESH:D010259,40
DB01063,MESH:D011618,40
DB01063,MESH:D012559,40
DB04896,MESH:D001008,40
DB04896,MESH:D001714,40
DB04896,MESH:D003865,40
DB04896,MESH:D003866,40
DB04896,MESH:D006930,40
DB06700,MESH:D001008,40
DB06700,MESH:D001523,40
DB06700,MESH:D007177,40
DB06700,MESH:D009325,40
DB06700,MESH:D013262,40
DB01255,MESH:D001008,40
DB01255,MESH:D001068,40
DB01255,MESH:D001289,40
DB01255,MESH:D001714,40
DB01255,MESH:D003865,40
DB01255,MESH:D004417,40
DB01255,MESH:D007174,40
DB01255,MESH:D007319,40
DB01255,MESH:D009325,40
DB01255,MESH:D009771,40
DB01255,MESH:D011595,40
DB01255,MESH:D012141,0
DB01255,MESH:D012559,40
DB01255,MESH:D013610,40
DB01255,MESH:D015431,40
DB01255,MESH:D015746,40
DB01255,MESH:D056912,40
DB00191,MESH:D001008,40
DB00191,MESH:D001022,40
DB00191,MESH:D001919,40
DB00191,MESH:D002313,0
DB00191,MESH:D002543,40
DB00191,MESH:D002544,40
DB00191,MESH:D003072,40
DB00191,MESH:D004719,40
DB00191,MESH:D005221,40
DB00191,MESH:D005921,40
DB00191,MESH:D006212,40
DB00191,MESH:D006261,40
DB00191,MESH:D006323,40
DB00191,MESH:D006331,40
DB00191,MESH:D006333,40
DB00191,MESH:D006349,40
DB00191,MESH:D006976,40
DB00191,MESH:D007022,40
DB00191,MESH:D007333,40
DB00191,MESH:D008881,40
DB00191,MESH:D008944,40
DB00191,MESH:D009203,40
DB00191,MESH:D009395,40
DB00191,MESH:D009765,40
DB00191,MESH:D010259,40
DB00191,MESH:D011605,40
DB00191,MESH:D012559,40
DB00191,MESH:D014652,40
DB00191,MESH:D014693,40
DB00191,MESH:D017180,40
DB00191,MESH:D018917,40
DB00191,MESH:D019970,40
DB00191,MESH:D056912,36
DB01059,MESH:D001008,40
DB01059,MESH:D002779,40
DB01059,MESH:D003556,40
DB01059,MESH:D003875,40
DB01059,MESH:D004487,40
DB01059,MESH:D004802,40
DB01059,MESH:D005767,40
DB01059,MESH:D005921,40
DB01059,MESH:D006212,40
DB01059,MESH:D006261,40
DB01059,MESH:D006417,40
DB01059,MESH:D006505,40
DB01059,MESH:D008104,0
DB01059,MESH:D009336,40
DB01059,MESH:D009395,40
DB01059,MESH:D009404,40
DB01059,MESH:D009846,40
DB01059,MESH:D011507,40
DB01059,MESH:D011704,40
DB01059,MESH:D012640,40
DB01059,MESH:D013262,40
DB01059,MESH:D014552,40
DB01059,MESH:D017116,40
DB01059,MESH:D020964,40
DB01059,MESH:D041781,40
DB01059,MESH:D058186,40
DB01262,MESH:D001008,5
DB01262,MESH:D001249,0
DB01262,MESH:D001749,40
DB01262,MESH:D002277,40
DB01262,MESH:D002289,40
DB01262,MESH:D002294,40
DB01262,MESH:D002972,40
DB01262,MESH:D003110,40
DB01262,MESH:D005234,40
DB01262,MESH:D005317,40
DB01262,MESH:D005355,40
DB01262,MESH:D006258,40
DB01262,MESH:D006528,40
DB01262,MESH:D007248,40
DB01262,MESH:D007938,40
DB01262,MESH:D008175,40
DB01262,MESH:D008223,39
DB01262,MESH:D008545,40
DB01262,MESH:D009101,40
DB01262,MESH:D009190,40
DB01262,MESH:D009369,40
DB01262,MESH:D009374,40
DB01262,MESH:D009447,40
DB01262,MESH:D009845,40
DB01262,MESH:D010051,40
DB01262,MESH:D010190,40
DB01262,MESH:D011248,25
DB01262,MESH:D011297,40
DB01262,MESH:D012208,40
DB01262,MESH:D013274,40
DB01262,MESH:D013964,40
DB01262,MESH:D015179,40
DB01262,MESH:D015464,40
DB01262,MESH:D015470,40
DB01262,MESH:D016889,40
DB01262,MESH:D018268,40
DB01262,MESH:D054198,40
DB01262,MESH:D055728,40
DB01195,MESH:D001008,40
DB01195,MESH:D001281,40
DB01195,MESH:D001919,40
DB01195,MESH:D002637,40
DB01195,MESH:D002780,40
DB01195,MESH:D004401,40
DB01195,MESH:D004681,40
DB01195,MESH:D005221,40
DB01195,MESH:D006212,40
DB01195,MESH:D006261,40
DB01195,MESH:D006323,40
DB01195,MESH:D006333,40
DB01195,MESH:D007008,40
DB01195,MESH:D007010,40
DB01195,MESH:D008064,40
DB01195,MESH:D008133,40
DB01195,MESH:D009203,40
DB01195,MESH:D009468,40
DB01195,MESH:D010259,40
DB01195,MESH:D010292,40
DB01195,MESH:D010523,40
DB01195,MESH:D012640,40
DB01195,MESH:D012770,40
DB01195,MESH:D012804,40
DB01195,MESH:D014693,40
DB01195,MESH:D014927,40
DB01195,MESH:D016055,40
DB01195,MESH:D016171,40
DB01195,MESH:D017180,40
DB01195,MESH:D053840,40
DB01195,MESH:D058186,40
DB00546,MESH:D001008,40
DB00546,MESH:D003866,40
DB00490,MESH:D001008,40
DB00490,MESH:D001919,40
DB00490,MESH:D002389,40
DB00490,MESH:D002524,40
DB00490,MESH:D003865,40
DB00490,MESH:D003866,40
DB00490,MESH:D004409,40
DB00490,MESH:D004421,40
DB00490,MESH:D004487,40
DB00490,MESH:D005334,40
DB00490,MESH:D005715,40
DB00490,MESH:D006212,40
DB00490,MESH:D006261,40
DB00490,MESH:D007010,40
DB00490,MESH:D007319,40
DB00490,MESH:D009069,40
DB00490,MESH:D009325,40
DB00490,MESH:D009771,40
DB00490,MESH:D010554,40
DB00490,MESH:D011618,40
DB00490,MESH:D012640,40
DB00490,MESH:D014202,40
DB00490,MESH:D015877,40
DB00490,MESH:D019970,40
DB00490,MESH:D020734,40
DB00490,MESH:D020820,40
DB00611,MESH:D001008,40
DB00611,MESH:D001649,40
DB00611,MESH:D009135,40
DB00611,MESH:D009325,40
DB00611,MESH:D010146,40
DB00611,MESH:D010149,40
DB00611,MESH:D012131,40
DB00611,MESH:D013375,40
DB00611,MESH:D013616,40
DB00611,MESH:D015877,40
DB09167,MESH:D002779,40
DB09167,MESH:D002819,40
DB09167,MESH:D003865,40
DB09167,MESH:D003866,40
DB09167,MESH:D004409,40
DB09167,MESH:D005334,40
DB09167,MESH:D006212,40
DB09167,MESH:D009127,40
DB09167,MESH:D013035,40
DB09167,MESH:D013610,40
DB09167,MESH:D014202,40
DB09167,MESH:D016171,40
DB01149,MESH:D001008,40
DB01149,MESH:D001480,40
DB01149,MESH:D001714,40
DB01149,MESH:D001919,40
DB01149,MESH:D003128,40
DB01149,MESH:D003865,40
DB01149,MESH:D003866,40
DB01149,MESH:D006261,40
DB01149,MESH:D006331,40
DB01149,MESH:D006501,40
DB01149,MESH:D006505,40
DB01149,MESH:D008064,40
DB01149,MESH:D008107,40
DB01149,MESH:D008133,40
DB01149,MESH:D009127,40
DB01149,MESH:D009220,9
DB01149,MESH:D009336,40
DB01149,MESH:D012206,40
DB01149,MESH:D014786,40
DB01149,MESH:D016171,40
DB01149,MESH:D017093,40
DB01149,MESH:D017114,40
DB01149,MESH:D019970,40
DB01149,MESH:D051437,40
DB01149,MESH:D056486,40
DB01149,MESH:D066126,40
DB00690,MESH:D001008,40
DB00690,MESH:D001049,40
DB00690,MESH:D001259,40
DB00690,MESH:D002493,40
DB00690,MESH:D002780,39
DB00690,MESH:D003072,40
DB00690,MESH:D007319,40
DB00690,MESH:D008064,40
DB00690,MESH:D012640,40
DB00690,MESH:D012891,40
DB00690,MESH:D012893,40
DB00690,MESH:D041781,40
DB04832,MESH:D003072,40
DB04832,MESH:D003866,40
DB04832,MESH:D006261,40
DB04832,MESH:D007174,40
DB04832,MESH:D007319,39
DB04832,MESH:D008064,40
DB04832,MESH:D010146,40
DB04832,MESH:D011596,40
DB04832,MESH:D012640,40
DB04832,MESH:D019964,40
DB04832,MESH:D056486,40
DB01191,MESH:D001008,40
DB01191,MESH:D001022,40
DB01191,MESH:D003072,40
DB01191,MESH:D003865,40
DB01191,MESH:D003866,40
DB01191,MESH:D005221,40
DB01191,MESH:D006212,40
DB01191,MESH:D006349,40
DB01191,MESH:D006949,40
DB01191,MESH:D006973,40
DB01191,MESH:D006976,40
DB01191,MESH:D007238,40
DB01191,MESH:D008881,40
DB01191,MESH:D008944,40
DB01191,MESH:D009765,40
DB01191,MESH:D009771,40
DB01191,MESH:D010259,40
DB01191,MESH:D012595,0
DB01191,MESH:D016584,40
DB00245,MESH:D001008,40
DB00245,MESH:D001480,40
DB00245,MESH:D001714,40
DB00245,MESH:D001919,40
DB00245,MESH:D002375,40
DB00245,MESH:D002389,40
DB00245,MESH:D002819,40
DB00245,MESH:D003128,40
DB00245,MESH:D003680,40
DB00245,MESH:D003866,40
DB00245,MESH:D004421,40
DB00245,MESH:D006212,40
DB00245,MESH:D007172,40
DB00245,MESH:D008064,40
DB00245,MESH:D008569,40
DB00245,MESH:D009069,40
DB00245,MESH:D009127,40
DB00245,MESH:D010300,40
DB00245,MESH:D010302,40
DB00245,MESH:D011595,40
DB00245,MESH:D011605,40
DB00245,MESH:D011618,40
DB00245,MESH:D012563,40
DB00245,MESH:D012640,40
DB00245,MESH:D013375,40
DB00245,MESH:D014103,40
DB00245,MESH:D014202,40
DB00245,MESH:D014313,40
DB00245,MESH:D015430,40
DB00245,MESH:D016055,40
DB00245,MESH:D016171,40
DB00245,MESH:D018883,40
DB00245,MESH:D018908,40
DB00245,MESH:D020734,40
DB00245,MESH:D020821,40
DB00245,MESH:D056486,40
DB14539,MESH:D003875,40
DB14539,MESH:D006973,40
DB14539,MESH:D007690,40
DB14539,MESH:D009133,40
DB14539,MESH:D009798,40
DB14539,MESH:D020300,0
DB01186,MESH:D001289,40
DB01186,MESH:D001523,40
DB01186,MESH:D001919,40
DB01186,MESH:D002318,40
DB01186,MESH:D004409,40
DB01186,MESH:D004421,40
DB01186,MESH:D004719,40
DB01186,MESH:D004916,40
DB01186,MESH:D005715,40
DB01186,MESH:D005767,40
DB01186,MESH:D006212,40
DB01186,MESH:D006333,40
DB01186,MESH:D006349,40
DB01186,MESH:D006948,40
DB01186,MESH:D007172,40
DB01186,MESH:D007174,40
DB01186,MESH:D007319,40
DB01186,MESH:D008881,40
DB01186,MESH:D008944,40
DB01186,MESH:D009069,40
DB01186,MESH:D009325,40
DB01186,MESH:D010300,40
DB01186,MESH:D010998,40
DB01186,MESH:D011658,40
DB01186,MESH:D012148,40
DB01186,MESH:D012640,40
DB01186,MESH:D012893,40
DB01186,MESH:D013375,40
DB01186,MESH:D013981,40
DB01186,MESH:D014202,40
DB01186,MESH:D014517,40
DB01186,MESH:D014839,40
DB01186,MESH:D015175,40
DB01186,MESH:D017379,40
DB01186,MESH:D018476,40
DB01186,MESH:D020018,40
DB01186,MESH:D020734,40
DB01186,MESH:D020820,40
DB01039,MESH:D001018,40
DB01039,MESH:D001778,40
DB01039,MESH:D002318,40
DB01039,MESH:D002769,40
DB01039,MESH:D003324,40
DB01039,MESH:D003930,40
DB01039,MESH:D005355,40
DB01039,MESH:D006505,40
DB01039,MESH:D006521,40
DB01039,MESH:D006529,40
DB01039,MESH:D006937,40
DB01039,MESH:D006949,40
DB01039,MESH:D006950,40
DB01039,MESH:D006953,40
DB01039,MESH:D007037,40
DB01039,MESH:D007333,40
DB01039,MESH:D007674,40
DB01039,MESH:D008103,40
DB01039,MESH:D008107,40
DB01039,MESH:D008113,40
DB01039,MESH:D008114,40
DB01039,MESH:D009135,40
DB01039,MESH:D009202,40
DB01039,MESH:D009203,40
DB01039,MESH:D009336,40
DB01039,MESH:D009361,38
DB01039,MESH:D010146,40
DB01039,MESH:D012640,40
DB01039,MESH:D013262,40
DB01039,MESH:D013927,40
DB01039,MESH:D015228,40
DB01039,MESH:D015427,40
DB01039,MESH:D015430,40
DB01039,MESH:D015431,40
DB01039,MESH:D017285,40
DB01039,MESH:D018149,40
DB01039,MESH:D018908,40
DB01039,MESH:D024821,40
DB01039,MESH:D033461,40
DB01039,MESH:D042882,40
DB01039,MESH:D050171,40
DB01039,MESH:D058186,40
DB01039,MESH:D065626,40
DB01418,MESH:D001018,0
DB01418,MESH:D001145,40
DB01418,MESH:D001281,40
DB01418,MESH:D002779,40
DB01418,MESH:D004211,40
DB01418,MESH:D004617,40
DB01418,MESH:D006261,40
DB01418,MESH:D006406,40
DB01418,MESH:D006408,40
DB01418,MESH:D006470,40
DB01418,MESH:D009135,40
DB01418,MESH:D009336,40
DB01418,MESH:D010146,40
DB01418,MESH:D012422,40
DB01418,MESH:D013923,40
DB01418,MESH:D016055,40
DB01418,MESH:D020246,40
DB01418,MESH:D020300,40
DB01418,MESH:D020520,40
DB01418,MESH:D020521,40
DB01418,MESH:D054556,40
DB01418,MESH:D056486,40
DB01418,MESH:D058186,40
DB00248,MESH:D001022,40
DB00248,MESH:D001168,0
DB00248,MESH:D004409,40
DB00248,MESH:D005715,40
DB00248,MESH:D006261,40
DB00248,MESH:D006333,40
DB00248,MESH:D006966,40
DB00248,MESH:D008064,40
DB00248,MESH:D008944,40
DB00248,MESH:D010302,40
DB00248,MESH:D010998,40
DB00248,MESH:D011618,38
DB00248,MESH:D011658,40
DB00248,MESH:D012148,40
DB00248,MESH:D013375,40
DB00248,MESH:D015175,40
DB00248,MESH:D019970,40
DB00248,MESH:D020734,40
DB00248,MESH:D047748,0
DB00579,MESH:D001022,40
DB00579,MESH:D001068,40
DB00579,MESH:D003866,40
DB00579,MESH:D006973,40
DB00579,MESH:D007035,40
DB00579,MESH:D007319,40
DB00579,MESH:D008944,40
DB00579,MESH:D009202,40
DB00579,MESH:D009290,40
DB00579,MESH:D009765,40
DB00579,MESH:D010146,40
DB01113,MESH:D001037,40
DB01113,MESH:D001145,40
DB01113,MESH:D001157,40
DB01113,MESH:D001766,40
DB01113,MESH:D001919,40
DB01113,MESH:D002637,40
DB01113,MESH:D003128,40
DB01113,MESH:D004409,40
DB01113,MESH:D005158,0
DB01113,MESH:D005355,40
DB01113,MESH:D006319,40
DB01113,MESH:D006406,4
DB01113,MESH:D006429,40
DB01113,MESH:D006505,40
DB01113,MESH:D006521,40
DB01113,MESH:D006529,40
DB01113,MESH:D006940,40
DB01113,MESH:D007022,40
DB01113,MESH:D007172,40
DB01113,MESH:D008103,40
DB01113,MESH:D008133,40
DB01113,MESH:D009461,40
DB01113,MESH:D010411,40
DB01113,MESH:D012131,40
DB01113,MESH:D013035,38
DB01113,MESH:D013927,39
DB01113,MESH:D014693,40
DB01113,MESH:D017180,40
DB01113,MESH:D018908,40
DB01113,MESH:D019586,40
DB00708,MESH:D001037,6
DB00708,MESH:D001049,40
DB00708,MESH:D001523,40
DB00708,MESH:D001919,40
DB00708,MESH:D003327,40
DB00708,MESH:D006930,40
DB00708,MESH:D007022,40
DB00708,MESH:D009127,40
DB00708,MESH:D009135,40
DB00708,MESH:D009325,40
DB00708,MESH:D010146,40
DB00708,MESH:D011537,40
DB00708,MESH:D012131,40
DB00708,MESH:D012640,40
DB00708,MESH:D012678,40
DB00708,MESH:D012804,40
DB00708,MESH:D013035,40
DB00708,MESH:D013375,40
DB00708,MESH:D014202,40
DB00708,MESH:D014693,40
DB00708,MESH:D014839,40
DB00708,MESH:D017180,40
DB00296,MESH:D001037,40
DB00296,MESH:D001145,40
DB00296,MESH:D001919,40
DB00296,MESH:D002493,40
DB00296,MESH:D003711,0
DB00296,MESH:D004830,40
DB00296,MESH:D006311,40
DB00296,MESH:D006323,40
DB00296,MESH:D007022,40
DB00296,MESH:D007249,40
DB00296,MESH:D010146,40
DB00296,MESH:D010292,40
DB00296,MESH:D011537,40
DB00296,MESH:D013118,40
DB00296,MESH:D013610,40
DB00296,MESH:D014012,40
DB00296,MESH:D014202,40
DB00296,MESH:D014555,40
DB00296,MESH:D014693,40
DB00296,MESH:D014786,40
DB00296,MESH:D017180,40
DB00296,MESH:D018879,40
DB01120,MESH:D001037,40
DB01120,MESH:D003920,40
DB01120,MESH:D003921,40
DB01120,MESH:D003924,40
DB01120,MESH:D003928,18
DB01120,MESH:D004487,40
DB01120,MESH:D006429,0
DB01120,MESH:D006505,40
DB01120,MESH:D007333,40
DB01120,MESH:D009203,40
DB01120,MESH:D009846,40
DB01120,MESH:D015431,40
DB01120,MESH:D018149,40
DB01120,MESH:D053099,40
DB01120,MESH:D056486,40
DB01239,MESH:D001049,40
DB01239,MESH:D001480,40
DB01239,MESH:D001523,40
DB01239,MESH:D001649,40
DB01239,MESH:D002779,40
DB01239,MESH:D006937,40
DB01239,MESH:D008064,40
DB01239,MESH:D009175,40
DB01239,MESH:D010302,40
DB01239,MESH:D011115,40
DB01239,MESH:D011248,40
DB01239,MESH:D011537,40
DB01239,MESH:D012559,40
DB01239,MESH:D012563,40
DB01239,MESH:D014474,40
DB01239,MESH:D016778,2
DB01239,MESH:D020820,40
DB01239,MESH:D051474,40
DB01239,MESH:D058186,40
DB00718,MESH:D001049,40
DB00718,MESH:D001927,40
DB00718,MESH:D003967,40
DB00718,MESH:D006471,0
DB00718,MESH:D006509,40
DB00718,MESH:D008105,40
DB00718,MESH:D009336,40
DB00718,MESH:D010024,40
DB00718,MESH:D010146,40
DB00718,MESH:D010996,40
DB00718,MESH:D015658,40
DB00718,MESH:D017093,40
DB00718,MESH:D017674,40
DB00718,MESH:D018805,40
DB00718,MESH:D019694,40
DB00718,MESH:D058186,40
DB01116,MESH:D001049,40
DB01116,MESH:D002303,40
DB01116,MESH:D003329,40
DB01116,MESH:D006323,40
DB01116,MESH:D007022,40
DB01116,MESH:D013610,40
DB01116,MESH:D018879,40
DB01595,MESH:D001049,40
DB01595,MESH:D002375,40
DB01595,MESH:D002524,40
DB01595,MESH:D003072,40
DB01595,MESH:D003128,40
DB01595,MESH:D003294,40
DB01595,MESH:D003866,40
DB01595,MESH:D004401,40
DB01595,MESH:D006212,40
DB01595,MESH:D006948,40
DB01595,MESH:D009069,40
DB01595,MESH:D009123,40
DB01595,MESH:D010292,40
DB01595,MESH:D011605,40
DB01595,MESH:D012640,40
DB01595,MESH:D012893,40
DB01595,MESH:D013064,40
DB01595,MESH:D013375,40
DB01595,MESH:D062787,40
DB00807,MESH:D001049,36
DB00807,MESH:D001424,0
DB00807,MESH:D005901,40
DB00807,MESH:D009798,40
DB00807,MESH:D010146,40
DB00807,MESH:D012640,40
DB00807,MESH:D015877,40
DB00420,MESH:D001049,40
DB00420,MESH:D004832,0
DB00420,MESH:D011605,40
DB00420,MESH:D014202,40
DB00420,MESH:D017202,40
DB01226,MESH:D001049,40
DB01226,MESH:D007022,40
DB01226,MESH:D009135,40
DB01226,MESH:D009798,40
DB01226,MESH:D010149,40
DB01226,MESH:D010243,40
DB01226,MESH:D020879,39
DB00899,MESH:D001919,40
DB00899,MESH:D001930,40
DB00899,MESH:D005207,40
DB00899,MESH:D006323,40
DB00899,MESH:D007022,40
DB00899,MESH:D007674,40
DB00899,MESH:D007859,40
DB00899,MESH:D009127,40
DB00899,MESH:D009293,40
DB00899,MESH:D010149,40
DB00899,MESH:D011183,40
DB00899,MESH:D012131,40
DB00899,MESH:D012640,40
DB00899,MESH:D012893,40
DB00899,MESH:D013375,40
DB00899,MESH:D014474,40
DB00899,MESH:D014839,40
DB00633,MESH:D001049,40
DB00633,MESH:D001919,40
DB00633,MESH:D003128,40
DB00633,MESH:D006261,40
DB00633,MESH:D006323,40
DB00633,MESH:D006327,40
DB00633,MESH:D006930,40
DB00633,MESH:D006973,40
DB00633,MESH:D007022,40
DB00633,MESH:D008133,40
DB00633,MESH:D008569,40
DB00633,MESH:D009127,40
DB00633,MESH:D009203,40
DB00633,MESH:D010146,40
DB00633,MESH:D010149,40
DB00633,MESH:D011595,40
DB00633,MESH:D012131,40
DB00633,MESH:D013375,40
DB00633,MESH:D013610,40
DB00633,MESH:D017202,40
DB00633,MESH:D020301,40
DB00633,MESH:D055371,0
DB00633,MESH:D056486,40
DB00633,MESH:D062787,40
DB00937,MESH:D001068,40
DB00937,MESH:D001714,40
DB00937,MESH:D002546,0
DB00937,MESH:D007319,40
DB00937,MESH:D009765,40
DB00937,MESH:D010259,40
DB00937,MESH:D013375,40
DB00937,MESH:D013616,40
DB00937,MESH:D056486,40
DB00268,MESH:D001068,40
DB00268,MESH:D001416,40
DB00268,MESH:D002375,40
DB00268,MESH:D004409,40
DB00268,MESH:D005221,40
DB00268,MESH:D006212,40
DB00268,MESH:D007319,40
DB00268,MESH:D009325,40
DB00268,MESH:D010146,40
DB00268,MESH:D010300,40
DB00268,MESH:D011605,40
DB00268,MESH:D012148,40
DB00268,MESH:D019970,40
DB00268,MESH:D020018,40
DB00268,MESH:D020734,40
DB01628,MESH:D001068,40
DB01628,MESH:D002544,10
DB01628,MESH:D003556,40
DB01628,MESH:D003875,40
DB01628,MESH:D003967,40
DB01628,MESH:D005221,40
DB01628,MESH:D006073,36
DB01628,MESH:D006333,40
DB01628,MESH:D006471,38
DB01628,MESH:D006973,40
DB01628,MESH:D009203,40
DB01628,MESH:D010003,40
DB01628,MESH:D010518,0
DB01628,MESH:D013167,40
DB01628,MESH:D013651,5
DB01628,MESH:D013927,39
DB01628,MESH:D014581,40
DB01628,MESH:D016301,40
DB01628,MESH:D020767,40
DB00592,MESH:D001145,0
DB00592,MESH:D002389,40
DB00592,MESH:D010243,40
DB00592,MESH:D017453,40
DB00545,MESH:D001145,40
DB00545,MESH:D001763,40
DB00545,MESH:D001768,40
DB00545,MESH:D004195,40
DB00545,MESH:D005911,40
DB00545,MESH:D007410,0
DB00545,MESH:D009157,40
DB00545,MESH:D009468,40
DB00545,MESH:D009886,40
DB00545,MESH:D010243,40
DB00545,MESH:D010302,40
DB00545,MESH:D010523,40
DB00545,MESH:D017202,40
DB00545,MESH:D018923,40
DB00545,MESH:D019957,40
DB00545,MESH:D054537,40
DB00411,MESH:D001281,40
DB00411,MESH:D001919,40
DB00411,MESH:D003072,40
DB00411,MESH:D003967,40
DB00411,MESH:D004409,40
DB00411,MESH:D004827,40
DB00411,MESH:D004831,40
DB00411,MESH:D006261,40
DB00411,MESH:D006323,40
DB00411,MESH:D006333,40
DB00411,MESH:D006948,40
DB00411,MESH:D006973,40
DB00411,MESH:D007022,40
DB00411,MESH:D007035,40
DB00411,MESH:D007249,40
DB00411,MESH:D007859,40
DB00411,MESH:D009325,40
DB00411,MESH:D009461,40
DB00411,MESH:D010146,40
DB00411,MESH:D010243,40
DB00411,MESH:D012640,40
DB00411,MESH:D012770,40
DB00411,MESH:D012798,40
DB00411,MESH:D013035,40
DB00411,MESH:D013610,40
DB00411,MESH:D014202,40
DB00411,MESH:D015877,40
DB00411,MESH:D016055,40
DB00411,MESH:D018754,40
DB00411,MESH:D019966,40
DB00411,MESH:D054537,40
DB00411,MESH:D062787,40
DB01218,MESH:D001145,40
DB01218,MESH:D008064,40
DB01218,MESH:D008133,40
DB01218,MESH:D008288,40
DB01218,MESH:D016171,40
DB01218,MESH:D016778,40
DB01218,MESH:D029597,40
DB01002,MESH:D001145,40
DB01002,MESH:D001919,40
DB01002,MESH:D002318,40
DB01002,MESH:D002493,40
DB01002,MESH:D004830,40
DB01002,MESH:D006323,40
DB01002,MESH:D007022,40
DB01002,MESH:D009422,40
DB01002,MESH:D011537,40
DB01002,MESH:D012131,40
DB01002,MESH:D012640,40
DB00379,MESH:D001145,40
DB00379,MESH:D002493,40
DB00379,MESH:D003875,40
DB00379,MESH:D004802,40
DB00379,MESH:D004916,40
DB00379,MESH:D005334,40
DB00379,MESH:D005767,40
DB00379,MESH:D006261,40
DB00379,MESH:D006333,40
DB00379,MESH:D006529,40
DB00379,MESH:D006948,40
DB00379,MESH:D007319,40
DB00379,MESH:D008133,40
DB00379,MESH:D009325,40
DB00379,MESH:D009437,40
DB00379,MESH:D009461,40
DB00379,MESH:D010009,0
DB00379,MESH:D010146,40
DB00379,MESH:D011537,40
DB00379,MESH:D011595,40
DB00379,MESH:D012640,40
DB00379,MESH:D013610,40
DB00379,MESH:D014202,40
DB00379,MESH:D014313,40
DB00379,MESH:D014693,40
DB00379,MESH:D014786,40
DB00379,MESH:D014839,40
DB00379,MESH:D016171,40
DB00379,MESH:D017180,40
DB00379,MESH:D018487,40
DB00379,MESH:D018879,40
DB04957,MESH:D001281,40
DB04957,MESH:D008133,40
DB04957,MESH:D009203,40
DB04957,MESH:D013610,40
DB04957,MESH:D016757,40
DB00933,MESH:D001145,40
DB00933,MESH:D001714,40
DB00933,MESH:D002637,40
DB00933,MESH:D003128,40
DB00933,MESH:D003645,40
DB00933,MESH:D004401,40
DB00933,MESH:D007022,40
DB00933,MESH:D012559,40
DB00933,MESH:D012640,40
DB00933,MESH:D014202,40
DB00933,MESH:D016171,40
DB00680,MESH:D001145,40
DB00680,MESH:D006212,40
DB00680,MESH:D006333,40
DB00680,MESH:D010259,40
DB00680,MESH:D011654,40
DB00680,MESH:D014693,40
DB00680,MESH:D017180,40
DB00204,MESH:D001145,40
DB00204,MESH:D001281,40
DB00204,MESH:D002471,0
DB00204,MESH:D006333,40
DB00204,MESH:D008133,40
DB00204,MESH:D016171,40
DB00204,MESH:D017180,40
DB00308,MESH:D001145,40
DB00308,MESH:D001281,40
DB00308,MESH:D006333,40
DB00308,MESH:D008133,40
DB00308,MESH:D058186,40
DB00640,MESH:D001249,40
DB00640,MESH:D001919,40
DB00640,MESH:D002389,40
DB00640,MESH:D002545,40
DB00640,MESH:D002637,40
DB00640,MESH:D004195,40
DB00640,MESH:D004417,40
DB00640,MESH:D004827,40
DB00640,MESH:D004830,40
DB00640,MESH:D005119,40
DB00640,MESH:D006930,40
DB00640,MESH:D006940,40
DB00640,MESH:D006977,40
DB00640,MESH:D007022,40
DB00640,MESH:D007174,40
DB00640,MESH:D008106,40
DB00640,MESH:D009202,40
DB00640,MESH:D009336,40
DB00640,MESH:D009410,40
DB00640,MESH:D009422,40
DB00640,MESH:D010146,40
DB00640,MESH:D012640,40
DB00640,MESH:D013610,40
DB00640,MESH:D013617,40
DB00640,MESH:D014202,40
DB00640,MESH:D014693,40
DB00640,MESH:D015427,40
DB00640,MESH:D017180,40
DB00640,MESH:D017202,40
DB01396,MESH:D001145,40
DB01396,MESH:D001281,40
DB01396,MESH:D002289,40
DB01396,MESH:D002318,40
DB01396,MESH:D003866,40
DB01396,MESH:D005761,40
DB01396,MESH:D006323,40
DB01396,MESH:D006332,40
DB01396,MESH:D006333,40
DB01396,MESH:D006530,40
DB01396,MESH:D007022,40
DB01396,MESH:D009069,40
DB01396,MESH:D009202,40
DB01396,MESH:D012021,40
DB01396,MESH:D012640,40
DB01396,MESH:D012804,40
DB01396,MESH:D012848,40
DB01396,MESH:D013617,40
DB01396,MESH:D013921,40
DB01396,MESH:D014202,40
DB01396,MESH:D014693,40
DB01396,MESH:D017180,40
DB01396,MESH:D018487,40
DB01396,MESH:D018879,40
DB01396,MESH:D020258,40
DB01396,MESH:D020301,40
DB01396,MESH:D054537,40
DB01396,MESH:D065666,40
DB00988,MESH:D001145,40
DB00988,MESH:D001480,40
DB00988,MESH:D002303,40
DB00988,MESH:D002375,40
DB00988,MESH:D002389,40
DB00988,MESH:D002493,40
DB00988,MESH:D003643,0
DB00988,MESH:D004409,40
DB00988,MESH:D004417,40
DB00988,MESH:D004802,40
DB00988,MESH:D006323,40
DB00988,MESH:D006331,40
DB00988,MESH:D006333,40
DB00988,MESH:D006556,40
DB00988,MESH:D006930,40
DB00988,MESH:D006948,40
DB00988,MESH:D006973,40
DB00988,MESH:D007008,40
DB00988,MESH:D007022,40
DB00988,MESH:D007024,40
DB00988,MESH:D008661,40
DB00988,MESH:D009336,40
DB00988,MESH:D009410,40
DB00988,MESH:D009422,40
DB00988,MESH:D009846,40
DB00988,MESH:D010300,40
DB00988,MESH:D010547,40
DB00988,MESH:D011595,40
DB00988,MESH:D011618,40
DB00988,MESH:D012127,40
DB00988,MESH:D012559,40
DB00988,MESH:D012640,40
DB00988,MESH:D012769,40
DB00988,MESH:D012770,40
DB00988,MESH:D012772,40
DB00988,MESH:D013226,40
DB00988,MESH:D013375,40
DB00988,MESH:D013610,40
DB00988,MESH:D013616,40
DB00988,MESH:D016171,40
DB00988,MESH:D017202,40
DB00988,MESH:D018476,40
DB00988,MESH:D018487,40
DB00988,MESH:D018883,40
DB00988,MESH:D019970,40
DB00988,MESH:D020149,40
DB00988,MESH:D020301,40
DB00988,MESH:D020734,40
DB00988,MESH:D048629,22
DB00988,MESH:D058186,40
DB00988,MESH:D062787,40
DB00922,MESH:D001145,40
DB00922,MESH:D002303,40
DB00922,MESH:D006261,40
DB00922,MESH:D006323,40
DB00922,MESH:D006333,40
DB00922,MESH:D007022,40
DB00922,MESH:D009203,40
DB00922,MESH:D009325,40
DB00922,MESH:D013610,40
DB00922,MESH:D016638,40
DB00922,MESH:D017202,40
DB00922,MESH:D018497,39
DB01297,MESH:D001145,40
DB01297,MESH:D003875,37
DB01297,MESH:D006333,40
DB01297,MESH:D006973,40
DB01297,MESH:D007022,40
DB01297,MESH:D009404,1
DB01297,MESH:D013610,40
DB01297,MESH:D013617,40
DB01297,MESH:D015352,40
DB14500,MESH:D001145,40
DB14500,MESH:D001919,40
DB14500,MESH:D002318,40
DB14500,MESH:D003327,40
DB14500,MESH:D003920,40
DB14500,MESH:D006261,40
DB14500,MESH:D006331,40
DB14500,MESH:D006333,40
DB14500,MESH:D006947,40
DB14500,MESH:D006973,40
DB14500,MESH:D006976,40
DB14500,MESH:D007022,40
DB14500,MESH:D007674,40
DB14500,MESH:D008133,40
DB14500,MESH:D009135,40
DB14500,MESH:D009203,40
DB14500,MESH:D009369,40
DB14500,MESH:D009410,39
DB14500,MESH:D010149,40
DB14500,MESH:D013035,40
DB14500,MESH:D014202,40
DB14500,MESH:D014693,40
DB14500,MESH:D016171,40
DB14500,MESH:D016883,40
DB14500,MESH:D017180,40
DB14500,MESH:D018908,40
DB14500,MESH:D020514,40
DB14500,MESH:D020521,40
DB14500,MESH:D051437,40
DB00280,MESH:D001145,40
DB00280,MESH:D001919,40
DB00280,MESH:D002312,40
DB00280,MESH:D002780,40
DB00280,MESH:D003645,40
DB00280,MESH:D004211,40
DB00280,MESH:D005315,16
DB00280,MESH:D006323,40
DB00280,MESH:D006327,40
DB00280,MESH:D006331,40
DB00280,MESH:D007003,40
DB00280,MESH:D007022,40
DB00280,MESH:D007172,40
DB00280,MESH:D008107,40
DB00280,MESH:D008133,40
DB00280,MESH:D009203,40
DB00280,MESH:D009468,39
DB00280,MESH:D010292,40
DB00280,MESH:D010523,40
DB00280,MESH:D011654,40
DB00280,MESH:D011704,40
DB00280,MESH:D012120,40
DB00280,MESH:D012848,40
DB00280,MESH:D013610,40
DB00280,MESH:D013616,40
DB00280,MESH:D013617,40
DB00280,MESH:D014693,40
DB00280,MESH:D014786,40
DB00280,MESH:D016055,40
DB00280,MESH:D016171,40
DB00280,MESH:D017180,40
DB00280,MESH:D018754,40
DB00280,MESH:D018771,40
DB00280,MESH:D041781,40
DB00280,MESH:D051437,40
DB00280,MESH:D054537,40
DB00280,MESH:D056486,40
DB00280,MESH:D058186,40
DB00436,MESH:D001145,40
DB00436,MESH:D005221,40
DB00436,MESH:D006073,40
DB00436,MESH:D006333,40
DB00436,MESH:D006929,40
DB00436,MESH:D006934,40
DB00436,MESH:D006973,40
DB00436,MESH:D006977,40
DB00436,MESH:D007008,40
DB00436,MESH:D007010,40
DB00436,MESH:D007172,40
DB00436,MESH:D009395,40
DB00436,MESH:D015430,40
DB00436,MESH:D018149,40
DB00436,MESH:D018500,40
DB06637,MESH:D001145,40
DB06637,MESH:D001259,40
DB06637,MESH:D002375,35
DB06637,MESH:D004417,40
DB06637,MESH:D006948,40
DB06637,MESH:D007022,40
DB06637,MESH:D009103,40
DB06637,MESH:D009336,40
DB06637,MESH:D012131,40
DB06637,MESH:D012640,40
DB06637,MESH:D014202,40
DB04868,MESH:D001145,40
DB04868,MESH:D006331,39
DB04868,MESH:D007951,40
DB04868,MESH:D008103,40
DB04868,MESH:D011654,40
DB04868,MESH:D015464,40
DB04868,MESH:D056486,40
DB00346,MESH:D001145,40
DB00346,MESH:D007022,40
DB00346,MESH:D007024,40
DB00346,MESH:D008133,40
DB00346,MESH:D009325,40
DB00346,MESH:D011469,40
DB00346,MESH:D011472,40
DB00346,MESH:D014555,40
DB00346,MESH:D015746,40
DB00346,MESH:D016055,40
DB00346,MESH:D019694,0
DB01228,MESH:D001145,40
DB01228,MESH:D006333,40
DB01228,MESH:D013617,40
DB01228,MESH:D017180,40
DB01154,MESH:D002303,40
DB01154,MESH:D004829,40
DB01154,MESH:D004830,40
DB01154,MESH:D007022,40
DB01154,MESH:D012640,40
DB01154,MESH:D014693,40
DB01154,MESH:D017180,40
DB01409,MESH:D001145,40
DB01409,MESH:D001919,40
DB01409,MESH:D006323,40
DB01409,MESH:D007022,40
DB01409,MESH:D009203,40
DB01409,MESH:D017202,40
DB01409,MESH:D020521,40
DB01427,MESH:D001145,40
DB01427,MESH:D001919,40
DB01427,MESH:D006333,40
DB01427,MESH:D006973,40
DB01427,MESH:D006976,40
DB01427,MESH:D007022,40
DB01427,MESH:D007674,40
DB01427,MESH:D008173,40
DB01427,MESH:D010198,40
DB01427,MESH:D012770,40
DB01427,MESH:D013610,40
DB01427,MESH:D018487,40
DB01427,MESH:D018497,40
DB01427,MESH:D018754,40
DB00332,MESH:D001145,40
DB00332,MESH:D001249,40
DB00332,MESH:D002312,40
DB00332,MESH:D002318,40
DB00332,MESH:D004417,19
DB00332,MESH:D004646,1
DB00332,MESH:D006323,40
DB00332,MESH:D008173,40
DB00332,MESH:D011014,40
DB00332,MESH:D013610,40
DB00332,MESH:D013617,40
DB00332,MESH:D014555,40
DB00332,MESH:D014694,40
DB00332,MESH:D015428,40
DB00332,MESH:D016055,40
DB00332,MESH:D017202,40
DB00332,MESH:D029424,40
DB01626,MESH:D001145,40
DB01626,MESH:D001714,40
DB01626,MESH:D001919,40
DB01626,MESH:D001930,40
DB01626,MESH:D003866,40
DB01626,MESH:D004421,40
DB01626,MESH:D006948,40
DB01626,MESH:D009069,40
DB01626,MESH:D009136,40
DB01626,MESH:D010302,40
DB01626,MESH:D010554,40
DB01626,MESH:D011605,40
DB01626,MESH:D012640,40
DB01626,MESH:D014202,40
DB01626,MESH:D018476,40
DB04855,MESH:D003967,40
DB04855,MESH:D005076,40
DB04855,MESH:D006333,40
DB04855,MESH:D008133,40
DB04855,MESH:D009325,40
DB04855,MESH:D013610,40
DB04855,MESH:D015431,40
DB04855,MESH:D016171,40
DB04855,MESH:D017114,40
DB04855,MESH:D056486,40
DB04855,MESH:D058186,40
DB00278,MESH:D001157,40
DB00278,MESH:D001778,40
DB00278,MESH:D002543,40
DB00278,MESH:D004211,40
DB00278,MESH:D006470,40
DB00278,MESH:D011183,4
DB00278,MESH:D013927,40
DB00278,MESH:D016769,40
DB00278,MESH:D019851,40
DB00278,MESH:D020246,40
DB00278,MESH:D020300,40
DB00278,MESH:D020521,40
DB00686,MESH:D001157,40
DB00686,MESH:D002543,40
DB00686,MESH:D003328,40
DB00686,MESH:D004211,40
DB00686,MESH:D006083,40
DB00686,MESH:D006394,0
DB00686,MESH:D006417,40
DB00686,MESH:D013921,40
DB00686,MESH:D013927,40
DB00686,MESH:D020225,40
DB00686,MESH:D020246,40
DB00686,MESH:D020521,40
DB00823,MESH:D001157,40
DB00823,MESH:D003866,39
DB00823,MESH:D004412,40
DB00823,MESH:D006261,40
DB00823,MESH:D009325,40
DB00823,MESH:D014839,40
DB00823,MESH:D015746,40
DB00353,MESH:D001157,40
DB00353,MESH:D001929,40
DB00353,MESH:D003324,40
DB00353,MESH:D003329,40
DB00353,MESH:D005316,40
DB00353,MESH:D006323,40
DB00353,MESH:D006349,40
DB00353,MESH:D006973,40
DB00353,MESH:D009122,40
DB00353,MESH:D009422,40
DB00353,MESH:D011654,40
DB00353,MESH:D015746,40
DB00353,MESH:D017202,40
DB00353,MESH:D054537,39
DB00721,MESH:D001157,40
DB00721,MESH:D001281,40
DB00721,MESH:D002375,40
DB00721,MESH:D004830,40
DB00721,MESH:D006212,40
DB00721,MESH:D007022,40
DB00721,MESH:D007674,40
DB00721,MESH:D009325,40
DB00721,MESH:D009336,40
DB00721,MESH:D009886,40
DB00721,MESH:D010146,40
DB00721,MESH:D011537,40
DB00721,MESH:D012206,40
DB00721,MESH:D012640,40
DB00721,MESH:D013610,40
DB00721,MESH:D013617,40
DB00721,MESH:D014202,40
DB00721,MESH:D017202,40
DB00721,MESH:D020734,40
DB00721,MESH:D058186,40
DB09070,MESH:D001161,40
DB09070,MESH:D001943,40
DB09070,MESH:D004715,40
DB09070,MESH:D015430,40
DB09070,MESH:D015663,0
DB09070,MESH:D050197,30
DB00153,MESH:D006471,40
DB00153,MESH:D006526,40
DB00153,MESH:D006934,40
DB00153,MESH:D007011,34
DB00153,MESH:D009397,40
DB00153,MESH:D010020,40
DB00153,MESH:D014456,40
DB00153,MESH:D050197,40
DB00153,MESH:D053098,40
DB00153,MESH:D053099,40
DB00153,MESH:D053565,40
DB06154,MESH:D001161,40
DB06154,MESH:D006261,40
DB06154,MESH:D006973,40
DB00800,MESH:D001167,40
DB00800,MESH:D001919,40
DB00800,MESH:D006470,40
DB00800,MESH:D006973,40
DB00800,MESH:D007022,40
DB00800,MESH:D009336,40
DB00800,MESH:D016534,40
DB00800,MESH:D058186,24
DB00800,MESH:D058729,0
DB09212,MESH:D001168,0
DB09212,MESH:D001416,15
DB09212,MESH:D003072,40
DB09212,MESH:D010146,40
DB09212,MESH:D012640,40
DB09212,MESH:D013276,40
DB06725,MESH:D001168,32
DB06725,MESH:D010149,40
DB06725,MESH:D017116,40
DB04725,MESH:D001168,40
DB01296,MESH:D001168,0
DB01296,MESH:D002544,0
DB01296,MESH:D003876,40
DB01296,MESH:D006943,40
DB01296,MESH:D007249,39
DB01296,MESH:D007333,40
DB01296,MESH:D009062,40
DB01296,MESH:D010003,40
DB01296,MESH:D013272,40
DB01296,MESH:D015212,40
DB01296,MESH:D018771,40
DB00814,MESH:D001168,40
DB00814,MESH:D001259,40
DB00814,MESH:D003875,40
DB00814,MESH:D003967,40
DB00814,MESH:D005767,40
DB00814,MESH:D006528,40
DB00814,MESH:D007249,40
DB00814,MESH:D007674,40
DB00814,MESH:D009325,40
DB00814,MESH:D009369,40
DB00814,MESH:D010003,40
DB00814,MESH:D010146,40
DB00814,MESH:D010149,40
DB00814,MESH:D011507,40
DB00814,MESH:D012130,40
DB00814,MESH:D012798,40
DB00814,MESH:D013262,40
DB00814,MESH:D013276,40
DB00814,MESH:D014202,40
DB00814,MESH:D014839,40
DB00814,MESH:D015179,40
DB00814,MESH:D015427,40
DB00814,MESH:D018908,40
DB00814,MESH:D047928,40
DB00814,MESH:D053609,40
DB08845,MESH:D001169,40
DB00583,MESH:D001169,40
DB00583,MESH:D002311,0
DB00583,MESH:D005198,0
DB00583,MESH:D006311,40
DB00583,MESH:D006332,40
DB00583,MESH:D006501,0
DB00583,MESH:D006949,40
DB00583,MESH:D006973,40
DB00583,MESH:D007333,40
DB00583,MESH:D007674,40
DB00583,MESH:D008113,40
DB00583,MESH:D008228,0
DB00583,MESH:D009135,40
DB00583,MESH:D009203,40
DB00583,MESH:D011297,40
DB00583,MESH:D015428,40
DB00583,MESH:D015430,0
DB00583,MESH:D017114,40
DB00583,MESH:D017240,40
DB00583,MESH:D024821,40
DB00583,MESH:D049188,40
DB00583,MESH:D056486,40
DB00583,MESH:D058186,40
DB00583,MESH:D062787,40
DB00583,MESH:D066126,3
DB04942,MESH:D001169,40
DB04942,MESH:D001172,40
DB04942,MESH:D003877,0
DB04942,MESH:D004681,40
DB04942,MESH:D006086,40
DB04942,MESH:D006528,40
DB04942,MESH:D009101,0
DB04942,MESH:D009410,40
DB04942,MESH:D010198,40
DB04942,MESH:D013203,40
DB04942,MESH:D014178,40
DB04942,MESH:D014605,40
DB04942,MESH:D015473,40
DB04942,MESH:D050197,0
DB00580,MESH:D001172,40
DB00580,MESH:D009203,40
DB00580,MESH:D010003,40
DB00580,MESH:D013262,40
DB00580,MESH:D014581,40
DB00580,MESH:D014786,40
DB00487,MESH:D001172,1
DB00487,MESH:D001424,40
DB00487,MESH:D001987,40
DB00487,MESH:D002493,40
DB00487,MESH:D002524,40
DB00487,MESH:D003875,40
DB00487,MESH:D004827,40
DB00487,MESH:D005334,40
DB00487,MESH:D006930,40
DB00487,MESH:D009260,40
DB00487,MESH:D009503,40
DB00487,MESH:D010292,40
DB00487,MESH:D010523,40
DB00487,MESH:D011507,40
DB00487,MESH:D011595,40
DB00487,MESH:D011605,40
DB00487,MESH:D012640,40
DB00487,MESH:D012871,40
DB00487,MESH:D013203,40
DB00487,MESH:D014202,40
DB00487,MESH:D014552,40
DB00487,MESH:D014581,40
DB00487,MESH:D014839,40
DB00487,MESH:D016905,40
DB00487,MESH:D018771,40
DB00487,MESH:D029481,40
DB00487,MESH:D051437,40
DB00487,MESH:D062787,40
DB00469,MESH:D001172,40
DB00469,MESH:D002761,40
DB00469,MESH:D002779,40
DB00469,MESH:D004487,40
DB00469,MESH:D005767,40
DB00469,MESH:D008107,40
DB00469,MESH:D010146,40
DB00469,MESH:D010149,40
DB00469,MESH:D013262,40
DB00469,MESH:D014581,40
DB00469,MESH:D041781,40
DB00469,MESH:D056486,40
DB01178,MESH:D001172,40
DB01178,MESH:D002779,40
DB01178,MESH:D006529,6
DB01178,MESH:D013651,40
DB01178,MESH:D056486,40
DB11753,MESH:D001172,40
DB06736,MESH:D001172,40
DB06736,MESH:D002779,40
DB06736,MESH:D006261,40
DB06736,MESH:D006356,40
DB06736,MESH:D006967,40
DB06736,MESH:D008107,40
DB06736,MESH:D008581,40
DB06736,MESH:D010146,40
DB06736,MESH:D014657,40
DB06736,MESH:D017116,40
DB06736,MESH:D056486,40
DB00214,MESH:D001201,40
DB00214,MESH:D002311,40
DB00214,MESH:D004487,40
DB00214,MESH:D005355,40
DB00214,MESH:D006333,40
DB00214,MESH:D006973,40
DB00214,MESH:D006976,40
DB00214,MESH:D008103,40
DB00214,MESH:D013262,40
DB01586,MESH:D001201,40
DB01586,MESH:D001649,40
DB01586,MESH:D002761,40
DB01586,MESH:D002779,40
DB01586,MESH:D002780,40
DB01586,MESH:D003110,40
DB01586,MESH:D003967,40
DB01586,MESH:D005221,40
DB01586,MESH:D005234,40
DB01586,MESH:D005355,40
DB01586,MESH:D006505,40
DB01586,MESH:D006521,40
DB01586,MESH:D006528,40
DB01586,MESH:D006943,40
DB01586,MESH:D006980,40
DB01586,MESH:D007037,40
DB01586,MESH:D007154,40
DB01586,MESH:D007249,40
DB01586,MESH:D007333,40
DB01586,MESH:D008103,40
DB01586,MESH:D008105,40
DB01586,MESH:D008106,40
DB01586,MESH:D008107,40
DB01586,MESH:D009069,40
DB01586,MESH:D009369,40
DB01586,MESH:D011014,40
DB01586,MESH:D011183,40
DB01586,MESH:D011537,40
DB01586,MESH:D015209,40
DB01586,MESH:D015431,40
DB01586,MESH:D017093,40
DB01586,MESH:D017094,0
DB01586,MESH:D017114,40
DB01586,MESH:D042882,40
DB01586,MESH:D056486,40
DB01586,MESH:D058739,40
DB00946,MESH:D001201,40
DB00946,MESH:D001281,40
DB00946,MESH:D001778,40
DB00946,MESH:D002543,40
DB00946,MESH:D002779,40
DB00946,MESH:D006406,40
DB00946,MESH:D006470,40
DB00946,MESH:D006501,40
DB00946,MESH:D008103,21
DB00946,MESH:D009135,40
DB00946,MESH:D009336,40
DB00946,MESH:D013927,40
DB00946,MESH:D014657,40
DB00946,MESH:D017114,40
DB00946,MESH:D017445,40
DB00946,MESH:D017700,40
DB00946,MESH:D020300,40
DB00946,MESH:D041781,40
DB00946,MESH:D062787,1
DB00520,MESH:D001228,40
DB00520,MESH:D009503,40
DB00520,MESH:D013262,40
DB00362,MESH:D001228,40
DB00362,MESH:D002177,40
DB00362,MESH:D056486,40
DB01263,MESH:D001228,7
DB01263,MESH:D003248,40
DB01263,MESH:D010523,40
DB01263,MESH:D015746,40
DB01263,MESH:D054198,40
DB00582,MESH:D001228,40
DB00582,MESH:D001919,40
DB00582,MESH:D002177,40
DB00582,MESH:D006212,39
DB00582,MESH:D006934,40
DB00582,MESH:D007674,40
DB00582,MESH:D010146,40
DB00582,MESH:D010523,40
DB00582,MESH:D011014,0
DB00582,MESH:D012206,33
DB00582,MESH:D013262,40
DB00582,MESH:D014786,40
DB00582,MESH:D015473,40
DB00582,MESH:D017180,40
DB00582,MESH:D018908,40
DB00582,MESH:D058186,40
DB00697,MESH:D001247,4
DB00697,MESH:D001416,40
DB00697,MESH:D001919,40
DB00697,MESH:D002637,38
DB00697,MESH:D004487,40
DB00697,MESH:D005767,40
DB00697,MESH:D006930,40
DB00697,MESH:D006973,40
DB00697,MESH:D007022,40
DB00697,MESH:D008107,38
DB00697,MESH:D010146,40
DB00697,MESH:D012640,40
DB00697,MESH:D013276,40
DB00697,MESH:D014277,40
DB00589,MESH:D001247,11
DB00589,MESH:D001523,40
DB00589,MESH:D002543,36
DB00589,MESH:D003866,40
DB00589,MESH:D003875,40
DB00589,MESH:D004409,40
DB00589,MESH:D004421,40
DB00589,MESH:D005355,40
DB00589,MESH:D006261,40
DB00589,MESH:D006470,40
DB00589,MESH:D006948,40
DB00589,MESH:D007035,40
DB00589,MESH:D008881,40
DB00589,MESH:D009127,40
DB00589,MESH:D009325,40
DB00589,MESH:D010300,40
DB00589,MESH:D010409,40
DB00589,MESH:D012640,40
DB00589,MESH:D013375,40
DB00589,MESH:D014202,40
DB00589,MESH:D014652,40
DB00589,MESH:D018476,40
DB00918,MESH:D002637,40
DB00918,MESH:D006261,40
DB00918,MESH:D008881,40
DB00918,MESH:D009325,40
DB00918,MESH:D010292,40
DB00918,MESH:D012640,40
DB00706,MESH:D001247,40
DB00706,MESH:D006261,40
DB00706,MESH:D007024,40
DB00706,MESH:D009059,40
DB00706,MESH:D011469,40
DB00706,MESH:D011470,40
DB00706,MESH:D012640,40
DB00706,MESH:D013262,40
DB00706,MESH:D053201,40
DB00568,MESH:D001247,40
DB00568,MESH:D001764,40
DB00568,MESH:D001927,40
DB00568,MESH:D002779,40
DB00568,MESH:D002780,40
DB00568,MESH:D003866,40
DB00568,MESH:D004195,40
DB00568,MESH:D010302,40
DB00568,MESH:D011537,40
DB00568,MESH:D014202,40
DB00568,MESH:D014693,40
DB00568,MESH:D015837,40
DB00568,MESH:D056486,40
DB01162,MESH:D002295,40
DB01162,MESH:D003128,40
DB01162,MESH:D004487,40
DB01162,MESH:D006973,40
DB01162,MESH:D007024,40
DB01162,MESH:D009389,0
DB01162,MESH:D011470,40
DB01162,MESH:D011471,40
DB01162,MESH:D014555,40
DB01162,MESH:D016055,40
DB00824,MESH:D001249,2
DB00824,MESH:D006261,40
DB00824,MESH:D009325,40
DB00824,MESH:D014839,40
DB00824,MESH:D015746,40
DB00824,MESH:D029424,40
DB00936,MESH:D001249,40
DB00936,MESH:D008569,40
DB00936,MESH:D012640,40
DB00936,MESH:D014012,40
DB00936,MESH:D014581,40
DB00936,MESH:D049188,40
DB00716,MESH:D001249,0
DB00716,MESH:D007249,40
DB00901,MESH:D001249,40
DB00549,MESH:D001249,40
DB00549,MESH:D001982,40
DB00549,MESH:D002181,40
DB00549,MESH:D003371,40
DB00549,MESH:D003550,40
DB00549,MESH:D003876,0
DB00549,MESH:D004487,40
DB00549,MESH:D004715,40
DB00549,MESH:D004802,40
DB00549,MESH:D006261,40
DB00549,MESH:D006501,40
DB00549,MESH:D006976,40
DB00549,MESH:D007249,40
DB00549,MESH:D007964,40
DB00549,MESH:D008173,40
DB00549,MESH:D008881,40
DB00549,MESH:D009298,40
DB00549,MESH:D009325,40
DB00549,MESH:D009336,40
DB00549,MESH:D010146,40
DB00549,MESH:D010195,40
DB00549,MESH:D011654,40
DB00549,MESH:D012220,40
DB00549,MESH:D012852,40
DB00549,MESH:D014581,40
DB00549,MESH:D014657,40
DB00549,MESH:D015427,40
DB00549,MESH:D047508,40
DB00549,MESH:D055963,40
DB00549,MESH:D056486,40
DB01364,MESH:D001763,40
DB01364,MESH:D001919,40
DB01364,MESH:D002303,40
DB01364,MESH:D002311,40
DB01364,MESH:D002543,40
DB01364,MESH:D003128,40
DB01364,MESH:D003327,40
DB01364,MESH:D003329,40
DB01364,MESH:D005315,16
DB01364,MESH:D005334,40
DB01364,MESH:D006212,40
DB01364,MESH:D006470,40
DB01364,MESH:D006948,40
DB01364,MESH:D006973,40
DB01364,MESH:D007022,40
DB01364,MESH:D007024,40
DB01364,MESH:D008269,40
DB01364,MESH:D009202,40
DB01364,MESH:D009203,40
DB01364,MESH:D009336,40
DB01364,MESH:D009765,40
DB01364,MESH:D010146,40
DB01364,MESH:D011605,40
DB01364,MESH:D011654,40
DB01364,MESH:D012131,40
DB01364,MESH:D012206,40
DB01364,MESH:D012640,40
DB01364,MESH:D013610,40
DB01364,MESH:D013616,40
DB01364,MESH:D014786,40
DB01364,MESH:D017180,40
DB01364,MESH:D054537,40
DB01364,MESH:D058186,40
DB01366,MESH:D014202,40
DB00764,MESH:D001249,39
DB00764,MESH:D003872,2
DB00764,MESH:D004890,40
DB00764,MESH:D005767,40
DB00764,MESH:D012221,24
DB00764,MESH:D013684,7
DB01408,MESH:D006333,40
DB01408,MESH:D014202,40
DB01408,MESH:D029424,40
DB00920,MESH:D001249,40
DB00920,MESH:D003092,40
DB00920,MESH:D003556,40
DB00920,MESH:D004487,40
DB00920,MESH:D006086,40
DB00920,MESH:D006255,40
DB00920,MESH:D006332,9
DB00920,MESH:D006967,25
DB00920,MESH:D008288,0
DB00920,MESH:D009336,40
DB00920,MESH:D012221,40
DB00920,MESH:D012640,40
DB00920,MESH:D012912,40
DB00920,MESH:D013036,40
DB00920,MESH:D014581,40
DB00920,MESH:D051437,40
DB00920,MESH:D056486,40
DB00816,MESH:D001249,40
DB00816,MESH:D001919,40
DB00816,MESH:D004646,40
DB00816,MESH:D006261,40
DB00816,MESH:D006335,40
DB00816,MESH:D006948,40
DB00816,MESH:D007008,40
DB00816,MESH:D009202,40
DB00816,MESH:D009336,40
DB00816,MESH:D014202,40
DB00816,MESH:D054537,40
DB00983,MESH:D001249,40
DB00983,MESH:D004417,40
DB00983,MESH:D009135,40
DB00983,MESH:D009205,40
DB00983,MESH:D011014,40
DB00983,MESH:D011654,40
DB00983,MESH:D014202,40
DB00983,MESH:D016535,32
DB00983,MESH:D029424,40
DB00983,MESH:D055370,40
DB09273,MESH:D001249,40
DB00180,MESH:D001249,40
DB00180,MESH:D004802,40
DB00180,MESH:D005767,40
DB00874,MESH:D001249,40
DB00874,MESH:D002303,40
DB00874,MESH:D003371,0
DB00874,MESH:D003875,40
DB00874,MESH:D006973,40
DB00874,MESH:D007669,40
DB00874,MESH:D010243,40
DB00874,MESH:D012852,40
DB00874,MESH:D014514,40
DB04576,MESH:D001927,38
DB04576,MESH:D002493,40
DB04576,MESH:D004802,40
DB04576,MESH:D005767,40
DB04576,MESH:D006333,40
DB04576,MESH:D007319,40
DB04576,MESH:D007970,40
DB04576,MESH:D009503,40
DB01656,MESH:D001249,40
DB01656,MESH:D015746,2
DB01656,MESH:D029424,40
DB01288,MESH:D001249,40
DB01288,MESH:D001982,40
DB01288,MESH:D006331,40
DB01288,MESH:D007008,40
DB01288,MESH:D007752,35
DB01288,MESH:D011248,40
DB01288,MESH:D012640,40
DB01288,MESH:D014202,40
DB00909,MESH:D001714,40
DB00909,MESH:D002493,40
DB00909,MESH:D002546,40
DB00909,MESH:D004830,40
DB00909,MESH:D004831,40
DB00909,MESH:D005076,40
DB00909,MESH:D005221,40
DB00909,MESH:D005767,40
DB00909,MESH:D006212,40
DB00909,MESH:D006261,40
DB00909,MESH:D006930,40
DB00909,MESH:D009101,40
DB00909,MESH:D009127,40
DB00909,MESH:D009325,40
DB00909,MESH:D010146,40
DB00909,MESH:D010292,40
DB00909,MESH:D012640,40
DB00909,MESH:D013226,40
DB00909,MESH:D013262,40
DB00909,MESH:D014202,40
DB00909,MESH:D017029,40
DB00909,MESH:D017563,40
DB00909,MESH:D020191,0
DB00909,MESH:D020194,40
DB00909,MESH:D020329,40
DB03575,MESH:D002375,40
DB03575,MESH:D009410,40
DB03575,MESH:D010623,40
DB03575,MESH:D011605,40
DB03575,MESH:D012559,40
DB03575,MESH:D012640,40
DB01185,MESH:D001259,0
DB01185,MESH:D005199,40
DB01185,MESH:D009376,0
DB01185,MESH:D010146,40
DB01185,MESH:D010382,0
DB01185,MESH:D011471,40
DB01185,MESH:D013117,40
DB01185,MESH:D056486,40
DB01520,MESH:D001259,40
DB00967,MESH:D001259,35
DB00967,MESH:D002779,40
DB00967,MESH:D005221,40
DB00967,MESH:D006255,40
DB00967,MESH:D006261,40
DB00967,MESH:D008064,40
DB00967,MESH:D012220,40
DB00967,MESH:D014839,40
DB00967,MESH:D065631,40
DB01497,MESH:D001259,21
DB01497,MESH:D001919,40
DB01497,MESH:D002389,40
DB01497,MESH:D006948,40
DB01497,MESH:D007022,40
DB01497,MESH:D012021,40
DB01497,MESH:D012131,40
DB01497,MESH:D013610,40
DB01497,MESH:D053608,40
DB00341,MESH:D001259,40
DB00341,MESH:D002780,6
DB00341,MESH:D004421,40
DB00341,MESH:D005234,40
DB00341,MESH:D005334,40
DB00341,MESH:D007319,40
DB00341,MESH:D011537,40
DB00341,MESH:D012220,40
DB00341,MESH:D012221,35
DB00341,MESH:D012640,40
DB00341,MESH:D013921,40
DB00341,MESH:D014581,40
DB00341,MESH:D016171,38
DB00341,MESH:D050197,1
DB00341,MESH:D062787,40
DB00134,MESH:D001259,40
DB00134,MESH:D002659,40
DB00134,MESH:D003128,40
DB00134,MESH:D003711,40
DB00134,MESH:D005234,40
DB00134,MESH:D005235,40
DB00134,MESH:D005327,40
DB00134,MESH:D005910,0
DB00134,MESH:D006332,40
DB00134,MESH:D006505,40
DB00134,MESH:D006520,40
DB00134,MESH:D006529,40
DB00134,MESH:D007249,40
DB00134,MESH:D007669,0
DB00134,MESH:D007674,40
DB00134,MESH:D007859,40
DB00134,MESH:D008103,40
DB00134,MESH:D008107,40
DB00134,MESH:D008569,40
DB00134,MESH:D008661,40
DB00134,MESH:D009336,40
DB00134,MESH:D012559,40
DB00134,MESH:D012640,40
DB00134,MESH:D013118,40
DB00134,MESH:D015431,40
DB00134,MESH:D020138,40
DB00134,MESH:D034381,40
DB00134,MESH:D065626,40
DB00979,MESH:D002493,40
DB00979,MESH:D004830,35
DB00979,MESH:D005221,40
DB00979,MESH:D005334,40
DB00979,MESH:D006212,40
DB00979,MESH:D009325,40
DB00979,MESH:D010146,40
DB00979,MESH:D011595,39
DB00979,MESH:D011605,40
DB00979,MESH:D012640,40
DB00979,MESH:D013610,40
DB00979,MESH:D014786,40
DB00555,MESH:D001259,40
DB00555,MESH:D001480,40
DB00555,MESH:D001714,40
DB00555,MESH:D001778,40
DB00555,MESH:D002819,40
DB00555,MESH:D003072,40
DB00555,MESH:D003866,40
DB00555,MESH:D004211,40
DB00555,MESH:D004421,40
DB00555,MESH:D004487,40
DB00555,MESH:D004829,40
DB00555,MESH:D004830,40
DB00555,MESH:D004831,40
DB00555,MESH:D004832,40
DB00555,MESH:D005076,40
DB00555,MESH:D005221,40
DB00555,MESH:D005334,40
DB00555,MESH:D005767,40
DB00555,MESH:D006212,40
DB00555,MESH:D006261,40
DB00555,MESH:D006529,40
DB00555,MESH:D006948,40
DB00555,MESH:D007172,40
DB00555,MESH:D007859,40
DB00555,MESH:D008569,40
DB00555,MESH:D008582,40
DB00555,MESH:D009069,40
DB00555,MESH:D009084,40
DB00555,MESH:D009102,12
DB00555,MESH:D009410,40
DB00555,MESH:D009422,40
DB00555,MESH:D010198,40
DB00555,MESH:D010302,40
DB00555,MESH:D011014,40
DB00555,MESH:D011537,40
DB00555,MESH:D011605,40
DB00555,MESH:D012559,40
DB00555,MESH:D012640,40
DB00555,MESH:D013226,40
DB00555,MESH:D013262,40
DB00555,MESH:D017029,40
DB00555,MESH:D019964,40
DB00555,MESH:D019970,40
DB00555,MESH:D054220,0
DB00555,MESH:D056486,40
DB00577,MESH:D001259,40
DB00577,MESH:D002819,40
DB00577,MESH:D003967,40
DB00577,MESH:D006212,40
DB00577,MESH:D006261,40
DB00577,MESH:D006561,40
DB00577,MESH:D008582,40
DB00577,MESH:D009437,40
DB00577,MESH:D012563,40
DB00577,MESH:D012640,40
DB00577,MESH:D014657,0
DB00577,MESH:D020258,40
DB00577,MESH:D053608,40
DB00263,MESH:D001259,23
DB00263,MESH:D004890,0
DB00263,MESH:D007647,40
DB00263,MESH:D008582,40
DB00263,MESH:D010146,40
DB00263,MESH:D010292,40
DB00263,MESH:D012640,40
DB00263,MESH:D014012,40
DB00263,MESH:D014552,0
DB01598,MESH:D001259,40
DB01598,MESH:D003875,40
DB01598,MESH:D003967,40
DB01598,MESH:D007683,40
DB01598,MESH:D011008,40
DB01598,MESH:D012640,40
DB01598,MESH:D014202,40
DB01598,MESH:D014581,40
DB00855,MESH:D001259,40
DB00855,MESH:D002389,40
DB00855,MESH:D004890,0
DB00855,MESH:D007022,40
DB00855,MESH:D009182,40
DB00855,MESH:D009336,40
DB00855,MESH:D009369,40
DB00855,MESH:D009422,38
DB00855,MESH:D010146,40
DB00855,MESH:D011164,40
DB00855,MESH:D011230,40
DB00855,MESH:D011565,40
DB00855,MESH:D012640,40
DB00855,MESH:D012868,40
DB00855,MESH:D012871,39
DB00855,MESH:D013610,40
DB00855,MESH:D017118,40
DB00855,MESH:D020176,0
DB00677,MESH:D003643,40
DB00677,MESH:D005132,40
DB00677,MESH:D007035,40
DB00677,MESH:D009336,40
DB00677,MESH:D009410,40
DB00677,MESH:D009422,40
DB00677,MESH:D010523,40
DB00677,MESH:D011115,40
DB00677,MESH:D014202,40
DB00677,MESH:D018476,21
DB00677,MESH:D018923,40
DB00677,MESH:D019636,40
DB00677,MESH:D020078,40
DB00677,MESH:D020233,0
DB00677,MESH:D020258,40
DB06283,MESH:D001259,8
DB06283,MESH:D006212,40
DB06283,MESH:D007024,40
DB06283,MESH:D009325,40
DB06283,MESH:D010148,40
DB06283,MESH:D014839,40
DB06283,MESH:D016055,40
DB00408,MESH:D001281,40
DB00408,MESH:D001480,40
DB00408,MESH:D002375,40
DB00408,MESH:D002389,40
DB00408,MESH:D003704,40
DB00408,MESH:D004421,40
DB00408,MESH:D006948,40
DB00408,MESH:D006973,40
DB00408,MESH:D007035,40
DB00408,MESH:D009069,40
DB00408,MESH:D009212,40
DB00408,MESH:D009422,40
DB00408,MESH:D010259,40
DB00408,MESH:D011618,40
DB00408,MESH:D012206,40
DB00408,MESH:D012559,40
DB00408,MESH:D012640,40
DB00408,MESH:D013035,40
DB00408,MESH:D013616,40
DB00408,MESH:D015430,40
DB00408,MESH:D051437,40
DB00408,MESH:D053608,40
DB00408,MESH:D062787,40
DB00862,MESH:D001748,40
DB00862,MESH:D004195,40
DB00862,MESH:D007172,40
DB00862,MESH:D020018,40
DB01019,MESH:D001281,40
DB01019,MESH:D001750,40
DB01019,MESH:D002637,40
DB01019,MESH:D003072,40
DB01019,MESH:D004421,14
DB01019,MESH:D010146,40
DB01019,MESH:D014555,40
DB01019,MESH:D016055,40
DB09232,MESH:D001281,40
DB09232,MESH:D006332,40
DB09232,MESH:D006937,40
DB09232,MESH:D006973,40
DB09232,MESH:D007022,40
DB09232,MESH:D011507,40
DB09232,MESH:D013610,40
DB09232,MESH:D015228,0
DB01203,MESH:D001281,40
DB01203,MESH:D001919,40
DB01203,MESH:D006471,40
DB01203,MESH:D006973,40
DB01203,MESH:D006980,40
DB01203,MESH:D006983,40
DB01203,MESH:D010146,40
DB01203,MESH:D010490,40
DB01203,MESH:D013375,40
DB01203,MESH:D013610,40
DB01203,MESH:D017180,40
DB01173,MESH:D003072,40
DB01173,MESH:D004409,40
DB01173,MESH:D004421,40
DB01173,MESH:D006212,40
DB01173,MESH:D006261,40
DB01173,MESH:D006529,28
DB01173,MESH:D009122,40
DB01173,MESH:D010300,40
DB01173,MESH:D010302,39
DB01173,MESH:D016171,40
DB01173,MESH:D017180,40
DB13944,MESH:D001281,40
DB13944,MESH:D002561,40
DB13944,MESH:D007006,40
DB13944,MESH:D007172,40
DB13944,MESH:D011086,40
DB13944,MESH:D011470,40
DB13944,MESH:D013733,40
DB13944,MESH:D015430,40
DB13944,MESH:D018248,40
DB13944,MESH:D019247,40
DB13944,MESH:D020181,40
DB06819,MESH:D004719,40
DB06819,MESH:D006342,40
DB06819,MESH:D009069,40
DB06819,MESH:D009203,40
DB06819,MESH:D009798,40
DB06819,MESH:D010300,40
DB06819,MESH:D013733,40
DB06819,MESH:D015427,40
DB06819,MESH:D056486,39
DB00947,MESH:D001284,40
DB00947,MESH:D002869,40
DB00947,MESH:D006984,40
DB00947,MESH:D007248,40
DB00947,MESH:D008569,40
DB00947,MESH:D009361,40
DB00947,MESH:D009410,40
DB00947,MESH:D009447,40
DB01407,MESH:D001284,40
DB01407,MESH:D004409,40
DB01407,MESH:D009133,40
DB01407,MESH:D015428,40
DB01407,MESH:D017093,40
DB01261,MESH:D003924,40
DB01261,MESH:D006943,40
DB01261,MESH:D006984,40
DB01261,MESH:D007249,39
DB01261,MESH:D010182,0
DB01261,MESH:D015431,40
DB01435,MESH:D001284,40
DB01435,MESH:D001749,40
DB01435,MESH:D002277,40
DB01435,MESH:D006323,40
DB01435,MESH:D007680,40
DB01435,MESH:D007683,40
DB01435,MESH:D009336,40
DB01435,MESH:D009397,1
DB01435,MESH:D051437,40
DB01130,MESH:D001284,40
DB01130,MESH:D004485,40
DB01130,MESH:D012871,40
DB01130,MESH:D017449,40
DB01130,MESH:D020078,40
DB11590,MESH:D001289,40
DB11590,MESH:D001321,0
DB11590,MESH:D002375,40
DB11590,MESH:D002658,40
DB11590,MESH:D003876,40
DB11590,MESH:D005128,40
DB11590,MESH:D009461,40
DB11590,MESH:D010146,40
DB11590,MESH:D017449,0
DB11590,MESH:D020258,0
DB00146,MESH:D001289,40
DB00146,MESH:D001851,32
DB00146,MESH:D006934,40
DB00146,MESH:D006962,40
DB00146,MESH:D009135,40
DB00146,MESH:D009765,40
DB00146,MESH:D011471,40
DB00146,MESH:D012559,40
DB00146,MESH:D015430,40
DB05458,MESH:D001289,40
DB05458,MESH:D003072,40
DB05458,MESH:D006261,40
DB05458,MESH:D012141,40
DB01037,MESH:D001289,40
DB01037,MESH:D001714,40
DB01037,MESH:D001930,40
DB01037,MESH:D002375,40
DB01037,MESH:D002389,40
DB01037,MESH:D003072,40
DB01037,MESH:D004409,40
DB01037,MESH:D006973,40
DB01037,MESH:D007024,40
DB01037,MESH:D007319,40
DB01037,MESH:D007859,40
DB01037,MESH:D008569,40
DB01037,MESH:D009127,40
DB01037,MESH:D009410,40
DB01037,MESH:D009461,40
DB01037,MESH:D009771,40
DB01037,MESH:D010300,40
DB01037,MESH:D010673,0
DB01037,MESH:D011605,40
DB01037,MESH:D014202,40
DB01037,MESH:D015877,40
DB01037,MESH:D018476,40
DB01037,MESH:D019970,40
DB01018,MESH:D001289,40
DB01018,MESH:D001321,40
DB01018,MESH:D001714,40
DB01018,MESH:D001919,40
DB01018,MESH:D002658,4
DB01018,MESH:D003248,40
DB01018,MESH:D004421,40
DB01018,MESH:D006973,40
DB01018,MESH:D007022,40
DB01018,MESH:D007024,40
DB01018,MESH:D013375,40
DB01018,MESH:D013610,40
DB01018,MESH:D013981,40
DB01018,MESH:D017180,40
DB01018,MESH:D018487,40
DB01018,MESH:D018879,39
DB01018,MESH:D019954,40
DB00289,MESH:D001321,40
DB00289,MESH:D001919,40
DB00289,MESH:D002658,40
DB00289,MESH:D006973,40
DB00289,MESH:D013981,40
DB00289,MESH:D014839,40
DB00289,MESH:D015746,40
DB00289,MESH:D056486,40
DB00118,MESH:D001321,40
DB00118,MESH:D001714,40
DB00118,MESH:D002779,40
DB00118,MESH:D003072,40
DB00118,MESH:D003645,40
DB00118,MESH:D003711,38
DB00118,MESH:D003866,40
DB00118,MESH:D004409,40
DB00118,MESH:D005494,40
DB00118,MESH:D006948,40
DB00118,MESH:D007037,40
DB00118,MESH:D008103,40
DB00118,MESH:D008106,40
DB00118,MESH:D008107,40
DB00118,MESH:D008113,40
DB00118,MESH:D008114,40
DB00118,MESH:D008661,40
DB00118,MESH:D009127,40
DB00118,MESH:D009336,40
DB00118,MESH:D009410,40
DB00118,MESH:D013118,40
DB00118,MESH:D014202,40
DB00118,MESH:D014806,2
DB00118,MESH:D051437,3
DB00118,MESH:D056486,40
DB00151,MESH:D001321,40
DB00151,MESH:D003924,40
DB00151,MESH:D006461,0
DB00151,MESH:D007683,40
DB00151,MESH:D008106,40
DB00151,MESH:D008546,40
DB00151,MESH:D017114,40
DB00151,MESH:D020258,0
DB03766,MESH:D001321,40
DB00360,MESH:D001321,40
DB00360,MESH:D024821,40
DB12965,MESH:D001327,40
DB12965,MESH:D001791,40
DB12965,MESH:D002056,40
DB12965,MESH:D002547,40
DB12965,MESH:D003643,40
DB12965,MESH:D003715,40
DB12965,MESH:D003924,40
DB12965,MESH:D005128,40
DB12965,MESH:D006332,40
DB12965,MESH:D006461,40
DB12965,MESH:D006965,40
DB12965,MESH:D007249,40
DB12965,MESH:D008171,0
DB12965,MESH:D009139,0
DB12965,MESH:D009336,40
DB12965,MESH:D009395,40
DB12965,MESH:D009461,40
DB12965,MESH:D010490,40
DB12965,MESH:D020258,40
DB12965,MESH:D056486,40
DB00924,MESH:D001714,40
DB00924,MESH:D006212,40
DB00924,MESH:D008133,40
DB00924,MESH:D010146,40
DB00924,MESH:D010259,40
DB00924,MESH:D011618,40
DB00924,MESH:D013035,40
DB00924,MESH:D014103,0
DB00924,MESH:D016171,40
DB00820,MESH:D001416,40
DB00820,MESH:D003866,40
DB00820,MESH:D006470,40
DB00820,MESH:D007022,40
DB00820,MESH:D007172,40
DB00820,MESH:D008569,40
DB00820,MESH:D009135,33
DB00820,MESH:D009202,40
DB00820,MESH:D009374,40
DB00820,MESH:D009461,40
DB00356,MESH:D001416,24
DB00356,MESH:D002780,40
DB00356,MESH:D005767,40
DB00356,MESH:D017114,40
DB00356,MESH:D017116,31
DB00356,MESH:D056486,40
DB01250,MESH:D001416,40
DB01250,MESH:D006973,40
DB01250,MESH:D007319,0
DB01250,MESH:D010195,7
DB01250,MESH:D015212,40
DB01161,MESH:D002493,40
DB01161,MESH:D004487,40
DB01161,MESH:D007022,40
DB01161,MESH:D010146,40
DB01161,MESH:D012131,40
DB01161,MESH:D012640,40
DB01161,MESH:D013035,40
DB01161,MESH:D014581,39
DB01161,MESH:D016584,40
DB01161,MESH:D020258,31
DB01106,MESH:D001424,40
DB01106,MESH:D006930,40
DB01106,MESH:D009437,40
DB01106,MESH:D012220,40
DB00955,MESH:D001424,40
DB00955,MESH:D002481,40
DB00955,MESH:D003556,40
DB00955,MESH:D003875,40
DB00955,MESH:D004427,40
DB00955,MESH:D004802,39
DB00955,MESH:D004927,40
DB00955,MESH:D006311,40
DB00955,MESH:D006319,40
DB00955,MESH:D006470,40
DB00955,MESH:D007674,40
DB00955,MESH:D008171,40
DB00955,MESH:D010538,40
DB00955,MESH:D011015,40
DB00955,MESH:D011552,40
DB00955,MESH:D012772,32
DB00955,MESH:D013203,40
DB00955,MESH:D014012,40
DB00955,MESH:D014552,40
DB00955,MESH:D014555,40
DB00955,MESH:D018805,40
DB00955,MESH:D020879,40
DB00955,MESH:D034381,40
DB00955,MESH:D058186,40
DB01079,MESH:D018589,0
DB01079,MESH:D043183,40
DB09216,MESH:D001424,40
DB00809,MESH:D001424,0
DB00809,MESH:D005902,40
DB00809,MESH:D010146,40
DB00809,MESH:D014202,40
DB00935,MESH:D001424,40
DB00935,MESH:D006261,40
DB00935,MESH:D006973,40
DB00935,MESH:D007022,40
DB00935,MESH:D007319,40
DB00935,MESH:D010259,40
DB00935,MESH:D011595,40
DB00935,MESH:D011605,40
DB00935,MESH:D012640,40
DB00935,MESH:D013345,37
DB00935,MESH:D013375,40
DB00935,MESH:D014786,40
DB00935,MESH:D018917,40
DB00935,MESH:D020301,40
DB00991,MESH:D001424,40
DB00991,MESH:D006505,40
DB00991,MESH:D013262,40
DB00991,MESH:D017114,40
DB00991,MESH:D056486,40
DB00720,MESH:D001424,40
DB00720,MESH:D005234,40
DB00720,MESH:D006934,40
DB00720,MESH:D008103,40
DB00720,MESH:D009101,40
DB00720,MESH:D009336,40
DB00720,MESH:D009461,40
DB00720,MESH:D010146,40
DB00720,MESH:D015431,40
DB00720,MESH:D016535,0
DB00720,MESH:D056486,40
DB01137,MESH:D001424,40
DB01137,MESH:D013262,39
DB01137,MESH:D056486,40
DB01616,MESH:D001424,40
DB01616,MESH:D002779,40
DB01616,MESH:D013035,40
DB01616,MESH:D015746,0
DB01084,MESH:D001424,40
DB01084,MESH:D002819,40
DB01084,MESH:D007035,40
DB00213,MESH:D001471,40
DB00213,MESH:D003967,40
DB00213,MESH:D004487,40
DB00213,MESH:D004941,40
DB00213,MESH:D004942,40
DB00213,MESH:D005764,40
DB00213,MESH:D006471,40
DB00213,MESH:D006505,40
DB00213,MESH:D008113,40
DB00213,MESH:D009135,40
DB00213,MESH:D009325,40
DB00213,MESH:D009395,40
DB00213,MESH:D012008,40
DB00213,MESH:D013262,40
DB00213,MESH:D013276,40
DB00213,MESH:D013651,40
DB00213,MESH:D014456,40
DB00213,MESH:D014839,40
DB00213,MESH:D015746,40
DB00213,MESH:D016481,40
DB00213,MESH:D018442,40
DB00213,MESH:D056486,40
DB00213,MESH:D058186,40
DB08828,MESH:D001478,40
DB08828,MESH:D002280,0
DB08828,MESH:D002289,40
DB08828,MESH:D016142,40
DB08828,MESH:D055752,40
DB06144,MESH:D001480,40
DB06144,MESH:D006948,40
DB06144,MESH:D007319,40
DB06144,MESH:D008133,40
DB06144,MESH:D012559,40
DB01267,MESH:D001480,40
DB01267,MESH:D001523,40
DB01267,MESH:D006948,40
DB01267,MESH:D006966,40
DB01267,MESH:D010302,40
DB01267,MESH:D010554,40
DB01267,MESH:D012559,40
DB01267,MESH:D015430,40
DB01267,MESH:D019956,40
DB11757,MESH:D001480,40
DB11757,MESH:D002545,40
DB11757,MESH:D004409,40
DB11757,MESH:D009127,40
DB11757,MESH:D010300,40
DB11757,MESH:D014202,40
DB11757,MESH:D020820,40
DB09225,MESH:D001480,40
DB09225,MESH:D001523,40
DB09225,MESH:D002375,40
DB09225,MESH:D003866,40
DB09225,MESH:D006948,40
DB09225,MESH:D011618,40
DB09225,MESH:D012559,40
DB09225,MESH:D020246,40
DB06216,MESH:D001480,40
DB06216,MESH:D006948,40
DB06216,MESH:D012559,40
DB01080,MESH:D001480,40
DB01080,MESH:D001714,40
DB01080,MESH:D001927,40
DB01080,MESH:D001930,40
DB01080,MESH:D003117,40
DB01080,MESH:D003711,40
DB01080,MESH:D003866,40
DB01080,MESH:D004195,40
DB01080,MESH:D004827,40
DB01080,MESH:D004832,33
DB01080,MESH:D004833,39
DB01080,MESH:D005128,37
DB01080,MESH:D006261,40
DB01080,MESH:D006319,33
DB01080,MESH:D006554,40
DB01080,MESH:D006556,40
DB01080,MESH:D007035,40
DB01080,MESH:D007511,40
DB01080,MESH:D009896,40
DB01080,MESH:D009902,40
DB01080,MESH:D011605,40
DB01080,MESH:D012008,40
DB01080,MESH:D012162,40
DB01080,MESH:D012164,40
DB01080,MESH:D013036,40
DB01080,MESH:D013375,40
DB01080,MESH:D014402,40
DB01080,MESH:D014786,40
DB01080,MESH:D017029,40
DB01080,MESH:D019969,40
DB01080,MESH:D019970,40
DB01080,MESH:D020751,40
DB01080,MESH:D020820,40
DB01080,MESH:D020821,40
DB01080,MESH:D020936,40
DB01080,MESH:D038261,40
DB01080,MESH:D053608,40
DB01080,MESH:D056784,40
DB09286,MESH:D001480,40
DB01184,MESH:D001480,40
DB01184,MESH:D001919,40
DB01184,MESH:D003128,40
DB01184,MESH:D004421,40
DB01184,MESH:D004830,40
DB01184,MESH:D005334,40
DB01184,MESH:D005687,40
DB01184,MESH:D005759,40
DB01184,MESH:D005764,40
DB01184,MESH:D006177,40
DB01184,MESH:D006323,40
DB01184,MESH:D006966,40
DB01184,MESH:D006973,40
DB01184,MESH:D007022,40
DB01184,MESH:D008064,7
DB01184,MESH:D008133,40
DB01184,MESH:D008881,40
DB01184,MESH:D009069,40
DB01184,MESH:D009127,40
DB01184,MESH:D009325,40
DB01184,MESH:D010146,40
DB01184,MESH:D010911,40
DB01184,MESH:D013272,40
DB01184,MESH:D013375,40
DB01184,MESH:D014103,40
DB01184,MESH:D014277,40
DB01184,MESH:D014456,40
DB01184,MESH:D014693,40
DB01184,MESH:D014839,40
DB01184,MESH:D016757,40
DB01184,MESH:D017180,40
DB01184,MESH:D018589,40
DB00623,MESH:D001480,40
DB00623,MESH:D001523,40
DB00623,MESH:D001714,40
DB00623,MESH:D001764,40
DB00623,MESH:D002375,40
DB00623,MESH:D002389,40
DB00623,MESH:D006948,40
DB00623,MESH:D006966,40
DB00623,MESH:D007010,37
DB00623,MESH:D007172,40
DB00623,MESH:D007177,40
DB00623,MESH:D007232,18
DB00623,MESH:D008569,40
DB00623,MESH:D009069,40
DB00623,MESH:D009127,40
DB00623,MESH:D009422,40
DB00623,MESH:D010259,40
DB00623,MESH:D010302,40
DB00623,MESH:D011297,40
DB00623,MESH:D011595,40
DB00623,MESH:D011605,40
DB00623,MESH:D012559,40
DB00623,MESH:D012640,40
DB00623,MESH:D012893,40
DB00623,MESH:D013313,40
DB00623,MESH:D013342,40
DB00623,MESH:D013610,40
DB00623,MESH:D014202,40
DB00623,MESH:D014839,40
DB00623,MESH:D019965,40
DB00623,MESH:D019970,40
DB00623,MESH:D020821,40
DB00623,MESH:D053608,40
DB00376,MESH:D001480,40
DB00376,MESH:D001714,40
DB00376,MESH:D001766,40
DB00376,MESH:D001919,40
DB00376,MESH:D001927,40
DB00376,MESH:D002375,40
DB00376,MESH:D002389,40
DB00376,MESH:D003072,40
DB00376,MESH:D003128,40
DB00376,MESH:D004401,40
DB00376,MESH:D004409,40
DB00376,MESH:D004421,40
DB00376,MESH:D006212,40
DB00376,MESH:D006948,40
DB00376,MESH:D007177,40
DB00376,MESH:D008569,40
DB00376,MESH:D009069,40
DB00376,MESH:D009127,40
DB00376,MESH:D009135,40
DB00376,MESH:D009157,40
DB00376,MESH:D010300,40
DB00376,MESH:D010302,40
DB00376,MESH:D011595,40
DB00376,MESH:D011605,40
DB00376,MESH:D012120,40
DB00376,MESH:D012559,40
DB00376,MESH:D012640,40
DB00376,MESH:D013035,40
DB00376,MESH:D013375,40
DB00376,MESH:D014103,40
DB00376,MESH:D014202,40
DB00376,MESH:D014786,40
DB00376,MESH:D015812,0
DB00376,MESH:D015877,40
DB00376,MESH:D016171,40
DB00376,MESH:D018476,40
DB00376,MESH:D019966,40
DB00376,MESH:D020734,40
DB00376,MESH:D020821,40
DB00376,MESH:D062787,40
DB00508,MESH:D001480,0
DB08922,MESH:D002375,40
DB08922,MESH:D006948,40
DB08922,MESH:D008064,40
DB08922,MESH:D012559,40
DB00392,MESH:D001480,40
DB00392,MESH:D004409,40
DB00392,MESH:D010300,40
DB00392,MESH:D012640,40
DB00392,MESH:D020734,40
DB00387,MESH:D001480,40
DB00387,MESH:D002819,40
DB00387,MESH:D003072,40
DB00387,MESH:D004409,40
DB00387,MESH:D006261,40
DB00387,MESH:D007859,40
DB00387,MESH:D008569,40
DB00387,MESH:D009127,40
DB00387,MESH:D010259,40
DB00387,MESH:D010302,40
DB00387,MESH:D011595,40
DB00387,MESH:D012559,40
DB00387,MESH:D014202,40
DB00387,MESH:D016055,29
DB00387,MESH:D020734,40
DB01624,MESH:D001523,40
DB01624,MESH:D001714,40
DB01624,MESH:D004421,40
DB01624,MESH:D006212,40
DB01624,MESH:D009069,40
DB01624,MESH:D010302,40
DB01624,MESH:D011618,40
DB01624,MESH:D012563,40
DB01624,MESH:D018883,40
DB00810,MESH:D001480,40
DB00810,MESH:D001714,40
DB00810,MESH:D001919,40
DB00810,MESH:D002375,40
DB00810,MESH:D003680,40
DB00810,MESH:D004401,40
DB00810,MESH:D004421,40
DB00810,MESH:D007319,40
DB00810,MESH:D009069,40
DB00810,MESH:D009437,40
DB00810,MESH:D010300,40
DB00810,MESH:D010302,40
DB00810,MESH:D011595,40
DB00810,MESH:D011618,40
DB00810,MESH:D012021,40
DB00810,MESH:D012559,40
DB00810,MESH:D012640,40
DB00810,MESH:D013375,40
DB00810,MESH:D014103,40
DB00810,MESH:D014202,40
DB00810,MESH:D019964,40
DB00810,MESH:D020821,40
DB00875,MESH:D001480,40
DB00875,MESH:D001523,40
DB00875,MESH:D001714,40
DB00875,MESH:D001927,40
DB00875,MESH:D002819,40
DB00875,MESH:D003866,40
DB00875,MESH:D004409,40
DB00875,MESH:D005234,40
DB00875,MESH:D006556,13
DB00875,MESH:D006948,40
DB00875,MESH:D006949,13
DB00875,MESH:D007174,40
DB00875,MESH:D007859,40
DB00875,MESH:D008064,40
DB00875,MESH:D009069,40
DB00875,MESH:D010259,40
DB00875,MESH:D010302,40
DB00875,MESH:D011605,40
DB00875,MESH:D011618,40
DB00875,MESH:D012131,35
DB00875,MESH:D012559,40
DB00875,MESH:D012640,40
DB00875,MESH:D019970,40
DB00737,MESH:D002493,40
DB00737,MESH:D003072,40
DB00737,MESH:D006212,40
DB00737,MESH:D009325,38
DB00737,MESH:D013375,40
DB01623,MESH:D001480,40
DB01623,MESH:D001523,40
DB01623,MESH:D001714,40
DB01623,MESH:D002375,40
DB01623,MESH:D002389,40
DB01623,MESH:D003680,40
DB01623,MESH:D003866,40
DB01623,MESH:D004421,40
DB01623,MESH:D005334,40
DB01623,MESH:D006212,40
DB01623,MESH:D006948,40
DB01623,MESH:D006973,40
DB01623,MESH:D009069,40
DB01623,MESH:D009127,40
DB01623,MESH:D012559,40
DB01623,MESH:D013064,40
DB01623,MESH:D013610,40
DB01623,MESH:D014202,40
DB01623,MESH:D019964,40
DB01623,MESH:D020734,40
DB01623,MESH:D053609,40
DB01623,MESH:D056486,40
DB00621,MESH:D001523,1
DB00621,MESH:D002056,40
DB00621,MESH:D004932,40
DB00621,MESH:D007172,5
DB00621,MESH:D010437,40
DB00621,MESH:D012640,40
DB00621,MESH:D019247,40
DB00609,MESH:D001523,40
DB00609,MESH:D001927,40
DB00609,MESH:D005767,40
DB00609,MESH:D007177,40
DB00609,MESH:D014376,40
DB00609,MESH:D056486,40
DB00726,MESH:D001714,40
DB00726,MESH:D004830,40
DB00726,MESH:D008288,40
DB00726,MESH:D012640,40
DB01403,MESH:D001523,40
DB01403,MESH:D001919,40
DB01403,MESH:D003128,40
DB01403,MESH:D004211,32
DB01403,MESH:D004409,40
DB01403,MESH:D004417,40
DB01403,MESH:D004421,40
DB01403,MESH:D004830,40
DB01403,MESH:D006212,40
DB01403,MESH:D006323,40
DB01403,MESH:D006331,40
DB01403,MESH:D007035,40
DB01403,MESH:D007177,40
DB01403,MESH:D007319,40
DB01403,MESH:D009336,40
DB01403,MESH:D010146,40
DB01403,MESH:D010149,40
DB01403,MESH:D010302,40
DB01403,MESH:D010554,40
DB01403,MESH:D011183,40
DB01403,MESH:D011605,40
DB01403,MESH:D011618,40
DB01403,MESH:D012148,40
DB01403,MESH:D012559,40
DB01403,MESH:D012640,40
DB01403,MESH:D013064,40
DB01403,MESH:D014652,40
DB01403,MESH:D016171,40
DB01403,MESH:D017116,40
DB01403,MESH:D017180,40
DB01403,MESH:D053608,40
DB01171,MESH:D001523,40
DB01171,MESH:D001714,40
DB01171,MESH:D003865,40
DB01171,MESH:D003866,40
DB01171,MESH:D006323,40
DB01171,MESH:D007022,40
DB01171,MESH:D007035,30
DB01171,MESH:D007319,40
DB01171,MESH:D008133,40
DB01171,MESH:D062787,40
DB09185,MESH:D001523,40
DB00234,MESH:D001523,40
DB00234,MESH:D001714,40
DB00234,MESH:D003865,40
DB00234,MESH:D003866,40
DB00234,MESH:D007024,40
DB00234,MESH:D007319,40
DB00234,MESH:D013375,40
DB00234,MESH:D016055,0
DB00234,MESH:D019969,40
DB00830,MESH:D004211,40
DB00830,MESH:D006261,40
DB00830,MESH:D010292,40
DB00830,MESH:D011605,40
DB00830,MESH:D012206,40
DB00830,MESH:D012769,40
DB00830,MESH:D014839,40
DB00830,MESH:D015746,40
DB00830,MESH:D023341,40
DB00535,MESH:D001649,40
DB00535,MESH:D005076,40
DB00535,MESH:D005334,40
DB00535,MESH:D007683,40
DB00535,MESH:D007970,3
DB00535,MESH:D009395,40
DB00535,MESH:D013262,40
DB00535,MESH:D056486,40
DB00218,MESH:D001649,40
DB00218,MESH:D002177,40
DB00218,MESH:D003371,40
DB00218,MESH:D003704,40
DB00218,MESH:D003967,40
DB00218,MESH:D005334,40
DB00218,MESH:D008133,40
DB00218,MESH:D009395,40
DB00218,MESH:D009846,40
DB00218,MESH:D011014,40
DB00218,MESH:D011537,40
DB00218,MESH:D012141,40
DB00218,MESH:D012772,40
DB00218,MESH:D013262,40
DB00218,MESH:D014839,40
DB00218,MESH:D016171,40
DB00218,MESH:D029481,40
DB00218,MESH:D058186,40
DB00207,MESH:D001649,40
DB00207,MESH:D001766,40
DB00207,MESH:D001919,40
DB00207,MESH:D002389,40
DB00207,MESH:D002690,40
DB00207,MESH:D002780,40
DB00207,MESH:D003866,40
DB00207,MESH:D003967,40
DB00207,MESH:D004892,40
DB00207,MESH:D005076,40
DB00207,MESH:D005141,40
DB00207,MESH:D005334,40
DB00207,MESH:D006311,40
DB00207,MESH:D006319,40
DB00207,MESH:D006323,40
DB00207,MESH:D006327,40
DB00207,MESH:D006505,40
DB00207,MESH:D006940,40
DB00207,MESH:D007010,40
DB00207,MESH:D007177,40
DB00207,MESH:D007249,40
DB00207,MESH:D007251,0
DB00207,MESH:D007592,40
DB00207,MESH:D007964,40
DB00207,MESH:D008064,40
DB00207,MESH:D008133,40
DB00207,MESH:D008581,40
DB00207,MESH:D009135,40
DB00207,MESH:D009157,40
DB00207,MESH:D009164,40
DB00207,MESH:D009325,40
DB00207,MESH:D009395,40
DB00207,MESH:D010146,40
DB00207,MESH:D011008,40
DB00207,MESH:D011014,40
DB00207,MESH:D011507,40
DB00207,MESH:D011537,40
DB00207,MESH:D011605,40
DB00207,MESH:D012131,40
DB00207,MESH:D012141,40
DB00207,MESH:D014012,40
DB00207,MESH:D014581,40
DB00207,MESH:D014839,40
DB00207,MESH:D015427,40
DB00207,MESH:D015746,40
DB00207,MESH:D016171,40
DB00207,MESH:D016470,40
DB00207,MESH:D017180,40
DB00207,MESH:D018771,40
DB00207,MESH:D019966,40
DB00207,MESH:D029481,40
DB00207,MESH:D034381,40
DB00207,MESH:D058186,40
DB00207,MESH:D058447,40
DB00207,MESH:D062787,40
DB08995,MESH:D001651,0
DB08995,MESH:D003921,40
DB08995,MESH:D003924,40
DB08995,MESH:D006501,40
DB08995,MESH:D006529,40
DB08995,MESH:D008105,40
DB08995,MESH:D009336,40
DB08995,MESH:D048629,40
DB14487,MESH:D001651,40
DB14487,MESH:D002780,40
DB14487,MESH:D004195,40
DB14487,MESH:D006527,40
DB01601,MESH:D001714,40
DB01601,MESH:D005198,40
DB01601,MESH:D009164,26
DB01601,MESH:D009503,40
DB01601,MESH:D013226,40
DB01601,MESH:D015658,40
DB01601,MESH:D018500,40
DB01601,MESH:D024821,40
DB01601,MESH:D039682,40
DB01601,MESH:D051437,40
DB01601,MESH:D056486,40
DB00344,MESH:D001714,40
DB00344,MESH:D002375,40
DB00344,MESH:D004827,40
DB00344,MESH:D007024,40
DB00344,MESH:D007172,40
DB00344,MESH:D013375,40
DB00344,MESH:D014012,40
DB00344,MESH:D014202,40
DB00344,MESH:D014693,40
DB00344,MESH:D017180,40
DB01215,MESH:D007319,40
DB04844,MESH:D001714,40
DB04844,MESH:D001763,40
DB04844,MESH:D002819,40
DB04844,MESH:D003866,40
DB04844,MESH:D004195,40
DB04844,MESH:D004409,40
DB04844,MESH:D005141,0
DB04844,MESH:D005879,37
DB04844,MESH:D006816,40
DB04844,MESH:D006948,40
DB04844,MESH:D007022,40
DB04844,MESH:D007319,40
DB04844,MESH:D009069,40
DB04844,MESH:D010302,40
DB04844,MESH:D012798,40
DB04844,MESH:D014103,40
DB04844,MESH:D016584,40
DB04844,MESH:D018476,40
DB04844,MESH:D020734,40
DB04844,MESH:D020820,40
DB06756,MESH:D001724,0
DB06756,MESH:D003711,40
DB06756,MESH:D005235,40
DB06756,MESH:D005334,40
DB06756,MESH:D006712,0
DB06756,MESH:D007249,40
DB06756,MESH:D008106,40
DB06756,MESH:D008113,40
DB06756,MESH:D008569,40
DB06756,MESH:D008661,40
DB06756,MESH:D009203,40
DB06756,MESH:D009436,40
DB06756,MESH:D011833,0
DB06756,MESH:D013610,40
DB06756,MESH:D017202,40
DB06756,MESH:D048550,40
DB06756,MESH:D056486,40
DB01428,MESH:D001724,40
DB01419,MESH:D010003,40
DB01419,MESH:D010146,40
DB00179,MESH:D001745,40
DB00179,MESH:D001943,40
DB00179,MESH:D003110,40
DB00179,MESH:D004487,40
DB00179,MESH:D006930,40
DB00179,MESH:D007251,40
DB00179,MESH:D007674,40
DB00179,MESH:D009374,40
DB00179,MESH:D010146,40
DB00179,MESH:D011471,40
DB00179,MESH:D011507,40
DB00179,MESH:D052177,0
DB00429,MESH:D001745,40
DB00429,MESH:D006470,0
DB06196,MESH:D001745,0
DB06196,MESH:D005119,40
DB06196,MESH:D006930,40
DB06196,MESH:D006940,0
DB06196,MESH:D006941,40
DB06196,MESH:D010146,40
DB06196,MESH:D013927,40
DB06196,MESH:D054179,40
DB06196,MESH:D056486,40
DB06196,MESH:D058186,40
DB01036,MESH:D001748,40
DB01036,MESH:D003072,40
DB01036,MESH:D006212,40
DB01036,MESH:D006973,40
DB01036,MESH:D007177,40
DB01036,MESH:D016055,40
DB01036,MESH:D020521,40
DB00170,MESH:D001749,40
DB00170,MESH:D002277,40
DB00170,MESH:D008114,0
DB00170,MESH:D008545,40
DB00170,MESH:D009336,14
DB00170,MESH:D011471,40
DB00170,MESH:D012128,40
DB00170,MESH:D056486,40
DB12001,MESH:D001749,40
DB12001,MESH:D001943,40
DB00805,MESH:D001763,40
DB00805,MESH:D002375,0
DB00805,MESH:D003866,40
DB01010,MESH:D001919,40
DB01010,MESH:D002637,40
DB01010,MESH:D006323,40
DB01010,MESH:D007022,40
DB01010,MESH:D009157,40
DB01010,MESH:D009468,40
DB01010,MESH:D010243,40
DB01010,MESH:D013617,40
DB01010,MESH:D018908,40
DB09166,MESH:D001764,0
DB09166,MESH:D003865,40
DB09166,MESH:D012640,40
DB00266,MESH:D001766,40
DB00266,MESH:D002305,40
DB00266,MESH:D002543,40
DB00266,MESH:D002779,40
DB00266,MESH:D003967,40
DB00266,MESH:D006417,40
DB00266,MESH:D008545,40
DB00266,MESH:D009203,40
DB00266,MESH:D009798,40
DB00266,MESH:D010190,40
DB00266,MESH:D011183,40
DB00266,MESH:D013923,40
DB00266,MESH:D013927,40
DB00266,MESH:D017114,40
DB00266,MESH:D020300,40
DB00266,MESH:D020521,40
DB00266,MESH:D058447,40
DB01062,MESH:D001766,40
DB01062,MESH:D002375,40
DB01062,MESH:D003072,40
DB01062,MESH:D006212,40
DB01062,MESH:D008569,40
DB01062,MESH:D012640,40
DB01062,MESH:D020521,40
DB01062,MESH:D053201,40
DB04838,MESH:D001766,40
DB12328,MESH:D001768,0
DB12328,MESH:D004487,40
DB12328,MESH:D008175,40
DB12442,MESH:D001778,40
DB12442,MESH:D006930,40
DB12442,MESH:D007022,40
DB12442,MESH:D009102,40
DB12442,MESH:D019446,40
DB00035,MESH:D002544,40
DB00035,MESH:D003128,40
DB00035,MESH:D003550,40
DB00035,MESH:D003919,40
DB00035,MESH:D006408,40
DB00035,MESH:D006474,0
DB00035,MESH:D006973,40
DB00035,MESH:D007010,40
DB00035,MESH:D011141,40
DB00035,MESH:D011655,40
DB00035,MESH:D012640,40
DB00035,MESH:D013921,40
DB00035,MESH:D014869,40
DB00035,MESH:D018500,40
DB00035,MESH:D020246,40
DB00035,MESH:D020521,40
DB00035,MESH:D020767,16
DB00035,MESH:D020790,40
DB13125,MESH:D001791,40
DB00884,MESH:D001847,40
DB00884,MESH:D008654,40
DB00884,MESH:D010024,40
DB00884,MESH:D015663,40
DB06789,MESH:D001851,40
DB06789,MESH:D002277,40
DB06789,MESH:D004714,40
DB06789,MESH:D007248,40
DB06789,MESH:D007752,40
DB06789,MESH:D008106,40
DB06789,MESH:D009374,40
DB06789,MESH:D009376,40
DB06789,MESH:D010922,40
DB06789,MESH:D011230,40
DB06789,MESH:D011248,40
DB06789,MESH:D013927,40
DB06789,MESH:D015663,40
DB06789,MESH:D016471,40
DB06789,MESH:D016640,40
DB06789,MESH:D016889,40
DB06789,MESH:D018149,40
DB06789,MESH:D047928,40
DB06263,MESH:D001855,40
DB06693,MESH:D001862,40
DB00724,MESH:D001913,40
DB00724,MESH:D002280,0
DB00724,MESH:D002294,40
DB00724,MESH:D004195,40
DB00724,MESH:D004890,40
DB00724,MESH:D006391,40
DB00724,MESH:D007057,40
DB00724,MESH:D007249,0
DB00724,MESH:D007642,40
DB00724,MESH:D011565,26
DB00724,MESH:D012514,40
DB00724,MESH:D012871,40
DB00724,MESH:D014657,40
DB00724,MESH:D017496,40
DB06707,MESH:D001919,40
DB06707,MESH:D006973,40
DB06707,MESH:D007022,40
DB06707,MESH:D009203,40
DB06707,MESH:D011654,40
DB08868,MESH:D001919,40
DB08868,MESH:D008133,40
DB08868,MESH:D009103,40
DB08868,MESH:D009336,40
DB08868,MESH:D009361,0
DB08868,MESH:D009436,40
DB08868,MESH:D011658,40
DB08868,MESH:D015464,0
DB08868,MESH:D020244,40
DB08868,MESH:D020529,40
DB08868,MESH:D050197,0
DB08868,MESH:D055371,40
DB09477,MESH:D003093,0
DB09477,MESH:D006332,40
DB09477,MESH:D006943,40
DB09477,MESH:D006973,40
DB09477,MESH:D007022,40
DB09477,MESH:D008133,40
DB09477,MESH:D009202,40
DB09477,MESH:D013610,40
DB09477,MESH:D014652,40
DB09477,MESH:D017379,40
DB01246,MESH:D001919,40
DB01246,MESH:D007022,40
DB01246,MESH:D013398,40
DB00723,MESH:D001919,40
DB00723,MESH:D002375,40
DB00723,MESH:D003324,40
DB00723,MESH:D006261,40
DB00723,MESH:D006331,40
DB00723,MESH:D006948,40
DB00723,MESH:D006973,40
DB00723,MESH:D007022,40
DB00723,MESH:D009336,40
DB00723,MESH:D011654,40
DB00723,MESH:D014693,40
DB00723,MESH:D017202,40
DB01210,MESH:D002318,40
DB01210,MESH:D005901,40
DB01210,MESH:D010146,40
DB01210,MESH:D013262,40
DB01210,MESH:D013610,40
DB01210,MESH:D054537,40
DB06711,MESH:D001919,40
DB06711,MESH:D006973,40
DB06711,MESH:D011654,40
DB00527,MESH:D001919,40
DB00527,MESH:D007022,40
DB00527,MESH:D008064,40
DB00527,MESH:D010146,40
DB00527,MESH:D012640,40
DB00527,MESH:D017180,40
DB00527,MESH:D054537,12
DB04948,MESH:D001919,40
DB04948,MESH:D006556,40
DB04948,MESH:D007022,40
DB04948,MESH:D008133,40
DB04948,MESH:D009293,40
DB04948,MESH:D019970,40
DB08838,MESH:D002544,40
DB08838,MESH:D004681,40
DB08838,MESH:D005234,40
DB08838,MESH:D006930,40
DB08838,MESH:D006973,40
DB08838,MESH:D009021,40
DB08838,MESH:D009293,40
DB08838,MESH:D009336,40
DB08838,MESH:D010146,40
DB08838,MESH:D013375,40
DB08838,MESH:D013610,40
DB08838,MESH:D056486,40
DB04861,MESH:D001919,40
DB04861,MESH:D005357,40
DB04861,MESH:D006973,40
DB04861,MESH:D010024,40
DB04861,MESH:D018487,40
DB04861,MESH:D050197,40
DB04861,MESH:D054143,40
DB04861,MESH:D058426,0
DB00953,MESH:D001919,40
DB00953,MESH:D006930,40
DB00953,MESH:D007022,40
DB00953,MESH:D008881,40
DB00953,MESH:D009325,40
DB00953,MESH:D010146,40
DB00953,MESH:D013262,9
DB00953,MESH:D020326,40
DB00964,MESH:D003229,40
DB00964,MESH:D003316,0
DB00964,MESH:D005141,40
DB00964,MESH:D005902,40
DB00964,MESH:D009798,38
DB00964,MESH:D053609,40
DB00857,MESH:D001919,40
DB00857,MESH:D002779,40
DB00857,MESH:D002780,40
DB00857,MESH:D005076,40
DB00857,MESH:D005334,40
DB00857,MESH:D006261,40
DB00857,MESH:D006505,40
DB00857,MESH:D006529,40
DB00857,MESH:D008103,40
DB00857,MESH:D008113,40
DB00857,MESH:D009325,40
DB00857,MESH:D010198,40
DB00857,MESH:D013262,40
DB00857,MESH:D013921,40
DB00857,MESH:D015746,40
DB00857,MESH:D017114,40
DB00857,MESH:D056486,40
DB00670,MESH:D001919,40
DB00670,MESH:D002375,40
DB00670,MESH:D004381,0
DB00670,MESH:D008569,40
DB00670,MESH:D009127,40
DB00670,MESH:D009216,40
DB00670,MESH:D010437,40
DB00670,MESH:D012640,40
DB00670,MESH:D013276,40
DB00670,MESH:D014202,40
DB01170,MESH:D001919,40
DB01170,MESH:D002544,40
DB01170,MESH:D003866,40
DB01170,MESH:D003967,40
DB01170,MESH:D004417,9
DB01170,MESH:D005221,40
DB01170,MESH:D005901,0
DB01170,MESH:D006261,40
DB01170,MESH:D006323,40
DB01170,MESH:D006930,40
DB01170,MESH:D006973,40
DB01170,MESH:D007022,40
DB01170,MESH:D007024,40
DB01170,MESH:D009203,40
DB01170,MESH:D009410,40
DB01170,MESH:D013035,40
DB01170,MESH:D013375,40
DB01170,MESH:D017180,40
DB01170,MESH:D018908,12
DB01192,MESH:D003248,40
DB01192,MESH:D003371,25
DB01192,MESH:D005221,40
DB01192,MESH:D005334,40
DB01192,MESH:D006261,40
DB01192,MESH:D007319,40
DB01192,MESH:D009325,40
DB01192,MESH:D010146,40
DB01192,MESH:D011537,40
DB01192,MESH:D014839,40
DB01192,MESH:D016055,39
DB01192,MESH:D017116,40
DB00067,MESH:D001919,40
DB00067,MESH:D006417,0
DB00067,MESH:D006470,40
DB00067,MESH:D007022,40
DB00067,MESH:D007683,40
DB00067,MESH:D017202,40
DB00756,MESH:D001927,40
DB00756,MESH:D001929,40
DB00756,MESH:D002493,39
DB00756,MESH:D003711,40
DB00756,MESH:D003967,40
DB00756,MESH:D004890,40
DB00756,MESH:D007022,37
DB00756,MESH:D007235,40
DB00756,MESH:D009325,40
DB00756,MESH:D009422,40
DB00756,MESH:D009896,40
DB00756,MESH:D010243,36
DB00756,MESH:D010523,40
DB00756,MESH:D013118,40
DB00756,MESH:D014786,40
DB00756,MESH:D014839,40
DB00756,MESH:D015431,40
DB01004,MESH:D001927,40
DB01004,MESH:D003586,23
DB01004,MESH:D004660,38
DB01004,MESH:D005221,40
DB01004,MESH:D006212,40
DB01004,MESH:D006509,40
DB01004,MESH:D006934,40
DB01004,MESH:D009374,0
DB01004,MESH:D011605,2
DB01004,MESH:D012164,40
DB01004,MESH:D013262,40
DB01004,MESH:D014786,40
DB01004,MESH:D017088,40
DB01004,MESH:D017180,40
DB01004,MESH:D028361,2
DB01004,MESH:D056486,40
DB01004,MESH:D058186,40
DB01605,MESH:D014552,40
DB01605,MESH:D022124,0
DB01605,MESH:D053608,40
DB00132,MESH:D001930,40
DB00132,MESH:D003866,31
DB00132,MESH:D007249,40
DB00132,MESH:D009069,40
DB00132,MESH:D009422,40
DB00132,MESH:D014652,40
DB00132,MESH:D056486,40
DB08799,MESH:D001930,40
DB08799,MESH:D013226,40
DB08834,MESH:D001930,40
DB08834,MESH:D002543,14
DB08834,MESH:D002779,40
DB08834,MESH:D003072,40
DB08834,MESH:D005234,40
DB08834,MESH:D009203,40
DB08834,MESH:D009336,40
DB08834,MESH:D012162,40
DB08834,MESH:D018149,40
DB08834,MESH:D019636,40
DB08834,MESH:D019954,40
DB08834,MESH:D056486,40
DB06204,MESH:D001930,40
DB06204,MESH:D005234,40
DB06204,MESH:D006331,40
DB06204,MESH:D006470,40
DB06204,MESH:D009336,40
DB06204,MESH:D009410,40
DB06204,MESH:D010146,40
DB06204,MESH:D011507,40
DB06204,MESH:D056486,40
DB01614,MESH:D007035,40
DB01614,MESH:D053609,40
DB00733,MESH:D001930,0
DB00733,MESH:D004830,40
DB00733,MESH:D010243,35
DB00733,MESH:D012640,40
DB00733,MESH:D013226,40
DB00733,MESH:D014786,40
DB00733,MESH:D020258,25
DB00990,MESH:D001943,40
DB00990,MESH:D003072,3
DB00990,MESH:D008569,40
DB04960,MESH:D001943,40
DB04960,MESH:D007249,40
DB04960,MESH:D008175,40
DB04960,MESH:D008325,32
DB04960,MESH:D009374,40
DB04960,MESH:D012878,40
DB11641,MESH:D001943,40
DB01126,MESH:D001943,40
DB01126,MESH:D008064,40
DB01126,MESH:D011470,40
DB01126,MESH:D011471,40
DB01126,MESH:D064129,0
DB01083,MESH:D002277,40
DB01083,MESH:D002779,40
DB01083,MESH:D003110,40
DB01083,MESH:D003865,40
DB01083,MESH:D003924,40
DB01083,MESH:D003967,40
DB01083,MESH:D005767,40
DB01083,MESH:D006333,40
DB01083,MESH:D006505,40
DB01083,MESH:D006937,40
DB01083,MESH:D006949,40
DB01083,MESH:D006973,40
DB01083,MESH:D007333,40
DB01083,MESH:D008064,40
DB01083,MESH:D008103,40
DB01083,MESH:D008207,40
DB01083,MESH:D008286,40
DB01083,MESH:D008545,40
DB01083,MESH:D009135,40
DB01083,MESH:D009369,40
DB01083,MESH:D009374,40
DB01083,MESH:D009389,40
DB01083,MESH:D009397,40
DB01083,MESH:D010195,40
DB01083,MESH:D011471,40
DB01083,MESH:D012035,40
DB01083,MESH:D013274,38
DB01083,MESH:D015179,40
DB01083,MESH:D015431,40
DB01083,MESH:D015451,40
DB01083,MESH:D017093,40
DB01083,MESH:D018771,40
DB01083,MESH:D024821,40
DB01083,MESH:D047508,40
DB01083,MESH:D048909,40
DB01083,MESH:D050197,40
DB01083,MESH:D065626,28
DB13953,MESH:D001943,40
DB13953,MESH:D002493,40
DB13953,MESH:D006948,40
DB13953,MESH:D006984,40
DB13953,MESH:D008325,37
DB13953,MESH:D009422,40
DB13953,MESH:D011297,40
DB13953,MESH:D011507,40
DB13953,MESH:D015175,32
DB13953,MESH:D015427,40
DB13953,MESH:D015430,40
DB13953,MESH:D015431,40
DB13953,MESH:D019970,40
DB13953,MESH:D058186,40
DB00336,MESH:D001943,40
DB00336,MESH:D009362,40
DB00336,MESH:D009369,40
DB00336,MESH:D010051,40
DB00336,MESH:D010291,40
DB00336,MESH:D011115,0
DB00336,MESH:D012513,40
DB00336,MESH:D018239,40
DB00336,MESH:D058186,40
DB11431,MESH:D001943,40
DB11431,MESH:D004283,40
DB00539,MESH:D001943,40
DB00539,MESH:D002292,40
DB00539,MESH:D008064,40
DB00539,MESH:D010911,40
DB00539,MESH:D011230,20
DB00539,MESH:D013736,40
DB00539,MESH:D020246,40
DB00539,MESH:D052776,40
DB00539,MESH:D065626,12
DB02342,MESH:D005355,0
DB02342,MESH:D006332,40
DB02342,MESH:D006976,0
DB02342,MESH:D011470,40
DB01259,MESH:D009374,40
DB01259,MESH:D013274,40
DB01259,MESH:D018487,40
DB00140,MESH:D001943,40
DB00140,MESH:D002386,40
DB00140,MESH:D006261,40
DB00140,MESH:D006529,3
DB00140,MESH:D006951,40
DB00140,MESH:D008881,40
DB00140,MESH:D009369,40
DB00140,MESH:D010523,40
DB00140,MESH:D015228,40
DB00140,MESH:D019954,40
DB09074,MESH:D001943,40
DB04574,MESH:D001943,40
DB00398,MESH:D001943,40
DB00398,MESH:D002292,40
DB00398,MESH:D003329,40
DB00398,MESH:D003967,40
DB00398,MESH:D005221,40
DB00398,MESH:D005767,40
DB00398,MESH:D006461,40
DB00398,MESH:D006501,23
DB00398,MESH:D006528,40
DB00398,MESH:D006973,40
DB00398,MESH:D007938,40
DB00398,MESH:D008080,40
DB00398,MESH:D008113,40
DB00398,MESH:D008114,40
DB00398,MESH:D008527,0
DB00398,MESH:D008654,40
DB00398,MESH:D009202,40
DB00398,MESH:D009369,40
DB00398,MESH:D009374,40
DB00398,MESH:D010051,40
DB00398,MESH:D012871,40
DB00398,MESH:D013262,40
DB00398,MESH:D013274,40
DB00398,MESH:D013280,40
DB00398,MESH:D015431,40
DB00398,MESH:D015464,40
DB00398,MESH:D015470,40
DB00398,MESH:D016889,40
DB00398,MESH:D017674,40
DB00398,MESH:D046152,36
DB00398,MESH:D054038,40
DB00398,MESH:D056486,40
DB00467,MESH:D001987,40
DB00467,MESH:D004827,40
DB00467,MESH:D004830,40
DB00467,MESH:D012640,40
DB00467,MESH:D016870,40
DB01022,MESH:D002114,40
DB01022,MESH:D002543,40
DB01022,MESH:D003875,40
DB01022,MESH:D004485,40
DB01022,MESH:D006406,0
DB01022,MESH:D006973,40
DB01022,MESH:D012594,40
DB01022,MESH:D020300,40
DB00760,MESH:D002177,40
DB00760,MESH:D004927,40
DB00760,MESH:D005076,40
DB00760,MESH:D007249,40
DB00760,MESH:D008581,40
DB00760,MESH:D009325,40
DB00760,MESH:D011014,40
DB00760,MESH:D012640,40
DB00760,MESH:D013922,40
DB00760,MESH:D014839,40
DB00760,MESH:D016908,40
DB01141,MESH:D002177,40
DB01141,MESH:D002779,38
DB01141,MESH:D005076,40
DB01141,MESH:D006261,40
DB01141,MESH:D006323,40
DB01141,MESH:D006461,40
DB01141,MESH:D007022,40
DB01141,MESH:D013262,40
DB01141,MESH:D056486,40
DB01141,MESH:D058186,40
DB01208,MESH:D002181,40
DB01208,MESH:D003967,40
DB01208,MESH:D006261,40
DB01208,MESH:D008133,40
DB01208,MESH:D009325,40
DB01208,MESH:D011018,40
DB01208,MESH:D011472,40
DB01208,MESH:D012640,40
DB01208,MESH:D013262,40
DB01208,MESH:D014552,40
DB01208,MESH:D014693,40
DB01208,MESH:D016171,40
DB06777,MESH:D003110,40
DB06777,MESH:D003967,40
DB06777,MESH:D005706,0
DB06777,MESH:D008103,40
DB06777,MESH:D008106,40
DB06777,MESH:D008107,40
DB06777,MESH:D009336,40
DB06777,MESH:D014376,0
DB06777,MESH:D056486,40
DB08916,MESH:D002289,40
DB08916,MESH:D008175,40
DB09330,MESH:D002289,40
DB11737,MESH:D002289,40
DB06626,MESH:D002292,40
DB06626,MESH:D005221,40
DB06626,MESH:D006331,40
DB06626,MESH:D006973,40
DB06626,MESH:D007022,40
DB06626,MESH:D051437,39
DB06626,MESH:D056486,40
DB06626,MESH:D066126,40
DB06589,MESH:D002292,40
DB06589,MESH:D016171,40
DB06589,MESH:D056486,40
DB01179,MESH:D010523,40
DB01179,MESH:D054198,40
DB00796,MESH:D002311,40
DB00796,MESH:D003928,40
DB00796,MESH:D005921,40
DB00796,MESH:D006332,40
DB00796,MESH:D006333,40
DB00796,MESH:D007674,40
DB00796,MESH:D008106,40
DB00796,MESH:D011507,40
DB00796,MESH:D013610,40
DB00796,MESH:D013616,40
DB00796,MESH:D017379,40
DB00796,MESH:D020257,40
DB00796,MESH:D066253,34
DB09072,MESH:D002311,40
DB09072,MESH:D002375,40
DB09072,MESH:D007035,0
DB09072,MESH:D009290,40
DB09072,MESH:D012640,40
DB09072,MESH:D013375,40
DB09072,MESH:D018476,0
DB09072,MESH:D020329,0
DB09072,MESH:D056486,40
DB00284,MESH:D002318,40
DB00284,MESH:D003924,40
DB00284,MESH:D004719,40
DB00284,MESH:D006943,40
DB00284,MESH:D009765,40
DB00284,MESH:D017114,40
DB00284,MESH:D056486,40
DB04854,MESH:D004489,40
DB04854,MESH:D004681,40
DB04854,MESH:D007249,40
DB04854,MESH:D015431,40
DB04854,MESH:D066126,40
DB06719,MESH:D002318,40
DB06536,MESH:D002318,40
DB06536,MESH:D003921,40
DB06536,MESH:D005354,40
DB06536,MESH:D006391,40
DB06536,MESH:D007333,40
DB06536,MESH:D015228,40
DB06536,MESH:D056486,40
DB01048,MESH:D002318,40
DB01048,MESH:D005198,40
DB01048,MESH:D006509,40
DB01048,MESH:D006967,40
DB01048,MESH:D009203,40
DB01048,MESH:D009293,40
DB01048,MESH:D009422,40
DB01048,MESH:D009461,40
DB01048,MESH:D013226,40
DB01048,MESH:D013262,40
DB01048,MESH:D013375,40
DB01048,MESH:D015658,40
DB01048,MESH:D018500,40
DB01048,MESH:D056486,40
DB01166,MESH:D002357,0
DB01166,MESH:D002543,40
DB01166,MESH:D002544,40
DB01166,MESH:D003328,40
DB01166,MESH:D004417,40
DB01166,MESH:D005483,40
DB01166,MESH:D006261,40
DB01166,MESH:D006333,40
DB01166,MESH:D006470,40
DB01166,MESH:D006965,40
DB01166,MESH:D008881,40
DB01166,MESH:D009203,40
DB01166,MESH:D011014,40
DB01166,MESH:D013262,40
DB01166,MESH:D013345,40
DB01166,MESH:D013375,17
DB01166,MESH:D013610,40
DB01166,MESH:D013927,40
DB01166,MESH:D020300,40
DB01166,MESH:D020521,40
DB01166,MESH:D048909,40
DB08818,MESH:D002357,40
DB08818,MESH:D002779,40
DB08818,MESH:D007249,40
DB08818,MESH:D007511,40
DB08818,MESH:D008103,39
DB08818,MESH:D008104,40
DB08818,MESH:D011471,40
DB08818,MESH:D011656,40
DB08818,MESH:D012163,40
DB08818,MESH:D014947,40
DB08818,MESH:D029424,40
DB08818,MESH:D056486,40
DB01253,MESH:D002375,40
DB01253,MESH:D002637,0
DB01253,MESH:D003329,40
DB01253,MESH:D009203,40
DB00939,MESH:D002375,40
DB00939,MESH:D004487,40
DB00939,MESH:D005334,40
DB00939,MESH:D006973,40
DB00939,MESH:D012640,40
DB04926,MESH:D002375,9
DB04926,MESH:D012640,40
DB04926,MESH:D013375,40
DB04926,MESH:D020734,40
DB04888,MESH:D002375,0
DB06800,MESH:D002375,40
DB12278,MESH:D002375,40
DB12278,MESH:D011470,40
DB12278,MESH:D053201,40
DB00854,MESH:D002375,40
DB00854,MESH:D006930,40
DB00854,MESH:D010146,40
DB00854,MESH:D013375,40
DB00854,MESH:D019966,40
DB00837,MESH:D002375,40
DB00837,MESH:D004409,40
DB00837,MESH:D004827,40
DB00837,MESH:D006816,40
DB00837,MESH:D009069,40
DB00837,MESH:D012640,40
DB00837,MESH:D019956,40
DB06262,MESH:D002375,40
DB06262,MESH:D005334,40
DB06262,MESH:D006948,40
DB06262,MESH:D007024,40
DB06262,MESH:D012640,40
DB06262,MESH:D014202,40
DB06262,MESH:D020233,40
DB05316,MESH:D002375,40
DB05316,MESH:D006948,40
DB05316,MESH:D011605,40
DB05316,MESH:D012559,40
DB05316,MESH:D014202,40
DB00413,MESH:D002375,40
DB00413,MESH:D003072,40
DB00413,MESH:D004409,40
DB00413,MESH:D004487,40
DB00413,MESH:D006948,40
DB00413,MESH:D007035,40
DB00413,MESH:D007174,40
DB00413,MESH:D007177,40
DB00413,MESH:D008569,40
DB00413,MESH:D009127,40
DB00413,MESH:D009393,0
DB00413,MESH:D010300,40
DB00413,MESH:D011595,40
DB00413,MESH:D011605,40
DB00413,MESH:D012148,40
DB00413,MESH:D013375,40
DB00413,MESH:D018476,40
DB00413,MESH:D019956,35
DB00413,MESH:D020018,40
DB00413,MESH:D020734,40
DB11186,MESH:D002375,40
DB09238,MESH:D002375,40
DB09238,MESH:D006973,40
DB09238,MESH:D013610,40
DB00403,MESH:D002375,37
DB00403,MESH:D004195,0
DB00403,MESH:D004487,40
DB00403,MESH:D006470,40
DB00403,MESH:D006930,40
DB00403,MESH:D007249,40
DB00403,MESH:D009336,40
DB00403,MESH:D010182,40
DB00403,MESH:D010195,40
DB00403,MESH:D013035,40
DB00403,MESH:D014474,40
DB00403,MESH:D019283,40
DB00403,MESH:D050500,40
DB06694,MESH:D002375,40
DB09304,MESH:D002375,40
DB09304,MESH:D003866,40
DB01367,MESH:D002375,40
DB01367,MESH:D003072,40
DB01367,MESH:D006212,40
DB01367,MESH:D007024,40
DB01367,MESH:D010300,40
DB01367,MESH:D011605,40
DB01367,MESH:D013981,40
DB01367,MESH:D018476,40
DB01367,MESH:D020734,40
DB01367,MESH:D020820,40
DB00591,MESH:D002386,40
DB00591,MESH:D003875,40
DB00591,MESH:D007249,40
DB00591,MESH:D012170,0
DB00591,MESH:D012871,40
DB00591,MESH:D013684,10
DB00591,MESH:D020256,40
DB01622,MESH:D020820,40
DB08908,MESH:D002471,40
DB08908,MESH:D006505,13
DB08908,MESH:D008103,40
DB08908,MESH:D008325,0
DB08908,MESH:D009103,40
DB08908,MESH:D011565,40
DB08908,MESH:D056486,40
DB08899,MESH:D064129,40
DB08899,MESH:D064726,40
DB01602,MESH:D002481,40
DB01602,MESH:D003875,40
DB01602,MESH:D005076,40
DB01602,MESH:D011014,36
DB01602,MESH:D014581,40
DB00792,MESH:D002493,40
DB00792,MESH:D005317,40
DB00792,MESH:D011297,40
DB00792,MESH:D011595,23
DB00792,MESH:D012640,40
DB00792,MESH:D013927,40
DB00792,MESH:D020300,0
DB00792,MESH:D020521,40
DB00427,MESH:D002493,40
DB00427,MESH:D008545,40
DB00427,MESH:D012220,40
DB00427,MESH:D012772,0
DB00484,MESH:D004751,0
DB00484,MESH:D005221,27
DB00484,MESH:D006940,40
DB00484,MESH:D006943,40
DB00484,MESH:D006973,40
DB00484,MESH:D009901,0
DB00484,MESH:D017449,40
DB01073,MESH:D002493,40
DB01073,MESH:D004198,40
DB01073,MESH:D006509,40
DB01073,MESH:D007938,40
DB01073,MESH:D007945,40
DB01073,MESH:D010523,40
DB01073,MESH:D013262,40
DB01073,MESH:D013921,40
DB01073,MESH:D015451,40
DB01073,MESH:D015470,40
DB01073,MESH:D016399,40
DB01073,MESH:D016609,0
DB01073,MESH:D017114,40
DB01073,MESH:D019046,40
DB01073,MESH:D019337,40
DB01073,MESH:D020522,40
DB01437,MESH:D002524,40
DB01437,MESH:D003128,40
DB01437,MESH:D006212,40
DB01437,MESH:D006996,40
DB01437,MESH:D012640,40
DB01437,MESH:D013375,40
DB03880,MESH:D002543,40
DB03880,MESH:D010911,40
DB00217,MESH:D003866,40
DB00217,MESH:D006973,40
DB00217,MESH:D007022,40
DB00217,MESH:D007024,40
DB00217,MESH:D007172,40
DB00217,MESH:D009203,40
DB00217,MESH:D014693,40
DB04840,MESH:D002544,40
DB04840,MESH:D006973,40
DB04840,MESH:D007024,32
DB04840,MESH:D009203,40
DB00691,MESH:D002545,40
DB00691,MESH:D006973,40
DB06712,MESH:D007674,40
DB05229,MESH:D005483,40
DB05229,MESH:D005921,40
DB05229,MESH:D006261,40
DB05229,MESH:D006470,0
DB05229,MESH:D006976,40
DB05229,MESH:D007022,40
DB05229,MESH:D009325,40
DB05229,MESH:D011655,20
DB05229,MESH:D012871,40
DB08814,MESH:D002561,0
DB08814,MESH:D009203,40
DB00476,MESH:D002637,40
DB00476,MESH:D003128,40
DB00476,MESH:D003248,40
DB00476,MESH:D003865,40
DB00476,MESH:D003866,40
DB00476,MESH:D003928,40
DB00476,MESH:D003967,40
DB00476,MESH:D006930,40
DB00476,MESH:D008064,40
DB00476,MESH:D009325,40
DB00476,MESH:D012148,40
DB00476,MESH:D012640,40
DB00476,MESH:D013262,40
DB00476,MESH:D013610,40
DB00476,MESH:D014839,40
DB00476,MESH:D016055,40
DB00476,MESH:D016584,40
DB00476,MESH:D017114,40
DB00476,MESH:D020920,40
DB00476,MESH:D041781,5
DB00476,MESH:D051437,40
DB00476,MESH:D056912,40
DB04953,MESH:D002658,40
DB04953,MESH:D006930,40
DB04953,MESH:D006948,40
DB04953,MESH:D008133,40
DB04953,MESH:D012164,40
DB04953,MESH:D012640,40
DB04953,MESH:D014555,0
DB04953,MESH:D053201,0
DB00685,MESH:D002690,22
DB00685,MESH:D003711,40
DB00685,MESH:D006261,40
DB00685,MESH:D006505,40
DB00685,MESH:D009325,40
DB00685,MESH:D011008,40
DB00685,MESH:D011115,40
DB00685,MESH:D013203,40
DB00685,MESH:D017114,40
DB00685,MESH:D018908,0
DB00685,MESH:D047508,40
DB00685,MESH:D056486,40
DB00485,MESH:D002779,40
DB00485,MESH:D003875,40
DB00485,MESH:D006349,40
DB00485,MESH:D007008,40
DB00485,MESH:D007674,40
DB00485,MESH:D008133,40
DB00485,MESH:D009395,40
DB00485,MESH:D013203,40
DB00485,MESH:D013927,40
DB00485,MESH:D014552,40
DB00485,MESH:D014581,40
DB00485,MESH:D015746,40
DB00485,MESH:D056486,40
DB13179,MESH:D002779,40
DB13179,MESH:D006505,40
DB13179,MESH:D007511,0
DB13179,MESH:D009203,40
DB13179,MESH:D011537,40
DB13179,MESH:D016171,40
DB01044,MESH:D002779,40
DB01044,MESH:D002869,40
DB01044,MESH:D006505,40
DB01044,MESH:D012852,40
DB01044,MESH:D013226,31
DB01044,MESH:D016171,38
DB01044,MESH:D044882,40
DB01044,MESH:D056486,40
DB00222,MESH:D002779,40
DB00222,MESH:D002780,40
DB00222,MESH:D006505,40
DB00222,MESH:D012770,19
DB00222,MESH:D013262,40
DB00222,MESH:D014657,40
DB00222,MESH:D056486,40
DB00414,MESH:D002779,40
DB00414,MESH:D003128,40
DB00414,MESH:D004802,40
DB00414,MESH:D005334,40
DB00414,MESH:D007003,39
DB00414,MESH:D009401,40
DB00414,MESH:D056486,40
DB04878,MESH:D002779,40
DB04878,MESH:D003920,40
DB04878,MESH:D009325,40
DB04878,MESH:D009336,37
DB04878,MESH:D014839,40
DB04878,MESH:D015431,36
DB04878,MESH:D018149,40
DB04878,MESH:D056486,40
DB01430,MESH:D002779,40
DB01430,MESH:D007964,0
DB01430,MESH:D010523,40
DB01430,MESH:D012021,40
DB01430,MESH:D012131,40
DB01430,MESH:D042882,40
DB00559,MESH:D002779,40
DB00559,MESH:D002780,40
DB00559,MESH:D003384,40
DB00559,MESH:D005355,40
DB00559,MESH:D006333,40
DB00559,MESH:D006973,40
DB00559,MESH:D006976,37
DB00559,MESH:D006984,0
DB00559,MESH:D007022,40
DB00559,MESH:D007674,40
DB00559,MESH:D009203,40
DB00559,MESH:D011507,40
DB00559,MESH:D013345,40
DB00559,MESH:D015428,40
DB00559,MESH:D017379,40
DB00559,MESH:D020301,0
DB00559,MESH:D056486,40
DB01015,MESH:D003875,40
DB01015,MESH:D007674,40
DB01015,MESH:D008133,40
DB01015,MESH:D013959,40
DB01015,MESH:D014517,40
DB01015,MESH:D014552,40
DB01015,MESH:D019586,0
DB01015,MESH:D052878,40
DB01015,MESH:D056486,40
DB00948,MESH:D002779,40
DB00948,MESH:D004827,40
DB00948,MESH:D009395,40
DB00948,MESH:D011014,40
DB00948,MESH:D011552,40
DB00948,MESH:D018805,40
DB00948,MESH:D041781,40
DB00948,MESH:D062787,40
DB00972,MESH:D002819,40
DB00972,MESH:D004802,40
DB00972,MESH:D006255,40
DB00972,MESH:D008064,40
DB00972,MESH:D010505,40
DB00972,MESH:D011537,40
DB00972,MESH:D012640,40
DB00972,MESH:D012912,40
DB00972,MESH:D013651,40
DB00426,MESH:D002819,40
DB00426,MESH:D013262,40
DB00426,MESH:D019694,0
DB00157,MESH:D003057,40
DB00157,MESH:D009336,40
DB00157,MESH:D014855,0
DB03796,MESH:D003072,40
DB03796,MESH:D005234,40
DB03796,MESH:D013217,40
DB03796,MESH:D016778,0
DB03796,MESH:D061205,40
DB03796,MESH:D066088,0
DB04876,MESH:D003072,40
DB04876,MESH:D003924,40
DB04876,MESH:D007333,40
DB06292,MESH:D003072,40
DB06292,MESH:D003928,40
DB06292,MESH:D006943,40
DB06292,MESH:D007333,40
DB06292,MESH:D009765,40
DB06292,MESH:D015430,40
DB11642,MESH:D003072,40
DB11642,MESH:D012559,40
DB08860,MESH:D003072,40
DB08860,MESH:D006333,40
DB08860,MESH:D011507,40
DB08860,MESH:D056486,40
DB01014,MESH:D003092,40
DB01014,MESH:D006261,40
DB01014,MESH:D009205,40
DB01014,MESH:D011657,40
DB01014,MESH:D053609,40
DB09221,MESH:D003092,40
DB09221,MESH:D006975,40
DB09221,MESH:D013276,40
DB09221,MESH:D015212,40
DB02300,MESH:D003093,40
DB02300,MESH:D003876,0
DB02300,MESH:D006934,40
DB02300,MESH:D006955,40
DB02300,MESH:D007057,40
DB00836,MESH:D003248,40
DB00836,MESH:D003967,40
DB00836,MESH:D004489,40
DB00836,MESH:D005759,40
DB00836,MESH:D006261,40
DB00836,MESH:D014474,40
DB00836,MESH:D015746,40
DB00836,MESH:D016055,40
DB00836,MESH:D066126,40
DB04690,MESH:D003110,40
DB04690,MESH:D005621,40
DB04690,MESH:D005910,40
DB04690,MESH:D006816,40
DB04690,MESH:D007945,0
DB04690,MESH:D008325,40
DB04690,MESH:D009369,40
DB04690,MESH:D009374,40
DB04690,MESH:D009503,35
DB04690,MESH:D018316,0
DB04690,MESH:D019457,30
DB04690,MESH:D024801,0
DB04690,MESH:D043171,40
DB00249,MESH:D003110,40
DB00249,MESH:D005313,0
DB00249,MESH:D007232,40
DB00505,MESH:D003117,40
DB00906,MESH:D003117,40
DB00906,MESH:D009069,37
DB00906,MESH:D011618,31
DB00906,MESH:D013262,40
DB00906,MESH:D014029,0
DB05246,MESH:D003128,40
DB05246,MESH:D004409,40
DB05246,MESH:D012640,40
DB05246,MESH:D013262,40
DB05246,MESH:D062787,0
DB00402,MESH:D003128,32
DB00402,MESH:D003865,40
DB00402,MESH:D007319,40
DB00905,MESH:D003229,0
DB00905,MESH:D005901,40
DB00905,MESH:D006940,40
DB00905,MESH:D009798,40
DB01324,MESH:D003248,40
DB01324,MESH:D003865,40
DB01324,MESH:D005076,40
DB01324,MESH:D006212,40
DB01324,MESH:D006973,40
DB01324,MESH:D007008,40
DB01324,MESH:D007172,40
DB01324,MESH:D007319,40
DB01324,MESH:D009765,40
DB00969,MESH:D006930,40
DB00969,MESH:D010146,40
DB00969,MESH:D043183,40
DB00969,MESH:D056486,40
DB01591,MESH:D003248,40
DB01591,MESH:D006973,40
DB01591,MESH:D009059,40
DB01591,MESH:D020521,40
DB01591,MESH:D053201,40
DB00496,MESH:D003248,29
DB00496,MESH:D008064,40
DB00496,MESH:D053201,40
DB00849,MESH:D003294,40
DB00849,MESH:D004827,40
DB00849,MESH:D011297,40
DB00849,MESH:D018242,40
DB00849,MESH:D020163,40
DB00973,MESH:D003324,40
DB00973,MESH:D006261,40
DB00973,MESH:D006937,40
DB00973,MESH:D006938,40
DB00973,MESH:D006949,40
DB00973,MESH:D006951,40
DB00973,MESH:D009135,40
DB00973,MESH:D010146,40
DB00973,MESH:D012141,40
DB00973,MESH:D012206,40
DB00973,MESH:D015228,40
DB00973,MESH:D050197,40
DB01232,MESH:D003324,40
DB01232,MESH:D006949,40
DB01232,MESH:D009461,40
DB01232,MESH:D010195,40
DB01232,MESH:D013262,40
DB01232,MESH:D020246,40
DB01232,MESH:D050171,40
DB01232,MESH:D058186,40
DB01232,MESH:D062787,0
DB08816,MESH:D003324,40
DB00378,MESH:D003324,40
DB00378,MESH:D004412,40
DB00378,MESH:D006505,40
DB00378,MESH:D008579,0
DB00378,MESH:D056486,40
DB01291,MESH:D003324,40
DB01291,MESH:D006333,40
DB01291,MESH:D018487,40
DB00006,MESH:D003328,40
DB00006,MESH:D006470,40
DB00006,MESH:D007249,40
DB00006,MESH:D007511,40
DB00006,MESH:D013921,40
DB00006,MESH:D016769,40
DB00006,MESH:D017202,40
DB00006,MESH:D020521,40
DB00006,MESH:D048909,40
DB00006,MESH:D054058,40
DB00315,MESH:D003329,40
DB00315,MESH:D003866,40
DB00315,MESH:D007022,40
DB00315,MESH:D007238,40
DB00315,MESH:D007674,40
DB00315,MESH:D009203,40
DB00315,MESH:D010146,40
DB00315,MESH:D020326,40
DB00315,MESH:D054058,40
DB00757,MESH:D003329,40
DB00757,MESH:D006261,40
DB00757,MESH:D006327,40
DB00757,MESH:D008133,40
DB00757,MESH:D009203,40
DB00757,MESH:D009325,40
DB00757,MESH:D014839,40
DB00952,MESH:D005221,40
DB00952,MESH:D008881,40
DB00952,MESH:D009325,40
DB00952,MESH:D012008,40
DB00952,MESH:D014839,40
DB00956,MESH:D003371,6
DB00956,MESH:D010146,40
DB00956,MESH:D034381,0
DB00956,MESH:D043183,40
DB01348,MESH:D003371,22
DB01348,MESH:D006261,40
DB01348,MESH:D006973,40
DB01348,MESH:D007022,40
DB01348,MESH:D007319,40
DB01416,MESH:D003371,40
DB01416,MESH:D005334,40
DB01416,MESH:D005687,0
DB01416,MESH:D014552,40
DB00771,MESH:D003424,40
DB00355,MESH:D003424,40
DB00355,MESH:D003550,40
DB00355,MESH:D003875,40
DB00355,MESH:D004802,31
DB00355,MESH:D004927,40
DB00355,MESH:D005334,40
DB00355,MESH:D011552,40
DB00355,MESH:D012640,40
DB00355,MESH:D013203,40
DB00355,MESH:D016905,40
DB00355,MESH:D058186,40
DB01108,MESH:D003480,40
DB01108,MESH:D003866,40
DB01108,MESH:D052776,40
DB08820,MESH:D003550,40
DB00828,MESH:D003550,40
DB00828,MESH:D003875,40
DB00828,MESH:D003967,40
DB00828,MESH:D004927,40
DB00828,MESH:D005921,40
DB00828,MESH:D007674,40
DB00828,MESH:D007683,40
DB00828,MESH:D011183,40
DB00828,MESH:D011507,40
DB00828,MESH:D011704,40
DB00828,MESH:D012640,40
DB00828,MESH:D014581,40
DB00828,MESH:D015746,40
DB00828,MESH:D016470,40
DB00828,MESH:D018805,40
DB00828,MESH:D051437,40
DB00828,MESH:D056486,40
DB00828,MESH:D058186,40
DB00419,MESH:D003550,40
DB00419,MESH:D003967,34
DB00419,MESH:D005776,0
DB00419,MESH:D007248,0
DB00419,MESH:D015431,40
DB00419,MESH:D015746,0
DB01600,MESH:D003556,40
DB01600,MESH:D003875,40
DB01600,MESH:D014581,40
DB01600,MESH:D056486,40
DB00978,MESH:D003556,40
DB00978,MESH:D009336,31
DB00978,MESH:D013262,40
DB01421,MESH:D003638,40
DB01421,MESH:D006319,40
DB01421,MESH:D006501,40
DB01421,MESH:D006996,40
DB01421,MESH:D007674,40
DB01421,MESH:D007898,40
DB01421,MESH:D010146,40
DB01421,MESH:D034381,40
DB00452,MESH:D003638,40
DB00452,MESH:D014012,21
DB00452,MESH:D017449,40
DB04842,MESH:D003680,40
DB04842,MESH:D003866,40
DB04842,MESH:D004421,40
DB04842,MESH:D009069,40
DB04842,MESH:D010302,40
DB04842,MESH:D011618,40
DB04842,MESH:D012559,40
DB01093,MESH:D004195,40
DB01093,MESH:D004890,40
DB01093,MESH:D005207,40
DB01093,MESH:D007022,40
DB01093,MESH:D007035,40
DB01093,MESH:D008106,40
DB01093,MESH:D009336,40
DB01093,MESH:D010146,40
DB01093,MESH:D010523,40
DB01093,MESH:D011507,40
DB01093,MESH:D012640,40
DB01093,MESH:D012883,40
DB01093,MESH:D014456,40
DB01093,MESH:D014581,40
DB01093,MESH:D016301,40
DB01093,MESH:D017114,39
DB01093,MESH:D018908,40
DB01093,MESH:D048629,40
DB01093,MESH:D056486,40
DB01093,MESH:D058186,40
DB09068,MESH:D003865,38
DB09068,MESH:D003866,40
DB06594,MESH:D003866,40
DB01021,MESH:D003865,40
DB01021,MESH:D006973,40
DB01021,MESH:D058186,40
DB09245,MESH:D003866,40
DB09194,MESH:D003866,40
DB01553,MESH:D003866,40
DB01559,MESH:D015812,40
DB01559,MESH:D056486,40
DB14533,MESH:D003866,40
DB14533,MESH:D009336,40
DB14533,MESH:D011507,16
DB14533,MESH:D049188,40
DB14533,MESH:D056486,40
DB09244,MESH:D003866,40
DB09244,MESH:D006331,0
DB00337,MESH:D003872,40
DB00337,MESH:D003875,40
DB00337,MESH:D003876,40
DB00337,MESH:D004890,40
DB00337,MESH:D005148,40
DB00337,MESH:D008924,40
DB00337,MESH:D011565,40
DB00337,MESH:D012393,40
DB00337,MESH:D013684,40
DB00337,MESH:D014820,39
DB01061,MESH:D003875,40
DB01061,MESH:D004802,40
DB01061,MESH:D005334,40
DB01061,MESH:D006470,40
DB01061,MESH:D007674,40
DB01061,MESH:D007970,40
DB01061,MESH:D013226,40
DB01061,MESH:D016778,40
DB11994,MESH:D003875,40
DB11994,MESH:D010003,40
DB11994,MESH:D013276,0
DB11994,MESH:D014581,40
DB11582,MESH:D003875,40
DB11582,MESH:D012640,40
DB01321,MESH:D003875,40
DB01220,MESH:D003875,40
DB01220,MESH:D014581,40
DB01220,MESH:D015212,40
DB01220,MESH:D056486,40
DB09285,MESH:D003875,40
DB09019,MESH:D003875,40
DB09019,MESH:D012859,0
DB09093,MESH:D006461,40
DB09093,MESH:D008107,40
DB01012,MESH:D003875,37
DB01012,MESH:D005767,40
DB01012,MESH:D006261,40
DB01012,MESH:D006934,40
DB01012,MESH:D006961,40
DB01012,MESH:D006962,40
DB01012,MESH:D006973,40
DB01012,MESH:D008569,40
DB01012,MESH:D009325,40
DB01012,MESH:D011537,1
DB01012,MESH:D012770,40
DB14540,MESH:D003876,40
DB14540,MESH:D003877,40
DB14540,MESH:D012871,40
DB04552,MESH:D056486,40
DB01047,MESH:D003876,40
DB01047,MESH:D011565,40
DB01047,MESH:D012871,40
DB01047,MESH:D013684,40
DB01047,MESH:D017449,40
DB01013,MESH:D003877,40
DB01013,MESH:D011565,40
DB01013,MESH:D012868,40
DB01013,MESH:D014820,0
DB01013,MESH:D017453,40
DB00288,MESH:D004485,40
DB00288,MESH:D004487,40
DB00288,MESH:D011537,40
DB00288,MESH:D011565,40
DB00288,MESH:D012871,40
DB00288,MESH:D014581,40
DB00288,MESH:D017449,40
DB00913,MESH:D003877,40
DB00913,MESH:D010149,40
DB00880,MESH:D003919,40
DB00880,MESH:D006973,40
DB00880,MESH:D007669,35
DB00880,MESH:D010291,40
DB00880,MESH:D011141,40
DB00880,MESH:D019283,40
DB00880,MESH:D053099,40
DB00880,MESH:D053565,40
DB00880,MESH:D058186,40
DB01067,MESH:D003920,40
DB01067,MESH:D003924,40
DB01067,MESH:D007003,40
DB01067,MESH:D044882,40
DB00912,MESH:D003920,40
DB00731,MESH:D003920,40
DB00731,MESH:D007003,40
DB09231,MESH:D003924,40
DB09231,MESH:D006973,40
DB09231,MESH:D007022,40
DB06335,MESH:D003924,40
DB06335,MESH:D015431,40
DB06335,MESH:D019957,40
DB11827,MESH:D003924,40
DB09089,MESH:D003967,40
DB00671,MESH:D003967,40
DB00671,MESH:D004927,40
DB00671,MESH:D005076,40
DB00671,MESH:D006968,40
DB00671,MESH:D009404,8
DB00671,MESH:D011008,40
DB00671,MESH:D011014,40
DB00671,MESH:D013262,40
DB00671,MESH:D014552,40
DB00671,MESH:D014581,40
DB01157,MESH:D003967,40
DB01157,MESH:D007970,40
DB01157,MESH:D013921,40
DB09026,MESH:D003967,23
DB09026,MESH:D004719,40
DB09026,MESH:D006332,40
DB09026,MESH:D006973,40
DB09026,MESH:D011141,40
DB09026,MESH:D013276,40
DB09026,MESH:D016171,0
DB09026,MESH:D059606,40
DB00447,MESH:D003967,40
DB00447,MESH:D005076,40
DB00447,MESH:D009325,40
DB06448,MESH:D003967,40
DB06448,MESH:D006932,0
DB06448,MESH:D009101,40
DB06448,MESH:D009503,40
DB12598,MESH:D004211,40
DB12598,MESH:D010146,40
DB00364,MESH:D004381,40
DB00364,MESH:D006471,40
DB00364,MESH:D010437,40
DB00364,MESH:D011015,40
DB00364,MESH:D055370,40
DB00835,MESH:D004409,40
DB00835,MESH:D004830,40
DB00835,MESH:D006212,40
DB00835,MESH:D013375,40
DB04982,MESH:D004409,40
DB04982,MESH:D020734,40
DB00486,MESH:D004409,40
DB00486,MESH:D006212,40
DB00486,MESH:D014839,40
DB01283,MESH:D004412,40
DB01283,MESH:D006073,40
DB01283,MESH:D009203,40
DB01283,MESH:D009325,40
DB01283,MESH:D010003,40
DB01283,MESH:D010149,40
DB01283,MESH:D015746,40
DB01283,MESH:D056486,40
DB00751,MESH:D004412,40
DB00751,MESH:D004802,40
DB00751,MESH:D006255,40
DB00751,MESH:D012220,40
DB00751,MESH:D012221,40
DB06698,MESH:D004421,0
DB06698,MESH:D005483,40
DB06698,MESH:D006261,40
DB06698,MESH:D050197,0
DB09224,MESH:D014693,40
DB00528,MESH:D004487,40
DB00528,MESH:D005483,40
DB00528,MESH:D006261,40
DB00528,MESH:D006973,40
DB00528,MESH:D007674,40
DB09227,MESH:D004487,40
DB09227,MESH:D006261,40
DB09227,MESH:D006973,40
DB09227,MESH:D014839,40
DB05511,MESH:D004487,40
DB05511,MESH:D005119,0
DB05511,MESH:D006948,40
DB05511,MESH:D008569,40
DB05511,MESH:D012640,40
DB04879,MESH:D004487,40
DB04879,MESH:D013964,0
DB06212,MESH:D004489,40
DB06212,MESH:D006333,40
DB06212,MESH:D007010,40
DB06212,MESH:D011507,40
DB06212,MESH:D016891,40
DB06212,MESH:D056486,40
DB00711,MESH:D004660,0
DB00711,MESH:D005076,40
DB00711,MESH:D006261,40
DB00711,MESH:D006973,40
DB00711,MESH:D007634,0
DB00711,MESH:D009896,40
DB00711,MESH:D009901,40
DB00711,MESH:D011507,40
DB00711,MESH:D014605,40
DB00711,MESH:D014786,40
DB00711,MESH:D018771,40
DB11195,MESH:D004660,40
DB04573,MESH:D004681,40
DB04573,MESH:D004714,40
DB04573,MESH:D006059,40
DB04573,MESH:D006937,0
DB04573,MESH:D006973,40
DB04573,MESH:D007018,0
DB04573,MESH:D016114,40
DB04573,MESH:D019082,40
DB04573,MESH:D050197,40
DB11979,MESH:D004715,40
DB05885,MESH:D004827,40
DB05541,MESH:D004827,40
DB01320,MESH:D004830,40
DB01320,MESH:D006212,40
DB01320,MESH:D007022,40
DB01320,MESH:D010292,40
DB01320,MESH:D011537,40
DB01320,MESH:D012640,40
DB01320,MESH:D013226,40
DB01320,MESH:D013262,40
DB01320,MESH:D017180,40
DB01320,MESH:D054537,40
DB00303,MESH:D004830,40
DB00303,MESH:D004927,40
DB12455,MESH:D004927,40
DB12455,MESH:D010930,0
DB12455,MESH:D011008,40
DB12455,MESH:D011018,40
DB12455,MESH:D014552,40
DB00560,MESH:D013203,40
DB00274,MESH:D004927,40
DB00274,MESH:D007683,40
DB00274,MESH:D011183,40
DB00274,MESH:D011507,40
DB00274,MESH:D013203,40
DB01129,MESH:D004935,40
DB01129,MESH:D004941,40
DB01129,MESH:D005764,40
DB01129,MESH:D005767,40
DB01129,MESH:D006356,40
DB01129,MESH:D009069,40
DB01129,MESH:D009395,40
DB01129,MESH:D010195,30
DB01129,MESH:D011015,40
DB01129,MESH:D013064,0
DB01129,MESH:D013262,40
DB01129,MESH:D013276,40
DB01129,MESH:D016481,40
DB01129,MESH:D018908,40
DB01579,MESH:D005076,40
DB01579,MESH:D010259,10
DB01579,MESH:D011605,40
DB01579,MESH:D014555,40
DB01579,MESH:D019966,40
DB01214,MESH:D005128,40
DB01214,MESH:D005902,40
DB01214,MESH:D006973,40
DB01214,MESH:D009798,40
DB01214,MESH:D013610,40
DB08934,MESH:D005221,40
DB08934,MESH:D006261,40
DB08934,MESH:D006526,40
DB08934,MESH:D019698,40
DB01265,MESH:D005221,40
DB01265,MESH:D006261,40
DB01265,MESH:D006505,40
DB01265,MESH:D006509,40
DB01265,MESH:D009135,40
DB01265,MESH:D009422,40
DB01265,MESH:D012141,40
DB01265,MESH:D015746,40
DB01265,MESH:D019694,40
DB00547,MESH:D005234,40
DB00547,MESH:D006943,40
DB00547,MESH:D006973,40
DB00547,MESH:D010146,40
DB13943,MESH:D005234,40
DB13943,MESH:D015430,40
DB13943,MESH:D019964,3
DB00984,MESH:D005234,40
DB00984,MESH:D018248,40
DB09289,MESH:D013276,40
DB13751,MESH:D005234,40
DB13751,MESH:D006973,40
DB13751,MESH:D008113,40
DB13751,MESH:D009325,40
DB13751,MESH:D009336,40
DB13751,MESH:D011654,0
DB13751,MESH:D014839,40
DB13751,MESH:D017449,0
DB13751,MESH:D056486,40
DB13751,MESH:D058186,40
DB00910,MESH:D005923,0
DB00910,MESH:D006332,40
DB00910,MESH:D006333,40
DB00910,MESH:D006962,40
DB00910,MESH:D006973,40
DB00910,MESH:D058226,40
DB01425,MESH:D005764,40
DB01425,MESH:D006973,25
DB01425,MESH:D014839,40
DB03516,MESH:D005767,40
DB03516,MESH:D009422,40
DB01117,MESH:D008288,40
DB01117,MESH:D013262,40
DB01117,MESH:D016778,40
DB01117,MESH:D017088,0
DB00478,MESH:D005767,0
DB00478,MESH:D007251,40
DB00478,MESH:D012640,13
DB00869,MESH:D005901,40
DB00869,MESH:D009798,40
DB00869,MESH:D010146,40
DB00869,MESH:D013262,40
DB00287,MESH:D005901,40
DB00287,MESH:D006940,40
DB00287,MESH:D009798,40
DB00287,MESH:D014605,40
DB00654,MESH:D005901,40
DB00654,MESH:D005902,40
DB00654,MESH:D006940,35
DB00654,MESH:D006983,40
DB00654,MESH:D009798,40
DB00654,MESH:D010146,40
DB00654,MESH:D014605,40
DB00654,MESH:D017889,40
DB00449,MESH:D005901,40
DB00449,MESH:D005902,40
DB00449,MESH:D006973,40
DB00449,MESH:D009798,40
DB00449,MESH:D016510,40
DB00449,MESH:D017889,40
DB00449,MESH:D020246,40
DB00449,MESH:D057066,40
DB01194,MESH:D005902,40
DB01194,MESH:D009798,40
DB06809,MESH:D005909,40
DB06809,MESH:D012021,40
DB01055,MESH:D006130,40
DB00719,MESH:D006255,40
DB00719,MESH:D012221,40
DB00719,MESH:D012912,40
DB06153,MESH:D007174,40
DB06153,MESH:D007511,40
DB06153,MESH:D008064,40
DB06153,MESH:D012640,40
DB01150,MESH:D009205,40
DB01150,MESH:D012640,40
DB01150,MESH:D013262,40
DB00464,MESH:D006323,9
DB00464,MESH:D009135,40
DB00464,MESH:D009336,40
DB00464,MESH:D010146,40
DB00464,MESH:D014648,40
DB00464,MESH:D054079,40
DB00552,MESH:D007943,40
DB00552,MESH:D007945,38
DB00552,MESH:D015451,40
DB00552,MESH:D058186,40
DB08836,MESH:D006332,40
DB08836,MESH:D006333,40
DB08836,MESH:D006973,40
DB08836,MESH:D011507,40
DB08836,MESH:D058426,40
DB01583,MESH:D006973,40
DB00380,MESH:D018487,40
DB00261,MESH:D006470,0
DB00261,MESH:D009202,40
DB00261,MESH:D011087,40
DB00261,MESH:D013920,40
DB00261,MESH:D013922,40
DB00261,MESH:D013923,40
DB00261,MESH:D020246,40
DB04883,MESH:D006333,40
DB04883,MESH:D006973,40
DB04883,MESH:D017380,40
DB14639,MESH:D006335,40
DB14639,MESH:D015430,0
DB12371,MESH:D006394,40
DB12371,MESH:D009103,40
DB12371,MESH:D056486,40
DB01280,MESH:D006402,40
DB01280,MESH:D009422,40
DB01280,MESH:D010523,40
DB01280,MESH:D015458,0
DB01280,MESH:D016399,40
DB01280,MESH:D054218,1
DB06695,MESH:D006470,40
DB06695,MESH:D007249,40
DB06695,MESH:D015430,40
DB06695,MESH:D020521,40
DB06695,MESH:D065626,40
DB09075,MESH:D006470,40
DB09075,MESH:D054556,40
DB06689,MESH:D006471,40
DB13174,MESH:D008106,40
DB00569,MESH:D006502,0
DB00569,MESH:D013921,0
DB00569,MESH:D013927,40
DB00569,MESH:D016769,40
DB00569,MESH:D020246,40
DB00644,MESH:D006505,40
DB00644,MESH:D011471,40
DB00299,MESH:D006509,40
DB09102,MESH:D006526,40
DB09102,MESH:D019698,40
DB09296,MESH:D006526,40
DB09183,MESH:D006526,40
DB09297,MESH:D006526,40
DB06290,MESH:D006526,40
DB06290,MESH:D019698,40
DB09027,MESH:D006526,40
DB09027,MESH:D019698,40
DB04862,MESH:D006526,40
DB05521,MESH:D006526,40
DB05521,MESH:D012206,0
DB05521,MESH:D013262,40
DB05521,MESH:D019698,40
DB11689,MESH:D008545,40
DB05260,MESH:D006528,40
DB05260,MESH:D008228,0
DB05260,MESH:D009901,40
DB08889,MESH:D006528,40
DB08889,MESH:D008114,30
DB08889,MESH:D009101,40
DB08889,MESH:D009374,40
DB01072,MESH:D006869,40
DB01072,MESH:D006932,40
DB01072,MESH:D007676,40
DB01072,MESH:D012206,40
DB01072,MESH:D014514,40
DB01072,MESH:D015658,40
DB01072,MESH:D016171,40
DB01072,MESH:D042883,0
DB01072,MESH:D050171,40
DB01072,MESH:D052878,40
DB01072,MESH:D053040,40
DB01072,MESH:D056486,40
DB01072,MESH:D058186,40
DB13025,MESH:D006816,0
DB13025,MESH:D011595,40
DB00701,MESH:D007669,39
DB00701,MESH:D009203,40
DB00701,MESH:D013262,40
DB00701,MESH:D015658,40
DB11093,MESH:D006934,40
DB01070,MESH:D006934,40
DB01070,MESH:D006961,0
DB01070,MESH:D051437,4
DB00491,MESH:D006943,40
DB01090,MESH:D006943,40
DB01090,MESH:D007022,40
DB01090,MESH:D007024,40
DB01090,MESH:D011654,40
DB01090,MESH:D012640,40
DB00119,MESH:D006943,40
DB00119,MESH:D009336,0
DB00119,MESH:D028361,0
DB00121,MESH:D006943,40
DB00121,MESH:D007333,40
DB01620,MESH:D006948,40
DB01620,MESH:D009846,40
DB01620,MESH:D012206,40
DB01620,MESH:D012640,40
DB01620,MESH:D013375,40
DB01620,MESH:D058186,40
DB00618,MESH:D006948,40
DB00618,MESH:D007010,31
DB00618,MESH:D007177,40
DB00618,MESH:D009325,40
DB00618,MESH:D014555,40
DB00618,MESH:D014839,40
DB00618,MESH:D015431,40
DB00618,MESH:D017674,40
DB00618,MESH:D018500,40
DB00618,MESH:D051437,40
DB00618,MESH:D058186,40
DB05271,MESH:D006948,22
DB05271,MESH:D010300,40
DB05271,MESH:D012148,40
DB09118,MESH:D006948,40
DB09118,MESH:D011297,40
DB04872,MESH:D006948,40
DB04872,MESH:D010146,10
DB04866,MESH:D006965,40
DB04866,MESH:D008103,2
DB04866,MESH:D008106,40
DB04866,MESH:D012871,0
DB09097,MESH:D006966,40
DB01071,MESH:D006967,40
DB01071,MESH:D012221,40
DB00891,MESH:D006969,40
DB00891,MESH:D013276,40
DB00606,MESH:D007008,32
DB00606,MESH:D012640,40
DB08807,MESH:D006973,40
DB08807,MESH:D007022,40
DB01359,MESH:D006973,40
DB01359,MESH:D054537,40
DB01359,MESH:D058447,40
DB00651,MESH:D006973,40
DB09229,MESH:D006973,40
DB00212,MESH:D006973,40
DB01295,MESH:D006973,40
DB01295,MESH:D013610,40
DB01440,MESH:D012131,0
DB01440,MESH:D013375,40
DB01440,MESH:D013610,40
DB00226,MESH:D006973,40
DB01134,MESH:D006973,40
DB09236,MESH:D006973,40
DB09236,MESH:D006984,40
DB09236,MESH:D009203,40
DB09236,MESH:D017379,40
DB00782,MESH:D006973,40
DB00782,MESH:D015837,40
DB00782,MESH:D020521,40
DB01399,MESH:D006973,40
DB01399,MESH:D017116,40
DB01399,MESH:D057772,40
DB00980,MESH:D006973,40
DB00980,MESH:D007319,0
DB00980,MESH:D015430,40
DB04920,MESH:D006973,40
DB00876,MESH:D006973,40
DB09279,MESH:D006973,40
DB06403,MESH:D006976,40
DB09418,MESH:D006980,40
DB09418,MESH:D013959,40
DB09418,MESH:D013964,40
DB09020,MESH:D007008,40
DB00872,MESH:D007010,40
DB09059,MESH:D007022,40
DB09059,MESH:D007752,0
DB09059,MESH:D012640,30
DB01612,MESH:D007022,40
DB00418,MESH:D007022,40
DB00418,MESH:D012640,40
DB09205,MESH:D007022,40
DB09205,MESH:D007024,40
DB09205,MESH:D015877,40
DB09205,MESH:D019578,40
DB09230,MESH:D007022,40
DB03904,MESH:D007024,0
DB03904,MESH:D007177,40
DB03904,MESH:D010243,0
DB03904,MESH:D018883,0
DB03904,MESH:D058186,40
DB06267,MESH:D007172,40
DB13946,MESH:D007172,40
DB03701,MESH:D007174,40
DB03701,MESH:D012640,40
DB03701,MESH:D019966,0
DB03701,MESH:D019970,40
DB00198,MESH:D007251,40
DB00198,MESH:D009461,40
DB00198,MESH:D009976,0
DB00198,MESH:D013262,39
DB13872,MESH:D007319,37
DB13872,MESH:D008569,40
DB13872,MESH:D011596,40
DB13872,MESH:D012206,40
DB01589,MESH:D012893,40
DB00962,MESH:D007319,40
DB00962,MESH:D012640,40
DB05490,MESH:D007333,40
DB05490,MESH:D018149,40
DB09129,MESH:D007333,40
DB09129,MESH:D011297,40
DB09129,MESH:D017449,40
DB06663,MESH:D007511,40
DB06663,MESH:D047748,40
DB01127,MESH:D007634,40
DB08881,MESH:D007674,40
DB08881,MESH:D008545,9
DB08881,MESH:D009361,0
DB08881,MESH:D012871,0
DB08881,MESH:D013964,0
DB01685,MESH:D007674,40
DB01000,MESH:D007674,40
DB00689,MESH:D007674,40
DB01139,MESH:D007683,40
DB06782,MESH:D009461,40
DB06782,MESH:D020261,40
DB04892,MESH:D007859,40
DB04892,MESH:D008569,40
DB09031,MESH:D007896,40
DB09031,MESH:D007898,40
DB09031,MESH:D016773,40
DB09053,MESH:D007945,40
DB09053,MESH:D008232,40
DB09053,MESH:D015451,3
DB09053,MESH:D020522,40
DB04335,MESH:D007970,40
DB04335,MESH:D009202,40
DB01608,MESH:D012559,40
DB01608,MESH:D013375,40
DB01608,MESH:D019969,40
DB00340,MESH:D008064,40
DB00340,MESH:D010302,40
DB01180,MESH:D008064,40
DB00216,MESH:D008064,40
DB00216,MESH:D008881,40
DB00216,MESH:D010146,40
DB00216,MESH:D051474,40
DB00383,MESH:D008064,40
DB00251,MESH:D008064,40
DB00902,MESH:D008064,40
DB09215,MESH:D008107,40
DB00932,MESH:D008107,40
DB00932,MESH:D020300,40
DB00932,MESH:D056486,40
DB12831,MESH:D008107,40
DB01433,MESH:D008133,0
DB01433,MESH:D010146,40
DB01433,MESH:D012131,40
DB01433,MESH:D019966,40
DB01433,MESH:D019970,40
DB05223,MESH:D008133,40
DB05015,MESH:D008133,0
DB05015,MESH:D016411,0
DB05015,MESH:D019457,40
DB05015,MESH:D048629,0
DB00365,MESH:D016171,40
DB08903,MESH:D014376,40
DB11828,MESH:D008175,40
DB04865,MESH:D008223,0
DB04865,MESH:D015473,40
DB11697,MESH:D008223,40
DB11697,MESH:D055728,40
DB06813,MESH:D008228,40
DB06813,MESH:D013262,40
DB06813,MESH:D016399,40
DB04938,MESH:D015663,40
DB08912,MESH:D008545,40
DB08912,MESH:D012871,40
DB01051,MESH:D008545,40
DB01034,MESH:D008545,40
DB01034,MESH:D009369,40
DB08911,MESH:D008545,40
DB08911,MESH:D010190,0
DB01892,MESH:D008569,40
DB04869,MESH:D008881,40
DB00998,MESH:D008881,40
DB00998,MESH:D020325,40
DB00998,MESH:D054058,40
DB00050,MESH:D009101,40
DB08880,MESH:D009103,40
DB08880,MESH:D013262,40
DB08837,MESH:D009127,40
DB00504,MESH:D009127,40
DB00504,MESH:D015431,40
DB00504,MESH:D015877,40
DB00416,MESH:D009127,40
DB06595,MESH:D009196,40
DB06595,MESH:D015470,40
DB06595,MESH:D034721,40
DB00385,MESH:D009202,40
DB01319,MESH:D013262,40
DB01319,MESH:D015658,40
DB01148,MESH:D009203,40
DB00219,MESH:D009216,40
DB00377,MESH:D009325,40
DB00377,MESH:D014839,40
DB14881,MESH:D009325,40
DB14881,MESH:D010146,40
DB04849,MESH:D009336,40
DB00432,MESH:D009336,40
DB09288,MESH:D009336,40
DB09288,MESH:D010149,40
DB11638,MESH:D009369,40
DB09078,MESH:D009374,40
DB09078,MESH:D009389,40
DB00839,MESH:D009401,40
DB00839,MESH:D014899,40
DB00839,MESH:D058625,40
DB01264,MESH:D009422,40
DB01264,MESH:D013262,40
DB14011,MESH:D009437,40
DB01135,MESH:D009468,40
DB04871,MESH:D009765,40
DB00324,MESH:D009798,40
DB00896,MESH:D009798,40
DB00189,MESH:D009902,40
DB00189,MESH:D010523,40
DB00189,MESH:D013375,40
DB00189,MESH:D016055,40
DB06202,MESH:D010024,40
DB01466,MESH:D010146,40
DB00868,MESH:D010146,40
DB09099,MESH:D010146,40
DB09214,MESH:D010146,40
DB00710,MESH:D010148,40
DB11640,MESH:D010243,0
DB11640,MESH:D018908,40
DB01245,MESH:D010243,0
DB01245,MESH:D012640,40
DB08806,MESH:D010437,40
DB08806,MESH:D011015,40
DB01606,MESH:D010538,40
DB00748,MESH:D010554,40
DB00748,MESH:D014202,40
DB00748,MESH:D014839,40
DB00748,MESH:D053609,40
DB01412,MESH:D011230,40
DB11219,MESH:D011297,40
DB11577,MESH:D011297,40
DB11577,MESH:D012878,40
DB04884,MESH:D011470,40
DB06772,MESH:D011471,40
DB00665,MESH:D011471,40
DB05812,MESH:D011471,40
DB05812,MESH:D064129,40
DB08801,MESH:D011537,40
DB01260,MESH:D011565,40
DB01260,MESH:D017449,40
DB00799,MESH:D011565,40
DB00799,MESH:D012871,40
DB11157,MESH:D011565,40
DB08877,MESH:D056486,40
DB01581,MESH:D011595,40
DB01415,MESH:D011704,40
DB00311,MESH:D012021,40
DB00705,MESH:D012206,14
DB00705,MESH:D013262,40
DB00705,MESH:D015658,40
DB00705,MESH:D058186,40
DB09223,MESH:D014202,40
DB00767,MESH:D012559,40
DB09119,MESH:D012640,40
DB05087,MESH:D012640,40
DB01121,MESH:D012640,40
DB00147,MESH:D012640,40
DB01299,MESH:D016778,40
DB06201,MESH:D012640,40
DB09028,MESH:D012640,0
DB09028,MESH:D014029,40
DB00423,MESH:D012640,0
DB00423,MESH:D017116,40
DB00600,MESH:D012871,40
DB00600,MESH:D014820,40
DB00600,MESH:D017496,0
DB00846,MESH:D012871,40
DB00846,MESH:D013684,40
DB11386,MESH:D013118,40
DB06696,MESH:D013203,40
DB04918,MESH:D013203,40
DB01066,MESH:D013262,40
DB00558,MESH:D013262,40
DB06414,MESH:D013262,38
DB06414,MESH:D015658,28
DB01155,MESH:D013262,40
DB04835,MESH:D015658,40
DB06228,MESH:D013262,40
DB06228,MESH:D054556,40
DB08893,MESH:D013262,40
DB00631,MESH:D013262,40
DB00631,MESH:D054198,40
DB00736,MESH:D013262,40
DB00634,MESH:D013262,40
DB06203,MESH:D013262,40
DB06211,MESH:D013262,40
DB00754,MESH:D013262,40
DB13155,MESH:D013272,40
DB13729,MESH:D013276,40
DB09204,MESH:D013610,40
DB01158,MESH:D014693,40
DB01125,MESH:D013927,33
DB01125,MESH:D020246,31
DB00154,MESH:D013927,40
DB11085,MESH:D017449,40
DB05154,MESH:D014376,40
DB11921,MESH:D015430,0
DB01384,MESH:D014581,40
DB01282,MESH:D014652,40
DB01282,MESH:D014839,40
DB01282,MESH:D015746,40
DB01078,MESH:D014693,40
DB01078,MESH:D054537,40
DB11181,MESH:D014786,40
DB11181,MESH:D015877,40
DB12874,MESH:D015470,40
DB04886,MESH:D015658,40
DB11614,MESH:D016171,40
DB00256,MESH:D016481,40
DB00919,MESH:D016870,40
DB00919,MESH:D041781,40
DB01163,MESH:D016905,40
DB00194,MESH:D017093,40
DB00963,MESH:D017114,5
DB00963,MESH:D056486,40
DB06751,MESH:D017118,40
DB00192,MESH:D017180,40
DB00223,MESH:D017449,40
DB13346,MESH:D017449,40
DB09472,MESH:D017453,40
DB09147,MESH:D018798,40
DB01571,MESH:D019966,40
DB04947,MESH:D019970,40
DB05676,MESH:D020083,40
DB00145,MESH:D020158,40
DB00348,MESH:D020176,40
DB01251,MESH:D041781,40
DB06480,MESH:D043183,40
DB04856,MESH:D043183,40
DB08890,MESH:D043183,40
DB01046,MESH:D043183,40
DB00551,MESH:D052878,40
DB11581,MESH:D054198,40
DB01349,MESH:D056486,40
DB00138,MESH:D056486,40
DB01201,MESH:D056486,40
DB00576,MESH:D056486,40
DB09460,MESH:D056693,40
DB01597,MESH:D058186,40
DB01353,MESH:D058186,40
DB01588,MESH:D062787,40
DB11901,MESH:D064129,40
DB06282,MESH:D065631,40
