drugID,diseaseID,label,split,count_drug,count_disease,q_score_PS,p_score_Target,p_score_Category,p_score_Conditions,p_score_Description,p_score_Mechanism,p_score_Pharmacodynamics,p_score_Smile,adj_q_score_PS,adj_p_score_Target,adj_p_score_Category,adj_p_score_Conditions,adj_p_score_Description,adj_p_score_Mechanism,adj_p_score_Pharmacodynamics,adj_p_score_Smile,coverage_count,num_preds
DB01234,161,0,train,1.0,18.0,0.200741,0.0,0.0217391304347826,0.0,0.7577294,0.63416076,0.71058756,0.027027027027027,0.200741,0.0,0.3913043478260868,0.0,13.6391292,11.41489368,12.79057608,0.486486486486486,5,0
DB00361,148,0,train,1.0,1.0,0.076735,0.0,0.0408163265306122,0.0,0.5984206,0.6920859,0.7662204,0.1071428571428571,0.076735,0.0,0.0408163265306122,0.0,0.5984206,0.6920859,0.7662204,0.1071428571428571,5,0
DB00783,88,0,train,5.0,4.0,0.269756,0.1,0.0689655172413793,0.0,0.7829576,0.7265557,0.7983719,0.1265822784810126,1.34878,0.4,0.2758620689655172,0.0,3.1318304,2.9062228,3.1934876,0.5063291139240504,5,0
DB00736,192,0,train,0.0,3.0,0.083331,0.0,0.0,0.0,0.0,0.0,0.0,0.0,0.0,0.0,0.0,0.0,0.0,0.0,0.0,0.0,5,0
DB00795,405,0,train,55.0,2.0,0.150748,0.0833333333333333,0.1020408163265306,0.0,0.8873359,0.8548264,0.73519725,0.2695652173913043,8.29114,0.1666666666666666,0.2040816326530612,0.0,1.7746718,1.7096528,1.4703945,0.5391304347826086,5,0
DB00884,196,0,train,12.0,4.0,0.280127,0.0,0.0833333333333333,0.0,0.864459,0.7810607,0.7151797,0.125,3.361524,0.0,0.3333333333333332,0.0,3.457836,3.1242428,2.8607188,0.5,5,0
DB00241,168,0,train,6.0,2.0,0.0,0.6956521739130435,0.0975609756097561,0.0,0.8713908,0.79101884,0.8115294,0.0925925925925925,0.0,1.391304347826087,0.1951219512195122,0.0,1.7427816,1.58203768,1.6230588,0.185185185185185,5,0
DB01254,154,0,train,1.0,2.0,0.186464,0.0,0.0933333333333333,0.0,0.7676153,0.81683433,0.7930859,0.1224489795918367,0.186464,0.0,0.1866666666666666,0.0,1.5352306,1.63366866,1.5861718,0.2448979591836734,5,0
DB01223,182,0,train,6.0,3.0,0.224918,0.0,0.0338983050847457,0.0,0.8838389,0.9000466,0.81041086,0.1171171171171171,1.3495080000000002,0.0,0.1016949152542371,0.0,2.6515167,2.7001398,2.43123258,0.3513513513513513,5,0
DB00325,208,0,train,11.0,2.0,0.140161,0.0,0.0149253731343283,0.0,0.84347653,0.7315621,0.6356026,0.0147058823529411,1.541771,0.0,0.0298507462686566,0.0,1.68695306,1.4631242,1.2712052,0.0294117647058822,5,0
DB00977,369,0,train,6.0,5.0,0.222749,0.0909090909090909,0.0786516853932584,0.0,0.6815872,0.8073153,0.80484426,0.1844660194174757,1.336494,0.4545454545454545,0.393258426966292,0.0,3.407936,4.0365765,4.0242213,0.9223300970873785,5,0
DB08802,198,0,train,1.0,3.0,0.032476,0.0,0.0,0.0,0.62865025,0.7125614,0.69929546,0.1296296296296296,0.032476,0.0,0.0,0.0,1.88595075,2.1376842,2.09788638,0.3888888888888888,5,0
DB00199,68,0,train,11.0,1.0,0.077561,0.0,0.0892857142857142,0.0,0.75337213,0.60135806,0.7840421,0.0904761904761904,0.853171,0.0,0.0892857142857142,0.0,0.75337213,0.60135806,0.7840421,0.0904761904761904,5,0
DB00433,26,0,train,1.0,5.0,0.151713,0.0,0.0493827160493827,0.0,0.63450307,0.72303057,0.6993418,0.1408450704225352,0.151713,0.0,0.2469135802469135,0.0,3.17251535,3.61515285,3.496709,0.704225352112676,5,0
DB00433,23,0,train,0.0,5.0,0.065045,0.0,0.0,0.0,0.0,0.0,0.0,0.0,0.0,0.0,0.0,0.0,0.0,0.0,0.0,0.0,5,0
DB00863,159,0,train,1.0,3.0,0.0,0.0,0.0266666666666666,0.0,0.8453068,0.7932224,0.5861529,0.0769230769230769,0.0,0.0,0.0799999999999998,0.0,2.5359204,2.3796672,1.7584586999999998,0.2307692307692307,5,0
DB01125,212,0,train,5.0,0.0,0.0,0.0,0.0,0.0,0.75528514,0.816535,0.7700752,0.2666666666666666,0.0,0.0,0.0,0.0,0.0,0.0,0.0,0.0,5,0
DB00363,194,0,train,1.0,0.0,0.0,0.0,0.0126582278481012,0.0,0.685835,0.53912896,0.59842473,0.010752688172043,0.0,0.0,0.0,0.0,0.0,0.0,0.0,0.0,5,0
DB00997,374,0,train,1.0,14.0,0.189112,0.0,0.0161290322580645,0.0,0.49677622,0.7576861,0.7013431,0.1323529411764706,0.189112,0.0,0.2258064516129029,0.0,6.95486708,10.6076054,9.8188034,1.8529411764705883,5,0
DB00035,214,0,train,1.0,8.0,0.187348,0.0,0.0,0.0,0.74856347,0.54304206,0.7881464,0.0864661654135338,0.187348,0.0,0.0,0.0,5.98850776,4.34433648,6.3051712,0.6917293233082704,5,0
DB00187,55,0,train,4.0,2.0,0.030736,0.0,0.0333333333333333,0.0,0.8062562,0.862703,0.0,0.2650602409638554,0.122944,0.0,0.0666666666666666,0.0,1.6125124,1.725406,0.0,0.5301204819277108,5,0
DB01133,110,0,train,1.0,2.0,0.179176,0.0,0.0384615384615384,0.0,0.74376726,0.68246305,0.76143706,0.1237113402061855,0.179176,0.0,0.0769230769230768,0.0,1.48753452,1.3649261,1.52287412,0.247422680412371,5,0
DB01114,184,0,train,3.0,1.0,0.02955,0.0,0.1206896551724138,0.0,0.859902,0.8177485,0.7170075,0.2,0.08865,0.0,0.1206896551724138,0.0,0.859902,0.8177485,0.7170075,0.2,5,0
DB01196,392,0,train,21.0,2.0,0.074962,0.0,0.0606060606060606,0.0,0.7898907,0.7883665,0.7564527,0.1946902654867256,1.574202,0.0,0.1212121212121212,0.0,1.5797814,1.576733,1.5129054,0.3893805309734512,5,0
DB00331,115,0,train,1.0,7.0,0.047817,0.0,0.0,0.0,0.7294462,0.6766207,0.657904,0.0,0.047817,0.0,0.0,0.0,5.1061234,4.7363449,4.605328,0.0,5,0
DB01110,6,0,train,4.0,2.0,0.261889,0.0136986301369863,0.1547619047619047,0.0,0.79262066,0.8365541,0.8013789,0.1027397260273972,1.047556,0.0273972602739726,0.3095238095238094,0.0,1.58524132,1.6731082,1.6027578,0.2054794520547944,5,0
DB01137,84,0,train,3.0,1.0,0.090052,0.0,0.0930232558139534,0.0,0.7097091,0.62628686,0.7140851,0.1214953271028037,0.2701559999999999,0.0,0.0930232558139534,0.0,0.7097091,0.62628686,0.7140851,0.1214953271028037,5,0
DB00440,58,0,train,2.0,3.0,0.068041,0.0,0.0153846153846153,0.0,0.8298154,0.7924222,0.6625598,0.0562248995983935,0.136082,0.0,0.0461538461538459,0.0,2.4894462,2.3772666,1.9876794,0.1686746987951805,5,0
DB01058,383,0,train,1.0,0.0,0.0,0.0,0.03125,0.0,0.5640386,0.6715306,0.6877288,0.0490196078431372,0.0,0.0,0.0,0.0,0.0,0.0,0.0,0.0,5,0
DB01237,173,0,train,2.0,1.0,0.025531,0.0,0.0,0.0,0.72309315,0.72804445,0.7631507,0.0619469026548672,0.051062,0.0,0.0,0.0,0.72309315,0.72804445,0.7631507,0.0619469026548672,5,0
DB00569,115,0,train,1.0,1.0,0.136169,0.0,0.0,0.0,0.7773256,0.83072424,0.7667451,0.0132450331125827,0.136169,0.0,0.0,0.0,0.7773256,0.83072424,0.7667451,0.0132450331125827,5,0
DB00175,396,0,train,11.0,2.0,0.12587,0.0,0.0196078431372549,0.0,0.7746484,0.82810116,0.7666505,0.1721311475409836,1.38457,0.0,0.0392156862745098,0.0,1.5492968,1.65620232,1.533301,0.3442622950819672,5,0
DB00788,206,0,train,1.0,10.0,0.179471,0.0,0.0,0.0,0.44211438,0.74543405,0.55690944,0.0985915492957746,0.179471,0.0,0.0,0.0,4.421143799999999,7.4543405,5.5690944,0.985915492957746,5,0
DB00368,6,0,train,4.0,1.0,0.144602,0.0,0.0625,0.0,0.79386914,0.7308153,0.76540244,0.0957446808510638,0.578408,0.0,0.0625,0.0,0.79386914,0.7308153,0.76540244,0.0957446808510638,5,0
DB00523,306,0,train,1.0,0.0,0.0,0.0,0.02,0.0,0.7407733,0.7040634,0.57717556,0.0948275862068965,0.0,0.0,0.0,0.0,0.0,0.0,0.0,0.0,5,0
DB01214,271,0,train,9.0,3.0,0.219978,0.0,0.0441176470588235,0.0,0.82632387,0.7689035,0.7759684,0.1206896551724138,1.979802,0.0,0.1323529411764705,0.0,2.47897161,2.3067105,2.3279052,0.3620689655172414,5,0
DB00175,189,0,train,1.0,2.0,0.129839,0.0,0.1071428571428571,0.0,0.6326653,0.68733346,0.6391789,0.1543209876543209,0.129839,0.0,0.2142857142857142,0.0,1.2653306,1.37466692,1.2783578,0.3086419753086418,5,0
DB00396,146,0,train,8.0,1.0,0.0,0.0454545454545454,0.2087912087912088,0.0,0.7677632,0.71613216,0.78073835,0.1098901098901098,0.0,0.0454545454545454,0.2087912087912088,0.0,0.7677632,0.71613216,0.78073835,0.1098901098901098,5,0
DB00470,83,0,train,3.0,1.0,0.087743,0.0,0.1842105263157894,0.0,0.76094466,0.6784697,0.7695818,0.1587301587301587,0.263229,0.0,0.1842105263157894,0.0,0.76094466,0.6784697,0.7695818,0.1587301587301587,5,0
DB01203,242,0,train,0.0,4.0,0.148981,0.0,0.0,0.0,0.0,0.0,0.0,0.0,0.0,0.0,0.0,0.0,0.0,0.0,0.0,0.0,5,0
DB00881,162,0,train,5.0,3.0,0.172151,0.0,0.119047619047619,0.0,0.89913654,0.78736144,0.86652046,0.2521739130434782,0.8607549999999999,0.0,0.357142857142857,0.0,2.69740962,2.36208432,2.59956138,0.7565217391304346,5,0
DB00987,291,0,train,1.0,8.0,0.219686,0.0,0.0851063829787234,0.0,0.62368214,0.53677875,0.51445216,0.0756302521008403,0.219686,0.0,0.6808510638297872,0.0,4.98945712,4.29423,4.11561728,0.6050420168067224,5,0
DB00535,191,0,train,0.0,1.0,0.0,0.0,0.0,0.0,0.0,0.0,0.0,0.0,0.0,0.0,0.0,0.0,0.0,0.0,0.0,0.0,5,0
DB00384,398,0,train,1.0,2.0,0.217805,0.0,0.0128205128205128,0.0,0.6663559,0.7270665,0.6438187,0.2023809523809523,0.217805,0.0,0.0256410256410256,0.0,1.3327118,1.454133,1.2876374,0.4047619047619046,5,0
DB00991,10,0,train,6.0,4.0,0.103509,0.0,0.048780487804878,0.0,0.8258994,0.90220857,0.7493429,0.1885245901639344,0.621054,0.0,0.195121951219512,0.0,3.3035976,3.60883428,2.9973716,0.7540983606557377,5,0
DB00654,392,0,train,21.0,3.0,0.113513,0.0,0.0754716981132075,0.0,0.7446513,0.73847836,0.67246354,0.1896551724137931,2.383773,0.0,0.2264150943396225,0.0,2.2339539,2.21543508,2.01739062,0.5689655172413792,5,0
DB00280,340,0,train,1.0,1.0,0.0,0.0,0.0727272727272727,0.0,0.6993687,0.6114382,0.5855656,0.1164021164021164,0.0,0.0,0.0727272727272727,0.0,0.6993687,0.6114382,0.5855656,0.1164021164021164,5,0
DB00186,125,0,train,11.0,3.0,0.192917,0.175,0.208955223880597,0.0,0.8588122,0.86241615,0.8280612,0.3033707865168539,2.122087,0.5249999999999999,0.6268656716417911,0.0,2.5764366,2.58724845,2.4841836,0.9101123595505616,5,0
DB00393,12,0,train,6.0,2.0,0.075039,0.0,0.0769230769230769,0.0,0.7413384,0.8053494,0.77853966,0.1652892561983471,0.4502339999999999,0.0,0.1538461538461538,0.0,1.4826768,1.6106988,1.55707932,0.3305785123966942,5,0
DB00999,180,0,train,0.0,6.0,0.149892,0.0,0.0,0.0,0.0,0.0,0.0,0.0,0.0,0.0,0.0,0.0,0.0,0.0,0.0,0.0,5,0
DB00674,19,0,train,9.0,8.0,0.091037,0.0,0.109090909090909,0.0,0.7679501,0.6476997,0.8085175,0.1457286432160804,0.8193330000000001,0.0,0.872727272727272,0.0,6.1436008,5.1815976,6.46814,1.1658291457286432,5,0
DB00532,213,0,train,1.0,1.0,0.0,0.0,0.0,0.0,0.8489874,0.76938784,0.7814922,0.0277777777777777,0.0,0.0,0.0,0.0,0.8489874,0.76938784,0.7814922,0.0277777777777777,5,0
DB00458,33,0,train,1.0,3.0,0.133533,0.0,0.1074380165289256,0.0,0.6943326,0.87529767,0.7277048,0.2,0.133533,0.0,0.3223140495867768,0.0,2.0829978,2.62589301,2.1831144,0.6000000000000001,5,0
DB00917,387,0,train,4.0,1.0,0.0,0.0,0.0,0.0,0.6614307,0.7817595,0.77038884,0.1222222222222222,0.0,0.0,0.0,0.0,0.6614307,0.7817595,0.77038884,0.1222222222222222,5,0
DB00679,141,0,train,1.0,1.0,0.265405,0.0,0.12,0.0,0.7454227,0.79753214,0.66762066,0.152,0.265405,0.0,0.12,0.0,0.7454227,0.79753214,0.66762066,0.152,5,0
DB00203,94,0,train,14.0,3.0,0.384394,0.0,0.1538461538461538,0.0,0.8438805,0.7827643,0.7398698,0.1923076923076923,5.381516,0.0,0.4615384615384614,0.0,2.5316415,2.3482929,2.2196094,0.5769230769230769,5,0
DB00413,388,0,train,4.0,10.0,0.25575,0.0,0.0784313725490196,0.0,0.8376484,0.7687042,0.8434292,0.1428571428571428,1.023,0.0,0.7843137254901961,0.0,8.376484,7.687042,8.434292,1.428571428571428,5,0
DB00717,230,0,train,1.0,5.0,0.239503,0.0,0.0169491525423728,0.0,0.56078684,0.7462901,0.6571838,0.0689655172413793,0.239503,0.0,0.084745762711864,0.0,2.8039342,3.7314505,3.285919,0.3448275862068964,5,0
DB00376,318,0,train,13.0,6.0,0.059363,0.0,0.0,0.0,0.8060169,0.8039007,0.8123516,0.24,0.771719,0.0,0.0,0.0,4.8361014,4.823404200000001,4.8741096,1.44,5,0
DB01268,265,0,train,3.0,1.0,0.151127,0.0,0.1481481481481481,0.0,0.84630805,0.7799554,0.5977658,0.0744680851063829,0.453381,0.0,0.1481481481481481,0.0,0.84630805,0.7799554,0.5977658,0.0744680851063829,5,0
DB01003,172,0,train,3.0,2.0,0.231215,0.0,0.03125,0.0,0.8088857,0.8664047,0.80376756,0.1964285714285714,0.6936450000000001,0.0,0.0625,0.0,1.6177714,1.7328094,1.60753512,0.3928571428571428,5,0
DB00318,236,0,train,1.0,3.0,0.118256,0.0,0.0945945945945946,0.0,0.79103035,0.57412535,0.8695533,0.1478260869565217,0.118256,0.0,0.2837837837837837,0.0,2.37309105,1.7223760499999998,2.6086599,0.4434782608695651,5,0
DB00448,47,0,train,1.0,3.0,0.21079,0.0,0.134020618556701,0.0,0.7611971,0.57633495,0.79332167,0.173076923076923,0.21079,0.0,0.402061855670103,0.0,2.2835913,1.72900485,2.37996501,0.5192307692307689,5,0
DB01039,58,0,train,2.0,2.0,0.220267,0.0,0.0140845070422535,0.0,0.78515834,0.79962367,0.72542953,0.1008064516129032,0.440534,0.0,0.028169014084507,0.0,1.57031668,1.59924734,1.45085906,0.2016129032258064,5,0
DB00588,144,0,train,8.0,4.0,0.16777,0.0,0.1774193548387097,0.0,0.78010416,0.7699292,0.8295441,0.1809523809523809,1.34216,0.0,0.7096774193548387,0.0,3.12041664,3.0797168,3.3181764,0.7238095238095236,5,0
DB01035,326,0,train,1.0,2.0,0.0,0.0,0.0392156862745098,0.0,0.6622019,0.7847144,0.6415685,0.1074380165289256,0.0,0.0,0.0784313725490196,0.0,1.3244038,1.5694288,1.283137,0.2148760330578512,5,0
DB00307,153,0,train,7.0,2.0,0.147836,0.0,0.1136363636363636,0.0,0.78639185,0.7514887,0.77971137,0.1666666666666666,1.034852,0.0,0.2272727272727272,0.0,1.5727837,1.5029774,1.55942274,0.3333333333333332,5,0
DB00998,271,0,train,9.0,2.0,0.182384,0.0,0.0638297872340425,0.0,0.7565446,0.8400196,0.78365695,0.1940298507462686,1.6414559999999998,0.0,0.127659574468085,0.0,1.5130892,1.6800392,1.5673139,0.3880597014925372,5,0
DB00281,364,0,train,11.0,0.0,0.0,0.0,0.2278481012658227,0.0,0.48984152,0.78585577,0.82333463,0.2702702702702703,0.0,0.0,0.0,0.0,0.0,0.0,0.0,0.0,5,0
DB00376,85,0,train,6.0,6.0,0.251036,0.0,0.0,0.0,0.7798391,0.766852,0.67727345,0.1239316239316239,1.5062159999999998,0.0,0.0,0.0,4.6790346,4.601112,4.0636407000000005,0.7435897435897434,5,0
DB01576,399,0,train,5.0,2.0,0.107055,0.0,0.0434782608695652,0.0,0.7112073,0.7983289,0.64805216,0.0859375,0.535275,0.0,0.0869565217391304,0.0,1.4224146,1.5966578,1.29610432,0.171875,5,0
DB01080,156,0,train,6.0,2.0,0.0,0.0,0.0526315789473684,0.0,0.709326,0.83354056,0.8198912,0.1625,0.0,0.0,0.1052631578947368,0.0,1.418652,1.66708112,1.6397824,0.325,5,0
DB00295,126,0,train,1.0,0.0,0.0,0.0,0.1521739130434782,0.0,0.8077675,0.85102284,0.65673,0.1007751937984496,0.0,0.0,0.0,0.0,0.0,0.0,0.0,0.0,5,0
DB00160,268,0,train,4.0,1.0,0.35172,0.0,0.0,0.0,0.5233003,0.74998,0.7089292,0.0459770114942528,1.40688,0.0,0.0,0.0,0.5233003,0.74998,0.7089292,0.0459770114942528,5,0
DB00636,332,0,train,6.0,1.0,0.079808,0.0,0.1351351351351351,0.0,0.81596893,0.82434785,0.80591285,0.2702702702702703,0.478848,0.0,0.1351351351351351,0.0,0.81596893,0.82434785,0.80591285,0.2702702702702703,5,0
DB00736,107,0,train,8.0,3.0,0.16972,0.0,0.1914893617021276,0.0,0.8782822,0.87396884,0.86965287,0.1478260869565217,1.35776,0.0,0.5744680851063828,0.0,2.6348466,2.62190652,2.60895861,0.4434782608695651,5,0
DB00694,154,0,train,1.0,4.0,0.160989,0.0,0.1690140845070422,0.0,0.8171637,0.66692543,0.7334688,0.1756756756756756,0.160989,0.0,0.6760563380281688,0.0,3.2686548,2.66770172,2.9338752,0.7027027027027024,5,0
DB00437,115,0,train,1.0,1.0,0.0,0.0,0.0,0.0,0.8225087,0.56358725,0.80328494,0.0543478260869565,0.0,0.0,0.0,0.0,0.8225087,0.56358725,0.80328494,0.0543478260869565,5,0
DB01095,324,0,train,2.0,1.0,0.0,0.0666666666666666,0.0,0.0,0.7197057,0.73566425,0.75874734,0.075,0.0,0.0666666666666666,0.0,0.0,0.7197057,0.73566425,0.75874734,0.075,5,0
DB00589,190,0,train,5.0,7.0,0.114484,0.0,0.0483870967741935,0.0,0.57132715,0.7590629,0.7038388,0.1437908496732026,0.57242,0.0,0.3387096774193545,0.0,3.99929005,5.3134403,4.9268716,1.0065359477124185,5,0
DB00331,360,0,train,7.0,7.0,0.129879,0.0,0.0256410256410256,0.0,0.7846738,0.8478993,0.7156503,0.1379310344827586,0.909153,0.0,0.1794871794871791,0.0,5.4927166,5.9352951,5.0095521,0.9655172413793102,5,0
DB00603,221,0,train,6.0,3.0,0.084996,0.0,0.0147058823529411,0.0,0.82159203,0.85675734,0.8267012,0.1642857142857142,0.509976,0.0,0.0441176470588233,0.0,2.46477609,2.57027202,2.4801036,0.4928571428571426,5,0
DB01161,218,0,train,2.0,1.0,0.027583,0.0,0.0,0.0,0.6916017,0.82533205,0.74235785,0.1475409836065573,0.055166,0.0,0.0,0.0,0.6916017,0.82533205,0.74235785,0.1475409836065573,5,0
DB00428,338,0,train,1.0,1.0,0.108138,0.0,0.0,0.0,0.7041991,0.6595602,0.6673248,0.2181818181818181,0.108138,0.0,0.0,0.0,0.7041991,0.6595602,0.6673248,0.2181818181818181,5,0
DB00104,252,0,train,4.0,1.0,0.209975,0.0,0.109090909090909,0.0,0.8819108,0.7880489,0.8334605,0.146875,0.8399,0.0,0.109090909090909,0.0,0.8819108,0.7880489,0.8334605,0.146875,5,0
DB01406,319,0,train,2.0,5.0,0.072325,0.0,0.0212765957446808,0.0,0.7593787,0.8311543,0.7975049,0.0909090909090909,0.14465,0.0,0.1063829787234039,0.0,3.7968935,4.1557715,3.9875245,0.4545454545454545,5,0
DB01002,402,0,train,3.0,1.0,0.0,0.0,0.0769230769230769,0.0,0.78024864,0.77548975,0.6365458,0.1504424778761062,0.0,0.0,0.0769230769230769,0.0,0.78024864,0.77548975,0.6365458,0.1504424778761062,5,0
DB00928,150,0,train,1.0,2.0,0.02757,0.0,0.0526315789473684,0.0,0.8136814,0.7105284,0.7922513,0.0396039603960396,0.02757,0.0,0.1052631578947368,0.0,1.6273628,1.4210568,1.5845026,0.0792079207920792,5,0
DB00605,57,0,train,2.0,6.0,0.049172,0.0,0.0192307692307692,0.0,0.8090087,0.85710865,0.6198602,0.1093117408906882,0.098344,0.0,0.1153846153846152,0.0,4.8540522,5.142651900000001,3.7191612,0.6558704453441292,5,0
DB01250,26,0,train,1.0,0.0,0.0,0.0,0.0135135135135135,0.0,0.7448569,0.67635024,0.7369446,0.192,0.0,0.0,0.0,0.0,0.0,0.0,0.0,0.0,5,0
DB00642,354,0,train,7.0,0.0,0.0,0.0,0.1081081081081081,0.0,0.72660947,0.83314145,0.78119624,0.1304347826086956,0.0,0.0,0.0,0.0,0.0,0.0,0.0,0.0,5,0
DB00535,360,0,train,7.0,1.0,0.0,0.0,0.0238095238095238,0.0,0.7264498,0.8077542,0.8006999,0.1333333333333333,0.0,0.0,0.0238095238095238,0.0,0.7264498,0.8077542,0.8006999,0.1333333333333333,5,0
DB00956,157,0,train,5.0,2.0,0.063641,0.0,0.0666666666666666,0.0,0.7964616,0.7798512,0.74868715,0.1691176470588235,0.318205,0.0,0.1333333333333332,0.0,1.5929232,1.5597024,1.4973743,0.338235294117647,5,0
DB00548,200,0,train,2.0,1.0,0.10557,0.0,0.0263157894736842,0.0,0.74042404,0.66502845,0.63610363,0.0238095238095238,0.21114,0.0,0.0263157894736842,0.0,0.74042404,0.66502845,0.63610363,0.0238095238095238,5,0
DB01188,187,0,train,1.0,1.0,0.113538,0.0,0.0,0.0,0.536834,0.8089781,0.70737374,0.0975609756097561,0.113538,0.0,0.0,0.0,0.536834,0.8089781,0.70737374,0.0975609756097561,5,0
DB04571,178,0,train,1.0,1.0,0.205382,0.0,0.0172413793103448,0.0,0.5640172,0.5628791,0.6360684,0.0825688073394495,0.205382,0.0,0.0172413793103448,0.0,0.5640172,0.5628791,0.6360684,0.0825688073394495,5,0
DB00421,167,0,train,1.0,6.0,0.102826,0.0,0.0,0.0,0.78935695,0.8227926,0.67101806,0.0588235294117647,0.102826,0.0,0.0,0.0,4.736141699999999,4.9367556,4.02610836,0.3529411764705882,5,0
DB00569,193,0,train,0.0,1.0,0.072852,0.0,0.0,0.0,0.0,0.0,0.0,0.0,0.0,0.0,0.0,0.0,0.0,0.0,0.0,0.0,5,0
DB00175,339,0,train,0.0,2.0,0.17337,0.0,0.0,0.0,0.0,0.0,0.0,0.0,0.0,0.0,0.0,0.0,0.0,0.0,0.0,0.0,5,0
DB04861,167,0,train,1.0,4.0,0.102826,0.0,0.0408163265306122,0.0,0.7573645,0.7522871,0.682957,0.0185185185185185,0.102826,0.0,0.1632653061224488,0.0,3.029458,3.0091484,2.731828,0.074074074074074,5,0
DB00295,100,0,train,7.0,0.0,0.0,0.0,0.08,0.0,0.8109635,0.8319746,0.79917526,0.1565217391304348,0.0,0.0,0.0,0.0,0.0,0.0,0.0,0.0,5,0
DB00316,185,0,train,1.0,3.0,0.140676,0.0,0.0208333333333333,0.0,0.66073936,0.84394664,0.52179164,0.0512820512820512,0.140676,0.0,0.0624999999999999,0.0,1.98221808,2.53183992,1.56537492,0.1538461538461535,5,0
DB00381,58,0,train,2.0,5.0,0.13406,0.0,0.0138888888888888,0.0,0.8099786,0.82173586,0.82701135,0.1146245059288537,0.26812,0.0,0.069444444444444,0.0,4.049893,4.1086793,4.13505675,0.5731225296442686,5,0
DB00770,347,0,train,33.0,1.0,0.143301,0.0,0.0491803278688524,0.0,0.8372296,0.7986809,0.85872555,0.160377358490566,4.7289330000000005,0.0,0.0491803278688524,0.0,0.8372296,0.7986809,0.85872555,0.160377358490566,5,0
DB01156,379,0,train,4.0,1.0,0.060923,0.0,0.1071428571428571,0.0,0.86215276,0.86233777,0.8403435,0.1772151898734177,0.243692,0.0,0.1071428571428571,0.0,0.86215276,0.86233777,0.8403435,0.1772151898734177,5,0
DB00131,364,0,train,11.0,1.0,0.093865,0.0,0.0434782608695652,0.0,0.71285236,0.7287992,0.7277109,0.1235955056179775,1.032515,0.0,0.0434782608695652,0.0,0.71285236,0.7287992,0.7277109,0.1235955056179775,5,0
DB00783,230,0,train,1.0,4.0,0.201934,0.0,0.0138888888888888,0.0,0.59324247,0.61900985,0.79443586,0.0864197530864197,0.201934,0.0,0.0555555555555552,0.0,2.37296988,2.4760394,3.17774344,0.3456790123456788,5,0
DB00448,232,0,train,2.0,3.0,0.233284,0.0,0.0181818181818181,0.0,0.5205848,0.7951986,0.8236543,0.0273972602739726,0.466568,0.0,0.0545454545454543,0.0,1.5617544,2.3855958,2.4709629,0.0821917808219178,5,0
DB00622,323,0,train,1.0,1.0,0.088593,0.0,0.0125,0.0,0.7916613,0.57226354,0.8290556,0.1570881226053639,0.088593,0.0,0.0125,0.0,0.7916613,0.57226354,0.8290556,0.1570881226053639,5,0
DB00871,379,0,train,4.0,2.0,0.077774,0.0,0.074074074074074,0.0,0.737704,0.7781642,0.75586694,0.1411764705882353,0.311096,0.0,0.148148148148148,0.0,1.475408,1.5563284,1.51173388,0.2823529411764706,5,0
DB00289,72,0,train,2.0,1.0,0.073342,0.0,0.0294117647058823,0.0,0.77268934,0.7131623,0.73151094,0.125,0.146684,0.0,0.0294117647058823,0.0,0.77268934,0.7131623,0.73151094,0.125,5,0
DB01214,101,0,train,1.0,3.0,0.080836,0.0,0.0153846153846153,0.0,0.7296584,0.64542705,0.63903946,0.1206030150753768,0.080836,0.0,0.0461538461538459,0.0,2.1889752,1.93628115,1.91711838,0.3618090452261304,5,0
DB01003,383,0,train,1.0,2.0,0.285674,0.0,0.0232558139534883,0.0,0.67910737,0.72354,0.71273786,0.0384615384615384,0.285674,0.0,0.0465116279069766,0.0,1.35821474,1.44708,1.42547572,0.0769230769230768,5,0
DB01196,241,0,train,1.0,2.0,0.201292,0.0,0.0681818181818181,0.0,0.7327862,0.7715111,0.7387015,0.1571428571428571,0.201292,0.0,0.1363636363636362,0.0,1.4655724,1.5430222,1.477403,0.3142857142857142,5,0
DB01258,245,0,train,7.0,2.0,0.075078,0.0,0.087719298245614,0.0,0.77472734,0.82849014,0.7163686,0.1398305084745762,0.5255460000000001,0.0,0.175438596491228,0.0,1.54945468,1.65698028,1.4327372,0.2796610169491524,5,0
DB00468,271,0,train,9.0,1.0,0.134383,0.0,0.0963855421686747,0.0,0.830371,0.7756754,0.85957366,0.1297709923664122,1.209447,0.0,0.0963855421686747,0.0,0.830371,0.7756754,0.85957366,0.1297709923664122,5,0
DB01246,147,0,train,4.0,3.0,0.209577,0.0,0.0526315789473684,0.0,0.84431237,0.7768059,0.81347644,0.0857142857142857,0.838308,0.0,0.1578947368421052,0.0,2.53293711,2.3304177,2.44042932,0.2571428571428571,5,0
DB00747,195,0,train,2.0,7.0,0.181818,0.0,0.0833333333333333,0.0,0.8257105,0.7072221,0.78229845,0.1346153846153846,0.363636,0.0,0.5833333333333331,0.0,5.7799735000000005,4.9505547,5.47608915,0.9423076923076924,5,0
DB01427,115,0,train,1.0,0.0,0.0,0.0,0.0,0.0,0.78931475,0.4378124,0.5847239,0.1020408163265306,0.0,0.0,0.0,0.0,0.0,0.0,0.0,0.0,5,0
DB01129,358,0,train,37.0,3.0,0.0,0.0,0.175,0.0,0.83711976,0.8595154,0.8769905,0.2272727272727272,0.0,0.0,0.5249999999999999,0.0,2.51135928,2.5785462,2.6309715,0.6818181818181817,5,0
DB01125,116,0,train,0.0,0.0,0.0,0.0,0.0,0.0,0.0,0.0,0.0,0.0,0.0,0.0,0.0,0.0,0.0,0.0,0.0,0.0,5,0
DB00490,358,0,train,37.0,3.0,0.058684,0.0833333333333333,0.2564102564102564,0.0,0.80952966,0.86514205,0.83048576,0.226890756302521,2.171308,0.2499999999999999,0.7692307692307692,0.0,2.42858898,2.59542615,2.49145728,0.680672268907563,5,0
DB00750,208,0,train,11.0,1.0,0.0,0.0,0.0224719101123595,0.0,0.5620091,0.8046223,0.6599804,0.136,0.0,0.0,0.0224719101123595,0.0,0.5620091,0.8046223,0.6599804,0.136,5,0
DB00704,250,0,train,2.0,1.0,0.067399,0.0,0.027027027027027,0.0,0.6429355,0.6516429,0.76057875,0.1367521367521367,0.134798,0.0,0.027027027027027,0.0,0.6429355,0.6516429,0.76057875,0.1367521367521367,5,0
DB00933,404,0,train,5.0,1.0,0.082318,0.0,0.0833333333333333,0.0,0.74986815,0.7573502,0.6681445,0.1401869158878504,0.41159,0.0,0.0833333333333333,0.0,0.74986815,0.7573502,0.6681445,0.1401869158878504,5,0
DB00352,236,0,train,1.0,1.0,0.159318,0.0,0.0491803278688524,0.0,0.85815036,0.70275366,0.7053975,0.0526315789473684,0.159318,0.0,0.0491803278688524,0.0,0.85815036,0.70275366,0.7053975,0.0526315789473684,5,0
DB01576,157,0,train,5.0,2.0,0.058408,0.0,0.0517241379310344,0.0,0.80503106,0.84161276,0.79259706,0.2,0.29204,0.0,0.1034482758620688,0.0,1.61006212,1.68322552,1.58519412,0.4,5,0
DB01246,261,0,train,1.0,3.0,0.095289,0.0,0.0769230769230769,0.0,0.75788265,0.7980396,0.6879596,0.1826923076923076,0.095289,0.0,0.2307692307692307,0.0,2.27364795,2.3941188,2.0638788,0.5480769230769228,5,0
DB00394,331,0,train,11.0,6.0,0.098961,0.0,0.1470588235294117,0.0,0.8473883,0.7959866,0.7840567,0.1734104046242774,1.088571,0.0,0.8823529411764701,0.0,5.0843298,4.7759196,4.704340200000001,1.0404624277456644,5,0
DB00773,179,0,train,1.0,2.0,0.085357,0.0,0.0158730158730158,0.0,0.47253948,0.7012029,0.70162886,0.079136690647482,0.085357,0.0,0.0317460317460316,0.0,0.94507896,1.4024058,1.40325772,0.158273381294964,5,0
DB01262,337,0,train,1.0,2.0,0.041559,0.0,0.0,0.0,0.69826925,0.5535581,0.6802253,0.0792079207920792,0.041559,0.0,0.0,0.0,1.3965385,1.1071162,1.3604506,0.1584158415841584,5,0
DB00175,322,0,train,22.0,2.0,0.170045,0.2,0.0422535211267605,0.0,0.82327104,0.9045193,0.7922312,0.1944444444444444,3.74099,0.4,0.084507042253521,0.0,1.64654208,1.8090386,1.5844624,0.3888888888888888,5,0
DB00906,119,0,train,3.0,1.0,0.0,0.0,0.0625,0.0,0.81081843,0.77368486,0.8114368,0.1526717557251908,0.0,0.0,0.0625,0.0,0.81081843,0.77368486,0.8114368,0.1526717557251908,5,0
DB00502,188,0,train,12.0,3.0,0.153694,0.05,0.1232876712328767,0.0,0.81156546,0.8129166,0.8350714,0.2337662337662337,1.844328,0.15,0.3698630136986301,0.0,2.43469638,2.4387498,2.5052142,0.7012987012987011,5,0
DB00204,215,0,train,1.0,2.0,0.154557,0.0,0.0,0.0,0.7679203,0.72940075,0.6863202,0.0434782608695652,0.154557,0.0,0.0,0.0,1.5358406,1.4588015,1.3726404,0.0869565217391304,5,0
DB01406,145,0,train,6.0,5.0,0.269573,0.0,0.1,0.0,0.83935475,0.83369434,0.7942901,0.0839160839160839,1.617438,0.0,0.5,0.0,4.19677375,4.1684717,3.9714505,0.4195804195804195,5,0
DB00457,6,0,train,4.0,7.0,0.352973,0.0,0.064516129032258,0.0,0.79520655,0.76891243,0.8134971,0.1258278145695364,1.411892,0.0,0.4516129032258059,0.0,5.56644585,5.38238701,5.6944797,0.8807947019867548,5,0
DB00663,12,0,train,6.0,4.0,0.180309,0.0,0.1428571428571428,0.0,0.8394209,0.8839357,0.8721491,0.1063829787234042,1.081854,0.0,0.5714285714285712,0.0,3.3576836,3.5357428,3.4885964,0.4255319148936168,5,0
DB01151,152,0,train,4.0,3.0,0.10734,0.3809523809523809,0.32,0.0,0.9200736,0.92915314,0.8854268,0.3469387755102041,0.42936,1.1428571428571426,0.96,0.0,2.7602208,2.78745942,2.6562804,1.0408163265306123,5,0
DB00903,56,0,train,4.0,5.0,0.121024,0.0,0.0769230769230769,0.0,0.81839204,0.8388379,0.7239782,0.2268041237113402,0.484096,0.0,0.3846153846153844,0.0,4.0919602,4.1941895,3.619891,1.134020618556701,5,0
DB01223,163,0,train,15.0,3.0,0.107986,0.0,0.109375,0.0,0.8484793,0.86401474,0.75267315,0.1587301587301587,1.61979,0.0,0.328125,0.0,2.5454379,2.59204422,2.25801945,0.476190476190476,5,0
DB01012,58,0,train,2.0,1.0,0.082189,0.0,0.0434782608695652,0.0,0.8318199,0.76954263,0.84096307,0.1387755102040816,0.164378,0.0,0.0434782608695652,0.0,0.8318199,0.76954263,0.84096307,0.1387755102040816,5,0
DB00449,335,0,train,3.0,4.0,0.243816,0.0,0.0285714285714285,0.0,0.8311002,0.7781008,0.7730519,0.2195121951219512,0.731448,0.0,0.114285714285714,0.0,3.3244008,3.1124032,3.0922076,0.8780487804878048,5,0
DB00304,325,0,train,5.0,2.0,0.062126,0.0,0.0746268656716417,0.0,0.7222862,0.74005806,0.77113086,0.0510204081632653,0.31063,0.0,0.1492537313432834,0.0,1.4445724,1.48011612,1.54226172,0.1020408163265306,5,0
DB00770,31,0,train,1.0,1.0,0.071462,0.0,0.0,0.0,0.82074994,0.62861997,0.64163804,0.0782608695652174,0.071462,0.0,0.0,0.0,0.82074994,0.62861997,0.64163804,0.0782608695652174,5,0
DB01244,367,0,train,1.0,1.0,0.069723,0.0,0.1176470588235294,0.0,0.64561987,0.7416674,0.556057,0.096551724137931,0.069723,0.0,0.1176470588235294,0.0,0.64561987,0.7416674,0.556057,0.096551724137931,5,0
DB00968,57,0,train,2.0,1.0,0.087718,0.0,0.0517241379310344,0.0,0.80921185,0.7542647,0.9032718,0.1129032258064516,0.175436,0.0,0.0517241379310344,0.0,0.80921185,0.7542647,0.9032718,0.1129032258064516,5,0
DB00203,128,0,train,22.0,3.0,0.124409,0.0,0.1967213114754098,0.0,0.8776293,0.738724,0.80045456,0.1865671641791045,2.7369980000000003,0.0,0.5901639344262294,0.0,2.6328879,2.2161720000000003,2.40136368,0.5597014925373135,5,0
DB01181,340,0,train,1.0,5.0,0.086275,0.0,0.0769230769230769,0.0,0.71935433,0.7217032,0.6591905,0.0710059171597633,0.086275,0.0,0.3846153846153844,0.0,3.59677165,3.608516,3.2959525000000003,0.3550295857988165,5,0
DB00594,115,0,train,1.0,3.0,0.245363,0.0,0.0,0.0,0.80959153,0.6928308,0.7893472,0.019047619047619,0.245363,0.0,0.0,0.0,2.42877459,2.0784924,2.3680416,0.057142857142857,5,0
DB00822,288,0,train,1.0,1.0,0.167757,0.0,0.0405405405405405,0.0,0.6980366,0.7933531,0.7297065,0.036697247706422,0.167757,0.0,0.0405405405405405,0.0,0.6980366,0.7933531,0.7297065,0.036697247706422,5,0
DB00278,198,0,train,1.0,1.0,0.045881,0.0,0.0,0.0,0.74257725,0.7314939,0.7564432,0.0952380952380952,0.045881,0.0,0.0,0.0,0.74257725,0.7314939,0.7564432,0.0952380952380952,5,0
DB01002,153,0,train,7.0,1.0,0.044766,0.0,0.0784313725490196,0.0,0.8008394,0.84790194,0.63422644,0.1415094339622641,0.313362,0.0,0.0784313725490196,0.0,0.8008394,0.84790194,0.63422644,0.1415094339622641,5,0
DB01246,126,0,train,1.0,3.0,0.104306,0.0,0.0512820512820512,0.0,0.6756633,0.7779845,0.73563844,0.0839694656488549,0.104306,0.0,0.1538461538461535,0.0,2.0269899,2.3339535,2.20691532,0.2519083969465647,5,0
DB00421,373,0,train,2.0,6.0,0.167526,0.0,0.0256410256410256,0.0,0.8373971,0.79489046,0.8493337,0.0814814814814814,0.335052,0.0,0.1538461538461535,0.0,5.0243826,4.76934276,5.0960022,0.4888888888888884,5,0
DB00983,195,0,train,2.0,3.0,0.09278,0.0,0.0,0.0,0.7532707,0.76488435,0.73779637,0.2019230769230769,0.18556,0.0,0.0,0.0,2.2598121,2.29465305,2.21338911,0.6057692307692307,5,0
DB00206,350,0,train,4.0,2.0,0.289606,0.0,0.0657894736842105,0.0,0.76328224,0.83226955,0.8531959,0.1197183098591549,1.158424,0.0,0.131578947368421,0.0,1.52656448,1.6645391,1.7063918,0.2394366197183098,5,0
DB00724,130,0,train,9.0,1.0,0.234357,0.0,0.0869565217391304,0.0,0.7737165,0.7661726,0.7228907,0.1111111111111111,2.109213,0.0,0.0869565217391304,0.0,0.7737165,0.7661726,0.7228907,0.1111111111111111,5,0
DB00593,68,0,train,11.0,0.0,0.0,0.0,0.1304347826086956,0.0,0.82089347,0.7419498,0.7793696,0.1506849315068493,0.0,0.0,0.0,0.0,0.0,0.0,0.0,0.0,5,0
DB00388,295,0,train,1.0,5.0,0.296429,0.0,0.05,0.0,0.6344251,0.802587,0.72369695,0.1739130434782608,0.296429,0.0,0.25,0.0,3.1721255,4.012935000000001,3.61848475,0.869565217391304,5,0
DB00480,114,0,train,3.0,1.0,0.096814,0.0,0.2,0.0,0.87194103,0.7819451,0.8086112,0.1097560975609756,0.290442,0.0,0.2,0.0,0.87194103,0.7819451,0.8086112,0.1097560975609756,5,0
DB00864,287,0,train,1.0,1.0,0.094794,0.0,0.0923076923076923,0.0,0.8029143,0.8906118,0.80657816,0.1407035175879397,0.094794,0.0,0.0923076923076923,0.0,0.8029143,0.8906118,0.80657816,0.1407035175879397,5,0
DB00448,391,0,train,4.0,3.0,0.086807,0.0,0.0655737704918032,0.0,0.78652304,0.75044215,0.85102075,0.2,0.347228,0.0,0.1967213114754096,0.0,2.35956912,2.25132645,2.55306225,0.6000000000000001,5,0
DB00227,291,0,train,1.0,2.0,0.140623,0.0,0.1132075471698113,0.0,0.66861105,0.66548634,0.6622492,0.0945945945945946,0.140623,0.0,0.2264150943396226,0.0,1.3372221,1.33097268,1.3244984,0.1891891891891892,5,0
DB00468,96,0,train,1.0,1.0,0.098141,0.0,0.0869565217391304,0.0,0.7228777,0.5742433,0.65338546,0.0666666666666666,0.098141,0.0,0.0869565217391304,0.0,0.7228777,0.5742433,0.65338546,0.0666666666666666,5,0
DB01014,356,0,train,4.0,1.0,0.102097,0.064516129032258,0.2909090909090909,0.0,0.80222476,0.7577827,0.7933613,0.2159090909090909,0.408388,0.064516129032258,0.2909090909090909,0.0,0.80222476,0.7577827,0.7933613,0.2159090909090909,5,0
DB00186,165,0,train,1.0,3.0,0.134997,0.0,0.0555555555555555,0.0,0.6708923,0.7477236,0.79533714,0.0833333333333333,0.134997,0.0,0.1666666666666665,0.0,2.0126769,2.2431708,2.38601142,0.2499999999999999,5,0
DB01071,2,0,train,1.0,3.0,0.036345,0.0,0.0,0.0,0.7479137,0.64581007,0.6424439,0.0101010101010101,0.036345,0.0,0.0,0.0,2.2437411000000003,1.93743021,1.9273317,0.0303030303030303,5,0
DB00216,91,0,train,1.0,4.0,0.186028,0.0,0.0615384615384615,0.0,0.597832,0.6420777,0.77799463,0.1448275862068965,0.186028,0.0,0.246153846153846,0.0,2.391328,2.5683108,3.11197852,0.579310344827586,5,0
DB00957,82,0,train,1.0,2.0,0.114419,0.0,0.081967213114754,0.0,0.702278,0.7335059,0.8209589,0.0649350649350649,0.114419,0.0,0.163934426229508,0.0,1.404556,1.4670118,1.6419178,0.1298701298701298,5,0
DB00813,390,0,train,10.0,0.0,0.0,0.0,0.2037037037037037,0.0,0.82954276,0.81762874,0.82378113,0.2871287128712871,0.0,0.0,0.0,0.0,0.0,0.0,0.0,0.0,5,0
DB00754,67,0,train,2.0,1.0,0.152859,0.0,0.087719298245614,0.0,0.8565743,0.8523794,0.7927389,0.1388888888888889,0.305718,0.0,0.087719298245614,0.0,0.8565743,0.8523794,0.7927389,0.1388888888888889,5,0
DB01095,172,0,train,3.0,1.0,0.141953,0.0,0.1212121212121212,0.0,0.69385076,0.8487391,0.81941366,0.1598173515981735,0.425859,0.0,0.1212121212121212,0.0,0.69385076,0.8487391,0.81941366,0.1598173515981735,5,0
DB01105,69,0,train,11.0,3.0,0.183267,0.0,0.0909090909090909,0.0,0.7560277,0.8504067,0.8286729,0.131578947368421,2.015937,0.0,0.2727272727272727,0.0,2.2680831,2.5512201,2.4860187,0.3947368421052629,5,0
DB00530,333,0,train,1.0,1.0,0.02675,0.0,0.1020408163265306,0.0,0.64359194,0.61810493,0.0,0.1324503311258278,0.02675,0.0,0.1020408163265306,0.0,0.64359194,0.61810493,0.0,0.1324503311258278,5,0
DB00492,102,0,train,1.0,4.0,0.069955,0.0,0.0151515151515151,0.0,0.69031364,0.65017295,0.60313225,0.1288343558282208,0.069955,0.0,0.0606060606060604,0.0,2.76125456,2.6006918,2.412529,0.5153374233128832,5,0
DB00332,8,0,train,8.0,2.0,0.169799,0.0,0.0454545454545454,0.0,0.8593702,0.849342,0.8100584,0.1935483870967742,1.358392,0.0,0.0909090909090908,0.0,1.7187404,1.698684,1.6201168,0.3870967741935484,5,0
DB00179,134,0,train,15.0,1.0,0.0,0.0,0.1333333333333333,0.0,0.7811608,0.86766386,0.7862054,0.3661971830985915,0.0,0.0,0.1333333333333333,0.0,0.7811608,0.86766386,0.7862054,0.3661971830985915,5,0
DB00158,306,0,train,1.0,0.0,0.0,0.0,0.0408163265306122,0.0,0.63376176,0.81103563,0.65407753,0.0902777777777777,0.0,0.0,0.0,0.0,0.0,0.0,0.0,0.0,5,0
DB00768,66,0,train,1.0,3.0,0.045094,0.0,0.0909090909090909,0.0,0.7823078,0.60604924,0.7343755,0.1654135338345864,0.045094,0.0,0.2727272727272727,0.0,2.3469234,1.81814772,2.2031265,0.4962406015037592,5,0
DB01229,83,0,train,3.0,2.0,0.137921,0.0,0.1643835616438356,0.0,0.6803891,0.7503046,0.72381383,0.2327586206896551,0.413763,0.0,0.3287671232876712,0.0,1.3607782,1.5006092,1.44762766,0.4655172413793102,5,0
DB00835,75,0,train,2.0,5.0,0.140262,0.0,0.1071428571428571,0.0,0.7459402,0.86946326,0.6857074,0.2105263157894736,0.280524,0.0,0.5357142857142855,0.0,3.729701,4.3473163,3.428537,1.052631578947368,5,0
DB00502,288,0,train,1.0,3.0,0.33933,0.0,0.0795454545454545,0.0,0.7485022,0.7747708,0.7738177,0.1417322834645669,0.33933,0.0,0.2386363636363635,0.0,2.2455066,2.3243124,2.3214531000000003,0.4251968503937007,5,0
DB00672,288,0,train,1.0,4.0,0.227864,0.0,0.0461538461538461,0.0,0.7505872,0.7430894,0.79910094,0.1142857142857142,0.227864,0.0,0.1846153846153844,0.0,3.0023488,2.9723576,3.19640376,0.4571428571428568,5,0
DB00537,390,0,train,10.0,3.0,0.06708,0.0,0.0769230769230769,0.0,0.76130927,0.6236956,0.72416633,0.1651376146788991,0.6708000000000001,0.0,0.2307692307692307,0.0,2.28392781,1.8710868,2.17249899,0.4954128440366973,5,0
DB00586,281,0,train,1.0,8.0,0.145276,0.0,0.0319148936170212,0.0,0.65563655,0.6323547,0.6186287,0.0476190476190476,0.145276,0.0,0.2553191489361696,0.0,5.2450924,5.0588376,4.9490296,0.3809523809523808,5,0
DB00471,397,0,train,4.0,3.0,0.198633,0.0,0.0806451612903225,0.0,0.822891,0.75836676,0.7803762,0.1418439716312056,0.794532,0.0,0.2419354838709674,0.0,2.468673,2.27510028,2.3411286,0.4255319148936168,5,0
DB00484,150,0,train,1.0,3.0,0.14788,0.0,0.0363636363636363,0.0,0.8274596,0.61954904,0.76512265,0.0380952380952381,0.14788,0.0,0.1090909090909089,0.0,2.4823788,1.85864712,2.29536795,0.1142857142857143,5,0
DB00211,356,0,train,4.0,3.0,0.130573,0.0,0.0677966101694915,0.0,0.829549,0.825232,0.7714207,0.2,0.522292,0.0,0.2033898305084744,0.0,2.488647,2.475696,2.3142621,0.6000000000000001,5,0
DB00451,405,0,train,55.0,4.0,0.155176,0.0,0.1351351351351351,0.0,0.80218077,0.77926886,0.8256254,0.209090909090909,8.53468,0.0,0.5405405405405403,0.0,3.20872308,3.11707544,3.3025016,0.836363636363636,5,0
DB01148,154,0,train,1.0,3.0,0.221668,0.0,0.0153846153846153,0.0,0.75638556,0.8227929,0.7573451,0.1313868613138686,0.221668,0.0,0.0461538461538459,0.0,2.26915668,2.4683787,2.2720353,0.3941605839416058,5,0
DB08820,176,0,train,1.0,1.0,0.19097,0.0,0.0,0.0,0.5672475,0.47847474,0.7481822,0.1458333333333333,0.19097,0.0,0.0,0.0,0.5672475,0.47847474,0.7481822,0.1458333333333333,5,0
DB01167,310,0,train,4.0,3.0,0.047199,0.0,0.064516129032258,0.0,0.70860684,0.7634728,0.63270867,0.083743842364532,0.188796,0.0,0.1935483870967739,0.0,2.12582052,2.2904184,1.89812601,0.251231527093596,5,0
DB00271,393,0,train,0.0,3.0,0.128962,0.0,0.0,0.0,0.0,0.0,0.0,0.0,0.0,0.0,0.0,0.0,0.0,0.0,0.0,0.0,5,0
DB00421,1,0,train,9.0,6.0,0.129075,0.037037037037037,0.0634920634920634,0.0,0.8735963,0.8480988,0.84806323,0.1166666666666666,1.161675,0.222222222222222,0.3809523809523804,0.0,5.2415778,5.088592800000001,5.088379379999999,0.6999999999999996,5,0
DB00364,242,0,train,0.0,3.0,0.088525,0.0,0.0,0.0,0.0,0.0,0.0,0.0,0.0,0.0,0.0,0.0,0.0,0.0,0.0,0.0,5,0
DB00959,223,0,train,1.0,4.0,0.15054,0.0,0.0128205128205128,0.0,0.6790827,0.6878326,0.7042903,0.1379310344827586,0.15054,0.0,0.0512820512820512,0.0,2.7163308,2.7513304,2.8171612,0.5517241379310344,5,0
DB00719,0,0,train,3.0,5.0,0.180094,0.024390243902439,0.073170731707317,0.0,0.84165126,0.82977664,0.91930044,0.233009708737864,0.540282,0.121951219512195,0.365853658536585,0.0,4.2082563,4.1488832,4.5965022,1.16504854368932,5,0
DB00697,280,0,train,33.0,4.0,0.096329,0.0,0.109090909090909,0.0,0.78287476,0.85121363,0.7818678,0.1848739495798319,3.178857,0.0,0.436363636363636,0.0,3.13149904,3.40485452,3.1274712,0.7394957983193275,5,0
DB00988,276,0,train,0.0,4.0,0.116146,0.0,0.0,0.0,0.0,0.0,0.0,0.0,0.0,0.0,0.0,0.0,0.0,0.0,0.0,0.0,5,0
DB00414,17,0,train,1.0,4.0,0.117205,0.0,0.0512820512820512,0.0,0.6544991,0.76175547,0.6925975,0.1440677966101695,0.117205,0.0,0.2051282051282048,0.0,2.6179964,3.04702188,2.77039,0.576271186440678,5,0
DB00445,215,0,train,1.0,1.0,0.2985,0.0,0.0571428571428571,0.0,0.72834593,0.7321725,0.71252847,0.106060606060606,0.2985,0.0,0.0571428571428571,0.0,0.72834593,0.7321725,0.71252847,0.106060606060606,5,0
DB00909,191,0,train,0.0,11.0,0.037237,0.0,0.0,0.0,0.0,0.0,0.0,0.0,0.0,0.0,0.0,0.0,0.0,0.0,0.0,0.0,5,0
DB00839,85,0,train,6.0,3.0,0.126627,0.0,0.0789473684210526,0.0,0.7784524,0.7358851,0.7440121,0.1384615384615384,0.7597619999999999,0.0,0.2368421052631578,0.0,2.3353572,2.2076553,2.2320363,0.4153846153846152,5,0
DB01167,221,0,train,6.0,3.0,0.018845,0.0,0.0833333333333333,0.0,0.68665344,0.75496763,0.7414839,0.1225490196078431,0.11307,0.0,0.2499999999999999,0.0,2.05996032,2.26490289,2.2244517,0.3676470588235293,5,0
DB00721,152,0,train,4.0,1.0,0.069554,0.0,0.0895522388059701,0.0,0.66848826,0.79885703,0.8236469,0.1862745098039215,0.278216,0.0,0.0895522388059701,0.0,0.66848826,0.79885703,0.8236469,0.1862745098039215,5,0
DB00966,42,0,train,1.0,2.0,0.202408,0.0,0.0212765957446808,0.0,0.7858219,0.7609389,0.7454424,0.182509505703422,0.202408,0.0,0.0425531914893616,0.0,1.5716438,1.5218778,1.4908848,0.365019011406844,5,0
DB00969,389,0,train,1.0,1.0,0.23998,0.0,0.081081081081081,0.0,0.7141704,0.77212584,0.8239422,0.204225352112676,0.23998,0.0,0.081081081081081,0.0,0.7141704,0.77212584,0.8239422,0.204225352112676,5,0
DB00181,298,0,train,8.0,6.0,0.188527,0.0,0.0606060606060606,0.0,0.7993512,0.8272445,0.81229496,0.1636363636363636,1.508216,0.0,0.3636363636363636,0.0,4.7961072,4.9634670000000005,4.87376976,0.9818181818181816,5,0
DB00549,205,0,train,1.0,0.0,0.0,0.0,0.0172413793103448,0.0,0.83268404,0.64851564,0.7478376,0.0378787878787878,0.0,0.0,0.0,0.0,0.0,0.0,0.0,0.0,5,0
DB00523,264,0,train,1.0,0.0,0.0,0.0,0.0,0.0,0.5092672,0.57391834,0.44517013,0.0909090909090909,0.0,0.0,0.0,0.0,0.0,0.0,0.0,0.0,5,0
DB00350,236,0,train,1.0,1.0,0.023963,0.0833333333333333,0.0303030303030303,0.0,0.84295315,0.6515795,0.82237387,0.0571428571428571,0.023963,0.0833333333333333,0.0303030303030303,0.0,0.84295315,0.6515795,0.82237387,0.0571428571428571,5,0
DB00441,75,0,train,2.0,3.0,0.286105,0.0,0.0232558139534883,0.0,0.7737221,0.8283019,0.6145847,0.1168831168831168,0.57221,0.0,0.0697674418604649,0.0,2.3211663,2.4849057,1.8437541,0.3506493506493504,5,0
DB00583,404,0,train,5.0,2.0,0.187988,0.0,0.05,0.0,0.84380096,0.67004526,0.7365521,0.1194029850746268,0.93994,0.0,0.1,0.0,1.68760192,1.34009052,1.4731042,0.2388059701492536,5,0
DB00591,48,0,train,7.0,0.0,0.0,0.1111111111111111,0.2295081967213114,0.0,0.83448195,0.8907122,0.79885757,0.2272727272727272,0.0,0.0,0.0,0.0,0.0,0.0,0.0,0.0,5,0
DB01151,24,0,train,17.0,3.0,0.112759,0.0,0.1604938271604938,0.0,0.7373627,0.8604029,0.8364866,0.25,1.916903,0.0,0.4814814814814814,0.0,2.2120881,2.5812087,2.5094598,0.75,5,0
DB00907,300,0,train,1.0,2.0,0.089913,0.0,0.0188679245283018,0.0,0.6143996,0.7380169,0.58028704,0.0754716981132075,0.089913,0.0,0.0377358490566036,0.0,1.2287992,1.4760338,1.16057408,0.150943396226415,5,0
DB00928,308,0,train,3.0,2.0,0.134674,0.0,0.0517241379310344,0.0,0.8243656,0.7871844,0.6573642,0.1111111111111111,0.404022,0.0,0.1034482758620688,0.0,1.6487312,1.5743688,1.3147284,0.2222222222222222,5,0
DB00905,216,0,train,0.0,4.0,0.256815,0.0,0.0,0.0,0.0,0.0,0.0,0.0,0.0,0.0,0.0,0.0,0.0,0.0,0.0,0.0,5,0
DB00445,113,0,train,3.0,1.0,0.3429,0.0,0.3076923076923077,0.0,0.8653214,0.80836296,0.85704994,0.179372197309417,1.0287,0.0,0.3076923076923077,0.0,0.8653214,0.80836296,0.85704994,0.179372197309417,5,0
DB00350,266,0,train,1.0,1.0,0.253746,0.0833333333333333,0.0303030303030303,0.0,0.84295315,0.6515795,0.82237387,0.0571428571428571,0.253746,0.0833333333333333,0.0303030303030303,0.0,0.84295315,0.6515795,0.82237387,0.0571428571428571,5,0
DB00590,317,0,train,1.0,5.0,0.120353,0.0,0.0,0.0,0.7327499,0.7808954,0.72922945,0.1267605633802817,0.120353,0.0,0.0,0.0,3.6637495,3.904477,3.64614725,0.6338028169014085,5,0
DB00674,316,0,train,11.0,8.0,0.1798,0.0,0.1052631578947368,0.0,0.78478175,0.7023984,0.8276464,0.1592920353982301,1.9778,0.0,0.8421052631578944,0.0,6.278254,5.6191872,6.6211712,1.2743362831858407,5,0
DB00201,101,0,train,1.0,4.0,0.09259,0.0,0.0845070422535211,0.0,0.68445605,0.7839089,0.6439672,0.0744680851063829,0.09259,0.0,0.3380281690140844,0.0,2.7378242,3.1356356,2.5758688,0.2978723404255316,5,0
DB00715,145,0,train,6.0,3.0,0.1564,0.0,0.14,0.0,0.8336821,0.8172631,0.72013444,0.3247863247863248,0.9384,0.0,0.42,0.0,2.5010463,2.4517893,2.1604033200000003,0.9743589743589745,5,0
DB00477,237,0,train,6.0,1.0,0.0,0.0,0.1702127659574468,0.0,0.8037139,0.82847583,0.7364221,0.1696428571428571,0.0,0.0,0.1702127659574468,0.0,0.8037139,0.82847583,0.7364221,0.1696428571428571,5,0
DB01623,14,0,train,1.0,1.0,0.1066,0.0,0.1016949152542373,0.0,0.852581,0.65534884,0.80820894,0.1472868217054263,0.1066,0.0,0.1016949152542373,0.0,0.852581,0.65534884,0.80820894,0.1472868217054263,5,0
DB00750,282,0,train,4.0,1.0,0.058263,0.0,0.0,0.0,0.62107015,0.6923351,0.697286,0.079646017699115,0.233052,0.0,0.0,0.0,0.62107015,0.6923351,0.697286,0.079646017699115,5,0
DB00950,29,0,train,1.0,4.0,0.052383,0.0,0.0149253731343283,0.0,0.595697,0.67138445,0.81057805,0.1395348837209302,0.052383,0.0,0.0597014925373132,0.0,2.382788,2.6855378,3.2423122,0.5581395348837208,5,0
DB01291,211,0,train,1.0,2.0,0.0,0.0,0.1142857142857142,0.0,0.6955676,0.840999,0.6676479,0.0659340659340659,0.0,0.0,0.2285714285714284,0.0,1.3911352,1.681998,1.3352958,0.1318681318681318,5,0
DB00373,239,0,train,12.0,5.0,0.068558,0.0,0.0526315789473684,0.0,0.6851153,0.76358783,0.6254799,0.1136363636363636,0.8226959999999999,0.0,0.263157894736842,0.0,3.4255765,3.81793915,3.1273995,0.568181818181818,5,0
DB01026,394,0,train,2.0,1.0,0.081668,0.0,0.072289156626506,0.0,0.77288264,0.7761602,0.71430206,0.2553191489361702,0.163336,0.0,0.072289156626506,0.0,0.77288264,0.7761602,0.71430206,0.2553191489361702,5,0
DB01320,95,0,train,3.0,2.0,0.112151,0.0,0.0526315789473684,0.0,0.824734,0.80861115,0.85854185,0.1318681318681318,0.336453,0.0,0.1052631578947368,0.0,1.649468,1.6172223,1.7170837,0.2637362637362636,5,0
DB00350,211,0,train,1.0,1.0,0.207608,0.0,0.0333333333333333,0.0,0.7661744,0.7713977,0.6937021,0.0930232558139534,0.207608,0.0,0.0333333333333333,0.0,0.7661744,0.7713977,0.6937021,0.0930232558139534,5,0
DB00659,402,0,train,3.0,1.0,0.0,0.0,0.0192307692307692,0.0,0.7095575,0.7713627,0.76022756,0.125,0.0,0.0,0.0192307692307692,0.0,0.7095575,0.7713627,0.76022756,0.125,5,0
DB01026,149,0,train,17.0,1.0,0.113601,0.125,0.1415929203539823,0.0,0.7895652,0.81740206,0.70338684,0.2857142857142857,1.931217,0.125,0.1415929203539823,0.0,0.7895652,0.81740206,0.70338684,0.2857142857142857,5,0
DB00654,196,0,train,12.0,3.0,0.146411,0.0,0.0952380952380952,0.0,0.7949706,0.70920974,0.7467339,0.1818181818181818,1.7569320000000002,0.0,0.2857142857142856,0.0,2.3849118,2.12762922,2.2402017,0.5454545454545454,5,0
DB00427,331,0,train,11.0,5.0,0.085238,0.0,0.0158730158730158,0.0,0.7871416,0.7887169,0.78298813,0.2592592592592592,0.937618,0.0,0.079365079365079,0.0,3.935708,3.9435845,3.91494065,1.2962962962962958,5,0
DB01165,298,0,train,8.0,2.0,0.211691,0.0,0.0980392156862745,0.0,0.7548762,0.75580907,0.6855399,0.1654676258992805,1.693528,0.0,0.196078431372549,0.0,1.5097524,1.51161814,1.3710798,0.330935251798561,5,0
DB00376,283,0,train,2.0,6.0,0.260593,0.0,0.0,0.0,0.8060808,0.79542893,0.7311975,0.1395348837209302,0.521186,0.0,0.0,0.0,4.8364848,4.77257358,4.387185,0.8372093023255812,5,0
DB00519,188,0,train,12.0,4.0,0.24143,0.0,0.1428571428571428,0.0,0.9117519,0.6834201,0.8281404,0.3050847457627119,2.89716,0.0,0.5714285714285712,0.0,3.6470076,2.7336804,3.3125616,1.2203389830508475,5,0
DB00245,157,0,train,5.0,1.0,0.121114,0.0,0.0655737704918032,0.0,0.721652,0.8825778,0.82606256,0.1919191919191919,0.6055699999999999,0.0,0.0655737704918032,0.0,0.721652,0.8825778,0.82606256,0.1919191919191919,5,0
DB00584,178,0,train,1.0,2.0,0.029338,0.0,0.0,0.0,0.82456744,0.61641085,0.75312006,0.1317829457364341,0.029338,0.0,0.0,0.0,1.64913488,1.2328217,1.50624012,0.2635658914728682,5,0
DB00608,198,0,train,1.0,0.0,0.0,0.0,0.0526315789473684,0.0,0.6979096,0.6430596,0.65248895,0.1043478260869565,0.0,0.0,0.0,0.0,0.0,0.0,0.0,0.0,5,0
DB05271,316,0,train,11.0,8.0,0.027029,0.0,0.0851063829787234,0.0,0.72814786,0.73064333,0.7751789,0.1875,0.297319,0.0,0.6808510638297872,0.0,5.82518288,5.84514664,6.2014312,1.5,5,0
DB00191,283,0,train,2.0,3.0,0.221379,0.0,0.0784313725490196,0.0,0.755391,0.8008154,0.71301514,0.0666666666666666,0.442758,0.0,0.2352941176470588,0.0,2.266173,2.4024462,2.13904542,0.1999999999999998,5,0
DB00764,385,0,train,5.0,4.0,0.0,0.0,0.1228070175438596,0.0,0.5121348,0.7567363,0.82683635,0.1263157894736842,0.0,0.0,0.4912280701754384,0.0,2.0485392,3.0269452,3.3073454,0.5052631578947367,5,0
DB01275,103,0,train,4.0,2.0,0.214764,0.0,0.0533333333333333,0.0,0.8417927,0.7883342,0.7688899,0.2068965517241379,0.859056,0.0,0.1066666666666666,0.0,1.6835854,1.5766684,1.5377798,0.4137931034482758,5,0
DB00865,367,0,train,1.0,2.0,0.102742,0.0,0.0483870967741935,0.0,0.5879984,0.72271955,0.61212313,0.1,0.102742,0.0,0.096774193548387,0.0,1.1759968,1.4454391,1.22424626,0.2,5,0
DB01115,210,0,train,3.0,3.0,0.076883,0.0,0.1555555555555555,0.0,0.69295824,0.7279124,0.6264272,0.1290322580645161,0.230649,0.0,0.4666666666666665,0.0,2.07887472,2.1837372,1.8792816,0.3870967741935482,5,0
DB00784,363,0,train,1.0,3.0,0.099322,0.0,0.0196078431372549,0.0,0.5171033,0.65621036,0.6068756,0.0845070422535211,0.099322,0.0,0.0588235294117647,0.0,1.5513099,1.96863108,1.8206268,0.2535211267605632,5,0
DB00342,60,0,train,1.0,6.0,0.12098,0.0,0.0,0.0,0.89519894,0.82192713,0.7451089,0.0743801652892562,0.12098,0.0,0.0,0.0,5.37119364,4.93156278,4.4706534,0.4462809917355372,5,0
DB00270,33,0,train,1.0,1.0,0.121014,0.0,0.0113636363636363,0.0,0.60609937,0.6880861,0.51895225,0.1415094339622641,0.121014,0.0,0.0113636363636363,0.0,0.60609937,0.6880861,0.51895225,0.1415094339622641,5,0
DB08824,113,0,train,3.0,1.0,0.128955,0.0,0.04,0.0,0.7325289,0.669467,0.6926904,0.1155778894472361,0.3868649999999999,0.0,0.04,0.0,0.7325289,0.669467,0.6926904,0.1155778894472361,5,0
DB01132,384,0,train,1.0,3.0,0.101569,0.0,0.025,0.0,0.76815003,0.76327074,0.79526556,0.0666666666666666,0.101569,0.0,0.075,0.0,2.30445009,2.28981222,2.3857966800000003,0.1999999999999998,5,0
DB00687,126,0,train,1.0,2.0,0.059813,0.0,0.0697674418604651,0.0,0.68117636,0.6935231,0.7130386,0.1231884057971014,0.059813,0.0,0.1395348837209302,0.0,1.36235272,1.3870462,1.4260772,0.2463768115942028,5,0
DB01099,382,0,train,10.0,2.0,0.211469,0.0,0.0612244897959183,0.0,0.7442204,0.73033184,0.6295619,0.072289156626506,2.11469,0.0,0.1224489795918366,0.0,1.4884408,1.46066368,1.2591238,0.144578313253012,5,0
DB00553,92,0,train,0.0,1.0,0.116964,0.0,0.0,0.0,0.0,0.0,0.0,0.0,0.0,0.0,0.0,0.0,0.0,0.0,0.0,0.0,5,0
DB00952,125,0,train,11.0,1.0,0.235989,0.2857142857142857,0.1851851851851851,0.0,0.8520859,0.90539205,0.90356433,0.2285714285714285,2.595879,0.2857142857142857,0.1851851851851851,0.0,0.8520859,0.90539205,0.90356433,0.2285714285714285,5,0
DB00361,136,0,train,13.0,1.0,0.029062,0.0,0.1276595744680851,0.0,0.7922955,0.86283624,0.7673104,0.1725888324873096,0.377806,0.0,0.1276595744680851,0.0,0.7922955,0.86283624,0.7673104,0.1725888324873096,5,0
DB01223,43,0,train,15.0,3.0,0.202452,0.0,0.0754716981132075,0.0,0.81405497,0.86872214,0.76286614,0.1353383458646616,3.03678,0.0,0.2264150943396225,0.0,2.44216491,2.60616642,2.28859842,0.4060150375939848,5,0
DB00342,390,0,train,10.0,6.0,0.0,0.5,0.238095238095238,0.0,0.90105504,0.8444407,0.79419464,0.2661290322580645,0.0,3.0,1.428571428571428,0.0,5.40633024,5.066644200000001,4.76516784,1.596774193548387,5,0
DB00770,232,0,train,2.0,1.0,0.116866,0.0,0.0232558139534883,0.0,0.44286913,0.5993459,0.75856084,0.0955882352941176,0.233732,0.0,0.0232558139534883,0.0,0.44286913,0.5993459,0.75856084,0.0955882352941176,5,0
DB00469,215,0,train,1.0,3.0,0.147538,0.0,0.025,0.0,0.82748663,0.8407034,0.61032724,0.0306122448979591,0.147538,0.0,0.075,0.0,2.48245989,2.5221102,1.83098172,0.0918367346938772,5,0
DB00571,238,0,train,1.0,7.0,0.420618,0.0,0.0,0.0,0.58348817,0.6380048,0.68572557,0.053763440860215,0.420618,0.0,0.0,0.0,4.08441719,4.4660336,4.80007899,0.376344086021505,5,0
DB00524,36,0,train,8.0,2.0,0.156186,0.0,0.1538461538461538,0.0,0.86799836,0.8689985,0.7346139,0.2347826086956521,1.249488,0.0,0.3076923076923076,0.0,1.73599672,1.737997,1.4692278,0.4695652173913042,5,0
DB01577,64,0,train,3.0,4.0,0.172505,0.5,0.6111111111111112,0.0,0.8319795,0.8933089,0.7974862,0.6388888888888888,0.517515,2.0,2.4444444444444446,0.0,3.327918,3.5732356,3.1899448,2.555555555555556,5,0
DB01254,243,0,train,10.0,2.0,0.098595,0.0,0.1692307692307692,0.0,0.7315234,0.80756,0.77200174,0.18796992481203,0.98595,0.0,0.3384615384615384,0.0,1.4630468,1.61512,1.54400348,0.37593984962406,5,0
DB00611,142,0,train,1.0,1.0,0.023326,0.0,0.0655737704918032,0.0,0.82092464,0.75655013,0.7518167,0.0769230769230769,0.023326,0.0,0.0655737704918032,0.0,0.82092464,0.75655013,0.7518167,0.0769230769230769,5,0
DB00305,267,0,train,8.0,2.0,0.093707,0.0,0.0185185185185185,0.0,0.8336622,0.5962228,0.78737384,0.0761904761904762,0.749656,0.0,0.037037037037037,0.0,1.6673244,1.1924456,1.57474768,0.1523809523809524,5,0
DB00745,202,0,train,2.0,4.0,0.22963,0.0,0.1509433962264151,0.0,0.571453,0.67019284,0.7387195,0.168141592920354,0.45926,0.0,0.6037735849056604,0.0,2.285812,2.68077136,2.954878,0.672566371681416,5,0
DB01204,264,0,train,1.0,7.0,0.202735,0.0,0.0,0.0,0.44415328,0.6558734,0.49798283,0.0198019801980198,0.202735,0.0,0.0,0.0,3.10907296,4.5911138000000005,3.48587981,0.1386138613861386,5,0
DB00771,139,0,train,0.0,2.0,0.108163,0.0,0.0,0.0,0.0,0.0,0.0,0.0,0.0,0.0,0.0,0.0,0.0,0.0,0.0,0.0,5,0
DB00162,66,0,train,1.0,2.0,0.180378,0.0,0.0606060606060606,0.0,0.64039755,0.46255386,0.5895508,0.0763358778625954,0.180378,0.0,0.1212121212121212,0.0,1.2807951,0.92510772,1.1791016,0.1526717557251908,5,0
DB00993,346,0,train,1.0,7.0,0.188605,0.0,0.0704225352112676,0.0,0.7914312,0.6990231,0.5981443,0.0982142857142857,0.188605,0.0,0.4929577464788731,0.0,5.5400184,4.8931617,4.1870101,0.6874999999999999,5,0
DB00898,32,0,train,1.0,2.0,0.129394,0.0714285714285714,0.0483870967741935,0.0,0.47307736,0.7555336,0.6794333,0.0,0.129394,0.1428571428571428,0.096774193548387,0.0,0.94615472,1.5110672,1.3588666,0.0,5,0
DB00451,24,0,train,17.0,4.0,0.307445,0.0,0.0952380952380952,0.0,0.883309,0.8387998,0.80616695,0.1567164179104477,5.226565000000001,0.0,0.3809523809523808,0.0,3.533236,3.3551992,3.2246678,0.6268656716417907,5,0
DB00323,197,0,train,6.0,8.0,0.40848,0.0,0.0434782608695652,0.0,0.7804903,0.8172085,0.7841293,0.1443298969072164,2.45088,0.0,0.3478260869565216,0.0,6.2439224,6.537668,6.2730344,1.1546391752577312,5,0
DB00715,186,0,train,2.0,3.0,0.253513,0.0,0.074074074074074,0.0,0.764441,0.6534442,0.7607465,0.1020408163265306,0.507026,0.0,0.222222222222222,0.0,2.293323,1.9603326,2.2822395,0.3061224489795918,5,0
DB00131,144,0,train,8.0,1.0,0.118725,0.0,0.0,0.0,0.59861207,0.8169097,0.7288069,0.1111111111111111,0.9498,0.0,0.0,0.0,0.59861207,0.8169097,0.7288069,0.1111111111111111,5,0
DB00859,292,0,train,1.0,1.0,0.211665,0.0,0.048780487804878,0.0,0.54341954,0.63989073,0.7422814,0.078125,0.211665,0.0,0.048780487804878,0.0,0.54341954,0.63989073,0.7422814,0.078125,5,0
DB01023,126,0,train,1.0,3.0,0.044992,0.0,0.1132075471698113,0.0,0.5805194,0.68083066,0.60298944,0.0719424460431654,0.044992,0.0,0.3396226415094339,0.0,1.7415582,2.0424919800000003,1.80896832,0.2158273381294961,5,0
DB00668,102,0,train,1.0,5.0,0.068529,0.0,0.0404040404040404,0.0,0.8302301,0.71537423,0.6697053,0.1,0.068529,0.0,0.202020202020202,0.0,4.1511505,3.57687115,3.3485265,0.5,5,0
DB00719,374,0,train,1.0,5.0,0.160237,0.0,0.0,0.0,0.6319212,0.80839205,0.74829197,0.1078431372549019,0.160237,0.0,0.0,0.0,3.159606,4.04196025,3.74145985,0.5392156862745094,5,0
DB01042,135,0,train,15.0,3.0,0.164195,0.0,0.1,0.0,0.72033554,0.73161644,0.7315139,0.3692307692307692,2.4629250000000003,0.0,0.3,0.0,2.16100662,2.1948493200000003,2.1945417000000003,1.1076923076923075,5,0
DB00759,30,0,train,1.0,7.0,0.261797,0.0,0.0606060606060606,0.0,0.64039755,0.46255386,0.5895508,0.0763358778625954,0.261797,0.0,0.4242424242424242,0.0,4.48278285,3.23787702,4.126855600000001,0.5343511450381677,5,0
DB06718,83,0,train,3.0,1.0,0.180924,0.0,0.0,0.0,0.7439967,0.7307284,0.6295901,0.1111111111111111,0.542772,0.0,0.0,0.0,0.7439967,0.7307284,0.6295901,0.1111111111111111,5,0
DB00146,67,0,train,2.0,4.0,0.191336,0.0,0.0,0.0,0.88034207,0.7460941,0.6400442,0.1313131313131313,0.382672,0.0,0.0,0.0,3.52136828,2.9843764,2.5601768,0.5252525252525252,5,0
DB00190,320,0,train,1.0,3.0,0.0,0.0,0.0652173913043478,0.0,0.8809368,0.8006513,0.7350601,0.1157024793388429,0.0,0.0,0.1956521739130434,0.0,2.6428104,2.4019539,2.2051803,0.3471074380165286,5,0
DB00253,91,0,train,1.0,3.0,0.092933,0.0,0.0677966101694915,0.0,0.714988,0.7828646,0.81575954,0.0833333333333333,0.092933,0.0,0.2033898305084744,0.0,2.144964,2.3485938,2.44727862,0.2499999999999999,5,0
DB00622,396,0,train,11.0,1.0,0.096454,0.081081081081081,0.1392405063291139,0.0,0.739243,0.7585171,0.7543415,0.2137404580152671,1.060994,0.081081081081081,0.1392405063291139,0.0,0.739243,0.7585171,0.7543415,0.2137404580152671,5,0
DB00413,78,0,train,4.0,10.0,0.138854,0.0,0.06,0.0,0.68914825,0.65199846,0.7737652,0.11,0.555416,0.0,0.6,0.0,6.8914825,6.519984599999999,7.737652000000001,1.1,5,0
DB00427,84,0,train,3.0,5.0,0.138297,0.0,0.0,0.0,0.68168354,0.75566816,0.61050546,0.1926605504587156,0.414891,0.0,0.0,0.0,3.4084177,3.7783408,3.0525273000000004,0.963302752293578,5,0
DB00675,22,0,train,2.0,2.0,0.148574,0.0,0.0208333333333333,0.0,0.6451394,0.7338609,0.73705983,0.226890756302521,0.297148,0.0,0.0416666666666666,0.0,1.2902788,1.4677218,1.47411966,0.453781512605042,5,0
DB01026,72,0,train,2.0,1.0,0.112078,0.0,0.0684931506849315,0.0,0.69096684,0.6687794,0.6192531,0.136986301369863,0.224156,0.0,0.0684931506849315,0.0,0.69096684,0.6687794,0.6192531,0.136986301369863,5,0
DB00257,131,0,train,6.0,2.0,0.10187,0.125,0.1652173913043478,0.0,0.9026839,0.78955305,0.82813275,0.1030927835051546,0.61122,0.25,0.3304347826086956,0.0,1.8053678,1.5791061,1.6562655,0.2061855670103092,5,0
DB00502,268,0,train,4.0,3.0,0.236409,0.0,0.0684931506849315,0.0,0.71553206,0.7790428,0.5781186,0.1014492753623188,0.945636,0.0,0.2054794520547945,0.0,2.14659618,2.3371284,1.7343558,0.3043478260869564,5,0
DB00716,388,0,train,4.0,2.0,0.0,0.0,0.02,0.0,0.78490496,0.78108525,0.8127367,0.1238938053097345,0.0,0.0,0.04,0.0,1.56980992,1.5621705,1.6254734,0.247787610619469,5,0
DB00952,203,0,train,1.0,1.0,0.172521,0.0,0.0256410256410256,0.0,0.74758816,0.6740831,0.62552035,0.0277777777777777,0.172521,0.0,0.0256410256410256,0.0,0.74758816,0.6740831,0.62552035,0.0277777777777777,5,0
DB00385,372,0,train,2.0,1.0,0.0,0.0,0.0178571428571428,0.0,0.8581253,0.78849655,0.6167359,0.154696132596685,0.0,0.0,0.0178571428571428,0.0,0.8581253,0.78849655,0.6167359,0.154696132596685,5,0
DB00920,126,0,train,1.0,3.0,0.0,0.0,0.0,0.0,0.68241173,0.74246204,0.81349325,0.1317829457364341,0.0,0.0,0.0,0.0,2.04723519,2.22738612,2.44047975,0.3953488372093022,5,0
DB01169,206,0,train,1.0,0.0,0.0,0.0,0.0,0.0,0.40083474,0.6931324,0.64997154,0.0232558139534883,0.0,0.0,0.0,0.0,0.0,0.0,0.0,0.0,5,0
DB00181,27,0,train,5.0,6.0,0.184573,0.0,0.027027027027027,0.0,0.76572144,0.7787365,0.74018526,0.1978021978021978,0.922865,0.0,0.162162162162162,0.0,4.59432864,4.6724190000000005,4.44111156,1.1868131868131868,5,0
DB00800,401,0,train,5.0,2.0,0.272232,0.0,0.2,0.0,0.84033954,0.7328678,0.7305192,0.1428571428571428,1.36116,0.0,0.4,0.0,1.68067908,1.4657356,1.4610384,0.2857142857142856,5,0
DB04844,396,0,train,11.0,1.0,0.225631,0.0,0.1521739130434782,0.0,0.83993304,0.8790304,0.70500255,0.2828282828282828,2.481941,0.0,0.1521739130434782,0.0,0.83993304,0.8790304,0.70500255,0.2828282828282828,5,0
DB01427,369,0,train,6.0,0.0,0.0,0.0,0.0689655172413793,0.0,0.78156775,0.70763165,0.69180113,0.1830985915492957,0.0,0.0,0.0,0.0,0.0,0.0,0.0,0.0,5,0
DB00180,47,0,train,1.0,2.0,0.078485,0.0,0.0823529411764705,0.0,0.75941294,0.824208,0.74016273,0.0708661417322834,0.078485,0.0,0.164705882352941,0.0,1.51882588,1.648416,1.48032546,0.1417322834645668,5,0
DB00545,39,0,train,2.0,1.0,0.064532,0.0,0.0,0.0,0.8262862,0.59877944,0.79459405,0.0526315789473684,0.129064,0.0,0.0,0.0,0.8262862,0.59877944,0.79459405,0.0526315789473684,5,0
DB00806,370,0,train,13.0,3.0,0.168694,0.0,0.0833333333333333,0.0,0.8376772,0.71708643,0.833946,0.1368421052631579,2.193022,0.0,0.2499999999999999,0.0,2.5130316,2.15125929,2.501838,0.4105263157894737,5,0
DB00966,189,0,train,1.0,2.0,0.115448,0.0,0.0483870967741935,0.0,0.69927645,0.6225465,0.7533242,0.1354166666666666,0.115448,0.0,0.096774193548387,0.0,1.3985529,1.245093,1.5066484,0.2708333333333332,5,0
DB00499,344,0,train,10.0,1.0,0.105512,0.0,0.0806451612903225,0.0,0.7460816,0.8079549,0.7957438,0.2560975609756097,1.05512,0.0,0.0806451612903225,0.0,0.7460816,0.8079549,0.7957438,0.2560975609756097,5,0
DB00559,149,0,train,17.0,3.0,0.118545,0.0,0.0941176470588235,0.0,0.780148,0.82777935,0.80897325,0.2037037037037037,2.015265,0.0,0.2823529411764705,0.0,2.340444,2.48333805,2.42691975,0.611111111111111,5,0
DB00302,174,0,train,14.0,5.0,0.046725,0.0,0.0,0.0,0.8827889,0.86214054,0.81197834,0.1688311688311688,0.65415,0.0,0.0,0.0,4.4139445,4.3107027,4.0598917,0.844155844155844,5,0
DB00563,94,0,train,14.0,21.0,0.249186,0.0,0.1129032258064516,0.0,0.74097484,0.8525384,0.800936,0.2094594594594594,3.488604,0.0,2.3709677419354835,0.0,15.56047164,17.9033064,16.819656,4.398648648648647,5,0
DB00810,225,0,train,0.0,2.0,0.0,0.0,0.0,0.0,0.0,0.0,0.0,0.0,0.0,0.0,0.0,0.0,0.0,0.0,0.0,0.0,5,0
DB00437,341,0,train,5.0,1.0,0.056752,0.0,0.0909090909090909,0.0,0.82069623,0.7724581,0.7411628,0.0895522388059701,0.28376,0.0,0.0909090909090909,0.0,0.82069623,0.7724581,0.7411628,0.0895522388059701,5,0
DB00814,105,0,train,4.0,5.0,0.157958,0.0,0.0666666666666666,0.0,0.79884577,0.7935514,0.8401873,0.0841121495327102,0.631832,0.0,0.333333333333333,0.0,3.99422885,3.967757,4.2009365,0.420560747663551,5,0
DB00623,333,0,train,1.0,0.0,0.0,0.0,0.0465116279069767,0.0,0.6617415,0.71908545,0.54145205,0.1533333333333333,0.0,0.0,0.0,0.0,0.0,0.0,0.0,0.0,5,0
DB00751,284,0,train,1.0,3.0,0.193183,0.0,0.0,0.0,0.7218379,0.5702916,0.73003083,0.1153846153846153,0.193183,0.0,0.0,0.0,2.1655137,1.7108748,2.19009249,0.3461538461538458,5,0
DB00762,96,0,train,1.0,3.0,0.106662,0.0,0.1384615384615384,0.0,0.8433082,0.726442,0.70509017,0.0769230769230769,0.106662,0.0,0.4153846153846152,0.0,2.5299246,2.179326,2.11527051,0.2307692307692307,5,0
DB00195,183,0,train,28.0,2.0,0.131528,1.0,0.1967213114754098,0.0,0.84207034,0.911199,0.85617787,0.2815533980582524,3.682784,2.0,0.3934426229508196,0.0,1.68414068,1.822398,1.71235574,0.5631067961165048,5,0
DB00915,34,0,train,1.0,3.0,0.204248,0.0833333333333333,0.0806451612903225,0.0,0.76074183,0.8540534,0.7192863,0.0266666666666666,0.204248,0.2499999999999999,0.2419354838709674,0.0,2.28222549,2.5621602,2.1578589,0.0799999999999998,5,0
DB01196,383,0,train,1.0,2.0,0.189539,0.0,0.0,0.0,0.73863375,0.77046025,0.63807774,0.109090909090909,0.189539,0.0,0.0,0.0,1.4772675,1.5409205,1.27615548,0.218181818181818,5,0
DB00476,250,0,train,2.0,2.0,0.14593,0.0,0.0178571428571428,0.0,0.79871136,0.7175309,0.72160935,0.1272727272727272,0.29186,0.0,0.0357142857142856,0.0,1.59742272,1.4350618,1.4432187,0.2545454545454544,5,0
DB00653,401,0,train,5.0,3.0,0.067509,0.1333333333333333,0.1052631578947368,0.0,0.7431455,0.74447584,0.83552116,0.0784313725490196,0.337545,0.3999999999999999,0.3157894736842104,0.0,2.2294365000000003,2.23342752,2.50656348,0.2352941176470588,5,0
DB00672,77,0,train,1.0,4.0,0.285251,0.0,0.0384615384615384,0.0,0.68378615,0.83038056,0.6315341,0.1772151898734177,0.285251,0.0,0.1538461538461536,0.0,2.7351446,3.32152224,2.5261364,0.7088607594936708,5,0
DB00277,213,0,train,1.0,3.0,0.12944,0.0,0.0,0.0,0.7971024,0.85962975,0.69935423,0.015625,0.12944,0.0,0.0,0.0,2.3913072,2.57888925,2.09806269,0.046875,5,0
DB00972,45,0,train,1.0,4.0,0.033061,0.0,0.0119047619047619,0.0,0.6627573,0.68705416,0.56907743,0.0113636363636363,0.033061,0.0,0.0476190476190476,0.0,2.6510292,2.74821664,2.27630972,0.0454545454545452,5,0
DB00575,385,0,train,5.0,11.0,0.329918,0.0,0.1267605633802817,0.0,0.8455572,0.8044491,0.7749275,0.1643835616438356,1.64959,0.0,1.3943661971830985,0.0,9.3011292,8.8489401,8.5242025,1.808219178082192,5,0
DB00283,383,0,train,1.0,3.0,0.13765,0.0,0.0,0.0,0.7852279,0.7490308,0.75807905,0.058252427184466,0.13765,0.0,0.0,0.0,2.3556837,2.2470924,2.27423715,0.174757281553398,5,0
DB00499,255,0,train,3.0,1.0,0.103557,0.0,0.0769230769230769,0.0,0.78226537,0.7719981,0.8720237,0.1153846153846153,0.310671,0.0,0.0769230769230769,0.0,0.78226537,0.7719981,0.8720237,0.1153846153846153,5,0
DB08804,76,0,train,10.0,1.0,0.0,0.15625,0.0185185185185185,0.0,0.7729717,0.7890907,0.83170545,0.1068702290076335,0.0,0.15625,0.0185185185185185,0.0,0.7729717,0.7890907,0.83170545,0.1068702290076335,5,0
DB00236,107,0,train,8.0,1.0,0.265998,0.0,0.1071428571428571,0.0,0.5872585,0.7861949,0.7529832,0.0849056603773584,2.127984,0.0,0.1071428571428571,0.0,0.5872585,0.7861949,0.7529832,0.0849056603773584,5,0
DB00669,181,0,train,17.0,3.0,0.074835,0.0,0.1267605633802817,0.0,0.83153427,0.8728368,0.702956,0.1875,1.272195,0.0,0.380281690140845,0.0,2.49460281,2.6185104,2.108868,0.5625,5,0
DB00918,46,0,train,1.0,1.0,0.127994,0.0,0.1267605633802817,0.0,0.8256757,0.6984848,0.7576551,0.1779661016949152,0.127994,0.0,0.1267605633802817,0.0,0.8256757,0.6984848,0.7576551,0.1779661016949152,5,0
DB00226,13,0,train,2.0,2.0,0.241807,0.0,0.0227272727272727,0.0,0.72296923,0.8460498,0.83420706,0.0285714285714285,0.483614,0.0,0.0454545454545454,0.0,1.44593846,1.6920996,1.66841412,0.057142857142857,5,0
DB00906,124,0,train,69.0,1.0,0.216302,0.0,0.1290322580645161,0.0,0.87048745,0.7997914,0.8734212,0.2015503875968992,14.924838,0.0,0.1290322580645161,0.0,0.87048745,0.7997914,0.8734212,0.2015503875968992,5,0
DB01095,333,0,train,1.0,1.0,0.081557,0.0,0.0566037735849056,0.0,0.8618483,0.83765054,0.8011943,0.2592592592592592,0.081557,0.0,0.0566037735849056,0.0,0.8618483,0.83765054,0.8011943,0.2592592592592592,5,0
DB01020,174,0,train,14.0,1.0,0.0,0.0,0.0909090909090909,0.0,0.7871275,0.8397477,0.890664,0.0909090909090909,0.0,0.0,0.0909090909090909,0.0,0.7871275,0.8397477,0.890664,0.0909090909090909,5,0
DB00889,247,0,train,10.0,1.0,0.02321,0.0,0.0806451612903225,0.0,0.8316448,0.8735428,0.7520474,0.19,0.2321,0.0,0.0806451612903225,0.0,0.8316448,0.8735428,0.7520474,0.19,5,0
DB01146,35,0,train,1.0,2.0,0.318906,0.0,0.0,0.0,0.7831804,0.6378298,0.66112584,0.0521739130434782,0.318906,0.0,0.0,0.0,1.5663608,1.2756596,1.32225168,0.1043478260869564,5,0
DB01173,182,0,train,6.0,9.0,0.092758,0.0,0.0303030303030303,0.0,0.81485665,0.81197536,0.8473497,0.2115384615384615,0.5565479999999999,0.0,0.2727272727272727,0.0,7.33370985,7.30777824,7.626147299999999,1.9038461538461533,5,0
DB00757,0,0,train,3.0,1.0,0.259121,0.024390243902439,0.1621621621621621,0.0,0.8075743,0.8898331,0.87876695,0.1785714285714285,0.777363,0.024390243902439,0.1621621621621621,0.0,0.8075743,0.8898331,0.87876695,0.1785714285714285,5,0
DB00754,377,0,train,0.0,1.0,0.318551,0.0,0.0,0.0,0.0,0.0,0.0,0.0,0.0,0.0,0.0,0.0,0.0,0.0,0.0,0.0,5,0
DB00230,193,0,train,0.0,1.0,0.097243,0.0,0.0,0.0,0.0,0.0,0.0,0.0,0.0,0.0,0.0,0.0,0.0,0.0,0.0,0.0,5,0
DB01410,143,0,train,2.0,4.0,0.057882,0.0,0.0,0.0,0.7577947,0.7901858,0.7602934,0.0972972972972973,0.115764,0.0,0.0,0.0,3.0311788,3.1607432,3.0411736,0.3891891891891892,5,0
DB00865,249,0,train,0.0,2.0,0.15352,0.0,0.0,0.0,0.0,0.0,0.0,0.0,0.0,0.0,0.0,0.0,0.0,0.0,0.0,0.0,5,0
DB00764,197,0,train,6.0,4.0,0.137846,0.6666666666666666,0.136986301369863,0.0,0.48057008,0.80232626,0.8085221,0.3592233009708738,0.8270759999999999,2.6666666666666665,0.547945205479452,0.0,1.92228032,3.20930504,3.2340884,1.4368932038834952,5,0
DB01410,270,0,train,1.0,4.0,0.074446,0.0,0.0681818181818181,0.0,0.6670853,0.8021828,0.76551527,0.096590909090909,0.074446,0.0,0.2727272727272724,0.0,2.6683412,3.2087312,3.06206108,0.386363636363636,5,0
DB00367,169,0,train,1.0,2.0,0.086587,0.0,0.0,0.0,0.6003657,0.7175727,0.6489586,0.0357142857142857,0.086587,0.0,0.0,0.0,1.2007314,1.4351454,1.2979172,0.0714285714285714,5,0
DB08820,276,0,train,0.0,1.0,0.187443,0.0,0.0,0.0,0.0,0.0,0.0,0.0,0.0,0.0,0.0,0.0,0.0,0.0,0.0,0.0,5,0
DB00851,19,0,train,9.0,3.0,0.183482,0.0,0.5652173913043478,0.0,0.9014435,0.83430237,0.7602457,0.1636363636363636,1.651338,0.0,1.6956521739130437,0.0,2.7043305,2.50290711,2.2807371,0.4909090909090908,5,0
DB01241,109,0,train,2.0,3.0,0.158457,0.0,0.144578313253012,0.0,0.73434865,0.84033704,0.73737043,0.180722891566265,0.316914,0.0,0.433734939759036,0.0,2.20304595,2.52101112,2.21211129,0.542168674698795,5,0
DB01440,310,0,train,4.0,2.0,0.115411,0.0,0.0357142857142857,0.0,0.56018525,0.7819221,0.7570547,0.0638297872340425,0.461644,0.0,0.0714285714285714,0.0,1.1203705,1.5638442,1.5141094,0.127659574468085,5,0
DB01291,63,0,train,1.0,2.0,0.111397,0.0,0.0303030303030303,0.0,0.7959341,0.79139405,0.7395246,0.0943396226415094,0.111397,0.0,0.0606060606060606,0.0,1.5918682,1.5827881,1.4790492,0.1886792452830188,5,0
DB00341,137,0,train,2.0,3.0,0.063968,0.0,0.0344827586206896,0.0,0.7232683,0.5853699,0.6602092,0.0620915032679738,0.127936,0.0,0.1034482758620688,0.0,2.1698049,1.7561097,1.9806276,0.1862745098039214,5,0
DB00206,112,0,train,2.0,2.0,0.313452,0.0,0.0357142857142857,0.0,0.8146422,0.8407376,0.8540783,0.1620111731843575,0.626904,0.0,0.0714285714285714,0.0,1.6292844,1.6814752,1.7081566,0.324022346368715,5,0
DB01148,50,0,train,1.0,3.0,0.320798,0.0,0.0,0.0,0.64195275,0.7298002,0.6942742,0.2307692307692307,0.320798,0.0,0.0,0.0,1.92585825,2.1894006,2.0828226,0.6923076923076921,5,0
DB00188,212,0,train,5.0,1.0,0.0,0.0,0.0869565217391304,0.0,0.729156,0.73746586,0.705305,0.1794871794871795,0.0,0.0,0.0869565217391304,0.0,0.729156,0.73746586,0.705305,0.1794871794871795,5,0
DB00153,263,0,train,0.0,7.0,0.315706,0.0,0.0,0.0,0.0,0.0,0.0,0.0,0.0,0.0,0.0,0.0,0.0,0.0,0.0,0.0,5,0
DB00187,366,0,train,1.0,2.0,0.107122,0.0,0.0612244897959183,0.0,0.7502588,0.7374337,0.0,0.0982142857142857,0.107122,0.0,0.1224489795918366,0.0,1.5005176,1.4748674,0.0,0.1964285714285714,5,0
DB00327,151,0,train,4.0,2.0,0.032908,0.0,0.044776119402985,0.0,0.70154333,0.6222625,0.7115205,0.1774193548387097,0.131632,0.0,0.08955223880597,0.0,1.40308666,1.244525,1.423041,0.3548387096774194,5,0
DB00938,71,0,train,2.0,2.0,0.02045,0.0,0.0357142857142857,0.0,0.7004013,0.69566005,0.7861304,0.1640625,0.0409,0.0,0.0714285714285714,0.0,1.4008026,1.3913201,1.5722608,0.328125,5,0
DB00394,283,0,train,2.0,6.0,0.159739,0.0,0.1587301587301587,0.0,0.75980544,0.867573,0.7287097,0.1548387096774193,0.319478,0.0,0.952380952380952,0.0,4.55883264,5.205438,4.3722582,0.9290322580645158,5,0
DB04868,337,0,train,1.0,1.0,0.059051,0.0,0.0,0.0,0.7266333,0.7396813,0.5753291,0.1210191082802547,0.059051,0.0,0.0,0.0,0.7266333,0.7396813,0.5753291,0.1210191082802547,5,0
DB00324,344,0,train,10.0,1.0,0.0,0.0,0.0508474576271186,0.0,0.8233445,0.8375969,0.77052104,0.1171875,0.0,0.0,0.0508474576271186,0.0,0.8233445,0.8375969,0.77052104,0.1171875,5,0
DB00699,375,0,train,2.0,1.0,0.143624,0.0,0.0476190476190476,0.0,0.807175,0.732421,0.7850072,0.1327433628318584,0.287248,0.0,0.0476190476190476,0.0,0.807175,0.732421,0.7850072,0.1327433628318584,5,0
DB00333,305,0,train,2.0,1.0,0.024349,0.0357142857142857,0.025,0.0,0.83232874,0.81716704,0.7721957,0.1058823529411764,0.048698,0.0357142857142857,0.025,0.0,0.83232874,0.81716704,0.7721957,0.1058823529411764,5,0
DB01029,195,0,train,2.0,6.0,0.157771,0.0,0.0454545454545454,0.0,0.8519867,0.776464,0.66655064,0.1640625,0.315542,0.0,0.2727272727272724,0.0,5.1119202,4.658784000000001,3.99930384,0.984375,5,0
DB08901,263,0,train,0.0,3.0,0.189594,0.0,0.0,0.0,0.0,0.0,0.0,0.0,0.0,0.0,0.0,0.0,0.0,0.0,0.0,0.0,5,0
DB00214,46,0,train,1.0,6.0,0.133469,0.0,0.0597014925373134,0.0,0.6915748,0.76873046,0.70052755,0.1382113821138211,0.133469,0.0,0.3582089552238804,0.0,4.1494488,4.61238276,4.2031653,0.8292682926829267,5,0
DB01195,257,0,train,5.0,0.0,0.0,0.0,0.15,0.0,0.80766696,0.70926636,0.84242713,0.1324503311258278,0.0,0.0,0.0,0.0,0.0,0.0,0.0,0.0,5,0
DB00422,255,0,train,3.0,0.0,0.0,0.0,0.024390243902439,0.0,0.77422583,0.7008172,0.78059334,0.1485148514851485,0.0,0.0,0.0,0.0,0.0,0.0,0.0,0.0,5,0
DB00264,388,0,train,4.0,5.0,0.172036,0.0,0.1551724137931034,0.0,0.79189706,0.8561659,0.84989136,0.1136363636363636,0.688144,0.0,0.775862068965517,0.0,3.9594853,4.2808295,4.2494568,0.568181818181818,5,0
DB00521,382,0,train,10.0,2.0,0.107262,0.6666666666666666,0.5,0.0,0.8930713,0.8386455,0.7968336,0.2621359223300971,1.07262,1.3333333333333333,1.0,0.0,1.7861426,1.677291,1.5936672,0.5242718446601942,5,0
DB00412,110,0,train,1.0,4.0,0.188018,0.0,0.0,0.0,0.733521,0.7312825,0.5479006,0.1913043478260869,0.188018,0.0,0.0,0.0,2.934084,2.92513,2.1916024,0.7652173913043476,5,0
DB00396,305,0,train,2.0,1.0,0.0,0.0,0.0128205128205128,0.0,0.6500722,0.7165777,0.7348214,0.0333333333333333,0.0,0.0,0.0128205128205128,0.0,0.6500722,0.7165777,0.7348214,0.0333333333333333,5,0
DB00461,206,0,train,1.0,4.0,0.090739,0.0,0.0,0.0,0.47717187,0.72338194,0.6815362,0.0675675675675675,0.090739,0.0,0.0,0.0,1.90868748,2.89352776,2.7261448,0.27027027027027,5,0
DB00918,194,0,train,1.0,1.0,0.187241,0.0,0.0465116279069767,0.0,0.7729771,0.60282403,0.60514045,0.057471264367816,0.187241,0.0,0.0465116279069767,0.0,0.7729771,0.60282403,0.60514045,0.057471264367816,5,0
DB06803,399,0,train,5.0,1.0,0.099633,0.0,0.0392156862745098,0.0,0.60653114,0.72059494,0.79848933,0.1748251748251748,0.4981649999999999,0.0,0.0392156862745098,0.0,0.60653114,0.72059494,0.79848933,0.1748251748251748,5,0
DB00736,80,0,train,8.0,3.0,0.059032,0.0,0.1612903225806451,0.0,0.8771416,0.8689009,0.8824085,0.1979166666666666,0.472256,0.0,0.4838709677419353,0.0,2.6314248,2.6067027,2.6472255,0.5937499999999998,5,0
DB01576,321,0,train,1.0,2.0,0.0,0.0,0.0,0.0,0.5163162,0.61955565,0.63026595,0.0377358490566037,0.0,0.0,0.0,0.0,1.0326324,1.2391113,1.2605319,0.0754716981132074,5,0
DB04865,355,0,train,4.0,1.0,0.114589,0.0,0.0625,0.0,0.82230186,0.7638637,0.67392206,0.1688311688311688,0.458356,0.0,0.0625,0.0,0.82230186,0.7638637,0.67392206,0.1688311688311688,5,0
DB01167,19,0,train,9.0,3.0,0.0,0.0,0.1206896551724138,0.0,0.79115605,0.8437283,0.8167244,0.1439114391143911,0.0,0.0,0.3620689655172414,0.0,2.37346815,2.5311849,2.4501732,0.4317343173431733,5,0
DB00280,326,0,train,1.0,1.0,0.0,0.0,0.1351351351351351,0.0,0.7196425,0.751319,0.67620826,0.1223021582733813,0.0,0.0,0.1351351351351351,0.0,0.7196425,0.751319,0.67620826,0.1223021582733813,5,0
DB00624,122,0,train,2.0,2.0,0.137258,0.0,0.0389610389610389,0.0,0.6166314,0.71406454,0.6130668,0.0495049504950495,0.274516,0.0,0.0779220779220778,0.0,1.2332628,1.42812908,1.2261336,0.099009900990099,5,0
DB01026,205,0,train,1.0,1.0,0.046803,0.0,0.0,0.0,0.8181764,0.7051657,0.755908,0.0330578512396694,0.046803,0.0,0.0,0.0,0.8181764,0.7051657,0.755908,0.0330578512396694,5,0
DB00222,166,0,train,4.0,3.0,0.144367,0.0,0.064516129032258,0.0,0.8100638,0.6523204,0.6863831,0.1575342465753424,0.577468,0.0,0.1935483870967739,0.0,2.4301914,1.9569612,2.0591493,0.4726027397260272,5,0
DB00199,203,0,train,1.0,1.0,0.092553,0.0,0.0185185185185185,0.0,0.6415326,0.5469997,0.7591542,0.0070921985815602,0.092553,0.0,0.0185185185185185,0.0,0.6415326,0.5469997,0.7591542,0.0070921985815602,5,0
DB00724,376,0,train,16.0,1.0,0.02075,0.0,0.0625,0.0,0.79101336,0.78846836,0.87534034,0.2258064516129032,0.332,0.0,0.0625,0.0,0.79101336,0.78846836,0.87534034,0.2258064516129032,5,0
DB00642,404,0,train,5.0,0.0,0.0,0.0,0.0754716981132075,0.0,0.7809657,0.78458446,0.78591603,0.2314814814814814,0.0,0.0,0.0,0.0,0.0,0.0,0.0,0.0,5,0
DB01228,3,0,train,11.0,1.0,0.066591,0.0,0.1282051282051282,0.0,0.66490245,0.8082087,0.7455357,0.2888888888888888,0.732501,0.0,0.1282051282051282,0.0,0.66490245,0.8082087,0.7455357,0.2888888888888888,5,0
DB00997,356,0,train,4.0,14.0,0.135854,0.0,0.2352941176470588,0.0,0.8692928,0.7655386,0.77027655,0.2123287671232876,0.543416,0.0,3.294117647058823,0.0,12.1700992,10.7175404,10.7838717,2.9726027397260264,5,0
DB01246,91,0,train,1.0,3.0,0.130832,0.0,0.0196078431372549,0.0,0.7805245,0.74317056,0.72707003,0.1653543307086614,0.130832,0.0,0.0588235294117647,0.0,2.3415735,2.22951168,2.18121009,0.4960629921259842,5,0
DB00787,391,0,train,4.0,1.0,0.115071,0.0,0.0638297872340425,0.0,0.7308929,0.66681767,0.6922036,0.1125,0.460284,0.0,0.0638297872340425,0.0,0.7308929,0.66681767,0.6922036,0.1125,5,0
DB00140,135,0,train,15.0,1.0,0.086264,0.0,0.0638297872340425,0.0,0.6677066,0.7929273,0.6636846,0.1391304347826087,1.29396,0.0,0.0638297872340425,0.0,0.6677066,0.7929273,0.6636846,0.1391304347826087,5,0
DB00302,171,0,train,1.0,5.0,0.365597,0.0,0.1025641025641025,0.0,0.8225155,0.6251518,0.88883734,0.0585585585585585,0.365597,0.0,0.5128205128205126,0.0,4.1125775,3.1257590000000004,4.4441867,0.2927927927927925,5,0
DB00193,93,0,train,4.0,5.0,0.230923,0.0,0.0476190476190476,0.0,0.78528273,0.7945845,0.7203206,0.1391304347826087,0.923692,0.0,0.238095238095238,0.0,3.92641365,3.9729225,3.601603,0.6956521739130435,5,0
DB00741,87,0,train,1.0,5.0,0.33535,0.0,0.0769230769230769,0.0,0.8191953,0.59758365,0.72334903,0.1403508771929824,0.33535,0.0,0.3846153846153844,0.0,4.0959765,2.98791825,3.61674515,0.701754385964912,5,0
DB00570,188,0,train,12.0,7.0,0.118046,0.0,0.1234567901234567,0.0,0.817614,0.8090685,0.75781894,0.1527093596059113,1.416552,0.0,0.8641975308641969,0.0,5.723298,5.663479499999999,5.3047325800000005,1.0689655172413792,5,0
DB00201,281,0,train,1.0,4.0,0.262218,0.0,0.028169014084507,0.0,0.6477667,0.5585146,0.66183805,0.0561797752808988,0.262218,0.0,0.112676056338028,0.0,2.5910668,2.2340584,2.6473522,0.2247191011235952,5,0
DB00687,287,0,train,1.0,2.0,0.05129,0.5,0.2727272727272727,0.0,0.7663261,0.8038615,0.6646792,0.45,0.05129,1.0,0.5454545454545454,0.0,1.5326522,1.607723,1.3293584,0.9,5,0
DB01399,301,0,train,4.0,3.0,0.075697,0.0,0.0,0.0,0.7067107,0.7127892,0.7725821,0.0390625,0.302788,0.0,0.0,0.0,2.1201321,2.1383676,2.3177463,0.1171875,5,0
DB00554,405,0,train,55.0,4.0,0.080495,0.25,0.1186440677966101,0.0,0.86106783,0.8966998,0.8490707,0.2745098039215686,4.427225,1.0,0.4745762711864404,0.0,3.44427132,3.5867992,3.3962828,1.0980392156862744,5,0
DB00384,279,0,train,4.0,2.0,0.155028,0.0,0.0,0.0,0.83861107,0.76291066,0.81799847,0.1485148514851485,0.620112,0.0,0.0,0.0,1.67722214,1.52582132,1.63599694,0.297029702970297,5,0
DB01019,59,0,train,1.0,1.0,0.0,0.0,0.0,0.0,0.80873936,0.7548503,0.6659502,0.0961538461538461,0.0,0.0,0.0,0.0,0.80873936,0.7548503,0.6659502,0.0961538461538461,5,0
DB00585,199,0,train,13.0,3.0,0.15671,0.0,0.0512820512820512,0.0,0.83690035,0.83491504,0.8191255,0.1052631578947368,2.03723,0.0,0.1538461538461535,0.0,2.51070105,2.50474512,2.4573765,0.3157894736842104,5,0
DB00996,337,0,train,1.0,13.0,0.108165,0.0,0.0714285714285714,0.0,0.7752058,0.8035737,0.7619711,0.0208333333333333,0.108165,0.0,0.9285714285714282,0.0,10.0776754,10.4464581,9.9056243,0.2708333333333329,5,0
DB00323,209,0,train,3.0,8.0,0.308035,0.0,0.0847457627118644,0.0,0.74565566,0.87182736,0.62130123,0.119047619047619,0.924105,0.0,0.6779661016949152,0.0,5.96524528,6.97461888,4.97040984,0.952380952380952,5,0
DB00810,85,0,train,6.0,2.0,0.039048,0.0,0.0909090909090909,0.0,0.7461791,0.7952427,0.65349627,0.1223628691983122,0.234288,0.0,0.1818181818181818,0.0,1.4923582,1.5904854,1.30699254,0.2447257383966244,5,0
DB01254,220,0,train,1.0,2.0,0.181308,0.0,0.0526315789473684,0.0,0.6358099,0.6775598,0.78662187,0.0920245398773006,0.181308,0.0,0.1052631578947368,0.0,1.2716198,1.3551196,1.57324374,0.1840490797546012,5,0
DB01194,227,0,train,1.0,4.0,0.064297,0.0,0.0,0.0,0.79497087,0.5716765,0.6463256,0.0762711864406779,0.064297,0.0,0.0,0.0,3.17988348,2.286706,2.5853024,0.3050847457627116,5,0
DB00323,217,0,train,1.0,8.0,0.240168,0.0,0.0285714285714285,0.0,0.836131,0.7894385,0.75612384,0.0329670329670329,0.240168,0.0,0.228571428571428,0.0,6.689048,6.315508,6.04899072,0.2637362637362632,5,0
DB00988,173,0,train,2.0,4.0,0.236482,0.0,0.0847457627118644,0.0,0.75372326,0.6961451,0.6881591,0.1216216216216216,0.472964,0.0,0.3389830508474576,0.0,3.01489304,2.7845804,2.7526364,0.4864864864864864,5,0
DB06196,51,0,train,1.0,0.0,0.0,0.0,0.0,0.0,0.7524637,0.82520425,0.8277474,0.0673758865248227,0.0,0.0,0.0,0.0,0.0,0.0,0.0,0.0,5,0
DB01202,129,0,train,4.0,10.0,0.113452,0.0,0.0232558139534883,0.0,0.7623597,0.780322,0.6985361,0.0853658536585365,0.453808,0.0,0.232558139534883,0.0,7.623597,7.80322,6.985361,0.853658536585365,5,0
DB00953,241,0,train,1.0,2.0,0.188269,0.0,0.0377358490566037,0.0,0.6492465,0.7452924,0.63301986,0.104,0.188269,0.0,0.0754716981132074,0.0,1.298493,1.4905848,1.26603972,0.208,5,0
DB00912,345,0,train,6.0,3.0,0.110299,0.0,0.1025641025641025,0.0,0.6692119,0.65261,0.6283474,0.2035928143712574,0.661794,0.0,0.3076923076923075,0.0,2.0076357,1.95783,1.8850422,0.6107784431137722,5,0
DB00751,205,0,train,1.0,3.0,0.126963,0.0,0.0,0.0,0.7263036,0.7515098,0.8336699,0.0131578947368421,0.126963,0.0,0.0,0.0,2.1789108,2.2545294,2.5010097,0.0394736842105263,5,0
DB00398,366,0,train,1.0,4.0,0.09748,0.0,0.0240963855421686,0.0,0.76633555,0.66747725,0.7791438,0.1578947368421052,0.09748,0.0,0.0963855421686744,0.0,3.0653422,2.669909,3.1165752,0.6315789473684208,5,0
DB00208,227,0,train,1.0,1.0,0.086443,0.0,0.0,0.0,0.81965125,0.7079571,0.74030566,0.1616161616161616,0.086443,0.0,0.0,0.0,0.81965125,0.7079571,0.74030566,0.1616161616161616,5,0
DB01250,320,0,train,1.0,0.0,0.0,0.0,0.0185185185185185,0.0,0.7427258,0.68163884,0.6691869,0.1167883211678832,0.0,0.0,0.0,0.0,0.0,0.0,0.0,0.0,5,0
DB00668,161,0,train,1.0,5.0,0.101626,0.0,0.028169014084507,0.0,0.8476118,0.6924143,0.77123797,0.0277777777777777,0.101626,0.0,0.140845070422535,0.0,4.238059,3.4620715000000004,3.85618985,0.1388888888888885,5,0
DB00820,44,0,train,8.0,2.0,0.192775,0.0,0.0689655172413793,0.0,0.8636633,0.805264,0.7800039,0.2016129032258064,1.5422,0.0,0.1379310344827586,0.0,1.7273266,1.610528,1.5600078,0.4032258064516128,5,0
DB01216,325,0,train,5.0,5.0,0.143867,0.0,0.078125,0.0,0.810119,0.76375496,0.74108344,0.0654205607476635,0.719335,0.0,0.390625,0.0,4.050595,3.8187748,3.7054172,0.3271028037383175,5,0
DB01241,348,0,train,1.0,3.0,0.618057,0.0,0.072463768115942,0.0,0.8267809,0.8148552,0.72300005,0.134453781512605,0.618057,0.0,0.217391304347826,0.0,2.4803427,2.4445656,2.16900015,0.403361344537815,5,0
DB00277,7,0,train,5.0,3.0,0.173168,0.0,0.1940298507462686,0.0,0.7468962,0.8576736,0.74076355,0.1029411764705882,0.8658399999999999,0.0,0.5820895522388059,0.0,2.2406886,2.5730208,2.22229065,0.3088235294117646,5,0
DB00523,266,0,train,1.0,0.0,0.0,0.0,0.0136986301369863,0.0,0.80855286,0.6865907,0.7982845,0.094017094017094,0.0,0.0,0.0,0.0,0.0,0.0,0.0,0.0,5,0
DB00731,89,0,train,23.0,4.0,0.076931,0.0909090909090909,0.1428571428571428,0.0,0.7942494,0.7996215,0.6267894,0.2857142857142857,1.769413,0.3636363636363636,0.5714285714285712,0.0,3.1769976,3.198486,2.5071576,1.1428571428571428,5,0
DB08800,335,0,train,3.0,4.0,0.152467,0.0,0.0178571428571428,0.0,0.74857956,0.80381906,0.8251273,0.2708333333333333,0.4574009999999999,0.0,0.0714285714285712,0.0,2.99431824,3.21527624,3.3005092,1.0833333333333333,5,0
DB00829,57,0,train,2.0,1.0,0.0,0.0,0.0136986301369863,0.0,0.5982151,0.7036466,0.7530068,0.1196581196581196,0.0,0.0,0.0136986301369863,0.0,0.5982151,0.7036466,0.7530068,0.1196581196581196,5,0
DB01106,17,0,train,1.0,5.0,0.108958,0.0,0.0,0.0,0.8016576,0.7505114,0.59993416,0.1408450704225352,0.108958,0.0,0.0,0.0,4.008288,3.752557,2.9996708,0.704225352112676,5,0
DB00674,194,0,train,1.0,8.0,0.274039,0.0,0.0,0.0,0.6268042,0.54188687,0.6695965,0.0357142857142857,0.274039,0.0,0.0,0.0,5.0144336,4.33509496,5.356772,0.2857142857142856,5,0
DB00585,356,0,train,4.0,3.0,0.164117,0.0,0.0363636363636363,0.0,0.86167806,0.85928357,0.8308088,0.1081081081081081,0.656468,0.0,0.1090909090909089,0.0,2.58503418,2.57785071,2.4924264000000003,0.3243243243243243,5,0
DB00570,190,0,train,5.0,7.0,0.15779,0.0,0.2278481012658227,0.0,0.76557755,0.8584318,0.7845211,0.1594827586206896,0.78895,0.0,1.594936708860759,0.0,5.359042850000001,6.0090226,5.4916477,1.1163793103448274,5,0
DB01156,208,0,train,11.0,1.0,0.063705,0.0,0.0684931506849315,0.0,0.7863593,0.8575543,0.6692178,0.1271186440677966,0.700755,0.0,0.0684931506849315,0.0,0.7863593,0.8575543,0.6692178,0.1271186440677966,5,0
DB01030,115,0,train,1.0,1.0,0.0,0.0,0.0,0.0,0.7843416,0.44315824,0.5738263,0.1,0.0,0.0,0.0,0.0,0.7843416,0.44315824,0.5738263,0.1,5,0
DB00856,128,0,train,22.0,1.0,0.060819,0.0,0.1333333333333333,0.0,0.8299533,0.7363169,0.76434577,0.25,1.338018,0.0,0.1333333333333333,0.0,0.8299533,0.7363169,0.76434577,0.25,5,0
DB00647,394,0,train,2.0,1.0,0.095823,0.0,0.1666666666666666,0.0,0.8345883,0.8309028,0.8255447,0.1721311475409836,0.191646,0.0,0.1666666666666666,0.0,0.8345883,0.8309028,0.8255447,0.1721311475409836,5,0
DB00939,273,0,train,3.0,3.0,0.075262,0.0909090909090909,0.0784313725490196,0.0,0.816024,0.8432794,0.65329653,0.1975308641975308,0.225786,0.2727272727272727,0.2352941176470588,0.0,2.448072,2.5298382,1.95988959,0.5925925925925923,5,0
DB01250,231,0,train,2.0,0.0,0.0,0.0,0.0,0.0,0.6418868,0.6708446,0.6164856,0.0504201680672268,0.0,0.0,0.0,0.0,0.0,0.0,0.0,0.0,5,0
DB00304,298,0,train,8.0,2.0,0.208339,0.0,0.140625,0.0,0.8054402,0.78240544,0.8145288,0.2363636363636363,1.666712,0.0,0.28125,0.0,1.6108804,1.56481088,1.6290576,0.4727272727272726,5,0
DB00548,94,0,train,14.0,1.0,0.1085,0.0,0.037037037037037,0.0,0.76973265,0.81614524,0.7118503,0.1428571428571428,1.519,0.0,0.037037037037037,0.0,0.76973265,0.81614524,0.7118503,0.1428571428571428,5,0
DB00342,255,0,train,3.0,6.0,0.251476,0.0588235294117647,0.072463768115942,0.0,0.7883364,0.6593942,0.8386077,0.1208053691275167,0.7544279999999999,0.3529411764705882,0.434782608695652,0.0,4.7300184000000005,3.956365200000001,5.0316462,0.7248322147651002,5,0
DB00433,183,0,train,28.0,5.0,0.179643,0.4545454545454545,0.1379310344827586,0.0,0.8732855,0.8967408,0.8430374,0.2083333333333333,5.030004,2.2727272727272725,0.6896551724137929,0.0,4.3664275,4.483704,4.215187,1.0416666666666663,5,0
DB00630,354,0,train,7.0,5.0,0.177544,0.0,0.0384615384615384,0.0,0.7772815,0.7584029,0.5967753,0.0909090909090909,1.242808,0.0,0.192307692307692,0.0,3.8864075,3.7920145,2.9838765,0.4545454545454545,5,0
DB01006,42,0,train,1.0,1.0,0.285063,0.0,0.0697674418604651,0.0,0.7160574,0.7092164,0.8323705,0.0867768595041322,0.285063,0.0,0.0697674418604651,0.0,0.7160574,0.7092164,0.8323705,0.0867768595041322,5,0
DB00514,347,0,train,33.0,1.0,0.085405,0.05,0.1694915254237288,0.3333333333333333,0.8726734,0.8647338,0.8450675,0.1967213114754098,2.818365,0.05,0.1694915254237288,0.3333333333333333,0.8726734,0.8647338,0.8450675,0.1967213114754098,5,0
DB01148,75,0,train,2.0,3.0,0.221712,0.0,0.032258064516129,0.0,0.77126485,0.86409247,0.7935004,0.1401869158878504,0.443424,0.0,0.0967741935483869,0.0,2.31379455,2.59227741,2.3805012,0.4205607476635512,5,0
DB01072,344,0,train,10.0,1.0,0.02058,0.0,0.1358024691358024,0.0,0.75849336,0.6638591,0.7517586,0.2012195121951219,0.2058,0.0,0.1358024691358024,0.0,0.75849336,0.6638591,0.7517586,0.2012195121951219,5,0
DB00191,151,0,train,4.0,3.0,0.130838,0.0,0.0576923076923076,0.0,0.6325426,0.69408375,0.7258884,0.1,0.523352,0.0,0.1730769230769228,0.0,1.8976278,2.08225125,2.1776652,0.3,5,0
DB00636,401,0,train,5.0,1.0,0.342707,0.0,0.1698113207547169,0.0,0.7852211,0.8160864,0.90537035,0.2371134020618556,1.7135349999999998,0.0,0.1698113207547169,0.0,0.7852211,0.8160864,0.90537035,0.2371134020618556,5,0
DB00819,121,0,train,0.0,7.0,0.105614,0.0,0.0,0.0,0.0,0.0,0.0,0.0,0.0,0.0,0.0,0.0,0.0,0.0,0.0,0.0,5,0
DB01224,364,0,train,11.0,1.0,0.349422,0.5925925925925926,0.2419354838709677,0.0,0.84961736,0.82124513,0.8311988,0.324074074074074,3.843642,0.5925925925925926,0.2419354838709677,0.0,0.84961736,0.82124513,0.8311988,0.324074074074074,5,0
DB00341,348,0,train,1.0,3.0,0.067413,0.0,0.09375,0.0,0.7230389,0.6669384,0.6646927,0.1458333333333333,0.067413,0.0,0.28125,0.0,2.1691167,2.0008152,1.9940781,0.4374999999999999,5,0
DB00991,5,0,train,2.0,4.0,0.088903,0.0,0.0285714285714285,0.0,0.85215497,0.8735124,0.7545035,0.0887096774193548,0.177806,0.0,0.114285714285714,0.0,3.40861988,3.4940496,3.018014,0.3548387096774192,5,0
DB00268,329,0,train,3.0,8.0,0.092266,0.0,0.05,0.0,0.6339359,0.737836,0.6887016,0.1525423728813559,0.276798,0.0,0.4,0.0,5.0714872,5.902688,5.5096128,1.220338983050847,5,0
DB00328,292,0,train,1.0,11.0,0.250898,0.0,0.1014492753623188,0.0,0.6875324,0.78325254,0.68386817,0.2857142857142857,0.250898,0.0,1.1159420289855069,0.0,7.5628564,8.61577794,7.52254987,3.142857142857143,5,0
DB01244,67,0,train,2.0,1.0,0.143357,0.0,0.1333333333333333,0.0,0.7726084,0.80502397,0.65827984,0.091743119266055,0.286714,0.0,0.1333333333333333,0.0,0.7726084,0.80502397,0.65827984,0.091743119266055,5,0
DB00991,275,0,train,2.0,4.0,0.158009,0.0,0.0377358490566037,0.0,0.8429872,0.87990963,0.62666214,0.1443298969072164,0.316018,0.0,0.1509433962264148,0.0,3.3719488,3.51963852,2.50664856,0.5773195876288656,5,0
DB00907,131,0,train,6.0,2.0,0.02771,0.0476190476190476,0.1269841269841269,0.0,0.7901034,0.7616384,0.6795066,0.1875,0.16626,0.0952380952380952,0.2539682539682538,0.0,1.5802068,1.5232768,1.3590132,0.375,5,0
DB00313,152,0,train,4.0,8.0,0.243935,0.0,0.18,0.0,0.8422699,0.9208264,0.8843164,0.075268817204301,0.97574,0.0,1.44,0.0,6.7381592,7.3666112,7.0745312,0.602150537634408,5,0
DB01327,293,0,train,4.0,1.0,0.0,0.0,0.04,0.0,0.6148257,0.7026439,0.73004866,0.0961538461538461,0.0,0.0,0.04,0.0,0.6148257,0.7026439,0.73004866,0.0961538461538461,5,0
DB00491,223,0,train,1.0,2.0,0.172556,0.0,0.0,0.0,0.7541823,0.67910117,0.74340606,0.0549450549450549,0.172556,0.0,0.0,0.0,1.5083646,1.35820234,1.48681212,0.1098901098901098,5,0
DB00464,301,0,train,4.0,1.0,0.0,0.0,0.0285714285714285,0.0,0.7453257,0.81122595,0.6890027,0.131578947368421,0.0,0.0,0.0285714285714285,0.0,0.7453257,0.81122595,0.6890027,0.131578947368421,5,0
DB00759,307,0,train,2.0,7.0,0.128563,0.0,0.0483870967741935,0.0,0.7414479,0.6464276,0.7274434,0.1037037037037037,0.257126,0.0,0.3387096774193545,0.0,5.190135300000001,4.5249932,5.092103799999999,0.7259259259259259,5,0
DB00863,67,0,train,2.0,3.0,0.154581,0.0,0.0266666666666666,0.0,0.8453068,0.7932224,0.87359023,0.0769230769230769,0.309162,0.0,0.0799999999999998,0.0,2.5359204,2.3796672,2.62077069,0.2307692307692307,5,0
DB01234,241,0,train,1.0,18.0,0.393049,0.0,0.1444444444444444,0.0,0.76843375,0.831362,0.7697339,0.1313868613138686,0.393049,0.0,2.599999999999999,0.0,13.8318075,14.964516,13.8552102,2.364963503649635,5,0
DB00767,378,0,train,4.0,0.0,0.0,0.0,0.0416666666666666,0.0,0.80579525,0.7964337,0.8288437,0.1333333333333333,0.0,0.0,0.0,0.0,0.0,0.0,0.0,0.0,5,0
DB00814,182,0,train,6.0,5.0,0.10462,0.0,0.0784313725490196,0.0,0.8405937,0.84540725,0.8222544,0.2222222222222222,0.6277200000000001,0.0,0.392156862745098,0.0,4.2029685,4.22703625,4.1112720000000005,1.1111111111111112,5,0
DB01045,172,0,train,3.0,1.0,0.119353,0.1428571428571428,0.0510204081632653,0.0,0.8036968,0.8295056,0.8019273,0.2268518518518518,0.358059,0.1428571428571428,0.0510204081632653,0.0,0.8036968,0.8295056,0.8019273,0.2268518518518518,5,0
DB00844,293,0,train,4.0,0.0,0.0,0.0,0.1463414634146341,0.0,0.8591447,0.8428236,0.74044603,0.1145833333333333,0.0,0.0,0.0,0.0,0.0,0.0,0.0,0.0,5,0
DB00796,328,0,train,8.0,2.0,0.459587,0.0,0.1714285714285714,0.0,0.8626567,0.8762023,0.7847595,0.1878787878787878,3.676696,0.0,0.3428571428571428,0.0,1.7253134,1.7524046,1.569519,0.3757575757575756,5,0
DB00908,11,0,train,3.0,2.0,0.054511,0.0,0.0303030303030303,0.0,0.7683065,0.7925292,0.76566935,0.1290322580645161,0.1635329999999999,0.0,0.0606060606060606,0.0,1.536613,1.5850584,1.5313387,0.2580645161290322,5,0
DB00908,281,0,train,1.0,2.0,0.0,0.0,0.0084033613445378,0.0,0.6077416,0.526437,0.58511376,0.0677966101694915,0.0,0.0,0.0168067226890756,0.0,1.2154832,1.052874,1.17022752,0.135593220338983,5,0
DB00208,20,0,train,5.0,1.0,0.062373,0.0,0.064516129032258,0.0,0.85369384,0.77053344,0.73266876,0.1015625,0.311865,0.0,0.064516129032258,0.0,0.85369384,0.77053344,0.73266876,0.1015625,5,0
DB00731,336,0,train,1.0,4.0,0.092104,0.0,0.0,0.0,0.6318494,0.6166848,0.61518854,0.0932203389830508,0.092104,0.0,0.0,0.0,2.5273976,2.4667392,2.46075416,0.3728813559322032,5,0
DB01628,131,0,train,6.0,3.0,0.105936,0.0,0.123076923076923,0.0,0.7993467,0.77532834,0.69541097,0.1574074074074074,0.635616,0.0,0.369230769230769,0.0,2.3980401,2.32598502,2.08623291,0.4722222222222222,5,0
DB00589,288,0,train,1.0,7.0,0.283993,0.0,0.04,0.0,0.6429499,0.7460622,0.7424701,0.1269841269841269,0.283993,0.0,0.28,0.0,4.5006493,5.2224354,5.1972907,0.8888888888888883,5,0
DB08835,326,0,train,1.0,4.0,0.067708,0.0,0.0,0.0,0.7038206,0.68860704,0.0,0.0444444444444444,0.067708,0.0,0.0,0.0,2.8152824,2.75442816,0.0,0.1777777777777776,5,0
DB00316,355,0,train,4.0,3.0,0.056861,0.064516129032258,0.1388888888888889,0.0,0.84277976,0.80095553,0.6587808,0.2745098039215686,0.227444,0.1935483870967739,0.4166666666666667,0.0,2.52833928,2.40286659,1.9763424,0.8235294117647058,5,0
DB00241,299,0,train,1.0,2.0,0.098581,0.0,0.0,0.0,0.7234048,0.60602224,0.7841365,0.0600858369098712,0.098581,0.0,0.0,0.0,1.4468096,1.21204448,1.568273,0.1201716738197424,5,0
DB00122,193,0,train,0.0,6.0,0.14191,0.0,0.0,0.0,0.0,0.0,0.0,0.0,0.0,0.0,0.0,0.0,0.0,0.0,0.0,0.0,5,0
DB01193,131,0,train,6.0,2.0,0.070551,0.0,0.0625,0.0,0.71446127,0.771271,0.67058927,0.1666666666666666,0.423306,0.0,0.125,0.0,1.42892254,1.542542,1.34117854,0.3333333333333332,5,0
DB01106,22,0,train,2.0,5.0,0.059835,0.1,0.2162162162162162,0.0,0.8738425,0.82767963,0.7986491,0.224,0.11967,0.5,1.081081081081081,0.0,4.3692125,4.13839815,3.9932455,1.12,5,0
DB00859,345,0,train,6.0,1.0,0.062911,0.0,0.1,0.0,0.80163145,0.7020645,0.80939525,0.0625,0.3774659999999999,0.0,0.1,0.0,0.80163145,0.7020645,0.80939525,0.0625,5,0
DB00187,367,0,train,1.0,2.0,0.069723,0.0,0.0576923076923076,0.0,0.71685874,0.73744977,0.0,0.15,0.069723,0.0,0.1153846153846152,0.0,1.43371748,1.47489954,0.0,0.3,5,0
DB00335,236,0,train,1.0,0.0,0.0,0.0,0.0684931506849315,0.0,0.8340587,0.61879236,0.77564776,0.21,0.0,0.0,0.0,0.0,0.0,0.0,0.0,0.0,5,0
DB01003,92,0,train,0.0,2.0,0.122414,0.0,0.0,0.0,0.0,0.0,0.0,0.0,0.0,0.0,0.0,0.0,0.0,0.0,0.0,0.0,5,0
DB01165,300,0,train,1.0,2.0,0.071733,0.25,0.0833333333333333,0.0,0.5334532,0.74637914,0.5717243,0.1272727272727272,0.071733,0.5,0.1666666666666666,0.0,1.0669064,1.49275828,1.1434486,0.2545454545454544,5,0
DB00159,193,0,train,0.0,1.0,0.060307,0.0,0.0,0.0,0.0,0.0,0.0,0.0,0.0,0.0,0.0,0.0,0.0,0.0,0.0,0.0,5,0
DB00622,177,0,train,4.0,1.0,0.13289,0.0,0.078125,0.0,0.79558825,0.8670597,0.84454006,0.2296296296296296,0.53156,0.0,0.078125,0.0,0.79558825,0.8670597,0.84454006,0.2296296296296296,5,0
DB00659,2,0,train,1.0,1.0,0.0,0.0,0.0,0.0,0.59800625,0.577953,0.6451921,0.0925925925925925,0.0,0.0,0.0,0.0,0.59800625,0.577953,0.6451921,0.0925925925925925,5,0
DB01157,374,0,train,1.0,1.0,0.096963,0.0,0.0227272727272727,0.0,0.56815165,0.8228089,0.7190523,0.1826923076923076,0.096963,0.0,0.0227272727272727,0.0,0.56815165,0.8228089,0.7190523,0.1826923076923076,5,0
DB00328,118,0,train,5.0,11.0,0.216745,0.0,0.1111111111111111,0.0,0.82483816,0.7204697,0.74980694,0.2421052631578947,1.083725,0.0,1.222222222222222,0.0,9.07321976,7.9251667,8.247876340000001,2.663157894736842,5,0
DB00440,64,0,train,3.0,3.0,0.214837,0.0,0.123076923076923,0.0,0.74991703,0.7180735,0.5646651,0.1176470588235294,0.6445110000000001,0.0,0.369230769230769,0.0,2.24975109,2.1542205,1.6939953,0.3529411764705882,5,0
DB00246,87,0,train,1.0,0.0,0.0,0.0,0.0602409638554216,0.0,0.6516428,0.5865421,0.6330343,0.0444444444444444,0.0,0.0,0.0,0.0,0.0,0.0,0.0,0.0,5,0
DB00201,153,0,train,7.0,4.0,0.097187,0.0,0.0864197530864197,0.0,0.7986527,0.79080576,0.7501511,0.0961538461538461,0.6803089999999999,0.0,0.3456790123456788,0.0,3.1946108,3.16322304,3.0006044,0.3846153846153844,5,0
DB00663,267,0,train,8.0,4.0,0.056929,0.0,0.0714285714285714,0.0,0.8382313,0.8618314,0.80099416,0.1130434782608695,0.455432,0.0,0.2857142857142856,0.0,3.3529252,3.4473256,3.20397664,0.452173913043478,5,0
DB00757,19,0,train,9.0,1.0,0.0,0.0,0.0714285714285714,0.0,0.8461652,0.87984043,0.80778426,0.1782178217821782,0.0,0.0,0.0714285714285714,0.0,0.8461652,0.87984043,0.80778426,0.1782178217821782,5,0
DB00920,390,0,train,10.0,3.0,0.0,0.125,0.064516129032258,0.0,0.8483064,0.8715538,0.8344796,0.3010752688172043,0.0,0.375,0.1935483870967739,0.0,2.5449192,2.6146614,2.5034388,0.903225806451613,5,0
DB00444,138,0,train,5.0,6.0,0.255163,0.0,0.1029411764705882,0.0,0.7929057,0.7511412,0.57574373,0.1156069364161849,1.275815,0.0,0.6176470588235292,0.0,4.7574342000000005,4.506847199999999,3.45446238,0.6936416184971094,5,0
DB00810,10,0,train,6.0,2.0,0.452532,0.0,0.1891891891891892,0.0,0.92445004,0.8986045,0.78390515,0.2416666666666666,2.715192,0.0,0.3783783783783784,0.0,1.84890008,1.797209,1.5678103,0.4833333333333332,5,0
DB01002,100,0,train,7.0,1.0,0.032115,0.0113636363636363,0.0857142857142857,0.0,0.79471195,0.7798029,0.6860641,0.1865671641791045,0.2248049999999999,0.0113636363636363,0.0857142857142857,0.0,0.79471195,0.7798029,0.6860641,0.1865671641791045,5,0
DB01026,201,0,train,1.0,1.0,0.135097,0.0526315789473684,0.017094017094017,0.0,0.64367753,0.79508036,0.53517157,0.1102941176470588,0.135097,0.0526315789473684,0.017094017094017,0.0,0.64367753,0.79508036,0.53517157,0.1102941176470588,5,0
DB00310,352,0,train,3.0,2.0,0.123071,0.0,0.0714285714285714,0.0,0.8081667,0.85278296,0.0,0.2954545454545454,0.369213,0.0,0.1428571428571428,0.0,1.6163334,1.70556592,0.0,0.5909090909090908,5,0
DB00318,71,0,train,2.0,3.0,0.0,0.0,0.0,0.0,0.66733927,0.601057,0.74405175,0.1061946902654867,0.0,0.0,0.0,0.0,2.00201781,1.803171,2.23215525,0.3185840707964601,5,0
DB00208,220,0,train,1.0,1.0,0.255861,0.0,0.0317460317460317,0.0,0.67585707,0.83410656,0.65801126,0.0634920634920634,0.255861,0.0,0.0317460317460317,0.0,0.67585707,0.83410656,0.65801126,0.0634920634920634,5,0
DB00991,32,0,train,1.0,4.0,0.252854,0.0,0.1063829787234042,0.0,0.7587917,0.83234507,0.72837394,0.0,0.252854,0.0,0.4255319148936168,0.0,3.0351668,3.32938028,2.91349576,0.0,5,0
DB00141,337,0,train,1.0,3.0,0.15856,0.0,0.0,0.0,0.48778746,0.69173664,0.0,0.03,0.15856,0.0,0.0,0.0,1.46336238,2.07520992,0.0,0.09,5,0
DB00950,63,0,train,1.0,4.0,0.08549,0.0,0.0350877192982456,0.0,0.86080956,0.67996085,0.7400149,0.1655629139072847,0.08549,0.0,0.1403508771929824,0.0,3.44323824,2.7198434,2.9600596,0.6622516556291388,5,0
DB00927,371,0,train,23.0,4.0,0.198446,0.25,0.2058823529411764,0.0,0.91962916,0.8541341,0.8562965,0.074074074074074,4.564258000000001,1.0,0.8235294117647056,0.0,3.67851664,3.4165364,3.425186,0.296296296296296,5,0
DB00468,8,0,train,8.0,1.0,0.130614,0.0,0.1851851851851851,0.0,0.830371,0.7756754,0.74888974,0.1297709923664122,1.044912,0.0,0.1851851851851851,0.0,0.830371,0.7756754,0.74888974,0.1297709923664122,5,0
DB01188,94,0,train,14.0,1.0,0.044603,0.0,0.025,0.0,0.81656986,0.86286706,0.782295,0.1727272727272727,0.6244419999999999,0.0,0.025,0.0,0.81656986,0.86286706,0.782295,0.1727272727272727,5,0
DB00427,134,0,train,15.0,5.0,0.029616,0.0,0.0975609756097561,0.0,0.780324,0.8688719,0.7516135,0.2745098039215686,0.44424,0.0,0.4878048780487805,0.0,3.90162,4.3443595,3.7580675,1.372549019607843,5,0
DB00490,164,0,train,5.0,3.0,0.134725,0.2727272727272727,0.1025641025641025,0.0,0.82254064,0.81758845,0.78502274,0.075,0.673625,0.8181818181818181,0.3076923076923075,0.0,2.46762192,2.45276535,2.35506822,0.2249999999999999,5,0
DB01063,279,0,train,4.0,1.0,0.250209,0.0,0.0232558139534883,0.0,0.80271244,0.77768993,0.6700728,0.140625,1.000836,0.0,0.0232558139534883,0.0,0.80271244,0.77768993,0.6700728,0.140625,5,0
DB00165,393,0,train,0.0,1.0,0.111106,0.0,0.0,0.0,0.0,0.0,0.0,0.0,0.0,0.0,0.0,0.0,0.0,0.0,0.0,0.0,5,0
DB00278,104,0,train,1.0,1.0,0.040774,0.0,0.1111111111111111,0.0,0.793283,0.81489336,0.725749,0.1569767441860465,0.040774,0.0,0.1111111111111111,0.0,0.793283,0.81489336,0.725749,0.1569767441860465,5,0
DB00549,153,0,train,7.0,0.0,0.0,0.0,0.1234567901234567,0.0,0.73864245,0.7206167,0.77823365,0.1976047904191616,0.0,0.0,0.0,0.0,0.0,0.0,0.0,0.0,5,0
DB00460,169,0,train,1.0,2.0,0.096978,0.0,0.0,0.0,0.6840159,0.72617143,0.814744,0.0591397849462365,0.096978,0.0,0.0,0.0,1.3680318,1.45234286,1.629488,0.118279569892473,5,0
DB01185,64,0,train,3.0,3.0,0.093099,0.0,0.0,0.0,0.7458976,0.82425725,0.67177176,0.0851063829787234,0.279297,0.0,0.0,0.0,2.2376928,2.47277175,2.0153152800000003,0.2553191489361702,5,0
DB00310,88,0,train,5.0,2.0,0.404717,0.1111111111111111,0.0975609756097561,0.0,0.88990754,0.85954404,0.0,0.2017543859649122,2.023585,0.2222222222222222,0.1951219512195122,0.0,1.77981508,1.71908808,0.0,0.4035087719298244,5,0
DB00248,267,0,train,8.0,1.0,0.0,0.3,0.1818181818181818,0.0,0.8624062,0.8615344,0.7640018,0.1440677966101695,0.0,0.3,0.1818181818181818,0.0,0.8624062,0.8615344,0.7640018,0.1440677966101695,5,0
DB00686,298,0,train,8.0,0.0,0.0,0.0,0.027027027027027,0.0,0.85795844,0.7834134,0.7024023,0.087248322147651,0.0,0.0,0.0,0.0,0.0,0.0,0.0,0.0,5,0
DB00969,141,0,train,1.0,1.0,0.093348,0.0,0.0769230769230769,0.0,0.8017149,0.79445744,0.7176388,0.1551724137931034,0.093348,0.0,0.0769230769230769,0.0,0.8017149,0.79445744,0.7176388,0.1551724137931034,5,0
DB00848,50,0,train,1.0,1.0,0.14432,0.0,0.0,0.0,0.6997965,0.761735,0.7773126,0.1194029850746268,0.14432,0.0,0.0,0.0,0.6997965,0.761735,0.7773126,0.1194029850746268,5,0
DB00367,278,0,train,4.0,2.0,0.198962,0.0,0.0232558139534883,0.0,0.73332304,0.8487304,0.7743682,0.1181818181818181,0.795848,0.0,0.0465116279069766,0.0,1.46664608,1.6974608,1.5487364,0.2363636363636362,5,0
DB00230,382,0,train,10.0,1.0,0.046611,0.1,0.06,0.0,0.83627725,0.7953719,0.743967,0.1408450704225352,0.46611,0.1,0.06,0.0,0.83627725,0.7953719,0.743967,0.1408450704225352,5,0
DB01020,333,0,train,1.0,1.0,0.0,0.0,0.0606060606060606,0.0,0.7156379,0.81135046,0.7670387,0.0603448275862069,0.0,0.0,0.0606060606060606,0.0,0.7156379,0.81135046,0.7670387,0.0603448275862069,5,0
DB00759,406,0,train,1.0,7.0,0.14408,0.0,0.0357142857142857,0.0,0.52049994,0.69043,0.6455414,0.1186440677966101,0.14408,0.0,0.2499999999999999,0.0,3.64349958,4.83301,4.5187898,0.8305084745762707,5,0
DB08824,28,0,train,12.0,1.0,0.034161,0.0,0.03125,0.0,0.6693467,0.6689998,0.68505514,0.2068965517241379,0.4099319999999999,0.0,0.03125,0.0,0.6693467,0.6689998,0.68505514,0.2068965517241379,5,0
DB00851,301,0,train,4.0,3.0,0.11299,0.0,0.0212765957446808,0.0,0.7941648,0.6527879,0.6398138,0.036697247706422,0.45196,0.0,0.0638297872340424,0.0,2.3824944,1.9583637,1.9194414,0.110091743119266,5,0
DB00557,394,0,train,2.0,6.0,0.114833,0.1111111111111111,0.1702127659574468,0.0,0.9246384,0.7741319,0.87092924,0.3669724770642202,0.229666,0.6666666666666666,1.0212765957446808,0.0,5.5478304,4.6447914,5.22557544,2.201834862385321,5,0
DB00996,45,0,train,1.0,13.0,0.082135,0.0,0.1147540983606557,0.0,0.67665756,0.7654456,0.8202361,0.0232558139534883,0.082135,0.0,1.491803278688524,0.0,8.79654828,9.9507928,10.6630693,0.3023255813953479,5,0
DB00407,109,0,train,2.0,1.0,0.050245,0.0,0.0208333333333333,0.0,0.6902597,0.7895869,0.7962054,0.0617283950617283,0.10049,0.0,0.0208333333333333,0.0,0.6902597,0.7895869,0.7962054,0.0617283950617283,5,0
DB00589,278,0,train,4.0,7.0,0.167926,0.1578947368421052,0.0576923076923076,0.0,0.7535307,0.8256737,0.8312954,0.205607476635514,0.671704,1.1052631578947365,0.4038461538461532,0.0,5.2747149,5.779715899999999,5.8190678,1.439252336448598,5,0
DB00887,367,0,train,1.0,8.0,0.163868,0.0,0.0,0.0,0.76799035,0.675401,0.52204525,0.1732283464566929,0.163868,0.0,0.0,0.0,6.1439228,5.403208,4.176362,1.3858267716535433,5,0
DB00594,138,0,train,5.0,3.0,0.276217,0.0,0.08,0.0,0.83691126,0.74824107,0.7840586,0.1126760563380281,1.381085,0.0,0.24,0.0,2.51073378,2.24472321,2.3521758000000004,0.3380281690140843,5,0
DB01182,311,0,train,5.0,1.0,0.0,0.1111111111111111,0.1521739130434782,0.0,0.84689647,0.8358959,0.7769364,0.282051282051282,0.0,0.1111111111111111,0.1521739130434782,0.0,0.84689647,0.8358959,0.7769364,0.282051282051282,5,0
DB00692,340,0,train,1.0,3.0,0.105152,0.0,0.0,0.0,0.72392464,0.70983684,0.49922436,0.1404494382022472,0.105152,0.0,0.0,0.0,2.17177392,2.12951052,1.49767308,0.4213483146067416,5,0
DB00332,240,0,train,1.0,2.0,0.081581,0.0,0.0161290322580645,0.0,0.59161246,0.6796384,0.8163867,0.0129870129870129,0.081581,0.0,0.032258064516129,0.0,1.18322492,1.3592768,1.6327734,0.0259740259740258,5,0
DB01223,41,0,train,12.0,3.0,0.070945,0.0,0.0754716981132075,0.0,0.81405497,0.86872214,0.71197826,0.1353383458646616,0.85134,0.0,0.2264150943396225,0.0,2.44216491,2.60616642,2.13593478,0.4060150375939848,5,0
DB01246,238,0,train,1.0,3.0,0.192417,0.0,0.0,0.0,0.5770567,0.5583953,0.669127,0.0505050505050505,0.192417,0.0,0.0,0.0,1.7311701,1.6751859000000002,2.007381,0.1515151515151515,5,0
DB00262,248,0,train,0.0,5.0,0.129918,0.0,0.0,0.0,0.0,0.0,0.0,0.0,0.0,0.0,0.0,0.0,0.0,0.0,0.0,0.0,5,0
DB00848,176,0,train,1.0,1.0,0.078048,0.0,0.0,0.0,0.68872786,0.6070592,0.63278663,0.1727272727272727,0.078048,0.0,0.0,0.0,0.68872786,0.6070592,0.63278663,0.1727272727272727,5,0
DB00527,168,0,train,6.0,1.0,0.0,0.0,0.0172413793103448,0.0,0.6926888,0.7968993,0.5988851,0.1031746031746031,0.0,0.0,0.0172413793103448,0.0,0.6926888,0.7968993,0.5988851,0.1031746031746031,5,0
DB00611,115,0,train,1.0,1.0,0.05829,0.0,0.0714285714285714,0.0,0.80640924,0.78438944,0.7162377,0.1610169491525423,0.05829,0.0,0.0714285714285714,0.0,0.80640924,0.78438944,0.7162377,0.1610169491525423,5,0
DB00953,352,0,train,3.0,2.0,0.151589,0.0,0.0980392156862745,0.0,0.7553035,0.7402488,0.739679,0.1313131313131313,0.454767,0.0,0.196078431372549,0.0,1.510607,1.4804976,1.479358,0.2626262626262626,5,0
DB01590,306,0,train,1.0,1.0,0.037484,0.0,0.1034482758620689,0.0,0.7286535,0.8322574,0.0,0.1140350877192982,0.037484,0.0,0.1034482758620689,0.0,0.7286535,0.8322574,0.0,0.1140350877192982,5,0
DB00320,128,0,train,22.0,3.0,0.119931,0.1052631578947368,0.2063492063492063,0.0,0.8385049,0.8603158,0.86574185,0.2054794520547945,2.638482,0.3157894736842104,0.619047619047619,0.0,2.5155147,2.5809474,2.59722555,0.6164383561643836,5,0
DB01203,222,0,train,7.0,4.0,0.248759,0.0,0.0684931506849315,0.0,0.7466583,0.8197275,0.86336255,0.1440677966101695,1.741313,0.0,0.273972602739726,0.0,2.9866332,3.27891,3.4534502,0.576271186440678,5,0
DB00532,319,0,train,2.0,1.0,0.0,0.0,0.1341463414634146,0.0,0.85857165,0.76359344,0.83166826,0.2209302325581395,0.0,0.0,0.1341463414634146,0.0,0.85857165,0.76359344,0.83166826,0.2209302325581395,5,0
DB00530,3,0,train,11.0,1.0,0.133651,0.125,0.1168831168831168,0.0,0.83546495,0.794914,0.0,0.14375,1.4701609999999998,0.125,0.1168831168831168,0.0,0.83546495,0.794914,0.0,0.14375,5,0
DB00876,213,0,train,1.0,2.0,0.14777,0.0,0.0,0.0,0.7935971,0.74665225,0.72416204,0.055045871559633,0.14777,0.0,0.0,0.0,1.5871942,1.4933045,1.44832408,0.110091743119266,5,0
DB01406,41,0,train,12.0,5.0,0.09985,0.0,0.0714285714285714,0.0,0.8215678,0.8243821,0.78334427,0.125,1.1982,0.0,0.357142857142857,0.0,4.107839,4.1219105,3.91672135,0.625,5,0
DB00455,329,0,train,3.0,3.0,0.025074,0.0,0.1,0.0,0.7458227,0.80792683,0.5169858,0.1774193548387097,0.075222,0.0,0.3,0.0,2.2374681,2.42378049,1.5509574000000002,0.532258064516129,5,0
DB01195,179,0,train,1.0,0.0,0.0,0.0,0.0,0.0,0.4556467,0.6259771,0.70172304,0.0588235294117647,0.0,0.0,0.0,0.0,0.0,0.0,0.0,0.0,5,0
DB01275,360,0,train,7.0,2.0,0.146595,0.0,0.0746268656716417,0.0,0.793305,0.83037186,0.817303,0.1071428571428571,1.026165,0.0,0.1492537313432834,0.0,1.58661,1.66074372,1.634606,0.2142857142857142,5,0
DB00552,187,0,train,1.0,1.0,0.096826,0.0,0.0,0.0,0.5165756,0.7643896,0.7248589,0.0625,0.096826,0.0,0.0,0.0,0.5165756,0.7643896,0.7248589,0.0625,5,0
DB00780,249,0,train,0.0,1.0,0.074311,0.0,0.0,0.0,0.0,0.0,0.0,0.0,0.0,0.0,0.0,0.0,0.0,0.0,0.0,0.0,5,0
DB00346,373,0,train,2.0,2.0,0.128626,0.0,0.027027027027027,0.0,0.82110506,0.73023295,0.8560142,0.0934579439252336,0.257252,0.0,0.054054054054054,0.0,1.64221012,1.4604659,1.7120284,0.1869158878504672,5,0
DB00550,146,0,train,8.0,1.0,0.031773,0.0,0.0263157894736842,0.0,0.83111554,0.8158784,0.740528,0.1030927835051546,0.254184,0.0,0.0263157894736842,0.0,0.83111554,0.8158784,0.740528,0.1030927835051546,5,0
DB01174,89,0,train,23.0,7.0,0.117121,0.1785714285714285,0.2258064516129032,0.0,0.76604754,0.8994335,0.84249246,0.3283582089552239,2.6937830000000003,1.2499999999999996,1.5806451612903225,0.0,5.36233278,6.2960345,5.89744722,2.298507462686567,5,0
DB00593,189,0,train,1.0,0.0,0.0,0.0,0.0526315789473684,0.0,0.6133187,0.6315004,0.59035504,0.1,0.0,0.0,0.0,0.0,0.0,0.0,0.0,0.0,5,0
DB00304,241,0,train,1.0,2.0,0.215029,0.0,0.08,0.0,0.64897645,0.70269156,0.72042346,0.0661764705882353,0.215029,0.0,0.16,0.0,1.2979529,1.40538312,1.44084692,0.1323529411764706,5,0
DB01410,189,0,train,1.0,4.0,0.214791,0.0,0.0909090909090909,0.0,0.6402325,0.719262,0.7446234,0.1684782608695652,0.214791,0.0,0.3636363636363636,0.0,2.56093,2.877048,2.9784936,0.6739130434782608,5,0
DB00394,309,0,train,10.0,6.0,0.060649,0.0,0.0352941176470588,0.0,0.76299584,0.8280645,0.7668906,0.1240310077519379,0.60649,0.0,0.2117647058823528,0.0,4.57797504,4.968387,4.6013436,0.7441860465116275,5,0
DB00925,190,0,train,5.0,0.0,0.0,0.0,0.0,0.0,0.734373,0.7801533,0.82802355,0.2735849056603773,0.0,0.0,0.0,0.0,0.0,0.0,0.0,0.0,5,0
DB00353,28,0,train,12.0,0.0,0.0,0.0,0.1269841269841269,0.0,0.77549225,0.77727854,0.77694947,0.2166666666666666,0.0,0.0,0.0,0.0,0.0,0.0,0.0,0.0,5,0
DB00327,168,0,train,6.0,2.0,0.0,0.0,0.0535714285714285,0.0,0.85078686,0.7338925,0.80527794,0.2549019607843137,0.0,0.0,0.107142857142857,0.0,1.70157372,1.467785,1.61055588,0.5098039215686274,5,0
DB00834,205,0,train,1.0,1.0,0.085207,0.0,0.0,0.0,0.6845275,0.73096293,0.7682142,0.0373831775700934,0.085207,0.0,0.0,0.0,0.6845275,0.73096293,0.7682142,0.0373831775700934,5,0
DB04868,324,0,train,2.0,1.0,0.026463,0.0,0.1071428571428571,0.0,0.75978374,0.8100415,0.72767,0.0689655172413793,0.052926,0.0,0.1071428571428571,0.0,0.75978374,0.8100415,0.72767,0.0689655172413793,5,0
DB01248,27,0,train,5.0,5.0,0.181936,0.1111111111111111,0.0952380952380952,0.0,0.81374884,0.86517584,0.7924545,0.1776649746192893,0.90968,0.5555555555555556,0.476190476190476,0.0,4.0687442,4.3258792,3.9622725,0.8883248730964465,5,0
DB01275,250,0,train,2.0,2.0,0.099488,0.0,0.03125,0.0,0.71608347,0.67194945,0.8028993,0.127906976744186,0.198976,0.0,0.0625,0.0,1.43216694,1.3438989,1.6057986,0.255813953488372,5,0
DB00924,170,0,train,2.0,4.0,0.191041,0.0,0.0256410256410256,0.0,0.59424686,0.5357344,0.6362704,0.1505376344086021,0.382082,0.0,0.1025641025641024,0.0,2.37698744,2.1429376,2.5450816,0.6021505376344084,5,0
DB01579,190,0,train,5.0,3.0,0.149258,0.0,0.0,0.0,0.6755949,0.76333326,0.7022641,0.1515151515151515,0.74629,0.0,0.0,0.0,2.0267847,2.28999978,2.1067923,0.4545454545454545,5,0
DB00414,357,0,train,5.0,4.0,0.220934,0.0,0.054054054054054,0.0,0.6706289,0.7088635,0.80755657,0.1538461538461538,1.10467,0.0,0.216216216216216,0.0,2.6825156,2.835454,3.23022628,0.6153846153846152,5,0
DB00871,61,0,train,2.0,2.0,0.051838,0.0,0.0,0.0,0.5870232,0.8369863,0.6209188,0.0701754385964912,0.103676,0.0,0.0,0.0,1.1740464,1.6739726,1.2418376,0.1403508771929824,5,0
DB01143,320,0,train,1.0,1.0,0.202044,0.0,0.0,0.0,0.68445504,0.63895094,0.6800687,0.0683760683760683,0.202044,0.0,0.0,0.0,0.68445504,0.63895094,0.6800687,0.0683760683760683,5,0
DB00374,278,0,train,4.0,2.0,0.183289,0.0,0.081081081081081,0.0,0.8341112,0.83663225,0.79233086,0.2454545454545454,0.733156,0.0,0.162162162162162,0.0,1.6682224,1.6732645,1.58466172,0.4909090909090908,5,0
DB00175,54,0,train,3.0,2.0,0.115124,0.0,0.2363636363636363,0.0,0.69042027,0.83346593,0.6886587,0.131578947368421,0.345372,0.0,0.4727272727272726,0.0,1.38084054,1.66693186,1.3773174,0.263157894736842,5,0
DB00631,107,0,train,8.0,1.0,0.066341,0.0,0.282051282051282,0.0,0.75148535,0.8376369,0.8016342,0.1122448979591836,0.530728,0.0,0.282051282051282,0.0,0.75148535,0.8376369,0.8016342,0.1122448979591836,5,0
DB00165,0,0,train,3.0,1.0,0.0,0.0,0.032258064516129,0.0,0.7092235,0.61631054,0.7739152,0.0857142857142857,0.0,0.0,0.032258064516129,0.0,0.7092235,0.61631054,0.7739152,0.0857142857142857,5,0
DB01400,353,0,train,2.0,2.0,0.060081,0.0,0.0967741935483871,0.0,0.73369366,0.8183116,0.8214506,0.0631578947368421,0.120162,0.0,0.1935483870967742,0.0,1.46738732,1.6366232,1.6429012,0.1263157894736842,5,0
DB00244,4,0,train,1.0,1.0,0.119705,0.2857142857142857,0.1458333333333333,0.0,0.7607708,0.73010373,0.82019943,0.2153846153846154,0.119705,0.2857142857142857,0.1458333333333333,0.0,0.7607708,0.73010373,0.82019943,0.2153846153846154,5,0
DB01258,114,0,train,3.0,2.0,0.066956,0.0,0.0833333333333333,0.0,0.7459194,0.7520724,0.756267,0.1447368421052631,0.200868,0.0,0.1666666666666666,0.0,1.4918388,1.5041448,1.512534,0.2894736842105262,5,0
DB00816,15,0,train,0.0,3.0,0.16482,0.0,0.0,0.0,0.0,0.0,0.0,0.0,0.0,0.0,0.0,0.0,0.0,0.0,0.0,0.0,5,0
DB00382,319,0,train,2.0,8.0,0.0,0.0,0.0952380952380952,0.0,0.85376036,0.8601266,0.80367005,0.2068965517241379,0.0,0.0,0.7619047619047616,0.0,6.83008288,6.8810128,6.4293604,1.6551724137931032,5,0
DB00305,283,0,train,2.0,2.0,0.214444,0.0,0.0434782608695652,0.0,0.81733775,0.64618045,0.7756118,0.0875912408759124,0.428888,0.0,0.0869565217391304,0.0,1.6346755,1.2923609,1.5512236,0.1751824817518248,5,0
DB00783,374,0,train,1.0,4.0,0.326428,0.0625,0.088235294117647,0.0,0.70281786,0.60375583,0.80506325,0.1052631578947368,0.326428,0.25,0.352941176470588,0.0,2.81127144,2.41502332,3.220253,0.4210526315789472,5,0
DB01161,41,0,train,12.0,1.0,0.0,0.0,0.032258064516129,0.0,0.7902136,0.825458,0.81126875,0.2025316455696202,0.0,0.0,0.032258064516129,0.0,0.7902136,0.825458,0.81126875,0.2025316455696202,5,0
DB00515,45,0,train,1.0,7.0,0.174846,0.0,0.0,0.0,0.61892366,0.534055,0.69514376,0.0,0.174846,0.0,0.0,0.0,4.33246562,3.738385,4.86600632,0.0,5,0
DB08801,57,0,train,2.0,5.0,0.058746,0.0,0.0,0.0,0.7189698,0.84408593,0.84784716,0.102880658436214,0.117492,0.0,0.0,0.0,3.594849,4.22042965,4.2392358,0.51440329218107,5,0
DB00583,354,0,train,7.0,2.0,0.169667,0.0769230769230769,0.0555555555555555,0.0,0.7909037,0.7068375,0.83510625,0.2045454545454545,1.187669,0.1538461538461538,0.111111111111111,0.0,1.5818074,1.413675,1.6702125,0.409090909090909,5,0
DB00313,121,0,train,0.0,8.0,0.122807,0.0,0.0,0.0,0.0,0.0,0.0,0.0,0.0,0.0,0.0,0.0,0.0,0.0,0.0,0.0,5,0
DB01077,377,0,train,0.0,1.0,0.164891,0.0,0.0,0.0,0.0,0.0,0.0,0.0,0.0,0.0,0.0,0.0,0.0,0.0,0.0,0.0,5,0
DB00794,16,0,train,4.0,14.0,0.084052,0.0,0.1125,0.0,0.82836956,0.83023596,0.79423535,0.1212121212121212,0.336208,0.0,1.575,0.0,11.59717384,11.62330344,11.1192949,1.6969696969696968,5,0
DB00975,394,0,train,2.0,1.0,0.237524,0.0,0.0,0.0,0.74374485,0.86182904,0.8387388,0.1132075471698113,0.475048,0.0,0.0,0.0,0.74374485,0.86182904,0.8387388,0.1132075471698113,5,0
DB00368,387,0,train,4.0,1.0,0.151718,0.0,0.0491803278688524,0.0,0.82747,0.8071879,0.7982634,0.1639344262295081,0.606872,0.0,0.0491803278688524,0.0,0.82747,0.8071879,0.7982634,0.1639344262295081,5,0
DB00333,401,0,train,5.0,1.0,0.065202,0.0,0.16,0.0,0.8151989,0.7461911,0.81870973,0.175,0.3260099999999999,0.0,0.16,0.0,0.8151989,0.7461911,0.81870973,0.175,5,0
DB00531,82,0,train,1.0,1.0,0.117022,0.0,0.075,0.0,0.6846557,0.54776126,0.68224555,0.032520325203252,0.117022,0.0,0.075,0.0,0.6846557,0.54776126,0.68224555,0.032520325203252,5,0
DB01255,111,0,train,1.0,1.0,0.0,0.0,0.027027027027027,0.0,0.7701433,0.66888344,0.6880738,0.0825688073394495,0.0,0.0,0.027027027027027,0.0,0.7701433,0.66888344,0.6880738,0.0825688073394495,5,0
DB01084,198,0,train,1.0,4.0,0.089645,0.0,0.0,0.0,0.6853039,0.67162776,0.64701676,0.0932203389830508,0.089645,0.0,0.0,0.0,2.7412156,2.68651104,2.58806704,0.3728813559322032,5,0
DB00305,366,0,train,1.0,2.0,0.065131,0.0,0.0,0.0,0.8400428,0.58936787,0.75586545,0.0743801652892562,0.065131,0.0,0.0,0.0,1.6800856,1.17873574,1.5117309,0.1487603305785124,5,0
DB00366,167,0,train,1.0,2.0,0.0,0.7142857142857143,0.0833333333333333,0.0,0.79595155,0.7532488,0.5959383,0.0632911392405063,0.0,1.4285714285714286,0.1666666666666666,0.0,1.5919031,1.5064976,1.1918766,0.1265822784810126,5,0
DB00412,216,0,train,0.0,4.0,0.206072,0.0,0.0,0.0,0.0,0.0,0.0,0.0,0.0,0.0,0.0,0.0,0.0,0.0,0.0,0.0,5,0
DB00193,38,0,train,6.0,5.0,0.104166,0.0,0.0746268656716417,0.0,0.7828427,0.8062147,0.8423178,0.2025316455696202,0.624996,0.0,0.3731343283582085,0.0,3.9142135,4.0310735,4.211589,1.012658227848101,5,0
DB00279,403,0,train,1.0,4.0,0.133617,0.0,0.0,0.0,0.79372525,0.5860889,0.798889,0.1367521367521367,0.133617,0.0,0.0,0.0,3.174901,2.3443556,3.195556,0.5470085470085468,5,0
DB00472,352,0,train,3.0,4.0,0.19101,0.0,0.1066666666666666,0.0,0.87887454,0.79370576,0.7997306,0.2083333333333333,0.57303,0.0,0.4266666666666664,0.0,3.51549816,3.17482304,3.1989224,0.8333333333333331,5,0
DB01223,50,0,train,1.0,3.0,0.275879,0.0,0.0581395348837209,0.0,0.7427441,0.725813,0.63123286,0.1197604790419161,0.275879,0.0,0.1744186046511627,0.0,2.2282323,2.177439,1.89369858,0.3592814371257483,5,0
DB00195,126,0,train,1.0,2.0,0.225607,0.0,0.0566037735849056,0.0,0.648126,0.76891214,0.71986395,0.0827067669172932,0.225607,0.0,0.1132075471698112,0.0,1.296252,1.53782428,1.4397279,0.1654135338345864,5,0
DB00819,153,0,train,7.0,7.0,0.17583,0.0,0.0652173913043478,0.0,0.8022323,0.86937076,0.7516878,0.0769230769230769,1.23081,0.0,0.4565217391304346,0.0,5.6156261,6.08559532,5.2618146,0.5384615384615383,5,0
DB00482,187,0,train,1.0,10.0,0.22945,0.0,0.0461538461538461,0.0,0.675717,0.7516304,0.72624683,0.1226415094339622,0.22945,0.0,0.461538461538461,0.0,6.75717,7.516304,7.2624683,1.226415094339622,5,0
DB01005,44,0,train,8.0,5.0,0.177506,0.1111111111111111,0.1666666666666666,0.0,0.86586845,0.8740331,0.6189614,0.1136363636363636,1.420048,0.5555555555555556,0.833333333333333,0.0,4.32934225,4.3701655,3.094807,0.568181818181818,5,0
DB00699,107,0,train,8.0,1.0,0.177341,0.0,0.0789473684210526,0.0,0.88563037,0.83578104,0.7609219,0.1319444444444444,1.418728,0.0,0.0789473684210526,0.0,0.88563037,0.83578104,0.7609219,0.1319444444444444,5,0
DB00679,30,0,train,1.0,1.0,0.214833,0.0,0.0,0.0,0.49391708,0.6169799,0.3345065,0.0743801652892562,0.214833,0.0,0.0,0.0,0.49391708,0.6169799,0.3345065,0.0743801652892562,5,0
DB00992,230,0,train,1.0,1.0,0.113607,0.0,0.0,0.0,0.469774,0.7454324,0.6768152,0.0363636363636363,0.113607,0.0,0.0,0.0,0.469774,0.7454324,0.6768152,0.0363636363636363,5,0
DB01086,207,0,train,1.0,1.0,0.091216,0.0,0.0416666666666666,0.0,0.5872712,0.70564187,0.605907,0.1111111111111111,0.091216,0.0,0.0416666666666666,0.0,0.5872712,0.70564187,0.605907,0.1111111111111111,5,0
DB01254,59,0,train,1.0,2.0,0.09428,0.0,0.0,0.0,0.65593624,0.76722836,0.75903374,0.0782608695652174,0.09428,0.0,0.0,0.0,1.31187248,1.53445672,1.51806748,0.1565217391304348,5,0
DB00436,182,0,train,6.0,3.0,0.142593,0.4,0.6551724137931034,0.0,0.8925047,0.9260969,0.8760195,0.3409090909090909,0.855558,1.2000000000000002,1.9655172413793105,0.0,2.6775141,2.7782907,2.6280585,1.0227272727272727,5,0
DB00694,339,0,train,0.0,4.0,0.050253,0.0,0.0,0.0,0.0,0.0,0.0,0.0,0.0,0.0,0.0,0.0,0.0,0.0,0.0,0.0,5,0
DB00208,200,0,train,2.0,1.0,0.196302,0.0,0.0144927536231884,0.0,0.80030674,0.7028756,0.7393609,0.25,0.392604,0.0,0.0144927536231884,0.0,0.80030674,0.7028756,0.7393609,0.25,5,0
DB00585,202,0,train,2.0,3.0,0.295318,0.0,0.0,0.0,0.73810905,0.7401541,0.6932052,0.0708661417322834,0.590636,0.0,0.0,0.0,2.21432715,2.2204623000000003,2.0796156,0.2125984251968501,5,0
DB00591,79,0,train,3.0,0.0,0.0,0.0,0.064516129032258,0.0,0.76051474,0.8084967,0.7950249,0.2086330935251798,0.0,0.0,0.0,0.0,0.0,0.0,0.0,0.0,5,0
DB00331,156,0,train,6.0,7.0,0.184506,0.0,0.0333333333333333,0.0,0.8029199,0.8478868,0.76378495,0.0333333333333333,1.107036,0.0,0.2333333333333331,0.0,5.6204393,5.9352076,5.34649465,0.2333333333333331,5,0
DB01228,289,0,train,8.0,1.0,0.051611,0.0344827586206896,0.175,0.0,0.725345,0.7549615,0.77771276,0.3539823008849557,0.412888,0.0344827586206896,0.175,0.0,0.725345,0.7549615,0.77771276,0.3539823008849557,5,0
DB00853,19,0,train,9.0,3.0,0.183482,0.0,0.4782608695652174,0.0,0.85258037,0.6363364,0.87255555,0.1518987341772152,1.651338,0.0,1.4347826086956523,0.0,2.55774111,1.9090092,2.61766665,0.4556962025316455,5,0
DB01041,194,0,train,1.0,2.0,0.229158,0.0,0.0,0.0,0.6446468,0.6789483,0.64514595,0.0126582278481012,0.229158,0.0,0.0,0.0,1.2892936,1.3578966,1.2902919,0.0253164556962024,5,0
DB00136,148,0,train,1.0,7.0,0.088132,0.0,0.0185185185185185,0.0,0.61188936,0.5813155,0.6770615,0.0296296296296296,0.088132,0.0,0.1296296296296295,0.0,4.28322552,4.0692085,4.7394305,0.2074074074074072,5,0
DB00719,123,0,train,2.0,5.0,0.127738,0.0,0.0444444444444444,0.0,0.7974449,0.77983546,0.7075577,0.1772151898734177,0.255476,0.0,0.222222222222222,0.0,3.9872245,3.8991773,3.5377885,0.8860759493670884,5,0
DB01400,369,0,train,6.0,2.0,0.04112,0.3333333333333333,0.2962962962962963,0.0,0.76257694,0.88720435,0.8614919,0.1739130434782608,0.24672,0.6666666666666666,0.5925925925925926,0.0,1.52515388,1.7744087,1.7229838,0.3478260869565216,5,0
DB00804,268,0,train,4.0,2.0,0.221633,0.0,0.0303030303030303,0.0,0.7628985,0.74608755,0.6890482,0.1557377049180328,0.886532,0.0,0.0606060606060606,0.0,1.525797,1.4921751,1.3780964,0.3114754098360656,5,0
DB06268,39,0,train,2.0,1.0,0.204862,0.0,0.048780487804878,0.0,0.66879827,0.5977932,0.8702745,0.1666666666666666,0.409724,0.0,0.048780487804878,0.0,0.66879827,0.5977932,0.8702745,0.1666666666666666,5,0
DB00536,388,0,train,4.0,3.0,0.208205,0.0,0.0,0.0,0.62436527,0.5990364,0.77631384,0.081081081081081,0.83282,0.0,0.0,0.0,1.87309581,1.7971092,2.32894152,0.243243243243243,5,0
DB00471,403,0,train,1.0,3.0,0.072513,0.0,0.1014492753623188,0.0,0.8483335,0.62724304,0.8030917,0.1761006289308176,0.072513,0.0,0.3043478260869564,0.0,2.5450005,1.88172912,2.4092751,0.5283018867924528,5,0
DB00903,303,0,train,1.0,5.0,0.270651,0.0,0.0571428571428571,0.0,0.68620324,0.6750904,0.6578755,0.140625,0.270651,0.0,0.2857142857142855,0.0,3.4310162,3.375452,3.2893775,0.703125,5,0
DB00627,387,0,train,4.0,1.0,0.066245,0.0,0.0298507462686567,0.0,0.725476,0.78852427,0.8511461,0.1636363636363636,0.26498,0.0,0.0298507462686567,0.0,0.725476,0.78852427,0.8511461,0.1636363636363636,5,0
DB00283,205,0,train,1.0,3.0,0.20613,0.0,0.0,0.0,0.8273507,0.73853314,0.8286816,0.0465116279069767,0.20613,0.0,0.0,0.0,2.4820521,2.21559942,2.4860448,0.1395348837209301,5,0
DB00757,232,0,train,2.0,1.0,0.0,0.0,0.027027027027027,0.0,0.46523982,0.7473116,0.66033596,0.079136690647482,0.0,0.0,0.027027027027027,0.0,0.46523982,0.7473116,0.66033596,0.079136690647482,5,0
DB00983,294,0,train,3.0,3.0,0.149276,0.0967741935483871,0.0769230769230769,0.0,0.7199656,0.7607545,0.7165298,0.2058823529411764,0.447828,0.2903225806451612,0.2307692307692307,0.0,2.1598968,2.2822635,2.1495894,0.6176470588235292,5,0
DB00983,173,0,train,2.0,3.0,0.144226,0.0,0.03125,0.0,0.7113534,0.69803655,0.7901267,0.08130081300813,0.288452,0.0,0.09375,0.0,2.1340602,2.09410965,2.3703801,0.24390243902439,5,0
DB00176,123,0,train,2.0,2.0,0.173814,0.0526315789473684,0.1739130434782608,0.0,0.88555956,0.56406105,0.74541336,0.1265822784810126,0.347628,0.1052631578947368,0.3478260869565216,0.0,1.77111912,1.1281221,1.49082672,0.2531645569620252,5,0
DB00653,106,0,train,5.0,3.0,0.065404,0.0,0.0238095238095238,0.0,0.6696176,0.718426,0.82684046,0.025,0.32702,0.0,0.0714285714285714,0.0,2.0088528,2.155278,2.48052138,0.075,5,0
DB00731,188,0,train,12.0,4.0,0.107863,0.0,0.0980392156862745,0.0,0.73184395,0.7493298,0.72023153,0.336734693877551,1.294356,0.0,0.392156862745098,0.0,2.9273758,2.9973192,2.88092612,1.346938775510204,5,0
DB00287,297,0,train,6.0,3.0,0.24586,0.0,0.0,0.0,0.70641804,0.8714384,0.70967275,0.125,1.47516,0.0,0.0,0.0,2.11925412,2.6143152,2.12901825,0.375,5,0
DB00180,262,0,train,4.0,2.0,0.019592,0.0,0.0576923076923076,0.0,0.8269727,0.8967408,0.7997831,0.0961538461538461,0.078368,0.0,0.1153846153846152,0.0,1.6539454,1.7934816,1.5995662,0.1923076923076922,5,0
DB00368,372,0,train,2.0,1.0,0.177856,0.0,0.0,0.0,0.75826925,0.649774,0.7383082,0.0957446808510638,0.355712,0.0,0.0,0.0,0.75826925,0.649774,0.7383082,0.0957446808510638,5,0
DB00863,100,0,train,7.0,3.0,0.124063,0.0112359550561797,0.1379310344827586,0.0,0.8403231,0.7801261,0.7601979,0.15,0.868441,0.0337078651685391,0.4137931034482758,0.0,2.5209693,2.3403783,2.2805937,0.4499999999999999,5,0
DB00624,162,0,train,5.0,2.0,0.146772,0.0,0.1176470588235294,0.0,0.682163,0.7099899,0.7316575,0.1272727272727272,0.7338600000000001,0.0,0.2352941176470588,0.0,1.364326,1.4199798,1.463315,0.2545454545454544,5,0
DB00710,187,0,train,1.0,1.0,0.16865,0.0,0.0,0.0,0.548543,0.6935588,0.6856439,0.0549450549450549,0.16865,0.0,0.0,0.0,0.548543,0.6935588,0.6856439,0.0549450549450549,5,0
DB00337,159,0,train,1.0,4.0,0.0,0.0,0.1052631578947368,0.0,0.72760105,0.8012112,0.48690188,0.0434782608695652,0.0,0.0,0.4210526315789472,0.0,2.9104042,3.2048448,1.94760752,0.1739130434782608,5,0
DB00588,152,0,train,4.0,4.0,0.044634,0.0,0.1643835616438356,0.0,0.8509091,0.8185269,0.85495245,0.1073825503355704,0.178536,0.0,0.6575342465753424,0.0,3.4036364,3.2741076,3.4198098,0.4295302013422816,5,0
DB00541,21,0,train,6.0,12.0,0.286635,0.0,0.1014492753623188,0.0,0.7715796,0.8651081,0.67103326,0.1298076923076923,1.7198099999999998,0.0,1.2173913043478255,0.0,9.2589552,10.3812972,8.05239912,1.5576923076923077,5,0
DB00727,383,0,train,1.0,2.0,0.178288,0.0,0.0,0.0,0.7559964,0.75011307,0.6521417,0.0259740259740259,0.178288,0.0,0.0,0.0,1.5119928,1.50022614,1.3042834,0.0519480519480518,5,0
DB01157,7,0,train,5.0,1.0,0.149972,0.0,0.0638297872340425,0.0,0.86463773,0.80776966,0.6680839,0.134453781512605,0.74986,0.0,0.0638297872340425,0.0,0.86463773,0.80776966,0.6680839,0.134453781512605,5,0
DB00271,133,0,train,10.0,3.0,0.028448,0.0,0.0434782608695652,0.0,0.6278658,0.71726453,0.71671844,0.0784313725490196,0.28448,0.0,0.1304347826086956,0.0,1.8835974,2.15179359,2.15015532,0.2352941176470588,5,0
DB00794,154,0,train,1.0,14.0,0.237165,0.0,0.1153846153846153,0.0,0.79427975,0.7586844,0.8550851,0.1372549019607843,0.237165,0.0,1.615384615384614,0.0,11.1199165,10.6215816,11.9711914,1.92156862745098,5,0
DB00992,86,0,train,1.0,1.0,0.208274,0.0,0.0588235294117647,0.0,0.6362806,0.58552325,0.69773513,0.0625,0.208274,0.0,0.0588235294117647,0.0,0.6362806,0.58552325,0.69773513,0.0625,5,0
DB00242,85,0,train,6.0,5.0,0.251162,0.1111111111111111,0.2631578947368421,0.0,0.807724,0.8349974,0.86728257,0.2784810126582278,1.506972,0.5555555555555556,1.3157894736842104,0.0,4.03862,4.174987,4.33641285,1.392405063291139,5,0
DB00557,233,0,train,1.0,6.0,0.317009,0.0,0.0847457627118644,0.0,0.7528085,0.727728,0.74923503,0.0465116279069767,0.317009,0.0,0.5084745762711864,0.0,4.516851,4.3663680000000005,4.49541018,0.2790697674418602,5,0
DB00906,303,0,train,1.0,1.0,0.321532,0.0,0.2857142857142857,0.0,0.7217088,0.69690335,0.85879356,0.0930232558139534,0.321532,0.0,0.2857142857142857,0.0,0.7217088,0.69690335,0.85879356,0.0930232558139534,5,0
DB00686,75,0,train,2.0,0.0,0.0,0.0,0.0,0.0,0.7896358,0.7088899,0.68024236,0.0472972972972973,0.0,0.0,0.0,0.0,0.0,0.0,0.0,0.0,5,0
DB00427,60,0,train,1.0,5.0,0.062781,0.0,0.0,0.0,0.8103359,0.83917993,0.61630666,0.0697674418604651,0.062781,0.0,0.0,0.0,4.0516795,4.19589965,3.0815333000000003,0.3488372093023255,5,0
DB01157,73,0,train,29.0,1.0,0.110817,0.0,0.0714285714285714,0.0,0.8462361,0.86004144,0.7465911,0.1714285714285714,3.213693,0.0,0.0714285714285714,0.0,0.8462361,0.86004144,0.7465911,0.1714285714285714,5,0
DB00188,86,0,train,1.0,1.0,0.02502,0.0,0.1285714285714285,0.0,0.7736092,0.79476476,0.7285527,0.0703125,0.02502,0.0,0.1285714285714285,0.0,0.7736092,0.79476476,0.7285527,0.0703125,5,0
DB00176,223,0,train,1.0,2.0,0.024906,0.0,0.123076923076923,0.0,0.8456124,0.6056354,0.70418644,0.1214953271028037,0.024906,0.0,0.246153846153846,0.0,1.6912248,1.2112708,1.40837288,0.2429906542056074,5,0
DB00307,32,0,train,1.0,2.0,0.199184,0.0,0.0,0.0,0.7584558,0.73184526,0.6775558,0.0303030303030303,0.199184,0.0,0.0,0.0,1.5169116,1.46369052,1.3551116,0.0606060606060606,5,0
DB00232,168,0,train,6.0,1.0,0.0,0.0,0.0227272727272727,0.0,0.8692117,0.7886408,0.7586175,0.1428571428571428,0.0,0.0,0.0227272727272727,0.0,0.8692117,0.7886408,0.7586175,0.1428571428571428,5,0
DB00535,138,0,train,5.0,1.0,0.071989,0.0,0.0294117647058823,0.0,0.6624919,0.75336367,0.5176981,0.1020408163265306,0.3599449999999999,0.0,0.0294117647058823,0.0,0.6624919,0.75336367,0.5176981,0.1020408163265306,5,0
DB00883,166,0,train,4.0,4.0,0.245667,0.0,0.0,0.0,0.7780572,0.7233225,0.74793184,0.0833333333333333,0.982668,0.0,0.0,0.0,3.1122288,2.89329,2.99172736,0.3333333333333332,5,0
DB06268,292,0,train,1.0,1.0,0.078991,0.0,0.054054054054054,0.0,0.50461984,0.71266836,0.8097536,0.1621621621621621,0.078991,0.0,0.054054054054054,0.0,0.50461984,0.71266836,0.8097536,0.1621621621621621,5,0
DB00366,34,0,train,1.0,2.0,0.103827,0.0,0.0727272727272727,0.0,0.83870876,0.8826768,0.69725215,0.2,0.103827,0.0,0.1454545454545454,0.0,1.67741752,1.7653536,1.3945043,0.4,5,0
DB00888,4,0,train,1.0,2.0,0.024255,0.0,0.0,0.0,0.8325883,0.589886,0.7175028,0.0142857142857142,0.024255,0.0,0.0,0.0,1.6651766,1.179772,1.4350056,0.0285714285714284,5,0
DB00195,128,0,train,22.0,2.0,0.124409,0.0,0.0823529411764705,0.0,0.8170853,0.8980695,0.84532285,0.2592592592592592,2.7369980000000003,0.0,0.164705882352941,0.0,1.6341706,1.796139,1.6906457,0.5185185185185184,5,0
DB00264,87,0,train,1.0,5.0,0.196743,0.0,0.0588235294117647,0.0,0.7758282,0.49585152,0.6976533,0.0566037735849056,0.196743,0.0,0.2941176470588235,0.0,3.879141,2.4792576,3.4882665,0.283018867924528,5,0
DB01176,4,0,train,1.0,1.0,0.206595,0.0,0.0363636363636363,0.0,0.8414829,0.7279435,0.8302442,0.2674418604651162,0.206595,0.0,0.0363636363636363,0.0,0.8414829,0.7279435,0.8302442,0.2674418604651162,5,0
DB00492,176,0,train,1.0,4.0,0.212349,0.0,0.0,0.0,0.59086096,0.74140173,0.66779184,0.2564102564102564,0.212349,0.0,0.0,0.0,2.36344384,2.96560692,2.67116736,1.0256410256410255,5,0
DB00460,55,0,train,4.0,2.0,0.026568,0.0,0.0526315789473684,0.0,0.85539794,0.759706,0.79282874,0.1621621621621621,0.106272,0.0,0.1052631578947368,0.0,1.71079588,1.519412,1.58565748,0.3243243243243242,5,0
DB00165,96,0,train,1.0,1.0,0.0,0.0,0.0192307692307692,0.0,0.7777608,0.56425154,0.747605,0.0581395348837209,0.0,0.0,0.0192307692307692,0.0,0.7777608,0.56425154,0.747605,0.0581395348837209,5,0
DB08800,243,0,train,10.0,4.0,0.036922,0.0294117647058823,0.0625,0.0,0.7520814,0.8473597,0.88766336,0.3111111111111111,0.36922,0.1176470588235292,0.25,0.0,3.0083256,3.3894388,3.55065344,1.2444444444444445,5,0
DB01176,119,0,train,3.0,1.0,0.060188,0.0,0.0967741935483871,0.0,0.7948941,0.7598963,0.75221187,0.1680672268907563,0.180564,0.0,0.0967741935483871,0.0,0.7948941,0.7598963,0.75221187,0.1680672268907563,5,0
DB00181,3,0,train,11.0,6.0,0.205019,0.0,0.0833333333333333,0.0,0.78474545,0.7961292,0.81222135,0.1322314049586777,2.255209,0.0,0.4999999999999998,0.0,4.7084727,4.776775199999999,4.8733281,0.7933884297520661,5,0
DB00983,346,0,train,1.0,3.0,0.152856,0.0,0.0779220779220779,0.0,0.74937445,0.6835703,0.6879905,0.2752293577981651,0.152856,0.0,0.2337662337662337,0.0,2.24812335,2.0507109,2.0639715,0.8256880733944953,5,0
DB00532,405,0,train,55.0,1.0,0.094949,0.0909090909090909,0.1212121212121212,0.0,0.8860915,0.85627294,0.91351837,0.253012048192771,5.222195,0.0909090909090909,0.1212121212121212,0.0,0.8860915,0.85627294,0.91351837,0.253012048192771,5,0
DB00945,38,0,train,6.0,17.0,0.303154,0.1034482758620689,0.375,0.0,0.87061,0.85748374,0.8168299,0.5121951219512195,1.818924,1.7586206896551713,6.375,0.0,14.80037,14.57722358,13.8861083,8.707317073170731,5,0
DB08802,387,0,train,4.0,3.0,0.0,0.0,0.0277777777777777,0.0,0.752757,0.8409987,0.7998984,0.2,0.0,0.0,0.083333333333333,0.0,2.258271,2.5229961,2.3996952,0.6000000000000001,5,0
DB00598,395,0,train,0.0,5.0,0.283057,0.0,0.0,0.0,0.0,0.0,0.0,0.0,0.0,0.0,0.0,0.0,0.0,0.0,0.0,0.0,5,0
DB00465,59,0,train,1.0,2.0,0.068543,0.0,0.0,0.0,0.79969084,0.87302846,0.85461974,0.1351351351351351,0.068543,0.0,0.0,0.0,1.59938168,1.74605692,1.70923948,0.2702702702702702,5,0
DB00356,11,0,train,3.0,1.0,0.030394,0.0,0.0769230769230769,0.0,0.77935266,0.86249995,0.67579025,0.0625,0.091182,0.0,0.0769230769230769,0.0,0.77935266,0.86249995,0.67579025,0.0625,5,0
DB00275,27,0,train,5.0,2.0,0.246332,0.0,0.0416666666666666,0.0,0.7801912,0.8029673,0.708904,0.176056338028169,1.23166,0.0,0.0833333333333332,0.0,1.5603824,1.6059346,1.417808,0.352112676056338,5,0
DB00169,299,0,train,1.0,8.0,0.180696,0.0,0.0,0.0,0.7810691,0.4287835,0.69904464,0.0842911877394636,0.180696,0.0,0.0,0.0,6.2485528,3.430268,5.59235712,0.6743295019157088,5,0
DB01114,290,0,train,1.0,1.0,0.055069,0.0,0.0666666666666666,0.0,0.7502481,0.6902804,0.52296394,0.1557377049180328,0.055069,0.0,0.0666666666666666,0.0,0.7502481,0.6902804,0.52296394,0.1557377049180328,5,0
DB00316,323,0,train,1.0,3.0,0.0,0.0,0.0158730158730158,0.0,0.7342256,0.5465535,0.6447887,0.0930232558139534,0.0,0.0,0.0476190476190473,0.0,2.2026768,1.6396605000000002,1.9343661,0.2790697674418602,5,0
DB01194,290,0,train,1.0,4.0,0.070087,0.0,0.1515151515151515,0.0,0.82327956,0.61274,0.72651464,0.0797101449275362,0.070087,0.0,0.606060606060606,0.0,3.29311824,2.45096,2.90605856,0.3188405797101448,5,0
DB00295,195,0,train,2.0,0.0,0.0,0.0,0.0930232558139534,0.0,0.835638,0.76640344,0.694132,0.1057692307692307,0.0,0.0,0.0,0.0,0.0,0.0,0.0,0.0,5,0
DB00829,174,0,train,14.0,1.0,0.11614,1.0,0.253012048192771,0.0,0.6890929,0.87759364,0.8122827,0.2553191489361702,1.6259599999999998,1.0,0.253012048192771,0.0,0.6890929,0.87759364,0.8122827,0.2553191489361702,5,0
DB00758,359,0,train,37.0,3.0,0.038819,0.0113636363636363,0.1372549019607843,0.0,0.86147684,0.88212883,0.74144447,0.3191489361702128,1.436303,0.0340909090909089,0.4117647058823529,0.0,2.58443052,2.64638649,2.22433341,0.9574468085106383,5,0
DB00573,118,0,train,5.0,4.0,0.14602,0.0,0.05,0.0,0.8235863,0.8295078,0.7959973,0.3409090909090909,0.7301000000000001,0.0,0.2,0.0,3.2943452,3.3180312,3.1839892,1.3636363636363635,5,0
DB00747,246,0,train,0.0,7.0,0.054557,0.0,0.0,0.0,0.0,0.0,0.0,0.0,0.0,0.0,0.0,0.0,0.0,0.0,0.0,0.0,5,0
DB08802,123,0,train,2.0,3.0,0.0,0.0,0.0232558139534883,0.0,0.74522257,0.70752573,0.7958148,0.25,0.0,0.0,0.0697674418604649,0.0,2.23566771,2.12257719,2.3874444,0.75,5,0
DB00808,130,0,train,9.0,2.0,0.098331,0.0,0.0943396226415094,0.0,0.84824204,0.7813171,0.741645,0.175438596491228,0.884979,0.0,0.1886792452830188,0.0,1.69648408,1.5626342,1.48329,0.350877192982456,5,0
DB01410,122,0,train,2.0,4.0,0.097811,0.0,0.0483870967741935,0.0,0.79093534,0.84155303,0.74493253,0.0709677419354838,0.195622,0.0,0.193548387096774,0.0,3.16374136,3.36621212,2.97973012,0.2838709677419352,5,0
DB01012,159,0,train,1.0,1.0,0.05205,0.0,0.0677966101694915,0.0,0.82056016,0.81170183,0.6945536,0.1176470588235294,0.05205,0.0,0.0677966101694915,0.0,0.82056016,0.81170183,0.6945536,0.1176470588235294,5,0
DB01176,313,0,train,5.0,1.0,0.109776,0.0,0.1041666666666666,0.0,0.9026036,0.77777714,0.86057305,0.2696629213483146,0.54888,0.0,0.1041666666666666,0.0,0.9026036,0.77777714,0.86057305,0.2696629213483146,5,0
DB00719,162,0,train,5.0,5.0,0.073299,0.0,0.0434782608695652,0.0,0.80967104,0.8231613,0.84288883,0.19,0.366495,0.0,0.217391304347826,0.0,4.0483552,4.1158065,4.21444415,0.95,5,0
DB00489,324,0,train,2.0,2.0,0.073066,0.0,0.0222222222222222,0.0,0.78157353,0.69309735,0.69292337,0.0697674418604651,0.146132,0.0,0.0444444444444444,0.0,1.56314706,1.3861947,1.38584674,0.1395348837209302,5,0
DB00187,301,0,train,4.0,2.0,0.116642,0.0,0.02,0.0,0.7854417,0.7080574,0.0,0.1056910569105691,0.466568,0.0,0.04,0.0,1.5708834,1.4161148,0.0,0.2113821138211382,5,0
DB00988,257,0,train,5.0,4.0,0.185798,0.0,0.0769230769230769,0.0,0.764845,0.8404492,0.66285485,0.1203703703703703,0.92899,0.0,0.3076923076923076,0.0,3.05938,3.3617968,2.6514194,0.4814814814814812,5,0
DB01095,259,0,train,16.0,1.0,0.117676,0.0,0.1016949152542373,0.0,0.78127635,0.8620545,0.84042203,0.226890756302521,1.882816,0.0,0.1016949152542373,0.0,0.78127635,0.8620545,0.84042203,0.226890756302521,5,0
DB00341,370,0,train,13.0,3.0,0.069291,0.1428571428571428,0.0892857142857142,0.0,0.908944,0.8129039,0.81259245,0.2857142857142857,0.900783,0.4285714285714284,0.2678571428571426,0.0,2.726832,2.4387117,2.43777735,0.8571428571428571,5,0
DB00768,306,0,train,1.0,3.0,0.158713,0.0,0.0784313725490196,0.0,0.78253806,0.72515386,0.6616006,0.112,0.158713,0.0,0.2352941176470588,0.0,2.34761418,2.1754615800000003,1.9848018,0.336,5,0
DB00571,306,0,train,1.0,7.0,0.442723,0.0,0.1129032258064516,0.0,0.69941795,0.81338906,0.6106149,0.0892857142857142,0.442723,0.0,0.7903225806451611,0.0,4.89592565,5.69372342,4.2743043,0.6249999999999994,5,0
DB00888,360,0,train,7.0,2.0,0.158885,0.0,0.1842105263157894,0.0,0.91613626,0.80878836,0.82821333,0.0197044334975369,1.112195,0.0,0.3684210526315788,0.0,1.83227252,1.61757672,1.65642666,0.0394088669950738,5,0
DB00571,267,0,train,8.0,7.0,0.172307,0.2222222222222222,0.1578947368421052,0.0,0.7914823,0.8433417,0.7644663,0.2926829268292683,1.378456,1.5555555555555554,1.1052631578947365,0.0,5.5403761,5.9033919,5.3512641,2.048780487804878,5,0
DB00275,326,0,train,1.0,2.0,0.070252,0.0,0.0588235294117647,0.0,0.75683635,0.6345244,0.807703,0.1920529801324503,0.070252,0.0,0.1176470588235294,0.0,1.5136727,1.2690488,1.615406,0.3841059602649006,5,0
DB00414,408,0,train,6.0,4.0,0.0,0.0,0.054054054054054,0.0,0.6706289,0.7082979,0.80755657,0.1538461538461538,0.0,0.0,0.216216216216216,0.0,2.6825156,2.8331916,3.23022628,0.6153846153846152,5,0
DB00407,111,0,train,1.0,1.0,0.140813,0.0,0.037037037037037,0.0,0.6460868,0.71124226,0.73280907,0.0163934426229508,0.140813,0.0,0.037037037037037,0.0,0.6460868,0.71124226,0.73280907,0.0163934426229508,5,0
DB00865,354,0,train,7.0,2.0,0.063325,0.0,0.1428571428571428,0.0,0.66585195,0.89235175,0.80992573,0.2201834862385321,0.443275,0.0,0.2857142857142856,0.0,1.3317039,1.7847035,1.61985146,0.4403669724770642,5,0
DB00318,25,0,train,4.0,3.0,0.072424,0.0,0.072463768115942,0.0,0.8105424,0.6271385,0.8038186,0.1341463414634146,0.289696,0.0,0.217391304347826,0.0,2.4316272,1.8814155,2.4114558,0.4024390243902437,5,0
DB00887,207,0,train,1.0,8.0,0.292243,0.0,0.0909090909090909,0.0,0.77647173,0.8367647,0.7614816,0.1386861313868613,0.292243,0.0,0.7272727272727272,0.0,6.21177384,6.6941176,6.0918528,1.1094890510948905,5,0
DB01177,347,0,train,33.0,4.0,0.106699,0.0,0.075,0.0,0.815701,0.8252733,0.7969152,0.2816901408450704,3.521067,0.0,0.3,0.0,3.262804,3.3010932,3.1876608,1.1267605633802815,5,0
DB01113,233,0,train,1.0,2.0,0.0,0.0,0.0166666666666666,0.0,0.8261406,0.47683793,0.7686065,0.0483870967741935,0.0,0.0,0.0333333333333332,0.0,1.6522812,0.95367586,1.537213,0.096774193548387,5,0
DB00727,316,0,train,11.0,2.0,0.077392,0.0,0.088235294117647,0.0,0.8627106,0.81249404,0.8594045,0.0588235294117647,0.8513120000000001,0.0,0.176470588235294,0.0,1.7254212,1.62498808,1.718809,0.1176470588235294,5,0
DB00246,39,0,train,2.0,0.0,0.0,0.0,0.0410958904109589,0.0,0.7170662,0.5562391,0.8295536,0.1441441441441441,0.0,0.0,0.0,0.0,0.0,0.0,0.0,0.0,5,0
DB00295,215,0,train,1.0,0.0,0.0,0.0,0.0227272727272727,0.0,0.7578178,0.706093,0.68400776,0.1111111111111111,0.0,0.0,0.0,0.0,0.0,0.0,0.0,0.0,5,0
DB01045,328,0,train,8.0,1.0,0.053074,0.3333333333333333,0.0760869565217391,0.0,0.7645986,0.71594566,0.7034994,0.1320754716981132,0.424592,0.3333333333333333,0.0760869565217391,0.0,0.7645986,0.71594566,0.7034994,0.1320754716981132,5,0
DB00282,12,0,train,6.0,8.0,0.246244,0.0,0.0434782608695652,0.0,0.86016804,0.6876812,0.67902976,0.1176470588235294,1.477464,0.0,0.3478260869565216,0.0,6.88134432,5.5014496,5.43223808,0.9411764705882352,5,0
DB00669,354,0,train,7.0,3.0,0.1867,0.0,0.0784313725490196,0.0,0.8461571,0.87469584,0.72053045,0.1976744186046511,1.3069,0.0,0.2352941176470588,0.0,2.5384713,2.62408752,2.16159135,0.5930232558139533,5,0
DB01167,321,0,train,1.0,3.0,0.088407,0.0,0.04,0.0,0.8046319,0.7652801,0.7418999,0.0980392156862745,0.088407,0.0,0.12,0.0,2.4138957,2.2958403,2.2256997,0.2941176470588235,5,0
DB06287,364,0,train,11.0,2.0,0.029951,0.0,0.1111111111111111,0.0,0.77242875,0.8153115,0.0,0.1206896551724138,0.329461,0.0,0.2222222222222222,0.0,1.5448575,1.630623,0.0,0.2413793103448276,5,0
DB00939,263,0,train,0.0,3.0,0.083676,0.0,0.0,0.0,0.0,0.0,0.0,0.0,0.0,0.0,0.0,0.0,0.0,0.0,0.0,0.0,5,0
DB01110,110,0,train,1.0,2.0,0.114652,0.0,0.0161290322580645,0.0,0.6073163,0.6969334,0.7175045,0.1428571428571428,0.114652,0.0,0.032258064516129,0.0,1.2146326,1.3938668,1.435009,0.2857142857142856,5,0
DB00759,277,0,train,5.0,7.0,0.194293,0.0,0.1617647058823529,0.0,0.8094162,0.8167429,0.88556755,0.1527777777777778,0.971465,0.0,1.1323529411764703,0.0,5.6659134,5.7172003,6.19897285,1.0694444444444446,5,0
DB00542,401,0,train,5.0,3.0,0.272232,0.5,0.56,0.0,0.8714207,0.83981925,0.82904595,0.3412698412698413,1.36116,1.5,1.6800000000000002,0.0,2.6142621000000004,2.51945775,2.48713785,1.0238095238095235,5,0
DB00334,230,0,train,1.0,3.0,0.17455,0.0,0.0,0.0,0.40096438,0.63396245,0.6314624,0.0326086956521739,0.17455,0.0,0.0,0.0,1.20289314,1.90188735,1.8943872,0.0978260869565217,5,0
DB00281,14,0,train,1.0,0.0,0.0,0.0,0.1038961038961039,0.0,0.5295782,0.6311736,0.7631569,0.1237113402061855,0.0,0.0,0.0,0.0,0.0,0.0,0.0,0.0,5,0
DB01203,57,0,train,2.0,4.0,0.087718,0.0,0.0327868852459016,0.0,0.78064483,0.7323842,0.7129171,0.0728744939271255,0.175436,0.0,0.1311475409836064,0.0,3.12257932,2.9295368,2.8516684,0.291497975708502,5,0
DB00489,299,0,train,1.0,2.0,0.110829,0.0,0.0181818181818181,0.0,0.7368555,0.6148981,0.85092604,0.0720338983050847,0.110829,0.0,0.0363636363636362,0.0,1.473711,1.2297962,1.70185208,0.1440677966101694,5,0
DB00286,341,0,train,5.0,8.0,0.303915,0.0,0.027027027027027,0.0,0.7874655,0.74141914,0.60516495,0.087378640776699,1.519575,0.0,0.216216216216216,0.0,6.299724,5.93135312,4.8413196,0.699029126213592,5,0
DB00749,86,0,train,1.0,5.0,0.106091,0.0555555555555555,0.0588235294117647,0.0,0.82712066,0.56550336,0.66497314,0.1238095238095238,0.106091,0.2777777777777774,0.2941176470588235,0.0,4.1356033,2.8275168,3.3248657,0.619047619047619,5,0
DB00716,64,0,train,3.0,2.0,0.212456,0.0,0.037037037037037,0.0,0.706523,0.77909434,0.76413894,0.134020618556701,0.637368,0.0,0.074074074074074,0.0,1.413046,1.55818868,1.52827788,0.268041237113402,5,0
DB00668,52,0,train,1.0,5.0,0.186312,0.0,0.0106382978723404,0.0,0.7991231,0.8165334,0.77184623,0.1428571428571428,0.186312,0.0,0.0531914893617019,0.0,3.9956155,4.082667,3.85923115,0.714285714285714,5,0
DB00351,9,0,train,8.0,2.0,0.16599,0.0,0.0925925925925925,0.0,0.8320123,0.8716435,0.82017463,0.1428571428571428,1.32792,0.0,0.185185185185185,0.0,1.6640246,1.743287,1.64034926,0.2857142857142856,5,0
DB00433,273,0,train,3.0,5.0,0.462838,0.0,0.1836734693877551,0.0,0.872043,0.875052,0.8666682,0.1683168316831683,1.388514,0.0,0.9183673469387756,0.0,4.360215,4.37526,4.333341,0.8415841584158414,5,0
DB00519,55,0,train,4.0,4.0,0.031871,0.0,0.0666666666666666,0.0,0.83434963,0.73873895,0.74604464,0.1555555555555555,0.127484,0.0,0.2666666666666664,0.0,3.33739852,2.9549558,2.98417856,0.622222222222222,5,0
DB01219,146,0,train,8.0,13.0,0.175239,0.0,0.0256410256410256,0.0,0.8378473,0.8801223,0.8297398,0.2,1.401912,0.0,0.3333333333333327,0.0,10.8920149,11.4415899,10.7866174,2.6,5,0
DB00200,120,0,train,3.0,2.0,0.0,0.0,0.0526315789473684,0.0,0.7080099,0.6499322,0.74580985,0.0801393728222996,0.0,0.0,0.1052631578947368,0.0,1.4160198,1.2998644,1.4916197,0.1602787456445992,5,0
DB00773,338,0,train,1.0,2.0,0.090637,0.0,0.1132075471698113,0.0,0.6005907,0.6656194,0.70822847,0.1573033707865168,0.090637,0.0,0.2264150943396226,0.0,1.2011814,1.3312388,1.41645694,0.3146067415730336,5,0
DB01133,394,0,train,2.0,2.0,0.215874,0.0,0.0,0.0,0.72050524,0.5914874,0.6742617,0.1359223300970873,0.431748,0.0,0.0,0.0,1.44101048,1.1829748,1.3485234,0.2718446601941746,5,0
DB00195,254,0,train,0.0,2.0,0.184404,0.0,0.0,0.0,0.0,0.0,0.0,0.0,0.0,0.0,0.0,0.0,0.0,0.0,0.0,0.0,5,0
DB00213,180,0,train,0.0,3.0,0.0725,0.0,0.0,0.0,0.0,0.0,0.0,0.0,0.0,0.0,0.0,0.0,0.0,0.0,0.0,0.0,5,0
DB01086,195,0,train,2.0,1.0,0.070638,0.0,0.0851063829787234,0.0,0.76260537,0.6522668,0.7620929,0.2753623188405797,0.141276,0.0,0.0851063829787234,0.0,0.76260537,0.6522668,0.7620929,0.2753623188405797,5,0
DB01098,208,0,train,11.0,2.0,0.068812,0.0,0.1379310344827586,0.0,0.7637409,0.8647749,0.7944679,0.2260273972602739,0.7569319999999999,0.0,0.2758620689655172,0.0,1.5274818,1.7295498,1.5889358,0.4520547945205478,5,0
DB02546,380,0,train,1.0,1.0,0.090868,0.0,0.02,0.0,0.6085603,0.5473769,0.0,0.168141592920354,0.090868,0.0,0.02,0.0,0.6085603,0.5473769,0.0,0.168141592920354,5,0
DB01098,241,0,train,1.0,2.0,0.2313,0.0,0.1071428571428571,0.0,0.81979114,0.763943,0.7565897,0.1351351351351351,0.2313,0.0,0.2142857142857142,0.0,1.63958228,1.527886,1.5131794,0.2702702702702702,5,0
DB00925,130,0,train,9.0,0.0,0.0,0.0,0.037037037037037,0.0,0.8280829,0.79258114,0.75890535,0.1594202898550724,0.0,0.0,0.0,0.0,0.0,0.0,0.0,0.0,5,0
DB01225,163,0,train,15.0,4.0,0.065822,0.0,0.048780487804878,0.0,0.79729337,0.8855181,0.8405292,0.2367601246105919,0.98733,0.0,0.195121951219512,0.0,3.18917348,3.5420724,3.3621168,0.9470404984423676,5,0
DB00851,364,0,train,11.0,3.0,0.15891,0.0,0.0327868852459016,0.0,0.86081207,0.83461136,0.7425289,0.1527777777777778,1.7480099999999998,0.0,0.0983606557377048,0.0,2.58243621,2.50383408,2.2275867000000003,0.4583333333333333,5,0
DB00414,350,0,train,4.0,4.0,0.192281,0.0,0.1764705882352941,0.0,0.6735972,0.6434231,0.77241427,0.2,0.769124,0.0,0.7058823529411764,0.0,2.6943888,2.5736924,3.08965708,0.8,5,0
DB01170,155,0,train,1.0,2.0,0.332252,0.0,0.0,0.0,0.7769511,0.77266407,0.47049537,0.0625,0.332252,0.0,0.0,0.0,1.5539022,1.54532814,0.94099074,0.125,5,0
DB06803,150,0,train,1.0,1.0,0.0,0.0,0.0317460317460317,0.0,0.6737465,0.56288874,0.71553504,0.0545454545454545,0.0,0.0,0.0317460317460317,0.0,0.6737465,0.56288874,0.71553504,0.0545454545454545,5,0
DB00822,212,0,train,5.0,1.0,0.031912,0.0,0.1020408163265306,0.0,0.8510909,0.8105169,0.7506593,0.0348837209302325,0.15956,0.0,0.1020408163265306,0.0,0.8510909,0.8105169,0.7506593,0.0348837209302325,5,0
DB04865,302,0,train,2.0,1.0,0.106848,0.0,0.054054054054054,0.0,0.78112966,0.6850928,0.72322536,0.1241379310344827,0.213696,0.0,0.054054054054054,0.0,0.78112966,0.6850928,0.72322536,0.1241379310344827,5,0
DB00806,172,0,train,3.0,3.0,0.149851,0.0,0.0508474576271186,0.0,0.76124644,0.6630496,0.80237854,0.1034482758620689,0.449553,0.0,0.1525423728813558,0.0,2.28373932,1.9891488,2.40713562,0.3103448275862067,5,0
DB00918,136,0,train,13.0,1.0,0.133795,0.1428571428571428,0.3404255319148936,0.0,0.8645628,0.77326596,0.8584554,0.2285714285714285,1.739335,0.1428571428571428,0.3404255319148936,0.0,0.8645628,0.77326596,0.8584554,0.2285714285714285,5,0
DB01003,349,0,train,1.0,2.0,0.180844,0.0,0.0,0.0,0.622962,0.74446046,0.75276124,0.027027027027027,0.180844,0.0,0.0,0.0,1.245924,1.48892092,1.50552248,0.054054054054054,5,0
DB00627,303,0,train,1.0,1.0,0.087021,0.0,0.0,0.0,0.6522442,0.7727765,0.61746985,0.1162790697674418,0.087021,0.0,0.0,0.0,0.6522442,0.7727765,0.61746985,0.1162790697674418,5,0
DB00331,263,0,train,0.0,7.0,0.248797,0.0,0.0,0.0,0.0,0.0,0.0,0.0,0.0,0.0,0.0,0.0,0.0,0.0,0.0,0.0,5,0
DB00541,267,0,train,8.0,12.0,0.18432,0.0,0.0517241379310344,0.0,0.7586004,0.8675534,0.74076486,0.1063829787234042,1.47456,0.0,0.6206896551724128,0.0,9.1032048,10.4106408,8.88917832,1.2765957446808505,5,0
DB01144,312,0,train,13.0,1.0,0.092076,0.0,0.064516129032258,0.0,0.8628374,0.8396652,0.8149947,0.119047619047619,1.1969880000000002,0.0,0.064516129032258,0.0,0.8628374,0.8396652,0.8149947,0.119047619047619,5,0
DB00508,238,0,train,1.0,2.0,0.16055,0.0,0.0,0.0,0.6021468,0.6181909,0.6973832,0.0471698113207547,0.16055,0.0,0.0,0.0,1.2042936,1.2363818,1.3947664,0.0943396226415094,5,0
DB01068,83,0,train,3.0,8.0,0.277533,0.0,0.0727272727272727,0.0,0.65521586,0.8368102,0.7641575,0.1574803149606299,0.8325989999999999,0.0,0.5818181818181816,0.0,5.24172688,6.6944816,6.11326,1.2598425196850391,5,0
DB00159,16,0,train,4.0,1.0,0.238401,0.0,0.0149253731343283,0.0,0.6416531,0.80301327,0.7198452,0.0672268907563025,0.953604,0.0,0.0149253731343283,0.0,0.6416531,0.80301327,0.7198452,0.0672268907563025,5,0
DB00674,275,0,train,2.0,8.0,0.133179,0.0,0.037037037037037,0.0,0.7294696,0.6119471,0.71556175,0.1630434782608695,0.266358,0.0,0.296296296296296,0.0,5.8357568,4.8955768,5.724494,1.304347826086956,5,0
DB01013,398,0,train,1.0,2.0,0.0,0.0,0.0625,0.0,0.6068752,0.81982666,0.7141683,0.1083333333333333,0.0,0.0,0.125,0.0,1.2137504,1.63965332,1.4283366,0.2166666666666666,5,0
DB00624,129,0,train,4.0,2.0,0.145688,0.0,0.0526315789473684,0.0,0.65644455,0.734861,0.701879,0.0504201680672268,0.582752,0.0,0.1052631578947368,0.0,1.3128891,1.469722,1.403758,0.1008403361344536,5,0
DB00014,260,0,train,1.0,4.0,0.12966,0.0,0.0125,0.0,0.71024436,0.7780652,0.683953,0.0869565217391304,0.12966,0.0,0.05,0.0,2.84097744,3.1122608,2.735812,0.3478260869565216,5,0
DB00190,156,0,train,6.0,3.0,0.017703,0.0,0.0277777777777777,0.0,0.7982117,0.88262814,0.8026694,0.13,0.106218,0.0,0.083333333333333,0.0,2.3946351,2.64788442,2.4080082,0.39,5,0
DB00905,4,0,train,1.0,4.0,0.349093,0.0,0.0701754385964912,0.0,0.77262,0.76871717,0.64102423,0.1739130434782608,0.349093,0.0,0.2807017543859648,0.0,3.09048,3.07486868,2.56409692,0.6956521739130432,5,0
DB01157,87,0,train,1.0,1.0,0.04007,0.0,0.0166666666666666,0.0,0.81955796,0.6633535,0.77458054,0.0551181102362204,0.04007,0.0,0.0166666666666666,0.0,0.81955796,0.6633535,0.77458054,0.0551181102362204,5,0
DB00710,5,0,train,2.0,1.0,0.089591,0.0,0.0,0.0,0.7501739,0.64127034,0.8124639,0.072072072072072,0.179182,0.0,0.0,0.0,0.7501739,0.64127034,0.8124639,0.072072072072072,5,0
DB00744,292,0,train,1.0,2.0,0.131757,0.0,0.0952380952380952,0.0,0.5916807,0.8307953,0.77016354,0.1794871794871795,0.131757,0.0,0.1904761904761904,0.0,1.1833614,1.6615906,1.54032708,0.358974358974359,5,0
DB00933,220,0,train,1.0,1.0,0.104273,0.0,0.04,0.0,0.5936192,0.78835547,0.7253099,0.0743243243243243,0.104273,0.0,0.04,0.0,0.5936192,0.78835547,0.7253099,0.0743243243243243,5,0
DB01427,407,0,train,1.0,0.0,0.0,0.0,0.0,0.0,0.7572115,0.6458039,0.59464574,0.0813953488372093,0.0,0.0,0.0,0.0,0.0,0.0,0.0,0.0,5,0
DB00282,267,0,train,8.0,8.0,0.260695,0.0,0.0149253731343283,0.0,0.8302612,0.63147163,0.7769456,0.0517241379310344,2.08556,0.0,0.1194029850746264,0.0,6.6420896,5.05177304,6.2155648,0.4137931034482752,5,0
DB00492,271,0,train,9.0,4.0,0.298168,0.0,0.0285714285714285,0.0,0.86201537,0.7016096,0.8077169,0.1614906832298136,2.683512,0.0,0.114285714285714,0.0,3.44806148,2.8064384,3.2308676,0.6459627329192544,5,0
DB00795,74,0,train,1.0,2.0,0.14733,0.0,0.0153846153846153,0.0,0.6856689,0.8119174,0.50755405,0.1666666666666666,0.14733,0.0,0.0307692307692306,0.0,1.3713378,1.6238348,1.0151081,0.3333333333333332,5,0
DB00364,350,0,train,4.0,3.0,0.289606,0.0,0.0357142857142857,0.3333333333333333,0.8145795,0.7501294,0.7856819,0.0269360269360269,1.158424,0.0,0.1071428571428571,1.0,2.4437385000000003,2.2503882,2.3570457,0.0808080808080807,5,0
DB00733,41,0,train,12.0,1.0,0.111357,0.0,0.0416666666666666,0.0,0.7687071,0.8042755,0.74757427,0.1358024691358024,1.336284,0.0,0.0416666666666666,0.0,0.7687071,0.8042755,0.74757427,0.1358024691358024,5,0
DB01050,48,0,train,7.0,9.0,0.032423,0.0,0.1111111111111111,0.0,0.71574235,0.82446986,0.7487238,0.106060606060606,0.226961,0.0,1.0,0.0,6.44168115,7.42022874,6.738514200000001,0.954545454545454,5,0
DB00536,360,0,train,7.0,3.0,0.021583,0.0,0.0,0.0,0.70358914,0.6303634,0.6459842,0.1875,0.151081,0.0,0.0,0.0,2.11076742,1.8910902,1.9379526,0.5625,5,0
DB00471,375,0,train,2.0,3.0,0.138674,0.0,0.0945945945945946,0.0,0.77516526,0.5240449,0.8017732,0.1470588235294117,0.277348,0.0,0.2837837837837837,0.0,2.32549578,1.5721347,2.4053196,0.441176470588235,5,0
DB01203,294,0,train,3.0,4.0,0.209034,0.064516129032258,0.1025641025641025,0.0,0.7221411,0.76905644,0.67251956,0.1188118811881188,0.627102,0.258064516129032,0.41025641025641,0.0,2.8885644,3.07622576,2.69007824,0.4752475247524752,5,0
DB00388,99,0,train,59.0,5.0,0.204518,1.0,0.1666666666666666,0.1666666666666666,0.9128126,0.88101953,0.8485635,0.26,12.066562,5.0,0.833333333333333,0.833333333333333,4.564063,4.40509765,4.2428175,1.3,5,0
DB00159,91,0,train,1.0,1.0,0.20479,0.0,0.0181818181818181,0.0,0.6223973,0.8123825,0.78413725,0.0785714285714285,0.20479,0.0,0.0181818181818181,0.0,0.6223973,0.8123825,0.78413725,0.0785714285714285,5,0
DB00404,317,0,train,1.0,2.0,0.137468,0.0,0.0454545454545454,0.0,0.70088625,0.6561495,0.7061634,0.1727272727272727,0.137468,0.0,0.0909090909090908,0.0,1.4017725,1.312299,1.4123268,0.3454545454545454,5,0
DB00540,344,0,train,10.0,3.0,0.110419,0.2258064516129032,0.2159090909090909,0.0,0.8508446,0.8623945,0.84013885,0.2888888888888888,1.10419,0.6774193548387095,0.6477272727272727,0.0,2.5525338,2.5871835,2.52041655,0.8666666666666665,5,0
DB00719,9,0,train,8.0,5.0,0.144306,0.0,0.1176470588235294,0.0,0.8084211,0.87311846,0.8052285,0.2695652173913043,1.154448,0.0,0.588235294117647,0.0,4.0421055,4.3655923,4.0261425,1.3478260869565215,5,0
DB00920,389,0,train,1.0,3.0,0.10194,0.0,0.0,0.0,0.7309025,0.79565305,0.6381024,0.2027972027972027,0.10194,0.0,0.0,0.0,2.1927075,2.38695915,1.9143072,0.6083916083916081,5,0
DB00678,346,0,train,1.0,1.0,0.117425,0.0,0.1566265060240964,0.0,0.85516214,0.6372928,0.61647993,0.2,0.117425,0.0,0.1566265060240964,0.0,0.85516214,0.6372928,0.61647993,0.2,5,0
DB00433,52,0,train,1.0,5.0,0.276419,0.0,0.09375,0.0,0.8619338,0.875052,0.7490652,0.1683168316831683,0.276419,0.0,0.46875,0.0,4.309669,4.37526,3.745326,0.8415841584158414,5,0
DB00350,161,0,train,1.0,1.0,0.273755,0.0,0.1379310344827586,0.0,0.8250332,0.76108646,0.8115102,0.0125,0.273755,0.0,0.1379310344827586,0.0,0.8250332,0.76108646,0.8115102,0.0125,5,0
DB00883,104,0,train,1.0,4.0,0.085113,0.0,0.0185185185185185,0.0,0.70803726,0.6347372,0.6607002,0.0808823529411764,0.085113,0.0,0.074074074074074,0.0,2.83214904,2.5389488,2.6428008,0.3235294117647056,5,0
DB00481,262,0,train,4.0,3.0,0.053922,0.0,0.0606060606060606,0.0,0.66596043,0.76089346,0.74799776,0.2156862745098039,0.215688,0.0,0.1818181818181818,0.0,1.99788129,2.28268038,2.24399328,0.6470588235294117,5,0
DB01197,87,0,train,1.0,5.0,0.214417,0.0,0.0163934426229508,0.0,0.7878338,0.73343986,0.74764895,0.1294117647058823,0.214417,0.0,0.081967213114754,0.0,3.939169,3.6671993,3.73824475,0.6470588235294116,5,0
DB00363,41,0,train,12.0,0.0,0.0,0.0285714285714285,0.1304347826086956,0.0,0.76475704,0.6623849,0.69018316,0.2384615384615384,0.0,0.0,0.0,0.0,0.0,0.0,0.0,0.0,5,0
DB00741,21,0,train,6.0,5.0,0.248759,0.0,0.0652173913043478,0.0,0.85583746,0.8555373,0.75960517,0.1293103448275862,1.4925540000000002,0.0,0.3260869565217389,0.0,4.2791873,4.2776865,3.79802585,0.6465517241379309,5,0
DB00440,234,0,train,1.0,3.0,0.0,0.0,0.0701754385964912,0.0,0.84445757,0.73026824,0.6939534,0.0697674418604651,0.0,0.0,0.2105263157894736,0.0,2.53337271,2.19080472,2.0818602000000004,0.2093023255813953,5,0
DB00188,294,0,train,3.0,1.0,0.033133,0.0,0.1358024691358024,0.0,0.73433876,0.71725816,0.6102226,0.31,0.099399,0.0,0.1358024691358024,0.0,0.73433876,0.71725816,0.6102226,0.31,5,0
DB01182,393,0,train,0.0,1.0,0.131958,0.0,0.0,0.0,0.0,0.0,0.0,0.0,0.0,0.0,0.0,0.0,0.0,0.0,0.0,0.0,5,0
DB08907,96,0,train,1.0,7.0,0.123285,0.0,0.074074074074074,0.0,0.67189074,0.4814244,0.70177674,0.0354609929078014,0.123285,0.0,0.518518518518518,0.0,4.70323518,3.3699708,4.91243718,0.2482269503546098,5,0
DB00773,385,0,train,5.0,2.0,0.099342,0.0,0.140625,0.0,0.74508035,0.7577145,0.7609229,0.0745341614906832,0.49671,0.0,0.28125,0.0,1.4901607,1.515429,1.5218458,0.1490683229813664,5,0
DB00537,84,0,train,3.0,3.0,0.053671,0.0,0.0909090909090909,0.0,0.6732218,0.6187431,0.6826173,0.116504854368932,0.161013,0.0,0.2727272727272727,0.0,2.0196654,1.8562293,2.0478519,0.349514563106796,5,0
DB00222,252,0,train,4.0,3.0,0.236955,0.0,0.064516129032258,0.0,0.7528231,0.6378022,0.79204595,0.1496062992125984,0.94782,0.0,0.1935483870967739,0.0,2.2584693,1.9134066,2.37613785,0.4488188976377952,5,0
DB01327,256,0,train,1.0,1.0,0.033406,0.0,0.0,0.0,0.5354488,0.52573735,0.52194023,0.0933333333333333,0.033406,0.0,0.0,0.0,0.5354488,0.52573735,0.52194023,0.0933333333333333,5,0
DB00596,295,0,train,1.0,1.0,0.107555,0.0,0.0,0.0,0.61537623,0.7194646,0.7810833,0.0964912280701754,0.107555,0.0,0.0,0.0,0.61537623,0.7194646,0.7810833,0.0964912280701754,5,0
DB00741,164,0,train,5.0,5.0,0.059989,0.0,0.1454545454545454,0.0,0.80556387,0.8272445,0.8075175,0.0792079207920792,0.299945,0.0,0.727272727272727,0.0,4.02781935,4.136222500000001,4.0375875,0.3960396039603959,5,0
DB00921,70,0,train,0.0,1.0,0.110451,0.0,0.0,0.0,0.0,0.0,0.0,0.0,0.0,0.0,0.0,0.0,0.0,0.0,0.0,0.0,5,0
DB00652,53,0,train,1.0,1.0,0.073449,0.0,0.0508474576271186,0.0,0.78291774,0.7973228,0.82823914,0.1318681318681318,0.073449,0.0,0.0508474576271186,0.0,0.78291774,0.7973228,0.82823914,0.1318681318681318,5,0
DB01296,132,0,train,4.0,5.0,0.203599,0.0,0.0769230769230769,0.0,0.7062637,0.69987947,0.8307403,0.1016949152542373,0.814396,0.0,0.3846153846153844,0.0,3.5313185,3.49939735,4.1537015,0.5084745762711864,5,0
DB00958,249,0,train,0.0,4.0,0.127688,0.0,0.0,0.0,0.0,0.0,0.0,0.0,0.0,0.0,0.0,0.0,0.0,0.0,0.0,0.0,5,0
DB00898,301,0,train,4.0,2.0,0.058742,0.0,0.1166666666666666,0.0,0.6582037,0.7107682,0.6833412,0.037037037037037,0.234968,0.0,0.2333333333333332,0.0,1.3164074,1.4215364,1.3666824,0.074074074074074,5,0
DB00564,51,0,train,1.0,6.0,0.331514,0.032258064516129,0.1888888888888888,0.0,0.9279234,0.8379748,0.80648416,0.1975308641975308,0.331514,0.1935483870967739,1.1333333333333329,0.0,5.5675404,5.0278488,4.83890496,1.185185185185185,5,0
DB01065,282,0,train,4.0,6.0,0.226488,0.0,0.0185185185185185,0.0,0.6661755,0.82488346,0.66464275,0.0588235294117647,0.905952,0.0,0.111111111111111,0.0,3.997053,4.94930076,3.9878565,0.3529411764705882,5,0
DB00982,66,0,train,1.0,1.0,0.0,0.0,0.1272727272727272,0.0,0.7753319,0.7825773,0.5553197,0.0916030534351145,0.0,0.0,0.1272727272727272,0.0,0.7753319,0.7825773,0.5553197,0.0916030534351145,5,0
DB00332,208,0,train,11.0,2.0,0.163073,0.0,0.0454545454545454,0.0,0.8800355,0.85507894,0.82926464,0.1833333333333333,1.793803,0.0,0.0909090909090908,0.0,1.760071,1.71015788,1.65852928,0.3666666666666666,5,0
DB00278,56,0,train,4.0,1.0,0.060054,0.0,0.0980392156862745,0.0,0.7744959,0.86535335,0.8380722,0.1379310344827586,0.240216,0.0,0.0980392156862745,0.0,0.7744959,0.86535335,0.8380722,0.1379310344827586,5,0
DB00244,18,0,train,14.0,1.0,0.128433,0.0,0.0188679245283018,0.0,0.83510804,0.8010855,0.8715106,0.1690140845070422,1.7980619999999998,0.0,0.0188679245283018,0.0,0.83510804,0.8010855,0.8715106,0.1690140845070422,5,0
DB00257,11,0,train,3.0,2.0,0.219155,0.0,0.0714285714285714,0.0,0.7980693,0.7503483,0.67216766,0.0431654676258992,0.657465,0.0,0.1428571428571428,0.0,1.5961386,1.5006966,1.34433532,0.0863309352517984,5,0
DB00457,313,0,train,5.0,7.0,0.169262,0.0,0.0408163265306122,0.0,0.82659036,0.8226241,0.76024526,0.1551724137931034,0.84631,0.0,0.2857142857142854,0.0,5.78613252,5.7583687,5.321716820000001,1.0862068965517238,5,0
DB00631,74,0,train,1.0,1.0,0.081781,0.0,0.03125,0.0,0.5835714,0.70349544,0.6449541,0.058252427184466,0.081781,0.0,0.03125,0.0,0.5835714,0.70349544,0.6449541,0.058252427184466,5,0
DB00214,250,0,train,2.0,6.0,0.161087,0.0,0.0263157894736842,0.0,0.7116835,0.7068612,0.771366,0.1428571428571428,0.322174,0.0,0.1578947368421052,0.0,4.270101,4.2411672,4.628196,0.8571428571428568,5,0
DB01410,367,0,train,1.0,4.0,0.09964,0.0,0.0784313725490196,0.0,0.65201086,0.8107107,0.6262846,0.0862068965517241,0.09964,0.0,0.3137254901960784,0.0,2.60804344,3.2428428,2.5051384,0.3448275862068964,5,0
DB00669,376,0,train,16.0,3.0,0.175769,0.0,0.1267605633802817,0.0,0.83153427,0.8728368,0.6924769,0.1875,2.812304,0.0,0.380281690140845,0.0,2.49460281,2.6185104,2.0774307,0.5625,5,0
DB01196,71,0,train,2.0,2.0,0.166668,0.0,0.0,0.0,0.79725176,0.83546376,0.6884769,0.1338582677165354,0.333336,0.0,0.0,0.0,1.59450352,1.67092752,1.3769538,0.2677165354330708,5,0
DB00714,234,0,train,1.0,7.0,0.176253,0.0,0.0526315789473684,0.0,0.79875016,0.57684404,0.73222274,0.034090909090909,0.176253,0.0,0.3684210526315787,0.0,5.59125112,4.03790828,5.12555918,0.2386363636363629,5,0
DB00280,243,0,train,10.0,1.0,0.044721,0.1052631578947368,0.1578947368421052,0.0,0.8214278,0.80560786,0.8414528,0.25,0.44721,0.1052631578947368,0.1578947368421052,0.0,0.8214278,0.80560786,0.8414528,0.25,5,0
DB08906,239,0,train,12.0,4.0,0.088451,0.0,0.25,0.0,0.7493933,0.7337533,0.72725785,0.1987951807228915,1.061412,0.0,1.0,0.0,2.9975732,2.9350132,2.9090314,0.795180722891566,5,0
DB01176,47,0,train,1.0,1.0,0.110365,0.0,0.048780487804878,0.0,0.8594986,0.69268394,0.7868916,0.2906976744186046,0.110365,0.0,0.048780487804878,0.0,0.8594986,0.69268394,0.7868916,0.2906976744186046,5,0
DB01173,105,0,train,4.0,9.0,0.13069,0.0,0.0689655172413793,0.0,0.8132674,0.7986504,0.7944768,0.0617283950617283,0.52276,0.0,0.6206896551724137,0.0,7.3194066,7.1878536,7.1502912,0.5555555555555547,5,0
DB00622,402,0,train,3.0,1.0,0.096289,0.0,0.1363636363636363,0.0,0.69788516,0.821943,0.7634959,0.1785714285714285,0.288867,0.0,0.1363636363636363,0.0,0.69788516,0.821943,0.7634959,0.1785714285714285,5,0
DB01143,284,0,train,1.0,1.0,0.084298,0.0,0.0,0.0,0.78088474,0.66066706,0.8022133,0.0486725663716814,0.084298,0.0,0.0,0.0,0.78088474,0.66066706,0.8022133,0.0486725663716814,5,0
DB00491,354,0,train,7.0,2.0,0.060885,0.0,0.0588235294117647,0.0,0.73876864,0.84605855,0.8228655,0.0677966101694915,0.426195,0.0,0.1176470588235294,0.0,1.47753728,1.6921171,1.645731,0.135593220338983,5,0
DB00727,204,0,train,1.0,2.0,0.256808,0.0,0.0,0.0,0.7681345,0.56934464,0.75473326,0.0434782608695652,0.256808,0.0,0.0,0.0,1.536269,1.13868928,1.50946652,0.0869565217391304,5,0
DB00861,156,0,train,6.0,5.0,0.080017,0.0,0.0416666666666666,0.0,0.7898259,0.8069544,0.7409572,0.1088082901554404,0.480102,0.0,0.208333333333333,0.0,3.9491295,4.034772,3.704786,0.544041450777202,5,0
DB00179,391,0,train,4.0,1.0,0.040853,0.0,0.09375,0.0,0.7040317,0.85221654,0.7261984,0.175,0.163412,0.0,0.09375,0.0,0.7040317,0.85221654,0.7261984,0.175,5,0
DB01216,193,0,train,0.0,5.0,0.117605,0.0,0.0,0.0,0.0,0.0,0.0,0.0,0.0,0.0,0.0,0.0,0.0,0.0,0.0,0.0,5,0
DB00210,319,0,train,2.0,1.0,0.105078,0.0,0.0,0.0,0.8181626,0.5911013,0.6835848,0.1439393939393939,0.210156,0.0,0.0,0.0,0.8181626,0.5911013,0.6835848,0.1439393939393939,5,0
DB00501,220,0,train,1.0,4.0,0.210547,0.0,0.0,0.0,0.7251457,0.7905174,0.8029205,0.064516129032258,0.210547,0.0,0.0,0.0,2.9005828,3.1620696,3.211682,0.258064516129032,5,0
DB08803,146,0,train,8.0,3.0,0.032511,0.0,0.0,0.0,0.5519804,0.80214703,0.7894957,0.1666666666666666,0.260088,0.0,0.0,0.0,1.6559412,2.40644109,2.3684871000000003,0.4999999999999998,5,0
DB00169,148,0,train,1.0,8.0,0.103147,0.0,0.037037037037037,0.0,0.6811098,0.5928142,0.617968,0.0305343511450381,0.103147,0.0,0.296296296296296,0.0,5.4488784,4.7425136,4.943744,0.2442748091603048,5,0
DB00864,68,0,train,11.0,1.0,0.089756,0.0,0.0806451612903225,0.0,0.8562642,0.8474417,0.8351512,0.1155555555555555,0.987316,0.0,0.0806451612903225,0.0,0.8562642,0.8474417,0.8351512,0.1155555555555555,5,0
DB00559,236,0,train,1.0,3.0,0.182705,0.0,0.0394736842105263,0.0,0.75149244,0.68388003,0.6933308,0.1933333333333333,0.182705,0.0,0.1184210526315789,0.0,2.2544773200000003,2.05164009,2.0799924,0.5799999999999998,5,0
DB08799,229,0,train,2.0,4.0,0.100364,0.0,0.0181818181818181,0.0,0.8062587,0.80500144,0.6540517,0.065040650406504,0.200728,0.0,0.0727272727272724,0.0,3.2250348,3.22000576,2.6162068,0.260162601626016,5,0
DB00960,318,0,train,13.0,2.0,0.170562,0.0,0.1346153846153846,0.0,0.88461256,0.8485828,0.84705275,0.2100840336134453,2.217306,0.0,0.2692307692307692,0.0,1.76922512,1.6971656,1.6941055,0.4201680672268906,5,0
DB01146,37,0,train,11.0,2.0,0.0,0.0,0.0,0.0,0.8618436,0.8997185,0.882231,0.2626262626262626,0.0,0.0,0.0,0.0,1.7236872,1.799437,1.764462,0.5252525252525252,5,0
DB00321,117,0,train,21.0,3.0,0.133868,0.2285714285714285,0.2222222222222222,0.0,0.9098585,0.87835246,0.89898837,0.6266666666666667,2.811228,0.6857142857142855,0.6666666666666666,0.0,2.7295755,2.63505738,2.69696511,1.88,5,0
DB00333,106,0,train,5.0,1.0,0.0,0.0,0.1222222222222222,0.0,0.81495774,0.81949735,0.828046,0.1481481481481481,0.0,0.0,0.1222222222222222,0.0,0.81495774,0.81949735,0.828046,0.1481481481481481,5,0
DB00868,361,0,train,3.0,1.0,0.04132,0.0,0.0465116279069767,0.0,0.6158503,0.69114685,0.7135276,0.0858895705521472,0.12396,0.0,0.0465116279069767,0.0,0.6158503,0.69114685,0.7135276,0.0858895705521472,5,0
DB00146,85,0,train,6.0,4.0,0.170876,0.0,0.0,0.0,0.8011011,0.7851258,0.6848472,0.1440329218106996,1.025256,0.0,0.0,0.0,3.2044044,3.1405032,2.7393888,0.5761316872427984,5,0
DB00631,347,0,train,33.0,1.0,0.088451,0.0,0.0344827586206896,0.0,0.7248643,0.862974,0.86127776,0.1186440677966101,2.918883,0.0,0.0344827586206896,0.0,0.7248643,0.862974,0.86127776,0.1186440677966101,5,0
DB00175,321,0,train,1.0,2.0,0.135829,0.0,0.081081081081081,0.0,0.65735656,0.74169564,0.6890268,0.1088435374149659,0.135829,0.0,0.162162162162162,0.0,1.31471312,1.48339128,1.3780536,0.2176870748299318,5,0
DB00695,317,0,train,1.0,10.0,0.085601,0.0,0.02,0.0,0.8012765,0.77362037,0.7021654,0.1401869158878504,0.085601,0.0,0.2,0.0,8.012765,7.736203699999999,7.021654000000001,1.401869158878504,5,0
DB00514,57,0,train,2.0,1.0,0.036102,0.0,0.0,0.0,0.80851203,0.75366634,0.7808894,0.0864197530864197,0.072204,0.0,0.0,0.0,0.80851203,0.75366634,0.7808894,0.0864197530864197,5,0
DB00187,293,0,train,4.0,2.0,0.1625,0.0,0.12,0.0,0.8278706,0.8936645,0.0,0.1195652173913043,0.65,0.0,0.24,0.0,1.6557412,1.787329,0.0,0.2391304347826086,5,0
DB00545,207,0,train,1.0,1.0,0.042247,0.0,0.0,0.0,0.82551754,0.6662977,0.660849,0.0608695652173913,0.042247,0.0,0.0,0.0,0.82551754,0.6662977,0.660849,0.0608695652173913,5,0
DB00427,63,0,train,1.0,5.0,0.08549,0.0,0.0,0.0,0.7972753,0.81059265,0.54404074,0.2201834862385321,0.08549,0.0,0.0,0.0,3.9863765,4.05296325,2.7202037,1.1009174311926604,5,0
DB00619,301,0,train,4.0,5.0,0.074579,0.0,0.0625,0.0,0.85028756,0.8046427,0.84236115,0.0568181818181818,0.298316,0.0,0.3125,0.0,4.251437800000001,4.023213500000001,4.21180575,0.284090909090909,5,0
DB00236,342,0,train,5.0,1.0,0.19841,0.0,0.0,0.0,0.5708448,0.6542893,0.7101707,0.0869565217391304,0.99205,0.0,0.0,0.0,0.5708448,0.6542893,0.7101707,0.0869565217391304,5,0
DB00191,100,0,train,7.0,3.0,0.114369,0.0,0.275,0.0,0.7211321,0.88065636,0.75704694,0.3636363636363636,0.800583,0.0,0.8250000000000001,0.0,2.1633963,2.64196908,2.27114082,1.0909090909090908,5,0
DB00316,274,0,train,5.0,3.0,0.046284,0.0,0.140625,0.0,0.78750515,0.83077264,0.66301054,0.2058823529411764,0.23142,0.0,0.421875,0.0,2.36251545,2.49231792,1.98903162,0.6176470588235292,5,0
DB06287,10,0,train,6.0,2.0,0.070165,0.0,0.1111111111111111,0.0,0.7844236,0.813957,0.0,0.1434426229508196,0.42099,0.0,0.2222222222222222,0.0,1.5688472,1.627914,0.0,0.2868852459016392,5,0
DB00199,143,0,train,2.0,1.0,0.109017,0.0,0.0,0.0,0.71853876,0.6316846,0.760285,0.0460829493087557,0.218034,0.0,0.0,0.0,0.71853876,0.6316846,0.760285,0.0460829493087557,5,0
DB00490,178,0,train,1.0,3.0,0.0,0.0,0.044776119402985,0.0,0.6896752,0.653448,0.82632375,0.1167883211678832,0.0,0.0,0.134328358208955,0.0,2.0690256,1.960344,2.47897125,0.3503649635036496,5,0
DB01120,396,0,train,11.0,1.0,0.096745,0.0,0.0555555555555555,0.0,0.79576373,0.78214806,0.6677909,0.1948051948051948,1.064195,0.0,0.0555555555555555,0.0,0.79576373,0.78214806,0.6677909,0.1948051948051948,5,0
DB00424,210,0,train,3.0,8.0,0.144165,0.0,0.0909090909090909,0.0,0.8516245,0.80086404,0.71437204,0.1769911504424778,0.4324949999999999,0.0,0.7272727272727272,0.0,6.812996,6.40691232,5.71497632,1.4159292035398223,5,0
DB01214,405,0,train,55.0,3.0,0.112204,1.0,0.6388888888888888,0.0,0.9098947,0.87981015,0.82751197,0.4137931034482758,6.17122,3.0,1.9166666666666663,0.0,2.7296841,2.63943045,2.48253591,1.2413793103448274,5,0
DB00346,133,0,train,10.0,2.0,0.16625,0.1428571428571428,0.1549295774647887,0.0,0.8761622,0.8024998,0.81358904,0.1544715447154471,1.6625,0.2857142857142856,0.3098591549295774,0.0,1.7523244,1.6049996,1.62717808,0.3089430894308942,5,0
DB00394,233,0,train,1.0,6.0,0.317009,0.0,0.0641025641025641,0.0,0.73454064,0.7437292,0.71135795,0.1470588235294117,0.317009,0.0,0.3846153846153846,0.0,4.40724384,4.4623752,4.2681477,0.8823529411764701,5,0
DB01148,122,0,train,2.0,3.0,0.136939,0.0,0.1071428571428571,0.0,0.8729597,0.904641,0.8219139,0.247787610619469,0.273878,0.0,0.3214285714285713,0.0,2.6188791,2.7139230000000003,2.4657417,0.743362831858407,5,0
DB00651,311,0,train,5.0,3.0,0.028092,0.0,0.09375,0.0,0.7429664,0.8227387,0.80147237,0.1052631578947368,0.14046,0.0,0.28125,0.0,2.2288992,2.4682161,2.40441711,0.3157894736842104,5,0
DB01156,3,0,train,11.0,1.0,0.080931,0.0,0.0641025641025641,0.0,0.8168664,0.7928703,0.86569893,0.1168831168831168,0.8902410000000001,0.0,0.0641025641025641,0.0,0.8168664,0.7928703,0.86569893,0.1168831168831168,5,0
DB01577,367,0,train,1.0,4.0,0.102742,0.0,0.0144927536231884,0.0,0.74827737,0.7311821,0.38444036,0.099009900990099,0.102742,0.0,0.0579710144927536,0.0,2.99310948,2.9247284,1.53776144,0.396039603960396,5,0
DB01390,150,0,train,1.0,1.0,0.030617,0.0,0.0,0.0,0.78344584,0.52073526,0.7050524,0.0793650793650793,0.030617,0.0,0.0,0.0,0.78344584,0.52073526,0.7050524,0.0793650793650793,5,0
DB01122,382,0,train,10.0,1.0,0.05765,0.0,0.1176470588235294,0.0,0.79935914,0.8191407,0.7941607,0.2647058823529412,0.5765,0.0,0.1176470588235294,0.0,0.79935914,0.8191407,0.7941607,0.2647058823529412,5,0
DB00285,266,0,train,1.0,5.0,0.224362,0.0,0.0919540229885057,0.0,0.7919793,0.66405267,0.8290283,0.1904761904761904,0.224362,0.0,0.4597701149425285,0.0,3.9598965,3.3202633500000003,4.1451415,0.952380952380952,5,0
DB00190,12,0,train,6.0,3.0,0.019001,0.0,0.1333333333333333,0.0,0.8361781,0.8193079,0.7776191,0.3076923076923077,0.114006,0.0,0.3999999999999999,0.0,2.5085343,2.4579237,2.3328573,0.9230769230769232,5,0
DB00191,111,0,train,1.0,3.0,0.172115,0.0,0.048780487804878,0.0,0.70097953,0.70274913,0.65345484,0.0919540229885057,0.172115,0.0,0.146341463414634,0.0,2.10293859,2.1082473900000003,1.96036452,0.2758620689655171,5,0
DB00699,205,0,train,1.0,1.0,0.199692,0.0,0.0,0.0,0.85387737,0.72342765,0.6505153,0.048076923076923,0.199692,0.0,0.0,0.0,0.85387737,0.72342765,0.6505153,0.048076923076923,5,0
DB00280,168,0,train,6.0,1.0,0.0,0.0,0.1041666666666666,0.0,0.78741753,0.81393605,0.8121814,0.0820895522388059,0.0,0.0,0.1041666666666666,0.0,0.78741753,0.81393605,0.8121814,0.0820895522388059,5,0
DB00264,198,0,train,1.0,5.0,0.278712,0.0,0.0204081632653061,0.0,0.7918062,0.7002375,0.69557047,0.0925925925925925,0.278712,0.0,0.1020408163265305,0.0,3.959031,3.5011875,3.47785235,0.4629629629629625,5,0
DB00996,147,0,train,4.0,13.0,0.208707,0.0,0.0196078431372549,0.0,0.8467851,0.78415847,0.815522,0.1304347826086956,0.834828,0.0,0.2549019607843137,0.0,11.0082063,10.19406011,10.601786,1.6956521739130428,5,0
DB00624,303,0,train,1.0,2.0,0.143819,0.0,0.0188679245283018,0.0,0.6553061,0.785955,0.47945115,0.025,0.143819,0.0,0.0377358490566036,0.0,1.3106122,1.57191,0.9589023,0.05,5,0
DB00352,370,0,train,13.0,1.0,0.0,0.0,0.0416666666666666,0.0,0.87954617,0.834349,0.7569864,0.109375,0.0,0.0,0.0416666666666666,0.0,0.87954617,0.834349,0.7569864,0.109375,5,0
DB01275,9,0,train,8.0,2.0,0.350686,0.0,0.0512820512820512,0.0,0.7899269,0.82549185,0.8345069,0.2741935483870967,2.805488,0.0,0.1025641025641024,0.0,1.5798538,1.6509837,1.6690138,0.5483870967741934,5,0
DB00451,151,0,train,4.0,4.0,0.200219,0.0,0.0476190476190476,0.0,0.8354514,0.74314016,0.72395813,0.1567164179104477,0.800876,0.0,0.1904761904761904,0.0,3.3418056,2.97256064,2.89583252,0.6268656716417907,5,0
DB01291,379,0,train,4.0,2.0,0.077774,0.0,0.0869565217391304,0.0,0.7888291,0.85353744,0.75906676,0.1494252873563218,0.311096,0.0,0.1739130434782608,0.0,1.5776582,1.70707488,1.51813352,0.2988505747126436,5,0
DB00745,354,0,train,7.0,4.0,0.262222,0.0,0.109090909090909,0.0,0.67099214,0.8901232,0.90129775,0.1860465116279069,1.835554,0.0,0.436363636363636,0.0,2.68396856,3.5604928,3.605191,0.7441860465116276,5,0
DB00394,123,0,train,2.0,6.0,0.127738,0.0,0.0131578947368421,0.0,0.75521874,0.86709845,0.6527863,0.0648148148148148,0.255476,0.0,0.0789473684210526,0.0,4.53131244,5.2025907,3.9167178,0.3888888888888888,5,0
DB02546,177,0,train,4.0,1.0,0.140182,0.0,0.088235294117647,0.0,0.80962455,0.7561412,0.0,0.2424242424242424,0.560728,0.0,0.088235294117647,0.0,0.80962455,0.7561412,0.0,0.2424242424242424,5,0
DB01067,370,0,train,13.0,3.0,0.101,0.0,0.0625,0.0,0.76400524,0.73848677,0.72442806,0.1860465116279069,1.3130000000000002,0.0,0.1875,0.0,2.29201572,2.21546031,2.17328418,0.5581395348837207,5,0
DB00445,236,0,train,1.0,1.0,0.169219,0.0,0.0588235294117647,0.0,0.74793506,0.65662515,0.65085274,0.1513157894736842,0.169219,0.0,0.0588235294117647,0.0,0.74793506,0.65662515,0.65085274,0.1513157894736842,5,0
DB00736,3,0,train,11.0,3.0,0.152905,0.0,0.109090909090909,0.0,0.85741234,0.82737267,0.78858936,0.136986301369863,1.681955,0.0,0.327272727272727,0.0,2.57223702,2.48211801,2.36576808,0.410958904109589,5,0
DB00405,254,0,train,0.0,0.0,0.0,0.0,0.0,0.0,0.0,0.0,0.0,0.0,0.0,0.0,0.0,0.0,0.0,0.0,0.0,0.0,5,0
DB01283,381,0,train,1.0,2.0,0.054589,0.0,0.0961538461538461,0.0,0.46659592,0.7436727,0.6959857,0.1875,0.054589,0.0,0.1923076923076922,0.0,0.93319184,1.4873454,1.3919714,0.375,5,0
DB00524,148,0,train,1.0,2.0,0.022841,0.0,0.0208333333333333,0.0,0.463283,0.5356284,0.5919312,0.2079207920792079,0.022841,0.0,0.0416666666666666,0.0,0.926566,1.0712568,1.1838624,0.4158415841584158,5,0
DB00349,293,0,train,4.0,1.0,0.35799,0.8,0.2,0.0,0.91683006,0.8131273,0.82990366,0.2682926829268293,1.43196,0.8,0.2,0.0,0.91683006,0.8131273,0.82990366,0.2682926829268293,5,0
DB01132,134,0,train,15.0,3.0,0.124385,0.3333333333333333,0.0793650793650793,0.0,0.72499174,0.7684681,0.7964835,0.1775700934579439,1.865775,1.0,0.2380952380952379,0.0,2.17497522,2.3054043,2.3894505,0.5327102803738317,5,0
DB00464,165,0,train,1.0,1.0,0.151379,0.0,0.0,0.0,0.69955766,0.7148489,0.7267792,0.0427350427350427,0.151379,0.0,0.0,0.0,0.69955766,0.7148489,0.7267792,0.0427350427350427,5,0
DB00710,115,0,train,1.0,1.0,0.167559,0.0,0.0,0.0,0.73182076,0.29937822,0.66059184,0.074074074074074,0.167559,0.0,0.0,0.0,0.73182076,0.29937822,0.66059184,0.074074074074074,5,0
DB01104,389,0,train,1.0,4.0,0.219377,0.0,0.2151898734177215,0.0,0.73162544,0.7579783,0.548757,0.1538461538461538,0.219377,0.0,0.860759493670886,0.0,2.92650176,3.0319132,2.195028,0.6153846153846152,5,0
DB00657,96,0,train,1.0,3.0,0.106471,0.0,0.0175438596491228,0.0,0.75947607,0.54351264,0.74589884,0.1234567901234567,0.106471,0.0,0.0526315789473684,0.0,2.27842821,1.63053792,2.23769652,0.3703703703703701,5,0
DB01367,249,0,train,0.0,2.0,0.329053,0.0,0.0,0.0,0.0,0.0,0.0,0.0,0.0,0.0,0.0,0.0,0.0,0.0,0.0,0.0,5,0
DB01210,306,0,train,1.0,3.0,0.216828,0.0,0.0188679245283018,0.0,0.77131087,0.777324,0.59206945,0.1666666666666666,0.216828,0.0,0.0566037735849054,0.0,2.31393261,2.331972,1.77620835,0.4999999999999998,5,0
DB01009,364,0,train,11.0,6.0,0.275556,0.0,0.0925925925925925,0.0,0.7860217,0.90658003,0.89293444,0.3048780487804878,3.0311160000000004,0.0,0.555555555555555,0.0,4.7161302,5.43948018,5.35760664,1.829268292682927,5,0
DB00477,406,0,train,1.0,1.0,0.339094,0.0285714285714285,0.0843373493975903,0.0,0.60189676,0.76850754,0.7301493,0.1612903225806451,0.339094,0.0285714285714285,0.0843373493975903,0.0,0.60189676,0.76850754,0.7301493,0.1612903225806451,5,0
DB01214,196,0,train,12.0,3.0,0.146411,0.0,0.0952380952380952,0.0,0.8722199,0.7689035,0.8251331,0.1545454545454545,1.7569320000000002,0.0,0.2857142857142856,0.0,2.6166597,2.3067105,2.4753993,0.4636363636363635,5,0
DB00424,216,0,train,0.0,8.0,0.219767,0.0,0.0,0.0,0.0,0.0,0.0,0.0,0.0,0.0,0.0,0.0,0.0,0.0,0.0,0.0,5,0
DB00876,352,0,train,3.0,2.0,0.123071,0.0,0.0238095238095238,0.0,0.82314837,0.784994,0.69000334,0.1982758620689655,0.369213,0.0,0.0476190476190476,0.0,1.64629674,1.569988,1.38000668,0.396551724137931,5,0
DB01039,312,0,train,13.0,2.0,0.045867,0.0,0.1509433962264151,0.0,0.7672171,0.76593274,0.74130803,0.2708333333333333,0.596271,0.0,0.3018867924528302,0.0,1.5344342,1.53186548,1.48261606,0.5416666666666666,5,0
DB00691,197,0,train,6.0,2.0,0.259369,0.0,0.0222222222222222,0.0,0.7901075,0.84379095,0.79308957,0.1275167785234899,1.5562140000000002,0.0,0.0444444444444444,0.0,1.580215,1.6875819,1.58617914,0.2550335570469798,5,0
DB01394,49,0,train,5.0,1.0,0.250492,0.0,0.1525423728813559,0.0,0.73591346,0.88560206,0.7878158,0.1709401709401709,1.25246,0.0,0.1525423728813559,0.0,0.73591346,0.88560206,0.7878158,0.1709401709401709,5,0
DB00563,221,0,train,6.0,21.0,0.183309,0.0,0.0689655172413793,0.0,0.75155526,0.84775305,0.8494273,0.2198581560283688,1.099854,0.0,1.4482758620689653,0.0,15.78266046,17.80281405,17.8379733,4.617021276595745,5,0
DB01193,82,0,train,1.0,2.0,0.26937,0.0,0.0303030303030303,0.0,0.76954496,0.8520665,0.76272964,0.1953125,0.26937,0.0,0.0606060606060606,0.0,1.53908992,1.704133,1.52545928,0.390625,5,0
DB01577,18,0,train,14.0,4.0,0.09123,0.0,0.15625,0.0,0.8144378,0.85226375,0.72423184,0.1704545454545454,1.27722,0.0,0.625,0.0,3.2577512,3.409055,2.89692736,0.6818181818181815,5,0
DB00557,387,0,train,4.0,6.0,0.121131,0.0,0.18,0.0,0.882034,0.7111208,0.86396116,0.174757281553398,0.484524,0.0,1.08,0.0,5.292204,4.2667248,5.18376696,1.048543689320388,5,0
DB00445,173,0,train,2.0,1.0,0.111152,0.0,0.0377358490566037,0.0,0.71938956,0.723741,0.6953899,0.1418918918918918,0.222304,0.0,0.0377358490566037,0.0,0.71938956,0.723741,0.6953899,0.1418918918918918,5,0
DB00996,130,0,train,9.0,13.0,0.076499,0.0967741935483871,0.0,0.0,0.7951279,0.80042154,0.7016167,0.1282051282051282,0.688491,1.2580645161290325,0.0,0.0,10.3366627,10.40548002,9.1210171,1.6666666666666663,5,0
DB01086,354,0,train,7.0,1.0,0.0,0.0285714285714285,0.1176470588235294,0.0,0.67856497,0.7388406,0.7458648,0.2272727272727272,0.0,0.0285714285714285,0.1176470588235294,0.0,0.67856497,0.7388406,0.7458648,0.2272727272727272,5,0
DB00334,383,0,train,1.0,3.0,0.299967,0.0,0.0,0.0,0.7246789,0.733185,0.6755888,0.0297029702970297,0.299967,0.0,0.0,0.0,2.1740367000000003,2.199555,2.0267664,0.0891089108910891,5,0
DB00175,146,0,train,8.0,2.0,0.175239,0.0,0.1538461538461538,0.0,0.8448572,0.8291561,0.811626,0.145631067961165,1.401912,0.0,0.3076923076923076,0.0,1.6897144,1.6583122,1.623252,0.29126213592233,5,0
DB00315,126,0,train,1.0,0.0,0.0,0.0714285714285714,0.1818181818181818,0.0,0.785221,0.63151366,0.6432451,0.0923076923076923,0.0,0.0,0.0,0.0,0.0,0.0,0.0,0.0,5,0
DB00218,245,0,train,7.0,1.0,0.025808,0.0,0.0344827586206896,0.0,0.80563265,0.8380007,0.7545762,0.1692307692307692,0.180656,0.0,0.0344827586206896,0.0,0.80563265,0.8380007,0.7545762,0.1692307692307692,5,0
DB00333,323,0,train,1.0,1.0,0.0,0.0,0.0121951219512195,0.0,0.7544625,0.56758004,0.81130284,0.1115702479338843,0.0,0.0,0.0121951219512195,0.0,0.7544625,0.56758004,0.81130284,0.1115702479338843,5,0
DB01045,164,0,train,5.0,1.0,0.0,0.0769230769230769,0.1666666666666666,0.0,0.68711984,0.657042,0.6711832,0.0656565656565656,0.0,0.0769230769230769,0.1666666666666666,0.0,0.68711984,0.657042,0.6711832,0.0656565656565656,5,0
DB00883,71,0,train,2.0,4.0,0.185771,0.0,0.0256410256410256,0.0,0.7929825,0.809676,0.73095685,0.0192307692307692,0.371542,0.0,0.1025641025641024,0.0,3.17193,3.238704,2.9238274,0.0769230769230768,5,0
DB00678,145,0,train,6.0,1.0,0.208465,0.0,0.18,0.0,0.8797202,0.8096627,0.72602904,0.23125,1.25079,0.0,0.18,0.0,0.8797202,0.8096627,0.72602904,0.23125,5,0
DB00367,189,0,train,1.0,2.0,0.133698,0.0,0.0483870967741935,0.0,0.62670505,0.6460754,0.64106286,0.1103896103896103,0.133698,0.0,0.096774193548387,0.0,1.2534101,1.2921508,1.28212572,0.2207792207792206,5,0
DB01129,308,0,train,3.0,3.0,0.079242,0.0,0.1506849315068493,0.0,0.84539187,0.8869022,0.70699954,0.1913043478260869,0.237726,0.0,0.4520547945205479,0.0,2.53617561,2.6607066,2.12099862,0.5739130434782607,5,0
DB00461,136,0,train,13.0,4.0,0.14785,0.0,0.078125,0.0,0.84439033,0.88638294,0.8561291,0.2151898734177215,1.92205,0.0,0.3125,0.0,3.37756132,3.54553176,3.4245164,0.860759493670886,5,0
DB01157,350,0,train,4.0,1.0,0.244632,0.3333333333333333,0.1785714285714285,0.0,0.8462361,0.8611996,0.7465911,0.2028985507246377,0.978528,0.3333333333333333,0.1785714285714285,0.0,0.8462361,0.8611996,0.7465911,0.2028985507246377,5,0
DB01403,223,0,train,1.0,1.0,0.039924,0.0,0.1194029850746268,0.0,0.76402044,0.6567259,0.68447536,0.1809523809523809,0.039924,0.0,0.1194029850746268,0.0,0.76402044,0.6567259,0.68447536,0.1809523809523809,5,0
DB01200,212,0,train,5.0,1.0,0.0,0.0,0.1323529411764706,0.0,0.809841,0.88475746,0.74277985,0.1623376623376623,0.0,0.0,0.1323529411764706,0.0,0.809841,0.88475746,0.74277985,0.1623376623376623,5,0
DB00524,251,0,train,5.0,2.0,0.260579,1.0,0.6296296296296297,0.0,0.9126349,0.9104012,0.7993304,0.4239130434782608,1.302895,2.0,1.2592592592592593,0.0,1.8252698,1.8208024,1.5986608,0.8478260869565216,5,0
DB00716,368,0,train,1.0,2.0,0.07933,0.0,0.0204081632653061,0.0,0.81402314,0.7163723,0.7265823,0.0866141732283464,0.07933,0.0,0.0408163265306122,0.0,1.62804628,1.4327446,1.4531646,0.1732283464566928,5,0
DB00563,302,0,train,2.0,21.0,0.288462,0.0,0.1157894736842105,0.0,0.8079597,0.806375,0.703778,0.180327868852459,0.576924,0.0,2.4315789473684206,0.0,16.967153699999997,16.933875,14.779338,3.786885245901639,5,0
DB00552,106,0,train,5.0,1.0,0.163691,0.0,0.2,0.0,0.79430884,0.7707851,0.77004975,0.1621621621621621,0.818455,0.0,0.2,0.0,0.79430884,0.7707851,0.77004975,0.1621621621621621,5,0
DB01101,198,0,train,1.0,4.0,0.143514,0.0,0.0,0.0,0.67049086,0.61921567,0.69437015,0.0725806451612903,0.143514,0.0,0.0,0.0,2.68196344,2.47686268,2.7774806,0.2903225806451612,5,0
DB01364,72,0,train,2.0,2.0,0.184959,0.0,0.0,0.0,0.71692616,0.744865,0.717365,0.1176470588235294,0.369918,0.0,0.0,0.0,1.43385232,1.48973,1.43473,0.2352941176470588,5,0
DB00687,275,0,train,2.0,2.0,0.076941,0.0,0.025,0.0,0.79780895,0.8199563,0.73374677,0.1214953271028037,0.153882,0.0,0.05,0.0,1.5956179,1.6399126,1.46749354,0.2429906542056074,5,0
DB00535,143,0,train,2.0,1.0,0.0,0.0,0.0606060606060606,0.0,0.66679716,0.7656537,0.61522955,0.1956521739130435,0.0,0.0,0.0606060606060606,0.0,0.66679716,0.7656537,0.61522955,0.1956521739130435,5,0
DB00381,136,0,train,13.0,5.0,0.296833,0.0,0.1428571428571428,0.0,0.7366995,0.8792962,0.8407777,0.1858407079646017,3.858829,0.0,0.714285714285714,0.0,3.6834975,4.396481,4.2038885,0.9292035398230084,5,0
DB00152,10,0,train,6.0,1.0,0.048986,0.0,0.1818181818181818,0.25,0.7097567,0.7996125,0.8449129,0.1325301204819277,0.293916,0.0,0.1818181818181818,0.25,0.7097567,0.7996125,0.8449129,0.1325301204819277,5,0
DB00248,53,0,train,1.0,1.0,0.0,0.0,0.0735294117647058,0.0,0.8552838,0.86139524,0.71099687,0.140495867768595,0.0,0.0,0.0735294117647058,0.0,0.8552838,0.86139524,0.71099687,0.140495867768595,5,0
DB00996,247,0,train,10.0,13.0,0.11132,0.0,0.0461538461538461,0.0,0.8026489,0.7832153,0.8037262,0.1038961038961039,1.1132,0.0,0.5999999999999993,0.0,10.4344357,10.1817989,10.4484406,1.3506493506493509,5,0
DB00282,307,0,train,2.0,8.0,0.196309,0.0,0.0,0.0,0.78852797,0.5834265,0.6251692,0.0263157894736842,0.392618,0.0,0.0,0.0,6.30822376,4.667412,5.0013536,0.2105263157894736,5,0
DB06287,185,0,train,1.0,2.0,0.054864,0.0,0.0638297872340425,0.0,0.7691947,0.7921176,0.0,0.0917030567685589,0.054864,0.0,0.127659574468085,0.0,1.5383894,1.5842352,0.0,0.1834061135371178,5,0
DB00361,196,0,train,12.0,1.0,0.195632,0.0,0.0757575757575757,0.0,0.8258944,0.7859656,0.7480051,0.1565656565656565,2.347584,0.0,0.0757575757575757,0.0,0.8258944,0.7859656,0.7480051,0.1565656565656565,5,0
DB00455,375,0,train,2.0,3.0,0.143301,0.0,0.1168831168831168,0.0,0.78253925,0.60192144,0.6774436,0.1346153846153846,0.286602,0.0,0.3506493506493504,0.0,2.34761775,1.80576432,2.0323308,0.4038461538461538,5,0
DB00908,166,0,train,4.0,2.0,0.068795,0.0,0.0546875,0.0,0.7475201,0.8345057,0.7896038,0.1707317073170731,0.27518,0.0,0.109375,0.0,1.4950402,1.6690114,1.5792076,0.3414634146341462,5,0
DB00152,398,0,train,1.0,1.0,0.156976,0.0,0.0136986301369863,0.0,0.42880443,0.7976144,0.61302245,0.0898876404494382,0.156976,0.0,0.0136986301369863,0.0,0.42880443,0.7976144,0.61302245,0.0898876404494382,5,0
DB01129,198,0,train,1.0,3.0,0.064457,0.0,0.0149253731343283,0.0,0.7632414,0.69875705,0.70729643,0.1416666666666666,0.064457,0.0,0.0447761194029849,0.0,2.2897242,2.09627115,2.12188929,0.4249999999999998,5,0
DB00484,227,0,train,1.0,3.0,0.064297,0.0,0.0294117647058823,0.0,0.80990773,0.75228083,0.72947,0.1274509803921568,0.064297,0.0,0.0882352941176469,0.0,2.4297231900000003,2.25684249,2.18841,0.3823529411764704,5,0
DB00368,329,0,train,3.0,1.0,0.024798,0.0,0.0153846153846153,0.0,0.7361602,0.82752675,0.75689644,0.1067961165048543,0.074394,0.0,0.0153846153846153,0.0,0.7361602,0.82752675,0.75689644,0.1067961165048543,5,0
DB00757,241,0,train,1.0,1.0,0.167471,0.0,0.0638297872340425,0.0,0.75158715,0.84232867,0.6590515,0.1450381679389313,0.167471,0.0,0.0638297872340425,0.0,0.75158715,0.84232867,0.6590515,0.1450381679389313,5,0
DB00749,371,0,train,23.0,5.0,0.079727,0.0,0.050632911392405,0.0,0.8598049,0.8550279,0.8741427,0.16,1.833721,0.0,0.253164556962025,0.0,4.2990245,4.2751395,4.3707135,0.8,5,0
DB00277,228,0,train,7.0,3.0,0.137195,0.0208333333333333,0.1014492753623188,0.0,0.7771587,0.86522996,0.7847082,0.1492537313432835,0.960365,0.0624999999999999,0.3043478260869564,0.0,2.3314761,2.59568988,2.3541246,0.4477611940298505,5,0
DB01136,122,0,train,2.0,2.0,0.189957,0.3157894736842105,0.09375,0.0,0.78796256,0.8855299,0.73117656,0.2719298245614035,0.379914,0.631578947368421,0.1875,0.0,1.57592512,1.7710598,1.46235312,0.543859649122807,5,0
DB00468,296,0,train,1.0,1.0,0.092624,0.0,0.0909090909090909,0.0,0.53766954,0.69353926,0.72236514,0.21875,0.092624,0.0,0.0909090909090909,0.0,0.53766954,0.69353926,0.72236514,0.21875,5,0
DB00939,62,0,train,1.0,3.0,0.350594,0.0,0.1212121212121212,0.0,0.793375,0.6477293,0.47963122,0.0300751879699248,0.350594,0.0,0.3636363636363636,0.0,2.380125,1.9431879,1.4388936600000002,0.0902255639097744,5,0
DB01217,112,0,train,2.0,1.0,0.225137,0.0,0.0,0.0,0.66812336,0.79822516,0.75788057,0.0827067669172932,0.450274,0.0,0.0,0.0,0.66812336,0.79822516,0.75788057,0.0827067669172932,5,0
DB01188,89,0,train,23.0,1.0,0.303154,0.0,0.0303030303030303,0.0,0.84105563,0.8597683,0.81129205,0.2111111111111111,6.972542,0.0,0.0303030303030303,0.0,0.84105563,0.8597683,0.81129205,0.2111111111111111,5,0
DB01262,215,0,train,1.0,2.0,0.225752,0.0,0.0555555555555555,0.0,0.64669895,0.67168003,0.7123807,0.1666666666666666,0.225752,0.0,0.111111111111111,0.0,1.2933979,1.34336006,1.4247614,0.3333333333333332,5,0
DB01070,54,0,train,3.0,7.0,0.156788,0.0,0.0,0.0,0.34016252,0.72605455,0.69610584,0.0693069306930693,0.470364,0.0,0.0,0.0,2.3811376400000004,5.08238185,4.87274088,0.4851485148514851,5,0
DB01231,381,0,train,1.0,2.0,0.443572,0.0,0.0,0.0,0.8024408,0.79575604,0.7800033,0.2586206896551724,0.443572,0.0,0.0,0.0,1.6048816,1.59151208,1.5600066,0.5172413793103448,5,0
DB00604,127,0,train,6.0,2.0,0.055212,0.0277777777777777,0.1226415094339622,0.0,0.74091434,0.64684385,0.7807478,0.1544715447154471,0.331272,0.0555555555555554,0.2452830188679244,0.0,1.48182868,1.2936877,1.5614956,0.3089430894308942,5,0
DB00547,125,0,train,11.0,0.0,0.0,0.0,0.0,0.0,0.8203083,0.82199806,0.7957416,0.1239669421487603,0.0,0.0,0.0,0.0,0.0,0.0,0.0,0.0,5,0
DB00775,215,0,train,1.0,0.0,0.0,0.0,0.0,0.0,0.83873886,0.7499772,0.69916373,0.1061946902654867,0.0,0.0,0.0,0.0,0.0,0.0,0.0,0.0,5,0
DB00768,137,0,train,2.0,3.0,0.063968,0.0,0.0263157894736842,0.0,0.71814954,0.662499,0.6811903,0.0743243243243243,0.127936,0.0,0.0789473684210526,0.0,2.15444862,1.987497,2.0435709,0.2229729729729729,5,0
DB00627,112,0,train,2.0,1.0,0.148572,0.0,0.0232558139534883,0.0,0.6779696,0.8370366,0.75531363,0.101010101010101,0.297144,0.0,0.0232558139534883,0.0,0.6779696,0.8370366,0.75531363,0.101010101010101,5,0
DB01161,336,0,train,1.0,1.0,0.103262,0.0,0.0967741935483871,0.0,0.7211121,0.78513724,0.7750067,0.0857142857142857,0.103262,0.0,0.0967741935483871,0.0,0.7211121,0.78513724,0.7750067,0.0857142857142857,5,0
DB00545,236,0,train,1.0,1.0,0.083211,0.0,0.0153846153846153,0.0,0.8312729,0.71449506,0.7427343,0.1428571428571428,0.083211,0.0,0.0153846153846153,0.0,0.8312729,0.71449506,0.7427343,0.1428571428571428,5,0
DB00675,76,0,train,10.0,2.0,0.076387,0.024390243902439,0.1834862385321101,0.0,0.8148308,0.83239436,0.8292413,0.3271028037383177,0.7638699999999999,0.048780487804878,0.3669724770642202,0.0,1.6296616,1.66478872,1.6584826,0.6542056074766354,5,0
DB00354,187,0,train,1.0,1.0,0.146064,0.0,0.0,0.0,0.60709524,0.78066623,0.7799654,0.1048387096774193,0.146064,0.0,0.0,0.0,0.60709524,0.78066623,0.7799654,0.1048387096774193,5,0
DB01083,305,0,train,2.0,1.0,0.063279,0.0,0.0357142857142857,0.0,0.82324547,0.80618376,0.8009214,0.024,0.126558,0.0,0.0357142857142857,0.0,0.82324547,0.80618376,0.8009214,0.024,5,0
DB00899,288,0,train,1.0,0.0,0.0,0.0,0.0,0.0,0.81603056,0.79807454,0.8371367,0.140625,0.0,0.0,0.0,0.0,0.0,0.0,0.0,0.0,5,0
DB01217,144,0,train,8.0,1.0,0.263675,0.0,0.2884615384615384,0.0,0.8542847,0.89474726,0.75410444,0.1416666666666666,2.1094,0.0,0.2884615384615384,0.0,0.8542847,0.89474726,0.75410444,0.1416666666666666,5,0
DB00987,406,0,train,1.0,8.0,0.089845,0.0,0.0204081632653061,0.0,0.49988896,0.7462236,0.69936085,0.0804597701149425,0.089845,0.0,0.1632653061224488,0.0,3.99911168,5.9697888,5.5948868,0.64367816091954,5,0
DB06718,334,0,train,11.0,1.0,0.106044,0.0,0.0,0.0,0.86724263,0.771422,0.7656041,0.0948275862068965,1.166484,0.0,0.0,0.0,0.86724263,0.771422,0.7656041,0.0948275862068965,5,0
DB00820,288,0,train,1.0,2.0,0.235458,0.0,0.0588235294117647,0.0,0.8700402,0.7660867,0.7322468,0.1151079136690647,0.235458,0.0,0.1176470588235294,0.0,1.7400804,1.5321734,1.4644936,0.2302158273381294,5,0
DB00596,351,0,train,11.0,1.0,0.182106,0.25,0.1111111111111111,0.0,0.8601163,0.858894,0.85325444,0.2222222222222222,2.003166,0.25,0.1111111111111111,0.0,0.8601163,0.858894,0.85325444,0.2222222222222222,5,0
DB00839,160,0,train,2.0,3.0,0.187111,0.0,0.0454545454545454,0.0,0.7408875,0.85492194,0.8046874,0.1547619047619047,0.374222,0.0,0.1363636363636362,0.0,2.2226625,2.56476582,2.4140622,0.4642857142857141,5,0
DB00744,261,0,train,1.0,2.0,0.301909,0.0,0.1707317073170731,0.0,0.81547993,0.83397883,0.7830261,0.1758241758241758,0.301909,0.0,0.3414634146341462,0.0,1.63095986,1.66795766,1.5660522,0.3516483516483516,5,0
DB00852,336,0,train,1.0,7.0,0.086415,0.0,0.02,0.0,0.69349265,0.71791893,0.7155157,0.0888888888888888,0.086415,0.0,0.14,0.0,4.854448550000001,5.02543251,5.0086099,0.6222222222222216,5,0
DB01105,0,0,train,3.0,3.0,0.129261,0.0,0.1538461538461538,0.0,0.69500697,0.81861687,0.82030106,0.13,0.387783,0.0,0.4615384615384614,0.0,2.08502091,2.45585061,2.46090318,0.39,5,0
DB00284,32,0,train,1.0,3.0,0.144589,0.0,0.0256410256410256,0.0,0.7181046,0.585108,0.67504036,0.0205479452054794,0.144589,0.0,0.0769230769230767,0.0,2.1543138,1.755324,2.02512108,0.0616438356164382,5,0
DB00975,369,0,train,6.0,1.0,0.229412,0.0,0.054054054054054,0.0,0.8282281,0.8898503,0.7843731,0.0994152046783625,1.376472,0.0,0.054054054054054,0.0,0.8282281,0.8898503,0.7843731,0.0994152046783625,5,0
DB01118,201,0,train,1.0,1.0,0.033523,0.0,0.0454545454545454,0.0,0.66381496,0.830769,0.58811605,0.1652173913043478,0.033523,0.0,0.0454545454545454,0.0,0.66381496,0.830769,0.58811605,0.1652173913043478,5,0
DB00363,106,0,train,5.0,0.0,0.0,0.0,0.0952380952380952,0.0,0.7064231,0.772184,0.77908844,0.1205673758865248,0.0,0.0,0.0,0.0,0.0,0.0,0.0,0.0,5,0
DB01084,334,0,train,11.0,4.0,0.143666,0.0,0.16,0.0,0.86712146,0.8703528,0.7448243,0.1495327102803738,1.580326,0.0,0.64,0.0,3.46848584,3.4814112,2.9792972,0.5981308411214952,5,0
DB00328,272,0,train,5.0,11.0,0.389898,0.0,0.1466666666666666,0.0,0.7969774,0.75737673,0.6877784,0.1560975609756097,1.94949,0.0,1.6133333333333328,0.0,8.766751399999999,8.33114403,7.5655624,1.7170731707317066,5,0
DB01002,361,0,train,3.0,1.0,0.049359,0.0,0.1304347826086956,0.0,0.7909163,0.7769866,0.56105196,0.1188118811881188,0.148077,0.0,0.1304347826086956,0.0,0.7909163,0.7769866,0.56105196,0.1188118811881188,5,0
DB00191,145,0,train,6.0,3.0,0.115215,0.0,0.0652173913043478,0.0,0.6879424,0.8348149,0.71638715,0.1570247933884297,0.69129,0.0,0.1956521739130434,0.0,2.0638272,2.5044447,2.14916145,0.4710743801652891,5,0
DB01356,146,0,train,8.0,1.0,0.105111,0.0,0.0294117647058823,0.0,0.6877121,0.69245225,0.690383,0.0,0.840888,0.0,0.0294117647058823,0.0,0.6877121,0.69245225,0.690383,0.0,5,0
DB00860,381,0,train,1.0,14.0,0.202684,0.0,0.0833333333333333,0.0,0.72526675,0.6872004,0.7700024,0.1037037037037037,0.202684,0.0,1.1666666666666663,0.0,10.1537345,9.6208056,10.7800336,1.4518518518518515,5,0
DB00571,18,0,train,14.0,7.0,0.162711,0.0,0.1641791044776119,0.0,0.8079639,0.8364422,0.8102828,0.2233009708737864,2.277954,0.0,1.1492537313432831,0.0,5.6557473,5.8550954,5.6719796,1.5631067961165048,5,0
DB00540,301,0,train,4.0,3.0,0.157893,0.0,0.0568181818181818,0.0,0.7077965,0.6252534,0.68983227,0.0873015873015873,0.631572,0.0,0.1704545454545454,0.0,2.1233895,1.8757602,2.06949681,0.2619047619047618,5,0
DB00334,190,0,train,5.0,3.0,0.113601,0.0,0.11,0.0,0.6903589,0.80477536,0.6741632,0.2,0.568005,0.0,0.33,0.0,2.0710767,2.4143260800000004,2.0224896,0.6000000000000001,5,0
DB00721,233,0,train,1.0,1.0,0.066782,0.0,0.0,0.0,0.6392542,0.61780494,0.705366,0.0707070707070707,0.066782,0.0,0.0,0.0,0.6392542,0.61780494,0.705366,0.0707070707070707,5,0
DB00750,398,0,train,1.0,1.0,0.135802,0.0,0.056338028169014,0.0,0.43562418,0.84568965,0.5431255,0.2133333333333333,0.135802,0.0,0.056338028169014,0.0,0.43562418,0.84568965,0.5431255,0.2133333333333333,5,0
DB01356,309,0,train,10.0,1.0,0.28787,0.0,0.1132075471698113,0.0,0.8456592,0.7934607,0.69418645,0.0,2.8787000000000003,0.0,0.1132075471698113,0.0,0.8456592,0.7934607,0.69418645,0.0,5,0
DB00213,185,0,train,1.0,3.0,0.08506,0.0,0.0465116279069767,0.0,0.7404254,0.7068212,0.7127574,0.0775862068965517,0.08506,0.0,0.1395348837209301,0.0,2.2212762,2.1204636,2.1382722,0.232758620689655,5,0
DB01181,30,0,train,1.0,5.0,0.115332,0.0,0.0,0.0,0.5487936,0.61107475,0.568501,0.0549450549450549,0.115332,0.0,0.0,0.0,2.743968,3.05537375,2.842505,0.2747252747252745,5,0
DB00341,345,0,train,6.0,3.0,0.106699,0.0,0.0851063829787234,0.0,0.7843617,0.7416749,0.8067361,0.2463768115942029,0.640194,0.0,0.2553191489361702,0.0,2.3530851000000004,2.2250247,2.4202083,0.7391304347826088,5,0
DB01067,182,0,train,6.0,3.0,0.06529,0.0,0.1176470588235294,0.0,0.749498,0.67924863,0.7583157,0.2622950819672131,0.39174,0.0,0.3529411764705882,0.0,2.248494,2.03774589,2.2749471000000003,0.7868852459016392,5,0
DB00216,60,0,train,1.0,4.0,0.053175,0.0,0.0,0.0,0.75895125,0.68327713,0.80193824,0.0693069306930693,0.053175,0.0,0.0,0.0,3.035805,2.73310852,3.20775296,0.2772277227722772,5,0
DB00497,86,0,train,1.0,1.0,0.0,0.0,0.0666666666666666,0.0,0.73163986,0.7381164,0.62456685,0.1071428571428571,0.0,0.0,0.0666666666666666,0.0,0.73163986,0.7381164,0.62456685,0.1071428571428571,5,0
DB06196,238,0,train,1.0,0.0,0.0,0.0,0.0,0.0,0.73798627,0.6905359,0.65990216,0.056338028169014,0.0,0.0,0.0,0.0,0.0,0.0,0.0,0.0,5,0
DB00748,24,0,train,17.0,4.0,0.220448,0.0,0.0588235294117647,0.0,0.75270915,0.82331157,0.8224314,0.3018867924528302,3.747616,0.0,0.2352941176470588,0.0,3.0108366,3.29324628,3.2897256,1.2075471698113207,5,0
DB00903,0,0,train,3.0,5.0,0.222803,0.0,0.0204081632653061,0.0,0.790312,0.7929291,0.7682696,0.1686746987951807,0.668409,0.0,0.1020408163265305,0.0,3.95156,3.964645500000001,3.841348,0.8433734939759036,5,0
DB00999,343,0,train,0.0,6.0,0.128926,0.0,0.0,0.0,0.0,0.0,0.0,0.0,0.0,0.0,0.0,0.0,0.0,0.0,0.0,0.0,5,0
DB04844,269,0,train,5.0,1.0,0.075263,0.0,0.0638297872340425,0.0,0.86536676,0.8426004,0.6047357,0.1729323308270676,0.3763149999999999,0.0,0.0638297872340425,0.0,0.86536676,0.8426004,0.6047357,0.1729323308270676,5,0
DB01042,146,0,train,8.0,3.0,0.110584,0.0,0.0769230769230769,0.0,0.8140962,0.7650609,0.77533317,0.1517857142857142,0.884672,0.0,0.2307692307692307,0.0,2.4422886000000004,2.2951827,2.32599951,0.4553571428571425,5,0
DB00820,134,0,train,15.0,2.0,0.033813,0.0,0.1346153846153846,0.0,0.8371579,0.869975,0.7465603,0.2303030303030303,0.5071950000000001,0.0,0.2692307692307692,0.0,1.6743158,1.73995,1.4931206,0.4606060606060606,5,0
DB00550,159,0,train,1.0,1.0,0.0,0.0,0.0,0.0,0.82127804,0.8289877,0.6530881,0.0769230769230769,0.0,0.0,0.0,0.0,0.82127804,0.8289877,0.6530881,0.0769230769230769,5,0
DB00717,91,0,train,1.0,5.0,0.340942,0.0,0.0895522388059701,0.0,0.7213284,0.70891476,0.75366825,0.0416666666666666,0.340942,0.0,0.4477611940298505,0.0,3.606642,3.5445738,3.76834125,0.208333333333333,5,0
DB00181,320,0,train,1.0,6.0,0.11739,0.0,0.0612244897959183,0.0,0.8291737,0.8672098,0.71162474,0.1101694915254237,0.11739,0.0,0.3673469387755098,0.0,4.9750422,5.2032588,4.26974844,0.6610169491525422,5,0
DB00847,345,0,train,6.0,2.0,0.250502,0.0,0.0212765957446808,0.0,0.68077034,0.7504623,0.78672075,0.0198019801980198,1.503012,0.0,0.0425531914893616,0.0,1.36154068,1.5009246,1.5734415,0.0396039603960396,5,0
DB00500,171,0,train,1.0,4.0,0.186386,0.0,0.02,0.0,0.63976705,0.35593778,0.7205852,0.1077586206896551,0.186386,0.0,0.08,0.0,2.5590682,1.42375112,2.8823408,0.4310344827586204,5,0
DB00696,188,0,train,12.0,2.0,0.204101,0.0,0.1492537313432835,0.0,0.8631267,0.8653898,0.8219211,0.1890547263681592,2.449212,0.0,0.298507462686567,0.0,1.7262534,1.7307796,1.6438422,0.3781094527363184,5,0
DB00523,366,0,train,1.0,0.0,0.0,0.0,0.0192307692307692,0.0,0.8137175,0.68873113,0.7450386,0.0598290598290598,0.0,0.0,0.0,0.0,0.0,0.0,0.0,0.0,5,0
DB01137,93,0,train,4.0,1.0,0.210678,0.0,0.0298507462686567,0.0,0.7851851,0.75322825,0.70883584,0.0869565217391304,0.842712,0.0,0.0298507462686567,0.0,0.7851851,0.75322825,0.70883584,0.0869565217391304,5,0
DB00227,9,0,train,8.0,2.0,0.256859,0.027027027027027,0.1666666666666666,0.0,0.778481,0.75223374,0.8167787,0.1570247933884297,2.054872,0.054054054054054,0.3333333333333332,0.0,1.556962,1.50446748,1.6335574,0.3140495867768594,5,0
DB00686,165,0,train,1.0,0.0,0.0,0.0,0.0,0.0,0.8112525,0.7834134,0.6299831,0.0657894736842105,0.0,0.0,0.0,0.0,0.0,0.0,0.0,0.0,5,0
DB01228,336,0,train,1.0,1.0,0.0,0.0,0.0,0.0,0.60524184,0.8142656,0.7514999,0.1570247933884297,0.0,0.0,0.0,0.0,0.60524184,0.8142656,0.7514999,0.1570247933884297,5,0
DB00651,176,0,train,1.0,3.0,0.148852,0.0,0.0,0.0,0.5964738,0.68944395,0.70240885,0.08,0.148852,0.0,0.0,0.0,1.7894214000000002,2.06833185,2.10722655,0.24,5,0
DB00715,48,0,train,7.0,3.0,0.0,0.0,0.0833333333333333,0.0,0.86812246,0.8377726,0.7931183,0.146551724137931,0.0,0.0,0.2499999999999999,0.0,2.60436738,2.5133178,2.3793549,0.439655172413793,5,0
DB00721,183,0,train,28.0,1.0,0.052483,0.025,0.0769230769230769,0.0,0.76883656,0.826023,0.8556914,0.1818181818181818,1.469524,0.025,0.0769230769230769,0.0,0.76883656,0.826023,0.8556914,0.1818181818181818,5,0
DB00433,193,0,train,0.0,5.0,0.090652,0.0,0.0,0.0,0.0,0.0,0.0,0.0,0.0,0.0,0.0,0.0,0.0,0.0,0.0,0.0,5,0
DB01143,55,0,train,4.0,1.0,0.048737,0.0,0.0,0.0,0.7881369,0.8058224,0.78889006,0.0388349514563106,0.194948,0.0,0.0,0.0,0.7881369,0.8058224,0.78889006,0.0388349514563106,5,0
DB00380,101,0,train,1.0,5.0,0.104777,0.0,0.0377358490566037,0.0,0.86646694,0.79973125,0.65932184,0.0796019900497512,0.104777,0.0,0.1886792452830185,0.0,4.3323347000000005,3.99865625,3.2966092,0.398009950248756,5,0
DB00642,201,0,train,1.0,0.0,0.0,0.0,0.0246913580246913,0.0,0.5490558,0.76393104,0.5807733,0.1565217391304348,0.0,0.0,0.0,0.0,0.0,0.0,0.0,0.0,5,0
DB01137,107,0,train,8.0,1.0,0.143846,0.0,0.1698113207547169,0.0,0.8494969,0.78354514,0.81633145,0.1532258064516129,1.150768,0.0,0.1698113207547169,0.0,0.8494969,0.78354514,0.81633145,0.1532258064516129,5,0
DB01144,327,0,train,0.0,1.0,0.164746,0.0,0.0,0.0,0.0,0.0,0.0,0.0,0.0,0.0,0.0,0.0,0.0,0.0,0.0,0.0,5,0
DB00323,313,0,train,5.0,8.0,0.250014,0.0,0.1111111111111111,0.0,0.82474285,0.8701956,0.7155652,0.2134831460674157,1.25007,0.0,0.8888888888888888,0.0,6.5979428,6.9615648,5.7245216,1.7078651685393256,5,0
DB01259,340,0,train,1.0,2.0,0.125952,0.0,0.2,0.0,0.68058646,0.7123621,0.6678652,0.2065727699530516,0.125952,0.0,0.4,0.0,1.36117292,1.4247242,1.3357304,0.4131455399061032,5,0
DB00912,160,0,train,2.0,3.0,0.187111,0.0,0.0714285714285714,0.0,0.71235406,0.68516284,0.72160923,0.1782945736434108,0.374222,0.0,0.2142857142857142,0.0,2.13706218,2.05548852,2.16482769,0.5348837209302324,5,0
DB00455,63,0,train,1.0,3.0,0.08549,0.0,0.125,0.0,0.81201375,0.7078081,0.78000814,0.1550387596899224,0.08549,0.0,0.375,0.0,2.43604125,2.1234243,2.34002442,0.4651162790697671,5,0
DB00780,210,0,train,3.0,1.0,0.0,0.0,0.2698412698412698,0.0,0.87438285,0.89087135,0.8248295,0.1590909090909091,0.0,0.0,0.2698412698412698,0.0,0.87438285,0.89087135,0.8248295,0.1590909090909091,5,0
DB00947,233,0,train,1.0,0.0,0.0,0.0,0.0862068965517241,0.0,0.7955457,0.7652557,0.4455794,0.0679012345679012,0.0,0.0,0.0,0.0,0.0,0.0,0.0,0.0,5,0
DB00427,254,0,train,0.0,5.0,0.187274,0.0,0.0,0.0,0.0,0.0,0.0,0.0,0.0,0.0,0.0,0.0,0.0,0.0,0.0,0.0,5,0
DB00883,366,0,train,1.0,4.0,0.054152,0.0,0.0,0.0,0.67095613,0.7093936,0.5973829,0.0186915887850467,0.054152,0.0,0.0,0.0,2.68382452,2.8375744,2.3895316,0.0747663551401868,5,0
DB00783,327,0,train,0.0,4.0,0.193572,0.0,0.0,0.0,0.0,0.0,0.0,0.0,0.0,0.0,0.0,0.0,0.0,0.0,0.0,0.0,5,0
DB00672,50,0,train,1.0,4.0,0.069849,0.0,0.072463768115942,0.0,0.63793284,0.73674214,0.6390525,0.1240875912408759,0.069849,0.0,0.289855072463768,0.0,2.55173136,2.94696856,2.55621,0.4963503649635036,5,0
DB01237,81,0,train,4.0,1.0,0.070511,0.0294117647058823,0.027027027027027,0.0,0.82784945,0.8459683,0.8899733,0.3409090909090909,0.282044,0.0294117647058823,0.027027027027027,0.0,0.82784945,0.8459683,0.8899733,0.3409090909090909,5,0
DB01181,217,0,train,1.0,5.0,0.157251,0.0,0.0,0.0,0.65644556,0.76054895,0.7908621,0.0972222222222222,0.157251,0.0,0.0,0.0,3.2822278,3.80274475,3.9543105,0.486111111111111,5,0
DB00591,319,0,train,2.0,0.0,0.0,0.0,0.0566037735849056,0.0,0.7872186,0.76362145,0.8134656,0.07380073800738,0.0,0.0,0.0,0.0,0.0,0.0,0.0,0.0,5,0
DB00368,199,0,train,13.0,1.0,0.112151,0.06,0.0441176470588235,0.0,0.8382743,0.839755,0.79873574,0.1639344262295081,1.457963,0.06,0.0441176470588235,0.0,0.8382743,0.839755,0.79873574,0.1639344262295081,5,0
DB06718,276,0,train,0.0,1.0,0.04618,0.0,0.0,0.0,0.0,0.0,0.0,0.0,0.0,0.0,0.0,0.0,0.0,0.0,0.0,0.0,5,0
DB00642,255,0,train,3.0,0.0,0.0,0.0,0.2727272727272727,0.0,0.75970185,0.8864504,0.80571085,0.125,0.0,0.0,0.0,0.0,0.0,0.0,0.0,0.0,5,0
DB01364,25,0,train,4.0,2.0,0.199022,0.0,0.0133333333333333,0.0,0.84787214,0.8338043,0.6792139,0.1071428571428571,0.796088,0.0,0.0266666666666666,0.0,1.69574428,1.6676086,1.3584278,0.2142857142857142,5,0
DB00555,310,0,train,4.0,3.0,0.0,0.0149253731343283,0.032258064516129,0.0,0.7870579,0.7292756,0.72728384,0.0252100840336134,0.0,0.0447761194029849,0.0967741935483869,0.0,2.3611737,2.1878268,2.18185152,0.0756302521008402,5,0
DB00181,24,0,train,17.0,6.0,0.286105,0.0,0.0769230769230769,0.0,0.7748976,0.81027246,0.81222135,0.1834862385321101,4.863785,0.0,0.4615384615384614,0.0,4.6493856,4.861634759999999,4.8733281,1.1009174311926606,5,0
DB01197,93,0,train,4.0,5.0,0.551875,0.0,0.0,0.0,0.8452401,0.7462626,0.7583722,0.1057692307692307,2.2075,0.0,0.0,0.0,4.2262005,3.731313,3.791861,0.5288461538461535,5,0
DB00489,278,0,train,4.0,2.0,0.175708,0.6666666666666666,0.4166666666666667,0.0,0.8420913,0.85601026,0.8025989,0.1910112359550561,0.702832,1.3333333333333333,0.8333333333333334,0.0,1.6841826,1.71202052,1.6051978,0.3820224719101122,5,0
DB01255,223,0,train,1.0,1.0,0.0,0.0,0.0454545454545454,0.0,0.7472253,0.6276245,0.65556043,0.1666666666666666,0.0,0.0,0.0454545454545454,0.0,0.7472253,0.6276245,0.65556043,0.1666666666666666,5,0
DB00337,196,0,train,12.0,4.0,0.118662,0.0,0.1052631578947368,0.0,0.7240553,0.8470322,0.76441455,0.1407035175879397,1.423944,0.0,0.4210526315789472,0.0,2.8962212,3.3881288,3.0576582,0.5628140703517588,5,0
DB00748,119,0,train,3.0,4.0,0.100094,0.0,0.0384615384615384,0.0,0.7756897,0.8288667,0.77291423,0.1785714285714285,0.300282,0.0,0.1538461538461536,0.0,3.1027588,3.3154668,3.09165692,0.714285714285714,5,0
DB00221,405,0,train,55.0,3.0,0.175129,1.0,0.1632653061224489,0.0,0.85113144,0.84922415,0.82042664,0.2584269662921348,9.632095,3.0,0.4897959183673467,0.0,2.55339432,2.54767245,2.46127992,0.7752808988764044,5,0
DB00357,122,0,train,2.0,1.0,0.062313,0.0,0.0217391304347826,0.0,0.82325494,0.8476093,0.7149653,0.1428571428571428,0.124626,0.0,0.0217391304347826,0.0,0.82325494,0.8476093,0.7149653,0.1428571428571428,5,0
DB00297,32,0,train,1.0,1.0,0.129394,0.0,0.0869565217391304,0.0,0.43516603,0.7839914,0.5487536,0.0581395348837209,0.129394,0.0,0.0869565217391304,0.0,0.43516603,0.7839914,0.5487536,0.0581395348837209,5,0
DB00521,15,0,train,0.0,2.0,0.154377,0.0,0.0,0.0,0.0,0.0,0.0,0.0,0.0,0.0,0.0,0.0,0.0,0.0,0.0,0.0,5,0
DB00537,293,0,train,4.0,3.0,0.174015,0.0,0.0416666666666666,0.0,0.6577519,0.63352346,0.6984475,0.125,0.69606,0.0,0.1249999999999998,0.0,1.9732557,1.90057038,2.0953425,0.375,5,0
DB01148,208,0,train,11.0,3.0,0.323587,0.0,0.0327868852459016,0.0,0.75638556,0.8227929,0.79120564,0.1830985915492957,3.559457,0.0,0.0983606557377048,0.0,2.26915668,2.4683787,2.37361692,0.549295774647887,5,0
DB01041,395,0,train,0.0,2.0,0.159798,0.0,0.0,0.0,0.0,0.0,0.0,0.0,0.0,0.0,0.0,0.0,0.0,0.0,0.0,0.0,5,0
DB01196,318,0,train,13.0,2.0,0.095255,0.0,0.0857142857142857,0.0,0.76633036,0.75375545,0.6819732,0.1774193548387097,1.238315,0.0,0.1714285714285714,0.0,1.53266072,1.5075109,1.3639464,0.3548387096774194,5,0
DB00990,391,0,train,4.0,1.0,0.117208,0.0,0.1111111111111111,0.0,0.70088094,0.66873986,0.78262866,0.1735537190082644,0.468832,0.0,0.1111111111111111,0.0,0.70088094,0.66873986,0.78262866,0.1735537190082644,5,0
DB00661,145,0,train,6.0,7.0,0.177248,0.0,0.2027027027027027,0.0,0.69574904,0.7902625,0.7189816,0.2035928143712574,1.063488,0.0,1.4189189189189189,0.0,4.87024328,5.5318375,5.0328712,1.425149700598802,5,0
DB00669,335,0,train,3.0,3.0,0.054391,0.0,0.0694444444444444,0.0,0.80247587,0.8124396,0.8079983,0.2,0.163173,0.0,0.2083333333333332,0.0,2.40742761,2.4373188,2.4239949,0.6000000000000001,5,0
DB01224,120,0,train,3.0,1.0,0.061292,0.1724137931034483,0.2207792207792207,0.0,0.8377101,0.8002426,0.79071194,0.3173076923076923,0.1838759999999999,0.1724137931034483,0.2207792207792207,0.0,0.8377101,0.8002426,0.79071194,0.3173076923076923,5,0
DB01148,205,0,train,1.0,3.0,0.145293,0.0,0.0,0.0,0.7147773,0.7724897,0.73679113,0.0396039603960396,0.145293,0.0,0.0,0.0,2.1443319,2.3174691,2.21037339,0.1188118811881187,5,0
DB01005,406,0,train,1.0,5.0,0.2157,0.0,0.0,0.0,0.5461072,0.73290527,0.43528813,0.0727272727272727,0.2157,0.0,0.0,0.0,2.730536,3.66452635,2.17644065,0.3636363636363635,5,0
DB01125,347,0,train,33.0,0.0,0.0,0.0,0.0588235294117647,0.0,0.8196245,0.8685379,0.8768467,0.2934782608695652,0.0,0.0,0.0,0.0,0.0,0.0,0.0,0.0,5,0
DB01394,170,0,train,2.0,1.0,0.152404,0.0,0.0392156862745098,0.0,0.80284166,0.7503671,0.7059674,0.2,0.304808,0.0,0.0392156862745098,0.0,0.80284166,0.7503671,0.7059674,0.2,5,0
DB00460,20,0,train,5.0,2.0,0.070312,0.0,0.0545454545454545,0.0,0.858562,0.6782293,0.80979776,0.167487684729064,0.35156,0.0,0.109090909090909,0.0,1.717124,1.3564586,1.61959552,0.334975369458128,5,0
DB00734,79,0,train,3.0,5.0,0.26772,0.0,0.1038961038961039,0.0,0.65571934,0.7564524,0.8462266,0.1466666666666666,0.8031600000000001,0.0,0.5194805194805195,0.0,3.2785967,3.782262,4.231133,0.7333333333333331,5,0
DB00859,5,0,train,2.0,1.0,0.294209,0.0,0.032258064516129,0.0,0.8852499,0.72841203,0.79678005,0.0697674418604651,0.588418,0.0,0.032258064516129,0.0,0.8852499,0.72841203,0.79678005,0.0697674418604651,5,0
DB00264,336,0,train,1.0,5.0,0.121142,0.0,0.0204081632653061,0.0,0.7918062,0.7002375,0.69557047,0.0925925925925925,0.121142,0.0,0.1020408163265305,0.0,3.959031,3.5011875,3.47785235,0.4629629629629625,5,0
DB00783,84,0,train,3.0,4.0,0.174054,0.1111111111111111,0.0816326530612244,0.0,0.72300434,0.6573303,0.79435825,0.1170212765957446,0.522162,0.4444444444444444,0.3265306122448976,0.0,2.89201736,2.6293212,3.177433,0.4680851063829784,5,0
DB00284,105,0,train,4.0,3.0,0.107694,0.0,0.0294117647058823,0.0,0.715854,0.7597546,0.7492746,0.131578947368421,0.430776,0.0,0.0882352941176469,0.0,2.147562,2.2792638,2.2478238,0.3947368421052629,5,0
DB00865,42,0,train,1.0,2.0,0.157393,0.0,0.0,0.0,0.57490677,0.760394,0.8190595,0.200956937799043,0.157393,0.0,0.0,0.0,1.14981354,1.520788,1.638119,0.401913875598086,5,0
DB00508,206,0,train,1.0,2.0,0.090739,0.0,0.0,0.0,0.48860565,0.7108108,0.49906152,0.0425531914893617,0.090739,0.0,0.0,0.0,0.9772113,1.4216216,0.99812304,0.0851063829787234,5,0
DB08907,193,0,train,0.0,7.0,0.064549,0.0,0.0,0.0,0.0,0.0,0.0,0.0,0.0,0.0,0.0,0.0,0.0,0.0,0.0,0.0,5,0
DB01002,297,0,train,6.0,1.0,0.077853,0.0,0.1666666666666666,0.0,0.6656878,0.7849479,0.6080135,0.1647058823529411,0.467118,0.0,0.1666666666666666,0.0,0.6656878,0.7849479,0.6080135,0.1647058823529411,5,0
DB00337,154,0,train,1.0,4.0,0.108133,0.0,0.081967213114754,0.0,0.670753,0.77642465,0.69587725,0.1435897435897435,0.108133,0.0,0.327868852459016,0.0,2.683012,3.1056986,2.783509,0.574358974358974,5,0
DB00977,199,0,train,13.0,5.0,0.212892,0.3333333333333333,0.2625,0.0,0.8026647,0.8081486,0.8295013,0.26,2.767596,1.6666666666666663,1.3125,0.0,4.0133235,4.040743,4.1475065,1.3,5,0
DB00277,394,0,train,2.0,3.0,0.229512,0.0,0.1379310344827586,0.0,0.763404,0.83577466,0.7878127,0.0909090909090909,0.459024,0.0,0.4137931034482758,0.0,2.290212,2.50732398,2.3634381,0.2727272727272727,5,0
DB00972,127,0,train,6.0,4.0,0.125191,0.0,0.2112676056338028,0.0,0.8539026,0.73444486,0.6860222,0.217391304347826,0.751146,0.0,0.8450704225352113,0.0,3.4156104,2.93777944,2.7440888,0.869565217391304,5,0
DB01216,170,0,train,2.0,5.0,0.252464,0.0,0.0263157894736842,0.0,0.7465122,0.6145957,0.66184413,0.0707964601769911,0.504928,0.0,0.131578947368421,0.0,3.732561,3.0729785,3.30922065,0.3539823008849554,5,0
DB00696,120,0,train,3.0,2.0,0.118427,0.0618556701030927,0.1363636363636363,0.0,0.8269245,0.88196397,0.8299717,0.1847133757961783,0.355281,0.1237113402061854,0.2727272727272726,0.0,1.653849,1.76392794,1.6599434,0.3694267515923566,5,0
DB00180,242,0,train,0.0,2.0,0.15352,0.0,0.0,0.0,0.0,0.0,0.0,0.0,0.0,0.0,0.0,0.0,0.0,0.0,0.0,0.0,5,0
DB01063,240,0,train,1.0,1.0,0.01857,0.0,0.04,0.0,0.5664073,0.6827332,0.6724355,0.0106382978723404,0.01857,0.0,0.04,0.0,0.5664073,0.6827332,0.6724355,0.0106382978723404,5,0
DB00588,114,0,train,3.0,4.0,0.097569,0.0,0.1774193548387097,0.0,0.861905,0.7158587,0.7900132,0.1809523809523809,0.292707,0.0,0.7096774193548387,0.0,3.44762,2.8634348,3.1600528,0.7238095238095236,5,0
DB00313,66,0,train,1.0,8.0,0.252112,0.0,0.1413043478260869,0.0,0.67715627,0.49529022,0.5824528,0.0576923076923076,0.252112,0.0,1.1304347826086951,0.0,5.41725016,3.96232176,4.6596224,0.4615384615384608,5,0
DB01235,168,0,train,6.0,9.0,0.095142,0.0,0.0175438596491228,0.0,0.8376386,0.7733309,0.7601726,0.1379310344827586,0.570852,0.0,0.1578947368421052,0.0,7.5387474,6.959978100000001,6.8415534,1.2413793103448274,5,0
DB00502,344,0,train,10.0,3.0,0.362894,0.4347826086956521,0.2266666666666666,0.0,0.8309968,0.91048443,0.8493692,0.1962616822429906,3.62894,1.3043478260869563,0.6799999999999998,0.0,2.4929904,2.73145329,2.5481076000000003,0.5887850467289718,5,0
DB00888,353,0,train,2.0,2.0,0.0,0.0,0.0,0.0,0.793959,0.62113374,0.6925121,0.0476190476190476,0.0,0.0,0.0,0.0,1.587918,1.24226748,1.3850242,0.0952380952380952,5,0
DB00271,333,0,train,1.0,3.0,0.067882,0.0,0.027027027027027,0.0,0.5111224,0.65062183,0.66557634,0.0615384615384615,0.067882,0.0,0.081081081081081,0.0,1.5333671999999998,1.95186549,1.99672902,0.1846153846153845,5,0
DB01156,374,0,train,1.0,1.0,0.214343,0.0,0.0961538461538461,0.0,0.7235383,0.7955057,0.511698,0.2,0.214343,0.0,0.0961538461538461,0.0,0.7235383,0.7955057,0.511698,0.2,5,0
DB00859,23,0,train,0.0,1.0,0.14121,0.0,0.0,0.0,0.0,0.0,0.0,0.0,0.0,0.0,0.0,0.0,0.0,0.0,0.0,0.0,5,0
DB00284,289,0,train,8.0,3.0,0.084309,0.0,0.0857142857142857,0.0,0.72769046,0.73107547,0.73958296,0.06875,0.674472,0.0,0.2571428571428571,0.0,2.1830713800000003,2.19322641,2.21874888,0.20625,5,0
DB00973,91,0,train,1.0,2.0,0.496023,0.0,0.2291666666666666,0.0,0.84897983,0.8329826,0.9158138,0.184931506849315,0.496023,0.0,0.4583333333333332,0.0,1.69795966,1.6659652,1.8316276,0.36986301369863,5,0
DB00444,198,0,train,1.0,6.0,0.02055,0.0,0.0,0.0,0.7128461,0.64090383,0.6884641,0.0944444444444444,0.02055,0.0,0.0,0.0,4.2770766,3.84542298,4.1307846,0.5666666666666664,5,0
DB02546,336,0,train,1.0,1.0,0.036896,0.0,0.0,0.0,0.75613517,0.64308715,0.0,0.091743119266055,0.036896,0.0,0.0,0.0,0.75613517,0.64308715,0.0,0.091743119266055,5,0
DB01196,90,0,train,1.0,2.0,0.205188,0.0,0.0,0.0,0.7093942,0.64156544,0.6609229,0.072992700729927,0.205188,0.0,0.0,0.0,1.4187884,1.28313088,1.3218458,0.145985401459854,5,0
DB01210,325,0,train,5.0,3.0,0.098927,0.0,0.2068965517241379,0.0,0.8460227,0.8187766,0.8102892,0.1666666666666666,0.494635,0.0,0.6206896551724137,0.0,2.5380681000000003,2.4563298,2.4308676,0.4999999999999998,5,0
DB01221,333,0,train,1.0,1.0,0.0,0.0,0.0784313725490196,0.0,0.7050967,0.5678424,0.6937889,0.081967213114754,0.0,0.0,0.0784313725490196,0.0,0.7050967,0.5678424,0.6937889,0.081967213114754,5,0
DB01125,5,0,train,2.0,0.0,0.0,0.0,0.0,0.0,0.72405577,0.81343794,0.757422,0.1061946902654867,0.0,0.0,0.0,0.0,0.0,0.0,0.0,0.0,5,0
DB01006,404,0,train,5.0,1.0,0.11172,0.0,0.0694444444444444,0.0,0.7058576,0.7671652,0.77308387,0.1428571428571428,0.5586,0.0,0.0694444444444444,0.0,0.7058576,0.7671652,0.77308387,0.1428571428571428,5,0
DB00869,83,0,train,3.0,3.0,0.219684,0.0,0.0350877192982456,0.0,0.7872255,0.6413704,0.82748175,0.1186440677966101,0.659052,0.0,0.1052631578947368,0.0,2.3616765,1.9241112,2.48244525,0.3559322033898303,5,0
DB00335,370,0,train,13.0,0.0,0.0,0.0,0.0784313725490196,0.0,0.80583405,0.8665554,0.8240231,0.2195121951219512,0.0,0.0,0.0,0.0,0.0,0.0,0.0,0.0,5,0
DB08803,268,0,train,4.0,3.0,0.142582,0.0,0.0,0.0,0.4948515,0.7081554,0.6347078,0.1052631578947368,0.570328,0.0,0.0,0.0,1.4845545,2.1244662,1.9041234,0.3157894736842104,5,0
DB00497,204,0,train,1.0,1.0,0.071411,0.0,0.0,0.0,0.7411781,0.70782226,0.7410283,0.0,0.071411,0.0,0.0,0.0,0.7411781,0.70782226,0.7410283,0.0,5,0
DB00573,44,0,train,8.0,4.0,0.269215,0.0,0.0909090909090909,0.0,0.79548395,0.844728,0.8312106,0.3636363636363636,2.15372,0.0,0.3636363636363636,0.0,3.1819358,3.378912,3.3248424,1.4545454545454544,5,0
DB00193,82,0,train,1.0,5.0,0.021978,0.0,0.0434782608695652,0.0,0.7509671,0.771388,0.789477,0.119047619047619,0.021978,0.0,0.217391304347826,0.0,3.7548355,3.85694,3.947385,0.595238095238095,5,0
DB00177,137,0,train,2.0,1.0,0.074246,0.0,0.0,0.0,0.7009375,0.6767992,0.48999378,0.0932475884244373,0.148492,0.0,0.0,0.0,0.7009375,0.6767992,0.48999378,0.0932475884244373,5,0
DB00443,154,0,train,1.0,5.0,0.250975,1.0,0.6349206349206349,0.0,0.87960887,0.86292225,0.89477754,0.4455445544554455,0.250975,5.0,3.1746031746031744,0.0,4.39804435,4.3146112500000005,4.4738877,2.2277227722772275,5,0
DB08824,20,0,train,5.0,1.0,0.064985,0.0,0.0384615384615384,0.0,0.68414116,0.63076246,0.6651698,0.1468926553672316,0.324925,0.0,0.0384615384615384,0.0,0.68414116,0.63076246,0.6651698,0.1468926553672316,5,0
DB00494,220,0,train,1.0,9.0,0.09019,0.0,0.0,0.0,0.6644109,0.7593575,0.7861086,0.0839694656488549,0.09019,0.0,0.0,0.0,5.9796981,6.8342175,7.074977400000001,0.755725190839694,5,0
DB01033,101,0,train,1.0,5.0,0.236517,0.0,0.1052631578947368,0.0,0.83994204,0.8046011,0.6924874,0.0319148936170212,0.236517,0.0,0.526315789473684,0.0,4.1997102,4.0230055,3.462437,0.159574468085106,5,0
DB01058,306,0,train,1.0,0.0,0.0,0.0,0.0975609756097561,0.0,0.5985923,0.75263244,0.76386416,0.2162162162162162,0.0,0.0,0.0,0.0,0.0,0.0,0.0,0.0,5,0
DB00796,231,0,train,2.0,2.0,0.135029,0.0,0.0576923076923076,0.0,0.7619033,0.84896356,0.6926217,0.0795454545454545,0.270058,0.0,0.1153846153846152,0.0,1.5238066,1.69792712,1.3852434,0.159090909090909,5,0
DB00470,58,0,train,2.0,1.0,0.140023,0.0,0.0126582278481012,0.0,0.7678505,0.6564934,0.7447218,0.0890688259109311,0.280046,0.0,0.0126582278481012,0.0,0.7678505,0.6564934,0.7447218,0.0890688259109311,5,0
DB00131,360,0,train,7.0,1.0,0.0,0.0,0.0294117647058823,0.0,0.631048,0.81967616,0.6553818,0.2197802197802197,0.0,0.0,0.0294117647058823,0.0,0.631048,0.81967616,0.6553818,0.2197802197802197,5,0
DB00398,209,0,train,3.0,4.0,0.092787,0.0,0.1123595505617977,0.0,0.7331814,0.7312074,0.7155541,0.1069182389937107,0.2783609999999999,0.0,0.4494382022471908,0.0,2.9327256,2.9248296,2.8622164,0.4276729559748428,5,0
DB00714,340,0,train,1.0,7.0,0.0,0.0,0.0606060606060606,0.0,0.6092491,0.562506,0.6223897,0.1306818181818181,0.0,0.0,0.4242424242424242,0.0,4.2647437,3.937542,4.3567279,0.9147727272727266,5,0
DB00227,207,0,train,1.0,2.0,0.186173,0.0,0.0833333333333333,0.0,0.8625777,0.7108349,0.8465235,0.1059602649006622,0.186173,0.0,0.1666666666666666,0.0,1.7251554,1.4216698,1.693047,0.2119205298013244,5,0
DB01148,379,0,train,4.0,3.0,0.179242,0.0,0.0588235294117647,0.0,0.76319075,0.93179184,0.68408185,0.1825396825396825,0.716968,0.0,0.1764705882352941,0.0,2.28957225,2.7953755200000003,2.05224555,0.5476190476190474,5,0
DB00790,52,0,train,1.0,3.0,0.251455,0.0,0.0,0.0,0.7423595,0.68014866,0.8006759,0.0545454545454545,0.251455,0.0,0.0,0.0,2.2270785,2.04044598,2.4020277,0.1636363636363635,5,0
DB00989,294,0,train,3.0,15.0,0.403538,0.0,0.125,0.0,0.7452396,0.84811217,0.787759,0.1744186046511628,1.210614,0.0,1.875,0.0,11.178594,12.72168255,11.816385,2.616279069767442,5,0
DB00388,251,0,train,5.0,5.0,0.042617,0.0,0.0285714285714285,0.0,0.8297882,0.7636087,0.8052442,0.1590909090909091,0.213085,0.0,0.1428571428571425,0.0,4.148941,3.8180435,4.026221,0.7954545454545454,5,0
DB00521,312,0,train,13.0,2.0,0.09534,0.0,0.1379310344827586,0.0,0.8914997,0.84038174,0.79877865,0.3023255813953488,1.23942,0.0,0.2758620689655172,0.0,1.7829994,1.68076348,1.5975573,0.6046511627906976,5,0
DB00692,79,0,train,3.0,3.0,0.264454,0.0,0.0,0.0,0.7795776,0.8182403,0.76845974,0.1869918699186991,0.7933620000000001,0.0,0.0,0.0,2.3387328,2.4547209,2.30537922,0.5609756097560973,5,0
DB01041,161,0,train,1.0,2.0,0.133929,0.0,0.0175438596491228,0.0,0.6703047,0.7075304,0.67429924,0.0337078651685393,0.133929,0.0,0.0350877192982456,0.0,1.3406094,1.4150608,1.34859848,0.0674157303370786,5,0
DB00593,29,0,train,1.0,0.0,0.0,0.0303030303030303,0.1044776119402985,0.0,0.64665437,0.9120775,0.7113382,0.0446428571428571,0.0,0.0,0.0,0.0,0.0,0.0,0.0,0.0,5,0
DB00472,3,0,train,11.0,4.0,0.343337,0.0,0.0978260869565217,0.0,0.8028093,0.69342935,0.7787913,0.1751824817518248,3.776707,0.0,0.3913043478260868,0.0,3.2112372,2.7737174,3.1151652,0.7007299270072992,5,0
DB00180,385,0,train,5.0,2.0,0.0,0.0,0.0862068965517241,0.0,0.82252353,0.84894645,0.82006514,0.1047619047619047,0.0,0.0,0.1724137931034482,0.0,1.64504706,1.6978929,1.64013028,0.2095238095238094,5,0
DB00949,196,0,train,12.0,1.0,0.231988,0.0,0.0857142857142857,0.0,0.87330294,0.76156116,0.85682917,0.2340425531914893,2.783856,0.0,0.0857142857142857,0.0,0.87330294,0.76156116,0.85682917,0.2340425531914893,5,0
DB01576,334,0,train,11.0,2.0,0.178573,0.3846153846153846,0.0909090909090909,0.0,0.8229016,0.8350841,0.850591,0.2234042553191489,1.964303,0.7692307692307692,0.1818181818181818,0.0,1.6458032,1.6701682,1.701182,0.4468085106382978,5,0
DB00390,353,0,train,2.0,1.0,0.180811,0.0,0.0566037735849056,0.0,0.71220493,0.7858877,0.827295,0.0984455958549222,0.361622,0.0,0.0566037735849056,0.0,0.71220493,0.7858877,0.827295,0.0984455958549222,5,0
DB00126,130,0,train,9.0,2.0,0.157244,0.0,0.2333333333333333,0.5,0.7064615,0.87738144,0.7718598,0.1071428571428571,1.415196,0.0,0.4666666666666666,1.0,1.412923,1.75476288,1.5437196,0.2142857142857142,5,0
DB01620,281,0,train,1.0,4.0,0.187366,0.0,0.0208333333333333,0.0,0.61837685,0.5240578,0.56200135,0.048076923076923,0.187366,0.0,0.0833333333333332,0.0,2.4735074,2.0962312,2.2480054,0.192307692307692,5,0
DB01291,333,0,train,1.0,2.0,0.047959,0.0,0.0,0.0,0.75914305,0.7517428,0.72796345,0.1186440677966101,0.047959,0.0,0.0,0.0,1.5182861,1.5034856,1.4559269,0.2372881355932202,5,0
DB00653,152,0,train,4.0,3.0,0.243935,0.0,0.0588235294117647,0.0,0.61993766,0.6838661,0.8320534,0.0119047619047619,0.97574,0.0,0.1764705882352941,0.0,1.85981298,2.0515983,2.4961602000000003,0.0357142857142857,5,0
DB01577,22,0,train,2.0,4.0,0.196477,0.0,0.0634920634920634,0.0,0.830522,0.8317106,0.6933496,0.1707317073170731,0.392954,0.0,0.2539682539682536,0.0,3.322088,3.3268424,2.7733984,0.6829268292682924,5,0
DB00246,288,0,train,1.0,0.0,0.0,0.0,0.0434782608695652,0.0,0.7107721,0.72385806,0.79804087,0.1007194244604316,0.0,0.0,0.0,0.0,0.0,0.0,0.0,0.0,5,0
DB00908,206,0,train,1.0,2.0,0.168665,0.0,0.0,0.0,0.39351794,0.6980219,0.6333441,0.0204081632653061,0.168665,0.0,0.0,0.0,0.78703588,1.3960438,1.2666882,0.0408163265306122,5,0
DB00371,216,0,train,0.0,2.0,0.167634,0.0,0.0,0.0,0.0,0.0,0.0,0.0,0.0,0.0,0.0,0.0,0.0,0.0,0.0,0.0,5,0
DB01427,150,0,train,1.0,0.0,0.0,0.0,0.0,0.0,0.73071903,0.558221,0.75154245,0.03125,0.0,0.0,0.0,0.0,0.0,0.0,0.0,0.0,5,0
DB00460,174,0,train,14.0,2.0,0.206606,0.0,0.0344827586206896,0.0,0.906636,0.7277726,0.8105153,0.1560975609756097,2.892484,0.0,0.0689655172413792,0.0,1.813272,1.4555452,1.6210306,0.3121951219512194,5,0
DB01076,39,0,train,2.0,3.0,0.22991,0.0,0.0,0.0,0.8914691,0.740045,0.8926902,0.1594202898550724,0.45982,0.0,0.0,0.0,2.6744073,2.220135,2.6780706,0.4782608695652172,5,0
DB00141,269,0,train,5.0,3.0,0.078521,0.0,0.0,0.0,0.67503786,0.81961256,0.0,0.1224489795918367,0.392605,0.0,0.0,0.0,2.02511358,2.45883768,0.0,0.3673469387755101,5,0
DB00952,25,0,train,4.0,1.0,0.0,0.0,0.0232558139534883,0.0,0.79303634,0.7952502,0.8469544,0.175,0.0,0.0,0.0232558139534883,0.0,0.79303634,0.7952502,0.8469544,0.175,5,0
DB01085,245,0,train,7.0,1.0,0.075648,0.0,0.1052631578947368,0.0,0.82454765,0.78745806,0.7254128,0.1188118811881188,0.529536,0.0,0.1052631578947368,0.0,0.82454765,0.78745806,0.7254128,0.1188118811881188,5,0
DB00757,335,0,train,3.0,1.0,0.0,0.0,0.1428571428571428,0.0,0.8236135,0.7989692,0.7524159,0.2068965517241379,0.0,0.0,0.1428571428571428,0.0,0.8236135,0.7989692,0.7524159,0.2068965517241379,5,0
DB00203,59,0,train,1.0,3.0,0.08926,0.0,0.0,0.0,0.78314066,0.6490701,0.7852261,0.0517241379310344,0.08926,0.0,0.0,0.0,2.34942198,1.9472103,2.3556783,0.1551724137931032,5,0
DB00554,289,0,train,8.0,4.0,0.153296,0.0,0.0985915492957746,0.0,0.8516585,0.8501832,0.83016366,0.2772277227722772,1.226368,0.0,0.3943661971830984,0.0,3.406634,3.4007328,3.32065464,1.1089108910891088,5,0
DB00394,55,0,train,4.0,6.0,0.055593,1.0,0.5,0.0,0.82337683,0.7289898,0.7938407,0.4956521739130435,0.222372,6.0,3.0,0.0,4.94026098,4.3739388,4.7630442,2.973913043478261,5,0
DB00924,296,0,train,1.0,4.0,0.185158,0.0,0.0869565217391304,0.0,0.6188001,0.6062306,0.75066835,0.1473684210526315,0.185158,0.0,0.3478260869565216,0.0,2.4752004,2.4249224,3.0026734,0.589473684210526,5,0
DB01185,116,0,train,0.0,3.0,0.261485,0.0,0.0,0.0,0.0,0.0,0.0,0.0,0.0,0.0,0.0,0.0,0.0,0.0,0.0,0.0,5,0
DB00585,110,0,train,1.0,3.0,0.166631,0.0,0.0,0.0,0.7399715,0.73705864,0.78948534,0.0789473684210526,0.166631,0.0,0.0,0.0,2.2199145,2.21117592,2.36845602,0.2368421052631578,5,0
DB00653,388,0,train,4.0,3.0,0.324697,0.0,0.1692307692307692,0.0,0.66316676,0.70720685,0.8132602,0.1111111111111111,1.298788,0.0,0.5076923076923077,0.0,1.98950028,2.1216205500000003,2.4397806,0.3333333333333333,5,0
DB00790,223,0,train,1.0,3.0,0.111023,0.0,0.1463414634146341,0.0,0.841279,0.647398,0.7281692,0.1818181818181818,0.111023,0.0,0.4390243902439023,0.0,2.523837,1.942194,2.1845076,0.5454545454545454,5,0
DB00203,74,0,train,1.0,3.0,0.232433,0.0,0.1875,0.0,0.7213005,0.6215661,0.65215135,0.1145038167938931,0.232433,0.0,0.5625,0.0,2.1639015,1.8646983,1.95645405,0.3435114503816793,5,0
DB00605,39,0,train,2.0,6.0,0.192538,0.0,0.0851063829787234,0.0,0.81882685,0.679663,0.57400596,0.1093117408906882,0.385076,0.0,0.5106382978723404,0.0,4.9129611,4.077978,3.44403576,0.6558704453441292,5,0
DB01237,76,0,train,10.0,1.0,0.0,0.0476190476190476,0.0714285714285714,0.0,0.82784945,0.8588214,0.84461987,0.382716049382716,0.0,0.0476190476190476,0.0714285714285714,0.0,0.82784945,0.8588214,0.84461987,0.382716049382716,5,0
DB01244,236,0,train,1.0,1.0,0.023963,0.0,0.0714285714285714,0.0,0.7395607,0.678837,0.7753403,0.1384615384615384,0.023963,0.0,0.0714285714285714,0.0,0.7395607,0.678837,0.7753403,0.1384615384615384,5,0
DB00819,191,0,train,0.0,7.0,0.0,0.0,0.0,0.0,0.0,0.0,0.0,0.0,0.0,0.0,0.0,0.0,0.0,0.0,0.0,0.0,5,0
DB01250,358,0,train,37.0,0.0,0.0,0.0,0.1470588235294117,0.0,0.91471887,0.8427921,0.8579043,0.2018348623853211,0.0,0.0,0.0,0.0,0.0,0.0,0.0,0.0,5,0
DB00449,282,0,train,4.0,4.0,0.193739,0.0,0.0,0.0,0.8313637,0.597607,0.7555152,0.0984848484848484,0.774956,0.0,0.0,0.0,3.3254548,2.390428,3.0220608,0.3939393939393936,5,0
DB00905,127,0,train,6.0,4.0,0.294788,0.0,0.0952380952380952,0.0,0.82431555,0.73529357,0.73537,0.1484375,1.768728,0.0,0.3809523809523808,0.0,3.2972622,2.94117428,2.94148,0.59375,5,0
DB00722,406,0,train,1.0,2.0,0.150571,0.0,0.0444444444444444,0.0,0.5770137,0.69405556,0.6252888,0.1217391304347826,0.150571,0.0,0.0888888888888888,0.0,1.1540274,1.38811112,1.2505776,0.2434782608695652,5,0
DB00477,114,0,train,3.0,1.0,0.099676,0.0,0.0520833333333333,0.0,0.8280653,0.7321508,0.61176866,0.1128205128205128,0.299028,0.0,0.0520833333333333,0.0,0.8280653,0.7321508,0.61176866,0.1128205128205128,5,0
DB00210,110,0,train,1.0,1.0,0.180472,0.0,0.0,0.0,0.67432123,0.60474724,0.649051,0.1742424242424242,0.180472,0.0,0.0,0.0,0.67432123,0.60474724,0.649051,0.1742424242424242,5,0
DB00800,201,0,train,1.0,2.0,0.168899,0.0,0.0133333333333333,0.0,0.7562748,0.72390705,0.65408194,0.1276595744680851,0.168899,0.0,0.0266666666666666,0.0,1.5125496,1.4478141,1.30816388,0.2553191489361702,5,0
DB00180,24,0,train,17.0,2.0,0.226432,0.25,0.1764705882352941,0.0,0.747889,0.87721395,0.8332137,0.2608695652173913,3.849344,0.5,0.3529411764705882,0.0,1.495778,1.7544279,1.6664274,0.5217391304347826,5,0
DB01118,61,0,train,2.0,1.0,0.0,0.2368421052631578,0.0,0.0,0.31480408,0.7216437,0.7438352,0.0372670807453416,0.0,0.2368421052631578,0.0,0.0,0.31480408,0.7216437,0.7438352,0.0372670807453416,5,0
DB00451,56,0,train,4.0,4.0,0.125627,0.0,0.0434782608695652,0.0,0.7827487,0.6986878,0.80284715,0.2065217391304347,0.502508,0.0,0.1739130434782608,0.0,3.1309948,2.7947512,3.2113886,0.8260869565217388,5,0
DB00304,54,0,train,3.0,2.0,0.102349,0.0,0.0579710144927536,0.0,0.66883945,0.72401583,0.70229685,0.0813953488372093,0.3070469999999999,0.0,0.1159420289855072,0.0,1.3376789,1.44803166,1.4045937,0.1627906976744186,5,0
DB00754,97,0,train,2.0,1.0,0.0,0.0,0.0606060606060606,0.0,0.8065213,0.7604598,0.6931617,0.1078431372549019,0.0,0.0,0.0606060606060606,0.0,0.8065213,0.7604598,0.6931617,0.1078431372549019,5,0
DB00515,113,0,train,3.0,7.0,0.420169,0.0,0.1944444444444444,0.0,0.8960552,0.765681,0.86276627,0.0,1.260507,0.0,1.3611111111111107,0.0,6.2723864,5.359767,6.03936389,0.0,5,0
DB00475,268,0,train,4.0,2.0,0.152308,0.0,0.0576923076923076,0.0,0.7776768,0.81141293,0.61113304,0.037593984962406,0.609232,0.0,0.1153846153846152,0.0,1.5553536,1.62282586,1.22226608,0.075187969924812,5,0
DB08820,51,0,train,1.0,1.0,0.082738,0.0,0.0163934426229508,0.0,0.69412977,0.5827277,0.7416371,0.1826923076923076,0.082738,0.0,0.0163934426229508,0.0,0.69412977,0.5827277,0.7416371,0.1826923076923076,5,0
DB00419,63,0,train,1.0,5.0,0.112818,0.0,0.0166666666666666,0.0,0.78419375,0.82583255,0.7197941,0.018348623853211,0.112818,0.0,0.083333333333333,0.0,3.92096875,4.12916275,3.5989705,0.091743119266055,5,0
DB00813,116,0,train,0.0,0.0,0.0,0.0,0.0,0.0,0.0,0.0,0.0,0.0,0.0,0.0,0.0,0.0,0.0,0.0,0.0,0.0,5,0
DB00638,35,0,train,1.0,1.0,0.054326,0.0,0.0,0.0,0.603349,0.357948,0.7127524,0.001669449081803,0.054326,0.0,0.0,0.0,0.603349,0.357948,0.7127524,0.001669449081803,5,0
DB01364,79,0,train,3.0,2.0,0.236852,0.0,0.0,0.0,0.7729671,0.794368,0.7734796,0.1746031746031746,0.710556,0.0,0.0,0.0,1.5459342,1.588736,1.5469592,0.3492063492063492,5,0
DB00915,332,0,train,6.0,3.0,0.124079,0.0,0.1228070175438596,0.0,0.7156132,0.8187407,0.8297887,0.0588235294117647,0.744474,0.0,0.3684210526315788,0.0,2.1468396,2.4562221,2.4893661,0.1764705882352941,5,0
DB00337,241,0,train,1.0,4.0,0.210538,0.0,0.073170731707317,0.0,0.6770287,0.86109024,0.7453527,0.1262135922330097,0.210538,0.0,0.292682926829268,0.0,2.7081148,3.44436096,2.9814108,0.5048543689320388,5,0
DB01086,100,0,train,7.0,1.0,0.0,0.0113636363636363,0.0972222222222222,0.0,0.77603734,0.717855,0.8253494,0.1785714285714285,0.0,0.0113636363636363,0.0972222222222222,0.0,0.77603734,0.717855,0.8253494,0.1785714285714285,5,0
DB01104,265,0,train,3.0,4.0,0.113826,0.0,0.044776119402985,0.0,0.7344649,0.71820575,0.60006666,0.04,0.341478,0.0,0.17910447761194,0.0,2.9378596,2.872823,2.40026664,0.16,5,0
DB00384,22,0,train,2.0,2.0,0.31851,0.0,0.0425531914893617,0.0,0.7626333,0.6561787,0.7492604,0.1782178217821782,0.63702,0.0,0.0851063829787234,0.0,1.5252666,1.3123574,1.4985208,0.3564356435643564,5,0
DB00351,14,0,train,1.0,2.0,0.067452,0.0,0.0634920634920634,0.0,0.8569695,0.61042154,0.73758316,0.1031746031746031,0.067452,0.0,0.1269841269841268,0.0,1.713939,1.22084308,1.47516632,0.2063492063492062,5,0
DB01233,149,0,train,17.0,2.0,0.17914,0.2,0.328125,0.0,0.9174275,0.91415536,0.9004941,0.1632653061224489,3.04538,0.4,0.65625,0.0,1.834855,1.82831072,1.8009882,0.3265306122448978,5,0
DB00697,119,0,train,3.0,4.0,0.131763,0.625,0.073170731707317,0.0,0.8524089,0.8745301,0.82206714,0.1140350877192982,0.395289,2.5,0.292682926829268,0.0,3.4096356,3.4981204,3.28826856,0.4561403508771928,5,0
DB00652,144,0,train,8.0,1.0,0.039906,0.0,0.0961538461538461,0.0,0.7392147,0.8528328,0.7046037,0.2637362637362637,0.319248,0.0,0.0961538461538461,0.0,0.7392147,0.8528328,0.7046037,0.2637362637362637,5,0
DB00635,235,0,train,2.0,23.0,0.355847,0.0,0.1710526315789473,0.0,0.8180691,0.8081656,0.7919508,0.1481481481481481,0.711694,0.0,3.934210526315788,0.0,18.8155893,18.5878088,18.2148684,3.4074074074074066,5,0
DB00972,54,0,train,3.0,4.0,0.08903,0.0,0.0757575757575757,0.0,0.7602431,0.73182833,0.7581737,0.1266666666666666,0.26709,0.0,0.3030303030303028,0.0,3.0409724,2.92731332,3.0326948,0.5066666666666664,5,0
DB00200,156,0,train,6.0,2.0,0.162441,0.0,0.09375,0.0,0.7909332,0.7838693,0.6878166,0.1412742382271468,0.974646,0.0,0.1875,0.0,1.5818664,1.5677386,1.3756332,0.2825484764542936,5,0
DB00297,402,0,train,3.0,1.0,0.0,0.0,0.0952380952380952,0.0,0.63467616,0.7109513,0.7858677,0.1504424778761062,0.0,0.0,0.0952380952380952,0.0,0.63467616,0.7109513,0.7858677,0.1504424778761062,5,0
DB00206,332,0,train,6.0,2.0,0.131758,0.1666666666666666,0.1343283582089552,0.0,0.69789237,0.86189574,0.83461756,0.1081081081081081,0.7905479999999999,0.3333333333333332,0.2686567164179104,0.0,1.39578474,1.72379148,1.66923512,0.2162162162162162,5,0
DB04868,69,0,train,11.0,1.0,0.21828,0.0,0.1166666666666666,0.0,0.7650823,0.8211585,0.6684818,0.15,2.40108,0.0,0.1166666666666666,0.0,0.7650823,0.8211585,0.6684818,0.15,5,0
DB01248,355,0,train,4.0,5.0,0.110897,0.0,0.0925925925925925,0.0,0.8864747,0.81531274,0.78150284,0.1515151515151515,0.443588,0.0,0.4629629629629625,0.0,4.4323735,4.0765637,3.9075142,0.7575757575757575,5,0
DB00419,304,0,train,0.0,5.0,0.271157,0.0,0.0,0.0,0.0,0.0,0.0,0.0,0.0,0.0,0.0,0.0,0.0,0.0,0.0,0.0,5,0
DB00623,84,0,train,3.0,0.0,0.0,0.0,0.0375,0.0,0.73288095,0.83154345,0.65059024,0.1260504201680672,0.0,0.0,0.0,0.0,0.0,0.0,0.0,0.0,5,0
DB00537,100,0,train,7.0,3.0,0.106043,0.0714285714285714,0.0769230769230769,0.0,0.8415784,0.6326082,0.6999116,0.1597222222222222,0.742301,0.2142857142857142,0.2307692307692307,0.0,2.5247352,1.8978246,2.0997348,0.4791666666666666,5,0
DB00591,116,0,train,0.0,0.0,0.0,0.0,0.0,0.0,0.0,0.0,0.0,0.0,0.0,0.0,0.0,0.0,0.0,0.0,0.0,0.0,5,0
DB00751,53,0,train,1.0,3.0,0.0,0.0,0.0454545454545454,0.0,0.7320533,0.8340819,0.65949154,0.188235294117647,0.0,0.0,0.1363636363636362,0.0,2.1961599,2.5022457,1.97847462,0.564705882352941,5,0
DB01181,294,0,train,3.0,5.0,0.072517,0.0,0.0561797752808988,0.0,0.62041,0.6603864,0.7550023,0.0956521739130434,0.217551,0.0,0.280898876404494,0.0,3.10205,3.3019320000000003,3.7750115,0.4782608695652169,5,0
DB01170,209,0,train,3.0,2.0,0.103762,0.0,0.0625,0.0,0.73512167,0.84812456,0.75040984,0.1651376146788991,0.3112859999999999,0.0,0.125,0.0,1.47024334,1.69624912,1.50081968,0.3302752293577982,5,0
DB01003,70,0,train,0.0,2.0,0.199633,0.0,0.0,0.0,0.0,0.0,0.0,0.0,0.0,0.0,0.0,0.0,0.0,0.0,0.0,0.0,5,0
DB00991,324,0,train,2.0,4.0,0.029754,0.0,0.0476190476190476,0.0,0.84568316,0.7786996,0.63110024,0.0909090909090909,0.059508,0.0,0.1904761904761904,0.0,3.38273264,3.1147984,2.52440096,0.3636363636363636,5,0
DB00669,250,0,train,2.0,3.0,0.101909,0.0,0.0408163265306122,0.0,0.7172061,0.72071695,0.7839184,0.1359223300970873,0.203818,0.0,0.1224489795918366,0.0,2.1516183,2.16215085,2.3517552,0.4077669902912618,5,0
DB00745,360,0,train,7.0,4.0,0.122375,0.0,0.1219512195121951,0.0,0.71387565,0.8063804,0.6739187,0.1626016260162601,0.856625,0.0,0.4878048780487804,0.0,2.8555026,3.2255216,2.6956748,0.6504065040650404,5,0
DB00232,156,0,train,6.0,1.0,0.092571,0.0,0.054054054054054,0.0,0.9120187,0.8131329,0.75897694,0.1157894736842105,0.555426,0.0,0.054054054054054,0.0,0.9120187,0.8131329,0.75897694,0.1157894736842105,5,0
DB00542,368,0,train,1.0,3.0,0.184929,0.0,0.0444444444444444,0.0,0.83910173,0.77407587,0.7950631,0.2439024390243902,0.184929,0.0,0.1333333333333332,0.0,2.51730519,2.32222761,2.3851893,0.7317073170731706,5,0
DB00180,39,0,train,2.0,2.0,0.134633,0.0,0.0,0.0,0.81042695,0.6882707,0.7502686,0.0783582089552238,0.269266,0.0,0.0,0.0,1.6208539,1.3765414,1.5005372,0.1567164179104476,5,0
DB01065,230,0,train,1.0,6.0,0.203461,0.0,0.0930232558139534,0.0,0.5896749,0.814002,0.64988285,0.0675675675675675,0.203461,0.0,0.5581395348837204,0.0,3.5380494,4.884012,3.8992971,0.405405405405405,5,0
DB00227,87,0,train,1.0,2.0,0.132843,0.0,0.1044776119402985,0.0,0.7210226,0.5531422,0.7382176,0.1031746031746031,0.132843,0.0,0.208955223880597,0.0,1.4420452,1.1062844,1.4764352,0.2063492063492062,5,0
DB00764,209,0,train,3.0,4.0,0.069549,0.0,0.0694444444444444,0.0,0.40445197,0.78353214,0.85046494,0.1095890410958904,0.208647,0.0,0.2777777777777776,0.0,1.61780788,3.13412856,3.40185976,0.4383561643835616,5,0
DB01062,30,0,train,1.0,0.0,0.0,0.0,0.0,0.0,0.6120369,0.5505918,0.58079445,0.0826446280991735,0.0,0.0,0.0,0.0,0.0,0.0,0.0,0.0,5,0
DB00182,209,0,train,3.0,3.0,0.318865,0.2,0.144927536231884,0.0,0.76982224,0.79552597,0.7030343,0.1363636363636363,0.956595,0.6000000000000001,0.434782608695652,0.0,2.30946672,2.38657791,2.1091029,0.4090909090909089,5,0
DB00734,11,0,train,3.0,5.0,0.143604,0.2,0.0327868852459016,0.0,0.6639029,0.82048184,0.74559116,0.144927536231884,0.430812,1.0,0.163934426229508,0.0,3.3195145,4.1024092,3.7279558,0.7246376811594201,5,0
DB00904,398,0,train,1.0,2.0,0.301689,0.0,0.0568181818181818,0.0,0.6764907,0.8103783,0.6981548,0.2087912087912088,0.301689,0.0,0.1136363636363636,0.0,1.3529814,1.6207566,1.3963096,0.4175824175824176,5,0
DB00794,115,0,train,1.0,14.0,0.254266,0.0,0.0434782608695652,0.0,0.8587737,0.79882437,0.73276216,0.1770833333333333,0.254266,0.0,0.6086956521739129,0.0,12.0228318,11.18354118,10.25867024,2.479166666666666,5,0
DB00332,320,0,train,1.0,2.0,0.0,0.0,0.037037037037037,0.0,0.8112669,0.81107795,0.61526746,0.1594202898550724,0.0,0.0,0.074074074074074,0.0,1.6225338,1.6221559,1.23053492,0.3188405797101448,5,0
DB00654,144,0,train,8.0,3.0,0.126828,0.0,0.0204081632653061,0.0,0.7704432,0.723609,0.6637235,0.1619047619047619,1.014624,0.0,0.0612244897959183,0.0,2.3113296,2.170827,1.9911705,0.4857142857142857,5,0
DB00912,67,0,train,2.0,3.0,0.156379,0.0,0.0508474576271186,0.0,0.79155076,0.67087644,0.6029301,0.1083333333333333,0.312758,0.0,0.1525423728813558,0.0,2.3746522800000003,2.0126293200000003,1.8087903,0.3249999999999999,5,0
DB00924,335,0,train,3.0,4.0,0.054391,0.0,0.1363636363636363,0.0,0.563696,0.6802888,0.8417492,0.1666666666666666,0.163173,0.0,0.5454545454545452,0.0,2.254784,2.7211552,3.3669968,0.6666666666666664,5,0
DB00387,232,0,train,2.0,8.0,0.155439,0.0,0.0,0.0,0.42521903,0.67561257,0.6123779,0.109375,0.310878,0.0,0.0,0.0,3.40175224,5.40490056,4.8990232,0.875,5,0
DB00490,294,0,train,3.0,3.0,0.335274,0.2666666666666666,0.3725490196078431,0.0,0.83350164,0.863426,0.79886526,0.2158273381294964,1.005822,0.7999999999999998,1.1176470588235292,0.0,2.50050492,2.590278,2.39659578,0.6474820143884892,5,0
DB00368,296,0,train,1.0,1.0,0.312128,0.0,0.0517241379310344,0.0,0.638215,0.7832374,0.75259167,0.1428571428571428,0.312128,0.0,0.0517241379310344,0.0,0.638215,0.7832374,0.75259167,0.1428571428571428,5,0
DB00589,73,0,train,29.0,7.0,0.096204,0.1176470588235294,0.2452830188679245,0.0,0.7456343,0.8724265,0.87075454,0.2264150943396226,2.789916,0.8235294117647057,1.7169811320754715,0.0,5.2194401,6.1069855,6.09528178,1.584905660377358,5,0
DB00939,39,0,train,2.0,3.0,0.105463,0.0,0.037037037037037,0.0,0.8218776,0.46379986,0.51743215,0.1149425287356321,0.210926,0.0,0.111111111111111,0.0,2.4656328,1.39139958,1.55229645,0.3448275862068963,5,0
DB00236,337,0,train,1.0,1.0,0.059051,0.0,0.0,0.0,0.45734376,0.5350456,0.65111876,0.0380952380952381,0.059051,0.0,0.0,0.0,0.45734376,0.5350456,0.65111876,0.0380952380952381,5,0
DB01394,347,0,train,33.0,1.0,0.282422,0.0,0.22,0.0,0.8630227,0.9047353,0.8658337,0.18796992481203,9.319926,0.0,0.22,0.0,0.8630227,0.9047353,0.8658337,0.18796992481203,5,0
DB01005,309,0,train,10.0,5.0,0.251036,0.0,0.1153846153846153,0.0,0.7618711,0.7881047,0.5792244,0.1162790697674418,2.51036,0.0,0.5769230769230764,0.0,3.8093555,3.9405235,2.896122,0.581395348837209,5,0
DB00984,370,0,train,13.0,1.0,0.0,0.0,0.0,0.0,0.7356228,0.77527124,0.80657846,0.2564102564102564,0.0,0.0,0.0,0.0,0.7356228,0.77527124,0.80657846,0.2564102564102564,5,0
DB01406,159,0,train,1.0,5.0,0.037654,0.0,0.0,0.0,0.8435271,0.7662073,0.5915388,0.0776699029126213,0.037654,0.0,0.0,0.0,4.2176355,3.8310365,2.957694,0.3883495145631065,5,0
DB00434,391,0,train,4.0,11.0,0.34783,0.0434782608695652,0.0588235294117647,0.0,0.8165714,0.8495203,0.77877355,0.2478632478632478,1.39132,0.4782608695652172,0.6470588235294117,0.0,8.982285399999999,9.3447233,8.56650905,2.7264957264957257,5,0
DB01254,336,0,train,1.0,2.0,0.063085,0.0,0.0,0.0,0.69587046,0.6490793,0.6928292,0.1118881118881118,0.063085,0.0,0.0,0.0,1.39174092,1.2981586,1.3856584,0.2237762237762236,5,0
DB00252,44,0,train,8.0,4.0,0.206877,0.0,0.1919191919191919,0.0,0.7971326,0.72199005,0.80727345,0.379746835443038,1.655016,0.0,0.7676767676767676,0.0,3.1885304,2.8879602,3.2290938,1.518987341772152,5,0
DB00806,256,0,train,1.0,3.0,0.183854,0.0,0.0408163265306122,0.0,0.75760144,0.61669856,0.5996808,0.1826086956521739,0.183854,0.0,0.1224489795918366,0.0,2.27280432,1.85009568,1.7990424,0.5478260869565217,5,0
DB01088,187,0,train,1.0,4.0,0.174197,0.0,0.0238095238095238,0.0,0.537074,0.74515533,0.73404574,0.0714285714285714,0.174197,0.0,0.0952380952380952,0.0,2.148296,2.98062132,2.93618296,0.2857142857142856,5,0
DB00136,22,0,train,2.0,7.0,0.259251,0.0,0.0,0.0,0.8091569,0.8408054,0.65745056,0.0652173913043478,0.518502,0.0,0.0,0.0,5.6640983,5.8856378000000005,4.60215392,0.4565217391304346,5,0
DB00692,377,0,train,0.0,3.0,0.174546,0.0,0.0,0.0,0.0,0.0,0.0,0.0,0.0,0.0,0.0,0.0,0.0,0.0,0.0,0.0,5,0
DB01086,80,0,train,8.0,1.0,0.109002,0.0,0.0588235294117647,0.0,0.6683588,0.697179,0.80042577,0.216867469879518,0.872016,0.0,0.0588235294117647,0.0,0.6683588,0.697179,0.80042577,0.216867469879518,5,0
DB00624,284,0,train,1.0,2.0,0.232121,0.0,0.0476190476190476,0.0,0.62044036,0.6724739,0.67653847,0.073170731707317,0.232121,0.0,0.0952380952380952,0.0,1.24088072,1.3449478,1.35307694,0.146341463414634,5,0
DB01002,85,0,train,6.0,1.0,0.043854,0.0,0.0909090909090909,0.0,0.7587277,0.7709585,0.5844839,0.1869158878504672,0.2631239999999999,0.0,0.0909090909090909,0.0,0.7587277,0.7709585,0.5844839,0.1869158878504672,5,0
DB00571,402,0,train,3.0,7.0,0.096289,0.0,0.1428571428571428,0.0,0.78050375,0.8184524,0.8305914,0.2361111111111111,0.288867,0.0,0.9999999999999996,0.0,5.46352625,5.7291668,5.8141398,1.6527777777777777,5,0
DB00327,283,0,train,2.0,2.0,0.186299,0.0,0.0408163265306122,0.0,0.8120903,0.79366434,0.7209199,0.1451612903225806,0.372598,0.0,0.0816326530612244,0.0,1.6241806,1.58732868,1.4418398,0.2903225806451612,5,0
DB00176,47,0,train,1.0,2.0,0.405079,0.0,0.1274509803921568,0.0,0.88336504,0.8533039,0.82182413,0.1188118811881188,0.405079,0.0,0.2549019607843136,0.0,1.76673008,1.7066078,1.64364826,0.2376237623762376,5,0
DB00385,260,0,train,1.0,1.0,0.0,0.0,0.0149253731343283,0.0,0.75359344,0.66769046,0.36278063,0.1341463414634146,0.0,0.0,0.0149253731343283,0.0,0.75359344,0.66769046,0.36278063,0.1341463414634146,5,0
DB00861,190,0,train,5.0,5.0,0.071142,0.0,0.0701754385964912,0.0,0.76087403,0.8089825,0.7804596,0.1764705882352941,0.3557099999999999,0.0,0.350877192982456,0.0,3.80437015,4.044912500000001,3.902298,0.8823529411764706,5,0
DB00153,222,0,train,7.0,7.0,0.277507,0.0,0.0333333333333333,0.0,0.5403371,0.7535743,0.6669753,0.1796875,1.942549,0.0,0.2333333333333331,0.0,3.7823597,5.2750201,4.668827100000001,1.2578125,5,0
DB00695,184,0,train,3.0,10.0,0.167482,0.025,0.1525423728813559,0.0,0.77948296,0.84042615,0.7573578,0.2307692307692307,0.502446,0.25,1.5254237288135588,0.0,7.7948296,8.4042615,7.573577999999999,2.307692307692307,5,0
DB00499,319,0,train,2.0,1.0,0.045778,0.0,0.0555555555555555,0.0,0.7426305,0.7717071,0.8263804,0.1,0.091556,0.0,0.0555555555555555,0.0,0.7426305,0.7717071,0.8263804,0.1,5,0
DB00835,316,0,train,11.0,5.0,0.11673,0.5,0.1333333333333333,0.0,0.820005,0.871836,0.79177594,0.1881188118811881,1.28403,2.5,0.6666666666666665,0.0,4.100025,4.35918,3.9588797,0.9405940594059404,5,0
DB00783,137,0,train,2.0,4.0,0.114049,0.0,0.0161290322580645,0.0,0.72268367,0.6549581,0.7868034,0.0780141843971631,0.228098,0.0,0.064516129032258,0.0,2.89073468,2.6198324,3.1472136,0.3120567375886524,5,0
DB01016,122,0,train,2.0,1.0,0.097226,0.0,0.1029411764705882,0.0,0.79420483,0.803458,0.7298784,0.1363636363636363,0.194452,0.0,0.1029411764705882,0.0,0.79420483,0.803458,0.7298784,0.1363636363636363,5,0
DB01260,230,0,train,1.0,0.0,0.0,0.0,0.0476190476190476,0.0,0.49674702,0.84228575,0.61958313,0.0970873786407767,0.0,0.0,0.0,0.0,0.0,0.0,0.0,0.0,5,0
DB00829,34,0,train,1.0,1.0,0.130846,0.8,0.1527777777777778,0.0,0.7107944,0.75587857,0.68313485,0.2439024390243902,0.130846,0.8,0.1527777777777778,0.0,0.7107944,0.75587857,0.68313485,0.2439024390243902,5,0
DB00573,4,0,train,1.0,4.0,0.172128,0.5,0.4390243902439024,0.0,0.87108004,0.8152447,0.7643695,0.5538461538461539,0.172128,2.0,1.7560975609756095,0.0,3.48432016,3.2609788,3.057478,2.2153846153846155,5,0
DB00939,125,0,train,11.0,3.0,0.135241,0.0,0.0273972602739726,0.0,0.81151843,0.88726926,0.62143844,0.3292682926829268,1.487651,0.0,0.0821917808219178,0.0,2.43455529,2.66180778,1.86431532,0.9878048780487804,5,0
DB00464,257,0,train,5.0,1.0,0.101461,0.0,0.0303030303030303,0.0,0.71080744,0.76131,0.7154561,0.0597014925373134,0.507305,0.0,0.0303030303030303,0.0,0.71080744,0.76131,0.7154561,0.0597014925373134,5,0
DB00195,307,0,train,2.0,2.0,0.213975,0.0,0.0333333333333333,0.0,0.78024256,0.79804724,0.82102394,0.1140350877192982,0.42795,0.0,0.0666666666666666,0.0,1.56048512,1.59609448,1.64204788,0.2280701754385964,5,0
DB00421,326,0,train,1.0,6.0,0.217617,0.0,0.081081081081081,0.0,0.7711602,0.72097987,0.7506087,0.0632911392405063,0.217617,0.0,0.486486486486486,0.0,4.6269612,4.32587922,4.5036522,0.3797468354430378,5,0
DB00536,389,0,train,1.0,3.0,0.139202,0.0,0.0158730158730158,0.0,0.6562964,0.59801155,0.65086883,0.008695652173913,0.139202,0.0,0.0476190476190473,0.0,1.9688892,1.79403465,1.95260649,0.026086956521739,5,0
DB00354,213,0,train,1.0,1.0,0.0,0.0,0.0,0.0,0.9051535,0.7882712,0.74406475,0.043859649122807,0.0,0.0,0.0,0.0,0.9051535,0.7882712,0.74406475,0.043859649122807,5,0
DB00361,88,0,train,5.0,1.0,0.143578,0.0,0.0952380952380952,0.0,0.7592788,0.7897215,0.6580374,0.1732673267326732,0.71789,0.0,0.0952380952380952,0.0,0.7592788,0.7897215,0.6580374,0.1732673267326732,5,0
DB00481,13,0,train,2.0,3.0,0.204427,0.0,0.0307692307692307,0.0,0.75932544,0.6748249,0.7444978,0.1884057971014492,0.408854,0.0,0.0923076923076921,0.0,2.27797632,2.0244747,2.2334934,0.5652173913043476,5,0
DB00630,386,0,train,4.0,5.0,0.177306,0.0,0.0,0.0,0.72267586,0.6733923,0.7016167,0.0983606557377049,0.709224,0.0,0.0,0.0,3.6133793,3.3669615000000004,3.5080835,0.4918032786885245,5,0
DB01173,176,0,train,1.0,9.0,0.140797,0.0,0.0,0.0,0.583881,0.6850192,0.7357856,0.1707317073170731,0.140797,0.0,0.0,0.0,5.254929,6.165172800000001,6.6220704,1.536585365853658,5,0
DB00475,244,0,train,5.0,2.0,0.099643,0.0,0.0652173913043478,0.0,0.7920741,0.7658243,0.7887537,0.1851851851851851,0.4982149999999999,0.0,0.1304347826086956,0.0,1.5841482,1.5316486,1.5775074,0.3703703703703702,5,0
DB00861,139,0,train,0.0,5.0,0.160369,0.0,0.0,0.0,0.0,0.0,0.0,0.0,0.0,0.0,0.0,0.0,0.0,0.0,0.0,0.0,5,0
DB00206,236,0,train,1.0,2.0,0.146006,0.0,0.0823529411764705,0.0,0.7353104,0.7189689,0.8145329,0.20625,0.146006,0.0,0.164705882352941,0.0,1.4706208,1.4379378,1.6290658,0.4125,5,0
DB01440,202,0,train,2.0,2.0,0.08844,0.0,0.0606060606060606,0.0,0.5915911,0.7460996,0.65982556,0.1911764705882352,0.17688,0.0,0.1212121212121212,0.0,1.1831822,1.4921992,1.31965112,0.3823529411764704,5,0
DB01254,222,0,train,7.0,2.0,0.183692,0.0,0.234375,0.0,0.8241286,0.81683433,0.7930859,0.1935483870967742,1.285844,0.0,0.46875,0.0,1.6482572,1.63366866,1.5861718,0.3870967741935484,5,0
DB00758,371,0,train,23.0,3.0,0.104786,0.0,0.1818181818181818,0.0,0.8124697,0.84852993,0.8305638,0.25,2.410078,0.0,0.5454545454545454,0.0,2.4374091,2.54558979,2.4916914,0.75,5,0
DB00490,235,0,train,2.0,3.0,0.046974,0.0,0.081967213114754,0.0,0.6386813,0.7302461,0.62832993,0.1157024793388429,0.093948,0.0,0.2459016393442619,0.0,1.9160439,2.1907383,1.88498979,0.3471074380165286,5,0
DB00305,362,0,train,38.0,2.0,0.066455,0.0,0.0526315789473684,0.0,0.8763757,0.7736078,0.8084722,0.192,2.52529,0.0,0.1052631578947368,0.0,1.7527514,1.5472156,1.6169444,0.384,5,0
DB04861,330,0,train,3.0,4.0,0.107897,0.0,0.0625,0.0,0.7876842,0.8635455,0.71623045,0.1240875912408759,0.323691,0.0,0.25,0.0,3.1507368,3.454182,2.8649218,0.4963503649635036,5,0
DB00637,37,0,train,11.0,1.0,0.0,0.0,0.1702127659574468,0.0,0.8241712,0.8622807,0.7451614,0.2928571428571428,0.0,0.0,0.1702127659574468,0.0,0.8241712,0.8622807,0.7451614,0.2928571428571428,5,0
DB00318,88,0,train,5.0,3.0,0.101594,0.0,0.0697674418604651,0.0,0.87852424,0.76429677,0.92037225,0.12,0.50797,0.0,0.2093023255813953,0.0,2.63557272,2.29289031,2.76111675,0.36,5,0
DB01144,7,0,train,5.0,1.0,0.145463,0.0,0.0727272727272727,0.0,0.80860114,0.8415093,0.74652016,0.1594202898550724,0.727315,0.0,0.0727272727272727,0.0,0.80860114,0.8415093,0.74652016,0.1594202898550724,5,0
DB00757,404,0,train,5.0,1.0,0.05653,0.0,0.1363636363636363,0.0,0.76905406,0.85530186,0.7421437,0.1037735849056603,0.2826499999999999,0.0,0.1363636363636363,0.0,0.76905406,0.85530186,0.7421437,0.1037735849056603,5,0
DB00210,267,0,train,8.0,1.0,0.026003,0.0,0.0,0.0,0.804599,0.6928968,0.7525714,0.1269841269841269,0.208024,0.0,0.0,0.0,0.804599,0.6928968,0.7525714,0.1269841269841269,5,0
DB01237,52,0,train,1.0,1.0,0.0,0.0,0.0,0.0,0.7891827,0.79111004,0.7513487,0.2142857142857142,0.0,0.0,0.0,0.0,0.7891827,0.79111004,0.7513487,0.2142857142857142,5,0
DB01002,207,0,train,1.0,1.0,0.044845,0.0,0.1612903225806451,0.0,0.63187516,0.79729015,0.4207905,0.106060606060606,0.044845,0.0,0.1612903225806451,0.0,0.63187516,0.79729015,0.4207905,0.106060606060606,5,0
DB00569,165,0,train,1.0,1.0,0.129411,0.0,0.0158730158730158,0.0,0.78782743,0.7737709,0.7559834,0.0404040404040404,0.129411,0.0,0.0158730158730158,0.0,0.78782743,0.7737709,0.7559834,0.0404040404040404,5,0
DB00997,194,0,train,1.0,14.0,0.247629,0.0,0.0,0.0,0.66657895,0.7567188,0.7058422,0.0555555555555555,0.247629,0.0,0.0,0.0,9.3321053,10.5940632,9.8817908,0.777777777777777,5,0
DB00682,408,0,train,6.0,5.0,0.211059,0.0909090909090909,0.1551724137931034,0.0,0.769181,0.85707533,0.72035563,0.2066115702479339,1.266354,0.4545454545454545,0.775862068965517,0.0,3.845905,4.28537665,3.6017781500000003,1.0330578512396695,5,0
DB00122,287,0,train,1.0,6.0,0.07168,0.0,0.0,0.0,0.367181,0.72624725,0.6755632,0.0470588235294117,0.07168,0.0,0.0,0.0,2.203086,4.3574835,4.0533792,0.2823529411764702,5,0
DB01062,244,0,train,5.0,0.0,0.0,0.0,0.1212121212121212,0.0,0.7601619,0.87070954,0.81361926,0.16,0.0,0.0,0.0,0.0,0.0,0.0,0.0,0.0,5,0
DB00763,182,0,train,6.0,2.0,0.103964,0.0,0.0754716981132075,0.0,0.74706995,0.7670734,0.7543576,0.0666666666666666,0.623784,0.0,0.150943396226415,0.0,1.4941399,1.5341468,1.5087152,0.1333333333333332,5,0
DB00458,60,0,train,1.0,3.0,0.059178,0.0,0.0,0.0,0.8353291,0.77628106,0.8672742,0.034090909090909,0.059178,0.0,0.0,0.0,2.5059873,2.32884318,2.6018226,0.1022727272727269,5,0
DB00169,217,0,train,1.0,8.0,0.250094,0.0,0.0212765957446808,0.0,0.7544765,0.64687794,0.6832819,0.102803738317757,0.250094,0.0,0.1702127659574464,0.0,6.035812,5.17502352,5.4662552,0.822429906542056,5,0
DB00692,398,0,train,1.0,3.0,0.137808,0.0,0.0128205128205128,0.0,0.73890704,0.8620182,0.65848476,0.1612903225806451,0.137808,0.0,0.0384615384615383,0.0,2.21672112,2.5860546,1.97545428,0.4838709677419353,5,0
DB00949,232,0,train,2.0,1.0,0.0,0.0,0.0,0.0,0.37358737,0.6317036,0.66332114,0.016,0.0,0.0,0.0,0.0,0.37358737,0.6317036,0.66332114,0.016,5,0
DB01012,30,0,train,1.0,1.0,0.18036,0.0,0.0,0.0,0.73974127,0.5713221,0.7019027,0.0314960629921259,0.18036,0.0,0.0,0.0,0.73974127,0.5713221,0.7019027,0.0314960629921259,5,0
DB00652,188,0,train,12.0,1.0,0.062348,0.0,0.074074074074074,0.0,0.8167013,0.8003908,0.83914983,0.1704545454545454,0.748176,0.0,0.074074074074074,0.0,0.8167013,0.8003908,0.83914983,0.1704545454545454,5,0
DB00635,343,0,train,0.0,23.0,0.172319,0.0,0.0,0.0,0.0,0.0,0.0,0.0,0.0,0.0,0.0,0.0,0.0,0.0,0.0,0.0,5,0
DB00354,407,0,train,1.0,1.0,0.175521,0.0,0.0,0.0,0.8168633,0.68421537,0.75889075,0.0681818181818181,0.175521,0.0,0.0,0.0,0.8168633,0.68421537,0.75889075,0.0681818181818181,5,0
DB00278,261,0,train,1.0,1.0,0.117539,0.0,0.0625,0.0,0.7845312,0.84023184,0.7538054,0.1276595744680851,0.117539,0.0,0.0625,0.0,0.7845312,0.84023184,0.7538054,0.1276595744680851,5,0
DB00186,314,0,train,9.0,3.0,0.076196,0.0,0.1153846153846153,0.0,0.742548,0.82740897,0.7719607,0.205607476635514,0.685764,0.0,0.3461538461538458,0.0,2.227644,2.48222691,2.3158821,0.616822429906542,5,0
DB00264,135,0,train,15.0,5.0,0.431005,0.0,0.1346153846153846,0.0,0.80338717,0.82025945,0.8021305,0.1956521739130435,6.465075000000001,0.0,0.673076923076923,0.0,4.01693585,4.10129725,4.0106525,0.9782608695652174,5,0
DB00494,327,0,train,0.0,9.0,0.073351,0.0,0.0,0.0,0.0,0.0,0.0,0.0,0.0,0.0,0.0,0.0,0.0,0.0,0.0,0.0,5,0
DB00659,380,0,train,1.0,1.0,0.213574,0.0,0.0227272727272727,0.0,0.6839169,0.63777906,0.7647816,0.1041666666666666,0.213574,0.0,0.0227272727272727,0.0,0.6839169,0.63777906,0.7647816,0.1041666666666666,5,0
DB00795,58,0,train,2.0,2.0,0.17896,0.0,0.0181818181818181,0.0,0.84937465,0.85028905,0.592343,0.1269841269841269,0.35792,0.0,0.0363636363636362,0.0,1.6987493,1.7005781,1.184686,0.2539682539682538,5,0
DB01261,52,0,train,1.0,4.0,0.0,0.0,0.0172413793103448,0.0,0.6736172,0.5907092,0.74225146,0.0707964601769911,0.0,0.0,0.0689655172413792,0.0,2.6944688,2.3628368,2.96900584,0.2831858407079644,5,0
DB08906,311,0,train,5.0,4.0,0.0,0.0,0.1764705882352941,0.0,0.7297613,0.7299356,0.79598886,0.1824324324324324,0.0,0.0,0.7058823529411764,0.0,2.9190452,2.9197424,3.18395544,0.7297297297297296,5,0
DB00433,50,0,train,1.0,5.0,0.087087,0.0,0.0897435897435897,0.0,0.67863667,0.80217,0.74239254,0.2657342657342657,0.087087,0.0,0.4487179487179485,0.0,3.39318335,4.0108500000000005,3.7119627,1.3286713286713283,5,0
DB01234,368,0,train,1.0,18.0,0.20737,0.0,0.0188679245283018,0.0,0.81414074,0.7148615,0.75994825,0.09375,0.20737,0.0,0.3396226415094324,0.0,14.65453332,12.867507,13.6790685,1.6875,5,0
DB00381,327,0,train,0.0,5.0,0.252556,0.0,0.0,0.0,0.0,0.0,0.0,0.0,0.0,0.0,0.0,0.0,0.0,0.0,0.0,0.0,5,0
DB00733,82,0,train,1.0,1.0,0.101857,0.0,0.0,0.0,0.77351725,0.83248603,0.79556483,0.0841121495327102,0.101857,0.0,0.0,0.0,0.77351725,0.83248603,0.79556483,0.0841121495327102,5,0
DB01033,178,0,train,1.0,5.0,0.18459,0.0,0.0303030303030303,0.0,0.8511903,0.7743703,0.71382886,0.0416666666666666,0.18459,0.0,0.1515151515151515,0.0,4.2559515,3.8718515,3.5691443,0.208333333333333,5,0
DB00881,136,0,train,13.0,3.0,0.175847,0.0,0.0769230769230769,0.0,0.87490094,0.82122254,0.7730993,0.2782608695652174,2.286011,0.0,0.2307692307692307,0.0,2.62470282,2.46366762,2.3192979,0.8347826086956522,5,0
DB00776,289,0,train,8.0,7.0,0.326952,0.303030303030303,0.3488372093023256,0.0,0.9368652,0.8966127,0.9088007,0.3222222222222222,2.615616,2.121212121212121,2.441860465116279,0.0,6.5580564,6.2762889,6.3616049,2.2555555555555555,5,0
DB01148,362,0,train,38.0,3.0,0.086196,0.3333333333333333,0.0967741935483871,0.0,0.8593211,0.8949242,0.8399918,0.3272727272727272,3.275448,1.0,0.2903225806451612,0.0,2.5779633,2.6847726,2.5199754,0.9818181818181816,5,0
DB08835,201,0,train,1.0,4.0,0.201501,0.0,0.0,0.0,0.68140554,0.8195187,0.0,0.0520833333333333,0.201501,0.0,0.0,0.0,2.72562216,3.2780748,0.0,0.2083333333333332,5,0
DB00921,364,0,train,11.0,1.0,0.083265,0.0,0.1917808219178082,0.0,0.80418915,0.8727337,0.833597,0.1641791044776119,0.915915,0.0,0.1917808219178082,0.0,0.80418915,0.8727337,0.833597,0.1641791044776119,5,0
DB01070,151,0,train,4.0,7.0,0.196098,0.0,0.0,0.0,0.3517817,0.72605455,0.69610584,0.0653266331658291,0.784392,0.0,0.0,0.0,2.4624719,5.08238185,4.87274088,0.4572864321608036,5,0
DB00590,96,0,train,1.0,5.0,0.123783,0.0,0.0833333333333333,0.0,0.6997719,0.5635351,0.70548403,0.0694444444444444,0.123783,0.0,0.4166666666666665,0.0,3.4988595,2.8176755,3.52742015,0.347222222222222,5,0
DB01020,255,0,train,3.0,1.0,0.0,0.0,0.0277777777777777,0.0,0.76527077,0.753253,0.79888594,0.1081081081081081,0.0,0.0,0.0277777777777777,0.0,0.76527077,0.753253,0.79888594,0.1081081081081081,5,0
DB00338,134,0,train,15.0,3.0,0.069266,0.0,0.1351351351351351,0.0,0.7856811,0.76041365,0.7279053,0.173469387755102,1.03899,0.0,0.4054054054054052,0.0,2.3570433,2.28124095,2.1837159,0.520408163265306,5,0
DB01095,127,0,train,6.0,1.0,0.19656,0.0,0.145631067961165,0.0,0.7436984,0.8387871,0.8178493,0.2288135593220339,1.17936,0.0,0.145631067961165,0.0,0.7436984,0.8387871,0.8178493,0.2288135593220339,5,0
DB00699,119,0,train,3.0,1.0,0.108666,0.1666666666666666,0.2142857142857142,0.0,0.82310677,0.8699372,0.7911862,0.2,0.325998,0.1666666666666666,0.2142857142857142,0.0,0.82310677,0.8699372,0.7911862,0.2,5,0
DB00555,99,0,train,59.0,3.0,0.085936,0.320754716981132,0.22,0.0,0.9385894,0.91619456,0.90261745,0.2727272727272727,5.070224,0.962264150943396,0.66,0.0,2.8157682,2.74858368,2.70785235,0.8181818181818181,5,0
DB01255,102,0,train,1.0,1.0,0.0,0.0,0.0,0.0,0.76134837,0.7850135,0.77737415,0.0756302521008403,0.0,0.0,0.0,0.0,0.76134837,0.7850135,0.77737415,0.0756302521008403,5,0
DB01009,353,0,train,2.0,6.0,0.200298,0.0,0.03125,0.0,0.8352711,0.82086647,0.821715,0.0857142857142857,0.400596,0.0,0.1875,0.0,5.0116266000000005,4.92519882,4.930289999999999,0.5142857142857142,5,0
DB00449,261,0,train,1.0,4.0,0.178915,0.0,0.0192307692307692,0.0,0.80847543,0.72175735,0.73681843,0.1034482758620689,0.178915,0.0,0.0769230769230768,0.0,3.23390172,2.8870294,2.94727372,0.4137931034482756,5,0
DB01068,286,0,train,0.0,8.0,0.340306,0.0,0.0,0.0,0.0,0.0,0.0,0.0,0.0,0.0,0.0,0.0,0.0,0.0,0.0,0.0,5,0
DB00881,37,0,train,11.0,3.0,0.185892,0.0,0.0769230769230769,0.0,0.82355255,0.81665635,0.74791753,0.2391304347826087,2.044812,0.0,0.2307692307692307,0.0,2.47065765,2.44996905,2.24375259,0.7173913043478262,5,0
DB08824,63,0,train,1.0,1.0,0.185453,0.0,0.0,0.0,0.61567295,0.596173,0.55844295,0.1147540983606557,0.185453,0.0,0.0,0.0,0.61567295,0.596173,0.55844295,0.1147540983606557,5,0
DB01196,55,0,train,4.0,2.0,0.03469,0.0,0.1011235955056179,0.0,0.76690316,0.7406136,0.71786535,0.1984732824427481,0.13876,0.0,0.2022471910112358,0.0,1.53380632,1.4812272,1.4357307,0.3969465648854962,5,0
DB01110,73,0,train,29.0,2.0,0.0,0.0273972602739726,0.1081081081081081,0.0,0.8136393,0.90099525,0.86552346,0.24,0.0,0.0547945205479452,0.2162162162162162,0.0,1.6272786,1.8019905,1.73104692,0.48,5,0
DB00731,248,0,train,0.0,4.0,0.069545,0.0,0.0,0.0,0.0,0.0,0.0,0.0,0.0,0.0,0.0,0.0,0.0,0.0,0.0,0.0,5,0
DB01016,274,0,train,5.0,1.0,0.14672,0.0,0.1864406779661017,0.0,0.7539842,0.7684916,0.7856833,0.1651785714285714,0.7335999999999999,0.0,0.1864406779661017,0.0,0.7539842,0.7684916,0.7856833,0.1651785714285714,5,0
DB00494,193,0,train,0.0,9.0,0.131174,0.0,0.0,0.0,0.0,0.0,0.0,0.0,0.0,0.0,0.0,0.0,0.0,0.0,0.0,0.0,5,0
DB01132,322,0,train,22.0,3.0,0.202452,0.0,0.1914893617021276,0.0,0.75379497,0.8177658,0.78448915,0.2566371681415929,4.453944,0.0,0.5744680851063828,0.0,2.26138491,2.4532974,2.35346745,0.7699115044247786,5,0
DB08906,120,0,train,3.0,4.0,0.121895,0.0,0.0461538461538461,0.0,0.8829206,0.784452,0.77169275,0.1798561151079136,0.365685,0.0,0.1846153846153844,0.0,3.5316824,3.137808,3.086771,0.7194244604316544,5,0
DB00449,88,0,train,5.0,4.0,0.287587,0.0,0.0232558139534883,0.0,0.85569686,0.8219676,0.7992854,0.2611940298507462,1.437935,0.0,0.0930232558139532,0.0,3.42278744,3.2878704,3.1971416,1.0447761194029848,5,0
DB00275,347,0,train,33.0,2.0,0.120224,0.0,0.064516129032258,0.0,0.85184073,0.8428885,0.8326919,0.28125,3.967392,0.0,0.129032258064516,0.0,1.70368146,1.685777,1.6653838,0.5625,5,0
DB01189,268,0,train,4.0,3.0,0.222342,0.0,0.0217391304347826,0.0,0.69951737,0.7513523,0.58721673,0.02,0.889368,0.0,0.0652173913043478,0.0,2.09855211,2.2540569,1.76165019,0.06,5,0
DB01085,106,0,train,5.0,1.0,0.163692,0.0,0.044776119402985,0.0,0.8506415,0.7392262,0.80422616,0.1228070175438596,0.81846,0.0,0.044776119402985,0.0,0.8506415,0.7392262,0.80422616,0.1228070175438596,5,0
DB00264,75,0,train,2.0,5.0,0.276688,0.0,0.0697674418604651,0.0,0.8272983,0.8119178,0.77921855,0.1818181818181818,0.553376,0.0,0.3488372093023255,0.0,4.1364915,4.059589,3.89609275,0.909090909090909,5,0
DB00927,339,0,train,0.0,4.0,0.273683,0.0,0.0,0.0,0.0,0.0,0.0,0.0,0.0,0.0,0.0,0.0,0.0,0.0,0.0,0.0,5,0
DB00909,163,0,train,15.0,11.0,0.296554,0.1372549019607843,0.1818181818181818,0.0,0.9002697,0.9109501,0.8604768,0.2352941176470588,4.448309999999999,1.5098039215686272,2.0,0.0,9.9029667,10.0204511,9.4652448,2.5882352941176467,5,0
DB00379,102,0,train,1.0,1.0,0.0,0.0,0.044776119402985,0.0,0.7281337,0.7736076,0.64206594,0.0784313725490196,0.0,0.0,0.044776119402985,0.0,0.7281337,0.7736076,0.64206594,0.0784313725490196,5,0
DB01029,86,0,train,1.0,6.0,0.081781,0.0,0.0634920634920634,0.0,0.79005235,0.5970269,0.6748351,0.0699300699300699,0.081781,0.0,0.3809523809523804,0.0,4.7403141,3.5821614000000004,4.0490106,0.4195804195804193,5,0
DB00968,324,0,train,2.0,1.0,0.0,0.0,0.0408163265306122,0.0,0.7716834,0.7017842,0.72280633,0.1184210526315789,0.0,0.0,0.0408163265306122,0.0,0.7716834,0.7017842,0.72280633,0.1184210526315789,5,0
DB00440,87,0,train,1.0,3.0,0.228321,0.0,0.0704225352112676,0.0,0.8546593,0.6155727,0.6702248,0.0446428571428571,0.228321,0.0,0.2112676056338027,0.0,2.5639779000000003,1.8467181,2.0106744,0.1339285714285713,5,0
DB00394,192,0,train,0.0,6.0,0.019588,0.0,0.0,0.0,0.0,0.0,0.0,0.0,0.0,0.0,0.0,0.0,0.0,0.0,0.0,0.0,5,0
DB00804,162,0,train,5.0,2.0,0.102985,0.0,0.037037037037037,0.0,0.8225701,0.88990545,0.75902843,0.1228070175438596,0.514925,0.0,0.074074074074074,0.0,1.6451402,1.7798109,1.51805686,0.2456140350877192,5,0
DB00443,404,0,train,5.0,5.0,0.0,0.0,0.0384615384615384,0.0,0.78107995,0.8308592,0.7580352,0.1692307692307692,0.0,0.0,0.192307692307692,0.0,3.90539975,4.154296,3.790176,0.846153846153846,5,0
DB00334,255,0,train,3.0,3.0,0.282081,0.0,0.0689655172413793,0.0,0.76929253,0.70140046,0.75535905,0.1801801801801801,0.8462430000000001,0.0,0.2068965517241379,0.0,2.30787759,2.10420138,2.26607715,0.5405405405405402,5,0
DB01037,340,0,train,1.0,12.0,0.092779,0.0,0.0958904109589041,0.0,0.62307495,0.71559227,0.6642906,0.0838323353293413,0.092779,0.0,1.1506849315068493,0.0,7.476899400000001,8.58710724,7.971487199999999,1.0059880239520955,5,0
DB00227,246,0,train,0.0,2.0,0.039416,0.0,0.0,0.0,0.0,0.0,0.0,0.0,0.0,0.0,0.0,0.0,0.0,0.0,0.0,0.0,5,0
DB00706,372,0,train,2.0,3.0,0.174546,0.0,0.044776119402985,0.0,0.8354157,0.77117044,0.7590369,0.0719424460431654,0.349092,0.0,0.134328358208955,0.0,2.5062471,2.31351132,2.2771107,0.2158273381294961,5,0
DB00570,137,0,train,2.0,7.0,0.449928,0.0,0.0192307692307692,0.0,0.6860619,0.777499,0.6332787,0.1412742382271468,0.899856,0.0,0.1346153846153844,0.0,4.8024333,5.442493000000001,4.4329509,0.9889196675900276,5,0
DB00284,329,0,train,3.0,3.0,0.039946,0.0,0.0277777777777777,0.0,0.69107074,0.7295312,0.59531945,0.0756756756756756,0.119838,0.0,0.083333333333333,0.0,2.0732122200000003,2.1885936,1.78595835,0.2270270270270268,5,0
DB01390,242,0,train,0.0,1.0,0.024027,0.0,0.0,0.0,0.0,0.0,0.0,0.0,0.0,0.0,0.0,0.0,0.0,0.0,0.0,0.0,5,0
DB08804,74,0,train,1.0,1.0,0.224344,0.0625,0.0172413793103448,0.0,0.6302734,0.738111,0.86693007,0.0592592592592592,0.224344,0.0625,0.0172413793103448,0.0,0.6302734,0.738111,0.86693007,0.0592592592592592,5,0
DB00241,84,0,train,3.0,2.0,0.025115,0.0,0.1025641025641025,0.0,0.8197098,0.7597218,0.78410876,0.1,0.075345,0.0,0.205128205128205,0.0,1.6394196,1.5194436,1.56821752,0.2,5,0
DB00441,405,0,train,55.0,3.0,0.16814,0.0,0.048780487804878,0.0,0.8372251,0.83254135,0.75265265,0.1134020618556701,9.2477,0.0,0.146341463414634,0.0,2.5116753000000003,2.49762405,2.25795795,0.3402061855670103,5,0
DB00800,300,0,train,1.0,2.0,0.118222,0.0,0.0714285714285714,0.0,0.72669315,0.7317143,0.5532101,0.0776699029126213,0.118222,0.0,0.1428571428571428,0.0,1.4533863,1.4634286,1.1064202,0.1553398058252426,5,0
DB01196,335,0,train,3.0,2.0,0.114923,0.0,0.1379310344827586,0.0,0.84655297,0.77331305,0.7564527,0.2439024390243902,0.344769,0.0,0.2758620689655172,0.0,1.69310594,1.5466261,1.5129054,0.4878048780487804,5,0
DB00744,370,0,train,13.0,2.0,0.067359,0.0,0.1551724137931034,0.0,0.88025177,0.80633605,0.8027048,0.2432432432432432,0.875667,0.0,0.3103448275862068,0.0,1.76050354,1.6126721,1.6054096,0.4864864864864864,5,0
DB00992,349,0,train,1.0,1.0,0.036481,0.0,0.0,0.0,0.7068124,0.6500095,0.62850565,0.0227272727272727,0.036481,0.0,0.0,0.0,0.7068124,0.6500095,0.62850565,0.0227272727272727,5,0
DB00972,117,0,train,21.0,4.0,0.053984,0.1818181818181818,0.2222222222222222,0.0,0.90221846,0.8572521,0.74009526,0.3109243697478991,1.133664,0.7272727272727272,0.8888888888888888,0.0,3.60887384,3.4290084,2.96038104,1.2436974789915964,5,0
DB08803,94,0,train,14.0,3.0,0.124878,0.0,0.0,0.0,0.5626386,0.7865255,0.7962428,0.2127659574468085,1.748292,0.0,0.0,0.0,1.6879158,2.3595765,2.3887284,0.6382978723404256,5,0
DB00146,206,0,train,1.0,4.0,0.296825,0.0,0.0277777777777777,0.0,0.52738315,0.7663084,0.5590181,0.0673076923076923,0.296825,0.0,0.1111111111111108,0.0,2.1095326,3.0652336,2.2360724,0.2692307692307692,5,0
DB00284,129,0,train,4.0,3.0,0.1825,0.0,0.025,0.0,0.7589708,0.7240348,0.7456838,0.0571428571428571,0.73,0.0,0.075,0.0,2.2769124,2.1721044,2.2370514,0.1714285714285713,5,0
DB00514,120,0,train,3.0,1.0,0.0,0.074074074074074,0.1466666666666666,0.25,0.85357165,0.8047448,0.836128,0.1415094339622641,0.0,0.074074074074074,0.1466666666666666,0.25,0.85357165,0.8047448,0.836128,0.1415094339622641,5,0
DB00819,365,0,train,6.0,7.0,0.189807,0.1212121212121212,0.1351351351351351,0.0,0.8587254,0.8164282,0.78673816,0.125,1.138842,0.8484848484848484,0.9459459459459456,0.0,6.0110778,5.714997400000001,5.50716712,0.875,5,0
DB06803,96,0,train,1.0,1.0,0.0,0.0,0.0317460317460317,0.0,0.6737465,0.56288874,0.71553504,0.0545454545454545,0.0,0.0,0.0317460317460317,0.0,0.6737465,0.56288874,0.71553504,0.0545454545454545,5,0
DB01225,178,0,train,1.0,4.0,0.135748,0.0,0.0,0.0,0.72046,0.8419978,0.77001727,0.0627615062761506,0.135748,0.0,0.0,0.0,2.88184,3.3679912,3.08006908,0.2510460251046024,5,0
DB01077,328,0,train,8.0,1.0,0.163087,0.0,0.0416666666666666,0.0,0.8412167,0.68246305,0.8217052,0.0714285714285714,1.304696,0.0,0.0416666666666666,0.0,0.8412167,0.68246305,0.8217052,0.0714285714285714,5,0
DB01359,74,0,train,1.0,3.0,0.128894,0.8,0.4347826086956521,0.0,0.85925335,0.6710632,0.7134751,0.3614457831325301,0.128894,2.4000000000000004,1.3043478260869563,0.0,2.57776005,2.0131896,2.1404253,1.0843373493975903,5,0
DB01045,249,0,train,0.0,1.0,0.058128,0.0,0.0,0.0,0.0,0.0,0.0,0.0,0.0,0.0,0.0,0.0,0.0,0.0,0.0,0.0,5,0
DB00966,397,0,train,4.0,2.0,0.116072,0.0,0.0892857142857142,0.0,0.8074141,0.87369823,0.7430215,0.1376811594202898,0.464288,0.0,0.1785714285714284,0.0,1.6148282,1.74739646,1.486043,0.2753623188405796,5,0
DB00813,138,0,train,5.0,0.0,0.0,0.0,0.1940298507462686,0.0,0.8880824,0.91320014,0.81543744,0.2962962962962963,0.0,0.0,0.0,0.0,0.0,0.0,0.0,0.0,5,0
DB00584,179,0,train,1.0,2.0,0.254315,0.0,0.0,0.0,0.6222681,0.73896337,0.6779043,0.06,0.254315,0.0,0.0,0.0,1.2445362,1.47792674,1.3558086,0.12,5,0
DB00751,280,0,train,33.0,3.0,0.124466,0.0,0.1458333333333333,0.0,0.84074396,0.84791607,0.83613724,0.240506329113924,4.107378,0.0,0.4374999999999999,0.0,2.52223188,2.54374821,2.50841172,0.721518987341772,5,0
DB00289,63,0,train,1.0,1.0,0.0,0.0,0.0666666666666666,0.0,0.74359703,0.8133118,0.7603599,0.1666666666666666,0.0,0.0,0.0666666666666666,0.0,0.74359703,0.8133118,0.7603599,0.1666666666666666,5,0
DB00227,389,0,train,1.0,2.0,0.210564,0.0,0.2753623188405797,0.0,0.6837253,0.6733861,0.717623,0.0804597701149425,0.210564,0.0,0.5507246376811594,0.0,1.3674506,1.3467722,1.435246,0.160919540229885,5,0
DB00977,342,0,train,5.0,5.0,0.218367,0.0,0.0786516853932584,0.0,0.6810348,0.79465175,0.80484426,0.1844660194174757,1.091835,0.0,0.393258426966292,0.0,3.405174,3.97325875,4.0242213,0.9223300970873785,5,0
DB00280,111,0,train,1.0,1.0,0.0,0.0,0.0,0.0,0.7919265,0.70154333,0.74334717,0.0983606557377049,0.0,0.0,0.0,0.0,0.7919265,0.70154333,0.74334717,0.0983606557377049,5,0
DB01085,252,0,train,4.0,1.0,0.220228,0.0,0.087719298245614,0.0,0.8216654,0.7331938,0.75772953,0.1,0.880912,0.0,0.087719298245614,0.0,0.8216654,0.7331938,0.75772953,0.1,5,0
DB00230,227,0,train,1.0,1.0,0.076613,0.0,0.125,0.0,0.77951556,0.746737,0.5708013,0.0108695652173913,0.076613,0.0,0.125,0.0,0.77951556,0.746737,0.5708013,0.0108695652173913,5,0
DB00373,162,0,train,5.0,5.0,0.281427,0.5,0.4489795918367347,0.0,0.9161925,0.7673194,0.8370563,0.1914893617021276,1.4071349999999998,2.5,2.2448979591836733,0.0,4.5809625,3.836597,4.1852815,0.957446808510638,5,0
DB00929,94,0,train,14.0,2.0,0.118471,0.0,0.0512820512820512,0.0,0.8373841,0.8546256,0.81692237,0.1641791044776119,1.658594,0.0,0.1025641025641024,0.0,1.6747682,1.7092512,1.63384474,0.3283582089552238,5,0
DB00408,86,0,train,1.0,1.0,0.108297,0.0,0.0,0.0,0.6533476,0.71304554,0.5940739,0.05,0.108297,0.0,0.0,0.0,0.6533476,0.71304554,0.5940739,0.05,5,0
DB01193,58,0,train,2.0,2.0,0.158584,0.0,0.0163934426229508,0.0,0.784345,0.80188286,0.8356786,0.0931174089068826,0.317168,0.0,0.0327868852459016,0.0,1.56869,1.60376572,1.6713572,0.1862348178137652,5,0
DB01577,151,0,train,4.0,4.0,0.130838,0.0,0.0253164556962025,0.0,0.7134978,0.6875886,0.5393343,0.109090909090909,0.523352,0.0,0.10126582278481,0.0,2.8539912,2.7503544,2.1573372,0.436363636363636,5,0
DB00790,203,0,train,1.0,3.0,0.299207,0.0,0.0294117647058823,0.0,0.7528558,0.6297171,0.7817388,0.0256410256410256,0.299207,0.0,0.0882352941176469,0.0,2.2585674,1.8891513,2.3452164,0.0769230769230767,5,0
DB00906,33,0,train,1.0,1.0,0.264638,0.0,0.0972222222222222,0.0,0.7538987,0.7110371,0.6930545,0.1238095238095238,0.264638,0.0,0.0972222222222222,0.0,0.7538987,0.7110371,0.6930545,0.1238095238095238,5,0
DB01033,175,0,train,1.0,5.0,0.213665,0.0,0.0289855072463768,0.0,0.8564462,0.8264959,0.7164042,0.0526315789473684,0.213665,0.0,0.144927536231884,0.0,4.282231,4.1324795,3.582021,0.263157894736842,5,0
DB00584,120,0,train,3.0,2.0,0.066899,0.0,0.0441176470588235,0.0,0.8197525,0.8607484,0.796714,0.2432432432432432,0.200697,0.0,0.088235294117647,0.0,1.639505,1.7214968,1.593428,0.4864864864864864,5,0
DB08800,297,0,train,6.0,4.0,0.112723,0.0,0.0571428571428571,0.0,0.6259318,0.8563186,0.83073944,0.3132530120481928,0.676338,0.0,0.2285714285714284,0.0,2.5037272,3.4252744,3.32295776,1.2530120481927711,5,0
DB00706,63,0,train,1.0,3.0,0.083202,0.0,0.1896551724137931,0.0,0.85654336,0.78077376,0.734324,0.2113821138211382,0.083202,0.0,0.5689655172413792,0.0,2.56963008,2.34232128,2.202972,0.6341463414634145,5,0
DB01189,174,0,train,14.0,3.0,0.129576,0.5517241379310345,0.1578947368421052,0.0,0.7329655,0.84095275,0.8116666,0.0327868852459016,1.814064,1.6551724137931034,0.4736842105263156,0.0,2.1988965,2.52285825,2.4349998,0.0983606557377048,5,0
DB00305,112,0,train,2.0,2.0,0.114959,0.0,0.0256410256410256,0.0,0.7735463,0.7008217,0.6590633,0.1374045801526717,0.229918,0.0,0.0512820512820512,0.0,1.5470926,1.4016434,1.3181266,0.2748091603053434,5,0
DB00957,207,0,train,1.0,2.0,0.266441,0.0,0.0909090909090909,0.0,0.6281432,0.7170314,0.74790084,0.065359477124183,0.266441,0.0,0.1818181818181818,0.0,1.2562864,1.4340628,1.49580168,0.130718954248366,5,0
DB01129,261,0,train,1.0,3.0,0.05523,0.0,0.1343283582089552,0.0,0.79141736,0.7532388,0.7355298,0.2385321100917431,0.05523,0.0,0.4029850746268656,0.0,2.37425208,2.2597164,2.2065894,0.7155963302752293,5,0
DB00489,44,0,train,8.0,2.0,0.071237,0.0,0.0588235294117647,0.0,0.7794178,0.9065336,0.8168767,0.2463768115942029,0.569896,0.0,0.1176470588235294,0.0,1.5588356,1.8130672,1.6337534,0.4927536231884058,5,0
DB00757,347,0,train,33.0,1.0,0.151521,0.0,0.2558139534883721,0.0,0.8322239,0.8957329,0.8678714,0.2231404958677686,5.000192999999999,0.0,0.2558139534883721,0.0,0.8322239,0.8957329,0.8678714,0.2231404958677686,5,0
DB00747,70,0,train,0.0,7.0,0.1635,0.0,0.0,0.0,0.0,0.0,0.0,0.0,0.0,0.0,0.0,0.0,0.0,0.0,0.0,0.0,5,0
DB00682,354,0,train,7.0,5.0,0.279876,0.0909090909090909,0.1551724137931034,0.0,0.769181,0.85707533,0.72035563,0.2066115702479339,1.959132,0.4545454545454545,0.775862068965517,0.0,3.845905,4.28537665,3.6017781500000003,1.0330578512396695,5,0
DB01106,164,0,train,5.0,5.0,0.0,0.0,0.1081081081081081,0.0,0.77405894,0.85950637,0.7883261,0.217391304347826,0.0,0.0,0.5405405405405405,0.0,3.8702947,4.29753185,3.9416305,1.08695652173913,5,0
DB00494,339,0,train,0.0,9.0,0.08652,0.0,0.0,0.0,0.0,0.0,0.0,0.0,0.0,0.0,0.0,0.0,0.0,0.0,0.0,0.0,5,0
DB00262,308,0,train,3.0,5.0,0.16637,0.0,0.0925925925925925,0.0,0.7437141,0.7383648,0.7474527,0.1025641025641025,0.4991099999999999,0.0,0.4629629629629625,0.0,3.7185705,3.691824,3.7372635,0.5128205128205126,5,0
DB01200,240,0,train,1.0,1.0,0.0,0.0,0.0240963855421686,0.0,0.6593631,0.7810288,0.66419077,0.015625,0.0,0.0,0.0240963855421686,0.0,0.6593631,0.7810288,0.66419077,0.015625,5,0
DB01043,399,0,train,5.0,8.0,0.303721,0.0,0.015625,0.0,0.8125333,0.8232426,0.73434556,0.074074074074074,1.518605,0.0,0.125,0.0,6.5002664,6.5859408,5.87476448,0.592592592592592,5,0
DB00364,8,0,train,8.0,3.0,0.08829,0.0,0.075,0.0,0.7750168,0.8300079,0.74403286,0.0433212996389891,0.70632,0.0,0.2249999999999999,0.0,2.3250504,2.4900237,2.23209858,0.1299638989169673,5,0
DB00593,263,0,train,0.0,0.0,0.0,0.0,0.0,0.0,0.0,0.0,0.0,0.0,0.0,0.0,0.0,0.0,0.0,0.0,0.0,0.0,5,0
DB00859,391,0,train,4.0,1.0,0.056074,0.0,0.0606060606060606,0.0,0.8094623,0.77050185,0.7858622,0.0952380952380952,0.224296,0.0,0.0606060606060606,0.0,0.8094623,0.77050185,0.7858622,0.0952380952380952,5,0
DB01105,210,0,train,3.0,3.0,0.148666,0.25,0.2068965517241379,0.0,0.7676614,0.85654,0.84375757,0.2142857142857142,0.445998,0.75,0.6206896551724137,0.0,2.3029842,2.56962,2.53127271,0.6428571428571426,5,0
DB00555,386,0,train,4.0,3.0,0.464785,0.3555555555555555,0.2222222222222222,0.0,0.9274759,0.9208501,0.9001965,0.1666666666666666,1.85914,1.0666666666666664,0.6666666666666666,0.0,2.7824277,2.7625503,2.7005895,0.4999999999999998,5,0
DB00182,38,0,train,6.0,3.0,0.145078,0.0,0.09375,0.0,0.774141,0.70221126,0.7186812,0.25,0.870468,0.0,0.28125,0.0,2.322423,2.10663378,2.1560436000000003,0.75,5,0
DB00277,53,0,train,1.0,3.0,0.201096,0.0,0.0422535211267605,0.0,0.7180163,0.8322995,0.67418283,0.1428571428571428,0.201096,0.0,0.1267605633802815,0.0,2.1540489000000003,2.4968985,2.02254849,0.4285714285714284,5,0
DB00672,376,0,train,16.0,4.0,0.106095,0.0,0.1636363636363636,0.0,0.85255384,0.7810942,0.7926767,0.2112676056338028,1.69752,0.0,0.6545454545454544,0.0,3.41021536,3.1243768,3.1707068,0.8450704225352113,5,0
DB01221,339,0,train,0.0,1.0,0.0,0.0,0.0,0.0,0.0,0.0,0.0,0.0,0.0,0.0,0.0,0.0,0.0,0.0,0.0,0.0,5,0
DB00282,65,0,train,6.0,8.0,0.399542,0.0,0.0576923076923076,0.0,0.83257127,0.720543,0.7937759,0.0703125,2.397252,0.0,0.4615384615384608,0.0,6.66057016,5.764344,6.3502072,0.5625,5,0
DB00553,93,0,train,4.0,1.0,0.190559,0.0,0.0363636363636363,0.0,0.81255496,0.7293464,0.71967965,0.0333333333333333,0.762236,0.0,0.0363636363636363,0.0,0.81255496,0.7293464,0.71967965,0.0333333333333333,5,0
DB00530,350,0,train,4.0,1.0,0.133277,0.0,0.1571428571428571,0.0,0.876157,0.78163385,0.0,0.1437908496732026,0.533108,0.0,0.1571428571428571,0.0,0.876157,0.78163385,0.0,0.1437908496732026,5,0
DB00305,144,0,train,8.0,2.0,0.305113,0.0,0.1944444444444444,0.0,0.8820754,0.8598217,0.84135365,0.1271186440677966,2.440904,0.0,0.3888888888888888,0.0,1.7641508,1.7196434,1.6827073,0.2542372881355932,5,0
DB00141,139,0,train,0.0,3.0,0.160369,0.0,0.0,0.0,0.0,0.0,0.0,0.0,0.0,0.0,0.0,0.0,0.0,0.0,0.0,0.0,5,0
DB00477,226,0,train,1.0,1.0,0.133508,0.0,0.0948275862068965,0.0,0.71820533,0.825601,0.7441569,0.1888888888888888,0.133508,0.0,0.0948275862068965,0.0,0.71820533,0.825601,0.7441569,0.1888888888888888,5,0
DB00367,311,0,train,5.0,2.0,0.205172,0.125,0.1590909090909091,0.0,0.7158564,0.8837385,0.746295,0.219298245614035,1.02586,0.25,0.3181818181818182,0.0,1.4317128,1.767477,1.49259,0.43859649122807,5,0
DB00180,180,0,train,0.0,2.0,0.089293,0.0,0.0,0.0,0.0,0.0,0.0,0.0,0.0,0.0,0.0,0.0,0.0,0.0,0.0,0.0,5,0
DB01030,57,0,train,2.0,1.0,0.0,0.0,0.0188679245283018,0.0,0.76206887,0.7515807,0.6306691,0.093984962406015,0.0,0.0,0.0188679245283018,0.0,0.76206887,0.7515807,0.6306691,0.093984962406015,5,0
DB00321,339,0,train,0.0,3.0,0.0,0.0,0.0,0.0,0.0,0.0,0.0,0.0,0.0,0.0,0.0,0.0,0.0,0.0,0.0,0.0,5,0
DB00321,53,0,train,1.0,3.0,0.103853,0.0,0.07,0.0,0.8665873,0.83071554,0.75099975,0.2045454545454545,0.103853,0.0,0.21,0.0,2.5997619,2.49214662,2.25299925,0.6136363636363635,5,0
DB00983,87,0,train,1.0,3.0,0.121158,0.0,0.0757575757575757,0.0,0.7025523,0.6213734,0.7241073,0.0573770491803278,0.121158,0.0,0.2272727272727271,0.0,2.1076569000000003,1.8641202,2.1723219,0.1721311475409834,5,0
DB00230,231,0,train,2.0,1.0,0.0,0.0,0.0161290322580645,0.0,0.7532649,0.7269056,0.39605987,0.0481927710843373,0.0,0.0,0.0161290322580645,0.0,0.7532649,0.7269056,0.39605987,0.0481927710843373,5,0
DB01003,239,0,train,12.0,2.0,0.1446,0.0,0.0638297872340425,0.0,0.8088857,0.8664047,0.80421877,0.1964285714285714,1.7352,0.0,0.127659574468085,0.0,1.6177714,1.7328094,1.60843754,0.3928571428571428,5,0
DB00270,400,0,train,1.0,1.0,0.125008,0.0,0.1219512195121951,0.0,0.8938449,0.68958855,0.8373689,0.112781954887218,0.125008,0.0,0.1219512195121951,0.0,0.8938449,0.68958855,0.8373689,0.112781954887218,5,0
DB01110,321,0,train,1.0,2.0,0.085742,0.0,0.0163934426229508,0.0,0.848014,0.8370182,0.7005053,0.0774647887323943,0.085742,0.0,0.0327868852459016,0.0,1.696028,1.6740364,1.4010106,0.1549295774647886,5,0
DB00310,138,0,train,5.0,2.0,0.276217,0.0,0.081967213114754,0.0,0.8975762,0.81110936,0.0,0.2211538461538461,1.381085,0.0,0.163934426229508,0.0,1.7951524,1.62221872,0.0,0.4423076923076922,5,0
DB01320,274,0,train,5.0,2.0,0.0,0.0,0.0694444444444444,0.0,0.8368,0.83377093,0.7626679,0.1338028169014084,0.0,0.0,0.1388888888888888,0.0,1.6736,1.66754186,1.5253358,0.2676056338028168,5,0
DB00770,356,0,train,4.0,1.0,0.0,0.0,0.0441176470588235,0.0,0.809652,0.78280604,0.817372,0.1382113821138211,0.0,0.0,0.0441176470588235,0.0,0.809652,0.78280604,0.817372,0.1382113821138211,5,0
DB01576,368,0,train,1.0,2.0,0.121731,0.0,0.0392156862745098,0.0,0.8613656,0.8506534,0.7225163,0.1772151898734177,0.121731,0.0,0.0784313725490196,0.0,1.7227312,1.7013068,1.4450326,0.3544303797468354,5,0
DB08800,20,0,train,5.0,4.0,0.084781,0.0,0.0178571428571428,0.0,0.7362501,0.7698687,0.72438323,0.1653543307086614,0.423905,0.0,0.0714285714285712,0.0,2.9450004,3.0794748,2.89753292,0.6614173228346456,5,0
DB00454,243,0,train,10.0,1.0,0.327594,0.2195121951219512,0.2153846153846154,0.2,0.86402357,0.7942239,0.8748042,0.1914893617021276,3.27594,0.2195121951219512,0.2153846153846154,0.2,0.86402357,0.7942239,0.8748042,0.1914893617021276,5,0
DB00286,124,0,train,69.0,8.0,0.271952,0.125,0.125,0.0,0.84376585,0.8467912,0.83652186,0.221311475409836,18.764688000000003,1.0,1.0,0.0,6.7501268,6.7743296,6.69217488,1.770491803278688,5,0
DB00808,57,0,train,2.0,2.0,0.035763,0.0,0.0535714285714285,0.0,0.8276859,0.7983012,0.8763587,0.1244813278008298,0.071526,0.0,0.107142857142857,0.0,1.6553718,1.5966024,1.7527174,0.2489626556016596,5,0
DB00584,258,0,train,0.0,2.0,0.023339,0.0,0.0,0.0,0.0,0.0,0.0,0.0,0.0,0.0,0.0,0.0,0.0,0.0,0.0,0.0,5,0
DB00146,361,0,train,3.0,4.0,0.050687,0.0,0.0294117647058823,0.0,0.7615939,0.7510078,0.5950385,0.0652173913043478,0.152061,0.0,0.1176470588235292,0.0,3.0463756,3.0040312,2.380154,0.2608695652173912,5,0
DB00679,340,0,train,1.0,1.0,0.0,0.0,0.0869565217391304,0.0,0.688395,0.7260965,0.5307868,0.1559139784946236,0.0,0.0,0.0869565217391304,0.0,0.688395,0.7260965,0.5307868,0.1559139784946236,5,0
DB01283,161,0,train,1.0,2.0,0.0,0.0,0.0,0.0,0.5578339,0.58856565,0.6542469,0.0217391304347826,0.0,0.0,0.0,0.0,1.1156678,1.1771313,1.3084938,0.0434782608695652,5,0
DB00521,249,0,train,0.0,2.0,0.182077,0.0,0.0,0.0,0.0,0.0,0.0,0.0,0.0,0.0,0.0,0.0,0.0,0.0,0.0,0.0,5,0
DB00570,126,0,train,1.0,7.0,0.069231,0.0,0.0655737704918032,0.0,0.57946014,0.70299625,0.61852694,0.1227272727272727,0.069231,0.0,0.4590163934426224,0.0,4.05622098,4.92097375,4.32968858,0.8590909090909089,5,0
DB00771,17,0,train,1.0,2.0,0.106238,0.0,0.0,0.0,0.78094196,0.6393575,0.5794843,0.1287878787878787,0.106238,0.0,0.0,0.0,1.56188392,1.278715,1.1589686,0.2575757575757574,5,0
DB00969,160,0,train,2.0,1.0,0.0,0.0,0.1739130434782608,0.0,0.7923508,0.7744494,0.76874506,0.22,0.0,0.0,0.1739130434782608,0.0,0.7923508,0.7744494,0.76874506,0.22,5,0
DB01210,154,0,train,1.0,3.0,0.221668,0.0,0.0138888888888888,0.0,0.78368884,0.8193852,0.8061702,0.1415929203539823,0.221668,0.0,0.0416666666666664,0.0,2.3510665200000003,2.4581556,2.4185106,0.4247787610619469,5,0
DB01018,71,0,train,2.0,2.0,0.045981,0.0,0.0232558139534883,0.0,0.71046036,0.6834453,0.8301551,0.146067415730337,0.091962,0.0,0.0465116279069766,0.0,1.42092072,1.3668906,1.6603102,0.292134831460674,5,0
DB00796,246,0,train,0.0,2.0,0.084272,0.0,0.0,0.0,0.0,0.0,0.0,0.0,0.0,0.0,0.0,0.0,0.0,0.0,0.0,0.0,5,0
DB00489,335,0,train,3.0,2.0,0.0,0.0,0.0638297872340425,0.0,0.7794178,0.8407621,0.79665023,0.1690140845070422,0.0,0.0,0.127659574468085,0.0,1.5588356,1.6815242,1.59330046,0.3380281690140844,5,0
DB00203,302,0,train,2.0,3.0,0.14017,0.0,0.1149425287356321,0.0,0.8776293,0.6986549,0.6540391,0.106060606060606,0.28034,0.0,0.3448275862068963,0.0,2.6328879,2.0959647,1.9621173,0.318181818181818,5,0
DB00712,267,0,train,8.0,7.0,0.097393,0.0,0.1076923076923077,0.0,0.87022877,0.8804691,0.76495236,0.3114754098360656,0.779144,0.0,0.7538461538461538,0.0,6.09160139,6.1632837,5.35466652,2.180327868852459,5,0
DB01118,261,0,train,1.0,1.0,0.0,0.0,0.081081081081081,0.0,0.80482703,0.73216164,0.5978677,0.1904761904761904,0.0,0.0,0.081081081081081,0.0,0.80482703,0.73216164,0.5978677,0.1904761904761904,5,0
DB01367,387,0,train,4.0,2.0,0.215242,0.0256410256410256,0.1176470588235294,0.0,0.8659789,0.84631085,0.6156864,0.203125,0.860968,0.0512820512820512,0.2352941176470588,0.0,1.7319578,1.6926217,1.2313728,0.40625,5,0
DB01118,340,0,train,1.0,1.0,0.0,0.0,0.1710526315789473,0.0,0.67682534,0.6179527,0.55548716,0.1336633663366336,0.0,0.0,0.1710526315789473,0.0,0.67682534,0.6179527,0.55548716,0.1336633663366336,5,0
DB00208,23,0,train,0.0,1.0,0.126863,0.0,0.0,0.0,0.0,0.0,0.0,0.0,0.0,0.0,0.0,0.0,0.0,0.0,0.0,0.0,5,0
DB00557,267,0,train,8.0,6.0,0.083329,0.0,0.1,0.0,0.8848927,0.75881696,0.8507961,0.2307692307692307,0.666632,0.0,0.6000000000000001,0.0,5.3093562,4.55290176,5.1047766,1.384615384615384,5,0
DB00357,359,0,train,37.0,1.0,0.034623,0.0,0.1525423728813559,0.0,0.89052653,0.897377,0.7934508,0.1808510638297872,1.281051,0.0,0.1525423728813559,0.0,0.89052653,0.897377,0.7934508,0.1808510638297872,5,0
DB00958,168,0,train,6.0,4.0,0.050939,0.0,0.0652173913043478,0.0,0.7858081,0.700658,0.8207546,0.1304347826086956,0.3056339999999999,0.0,0.2608695652173912,0.0,3.1432324,2.802632,3.2830184,0.5217391304347824,5,0
DB00843,279,0,train,4.0,9.0,0.22557,0.0,0.0,0.0,0.78035057,0.71736723,0.74199003,0.1532258064516129,0.90228,0.0,0.0,0.0,7.023155129999999,6.45630507,6.67791027,1.3790322580645162,5,0
DB00593,340,0,train,1.0,0.0,0.0,0.0,0.12,0.0,0.7051522,0.57426,0.5704924,0.0632911392405063,0.0,0.0,0.0,0.0,0.0,0.0,0.0,0.0,5,0
DB01013,139,0,train,0.0,2.0,0.209842,0.0,0.0,0.0,0.0,0.0,0.0,0.0,0.0,0.0,0.0,0.0,0.0,0.0,0.0,0.0,5,0
DB00749,284,0,train,1.0,5.0,0.179409,0.0,0.0333333333333333,0.0,0.6837735,0.5039139,0.7434374,0.0909090909090909,0.179409,0.0,0.1666666666666665,0.0,3.4188675,2.5195695,3.717187,0.4545454545454545,5,0
DB00242,250,0,train,2.0,5.0,0.195994,0.0,0.024390243902439,0.0,0.72454345,0.7599351,0.80634564,0.0849056603773584,0.391988,0.0,0.121951219512195,0.0,3.62271725,3.7996755,4.0317282,0.424528301886792,5,0
DB01186,357,0,train,5.0,7.0,0.236202,0.032258064516129,0.1428571428571428,0.0,0.76726574,0.8283096,0.79321826,0.1983471074380165,1.18101,0.2258064516129029,0.9999999999999996,0.0,5.37086018,5.7981672,5.55252782,1.3884297520661155,5,0
DB00380,75,0,train,2.0,5.0,0.218178,0.0,0.03125,0.0,0.751277,0.81938875,0.7101396,0.1485148514851485,0.436356,0.0,0.15625,0.0,3.756385,4.09694375,3.550698,0.7425742574257426,5,0
DB01241,139,0,train,0.0,3.0,0.149258,0.0,0.0,0.0,0.0,0.0,0.0,0.0,0.0,0.0,0.0,0.0,0.0,0.0,0.0,0.0,5,0
DB00966,271,0,train,9.0,2.0,0.298168,0.2,0.05,0.0,0.82500315,0.7601731,0.7745034,0.2402597402597402,2.683512,0.4,0.1,0.0,1.6500063,1.5203462,1.5490068,0.4805194805194804,5,0
DB01124,398,0,train,1.0,4.0,0.051121,0.0,0.0470588235294117,0.0,0.61735666,0.8292882,0.60053647,0.1707317073170731,0.051121,0.0,0.1882352941176468,0.0,2.46942664,3.3171528,2.40214588,0.6829268292682924,5,0
DB00271,357,0,train,5.0,3.0,0.0,0.0,0.0285714285714285,0.0,0.61301184,0.64348185,0.7578186,0.0760869565217391,0.0,0.0,0.0857142857142855,0.0,1.83903552,1.93044555,2.2734558,0.2282608695652173,5,0
DB01161,209,0,train,3.0,1.0,0.095554,0.0,0.0517241379310344,0.0,0.65917695,0.7573334,0.8685187,0.1269841269841269,0.286662,0.0,0.0517241379310344,0.0,0.65917695,0.7573334,0.8685187,0.1269841269841269,5,0
DB01005,266,0,train,1.0,5.0,0.142021,0.0,0.0634920634920634,0.0,0.808885,0.6961389,0.46712667,0.0526315789473684,0.142021,0.0,0.317460317460317,0.0,4.044425,3.4806945,2.33563335,0.263157894736842,5,0
DB04861,335,0,train,3.0,4.0,0.243816,0.0,0.0980392156862745,0.0,0.7708001,0.8555373,0.8303765,0.1384615384615384,0.731448,0.0,0.392156862745098,0.0,3.0832004,3.4221492,3.321506,0.5538461538461537,5,0
DB00494,132,0,train,4.0,9.0,0.252351,0.0,0.0,0.0,0.76726776,0.6827943,0.7358397,0.0851063829787234,1.009404,0.0,0.0,0.0,6.90540984,6.1451487,6.6225573,0.7659574468085106,5,0
DB01063,91,0,train,1.0,1.0,0.137765,0.0,0.0217391304347826,0.0,0.70533156,0.7855525,0.65211356,0.131578947368421,0.137765,0.0,0.0217391304347826,0.0,0.70533156,0.7855525,0.65211356,0.131578947368421,5,0
DB00285,60,0,train,1.0,5.0,0.144214,0.0,0.037037037037037,0.0,0.8006222,0.7926918,0.7488445,0.075,0.144214,0.0,0.185185185185185,0.0,4.003111,3.963459,3.7442225,0.375,5,0
DB00527,321,0,train,1.0,1.0,0.0,0.0,0.05,0.0,0.57469743,0.7588845,0.6023176,0.0928571428571428,0.0,0.0,0.05,0.0,0.57469743,0.7588845,0.6023176,0.0928571428571428,5,0
DB01228,207,0,train,1.0,1.0,0.0,0.0,0.0303030303030303,0.0,0.6264858,0.78176236,0.7912134,0.1654676258992805,0.0,0.0,0.0303030303030303,0.0,0.6264858,0.78176236,0.7912134,0.1654676258992805,5,0
DB00810,280,0,train,33.0,2.0,0.128348,0.0,0.0909090909090909,0.0,0.7814828,0.8600599,0.77861357,0.2222222222222222,4.235484,0.0,0.1818181818181818,0.0,1.5629656,1.7201198,1.55722714,0.4444444444444444,5,0
DB01228,49,0,train,5.0,1.0,0.025959,0.0,0.1132075471698113,0.0,0.5702358,0.7271456,0.81577396,0.2685185185185185,0.129795,0.0,0.1132075471698113,0.0,0.5702358,0.7271456,0.81577396,0.2685185185185185,5,0
DB01359,383,0,train,1.0,3.0,0.254487,0.0,0.0,0.0,0.8651336,0.7478637,0.68125063,0.064516129032258,0.254487,0.0,0.0,0.0,2.5954008,2.2435911,2.04375189,0.1935483870967739,5,0
DB00245,269,0,train,5.0,1.0,0.055568,0.0,0.0666666666666666,0.0,0.78499436,0.78783894,0.78367007,0.1483870967741935,0.27784,0.0,0.0666666666666666,0.0,0.78499436,0.78783894,0.78367007,0.1483870967741935,5,0
DB00308,311,0,train,5.0,2.0,0.0,0.2307692307692307,0.1290322580645161,0.0,0.767225,0.8235676,0.7786237,0.2,0.0,0.4615384615384614,0.2580645161290322,0.0,1.53445,1.6471352,1.5572474,0.4,5,0
DB01151,80,0,train,8.0,3.0,0.086748,0.0,0.0987654320987654,0.0,0.7509807,0.86021817,0.84309715,0.2167832167832167,0.693984,0.0,0.2962962962962961,0.0,2.2529421,2.58065451,2.52929145,0.6503496503496501,5,0
DB00226,192,0,train,0.0,2.0,0.1398,0.0,0.0,0.0,0.0,0.0,0.0,0.0,0.0,0.0,0.0,0.0,0.0,0.0,0.0,0.0,5,0
DB00957,399,0,train,5.0,2.0,0.115364,0.0,0.0909090909090909,0.0,0.7234909,0.77986616,0.69365644,0.1349693251533742,0.57682,0.0,0.1818181818181818,0.0,1.4469818,1.55973232,1.38731288,0.2699386503067484,5,0
DB00490,192,0,train,0.0,3.0,0.209076,0.0,0.0,0.0,0.0,0.0,0.0,0.0,0.0,0.0,0.0,0.0,0.0,0.0,0.0,0.0,5,0
DB01144,121,0,train,0.0,1.0,0.073791,0.0,0.0,0.0,0.0,0.0,0.0,0.0,0.0,0.0,0.0,0.0,0.0,0.0,0.0,0.0,5,0
DB01073,69,0,train,11.0,5.0,0.190252,0.0,0.024390243902439,0.0,0.6972347,0.7369794,0.64251477,0.1052631578947368,2.092772,0.0,0.121951219512195,0.0,3.4861735,3.684897,3.21257385,0.526315789473684,5,0
DB00635,69,0,train,11.0,23.0,0.278868,0.0,0.0606060606060606,0.0,0.88283956,0.8494601,0.8252094,0.1203703703703703,3.067548,0.0,1.3939393939393938,0.0,20.30530988,19.5375823,18.9798162,2.768518518518517,5,0
DB00952,375,0,train,2.0,1.0,0.027653,0.0,0.0416666666666666,0.0,0.77761686,0.76706666,0.678504,0.1538461538461538,0.055306,0.0,0.0416666666666666,0.0,0.77761686,0.76706666,0.678504,0.1538461538461538,5,0
DB00210,239,0,train,12.0,1.0,0.0,0.0,0.0,0.0,0.7709769,0.77683103,0.7257304,0.2,0.0,0.0,0.0,0.0,0.7709769,0.77683103,0.7257304,0.2,5,0
DB00305,163,0,train,15.0,2.0,0.063462,0.0,0.04,0.0,0.854516,0.75283945,0.8072597,0.1313131313131313,0.95193,0.0,0.08,0.0,1.709032,1.5056789,1.6145194,0.2626262626262626,5,0
DB00501,189,0,train,1.0,4.0,0.171749,0.0,0.0777777777777777,0.0,0.69766855,0.65783006,0.7343431,0.0476190476190476,0.171749,0.0,0.3111111111111108,0.0,2.7906742,2.63132024,2.9373724,0.1904761904761904,5,0
DB01169,273,0,train,3.0,0.0,0.0,0.0,0.08,0.0,0.729154,0.6824429,0.7254901,0.04,0.0,0.0,0.0,0.0,0.0,0.0,0.0,0.0,5,0
DB00286,11,0,train,3.0,8.0,0.264642,0.1428571428571428,0.0930232558139534,0.0,0.8220155,0.8196071,0.7782191,0.2522522522522522,0.7939259999999999,1.1428571428571423,0.7441860465116272,0.0,6.576124,6.5568568,6.2257528,2.0180180180180174,5,0
DB00884,114,0,train,3.0,4.0,0.108474,0.0,0.0217391304347826,0.0,0.8511449,0.786793,0.63039434,0.0748663101604278,0.325422,0.0,0.0869565217391304,0.0,3.4045796,3.147172,2.52157736,0.2994652406417112,5,0
DB00191,49,0,train,5.0,3.0,0.284535,0.5,0.1525423728813559,0.0,0.7773381,0.8766774,0.77140003,0.2266666666666666,1.422675,1.5,0.4576271186440677,0.0,2.3320143,2.6300322,2.31420009,0.6799999999999998,5,0
DB00141,40,0,train,13.0,3.0,0.0,0.0,0.0625,0.0,0.6695067,0.76694775,0.0,0.1742424242424242,0.0,0.0,0.1875,0.0,2.0085201,2.30084325,0.0,0.5227272727272726,5,0
DB00552,281,0,train,1.0,1.0,0.08478,0.0,0.0,0.0,0.57912487,0.6348636,0.61156136,0.0673076923076923,0.08478,0.0,0.0,0.0,0.57912487,0.6348636,0.61156136,0.0673076923076923,5,0
DB01050,174,0,train,14.0,9.0,0.165395,0.0,0.1473684210526315,0.0,0.8272082,0.88520765,0.8557484,0.2040816326530612,2.31553,0.0,1.3263157894736837,0.0,7.4448738,7.96686885,7.701735599999999,1.8367346938775508,5,0
DB01001,263,0,train,0.0,2.0,0.230798,0.0,0.0,0.0,0.0,0.0,0.0,0.0,0.0,0.0,0.0,0.0,0.0,0.0,0.0,0.0,5,0
DB01233,234,0,train,1.0,2.0,0.140171,0.0,0.05,0.0,0.8663196,0.777068,0.76125544,0.1,0.140171,0.0,0.1,0.0,1.7326392,1.554136,1.52251088,0.2,5,0
DB00554,74,0,train,1.0,4.0,0.018554,0.0,0.0555555555555555,0.0,0.7524906,0.8501832,0.627358,0.2164948453608247,0.018554,0.0,0.222222222222222,0.0,3.0099624,3.4007328,2.509432,0.8659793814432988,5,0
DB00163,355,0,train,4.0,11.0,0.062164,0.0,0.109375,0.0,0.73673636,0.8187047,0.83391225,0.1287878787878787,0.248656,0.0,1.203125,0.0,8.10409996,9.0057517,9.17303475,1.4166666666666656,5,0
DB01083,285,0,train,1.0,1.0,0.12393,0.0,0.0384615384615384,0.0,0.6565884,0.81253284,0.6780175,0.0422535211267605,0.12393,0.0,0.0384615384615384,0.0,0.6565884,0.81253284,0.6780175,0.0422535211267605,5,0
DB01136,203,0,train,1.0,2.0,0.182348,0.0,0.0178571428571428,0.0,0.64338195,0.6423491,0.683464,0.0210526315789473,0.182348,0.0,0.0357142857142856,0.0,1.2867639,1.2846982,1.366928,0.0421052631578946,5,0
DB00619,80,0,train,8.0,5.0,0.210564,0.0,0.2753623188405797,0.0,0.71142733,0.8177736,0.74014056,0.2458100558659217,1.684512,0.0,1.3768115942028984,0.0,3.5571366500000003,4.088868,3.7007028,1.2290502793296083,5,0
DB01006,193,0,train,0.0,1.0,0.062966,0.0,0.0,0.0,0.0,0.0,0.0,0.0,0.0,0.0,0.0,0.0,0.0,0.0,0.0,0.0,5,0
DB00650,12,0,train,6.0,3.0,0.172197,0.0,0.0571428571428571,0.0,0.91821647,0.79562545,0.8101898,0.1666666666666666,1.033182,0.0,0.1714285714285713,0.0,2.75464941,2.38687635,2.4305694,0.4999999999999998,5,0
DB00748,210,0,train,3.0,4.0,0.036896,0.5,0.1666666666666666,0.0,0.75733,0.8877042,0.83109653,0.25,0.110688,2.0,0.6666666666666664,0.0,3.02932,3.5508168,3.32438612,1.0,5,0
DB00540,169,0,train,1.0,3.0,0.121994,0.0,0.0,0.0,0.63324666,0.5738062,0.6884949,0.02803738317757,0.121994,0.0,0.0,0.0,1.89973998,1.7214186000000002,2.0654847,0.08411214953271,5,0
DB00454,318,0,train,13.0,1.0,0.0,0.0,0.1296296296296296,0.0,0.7874318,0.78165025,0.7949021,0.2637362637362637,0.0,0.0,0.1296296296296296,0.0,0.7874318,0.78165025,0.7949021,0.2637362637362637,5,0
DB00201,279,0,train,4.0,4.0,0.200049,0.0,0.044776119402985,0.0,0.6669805,0.77926785,0.6867958,0.12,0.800196,0.0,0.17910447761194,0.0,2.667922,3.1170714,2.7471832,0.48,5,0
DB01002,138,0,train,5.0,1.0,0.059469,0.0,0.2115384615384615,0.0,0.8323467,0.8096779,0.54136,0.1647058823529411,0.297345,0.0,0.2115384615384615,0.0,0.8323467,0.8096779,0.54136,0.1647058823529411,5,0
DB00754,76,0,train,10.0,1.0,0.0,0.0,0.1,0.0,0.89251506,0.8935118,0.8411341,0.2962962962962963,0.0,0.0,0.1,0.0,0.89251506,0.8935118,0.8411341,0.2962962962962963,5,0
DB00575,89,0,train,23.0,11.0,0.256258,0.75,0.2142857142857142,0.0,0.8898324,0.844433,0.71216404,0.1444444444444444,5.893934,8.25,2.357142857142856,0.0,9.7881564,9.288763,7.83380444,1.5888888888888884,5,0
DB01122,129,0,train,4.0,1.0,0.12268,0.0,0.1081081081081081,0.0,0.7897339,0.8406916,0.78045547,0.1690140845070422,0.49072,0.0,0.1081081081081081,0.0,0.7897339,0.8406916,0.78045547,0.1690140845070422,5,0
DB00371,191,0,train,0.0,2.0,0.0,0.0,0.0,0.0,0.0,0.0,0.0,0.0,0.0,0.0,0.0,0.0,0.0,0.0,0.0,0.0,5,0
DB00757,333,0,train,1.0,1.0,0.0,0.0,0.1052631578947368,0.0,0.63866156,0.7467895,0.6170655,0.1056338028169014,0.0,0.0,0.1052631578947368,0.0,0.63866156,0.7467895,0.6170655,0.1056338028169014,5,0
DB01194,265,0,train,3.0,4.0,0.111781,0.0,0.0909090909090909,0.0,0.7817248,0.6967066,0.59871936,0.1951219512195122,0.335343,0.0,0.3636363636363636,0.0,3.1268992,2.7868264,2.39487744,0.7804878048780488,5,0
DB01202,50,0,train,1.0,10.0,0.0,0.0,0.0317460317460317,0.0,0.6926118,0.7730144,0.663146,0.0852713178294573,0.0,0.0,0.317460317460317,0.0,6.926118,7.730144,6.631460000000001,0.8527131782945729,5,0
DB01124,346,0,train,1.0,4.0,0.281215,0.0,0.081081081081081,0.0,0.7476214,0.6849889,0.6921682,0.18,0.281215,0.0,0.324324324324324,0.0,2.9904856,2.7399556,2.7686728,0.72,5,0
DB01193,214,0,train,1.0,2.0,0.142356,0.0,0.0175438596491228,0.0,0.61516124,0.78033906,0.733112,0.1203007518796992,0.142356,0.0,0.0350877192982456,0.0,1.23032248,1.56067812,1.466224,0.2406015037593984,5,0
DB00692,156,0,train,6.0,3.0,0.392403,0.0,0.1428571428571428,0.0,0.8800695,0.79197115,0.80723476,0.1133004926108374,2.354418,0.0,0.4285714285714284,0.0,2.6402085,2.37591345,2.42170428,0.3399014778325122,5,0
DB00468,291,0,train,1.0,1.0,0.142971,0.0,0.1184210526315789,0.0,0.7427618,0.6856209,0.593769,0.1102941176470588,0.142971,0.0,0.1184210526315789,0.0,0.7427618,0.6856209,0.593769,0.1102941176470588,5,0
DB00302,244,0,train,5.0,5.0,0.107094,0.0,0.0166666666666666,0.0,0.8646751,0.8874769,0.8406413,0.0434782608695652,0.53547,0.0,0.083333333333333,0.0,4.3233755,4.4373845,4.2032065,0.217391304347826,5,0
DB00169,248,0,train,0.0,8.0,0.20027,0.0,0.0,0.0,0.0,0.0,0.0,0.0,0.0,0.0,0.0,0.0,0.0,0.0,0.0,0.0,5,0
DB00717,170,0,train,2.0,5.0,0.153453,0.0,0.0,0.0,0.79028076,0.7086344,0.68232477,0.0588235294117647,0.306906,0.0,0.0,0.0,3.9514038,3.543172,3.41162385,0.2941176470588235,5,0
DB00414,301,0,train,4.0,4.0,0.168771,0.0,0.0454545454545454,0.0,0.6444623,0.81738067,0.8157834,0.0944881889763779,0.675084,0.0,0.1818181818181816,0.0,2.5778492,3.26952268,3.2631336,0.3779527559055116,5,0
DB01268,236,0,train,1.0,1.0,0.072151,0.0,0.1168831168831168,0.0,0.7178207,0.74431384,0.5682182,0.1640625,0.072151,0.0,0.1168831168831168,0.0,0.7178207,0.74431384,0.5682182,0.1640625,5,0
DB00640,83,0,train,3.0,1.0,0.064136,0.0,0.0,0.0,0.7345926,0.7310035,0.7686695,0.0975609756097561,0.192408,0.0,0.0,0.0,0.7345926,0.7310035,0.7686695,0.0975609756097561,5,0
DB00657,273,0,train,3.0,3.0,0.160057,0.0909090909090909,0.0555555555555555,0.0,0.8698967,0.8515625,0.82675093,0.0655737704918032,0.480171,0.2727272727272727,0.1666666666666665,0.0,2.6096901,2.5546875,2.48025279,0.1967213114754096,5,0
DB01400,47,0,train,1.0,2.0,0.081881,0.0,0.0120481927710843,0.0,0.7543161,0.8406373,0.77410865,0.1463414634146341,0.081881,0.0,0.0240963855421686,0.0,1.5086322,1.6812746,1.5482173,0.2926829268292682,5,0
DB00158,74,0,train,1.0,0.0,0.0,0.0,0.0163934426229508,0.0,0.5249232,0.7624476,0.4568034,0.1349206349206349,0.0,0.0,0.0,0.0,0.0,0.0,0.0,0.0,5,0
DB01267,4,0,train,1.0,1.0,0.11638,0.0,0.0533333333333333,0.0,0.79914,0.7035128,0.86176145,0.1209677419354838,0.11638,0.0,0.0533333333333333,0.0,0.79914,0.7035128,0.86176145,0.1209677419354838,5,0
DB00356,281,0,train,1.0,1.0,0.0,0.0,0.0,0.0,0.63682985,0.53840303,0.63597155,0.0232558139534883,0.0,0.0,0.0,0.0,0.63682985,0.53840303,0.63597155,0.0232558139534883,5,0
DB00757,396,0,train,11.0,1.0,0.061678,0.0,0.2432432432432432,0.0,0.78792703,0.8938896,0.7592894,0.2815533980582524,0.678458,0.0,0.2432432432432432,0.0,0.78792703,0.8938896,0.7592894,0.2815533980582524,5,0
DB01065,285,0,train,1.0,6.0,0.303153,0.0,0.0,0.0,0.52089936,0.767275,0.7802266,0.1395348837209302,0.303153,0.0,0.0,0.0,3.12539616,4.60365,4.6813596,0.8372093023255812,5,0
DB00883,188,0,train,12.0,4.0,0.127108,0.0,0.0588235294117647,0.0,0.8454315,0.7988177,0.8243404,0.0833333333333333,1.525296,0.0,0.2352941176470588,0.0,3.381726,3.1952708,3.2973616,0.3333333333333332,5,0
DB00967,173,0,train,2.0,3.0,0.031227,0.0,0.0625,0.0,0.72160417,0.7578779,0.6861851,0.063063063063063,0.062454,0.0,0.1875,0.0,2.16481251,2.2736337,2.0585553,0.189189189189189,5,0
DB00349,49,0,train,5.0,1.0,0.182254,0.0,0.2058823529411764,0.0,0.8622951,0.8480293,0.7962281,0.2747252747252747,0.91127,0.0,0.2058823529411764,0.0,0.8622951,0.8480293,0.7962281,0.2747252747252747,5,0
DB01356,381,0,train,1.0,1.0,0.120435,0.0,0.119047619047619,0.0,0.797219,0.68205273,0.6020409,0.0,0.120435,0.0,0.119047619047619,0.0,0.797219,0.68205273,0.6020409,0.0,5,0
DB00393,100,0,train,7.0,2.0,0.088492,0.0,0.1063829787234042,0.0,0.7479402,0.8060065,0.78577244,0.140495867768595,0.619444,0.0,0.2127659574468084,0.0,1.4958804,1.612013,1.57154488,0.28099173553719,5,0
DB00758,217,0,train,1.0,3.0,0.28254,0.0,0.0,0.0,0.7586936,0.79193354,0.53627396,0.0309278350515463,0.28254,0.0,0.0,0.0,2.2760808,2.37580062,1.6088218800000005,0.0927835051546389,5,0
DB00873,76,0,train,10.0,4.0,0.018804,0.0,0.0363636363636363,0.0,0.8236626,0.31049353,0.0,0.1607142857142857,0.18804,0.0,0.1454545454545452,0.0,3.2946504,1.24197412,0.0,0.6428571428571428,5,0
DB00669,168,0,train,6.0,3.0,0.0,0.0,0.0833333333333333,0.0,0.8185334,0.82288086,0.7975041,0.1495327102803738,0.0,0.0,0.2499999999999999,0.0,2.4556002,2.46864258,2.3925123,0.4485981308411214,5,0
DB00448,384,0,train,1.0,3.0,0.109265,0.0,0.0172413793103448,0.0,0.7921889,0.8209656,0.77269816,0.02803738317757,0.109265,0.0,0.0517241379310344,0.0,2.3765667,2.4628968,2.31809448,0.08411214953271,5,0
DB00343,84,0,train,3.0,2.0,0.11122,0.0,0.0729166666666666,0.0,0.7359082,0.6518175,0.8417017,0.2627118644067797,0.33366,0.0,0.1458333333333332,0.0,1.4718164,1.303635,1.6834034,0.5254237288135594,5,0
DB00427,0,0,train,3.0,5.0,0.180094,0.024390243902439,0.1081081081081081,0.0,0.80388314,0.8258415,0.6956508,0.1809523809523809,0.540282,0.121951219512195,0.5405405405405405,0.0,4.019415700000001,4.1292075,3.478254,0.9047619047619044,5,0
DB00014,286,0,train,0.0,4.0,0.32156,0.0,0.0,0.0,0.0,0.0,0.0,0.0,0.0,0.0,0.0,0.0,0.0,0.0,0.0,0.0,5,0
DB00327,212,0,train,5.0,2.0,0.055621,0.0,0.1153846153846153,0.0,0.80102503,0.7945082,0.7741279,0.1764705882352941,0.278105,0.0,0.2307692307692306,0.0,1.60205006,1.5890164,1.5482558,0.3529411764705882,5,0
DB01237,141,0,train,1.0,1.0,0.058017,0.0,0.0196078431372549,0.0,0.77160823,0.7721266,0.78543353,0.1743119266055046,0.058017,0.0,0.0196078431372549,0.0,0.77160823,0.7721266,0.78543353,0.1743119266055046,5,0
DB00945,343,0,train,0.0,17.0,0.169066,0.0,0.0,0.0,0.0,0.0,0.0,0.0,0.0,0.0,0.0,0.0,0.0,0.0,0.0,0.0,5,0
DB00697,29,0,train,1.0,4.0,0.189113,0.081081081081081,0.0526315789473684,0.0,0.6799334,0.7546247,0.6682037,0.0697674418604651,0.189113,0.324324324324324,0.2105263157894736,0.0,2.7197336,3.0184988,2.6728148,0.2790697674418604,5,0
DB01237,309,0,train,10.0,1.0,0.046368,0.0,0.0666666666666666,0.0,0.77020395,0.8437555,0.85619164,0.28,0.46368,0.0,0.0666666666666666,0.0,0.77020395,0.8437555,0.85619164,0.28,5,0
DB00719,315,0,train,1.0,5.0,0.059478,0.0,0.0,0.0,0.7265801,0.68095684,0.64610326,0.1259259259259259,0.059478,0.0,0.0,0.0,3.6329005,3.4047842,3.2305163,0.6296296296296295,5,0
DB01267,290,0,train,1.0,1.0,0.032545,0.0,0.1153846153846153,0.0,0.58142,0.47393036,0.6231178,0.1733333333333333,0.032545,0.0,0.1153846153846153,0.0,0.58142,0.47393036,0.6231178,0.1733333333333333,5,0
DB08803,252,0,train,4.0,3.0,0.185052,0.0,0.0,0.0,0.52411014,0.74352723,0.72209865,0.1159420289855072,0.740208,0.0,0.0,0.0,1.57233042,2.23058169,2.16629595,0.3478260869565216,5,0
DB01064,167,0,train,1.0,3.0,0.091592,0.0,0.0816326530612244,0.0,0.7862356,0.73788136,0.674467,0.0806451612903225,0.091592,0.0,0.2448979591836732,0.0,2.3587068,2.21364408,2.023401,0.2419354838709674,5,0
DB00559,404,0,train,5.0,3.0,0.227834,0.0,0.1212121212121212,0.0,0.8127187,0.7430809,0.82843935,0.2035928143712574,1.13917,0.0,0.3636363636363636,0.0,2.4381561,2.2292427000000004,2.48531805,0.6107784431137722,5,0
DB00230,219,0,train,4.0,1.0,0.104582,0.0,0.0465116279069767,0.0,0.90185004,0.7391082,0.48393536,0.0886075949367088,0.418328,0.0,0.0465116279069767,0.0,0.90185004,0.7391082,0.48393536,0.0886075949367088,5,0
DB00396,357,0,train,5.0,1.0,0.137968,0.0,0.0919540229885057,0.0,0.6080219,0.623183,0.71136785,0.1240310077519379,0.68984,0.0,0.0919540229885057,0.0,0.6080219,0.623183,0.71136785,0.1240310077519379,5,0
DB00368,189,0,train,1.0,1.0,0.065919,0.0,0.0,0.0,0.645913,0.64048004,0.66015446,0.1219512195121951,0.065919,0.0,0.0,0.0,0.645913,0.64048004,0.66015446,0.1219512195121951,5,0
DB00869,234,0,train,1.0,3.0,0.179778,0.5,0.3333333333333333,0.0,0.86069053,0.6461035,0.690503,0.217391304347826,0.179778,1.5,1.0,0.0,2.58207159,1.9383105,2.071509,0.652173913043478,5,0
DB00589,6,0,train,4.0,7.0,0.128664,0.0,0.0512820512820512,0.0,0.72646683,0.7460622,0.7424701,0.15,0.514656,0.0,0.3589743589743583,0.0,5.08526781,5.2224354,5.1972907,1.05,5,0
DB00764,80,0,train,8.0,4.0,0.219079,0.0,0.1076923076923077,0.0,0.40241265,0.8328527,0.7550965,0.2015503875968992,1.752632,0.0,0.4307692307692308,0.0,1.6096506,3.3314108,3.020386,0.8062015503875968,5,0
DB00469,242,0,train,0.0,3.0,0.102237,0.0,0.0,0.0,0.0,0.0,0.0,0.0,0.0,0.0,0.0,0.0,0.0,0.0,0.0,0.0,5,0
DB00445,353,0,train,2.0,1.0,0.084545,0.0,0.027027027027027,0.0,0.71403193,0.6963738,0.720221,0.0855263157894736,0.16909,0.0,0.027027027027027,0.0,0.71403193,0.6963738,0.720221,0.0855263157894736,5,0
DB00712,178,0,train,1.0,7.0,0.057125,0.0,0.05,0.0,0.8556027,0.83953714,0.74556327,0.09009009009009,0.057125,0.0,0.35,0.0,5.9892189,5.87675998,5.21894289,0.63063063063063,5,0
DB00162,229,0,train,2.0,2.0,0.142134,0.0,0.0657894736842105,0.0,0.6326542,0.665958,0.64487296,0.1428571428571428,0.284268,0.0,0.131578947368421,0.0,1.2653084,1.331916,1.28974592,0.2857142857142856,5,0
DB00208,71,0,train,2.0,1.0,0.0,0.0,0.0350877192982456,0.0,0.75860876,0.6480995,0.7043904,0.12,0.0,0.0,0.0350877192982456,0.0,0.75860876,0.6480995,0.7043904,0.12,5,0
DB00834,119,0,train,3.0,1.0,0.352973,0.0,0.0298507462686567,0.0,0.70110357,0.838562,0.73803717,0.1379310344827586,1.058919,0.0,0.0298507462686567,0.0,0.70110357,0.838562,0.73803717,0.1379310344827586,5,0
DB00268,147,0,train,4.0,8.0,0.125237,0.0,0.088235294117647,0.0,0.67783374,0.6718514,0.83064204,0.1061946902654867,0.500948,0.0,0.705882352941176,0.0,5.42266992,5.3748112,6.64513632,0.8495575221238936,5,0
DB00191,167,0,train,1.0,3.0,0.077884,0.0,0.1,0.0,0.6984407,0.849996,0.4523263,0.0754716981132075,0.077884,0.0,0.3,0.0,2.0953221,2.549988,1.3569789,0.2264150943396225,5,0
DB00141,333,0,train,1.0,3.0,0.0,0.0,0.0,0.0,0.53137785,0.6003355,0.0,0.059322033898305,0.0,0.0,0.0,0.0,1.59413355,1.8010065000000002,0.0,0.177966101694915,5,0
DB00882,179,0,train,1.0,1.0,0.09308,0.0,0.025,0.0,0.46390578,0.633162,0.68071693,0.036036036036036,0.09308,0.0,0.025,0.0,0.46390578,0.633162,0.68071693,0.036036036036036,5,0
DB00302,220,0,train,1.0,5.0,0.201546,0.0,0.0,0.0,0.7101784,0.84055763,0.8072077,0.0363636363636363,0.201546,0.0,0.0,0.0,3.550892,4.20278815,4.0360385,0.1818181818181815,5,0
DB01169,211,0,train,1.0,0.0,0.0,0.0,0.0967741935483871,0.0,0.7979881,0.7700708,0.8296327,0.0317460317460317,0.0,0.0,0.0,0.0,0.0,0.0,0.0,0.0,5,0
DB00653,128,0,train,22.0,3.0,0.230661,0.0,0.0933333333333333,0.0,0.7594728,0.78527546,0.86034423,0.0684931506849315,5.074542,0.0,0.2799999999999999,0.0,2.2784184,2.35582638,2.58103269,0.2054794520547945,5,0
DB00767,29,0,train,1.0,0.0,0.0,0.0,0.0169491525423728,0.0,0.6617785,0.58708215,0.5619383,0.204225352112676,0.0,0.0,0.0,0.0,0.0,0.0,0.0,0.0,5,0
DB00750,380,0,train,1.0,1.0,0.082709,0.0,0.0681818181818181,0.0,0.48912385,0.6106841,0.5688715,0.1509433962264151,0.082709,0.0,0.0681818181818181,0.0,0.48912385,0.6106841,0.5688715,0.1509433962264151,5,0
DB01225,334,0,train,11.0,4.0,0.153863,0.0,0.0588235294117647,0.0,0.82249826,0.8234054,0.82215935,0.0648854961832061,1.692493,0.0,0.2352941176470588,0.0,3.28999304,3.2936216,3.2886374,0.2595419847328244,5,0
DB01620,242,0,train,0.0,4.0,0.078095,0.0,0.0,0.0,0.0,0.0,0.0,0.0,0.0,0.0,0.0,0.0,0.0,0.0,0.0,0.0,5,0
DB00131,181,0,train,17.0,1.0,0.079455,0.1794871794871795,0.0606060606060606,0.0,0.6800327,0.74920785,0.6957454,0.2368421052631578,1.350735,0.1794871794871795,0.0606060606060606,0.0,0.6800327,0.74920785,0.6957454,0.2368421052631578,5,0
DB00806,30,0,train,1.0,3.0,0.180622,0.0,0.0508474576271186,0.0,0.5672676,0.34140134,0.63674176,0.0776699029126213,0.180622,0.0,0.1525423728813558,0.0,1.7018027999999998,1.02420402,1.91022528,0.2330097087378639,5,0
DB01146,199,0,train,13.0,2.0,0.036394,0.0238095238095238,0.0,0.0,0.82172775,0.8766373,0.86652166,0.3146067415730337,0.473122,0.0476190476190476,0.0,0.0,1.6434555,1.7532746,1.73304332,0.6292134831460674,5,0
DB00555,280,0,train,33.0,3.0,0.166873,0.0,0.0967741935483871,0.0,0.8538147,0.8540367,0.84198415,0.1946902654867256,5.506809,0.0,0.2903225806451612,0.0,2.5614441,2.5621101,2.52595245,0.5840707964601768,5,0
DB00379,191,0,train,0.0,1.0,0.181995,0.0,0.0,0.0,0.0,0.0,0.0,0.0,0.0,0.0,0.0,0.0,0.0,0.0,0.0,0.0,5,0
DB00794,143,0,train,2.0,14.0,0.123415,0.0,0.0,0.0,0.78509474,0.7941466,0.7652276,0.1393442622950819,0.24683,0.0,0.0,0.0,10.99132636,11.1180524,10.7131864,1.9508196721311464,5,0
DB00179,102,0,train,1.0,1.0,0.286138,0.0,0.03125,0.0,0.68196774,0.7571573,0.7158157,0.0975609756097561,0.286138,0.0,0.03125,0.0,0.68196774,0.7571573,0.7158157,0.0975609756097561,5,0
DB01403,249,0,train,0.0,1.0,0.09321,0.0,0.0,0.0,0.0,0.0,0.0,0.0,0.0,0.0,0.0,0.0,0.0,0.0,0.0,0.0,5,0
DB00657,162,0,train,5.0,3.0,0.225378,0.0909090909090909,0.1153846153846153,0.0,0.8698967,0.88887656,0.8272215,0.1022727272727272,1.12689,0.2727272727272727,0.3461538461538458,0.0,2.6096901,2.66662968,2.4816645,0.3068181818181816,5,0
DB00938,393,0,train,0.0,2.0,0.068631,0.0,0.0,0.0,0.0,0.0,0.0,0.0,0.0,0.0,0.0,0.0,0.0,0.0,0.0,0.0,5,0
DB00808,71,0,train,2.0,2.0,0.13222,0.0,0.0232558139534883,0.0,0.72453666,0.6540625,0.80700976,0.1531531531531531,0.26444,0.0,0.0465116279069766,0.0,1.44907332,1.308125,1.61401952,0.3063063063063062,5,0
DB01067,178,0,train,1.0,3.0,0.061504,0.0,0.0350877192982456,0.0,0.6954796,0.60126406,0.7179998,0.1357142857142857,0.061504,0.0,0.1052631578947368,0.0,2.0864388,1.80379218,2.1539994,0.4071428571428571,5,0
DB00471,196,0,train,12.0,3.0,0.243626,0.0,0.0694444444444444,0.0,0.8368083,0.6574,0.8304678,0.1935483870967742,2.923512,0.0,0.2083333333333332,0.0,2.5104249,1.9722,2.4914034,0.5806451612903225,5,0
DB00357,0,0,train,3.0,1.0,0.228672,0.0,0.0625,0.0,0.82154,0.8420692,0.7766723,0.2111111111111111,0.686016,0.0,0.0625,0.0,0.82154,0.8420692,0.7766723,0.2111111111111111,5,0
DB00165,231,0,train,2.0,1.0,0.044583,0.0,0.0208333333333333,0.0,0.7385855,0.6776444,0.58230203,0.0659340659340659,0.089166,0.0,0.0208333333333333,0.0,0.7385855,0.6776444,0.58230203,0.0659340659340659,5,0
DB01148,391,0,train,4.0,3.0,0.128639,0.0,0.088235294117647,0.0,0.7616741,0.87016994,0.77007246,0.2790697674418604,0.514556,0.0,0.264705882352941,0.0,2.2850223,2.61050982,2.31021738,0.8372093023255812,5,0
DB00325,10,0,train,6.0,2.0,0.136325,0.0,0.0303030303030303,0.0,0.80433136,0.7527249,0.74112225,0.0140845070422535,0.81795,0.0,0.0606060606060606,0.0,1.60866272,1.5054498,1.4822445,0.028169014084507,5,0
DB01136,202,0,train,2.0,2.0,0.122324,0.0,0.1186440677966101,0.0,0.76031375,0.68945813,0.77019656,0.2028985507246377,0.244648,0.0,0.2372881355932202,0.0,1.5206275,1.37891626,1.54039312,0.4057971014492754,5,0
DB01008,177,0,train,4.0,5.0,0.140182,0.0,0.0222222222222222,0.0,0.79043764,0.66208357,0.7303258,0.1290322580645161,0.560728,0.0,0.111111111111111,0.0,3.9521882,3.31041785,3.651629,0.6451612903225805,5,0
DB00938,124,0,train,69.0,2.0,0.189171,1.0,0.2,0.0,0.8780793,0.8387615,0.8296566,0.4128440366972477,13.052799,2.0,0.4,0.0,1.7561586,1.677523,1.6593132,0.8256880733944953,5,0
DB01258,129,0,train,4.0,2.0,0.279525,0.0,0.1081081081081081,0.0,0.8290021,0.8275014,0.76401705,0.1333333333333333,1.1181,0.0,0.2162162162162162,0.0,1.6580042,1.6550028,1.5280341,0.2666666666666666,5,0
DB08801,325,0,train,5.0,5.0,0.109947,0.0,0.0338983050847457,0.0,0.7756357,0.80004627,0.7899766,0.3932584269662921,0.549735,0.0,0.1694915254237285,0.0,3.8781785,4.00023135,3.949883,1.9662921348314604,5,0
DB00952,242,0,train,0.0,1.0,0.096914,0.0,0.0,0.0,0.0,0.0,0.0,0.0,0.0,0.0,0.0,0.0,0.0,0.0,0.0,0.0,5,0
DB00977,118,0,train,5.0,5.0,0.138543,0.0,0.0595238095238095,0.0,0.75825197,0.841506,0.9020538,0.1788617886178861,0.692715,0.0,0.2976190476190475,0.0,3.79125985,4.20753,4.510269,0.8943089430894304,5,0
DB00659,350,0,train,4.0,1.0,0.120421,0.0,0.0517241379310344,0.0,0.7424183,0.8092839,0.8364749,0.125,0.481684,0.0,0.0517241379310344,0.0,0.7424183,0.8092839,0.8364749,0.125,5,0
DB01009,106,0,train,5.0,6.0,0.101597,0.0,0.1184210526315789,0.0,0.8407203,0.92092276,0.79435354,0.2,0.507985,0.0,0.7105263157894735,0.0,5.0443218,5.52553656,4.76612124,1.2000000000000002,5,0
DB00906,67,0,train,2.0,1.0,0.152859,0.0,0.125,0.0,0.8318576,0.6604951,0.776856,0.11,0.305718,0.0,0.125,0.0,0.8318576,0.6604951,0.776856,0.11,5,0
DB00141,327,0,train,0.0,3.0,0.0,0.0,0.0,0.0,0.0,0.0,0.0,0.0,0.0,0.0,0.0,0.0,0.0,0.0,0.0,0.0,5,0
DB00279,343,0,train,0.0,4.0,0.207167,0.0,0.0,0.0,0.0,0.0,0.0,0.0,0.0,0.0,0.0,0.0,0.0,0.0,0.0,0.0,5,0
DB00557,343,0,train,0.0,6.0,0.086061,0.0,0.0,0.0,0.0,0.0,0.0,0.0,0.0,0.0,0.0,0.0,0.0,0.0,0.0,0.0,5,0
DB00714,126,0,train,1.0,7.0,0.084877,0.2352941176470588,0.2,0.0,0.800436,0.7809334,0.6967351,0.0944881889763779,0.084877,1.6470588235294117,1.4,0.0,5.603052,5.4665338,4.877145700000001,0.6614173228346453,5,0
DB00327,157,0,train,5.0,2.0,0.063641,0.0,0.0491803278688524,0.0,0.774773,0.75205636,0.78582245,0.1729323308270676,0.318205,0.0,0.0983606557377048,0.0,1.549546,1.50411272,1.5716449,0.3458646616541352,5,0
DB00366,266,0,train,1.0,2.0,0.149759,0.0,0.0285714285714285,0.0,0.8389623,0.7189361,0.6841971,0.1454545454545454,0.149759,0.0,0.057142857142857,0.0,1.6779246,1.4378722,1.3683942,0.2909090909090908,5,0
DB00494,71,0,train,2.0,9.0,0.073087,0.0,0.0303030303030303,0.0,0.76540154,0.69330627,0.7966912,0.1538461538461538,0.146174,0.0,0.2727272727272727,0.0,6.88861386,6.23975643,7.1702208,1.384615384615384,5,0
DB00898,119,0,train,3.0,2.0,0.02161,0.0185185185185185,0.0,0.0,0.6125509,0.74863803,0.70203817,0.0212765957446808,0.06483,0.037037037037037,0.0,0.0,1.2251018,1.49727606,1.40407634,0.0425531914893616,5,0
DB00379,405,0,train,55.0,1.0,0.140344,0.0,0.2105263157894736,0.0,0.85372233,0.89579713,0.87387955,0.2647058823529412,7.71892,0.0,0.2105263157894736,0.0,0.85372233,0.89579713,0.87387955,0.2647058823529412,5,0
DB00257,325,0,train,5.0,2.0,0.075258,0.0,0.0978260869565217,0.0,0.77952904,0.69784456,0.74018526,0.2476190476190476,0.37629,0.0,0.1956521739130434,0.0,1.55905808,1.39568912,1.48037052,0.4952380952380952,5,0
DB06268,390,0,train,10.0,1.0,0.0,0.0,0.0967741935483871,0.0,0.69271314,0.8280338,0.86841583,0.1637931034482758,0.0,0.0,0.0967741935483871,0.0,0.69271314,0.8280338,0.86841583,0.1637931034482758,5,0
DB00856,214,0,train,1.0,1.0,0.06669,0.0,0.1081081081081081,0.0,0.6735951,0.7052774,0.67089766,0.0526315789473684,0.06669,0.0,0.1081081081081081,0.0,0.6735951,0.7052774,0.67089766,0.0526315789473684,5,0
DB01351,61,0,train,2.0,2.0,0.24693,0.0,0.0,0.0,0.4062697,0.7201116,0.0,0.0892857142857142,0.49386,0.0,0.0,0.0,0.8125394,1.4402232,0.0,0.1785714285714284,5,0
DB00909,8,0,train,8.0,11.0,0.440089,0.2033898305084746,0.2222222222222222,0.0,0.93164325,0.859269,0.8818762,0.2388059701492537,3.520712,2.2372881355932206,2.444444444444444,0.0,10.24807575,9.451959,9.7006382,2.62686567164179,5,0
DB00337,183,0,train,28.0,4.0,0.458311,0.0,0.2903225806451613,0.0,0.724621,0.9251488,0.85748416,0.1581395348837209,12.832708,0.0,1.1612903225806452,0.0,2.898484,3.7005952,3.42993664,0.6325581395348836,5,0
DB01255,60,0,train,1.0,1.0,0.0,0.0,0.0,0.0,0.7830883,0.81009585,0.77886814,0.0779220779220779,0.0,0.0,0.0,0.0,0.7830883,0.81009585,0.77886814,0.0779220779220779,5,0
DB00993,136,0,train,13.0,7.0,0.202892,0.0,0.088235294117647,0.0,0.8607786,0.82727766,0.7986789,0.1313131313131313,2.637596,0.0,0.617647058823529,0.0,6.0254502,5.79094362,5.5907523,0.9191919191919192,5,0
DB00987,93,0,train,4.0,8.0,0.188047,0.0,0.0566037735849056,0.0,0.75451505,0.7233563,0.69892865,0.1034482758620689,0.752188,0.0,0.4528301886792448,0.0,6.0361204,5.7868504,5.5914292,0.8275862068965512,5,0
DB00401,302,0,train,2.0,2.0,0.14017,0.0,0.0784313725490196,0.0,0.733564,0.7735706,0.8197079,0.1834862385321101,0.28034,0.0,0.1568627450980392,0.0,1.467128,1.5471412,1.6394158,0.3669724770642202,5,0
DB00977,377,0,train,0.0,5.0,0.258664,0.0,0.0,0.0,0.0,0.0,0.0,0.0,0.0,0.0,0.0,0.0,0.0,0.0,0.0,0.0,5,0
DB00651,59,0,train,1.0,3.0,0.087828,0.0,0.0,0.0,0.83933735,0.82107997,0.71648735,0.04,0.087828,0.0,0.0,0.0,2.51801205,2.46323991,2.14946205,0.12,5,0
DB00327,150,0,train,1.0,2.0,0.030362,0.0,0.0483870967741935,0.0,0.73902553,0.60419196,0.6857675,0.1018518518518518,0.030362,0.0,0.096774193548387,0.0,1.47805106,1.20838392,1.371535,0.2037037037037036,5,0
DB00262,123,0,train,2.0,5.0,0.16068,0.0,0.04,0.0,0.75495696,0.537498,0.7197642,0.1363636363636363,0.32136,0.0,0.2,0.0,3.7747848,2.6874900000000004,3.598821,0.6818181818181814,5,0
DB00276,163,0,train,15.0,2.0,0.064478,0.0,0.0476190476190476,0.0,0.7185646,0.68764174,0.80475706,0.2357723577235772,0.96717,0.0,0.0952380952380952,0.0,1.4371292,1.37528348,1.60951412,0.4715447154471544,5,0
DB00612,20,0,train,5.0,2.0,0.14868,0.0,0.0694444444444444,0.0,0.7718843,0.58533245,0.73837405,0.1231884057971014,0.7434000000000001,0.0,0.1388888888888888,0.0,1.5437686,1.1706649,1.4767481,0.2463768115942028,5,0
DB00721,393,0,train,0.0,1.0,0.047282,0.0,0.0,0.0,0.0,0.0,0.0,0.0,0.0,0.0,0.0,0.0,0.0,0.0,0.0,0.0,5,0
DB04571,261,0,train,1.0,1.0,0.059353,0.0,0.0256410256410256,0.0,0.54010546,0.54314196,0.58963466,0.1702127659574468,0.059353,0.0,0.0256410256410256,0.0,0.54010546,0.54314196,0.58963466,0.1702127659574468,5,0
DB00638,163,0,train,15.0,1.0,0.0,0.0,0.0357142857142857,0.0,0.6717193,0.71758825,0.74041814,0.0471406491499227,0.0,0.0,0.0357142857142857,0.0,0.6717193,0.71758825,0.74041814,0.0471406491499227,5,0
DB00285,349,0,train,1.0,5.0,0.171248,0.0,0.0555555555555555,0.0,0.7392545,0.7887322,0.6573105,0.056338028169014,0.171248,0.0,0.2777777777777774,0.0,3.6962725,3.943661,3.2865525,0.28169014084507,5,0
DB01399,135,0,train,15.0,3.0,0.096204,0.0,0.0967741935483871,0.0,0.84424603,0.8849828,0.82925,0.2790697674418604,1.44306,0.0,0.2903225806451612,0.0,2.53273809,2.6549484,2.48775,0.8372093023255812,5,0
DB01075,355,0,train,4.0,2.0,0.0,0.0,0.1636363636363636,0.0,0.81030834,0.7868979,0.7878811,0.1842105263157894,0.0,0.0,0.3272727272727272,0.0,1.62061668,1.5737958,1.5757622,0.3684210526315788,5,0
DB00734,381,0,train,1.0,5.0,0.232772,0.1428571428571428,0.1818181818181818,0.0,0.7805761,0.7036619,0.8555747,0.1785714285714285,0.232772,0.714285714285714,0.909090909090909,0.0,3.9028805,3.5183095,4.2778735,0.8928571428571425,5,0
DB00869,107,0,train,8.0,3.0,0.357056,0.0,0.075,0.0,0.83573556,0.6100011,0.8252094,0.1203703703703703,2.856448,0.0,0.2249999999999999,0.0,2.5072066800000004,1.8300033,2.4756282,0.3611111111111109,5,0
DB00241,180,0,train,0.0,2.0,0.060219,0.0,0.0,0.0,0.0,0.0,0.0,0.0,0.0,0.0,0.0,0.0,0.0,0.0,0.0,0.0,5,0
DB00682,20,0,train,5.0,5.0,0.126639,0.0,0.1025641025641025,0.0,0.86625314,0.87726426,0.7090768,0.1729323308270676,0.633195,0.0,0.5128205128205126,0.0,4.331265699999999,4.3863213000000005,3.545384,0.864661654135338,5,0
DB00014,283,0,train,2.0,4.0,0.202934,0.0,0.0,0.0,0.7597295,0.86904055,0.64484054,0.1089108910891089,0.405868,0.0,0.0,0.0,3.038918,3.4761622,2.57936216,0.4356435643564356,5,0
DB08800,401,0,train,5.0,4.0,0.058974,0.0,0.03125,0.0,0.70999604,0.8101159,0.8332302,0.1652173913043478,0.2948699999999999,0.0,0.125,0.0,2.83998416,3.2404636,3.3329208,0.6608695652173912,5,0
DB01267,28,0,train,12.0,1.0,0.0,0.1,0.1594202898550724,0.0,0.83124685,0.7765972,0.7975786,0.1703703703703703,0.0,0.1,0.1594202898550724,0.0,0.83124685,0.7765972,0.7975786,0.1703703703703703,5,0
DB00527,143,0,train,2.0,1.0,0.042497,0.0,0.0238095238095238,0.0,0.65131354,0.78138095,0.71223974,0.1379310344827586,0.084994,0.0,0.0238095238095238,0.0,0.65131354,0.78138095,0.71223974,0.1379310344827586,5,0
DB01122,221,0,train,6.0,1.0,0.062633,0.0,0.074074074074074,0.0,0.81359583,0.85909456,0.76697356,0.1677419354838709,0.3757979999999999,0.0,0.074074074074074,0.0,0.81359583,0.85909456,0.76697356,0.1677419354838709,5,0
DB00158,193,0,train,0.0,0.0,0.0,0.0,0.0,0.0,0.0,0.0,0.0,0.0,0.0,0.0,0.0,0.0,0.0,0.0,0.0,0.0,5,0
DB00255,363,0,train,1.0,1.0,0.202632,0.0,0.0178571428571428,0.0,0.6981436,0.723482,0.64499617,0.0779220779220779,0.202632,0.0,0.0178571428571428,0.0,0.6981436,0.723482,0.64499617,0.0779220779220779,5,0
DB01224,82,0,train,1.0,1.0,0.027429,0.0,0.050632911392405,0.0,0.63755876,0.61264306,0.6921052,0.1125827814569536,0.027429,0.0,0.050632911392405,0.0,0.63755876,0.61264306,0.6921052,0.1125827814569536,5,0
DB00285,89,0,train,23.0,5.0,0.18877,0.1428571428571428,0.2205882352941176,0.0,0.8610248,0.92483234,0.83391523,0.2467532467532467,4.34171,0.714285714285714,1.102941176470588,0.0,4.305124,4.6241617,4.16957615,1.2337662337662334,5,0
DB08801,284,0,train,1.0,5.0,0.193183,0.0,0.0,0.0,0.7189698,0.56455135,0.804332,0.102880658436214,0.193183,0.0,0.0,0.0,3.594849,2.82275675,4.021660000000001,0.51440329218107,5,0
DB04865,80,0,train,8.0,1.0,0.140474,0.0,0.03125,0.0,0.75301003,0.76534766,0.64674115,0.1804511278195488,1.123792,0.0,0.03125,0.0,0.75301003,0.76534766,0.64674115,0.1804511278195488,5,0
DB00401,96,0,train,1.0,2.0,0.123783,0.0,0.1,0.0,0.7740594,0.4863968,0.7372619,0.0983606557377049,0.123783,0.0,0.2,0.0,1.5481188,0.9727936,1.4745238,0.1967213114754098,5,0
DB01073,375,0,train,2.0,5.0,0.097649,0.0,0.0,0.0,0.7152917,0.6926724,0.691695,0.0782608695652174,0.195298,0.0,0.0,0.0,3.5764585,3.463362,3.458475,0.391304347826087,5,0
DB01275,198,0,train,1.0,2.0,0.050772,0.0,0.0,0.0,0.83760357,0.84679615,0.7725783,0.1111111111111111,0.050772,0.0,0.0,0.0,1.67520714,1.6935923,1.5451566,0.2222222222222222,5,0
DB00195,407,0,train,1.0,2.0,0.106267,0.0,0.0476190476190476,0.0,0.8451702,0.73127854,0.8302696,0.0890052356020942,0.106267,0.0,0.0952380952380952,0.0,1.6903404,1.46255708,1.6605392,0.1780104712041884,5,0
DB00928,218,0,train,2.0,2.0,0.0,0.0,0.2037037037037037,0.0,0.77693486,0.8891692,0.770642,0.1138211382113821,0.0,0.0,0.4074074074074074,0.0,1.55386972,1.7783384,1.541284,0.2276422764227642,5,0
DB01182,313,0,train,5.0,1.0,0.168879,0.0588235294117647,0.2115384615384615,0.0,0.847023,0.8435172,0.83375114,0.26,0.844395,0.0588235294117647,0.2115384615384615,0.0,0.847023,0.8435172,0.83375114,0.26,5,0
DB00376,375,0,train,2.0,6.0,0.066488,0.0,0.0344827586206896,0.0,0.8173218,0.74963653,0.7375143,0.09375,0.132976,0.0,0.2068965517241376,0.0,4.9039308,4.49781918,4.4250858,0.5625,5,0
DB08801,106,0,train,5.0,5.0,0.223651,0.0,0.0166666666666666,0.0,0.7339599,0.8510872,0.77020645,0.1578947368421052,1.118255,0.0,0.083333333333333,0.0,3.6697995,4.255436,3.85103225,0.789473684210526,5,0
DB00642,132,0,train,4.0,0.0,0.0,0.0,0.0333333333333333,0.0,0.7976151,0.8022485,0.768481,0.1304347826086956,0.0,0.0,0.0,0.0,0.0,0.0,0.0,0.0,5,0
DB01018,138,0,train,5.0,2.0,0.276217,0.3333333333333333,0.3703703703703703,0.0,0.8909658,0.8624519,0.8788478,0.3114754098360656,1.381085,0.6666666666666666,0.7407407407407406,0.0,1.7819316,1.7249038,1.7576956,0.6229508196721312,5,0
DB00337,148,0,train,1.0,4.0,0.0,0.0,0.0238095238095238,0.0,0.47846752,0.6395417,0.7404012,0.0555555555555555,0.0,0.0,0.0952380952380952,0.0,1.91387008,2.5581668,2.9616048,0.222222222222222,5,0
DB00655,312,0,train,13.0,1.0,0.309249,0.0,0.081967213114754,0.0,0.81873626,0.77216995,0.74585617,0.1875,4.020237,0.0,0.081967213114754,0.0,0.81873626,0.77216995,0.74585617,0.1875,5,0
DB00989,103,0,train,4.0,15.0,0.122822,0.0,0.0483870967741935,0.0,0.774637,0.8126309,0.7527799,0.2571428571428571,0.491288,0.0,0.7258064516129025,0.0,11.619555,12.1894635,11.2916985,3.8571428571428568,5,0
DB00704,6,0,train,4.0,1.0,0.019461,0.0,0.0294117647058823,0.0,0.81122357,0.7980623,0.7488697,0.2241379310344827,0.077844,0.0,0.0294117647058823,0.0,0.81122357,0.7980623,0.7488697,0.2241379310344827,5,0
DB00125,115,0,train,1.0,1.0,0.129995,0.0,0.0,0.0,0.45389837,0.52695775,0.5759183,0.0531914893617021,0.129995,0.0,0.0,0.0,0.45389837,0.52695775,0.5759183,0.0531914893617021,5,0
DB00542,260,0,train,1.0,3.0,0.170009,0.0,0.0434782608695652,0.0,0.7513464,0.83019483,0.6911625,0.1525423728813559,0.170009,0.0,0.1304347826086956,0.0,2.2540392,2.4905844900000003,2.0734875,0.4576271186440677,5,0
DB00806,236,0,train,1.0,3.0,0.07044,0.0,0.054054054054054,0.0,0.82332367,0.5786104,0.64564776,0.1181818181818181,0.07044,0.0,0.162162162162162,0.0,2.46997101,1.7358311999999998,1.93694328,0.3545454545454543,5,0
DB00563,388,0,train,4.0,21.0,0.17419,0.0,0.0547945205479452,0.0,0.7111354,0.78609896,0.7561683,0.1507936507936507,0.69676,0.0,1.1506849315068493,0.0,14.9338434,16.50807816,15.8795343,3.1666666666666647,5,0
DB00304,63,0,train,1.0,2.0,0.030465,0.0,0.0909090909090909,0.0,0.72152615,0.78084093,0.705325,0.0303030303030303,0.030465,0.0,0.1818181818181818,0.0,1.4430523,1.56168186,1.41065,0.0606060606060606,5,0
DB01120,165,0,train,1.0,1.0,0.232171,0.0,0.03125,0.0,0.7599002,0.8034831,0.7084563,0.1769911504424778,0.232171,0.0,0.03125,0.0,0.7599002,0.8034831,0.7084563,0.1769911504424778,5,0
DB01223,341,0,train,5.0,3.0,0.211582,0.0,0.0208333333333333,0.0,0.8524207,0.8148801,0.6219544,0.0660377358490566,1.05791,0.0,0.0624999999999999,0.0,2.5572621,2.4446403,1.8658632,0.1981132075471698,5,0
DB00846,292,0,train,1.0,1.0,0.107387,0.0,0.075,0.0,0.59478056,0.7469918,0.57341844,0.073170731707317,0.107387,0.0,0.075,0.0,0.59478056,0.7469918,0.57341844,0.073170731707317,5,0
DB00252,178,0,train,1.0,4.0,0.0,0.0,0.0683760683760683,0.0,0.7971326,0.6729309,0.80727345,0.0769230769230769,0.0,0.0,0.2735042735042732,0.0,3.1885304,2.6917236,3.2290938,0.3076923076923076,5,0
DB01258,167,0,train,1.0,2.0,0.083709,0.0,0.0285714285714285,0.0,0.8055675,0.85760987,0.64155567,0.1101694915254237,0.083709,0.0,0.057142857142857,0.0,1.611135,1.71521974,1.28311134,0.2203389830508474,5,0
DB00804,275,0,train,2.0,2.0,0.104481,0.0,0.0212765957446808,0.0,0.8603201,0.8667395,0.70838773,0.0784313725490196,0.208962,0.0,0.0425531914893616,0.0,1.7206402,1.733479,1.41677546,0.1568627450980392,5,0
DB00988,111,0,train,1.0,4.0,0.167937,0.0,0.0217391304347826,0.0,0.73591924,0.6640699,0.66463953,0.0919540229885057,0.167937,0.0,0.0869565217391304,0.0,2.94367696,2.6562796,2.65855812,0.3678160919540228,5,0
DB00988,168,0,train,6.0,4.0,0.056327,0.0,0.0357142857142857,0.0,0.78809,0.7871869,0.7798803,0.15,0.337962,0.0,0.1428571428571428,0.0,3.15236,3.1487476,3.1195212,0.6,5,0
DB00686,398,0,train,1.0,0.0,0.0,0.0,0.0,0.0,0.6420898,0.7359237,0.5514209,0.0222222222222222,0.0,0.0,0.0,0.0,0.0,0.0,0.0,0.0,5,0
DB01576,73,0,train,29.0,2.0,0.096552,0.1379310344827586,0.1372549019607843,0.0,0.83127093,0.85934335,0.85354394,0.2786885245901639,2.800008,0.2758620689655172,0.2745098039215686,0.0,1.66254186,1.7186867,1.70708788,0.5573770491803278,5,0
DB00755,67,0,train,2.0,6.0,0.196709,0.0,0.0759493670886076,0.0,0.86581373,0.6308406,0.74589884,0.1234567901234567,0.393418,0.0,0.4556962025316455,0.0,5.194882379999999,3.7850436,4.47539304,0.7407407407407403,5,0
DB00997,402,0,train,3.0,14.0,0.085515,0.0,0.2352941176470588,0.0,0.8692928,0.7655386,0.77027655,0.2123287671232876,0.2565449999999999,0.0,3.294117647058823,0.0,12.1700992,10.7175404,10.7838717,2.9726027397260264,5,0
DB00762,327,0,train,0.0,3.0,0.192303,0.0,0.0,0.0,0.0,0.0,0.0,0.0,0.0,0.0,0.0,0.0,0.0,0.0,0.0,0.0,5,0
DB08901,185,0,train,1.0,3.0,0.09129,0.0,0.0789473684210526,0.0,0.7535329,0.78100836,0.0,0.0939597315436241,0.09129,0.0,0.2368421052631578,0.0,2.2605987,2.34302508,0.0,0.2818791946308723,5,0
DB00557,224,0,train,12.0,6.0,0.188958,0.0,0.125,0.0,0.78081393,0.7969062,0.8014952,0.1400966183574879,2.267496,0.0,0.75,0.0,4.68488358,4.7814372,4.8089712,0.8405797101449275,5,0
DB00167,10,0,train,6.0,4.0,0.151719,0.0,0.064516129032258,0.0,0.6306246,0.6983122,0.5946524,0.0892857142857142,0.910314,0.0,0.258064516129032,0.0,2.5224984,2.7932488,2.3786096,0.3571428571428568,5,0
DB00993,217,0,train,1.0,7.0,0.318414,0.0,0.025,0.0,0.8330407,0.7783766,0.60611075,0.0217391304347826,0.318414,0.0,0.175,0.0,5.8312849,5.4486362,4.24277525,0.1521739130434782,5,0
DB00126,140,0,train,2.0,2.0,0.198178,0.0,0.0,0.0,0.5900699,0.73045534,0.6882221,0.0459770114942528,0.396356,0.0,0.0,0.0,1.1801398,1.46091068,1.3764442,0.0919540229885056,5,0
DB00366,115,0,train,1.0,2.0,0.158796,0.4285714285714285,0.3809523809523809,0.0,0.86334306,0.7882978,0.72165644,0.3020833333333333,0.158796,0.857142857142857,0.7619047619047618,0.0,1.72668612,1.5765956,1.44331288,0.6041666666666666,5,0
DB00998,208,0,train,11.0,2.0,0.092002,0.0,0.0508474576271186,0.0,0.7609569,0.8390978,0.7713126,0.1550387596899224,1.012022,0.0,0.1016949152542372,0.0,1.5219138,1.6781956,1.5426252,0.3100775193798448,5,0
DB00751,298,0,train,8.0,3.0,0.295191,0.1666666666666666,0.1896551724137931,0.0,0.88669556,0.8604448,0.7841516,0.168,2.361528,0.4999999999999998,0.5689655172413792,0.0,2.66008668,2.5813344000000003,2.3524548,0.504,5,0
DB00637,292,0,train,1.0,1.0,0.028357,0.0,0.0384615384615384,0.0,0.6109835,0.72313493,0.58069766,0.1653543307086614,0.028357,0.0,0.0384615384615384,0.0,0.6109835,0.72313493,0.58069766,0.1653543307086614,5,0
DB00537,79,0,train,3.0,3.0,0.266852,0.0,0.0958904109589041,0.0,0.7074673,0.67205906,0.67595285,0.1176470588235294,0.8005559999999999,0.0,0.2876712328767123,0.0,2.1224019,2.01617718,2.0278585500000004,0.3529411764705882,5,0
DB00952,295,0,train,1.0,1.0,0.149962,0.0,0.1627906976744186,0.0,0.6103353,0.81276155,0.63303137,0.2988505747126437,0.149962,0.0,0.1627906976744186,0.0,0.6103353,0.81276155,0.63303137,0.2988505747126437,5,0
DB00861,133,0,train,10.0,5.0,0.131661,0.0,0.0588235294117647,0.0,0.8068953,0.83736205,0.8062881,0.2272727272727272,1.31661,0.0,0.2941176470588235,0.0,4.0344765,4.18681025,4.0314405,1.136363636363636,5,0
DB00091,204,0,train,1.0,2.0,0.274111,0.0,0.0163934426229508,0.0,0.7449783,0.67901284,0.8207134,0.0088495575221238,0.274111,0.0,0.0327868852459016,0.0,1.4899566,1.35802568,1.6414268,0.0176991150442476,5,0
DB01006,382,0,train,10.0,1.0,0.121978,0.0,0.1016949152542373,0.0,0.74542797,0.8574015,0.77364516,0.1727272727272727,1.21978,0.0,0.1016949152542373,0.0,0.74542797,0.8574015,0.77364516,0.1727272727272727,5,0
DB00929,107,0,train,8.0,2.0,0.218424,0.0,0.0461538461538461,0.0,0.8188237,0.8015405,0.8715311,0.1328125,1.747392,0.0,0.0923076923076922,0.0,1.6376474,1.603081,1.7430622,0.265625,5,0
DB04844,61,0,train,2.0,1.0,0.117923,0.0,0.0,0.0,0.44895387,0.6549782,0.5307716,0.1428571428571428,0.235846,0.0,0.0,0.0,0.44895387,0.6549782,0.5307716,0.1428571428571428,5,0
DB00451,110,0,train,1.0,4.0,0.197613,0.0,0.027027027027027,0.0,0.70168537,0.6603496,0.73983353,0.0932203389830508,0.197613,0.0,0.108108108108108,0.0,2.80674148,2.6413984,2.95933412,0.3728813559322032,5,0
DB01122,217,0,train,1.0,1.0,0.171478,0.0,0.0357142857142857,0.0,0.7955719,0.7897201,0.7160418,0.044776119402985,0.171478,0.0,0.0357142857142857,0.0,0.7955719,0.7897201,0.7160418,0.044776119402985,5,0
DB00650,119,0,train,3.0,3.0,0.210951,0.0,0.0294117647058823,0.0,0.86006963,0.7777157,0.8018747,0.1298701298701298,0.632853,0.0,0.0882352941176469,0.0,2.58020889,2.3331471,2.4056241000000003,0.3896103896103894,5,0
DB01181,314,0,train,9.0,5.0,0.2295,0.0,0.2027027027027027,0.0,0.75020164,0.8462121,0.7526342,0.0777777777777777,2.0655,0.0,1.0135135135135134,0.0,3.7510082,4.2310605,3.763171,0.3888888888888885,5,0
DB01016,192,0,train,0.0,1.0,0.032303,0.0,0.0,0.0,0.0,0.0,0.0,0.0,0.0,0.0,0.0,0.0,0.0,0.0,0.0,0.0,5,0
DB01069,219,0,train,4.0,5.0,0.251747,0.0674157303370786,0.0833333333333333,0.0,0.79722625,0.8527045,0.8226338,0.2155172413793103,1.006988,0.3370786516853929,0.4166666666666665,0.0,3.98613125,4.2635225,4.113169,1.0775862068965516,5,0
DB00744,8,0,train,8.0,2.0,0.110774,0.0909090909090909,0.1463414634146341,0.0,0.8744285,0.81680477,0.8149555,0.2467532467532467,0.886192,0.1818181818181818,0.2926829268292682,0.0,1.748857,1.63360954,1.629911,0.4935064935064934,5,0
DB00584,342,0,train,5.0,2.0,0.234886,0.0,0.0454545454545454,0.0,0.81051594,0.69569445,0.7195802,0.2527472527472527,1.17443,0.0,0.0909090909090908,0.0,1.62103188,1.3913889,1.4391604,0.5054945054945054,5,0
DB01029,308,0,train,3.0,6.0,0.370738,0.0,0.0793650793650793,0.0,0.879674,0.7767504,0.8855019,0.1954887218045112,1.112214,0.0,0.4761904761904758,0.0,5.278044,4.6605024,5.3130114,1.1729323308270674,5,0
DB00882,297,0,train,6.0,1.0,0.099215,0.0,0.0,0.0,0.6388186,0.8062769,0.84455097,0.3203883495145631,0.59529,0.0,0.0,0.0,0.6388186,0.8062769,0.84455097,0.3203883495145631,5,0
DB00167,237,0,train,6.0,4.0,0.0,0.0,0.0,0.0,0.51386094,0.73218834,0.49316734,0.0970873786407767,0.0,0.0,0.0,0.0,2.05544376,2.92875336,1.97266936,0.3883495145631068,5,0
DB01400,318,0,train,13.0,2.0,0.178737,0.0,0.037037037037037,0.0,0.8277373,0.85556763,0.8258614,0.1666666666666666,2.323581,0.0,0.074074074074074,0.0,1.6554746,1.71113526,1.6517228,0.3333333333333332,5,0
DB00270,151,0,train,4.0,1.0,0.088974,0.0,0.1153846153846153,0.0,0.67829716,0.6526838,0.6751007,0.1619718309859155,0.355896,0.0,0.1153846153846153,0.0,0.67829716,0.6526838,0.6751007,0.1619718309859155,5,0
DB01268,148,0,train,1.0,1.0,0.052955,0.0,0.0350877192982456,0.0,0.59808636,0.6261909,0.49066624,0.1512605042016806,0.052955,0.0,0.0350877192982456,0.0,0.59808636,0.6261909,0.49066624,0.1512605042016806,5,0
DB00373,103,0,train,4.0,5.0,0.14622,0.0,0.0746268656716417,0.0,0.7971858,0.7593835,0.66791207,0.0879120879120879,0.58488,0.0,0.3731343283582085,0.0,3.985929000000001,3.7969175,3.33956035,0.4395604395604395,5,0
DB01210,272,0,train,5.0,3.0,0.159735,0.0,0.0350877192982456,0.0,0.76479524,0.8453126,0.7334266,0.1188118811881188,0.7986749999999999,0.0,0.1052631578947368,0.0,2.29438572,2.5359378,2.2002798,0.3564356435643564,5,0
DB00630,73,0,train,29.0,5.0,0.253803,0.0,0.0769230769230769,0.0,0.7976851,0.81649065,0.802121,0.1134020618556701,7.360287,0.0,0.3846153846153844,0.0,3.9884255,4.08245325,4.010605,0.5670103092783505,5,0
DB00436,263,0,train,0.0,3.0,0.168336,0.0,0.0,0.0,0.0,0.0,0.0,0.0,0.0,0.0,0.0,0.0,0.0,0.0,0.0,0.0,5,0
DB00469,278,0,train,4.0,3.0,0.019096,0.0,0.0652173913043478,0.0,0.81882566,0.89733845,0.7945,0.1788617886178861,0.076384,0.0,0.1956521739130434,0.0,2.45647698,2.69201535,2.3835,0.5365853658536583,5,0
DB01202,200,0,train,2.0,10.0,0.194026,0.0,0.024390243902439,0.0,0.82257897,0.8226422,0.80299556,0.0898876404494382,0.388052,0.0,0.24390243902439,0.0,8.2257897,8.226422,8.029955600000001,0.898876404494382,5,0
DB01148,41,0,train,12.0,3.0,0.097105,0.0,0.0588235294117647,0.0,0.8384285,0.8623563,0.73845714,0.3208955223880597,1.16526,0.0,0.1764705882352941,0.0,2.5152855,2.5870689,2.21537142,0.9626865671641792,5,0
DB00436,95,0,train,3.0,3.0,0.194047,0.0,0.05,0.0,0.8181797,0.79141384,0.79858154,0.1170212765957446,0.582141,0.0,0.15,0.0,2.4545391,2.37424152,2.3957446200000003,0.3510638297872338,5,0
DB00297,335,0,train,3.0,1.0,0.022191,0.0,0.0952380952380952,0.0,0.63467616,0.7109513,0.7858677,0.1504424778761062,0.066573,0.0,0.0952380952380952,0.0,0.63467616,0.7109513,0.7858677,0.1504424778761062,5,0
DB00264,192,0,train,0.0,5.0,0.236688,0.0,0.0,0.0,0.0,0.0,0.0,0.0,0.0,0.0,0.0,0.0,0.0,0.0,0.0,0.0,5,0
DB00717,85,0,train,6.0,5.0,0.145952,0.0,0.1076923076923077,0.0,0.847924,0.79506147,0.77599776,0.1063829787234042,0.875712,0.0,0.5384615384615385,0.0,4.23962,3.975307350000001,3.8799888,0.531914893617021,5,0
DB06718,290,0,train,1.0,1.0,0.055452,0.0,0.0333333333333333,0.0,0.6922193,0.5680758,0.54086035,0.0616438356164383,0.055452,0.0,0.0333333333333333,0.0,0.6922193,0.5680758,0.54086035,0.0616438356164383,5,0
DB00888,34,0,train,1.0,2.0,0.0,0.0,0.0,0.0,0.76420623,0.5878278,0.6483737,0.03125,0.0,0.0,0.0,0.0,1.52841246,1.1756556,1.2967474,0.0625,5,0
DB01099,300,0,train,1.0,2.0,0.055163,0.0,0.09375,0.0,0.6738701,0.6836242,0.59919584,0.0857142857142857,0.055163,0.0,0.1875,0.0,1.3477402,1.3672484,1.19839168,0.1714285714285714,5,0
DB00834,152,0,train,4.0,1.0,0.137608,0.0,0.1428571428571428,0.0,0.6482128,0.83172476,0.76630193,0.1644736842105263,0.550432,0.0,0.1428571428571428,0.0,0.6482128,0.83172476,0.76630193,0.1644736842105263,5,0
DB00396,147,0,train,4.0,1.0,0.079713,0.1,0.225,0.0,0.77257425,0.6408447,0.7683829,0.3235294117647059,0.318852,0.1,0.225,0.0,0.77257425,0.6408447,0.7683829,0.3235294117647059,5,0
DB00759,158,0,train,2.0,7.0,0.290726,0.0,0.1587301587301587,0.0,0.7978789,0.7880287,0.87544215,0.2837837837837837,0.581452,0.0,1.111111111111111,0.0,5.5851523,5.5162009,6.128095050000001,1.986486486486486,5,0
DB00368,397,0,train,4.0,1.0,0.193282,0.0,0.0491803278688524,0.0,0.82747,0.8071879,0.7982634,0.1639344262295081,0.773128,0.0,0.0491803278688524,0.0,0.82747,0.8071879,0.7982634,0.1639344262295081,5,0
DB00796,330,0,train,3.0,2.0,0.107897,0.0,0.0576923076923076,0.0,0.81684625,0.8725903,0.7859102,0.1818181818181818,0.323691,0.0,0.1153846153846152,0.0,1.6336925,1.7451806,1.5718204,0.3636363636363636,5,0
DB01427,15,0,train,0.0,0.0,0.0,0.0,0.0,0.0,0.0,0.0,0.0,0.0,0.0,0.0,0.0,0.0,0.0,0.0,0.0,0.0,5,0
DB08835,264,0,train,1.0,4.0,0.13476,0.0,0.0,0.0,0.4747415,0.59435236,0.0,0.135593220338983,0.13476,0.0,0.0,0.0,1.898966,2.37740944,0.0,0.542372881355932,5,0
DB00515,316,0,train,11.0,7.0,0.177041,0.0,0.0625,0.0,0.76164126,0.66423804,0.72331685,0.0192307692307692,1.947451,0.0,0.4375,0.0,5.33148882,4.64966628,5.06321795,0.1346153846153844,5,0
DB00869,47,0,train,1.0,3.0,0.093678,0.0,0.0357142857142857,0.0,0.7680502,0.48867482,0.7821174,0.0625,0.093678,0.0,0.1071428571428571,0.0,2.3041506,1.46602446,2.3463522,0.1875,5,0
DB00804,404,0,train,5.0,2.0,0.043065,0.0,0.075,0.0,0.7906425,0.8415799,0.9040307,0.2087912087912088,0.215325,0.0,0.15,0.0,1.581285,1.6831598,1.8080614,0.4175824175824176,5,0
DB01410,246,0,train,0.0,4.0,0.158086,0.0,0.0,0.0,0.0,0.0,0.0,0.0,0.0,0.0,0.0,0.0,0.0,0.0,0.0,0.0,5,0
DB00428,42,0,train,1.0,1.0,0.222729,0.0,0.0238095238095238,0.0,0.9006907,0.6794306,0.85023093,0.074235807860262,0.222729,0.0,0.0238095238095238,0.0,0.9006907,0.6794306,0.85023093,0.074235807860262,5,0
DB00846,331,0,train,11.0,1.0,0.0,0.0,0.0975609756097561,0.0,0.83680546,0.75022054,0.76495934,0.1875,0.0,0.0,0.0975609756097561,0.0,0.83680546,0.75022054,0.76495934,0.1875,5,0
DB00444,190,0,train,5.0,6.0,0.044501,0.0,0.1206896551724138,0.0,0.72011054,0.78743994,0.77020633,0.1183673469387755,0.222505,0.0,0.7241379310344828,0.0,4.32066324,4.72463964,4.62123798,0.710204081632653,5,0
DB01083,294,0,train,3.0,1.0,0.114877,0.0,0.0,0.0,0.74607396,0.7085818,0.70577645,0.1353383458646616,0.344631,0.0,0.0,0.0,0.74607396,0.7085818,0.70577645,0.1353383458646616,5,0
DB00864,197,0,train,6.0,1.0,0.030358,0.0,0.1166666666666666,0.0,0.7459368,0.7517568,0.85402066,0.1282051282051282,0.182148,0.0,0.1166666666666666,0.0,0.7459368,0.7517568,0.85402066,0.1282051282051282,5,0
DB01224,114,0,train,3.0,1.0,0.0,0.0,0.0789473684210526,0.0,0.8195204,0.7005042,0.70311296,0.144927536231884,0.0,0.0,0.0789473684210526,0.0,0.8195204,0.7005042,0.70311296,0.144927536231884,5,0
DB00104,184,0,train,3.0,1.0,0.067106,0.0,0.1020408163265306,0.0,0.783579,0.81283534,0.8602303,0.1447963800904977,0.201318,0.0,0.1020408163265306,0.0,0.783579,0.81283534,0.8602303,0.1447963800904977,5,0
DB01039,23,0,train,0.0,2.0,0.160514,0.0,0.0,0.0,0.0,0.0,0.0,0.0,0.0,0.0,0.0,0.0,0.0,0.0,0.0,0.0,5,0
DB01275,341,0,train,5.0,2.0,0.259027,0.0,0.0384615384615384,0.0,0.7980305,0.743815,0.82048666,0.1285714285714285,1.295135,0.0,0.0769230769230768,0.0,1.596061,1.48763,1.64097332,0.257142857142857,5,0
DB00401,272,0,train,5.0,2.0,0.057981,0.0,0.1071428571428571,0.0,0.6952861,0.7804523,0.73669386,0.1682692307692307,0.2899049999999999,0.0,0.2142857142857142,0.0,1.3905722,1.5609046,1.47338772,0.3365384615384614,5,0
DB00412,361,0,train,3.0,4.0,0.0,0.0,0.1746031746031746,0.0,0.6522892,0.7861322,0.72050285,0.1886792452830188,0.0,0.0,0.6984126984126984,0.0,2.6091568,3.1445288,2.8820114,0.7547169811320752,5,0
DB00484,246,0,train,0.0,3.0,0.084272,0.0,0.0,0.0,0.0,0.0,0.0,0.0,0.0,0.0,0.0,0.0,0.0,0.0,0.0,0.0,5,0
DB00686,364,0,train,11.0,0.0,0.0,0.0,0.0344827586206896,0.0,0.7053441,0.7984829,0.7743564,0.0333333333333333,0.0,0.0,0.0,0.0,0.0,0.0,0.0,0.0,5,0
DB06196,216,0,train,0.0,0.0,0.0,0.0,0.0,0.0,0.0,0.0,0.0,0.0,0.0,0.0,0.0,0.0,0.0,0.0,0.0,0.0,5,0
DB01406,320,0,train,1.0,5.0,0.077249,0.0,0.0833333333333333,0.0,0.7733659,0.84297425,0.7200191,0.0933333333333333,0.077249,0.0,0.4166666666666665,0.0,3.8668295,4.21487125,3.6000955,0.4666666666666664,5,0
DB00549,199,0,train,13.0,0.0,0.0,0.0,0.1326530612244898,0.0,0.84160143,0.7802089,0.7898419,0.1888111888111888,0.0,0.0,0.0,0.0,0.0,0.0,0.0,0.0,5,0
DB08901,34,0,train,1.0,3.0,0.104842,0.0,0.015625,0.0,0.6261509,0.74246085,0.0,0.1063829787234042,0.104842,0.0,0.046875,0.0,1.8784527,2.22738255,0.0,0.3191489361702126,5,0
DB00829,394,0,train,2.0,1.0,0.131369,0.0,0.1904761904761904,0.0,0.75612867,0.83043706,0.8399473,0.3131313131313131,0.262738,0.0,0.1904761904761904,0.0,0.75612867,0.83043706,0.8399473,0.3131313131313131,5,0
DB00950,18,0,train,14.0,4.0,0.032302,0.0,0.1481481481481481,0.0,0.90516174,0.78021216,0.8562965,0.2111801242236025,0.4522279999999999,0.0,0.5925925925925924,0.0,3.62064696,3.12084864,3.425186,0.84472049689441,5,0
DB01175,21,0,train,6.0,1.0,0.110146,0.1764705882352941,0.1818181818181818,0.0,0.87557346,0.79386395,0.8037466,0.208,0.660876,0.1764705882352941,0.1818181818181818,0.0,0.87557346,0.79386395,0.8037466,0.208,5,0
DB00682,48,0,train,7.0,5.0,0.034824,0.3333333333333333,0.1219512195121951,0.0,0.8526561,0.87517613,0.7128246,0.1241134751773049,0.243768,1.6666666666666663,0.6097560975609755,0.0,4.2632805000000005,4.37588065,3.5641230000000004,0.6205673758865244,5,0
DB00436,282,0,train,4.0,3.0,0.284838,0.0,0.0,0.0,0.846728,0.7433386,0.788727,0.0408163265306122,1.139352,0.0,0.0,0.0,2.540184,2.2300158,2.366181,0.1224489795918366,5,0
DB00716,75,0,train,2.0,2.0,0.204203,0.0,0.03125,0.0,0.7376406,0.8152714,0.75449026,0.1229508196721311,0.408406,0.0,0.0625,0.0,1.4752812,1.6305428,1.50898052,0.2459016393442622,5,0
DB00569,279,0,train,4.0,1.0,0.185137,0.0,0.0333333333333333,0.0,0.71654475,0.7821728,0.7322906,0.0273972602739726,0.740548,0.0,0.0333333333333333,0.0,0.71654475,0.7821728,0.7322906,0.0273972602739726,5,0
DB00177,293,0,train,4.0,1.0,0.054837,0.0,0.0714285714285714,0.0,0.83172244,0.8945999,0.7400189,0.1739130434782608,0.219348,0.0,0.0714285714285714,0.0,0.83172244,0.8945999,0.7400189,0.1739130434782608,5,0
DB00199,14,0,train,1.0,1.0,0.05969,0.0,0.072463768115942,0.0,0.67970634,0.51373994,0.7385417,0.0888888888888888,0.05969,0.0,0.072463768115942,0.0,0.67970634,0.51373994,0.7385417,0.0888888888888888,5,0
DB00651,342,0,train,5.0,3.0,0.213077,0.0,0.1081081081081081,0.0,0.7041681,0.8432375,0.7146382,0.1025641025641025,1.065385,0.0,0.3243243243243243,0.0,2.1125043,2.5297125,2.1439146,0.3076923076923075,5,0
DB00604,370,0,train,13.0,2.0,0.036103,0.0588235294117647,0.2222222222222222,0.0,0.77314234,0.7524291,0.8044961,0.180327868852459,0.469339,0.1176470588235294,0.4444444444444444,0.0,1.54628468,1.5048582,1.6089922,0.360655737704918,5,0
DB01018,44,0,train,8.0,2.0,0.192775,0.0,0.0961538461538461,0.0,0.78807646,0.89456666,0.80543375,0.21875,1.5422,0.0,0.1923076923076922,0.0,1.57615292,1.78913332,1.6108675,0.4375,5,0
DB00307,206,0,train,1.0,2.0,0.081341,0.0,0.0,0.0,0.4083748,0.7639724,0.6554581,0.0631578947368421,0.081341,0.0,0.0,0.0,0.8167496,1.5279448,1.3109162,0.1263157894736842,5,0
DB01167,141,0,train,1.0,3.0,0.208143,0.0,0.1126760563380281,0.0,0.76802105,0.7347665,0.62617373,0.1703296703296703,0.208143,0.0,0.3380281690140843,0.0,2.30406315,2.2042995,1.87852119,0.510989010989011,5,0
DB00715,183,0,train,28.0,3.0,0.17507,0.1891891891891892,0.1428571428571428,0.0,0.8342304,0.87097365,0.8227633,0.1949152542372881,4.90196,0.5675675675675675,0.4285714285714284,0.0,2.5026912,2.6129209500000004,2.4682899,0.5847457627118643,5,0
DB00226,240,0,train,1.0,2.0,0.101791,0.0,0.0227272727272727,0.0,0.5624306,0.7259053,0.65684664,0.0,0.101791,0.0,0.0454545454545454,0.0,1.1248612,1.4518106,1.31369328,0.0,5,0
DB01003,273,0,train,3.0,2.0,0.169397,0.0,0.0384615384615384,0.0,0.747477,0.87489986,0.75424725,0.1452991452991453,0.508191,0.0,0.0769230769230768,0.0,1.494954,1.74979972,1.5084945,0.2905982905982906,5,0
DB00636,181,0,train,17.0,1.0,0.101868,0.1,0.0930232558139534,0.0,0.79347795,0.75412637,0.8493165,0.2873563218390804,1.731756,0.1,0.0930232558139534,0.0,0.79347795,0.75412637,0.8493165,0.2873563218390804,5,0
DB01261,279,0,train,4.0,4.0,0.30545,0.0,0.09375,0.0,0.8046104,0.62705797,0.7392091,0.15,1.2218,0.0,0.375,0.0,3.2184416,2.50823188,2.9568364,0.6,5,0
DB00186,345,0,train,6.0,3.0,0.113683,0.0,0.0588235294117647,0.0,0.6559115,0.71457165,0.68733215,0.219298245614035,0.6820980000000001,0.0,0.1764705882352941,0.0,1.9677345,2.14371495,2.06199645,0.657894736842105,5,0
DB00550,241,0,train,1.0,1.0,0.243311,0.0,0.0238095238095238,0.0,0.76320684,0.7763824,0.59594786,0.0784313725490196,0.243311,0.0,0.0238095238095238,0.0,0.76320684,0.7763824,0.59594786,0.0784313725490196,5,0
DB00290,107,0,train,8.0,4.0,0.245762,0.0,0.1176470588235294,0.0,0.85768795,0.7629427,0.78423005,0.1241217798594847,1.966096,0.0,0.4705882352941176,0.0,3.4307518,3.0517708,3.1369202,0.4964871194379388,5,0
DB01080,186,0,train,2.0,2.0,0.235523,0.0,0.0161290322580645,0.0,0.6987577,0.8211816,0.67554075,0.14,0.471046,0.0,0.032258064516129,0.0,1.3975154,1.6423632,1.3510815,0.28,5,0
DB01255,195,0,train,2.0,1.0,0.184033,0.0,0.0263157894736842,0.0,0.7818475,0.7810191,0.64462197,0.1489361702127659,0.368066,0.0,0.0263157894736842,0.0,0.7818475,0.7810191,0.64462197,0.1489361702127659,5,0
DB00835,250,0,train,2.0,5.0,0.124504,0.0,0.0,0.0,0.6842158,0.64443445,0.66756064,0.1153846153846153,0.249008,0.0,0.0,0.0,3.421079,3.22217225,3.3378032,0.5769230769230764,5,0
DB00909,296,0,train,1.0,11.0,0.46184,0.0,0.1132075471698113,0.0,0.6487818,0.6418208,0.7559105,0.16,0.46184,0.0,1.2452830188679245,0.0,7.1365998,7.0600288,8.315015500000001,1.76,5,0
DB00898,372,0,train,2.0,2.0,0.066808,0.0,0.1232876712328767,0.0,0.60760343,0.7156221,0.7138046,0.0547945205479452,0.133616,0.0,0.2465753424657534,0.0,1.21520686,1.4312442,1.4276092,0.1095890410958904,5,0
DB00379,42,0,train,1.0,1.0,0.039995,0.0,0.0227272727272727,0.0,0.7623708,0.632794,0.7028068,0.073394495412844,0.039995,0.0,0.0227272727272727,0.0,0.7623708,0.632794,0.7028068,0.073394495412844,5,0
DB00654,90,0,train,1.0,3.0,0.166801,0.0,0.0,0.0,0.72296625,0.6019011,0.5893518,0.0780141843971631,0.166801,0.0,0.0,0.0,2.1688987500000003,1.8057033,1.7680554,0.2340425531914892,5,0
DB00889,188,0,train,12.0,1.0,0.056553,0.0,0.1296296296296296,0.0,0.87234646,0.8852501,0.76503265,0.2547169811320754,0.678636,0.0,0.1296296296296296,0.0,0.87234646,0.8852501,0.76503265,0.2547169811320754,5,0
DB00268,243,0,train,10.0,8.0,0.230275,0.3333333333333333,0.1388888888888889,0.0,0.7994647,0.80026495,0.87983334,0.173469387755102,2.30275,2.6666666666666665,1.1111111111111112,0.0,6.3957176,6.4021196,7.03866672,1.387755102040816,5,0
DB00218,180,0,train,0.0,1.0,0.017584,0.0,0.0,0.0,0.0,0.0,0.0,0.0,0.0,0.0,0.0,0.0,0.0,0.0,0.0,0.0,5,0
DB00528,334,0,train,11.0,1.0,0.0,0.0,0.1489361702127659,0.0,0.78430665,0.85103214,0.8195443,0.1801242236024844,0.0,0.0,0.1489361702127659,0.0,0.78430665,0.85103214,0.8195443,0.1801242236024844,5,0
DB00544,189,0,train,1.0,3.0,0.195782,0.0,0.1774193548387097,0.0,0.8741239,0.8097283,0.9037146,0.0655737704918032,0.195782,0.0,0.532258064516129,0.0,2.6223717,2.4291849,2.7111438000000003,0.1967213114754096,5,0
DB00412,313,0,train,5.0,4.0,0.057746,0.0,0.1029411764705882,0.0,0.67830443,0.7687063,0.72954154,0.2233009708737864,0.28873,0.0,0.4117647058823528,0.0,2.71321772,3.0748252,2.91816616,0.8932038834951456,5,0
DB00131,126,0,train,1.0,1.0,0.081667,0.0,0.0,0.0,0.5592806,0.68378085,0.50050163,0.0902255639097744,0.081667,0.0,0.0,0.0,0.5592806,0.68378085,0.50050163,0.0902255639097744,5,0
DB00719,90,0,train,1.0,5.0,0.173187,0.0,0.0,0.0,0.7521349,0.69961405,0.7445019,0.1504424778761062,0.173187,0.0,0.0,0.0,3.7606745,3.49807025,3.7225095,0.752212389380531,5,0
DB01148,329,0,train,3.0,3.0,0.061821,0.0,0.0444444444444444,0.0,0.72223985,0.8695033,0.716902,0.1428571428571428,0.185463,0.0,0.1333333333333332,0.0,2.16671955,2.6085099,2.150706,0.4285714285714284,5,0
DB00653,162,0,train,5.0,3.0,0.148423,0.0,0.1692307692307692,0.0,0.69143,0.70587265,0.8132602,0.1111111111111111,0.742115,0.0,0.5076923076923077,0.0,2.07429,2.11761795,2.4397806,0.3333333333333333,5,0
DB00421,97,0,train,2.0,6.0,0.124895,0.0625,0.0714285714285714,0.0,0.86569715,0.62064683,0.74661225,0.2773109243697479,0.24979,0.375,0.4285714285714284,0.0,5.1941829,3.72388098,4.4796735,1.6638655462184877,5,0
DB00273,357,0,train,5.0,6.0,0.181882,0.0,0.0769230769230769,0.0,0.8853068,0.85104454,0.86874187,0.072072072072072,0.90941,0.0,0.4615384615384614,0.0,5.3118408,5.106267239999999,5.21245122,0.432432432432432,5,0
DB00790,163,0,train,15.0,3.0,0.078158,0.0,0.1489361702127659,0.0,0.85308075,0.73861086,0.8612414,0.1801801801801801,1.17237,0.0,0.4468085106382977,0.0,2.55924225,2.21583258,2.5837242,0.5405405405405402,5,0
DB00491,171,0,train,1.0,2.0,0.206168,0.0,0.0,0.0,0.796502,0.4975709,0.83796823,0.043103448275862,0.206168,0.0,0.0,0.0,1.593004,0.9951418,1.67593646,0.086206896551724,5,0
DB01204,280,0,train,33.0,7.0,0.206625,0.5,0.4038461538461538,0.0,0.8907306,0.9157712,0.84511125,0.2024539877300613,6.818625,3.5,2.8269230769230766,0.0,6.2351142,6.4103984,5.915778749999999,1.417177914110429,5,0
DB00611,61,0,train,2.0,1.0,0.057584,0.0,0.0,0.0,0.394436,0.6297903,0.7120923,0.1550387596899224,0.115168,0.0,0.0,0.0,0.394436,0.6297903,0.7120923,0.1550387596899224,5,0
DB00335,197,0,train,6.0,0.0,0.0,0.0,0.0185185185185185,0.0,0.7796798,0.8297488,0.7941849,0.1111111111111111,0.0,0.0,0.0,0.0,0.0,0.0,0.0,0.0,5,0
DB01200,333,0,train,1.0,1.0,0.0,0.0,0.1272727272727272,0.0,0.76252115,0.8197431,0.5942513,0.1135135135135135,0.0,0.0,0.1272727272727272,0.0,0.76252115,0.8197431,0.5942513,0.1135135135135135,5,0
DB00717,357,0,train,5.0,5.0,0.340934,0.0,0.0933333333333333,0.0,0.7522482,0.72204643,0.78976965,0.1192660550458715,1.70467,0.0,0.4666666666666664,0.0,3.761241,3.61023215,3.94884825,0.5963302752293574,5,0
DB00242,366,0,train,1.0,5.0,0.132853,0.0,0.0,0.0,0.7710346,0.697823,0.78034496,0.063063063063063,0.132853,0.0,0.0,0.0,3.855173,3.489115,3.9017248,0.315315315315315,5,0
DB01204,308,0,train,3.0,7.0,0.286656,0.0,0.056338028169014,0.0,0.7848438,0.7754677,0.6034248,0.1481481481481481,0.8599680000000001,0.0,0.394366197183098,0.0,5.4939066,5.4282739,4.2239736,1.0370370370370368,5,0
DB00508,405,0,train,55.0,2.0,0.05155,0.0833333333333333,0.1694915254237288,0.0,0.9019244,0.88400227,0.83023,0.25,2.83525,0.1666666666666666,0.3389830508474576,0.0,1.8038488,1.76800454,1.66046,0.5,5,0
DB00865,277,0,train,5.0,2.0,0.192239,0.0,0.0526315789473684,0.0,0.5435307,0.755867,0.71953857,0.144,0.961195,0.0,0.1052631578947368,0.0,1.0870614,1.511734,1.43907714,0.288,5,0
DB00458,254,0,train,0.0,3.0,0.116532,0.0,0.0,0.0,0.0,0.0,0.0,0.0,0.0,0.0,0.0,0.0,0.0,0.0,0.0,0.0,5,0
DB01242,340,0,train,1.0,2.0,0.029507,0.0,0.0779220779220779,0.0,0.66651523,0.65984094,0.56509596,0.1714285714285714,0.029507,0.0,0.1558441558441558,0.0,1.33303046,1.31968188,1.13019192,0.3428571428571428,5,0
DB00281,143,0,train,2.0,0.0,0.0,0.0,0.0,0.0,0.5794954,0.6823058,0.77352715,0.12,0.0,0.0,0.0,0.0,0.0,0.0,0.0,0.0,5,0
DB00390,197,0,train,6.0,1.0,0.107552,0.0,0.0727272727272727,0.0,0.71532774,0.79306555,0.80932844,0.1912568306010929,0.645312,0.0,0.0727272727272727,0.0,0.71532774,0.79306555,0.80932844,0.1912568306010929,5,0
DB00905,80,0,train,8.0,4.0,0.266827,0.0,0.1111111111111111,0.0,0.7568668,0.76961154,0.78787756,0.2028985507246377,2.134616,0.0,0.4444444444444444,0.0,3.0274672,3.07844616,3.15151024,0.8115942028985508,5,0
DB00908,295,0,train,1.0,2.0,0.133673,0.0,0.0485436893203883,0.0,0.6671572,0.7016558,0.778945,0.21875,0.133673,0.0,0.0970873786407766,0.0,1.3343144,1.4033116,1.55789,0.4375,5,0
DB00176,128,0,train,22.0,2.0,0.071828,0.0416666666666666,0.1857142857142857,0.0,0.88387597,0.87413794,0.8866103,0.1847826086956521,1.580216,0.0833333333333332,0.3714285714285714,0.0,1.76775194,1.74827588,1.7732206,0.3695652173913042,5,0
DB00500,256,0,train,1.0,4.0,0.287791,0.0,0.0222222222222222,0.0,0.74034923,0.5116544,0.75267506,0.0806451612903225,0.287791,0.0,0.0888888888888888,0.0,2.96139692,2.0466176,3.01070024,0.32258064516129,5,0
DB08803,198,0,train,1.0,3.0,0.089645,0.0,0.0,0.0,0.35911667,0.58091164,0.63709956,0.1078431372549019,0.089645,0.0,0.0,0.0,1.07735001,1.7427349199999995,1.91129868,0.3235294117647057,5,0
DB00283,397,0,train,4.0,3.0,0.0,0.0,0.074074074074074,0.0,0.8785197,0.84212047,0.8372055,0.2,0.0,0.0,0.222222222222222,0.0,2.6355591,2.52636141,2.5116165,0.6000000000000001,5,0
DB04861,59,0,train,1.0,4.0,0.067217,0.0,0.0,0.0,0.7938906,0.83890843,0.7347678,0.0970873786407767,0.067217,0.0,0.0,0.0,3.1755624,3.35563372,2.9390712,0.3883495145631068,5,0
DB00305,356,0,train,4.0,2.0,0.02533,0.0,0.0697674418604651,0.0,0.880878,0.6528329,0.79331774,0.1525423728813559,0.10132,0.0,0.1395348837209302,0.0,1.761756,1.3056658,1.58663548,0.3050847457627118,5,0
DB00765,185,0,train,1.0,1.0,0.133946,0.0,0.0434782608695652,0.0,0.71906585,0.7206114,0.7059829,0.0595238095238095,0.133946,0.0,0.0434782608695652,0.0,0.71906585,0.7206114,0.7059829,0.0595238095238095,5,0
DB00527,46,0,train,1.0,1.0,0.117481,0.0,0.0588235294117647,0.0,0.5838125,0.664625,0.6024479,0.1417322834645669,0.117481,0.0,0.0588235294117647,0.0,0.5838125,0.664625,0.6024479,0.1417322834645669,5,0
DB00847,405,0,train,55.0,2.0,0.182348,0.0,0.0975609756097561,0.0,0.8507656,0.7193237,0.8157253,0.0697674418604651,10.02914,0.0,0.1951219512195122,0.0,1.7015312,1.4386474,1.6314506,0.1395348837209302,5,0
DB01075,27,0,train,5.0,2.0,0.169228,0.0,0.0869565217391304,0.0,0.8072432,0.73493123,0.8315948,0.2772277227722772,0.8461399999999999,0.0,0.1739130434782608,0.0,1.6144864,1.46986246,1.6631896,0.5544554455445544,5,0
DB00755,241,0,train,1.0,6.0,0.221363,0.0,0.0476190476190476,0.0,0.7740772,0.76031685,0.6973696,0.112,0.221363,0.0,0.2857142857142856,0.0,4.644463200000001,4.5619011,4.1842176,0.672,5,0
DB00373,80,0,train,8.0,5.0,0.30169,0.0,0.0597014925373134,0.0,0.75093496,0.85105044,0.80654734,0.1382978723404255,2.41352,0.0,0.2985074626865669,0.0,3.7546748,4.2552522,4.0327367,0.6914893617021276,5,0
DB01043,143,0,train,2.0,8.0,0.099529,0.0,0.0571428571428571,0.0,0.78746974,0.7637615,0.78263915,0.0545454545454545,0.199058,0.0,0.4571428571428568,0.0,6.29975792,6.110092,6.2611132,0.436363636363636,5,0
DB00929,151,0,train,4.0,2.0,0.0,0.0,0.0909090909090909,0.5,0.74883807,0.7473959,0.78255576,0.0884353741496598,0.0,0.0,0.1818181818181818,1.0,1.49767614,1.4947918,1.56511152,0.1768707482993196,5,0
DB00712,153,0,train,7.0,7.0,0.093229,0.0,0.0588235294117647,0.0,0.7778001,0.8649988,0.8174242,0.2181818181818181,0.652603,0.0,0.4117647058823528,0.0,5.4446007,6.054991599999999,5.721969400000001,1.527272727272727,5,0
DB00839,394,0,train,2.0,3.0,0.095987,0.0,0.0425531914893617,0.0,0.70523834,0.71332985,0.7645023,0.1578947368421052,0.191974,0.0,0.1276595744680851,0.0,2.11571502,2.13998955,2.2935069,0.4736842105263156,5,0
DB01410,403,0,train,1.0,4.0,0.051763,0.0,0.0655737704918032,0.0,0.83109754,0.8248241,0.75162625,0.0465116279069767,0.051763,0.0,0.2622950819672128,0.0,3.32439016,3.2992964,3.006505,0.1860465116279068,5,0
DB01174,350,0,train,4.0,7.0,0.194961,0.0,0.0736842105263157,0.0,0.73648036,0.8074018,0.64563096,0.2238805970149253,0.779844,0.0,0.5157894736842099,0.0,5.15536252,5.6518126,4.51941672,1.567164179104477,5,0
DB00159,65,0,train,6.0,1.0,0.268606,0.0,0.015625,0.0,0.5793855,0.7809379,0.7359455,0.0916666666666666,1.611636,0.0,0.015625,0.0,0.5793855,0.7809379,0.7359455,0.0916666666666666,5,0
DB00987,82,0,train,1.0,8.0,0.089335,0.0,0.087719298245614,0.0,0.6494441,0.5938752,0.72071064,0.0983606557377049,0.089335,0.0,0.701754385964912,0.0,5.1955528,4.7510016,5.76568512,0.7868852459016392,5,0
DB01194,250,0,train,2.0,4.0,0.147267,0.0,0.0,0.0,0.72070056,0.65047956,0.7114503,0.0782608695652174,0.294534,0.0,0.0,0.0,2.88280224,2.60191824,2.8458012,0.3130434782608696,5,0
DB00501,153,0,train,7.0,4.0,0.308026,0.0,0.1612903225806451,0.0,0.80728924,0.821964,0.8154019,0.073170731707317,2.1561820000000003,0.0,0.6451612903225804,0.0,3.22915696,3.287856,3.2616076,0.292682926829268,5,0
DB00193,21,0,train,6.0,5.0,0.189881,0.0,0.1212121212121212,0.0,0.85297704,0.8353916,0.73926514,0.1894736842105263,1.139286,0.0,0.606060606060606,0.0,4.2648852,4.176958,3.6963257,0.9473684210526314,5,0
DB00310,76,0,train,10.0,2.0,0.0,0.0,0.0579710144927536,0.0,0.8975762,0.85778266,0.0,0.2268041237113402,0.0,0.0,0.1159420289855072,0.0,1.7951524,1.71556532,0.0,0.4536082474226804,5,0
DB00515,404,0,train,5.0,7.0,0.078482,0.0,0.1071428571428571,0.0,0.68937844,0.5705067,0.6873165,0.0,0.39241,0.0,0.7499999999999997,0.0,4.82564908,3.9935469,4.8112155,0.0,5,0
DB00437,132,0,train,4.0,1.0,0.020351,0.0,0.0909090909090909,0.0,0.82069623,0.7724581,0.7411628,0.0895522388059701,0.081404,0.0,0.0909090909090909,0.0,0.82069623,0.7724581,0.7411628,0.0895522388059701,5,0
DB01113,181,0,train,17.0,2.0,0.157838,0.0,0.0428571428571428,0.0,0.8177386,0.8747456,0.8309336,0.217391304347826,2.683246,0.0,0.0857142857142856,0.0,1.6354772,1.7494912,1.6618672,0.434782608695652,5,0
DB01115,339,0,train,0.0,3.0,0.070087,0.0,0.0,0.0,0.0,0.0,0.0,0.0,0.0,0.0,0.0,0.0,0.0,0.0,0.0,0.0,5,0
DB01120,16,0,train,4.0,1.0,0.22636,0.0,0.0625,0.0,0.813531,0.8147585,0.67602676,0.1694915254237288,0.90544,0.0,0.0625,0.0,0.813531,0.8147585,0.67602676,0.1694915254237288,5,0
DB00548,387,0,train,4.0,1.0,0.0,0.0,0.0294117647058823,0.0,0.7931978,0.74837786,0.6674866,0.1333333333333333,0.0,0.0,0.0294117647058823,0.0,0.7931978,0.74837786,0.6674866,0.1333333333333333,5,0
DB00384,156,0,train,6.0,2.0,0.12386,0.0,0.0769230769230769,0.0,0.8036536,0.7274042,0.8106673,0.1368421052631579,0.74316,0.0,0.1538461538461538,0.0,1.6073072,1.4548084,1.6213346,0.2736842105263158,5,0
DB00570,172,0,train,3.0,7.0,0.382484,0.1428571428571428,0.5833333333333334,0.0,0.9138688,0.9214649,0.893204,0.913793103448276,1.147452,0.9999999999999996,4.083333333333334,0.0,6.3970816,6.4502543,6.252428,6.396551724137932,5,0
DB00277,241,0,train,1.0,3.0,0.297589,0.0,0.0701754385964912,0.0,0.74109167,0.8457943,0.81488514,0.0952380952380952,0.297589,0.0,0.2105263157894736,0.0,2.22327501,2.5373829,2.44465542,0.2857142857142856,5,0
DB00630,230,0,train,1.0,5.0,0.203204,0.0,0.0,0.0,0.6623273,0.7827662,0.53858685,0.1016949152542373,0.203204,0.0,0.0,0.0,3.3116365,3.913831,2.6929342499999995,0.5084745762711864,5,0
DB00380,148,0,train,1.0,5.0,0.097249,0.0,0.0256410256410256,0.0,0.4982496,0.5631798,0.61551225,0.058252427184466,0.097249,0.0,0.128205128205128,0.0,2.491248,2.815899,3.07756125,0.29126213592233,5,0
DB01579,244,0,train,5.0,3.0,0.164891,0.0,0.0166666666666666,0.0,0.7501106,0.80045116,0.7492095,0.1724137931034483,0.824455,0.0,0.0499999999999998,0.0,2.2503318,2.40135348,2.2476285,0.5172413793103449,5,0
DB00722,180,0,train,0.0,2.0,0.128466,0.0,0.0,0.0,0.0,0.0,0.0,0.0,0.0,0.0,0.0,0.0,0.0,0.0,0.0,0.0,5,0
DB08802,325,0,train,5.0,3.0,0.0,0.0,0.037037037037037,0.0,0.72727203,0.7975788,0.8602398,0.2688172043010752,0.0,0.0,0.111111111111111,0.0,2.18181609,2.3927364,2.5807194,0.8064516129032255,5,0
DB01012,99,0,train,59.0,1.0,0.087624,0.0,0.1351351351351351,0.0,0.8273939,0.85808235,0.7940717,0.3877551020408163,5.169816,0.0,0.1351351351351351,0.0,0.8273939,0.85808235,0.7940717,0.3877551020408163,5,0
DB00864,13,0,train,2.0,1.0,0.078016,0.0,0.0845070422535211,0.0,0.8327149,0.84276414,0.7448743,0.073170731707317,0.156032,0.0,0.0845070422535211,0.0,0.8327149,0.84276414,0.7448743,0.073170731707317,5,0
DB00342,304,0,train,0.0,6.0,0.157696,0.0,0.0,0.0,0.0,0.0,0.0,0.0,0.0,0.0,0.0,0.0,0.0,0.0,0.0,0.0,5,0
DB00820,351,0,train,11.0,2.0,0.141599,0.0,0.0943396226415094,0.0,0.891263,0.8013207,0.78651345,0.1756756756756756,1.557589,0.0,0.1886792452830188,0.0,1.782526,1.6026414,1.5730269,0.3513513513513512,5,0
DB00241,33,0,train,1.0,2.0,0.142127,0.1785714285714285,0.2258064516129032,0.0,0.76604754,0.8994335,0.7601595,0.3283582089552239,0.142127,0.357142857142857,0.4516129032258064,0.0,1.53209508,1.798867,1.520319,0.6567164179104478,5,0
DB01115,357,0,train,5.0,3.0,0.364536,0.0,0.1290322580645161,0.0,0.71102387,0.7620368,0.6918256,0.1935483870967742,1.82268,0.0,0.3870967741935482,0.0,2.13307161,2.2861104,2.0754768,0.5806451612903225,5,0
DB00695,267,0,train,8.0,10.0,0.260695,0.0,0.0476190476190476,0.0,0.815784,0.8315592,0.7775103,0.1785714285714285,2.08556,0.0,0.476190476190476,0.0,8.15784,8.315592,7.775103,1.785714285714285,5,0
DB00605,264,0,train,1.0,6.0,0.187427,0.0,0.0,0.0,0.44700676,0.6403614,0.36898375,0.0789473684210526,0.187427,0.0,0.0,0.0,2.68204056,3.8421684,2.2139025,0.4736842105263156,5,0
DB01188,364,0,train,11.0,1.0,0.145405,0.0,0.0217391304347826,0.0,0.7514534,0.8334306,0.8152963,0.2235294117647059,1.599455,0.0,0.0217391304347826,0.0,0.7514534,0.8334306,0.8152963,0.2235294117647059,5,0
DB00407,300,0,train,1.0,1.0,0.177901,0.0,0.0416666666666666,0.0,0.6880203,0.76768166,0.66975653,0.0262008733624454,0.177901,0.0,0.0416666666666666,0.0,0.6880203,0.76768166,0.66975653,0.0262008733624454,5,0
DB00547,153,0,train,7.0,0.0,0.0,0.3333333333333333,0.125,0.0,0.7775731,0.8694953,0.8129401,0.2295081967213114,0.0,0.0,0.0,0.0,0.0,0.0,0.0,0.0,5,0
DB00213,392,0,train,21.0,3.0,0.089294,0.0,0.1551724137931034,0.0,0.7777617,0.7738757,0.8749192,0.2244897959183673,1.875174,0.0,0.4655172413793101,0.0,2.3332851,2.3216271,2.6247576,0.6734693877551019,5,0
DB01351,7,0,train,5.0,2.0,0.097913,0.3,0.2571428571428571,0.0,0.83228683,0.85216045,0.0,0.1111111111111111,0.489565,0.6,0.5142857142857142,0.0,1.66457366,1.7043209,0.0,0.2222222222222222,5,0
DB00813,21,0,train,6.0,0.0,0.0,0.0,0.1166666666666666,0.0,0.84194684,0.76265025,0.8267238,0.2962962962962963,0.0,0.0,0.0,0.0,0.0,0.0,0.0,0.0,5,0
DB00361,176,0,train,1.0,1.0,0.184275,0.0,0.0,0.0,0.65211374,0.7532674,0.66508156,0.1761904761904762,0.184275,0.0,0.0,0.0,0.65211374,0.7532674,0.66508156,0.1761904761904762,5,0
DB00652,288,0,train,1.0,1.0,0.255309,0.0,0.0142857142857142,0.0,0.7623321,0.73592204,0.81717694,0.1727272727272727,0.255309,0.0,0.0142857142857142,0.0,0.7623321,0.73592204,0.81717694,0.1727272727272727,5,0
DB00820,199,0,train,13.0,2.0,0.216302,0.0,0.1132075471698113,0.0,0.91174304,0.8494976,0.7567147,0.2352941176470588,2.811926,0.0,0.2264150943396226,0.0,1.82348608,1.6989952,1.5134294,0.4705882352941176,5,0
DB00949,105,0,train,4.0,1.0,0.0,0.0,0.0958904109589041,0.0,0.84819007,0.76211274,0.8149942,0.0416666666666666,0.0,0.0,0.0958904109589041,0.0,0.84819007,0.76211274,0.8149942,0.0416666666666666,5,0
DB00853,232,0,train,2.0,3.0,0.087457,0.0,0.0,0.0,0.37231582,0.53322405,0.6839857,0.0350877192982456,0.174914,0.0,0.0,0.0,1.11694746,1.59967215,2.0519571,0.1052631578947368,5,0
DB00692,319,0,train,2.0,3.0,0.067563,0.1034482758620689,0.0963855421686747,0.0,0.81547165,0.76422423,0.75633264,0.22,0.135126,0.3103448275862067,0.2891566265060241,0.0,2.44641495,2.29267269,2.26899792,0.66,5,0
DB00619,171,0,train,1.0,5.0,0.290963,0.0,0.0,0.0,0.70119995,0.5698297,0.74568737,0.1423357664233576,0.290963,0.0,0.0,0.0,3.50599975,2.8491485,3.72843685,0.711678832116788,5,0
DB01188,373,0,train,2.0,1.0,0.103875,0.0,0.0,0.0,0.7685976,0.74750334,0.7168406,0.0918367346938775,0.20775,0.0,0.0,0.0,0.7685976,0.74750334,0.7168406,0.0918367346938775,5,0
DB01050,318,0,train,13.0,9.0,0.164343,0.1333333333333333,0.1311475409836065,0.0,0.85255384,0.822018,0.7527997,0.2839506172839506,2.136459,1.1999999999999995,1.1803278688524586,0.0,7.67298456,7.398162,6.775197299999999,2.555555555555556,5,0
DB01241,338,0,train,1.0,3.0,0.698914,0.0,0.072463768115942,0.0,0.8267809,0.8148552,0.72300005,0.134453781512605,0.698914,0.0,0.217391304347826,0.0,2.4803427,2.4445656,2.16900015,0.403361344537815,5,0
DB06718,2,0,train,1.0,1.0,0.051018,0.0,0.0,0.0,0.8100858,0.6364825,0.5395661,0.010204081632653,0.051018,0.0,0.0,0.0,0.8100858,0.6364825,0.5395661,0.010204081632653,5,0
DB01182,104,0,train,1.0,1.0,0.0,0.0,0.0862068965517241,0.0,0.7538791,0.6031483,0.7544184,0.1075949367088607,0.0,0.0,0.0862068965517241,0.0,0.7538791,0.6031483,0.7544184,0.1075949367088607,5,0
DB00035,285,0,train,1.0,8.0,0.149132,0.0,0.0,0.0,0.640423,0.6354475,0.8328741,0.0537190082644628,0.149132,0.0,0.0,0.0,5.123384,5.08358,6.6629928,0.4297520661157024,5,0
DB00784,59,0,train,1.0,3.0,0.072931,0.0,0.0192307692307692,0.0,0.546042,0.8636795,0.77653444,0.0666666666666666,0.072931,0.0,0.0576923076923076,0.0,1.6381260000000002,2.5910385,2.3296033200000004,0.1999999999999998,5,0
DB01399,7,0,train,5.0,3.0,0.106257,0.0,0.1025641025641025,0.0,0.7376362,0.86459,0.87396926,0.2282608695652173,0.531285,0.0,0.3076923076923075,0.0,2.2129086,2.59377,2.62190778,0.6847826086956519,5,0
DB00379,308,0,train,3.0,1.0,0.027304,0.0,0.1176470588235294,0.0,0.78886473,0.72615874,0.6756145,0.144578313253012,0.081912,0.0,0.1176470588235294,0.0,0.78886473,0.72615874,0.6756145,0.144578313253012,5,0
DB00373,128,0,train,22.0,5.0,0.10009,0.0,0.0806451612903225,0.0,0.7971858,0.83856046,0.7227781,0.12,2.20198,0.0,0.4032258064516125,0.0,3.985929000000001,4.192802299999999,3.6138905,0.6,5,0
DB00605,122,0,train,2.0,6.0,0.264724,0.0,0.0638297872340425,0.0,0.83160365,0.8631741,0.7235268,0.1666666666666666,0.529448,0.0,0.382978723404255,0.0,4.9896219,5.1790446,4.3411608,0.9999999999999996,5,0
DB00481,372,0,train,2.0,3.0,0.160144,0.0,0.0289855072463768,0.0,0.78677416,0.69920135,0.77502173,0.1038961038961039,0.320288,0.0,0.0869565217391304,0.0,2.36032248,2.09760405,2.32506519,0.3116883116883117,5,0
DB01105,181,0,train,17.0,3.0,0.081416,0.0,0.1538461538461538,0.0,0.77429664,0.8890673,0.82472825,0.2638888888888889,1.384072,0.0,0.4615384615384614,0.0,2.32288992,2.6672019,2.47418475,0.7916666666666667,5,0
DB00325,83,0,train,3.0,2.0,0.119196,0.0,0.0,0.0,0.85458744,0.80683833,0.68807435,0.0087719298245614,0.357588,0.0,0.0,0.0,1.70917488,1.61367666,1.3761487,0.0175438596491228,5,0
DB02546,104,0,train,1.0,1.0,0.125736,0.0,0.1276595744680851,0.0,0.8075723,0.84593034,0.0,0.0827586206896551,0.125736,0.0,0.1276595744680851,0.0,0.8075723,0.84593034,0.0,0.0827586206896551,5,0
DB00302,286,0,train,0.0,5.0,0.127414,0.0,0.0,0.0,0.0,0.0,0.0,0.0,0.0,0.0,0.0,0.0,0.0,0.0,0.0,0.0,5,0
DB01005,180,0,train,0.0,5.0,0.101672,0.0,0.0,0.0,0.0,0.0,0.0,0.0,0.0,0.0,0.0,0.0,0.0,0.0,0.0,0.0,5,0
DB01170,210,0,train,3.0,2.0,0.076883,0.0,0.0638297872340425,0.0,0.80768216,0.88219565,0.70329034,0.1188118811881188,0.230649,0.0,0.127659574468085,0.0,1.61536432,1.7643913,1.40658068,0.2376237623762376,5,0
DB01590,24,0,train,17.0,1.0,0.235073,0.0,0.3214285714285714,0.0,0.77500707,0.8928678,0.0,0.17,3.996241,0.0,0.3214285714285714,0.0,0.77500707,0.8928678,0.0,0.17,5,0
DB01072,4,0,train,1.0,1.0,0.063842,0.0,0.0609756097560975,0.0,0.7594585,0.76945174,0.6156235,0.1801242236024844,0.063842,0.0,0.0609756097560975,0.0,0.7594585,0.76945174,0.6156235,0.1801242236024844,5,0
DB01196,255,0,train,3.0,2.0,0.103557,0.0,0.1388888888888889,0.0,0.7757299,0.831589,0.8008822,0.1550387596899224,0.310671,0.0,0.2777777777777778,0.0,1.5514598,1.663178,1.6017644,0.3100775193798448,5,0
DB00136,316,0,train,11.0,7.0,0.128904,0.0,0.0918367346938775,0.0,0.88843405,0.88868433,0.75090367,0.1726618705035971,1.417944,0.0,0.6428571428571425,0.0,6.21903835,6.22079031,5.256325690000001,1.2086330935251797,5,0
DB00460,290,0,train,1.0,2.0,0.06033,0.0,0.0,0.0,0.72270954,0.65643764,0.73443425,0.0938967136150234,0.06033,0.0,0.0,0.0,1.44541908,1.31287528,1.4688685,0.1877934272300468,5,0
DB00278,360,0,train,7.0,1.0,0.0,0.0,0.1538461538461538,0.0,0.8713654,0.8238002,0.7189231,0.1543624161073825,0.0,0.0,0.1538461538461538,0.0,0.8713654,0.8238002,0.7189231,0.1543624161073825,5,0
DB01062,120,0,train,3.0,0.0,0.0,0.375,0.18,0.0,0.6857229,0.7448516,0.8460729,0.2123893805309734,0.0,0.0,0.0,0.0,0.0,0.0,0.0,0.0,5,0
DB01050,114,0,train,3.0,9.0,0.113883,0.0666666666666666,0.0632911392405063,0.0,0.7735721,0.832463,0.74239886,0.1194029850746268,0.341649,0.5999999999999994,0.5696202531645568,0.0,6.9621489,7.492166999999999,6.68158974,1.0746268656716411,5,0
DB00315,197,0,train,6.0,0.0,0.0,0.0,0.037037037037037,0.0,0.7893891,0.5900134,0.79466224,0.1470588235294117,0.0,0.0,0.0,0.0,0.0,0.0,0.0,0.0,5,0
DB00203,322,0,train,22.0,3.0,0.208575,0.0555555555555555,0.2033898305084746,0.0,0.8416364,0.8180127,0.76768136,0.2043795620437956,4.58865,0.1666666666666665,0.6101694915254238,0.0,2.5249092,2.4540381,2.30304408,0.6131386861313868,5,0
DB00035,312,0,train,13.0,8.0,0.147735,0.0,0.0208333333333333,0.0,0.8322574,0.7325283,0.7993902,0.1228813559322034,1.920555,0.0,0.1666666666666664,0.0,6.6580592,5.8602264,6.3951216,0.9830508474576272,5,0
DB00783,313,0,train,5.0,4.0,0.218383,0.0384615384615384,0.1038961038961039,0.0,0.75430775,0.62877464,0.7983305,0.1208791208791208,1.091915,0.1538461538461536,0.4155844155844156,0.0,3.017231,2.51509856,3.193322,0.4835164835164832,5,0
DB00536,335,0,train,3.0,3.0,0.069194,0.0,0.02,0.0,0.7182912,0.6240773,0.719588,0.0238095238095238,0.207582,0.0,0.06,0.0,2.1548736,1.8722319,2.158764,0.0714285714285714,5,0
DB01611,57,0,train,2.0,5.0,0.09793,0.0,0.0,0.0,0.85156584,0.8181794,0.82361865,0.0931174089068826,0.19586,0.0,0.0,0.0,4.2578292,4.090897,4.11809325,0.4655870445344129,5,0
DB00921,91,0,train,1.0,1.0,0.091244,0.0,0.0985915492957746,0.0,0.7712067,0.72204655,0.7176476,0.0898203592814371,0.091244,0.0,0.0985915492957746,0.0,0.7712067,0.72204655,0.7176476,0.0898203592814371,5,0
DB00995,135,0,train,15.0,1.0,0.035673,0.0,0.0434782608695652,0.0,0.7710374,0.7913735,0.75251615,0.1044776119402985,0.5350950000000001,0.0,0.0434782608695652,0.0,0.7710374,0.7913735,0.75251615,0.1044776119402985,5,0
DB00947,373,0,train,2.0,0.0,0.0,0.0,0.0,0.0,0.6860525,0.7268417,0.6455659,0.0780141843971631,0.0,0.0,0.0,0.0,0.0,0.0,0.0,0.0,5,0
DB00764,286,0,train,0.0,4.0,0.230756,0.0,0.0,0.0,0.0,0.0,0.0,0.0,0.0,0.0,0.0,0.0,0.0,0.0,0.0,0.0,5,0
DB00984,351,0,train,11.0,1.0,0.0,0.3333333333333333,0.1034482758620689,0.0,0.7240838,0.79797053,0.802162,0.3583333333333333,0.0,0.3333333333333333,0.1034482758620689,0.0,0.7240838,0.79797053,0.802162,0.3583333333333333,5,0
DB00869,141,0,train,1.0,3.0,0.187211,0.25,0.1454545454545454,0.0,0.80061466,0.5269064,0.7810537,0.1308411214953271,0.187211,0.75,0.4363636363636362,0.0,2.40184398,1.5807192,2.3431611,0.3925233644859812,5,0
DB00663,4,0,train,1.0,4.0,0.106832,0.0,0.0535714285714285,0.0,0.8078646,0.82419133,0.8088877,0.0948275862068965,0.106832,0.0,0.214285714285714,0.0,3.2314584,3.29676532,3.2355508,0.379310344827586,5,0
DB00929,155,0,train,1.0,2.0,0.045655,0.0,0.0,0.0,0.7387001,0.69504035,0.4172021,0.0493827160493827,0.045655,0.0,0.0,0.0,1.4774002,1.3900807,0.8344042,0.0987654320987654,5,0
DB00908,110,0,train,1.0,2.0,0.036878,0.0,0.0099009900990099,0.0,0.7371537,0.7920058,0.6985689,0.1260504201680672,0.036878,0.0,0.0198019801980198,0.0,1.4743074,1.5840116,1.3971378,0.2521008403361344,5,0
DB00722,188,0,train,12.0,2.0,0.05605,0.0,0.1428571428571428,0.0,0.93696946,0.7979449,0.8065799,0.2195121951219512,0.6726000000000001,0.0,0.2857142857142856,0.0,1.87393892,1.5958898,1.6131598,0.4390243902439024,5,0
DB00655,110,0,train,1.0,1.0,0.098425,0.0,0.0,0.0,0.73234606,0.66506004,0.6980062,0.109090909090909,0.098425,0.0,0.0,0.0,0.73234606,0.66506004,0.6980062,0.109090909090909,5,0
DB00572,30,0,train,1.0,1.0,0.0,0.0,0.044776119402985,0.0,0.6076562,0.58096695,0.5314984,0.0833333333333333,0.0,0.0,0.044776119402985,0.0,0.6076562,0.58096695,0.5314984,0.0833333333333333,5,0
DB00484,318,0,train,13.0,3.0,0.170562,0.0,0.0476190476190476,0.0,0.8916056,0.8040284,0.8190109,0.1401869158878504,2.217306,0.0,0.1428571428571428,0.0,2.6748168,2.4120852,2.4570327,0.4205607476635512,5,0
DB00553,219,0,train,4.0,1.0,0.120411,0.0,0.0975609756097561,0.0,0.85169977,0.7792294,0.6468792,0.1926605504587156,0.481644,0.0,0.0975609756097561,0.0,0.85169977,0.7792294,0.6468792,0.1926605504587156,5,0
DB08835,246,0,train,0.0,4.0,0.158086,0.0,0.0,0.0,0.0,0.0,0.0,0.0,0.0,0.0,0.0,0.0,0.0,0.0,0.0,0.0,5,0
DB08896,160,0,train,2.0,0.0,0.0,0.0,0.0508474576271186,0.0,0.74840623,0.7460974,0.0,0.1904761904761904,0.0,0.0,0.0,0.0,0.0,0.0,0.0,0.0,5,0
DB01222,27,0,train,5.0,6.0,0.257884,0.5,0.3611111111111111,0.0,0.87119585,0.8535798,0.76535267,0.4247787610619469,1.28942,3.0,2.1666666666666665,0.0,5.2271751,5.1214788,4.59211602,2.5486725663716814,5,0
DB01203,53,0,train,1.0,4.0,0.15404,0.0,0.0285714285714285,0.0,0.730682,0.8098029,0.8032589,0.1290322580645161,0.15404,0.0,0.114285714285714,0.0,2.922728,3.2392116,3.2130356,0.5161290322580644,5,0
DB00371,54,0,train,3.0,2.0,0.018079,0.0,0.0,0.0,0.5763908,0.7124841,0.65943295,0.1016949152542373,0.054237,0.0,0.0,0.0,1.1527816,1.4249682,1.3188659,0.2033898305084746,5,0
DB01193,292,0,train,1.0,2.0,0.211586,0.0,0.037037037037037,0.0,0.68799204,0.7240815,0.6670177,0.202127659574468,0.211586,0.0,0.074074074074074,0.0,1.37598408,1.448163,1.3340354,0.404255319148936,5,0
DB01356,362,0,train,38.0,1.0,0.024349,0.0,0.1034482758620689,0.0,0.7798614,0.73106086,0.7182732,0.0,0.925262,0.0,0.1034482758620689,0.0,0.7798614,0.73106086,0.7182732,0.0,5,0
DB00216,283,0,train,2.0,4.0,0.181226,0.0,0.1132075471698113,0.0,0.6774972,0.7960397,0.7624646,0.0884353741496598,0.362452,0.0,0.4528301886792452,0.0,2.7099888,3.1841588,3.0498584,0.3537414965986392,5,0
DB00245,391,0,train,4.0,1.0,0.412759,0.0,0.1666666666666666,0.0,0.85292995,0.9043233,0.7321387,0.2314049586776859,1.651036,0.0,0.1666666666666666,0.0,0.85292995,0.9043233,0.7321387,0.2314049586776859,5,0
DB00499,50,0,train,1.0,1.0,0.116475,0.0,0.1176470588235294,0.0,0.772079,0.7813679,0.7987699,0.1376811594202898,0.116475,0.0,0.1176470588235294,0.0,0.772079,0.7813679,0.7987699,0.1376811594202898,5,0
DB01013,158,0,train,2.0,2.0,0.331334,0.0,0.0677966101694915,0.0,0.74448574,0.72557974,0.67751485,0.1779141104294478,0.662668,0.0,0.135593220338983,0.0,1.48897148,1.45115948,1.3550297,0.3558282208588956,5,0
DB00717,94,0,train,14.0,5.0,0.259369,0.0,0.0983606557377049,0.0,0.81344295,0.82743365,0.76380986,0.1932773109243697,3.631166,0.0,0.4918032786885245,0.0,4.06721475,4.13716825,3.8190493,0.9663865546218484,5,0
DB00367,28,0,train,12.0,2.0,0.052045,0.0,0.0697674418604651,0.0,0.7089659,0.8405274,0.7631892,0.1074380165289256,0.62454,0.0,0.1395348837209302,0.0,1.4179318,1.6810548,1.5263784,0.2148760330578512,5,0
DB00865,171,0,train,1.0,2.0,0.15524,0.0,0.0166666666666666,0.0,0.72950804,0.6086203,0.7885603,0.1222707423580786,0.15524,0.0,0.0333333333333332,0.0,1.45901608,1.2172406,1.5771206,0.2445414847161572,5,0
DB00451,215,0,train,1.0,4.0,0.270155,0.0,0.0,0.0,0.6936748,0.71696913,0.78588235,0.0297029702970297,0.270155,0.0,0.0,0.0,2.7746992,2.86787652,3.1435294,0.1188118811881188,5,0
DB00834,332,0,train,6.0,1.0,0.056984,0.0,0.064516129032258,0.0,0.638322,0.85603607,0.7826321,0.1848739495798319,0.341904,0.0,0.064516129032258,0.0,0.638322,0.85603607,0.7826321,0.1848739495798319,5,0
DB00297,252,0,train,4.0,1.0,0.180007,0.0,0.0701754385964912,0.0,0.569234,0.7814105,0.7751696,0.1379310344827586,0.720028,0.0,0.0701754385964912,0.0,0.569234,0.7814105,0.7751696,0.1379310344827586,5,0
DB00541,108,0,train,2.0,12.0,0.276588,0.0,0.06,0.0,0.83109605,0.7995155,0.7468682,0.1849056603773584,0.553176,0.0,0.72,0.0,9.9731526,9.594186,8.9624184,2.2188679245283005,5,0
DB00733,337,0,train,1.0,1.0,0.121194,0.0,0.0,0.0,0.6781878,0.7372074,0.7716243,0.1071428571428571,0.121194,0.0,0.0,0.0,0.6781878,0.7372074,0.7716243,0.1071428571428571,5,0
DB00661,224,0,train,12.0,7.0,0.108999,0.0,0.146067415730337,0.0,0.67319185,0.7437633,0.8556087,0.162037037037037,1.307988,0.0,1.022471910112359,0.0,4.71234295,5.2063431,5.9892609,1.134259259259259,5,0
DB00165,91,0,train,1.0,1.0,0.171324,0.0,0.0208333333333333,0.0,0.7477726,0.6281617,0.7684188,0.1111111111111111,0.171324,0.0,0.0208333333333333,0.0,0.7477726,0.6281617,0.7684188,0.1111111111111111,5,0
DB00588,6,0,train,4.0,4.0,0.082554,0.3333333333333333,0.1780821917808219,0.0,0.8685523,0.82485044,0.7900169,0.265625,0.330216,1.3333333333333333,0.7123287671232876,0.0,3.4742092,3.29940176,3.1600676,1.0625,5,0
DB01233,358,0,train,37.0,2.0,0.0,0.1111111111111111,0.2156862745098039,0.0,0.92137676,0.89215153,0.860287,0.1574074074074074,0.0,0.2222222222222222,0.4313725490196078,0.0,1.84275352,1.78430306,1.720574,0.3148148148148148,5,0
DB00236,226,0,train,1.0,1.0,0.184411,0.0,0.0,0.0,0.50114536,0.5851129,0.6776923,0.034090909090909,0.184411,0.0,0.0,0.0,0.50114536,0.5851129,0.6776923,0.034090909090909,5,0
DB01101,315,0,train,1.0,4.0,0.047855,0.0,0.0512820512820512,0.0,0.6929007,0.6062732,0.72092116,0.1567164179104477,0.047855,0.0,0.2051282051282048,0.0,2.7716028,2.4250928,2.88368464,0.6268656716417907,5,0
DB00216,371,0,train,23.0,4.0,0.123866,0.0,0.1886792452830188,0.0,0.79426396,0.80816054,0.8219315,0.3738317757009345,2.8489180000000003,0.0,0.7547169811320752,0.0,3.17705584,3.23264216,3.287726,1.495327102803738,5,0
DB01035,289,0,train,8.0,2.0,0.271198,0.032258064516129,0.1194029850746268,0.0,0.76442456,0.7545765,0.76778114,0.2,2.169584,0.064516129032258,0.2388059701492536,0.0,1.52884912,1.509153,1.53556228,0.4,5,0
DB01045,244,0,train,5.0,1.0,0.038374,0.0,0.06,0.0,0.802439,0.7608874,0.7412815,0.1283582089552238,0.1918699999999999,0.0,0.06,0.0,0.802439,0.7608874,0.7412815,0.1283582089552238,5,0
DB00969,335,0,train,3.0,1.0,0.187718,0.0,0.1111111111111111,0.0,0.8164065,0.7663371,0.83900064,0.1666666666666666,0.5631539999999999,0.0,0.1111111111111111,0.0,0.8164065,0.7663371,0.83900064,0.1666666666666666,5,0
DB01320,167,0,train,1.0,2.0,0.0,0.0,0.0169491525423728,0.0,0.7876655,0.76500547,0.56759703,0.0319148936170212,0.0,0.0,0.0338983050847456,0.0,1.575331,1.53001094,1.13519406,0.0638297872340424,5,0
DB00642,104,0,train,1.0,0.0,0.0,0.0,0.14,0.0,0.7777008,0.8669301,0.7331357,0.125,0.0,0.0,0.0,0.0,0.0,0.0,0.0,0.0,5,0
DB00839,361,0,train,3.0,3.0,0.0,0.0,0.0612244897959183,0.0,0.70812494,0.7052539,0.723686,0.1414141414141414,0.0,0.0,0.1836734693877549,0.0,2.12437482,2.1157617,2.1710580000000004,0.4242424242424242,5,0
DB06268,277,0,train,5.0,1.0,0.075813,0.0,0.1034482758620689,0.0,0.62507075,0.7518184,0.767187,0.1904761904761904,0.379065,0.0,0.1034482758620689,0.0,0.62507075,0.7518184,0.767187,0.1904761904761904,5,0
DB00572,81,0,train,4.0,1.0,0.0,0.4444444444444444,0.75,0.0,0.84152967,0.85517776,0.7999251,1.0,0.0,0.4444444444444444,0.75,0.0,0.84152967,0.85517776,0.7999251,1.0,5,0
DB00305,327,0,train,0.0,2.0,0.096387,0.0,0.0,0.0,0.0,0.0,0.0,0.0,0.0,0.0,0.0,0.0,0.0,0.0,0.0,0.0,5,0
DB00371,272,0,train,5.0,2.0,0.0,0.0,0.0444444444444444,0.0,0.6711243,0.7526266,0.68531007,0.0670103092783505,0.0,0.0,0.0888888888888888,0.0,1.3422486,1.5052532,1.37062014,0.134020618556701,5,0
DB08906,385,0,train,5.0,4.0,0.0,0.0,0.2641509433962264,0.0,0.7910231,0.7984914,0.7915224,0.1317829457364341,0.0,0.0,1.0566037735849056,0.0,3.1640924,3.1939656,3.1660896,0.5271317829457364,5,0
DB00484,36,0,train,8.0,3.0,0.190588,0.0,0.0857142857142857,0.0,0.87183595,0.8220802,0.7665189,0.1274509803921568,1.524704,0.0,0.2571428571428571,0.0,2.61550785,2.4662406,2.2995567,0.3823529411764704,5,0
DB00226,253,0,train,1.0,2.0,0.222847,0.0,0.0,0.0,0.7555716,0.81062317,0.53571767,0.0375,0.222847,0.0,0.0,0.0,1.5111432,1.62124634,1.07143534,0.075,5,0
DB00889,177,0,train,4.0,1.0,0.164172,0.0,0.0476190476190476,0.0,0.87234646,0.78917384,0.725996,0.1538461538461538,0.656688,0.0,0.0476190476190476,0.0,0.87234646,0.78917384,0.725996,0.1538461538461538,5,0
DB00290,326,0,train,1.0,4.0,0.039494,0.0,0.032258064516129,0.0,0.5478928,0.60113335,0.68954325,0.1262135922330097,0.039494,0.0,0.129032258064516,0.0,2.1915712,2.4045334,2.758173,0.5048543689320388,5,0
DB00390,32,0,train,1.0,1.0,0.023343,0.0,0.0545454545454545,0.0,0.6904835,0.67597705,0.74751335,0.0755813953488372,0.023343,0.0,0.0545454545454545,0.0,0.6904835,0.67597705,0.74751335,0.0755813953488372,5,0
DB01367,273,0,train,3.0,2.0,0.159744,0.0256410256410256,0.1176470588235294,0.0,0.84227675,0.8297562,0.6156864,0.203125,0.479232,0.0512820512820512,0.2352941176470588,0.0,1.6845535,1.6595124,1.2313728,0.40625,5,0
DB00882,92,0,train,0.0,1.0,0.377624,0.0,0.0,0.0,0.0,0.0,0.0,0.0,0.0,0.0,0.0,0.0,0.0,0.0,0.0,0.0,5,0
DB00847,64,0,train,3.0,2.0,0.142023,0.0,0.0588235294117647,0.0,0.8333262,0.71656394,0.730176,0.0571428571428571,0.426069,0.0,0.1176470588235294,0.0,1.6666524,1.43312788,1.460352,0.1142857142857142,5,0
DB01068,51,0,train,1.0,8.0,0.276522,0.7619047619047619,0.1372549019607843,0.0,0.7884223,0.8394467,0.73767865,0.2159090909090909,0.276522,6.095238095238095,1.0980392156862744,0.0,6.3073784,6.7155736,5.9014292,1.7272727272727273,5,0
DB00315,65,0,train,6.0,0.0,0.0,0.0,0.0425531914893617,0.0,0.7552648,0.49354196,0.7246771,0.1353383458646616,0.0,0.0,0.0,0.0,0.0,0.0,0.0,0.0,5,0
DB00176,146,0,train,8.0,2.0,0.0,0.1428571428571428,0.1758241758241758,0.0,0.81756604,0.80793655,0.7672196,0.1896551724137931,0.0,0.2857142857142856,0.3516483516483516,0.0,1.63513208,1.6158731,1.5344392,0.3793103448275862,5,0
DB01043,347,0,train,33.0,8.0,0.144306,0.0084745762711864,0.0806451612903225,0.0,0.7712966,0.88614094,0.835244,0.1630434782608695,4.762098,0.0677966101694912,0.64516129032258,0.0,6.1703728,7.08912752,6.681952,1.304347826086956,5,0
DB00407,283,0,train,2.0,1.0,0.277533,0.0,0.0,0.0,0.67188394,0.8095603,0.7709325,0.0474308300395256,0.555066,0.0,0.0,0.0,0.67188394,0.8095603,0.7709325,0.0474308300395256,5,0
DB00687,51,0,train,1.0,2.0,0.263277,0.0,0.0169491525423728,0.0,0.7440155,0.84947044,0.8620119,0.0925925925925925,0.263277,0.0,0.0338983050847456,0.0,1.488031,1.69894088,1.7240238,0.185185185185185,5,0
DB00917,48,0,train,7.0,1.0,0.128757,0.0,0.0434782608695652,0.0,0.8364287,0.8501009,0.8412401,0.089430894308943,0.901299,0.0,0.0434782608695652,0.0,0.8364287,0.8501009,0.8412401,0.089430894308943,5,0
DB01124,138,0,train,5.0,4.0,0.182379,0.0,0.081967213114754,0.0,0.84086615,0.83814025,0.728687,0.2112676056338028,0.911895,0.0,0.327868852459016,0.0,3.3634646,3.352561,2.914748,0.8450704225352113,5,0
DB00310,5,0,train,2.0,2.0,0.153676,0.0,0.0138888888888888,0.0,0.85683274,0.7449219,0.0,0.1101694915254237,0.307352,0.0,0.0277777777777776,0.0,1.71366548,1.4898438,0.0,0.2203389830508474,5,0
DB00972,290,0,train,1.0,4.0,0.067413,0.0,0.0689655172413793,0.0,0.7513809,0.64944255,0.66389006,0.1702127659574468,0.067413,0.0,0.2758620689655172,0.0,3.0055236,2.5977702,2.65556024,0.6808510638297872,5,0
DB00182,315,0,train,1.0,3.0,0.036576,0.0,0.04,0.0,0.68372536,0.63140976,0.7115883,0.0952380952380952,0.036576,0.0,0.12,0.0,2.05117608,1.89422928,2.1347649,0.2857142857142856,5,0
DB06803,235,0,train,2.0,1.0,0.110882,0.0,0.064516129032258,0.0,0.7062481,0.7315392,0.8000731,0.1458333333333333,0.221764,0.0,0.064516129032258,0.0,0.7062481,0.7315392,0.8000731,0.1458333333333333,5,0
DB00933,344,0,train,10.0,1.0,0.233627,0.1666666666666666,0.3023255813953488,0.0,0.8741537,0.851185,0.7774486,0.3663366336633663,2.33627,0.1666666666666666,0.3023255813953488,0.0,0.8741537,0.851185,0.7774486,0.3663366336633663,5,0
DB01254,110,0,train,1.0,2.0,0.079527,0.0,0.0,0.0,0.69587046,0.6490793,0.6928292,0.1118881118881118,0.079527,0.0,0.0,0.0,1.39174092,1.2981586,1.3856584,0.2237762237762236,5,0
DB00831,377,0,train,0.0,1.0,0.103816,0.0,0.0,0.0,0.0,0.0,0.0,0.0,0.0,0.0,0.0,0.0,0.0,0.0,0.0,0.0,5,0
DB00573,11,0,train,3.0,4.0,0.082959,0.0,0.0,0.0,0.7816284,0.8222033,0.71955484,0.0608695652173913,0.248877,0.0,0.0,0.0,3.1265136,3.2888132,2.87821936,0.2434782608695652,5,0
DB00460,85,0,train,6.0,2.0,0.109208,0.0,0.0208333333333333,0.0,0.85576886,0.72639716,0.8335928,0.1442786069651741,0.655248,0.0,0.0416666666666666,0.0,1.71153772,1.45279432,1.6671856,0.2885572139303482,5,0
DB00969,146,0,train,8.0,1.0,0.0,0.0,0.1025641025641025,0.0,0.82528794,0.82251954,0.8267571,0.2016806722689075,0.0,0.0,0.1025641025641025,0.0,0.82528794,0.82251954,0.8267571,0.2016806722689075,5,0
DB00715,384,0,train,1.0,3.0,0.159983,0.0,0.0350877192982456,0.0,0.74274874,0.69008106,0.63595724,0.0373831775700934,0.159983,0.0,0.1052631578947368,0.0,2.22824622,2.0702431800000003,1.90787172,0.1121495327102801,5,0
DB00904,345,0,train,6.0,2.0,0.092884,0.0,0.131578947368421,0.0,0.8064212,0.79468584,0.71342653,0.2016806722689075,0.557304,0.0,0.263157894736842,0.0,1.6128424,1.58937168,1.42685306,0.403361344537815,5,0
DB00847,213,0,train,1.0,2.0,0.205394,0.0,0.0,0.0,0.83834064,0.71971107,0.74215144,0.0833333333333333,0.205394,0.0,0.0,0.0,1.67668128,1.43942214,1.48430288,0.1666666666666666,5,0
DB00470,312,0,train,13.0,1.0,0.088899,0.0,0.1323529411764706,0.0,0.8048779,0.76837146,0.84481794,0.219047619047619,1.155687,0.0,0.1323529411764706,0.0,0.8048779,0.76837146,0.84481794,0.219047619047619,5,0
DB00481,53,0,train,1.0,3.0,0.18252,0.0,0.0,0.0,0.63328433,0.7519024,0.7485264,0.099236641221374,0.18252,0.0,0.0,0.0,1.89985299,2.2557072,2.2455792,0.297709923664122,5,0
DB01394,385,0,train,5.0,1.0,0.0843,0.0,0.1372549019607843,0.0,0.77679783,0.83908904,0.79343843,0.1652173913043478,0.4215,0.0,0.1372549019607843,0.0,0.77679783,0.83908904,0.79343843,0.1652173913043478,5,0
DB00136,170,0,train,2.0,7.0,0.242271,0.0,0.0476190476190476,0.0,0.81255496,0.6604056,0.71967965,0.048780487804878,0.484542,0.0,0.3333333333333332,0.0,5.68788472,4.6228392000000005,5.03775755,0.341463414634146,5,0
DB00603,62,0,train,1.0,3.0,0.036209,0.0,0.0175438596491228,0.0,0.670655,0.76481605,0.6433612,0.1418439716312056,0.036209,0.0,0.0526315789473684,0.0,2.011965,2.29444815,1.9300836,0.4255319148936168,5,0
DB00286,34,0,train,1.0,8.0,0.241811,0.0,0.0149253731343283,0.0,0.7547468,0.7868957,0.68238145,0.1414141414141414,0.241811,0.0,0.1194029850746264,0.0,6.0379744,6.2951656,5.4590516,1.1313131313131313,5,0
DB00236,393,0,train,0.0,1.0,0.131887,0.0,0.0,0.0,0.0,0.0,0.0,0.0,0.0,0.0,0.0,0.0,0.0,0.0,0.0,0.0,5,0
DB01067,179,0,train,1.0,3.0,0.226928,0.0,0.0277777777777777,0.0,0.70826304,0.6614676,0.6027915,0.0530973451327433,0.226928,0.0,0.083333333333333,0.0,2.12478912,1.9844028,1.8083745,0.1592920353982299,5,0
DB01351,325,0,train,5.0,2.0,0.199479,0.3,0.1454545454545454,0.0,0.81888807,0.834311,0.0,0.1030927835051546,0.997395,0.6,0.2909090909090908,0.0,1.63777614,1.668622,0.0,0.2061855670103092,5,0
DB01216,53,0,train,1.0,5.0,0.238848,0.0,0.0158730158730158,0.0,0.7682173,0.7054921,0.7526335,0.091743119266055,0.238848,0.0,0.079365079365079,0.0,3.8410865,3.5274605,3.7631675,0.458715596330275,5,0
DB00182,8,0,train,8.0,3.0,0.117169,0.0,0.1020408163265306,0.0,0.8537082,0.81736356,0.83291554,0.2857142857142857,0.937352,0.0,0.3061224489795918,0.0,2.5611246000000003,2.45209068,2.49874662,0.8571428571428571,5,0
DB01144,36,0,train,8.0,1.0,0.190588,0.0833333333333333,0.0606060606060606,0.0,0.8281388,0.7761163,0.8464458,0.1142857142857142,1.524704,0.0833333333333333,0.0606060606060606,0.0,0.8281388,0.7761163,0.8464458,0.1142857142857142,5,0
DB01232,296,0,train,1.0,0.0,0.0,0.0,0.0285714285714285,0.0,0.5338609,0.64523584,0.7710618,0.1071428571428571,0.0,0.0,0.0,0.0,0.0,0.0,0.0,0.0,5,0
DB01110,67,0,train,2.0,2.0,0.135408,0.0,0.0227272727272727,0.0,0.7528318,0.79911923,0.79217213,0.1684210526315789,0.270816,0.0,0.0454545454545454,0.0,1.5056636,1.59823846,1.58434426,0.3368421052631578,5,0
DB00125,13,0,train,2.0,1.0,0.118265,0.0,0.0175438596491228,0.0,0.467245,0.6545822,0.58943665,0.1,0.23653,0.0,0.0175438596491228,0.0,0.467245,0.6545822,0.58943665,0.1,5,0
