drugID,diseaseID,label,split,count_drug,count_disease,q_score_PS,p_score_Target,p_score_Category,p_score_Conditions,p_score_Description,p_score_Mechanism,p_score_Pharmacodynamics,p_score_Smile,adj_q_score_PS,adj_p_score_Target,adj_p_score_Category,adj_p_score_Conditions,adj_p_score_Description,adj_p_score_Mechanism,adj_p_score_Pharmacodynamics,adj_p_score_Smile
DB00213,163,1,train,14.0,2.0,0.164217,1.0,0.7222222222222222,0.0,0.9545273,0.80050457,0.8824972,0.5053763440860215,2.299038,2.0,1.4444444444444444,0.0,1.9090546,1.60100914,1.7649944,1.010752688172043
DB01076,80,1,train,7.0,2.0,0.737845,0.4,0.6,0.0,0.9984642,0.92518914,0.9901743,0.4452554744525547,5.164915,0.8,1.2,0.0,1.9969284,1.85037828,1.9803486,0.8905109489051094
DB00500,73,1,train,28.0,3.0,0.776582,1.0,0.7083333333333334,0.0,0.92675215,0.89837,0.8392611,0.4069767441860465,21.744296,3.0,2.125,0.0,2.78025645,2.69511,2.5177833,1.2209302325581397
DB01113,146,1,train,7.0,1.0,0.086244,0.0555555555555555,0.1111111111111111,0.0,0.8318011,0.7884852,0.887992,0.2689075630252101,0.603708,0.0555555555555555,0.1111111111111111,0.0,0.8318011,0.7884852,0.887992,0.2689075630252101
DB00195,68,1,train,10.0,1.0,0.114234,1.0,0.7272727272727273,0.0,0.8980495,0.8995259,0.8173806,0.2903225806451613,1.14234,1.0,0.7272727272727273,0.0,0.8980495,0.8995259,0.8173806,0.2903225806451613
DB01235,259,1,train,15.0,8.0,0.517447,0.7142857142857143,0.2758620689655172,0.0,0.92413,0.8449334,0.81718135,0.2297297297297297,7.761705,5.714285714285714,2.206896551724137,0.0,7.39304,6.7594672,6.5374508,1.8378378378378373
DB00788,73,1,train,28.0,9.0,0.776582,0.6666666666666666,0.6326530612244898,0.0,0.9722893,0.94433886,0.9024849,0.5833333333333334,21.744296,6.0,5.6938775510204085,0.0,8.750603700000001,8.49904974,8.1223641,5.25
DB00399,341,1,train,4.0,6.0,0.303915,0.5,0.875,0.0,0.8875502,1.0,0.8431301,0.5178571428571429,1.21566,3.0,5.25,0.0,5.3253012,6.0,5.0587806,3.1071428571428577
DB01050,181,1,train,16.0,8.0,0.453417,0.25,0.5,0.0,0.85859275,0.94172573,0.8864913,0.4032258064516129,7.254672,2.0,4.0,0.0,6.868742,7.53380584,7.0919304,3.225806451612903
DB01186,136,1,train,12.0,6.0,0.555551,0.8235294117647058,0.3902439024390244,0.0,0.7888823,0.8272021,0.8460039,0.35,6.666612000000001,4.941176470588236,2.341463414634146,0.0,4.7332938,4.9632126,5.0760234,2.1
DB01219,90,1,train,0.0,12.0,0.388715,0.0,0.0,0.0,0.0,0.0,0.0,0.0,0.0,0.0,0.0,0.0,0.0,0.0,0.0,0.0
DB00924,174,1,train,13.0,3.0,0.11614,0.0666666666666666,0.1521739130434782,0.0,0.70727545,0.76053923,0.8186865,0.4047619047619047,1.50982,0.1999999999999998,0.4565217391304346,0.0,2.12182635,2.28161769,2.4560595,1.2142857142857142
DB00401,124,1,train,68.0,1.0,0.271532,0.3846153846153846,0.5789473684210527,0.0,0.9428397,0.9979763,0.99597317,0.7974683544303798,18.464176,0.3846153846153846,0.5789473684210527,0.0,0.9428397,0.9979763,0.99597317,0.7974683544303798
DB00806,36,1,train,7.0,2.0,0.370725,0.0,0.0983606557377049,0.0,0.86503565,0.6686559,0.7488262,0.1391304347826087,2.595075,0.0,0.1967213114754098,0.0,1.7300713,1.3373118,1.4976524,0.2782608695652174
DB00635,6,1,train,3.0,22.0,0.289316,0.25,0.1494252873563218,0.0,0.8284422,0.81338644,0.8542845,0.2384615384615384,0.867948,5.5,3.2873563218390798,0.0,18.2257284,17.89450168,18.794259,5.246153846153844
DB00190,135,1,train,14.0,2.0,0.464046,0.0,0.3448275862068966,0.0,0.9441184,0.8378732,0.8395817,0.5490196078431373,6.496644,0.0,0.6896551724137931,0.0,1.8882368,1.6757464,1.6791634,1.0980392156862746
DB00635,371,1,train,22.0,22.0,0.74957,1.0,0.546875,0.0,0.90366346,0.9295209,0.84595937,0.5760869565217391,16.49054,22.0,12.03125,0.0,19.88059612,20.4494598,18.61110614,12.673913043478262
DB00419,384,1,train,0.0,4.0,0.583789,0.0,0.0,0.0,0.0,0.0,0.0,0.0,0.0,0.0,0.0,0.0,0.0,0.0,0.0,0.0
DB00334,294,1,train,2.0,2.0,0.261064,0.2647058823529412,0.4626865671641791,0.0,0.88622713,0.8896024,0.8871216,0.1889763779527559,0.522128,0.5294117647058824,0.9253731343283582,0.0,1.77245426,1.7792048,1.7742432,0.3779527559055118
DB00482,141,1,train,0.0,9.0,0.350015,0.0,0.0,0.0,0.0,0.0,0.0,0.0,0.0,0.0,0.0,0.0,0.0,0.0,0.0,0.0
DB01234,147,1,train,3.0,17.0,0.27647,0.2,0.4418604651162791,0.0,0.9309014,0.9295207,0.8765129,0.8518518518518519,0.82941,3.4000000000000004,7.511627906976744,0.0,15.8253238,15.8018519,14.9007193,14.48148148148148
DB00469,392,1,train,20.0,2.0,0.776582,1.0,0.6666666666666666,0.0,0.98594517,0.92103696,0.89967984,0.6891891891891891,15.53164,2.0,1.3333333333333333,0.0,1.97189034,1.84207392,1.79935968,1.3783783783783785
DB00382,10,1,train,5.0,7.0,0.667457,0.4,0.4666666666666667,0.0,0.9344021,0.88436055,0.90646344,0.1792452830188679,3.337285,2.8000000000000003,3.2666666666666666,0.0,6.5408147,6.19052385,6.3452440800000005,1.2547169811320753
DB00630,132,1,train,3.0,4.0,0.230282,0.2,0.7777777777777778,0.0,0.87250936,0.9826821,0.7118263,0.4423076923076923,0.690846,0.8,3.111111111111111,0.0,3.49003744,3.9307284,2.8473052,1.7692307692307692
DB00313,149,1,train,16.0,7.0,0.440958,0.2702702702702703,0.188034188034188,0.0,0.8837507,0.9121808,0.8954123,0.0891089108910891,7.055328,1.891891891891892,1.316239316239316,0.0,6.1862549,6.3852656,6.2678861,0.6237623762376238
DB01235,135,1,train,14.0,8.0,0.521949,0.7142857142857143,0.3448275862068966,0.0,0.9347576,0.8449334,0.8395817,0.5490196078431373,7.307285999999999,5.714285714285714,2.7586206896551726,0.0,7.4780608,6.7594672,6.7166536,4.392156862745098
DB00285,133,1,train,9.0,4.0,0.1085,0.5,0.4406779661016949,0.0,0.9261591,0.89680624,0.8280135,0.1938775510204081,0.9765,2.0,1.7627118644067796,0.0,3.7046364,3.58722496,3.312054,0.7755102040816324
DB01105,267,1,train,7.0,2.0,0.255168,0.5,0.3076923076923077,0.0,0.9100889,0.8650858,0.8830989,0.2236842105263158,1.786176,1.0,0.6153846153846154,0.0,1.8201778,1.7301716,1.7661978,0.4473684210526316
DB00434,368,1,train,0.0,10.0,0.32873,0.0,0.0,0.0,0.0,0.0,0.0,0.0,0.0,0.0,0.0,0.0,0.0,0.0,0.0,0.0
DB00887,251,1,train,4.0,7.0,0.260579,0.1428571428571428,0.6578947368421053,0.0,0.9719908,0.92419195,0.7883717,0.3695652173913043,1.042316,0.9999999999999996,4.605263157894737,0.0,6.8039356,6.46934365,5.5186019,2.5869565217391304
DB00448,163,1,train,14.0,2.0,0.164217,0.5,0.5,0.0,0.99811447,0.8108305,0.8994435,0.6904761904761905,2.299038,1.0,1.0,0.0,1.99622894,1.621661,1.798887,1.380952380952381
DB00695,196,1,train,11.0,9.0,0.247988,0.4,0.6578947368421053,0.0,0.95823145,0.9310797,0.9008596,0.3695652173913043,2.727868,3.6,5.921052631578948,0.0,8.62408305,8.3797173,8.1077364,3.326086956521739
DB00253,359,1,train,36.0,2.0,0.944425,1.0,0.4893617021276595,0.0,0.91183126,0.88923836,0.84617543,0.3396226415094339,33.9993,2.0,0.978723404255319,0.0,1.82366252,1.77847672,1.69235086,0.6792452830188678
DB01219,337,1,train,0.0,12.0,0.647398,0.0,0.0,0.0,0.0,0.0,0.0,0.0,0.0,0.0,0.0,0.0,0.0,0.0,0.0,0.0
DB01037,10,1,train,5.0,11.0,0.667457,0.0,0.1525423728813559,0.0,0.86311674,0.9016507,0.86046517,0.2121212121212121,3.337285,0.0,1.6779661016949148,0.0,9.49428414,9.9181577,9.46511687,2.333333333333333
DB00622,124,1,train,68.0,0.0,0.0,0.7073170731707317,0.492063492063492,0.0,0.9476433,0.9979763,0.99597317,0.5087719298245614,0.0,0.0,0.0,0.0,0.0,0.0,0.0,0.0
DB00169,271,1,train,8.0,7.0,0.251405,0.0,0.0857142857142857,0.0,0.84292436,0.62614423,0.63396466,0.192,2.01124,0.0,0.5999999999999999,0.0,5.900470520000001,4.38300961,4.43775262,1.344
DB00780,378,1,train,3.0,0.0,0.0,0.0,0.296875,0.0,0.9014412,0.83554935,0.8302537,0.125,0.0,0.0,0.0,0.0,0.0,0.0,0.0,0.0
DB00275,124,1,train,68.0,1.0,0.271532,1.0,0.5357142857142857,0.0,0.91753304,0.88877785,0.86576056,0.4358974358974359,18.464176,1.0,0.5357142857142857,0.0,0.91753304,0.88877785,0.86576056,0.4358974358974359
DB00399,360,1,train,6.0,6.0,0.15161,0.0,0.0,0.0,0.8872075,0.6668961,0.74105287,0.1125,0.90966,0.0,0.0,0.0,5.323245,4.0013766,4.44631722,0.675
DB00283,358,1,train,36.0,2.0,0.998501,1.0,0.4761904761904761,0.0,0.9758403,0.9977308,0.9276831,0.3679245283018867,35.946036,2.0,0.9523809523809522,0.0,1.9516806,1.9954616,1.8553662,0.7358490566037734
DB00953,379,1,train,3.0,1.0,0.774075,0.6666666666666666,0.7741935483870968,0.0,0.7962418,0.78789216,0.74776787,0.547945205479452,2.322225,0.6666666666666666,0.7741935483870968,0.0,0.7962418,0.78789216,0.74776787,0.547945205479452
DB00434,307,1,train,1.0,10.0,0.232092,0.0,0.025,0.0,0.63029504,0.60313106,0.68658054,0.0,0.232092,0.0,0.25,0.0,6.3029504,6.0313106,6.8658054,0.0
DB00338,298,1,train,7.0,2.0,0.211691,0.0,0.2413793103448276,0.0,0.85003895,0.81080914,0.85337883,0.1804511278195488,1.4818369999999998,0.0,0.4827586206896552,0.0,1.7000779,1.62161828,1.70675766,0.3609022556390976
DB00374,269,1,train,4.0,1.0,0.068561,0.3333333333333333,0.6296296296296297,0.0,0.8707491,0.8336548,0.83150387,0.3423423423423423,0.274244,0.3333333333333333,0.6296296296296297,0.0,0.8707491,0.8336548,0.83150387,0.3423423423423423
DB00810,37,1,train,10.0,1.0,0.410462,0.25,0.4545454545454545,0.0,0.9559,0.8986045,0.8312342,0.6049382716049383,4.10462,0.25,0.4545454545454545,0.0,0.9559,0.8986045,0.8312342,0.6049382716049383
DB01115,405,1,train,54.0,2.0,0.271532,0.4166666666666667,0.492063492063492,0.0,0.9454436,0.92213404,0.8645413,0.7974683544303798,14.662728,0.8333333333333334,0.984126984126984,0.0,1.8908872,1.84426808,1.7290826,1.5949367088607596
DB01623,149,1,train,16.0,0.0,0.0,0.6666666666666666,0.6111111111111112,0.0,0.98499596,0.99761385,0.8413924,0.4473684210526316,0.0,0.0,0.0,0.0,0.0,0.0,0.0,0.0
DB00542,124,1,train,68.0,2.0,0.384394,1.0,0.8333333333333334,0.0,0.9363816,0.9356447,0.86076707,0.5614035087719298,26.138792,2.0,1.6666666666666667,0.0,1.8727632,1.8712894,1.72153414,1.1228070175438596
DB00541,19,1,train,8.0,11.0,0.24111,0.0,0.2452830188679245,0.0,0.9437053,0.8967478,0.78640485,0.1494252873563218,1.92888,0.0,2.698113207547169,0.0,10.3807583,9.8642258,8.650453350000001,1.6436781609195397
DB08907,290,1,train,0.0,6.0,1.0,0.0,0.0,0.0,0.0,0.0,0.0,0.0,0.0,0.0,0.0,0.0,0.0,0.0,0.0,0.0
DB00672,40,1,train,12.0,3.0,0.891319,0.5,0.8,0.0,0.9886713,0.9387632,0.90891933,0.6666666666666666,10.695828,1.5,2.4000000000000004,0.0,2.9660139,2.8162896,2.7267579900000003,2.0
DB00280,28,1,train,11.0,0.0,0.0,0.2222222222222222,0.3409090909090909,0.0,0.93654895,0.8569028,0.8846108,0.2551020408163265,0.0,0.0,0.0,0.0,0.0,0.0,0.0,0.0
DB01177,208,1,train,10.0,3.0,0.596104,1.0,0.425,0.0,0.93197566,0.9973546,0.8626517,0.7946428571428571,5.96104,3.0,1.275,0.0,2.79592698,2.9920638,2.5879551000000003,2.383928571428571
DB00571,138,1,train,4.0,6.0,0.205053,0.25,0.3928571428571428,0.0,0.8553664,0.8366493,0.89352036,0.3296703296703296,0.820212,1.5,2.3571428571428568,0.0,5.1321984,5.0198958000000005,5.36112216,1.9780219780219777
DB00806,328,1,train,7.0,2.0,0.288836,0.0,0.1794871794871795,0.0,0.82915056,0.62644696,0.7747955,0.1333333333333333,2.021852,0.0,0.358974358974359,0.0,1.65830112,1.25289392,1.549591,0.2666666666666666
DB00122,376,1,train,15.0,5.0,0.089522,0.0,0.0612244897959183,0.0,0.6248834,0.7199886,0.77444017,0.0961538461538461,1.34283,0.0,0.3061224489795915,0.0,3.124417,3.599943,3.87220085,0.4807692307692305
DB00722,401,1,train,4.0,1.0,0.156156,0.3333333333333333,0.4666666666666667,0.0,0.93487346,0.76129633,0.790477,0.256198347107438,0.624624,0.3333333333333333,0.4666666666666667,0.0,0.93487346,0.76129633,0.790477,0.256198347107438
DB00839,41,1,train,11.0,2.0,0.544787,0.5,0.9,0.0,0.98871803,0.99226725,0.92676246,0.4814814814814814,5.992657,1.0,1.8,0.0,1.97743606,1.9845345,1.85352492,0.9629629629629628
DB00448,18,1,train,13.0,2.0,0.430743,0.5,0.7446808510638298,0.0,0.99811447,0.8108305,0.8994435,0.6904761904761905,5.599659,1.0,1.4893617021276595,0.0,1.99622894,1.621661,1.798887,1.380952380952381
DB00794,386,1,train,3.0,13.0,0.819887,0.0,0.1833333333333333,0.0,0.94126576,0.87481844,0.80769104,0.2375,2.459661,0.0,2.383333333333333,0.0,12.23645488,11.37263972,10.49998352,3.0875
DB00650,25,1,train,3.0,2.0,0.266724,0.0,0.0862068965517241,0.0,0.88675433,0.7807842,0.74624336,0.4122137404580153,0.8001720000000001,0.0,0.1724137931034482,0.0,1.77350866,1.5615684,1.49248672,0.8244274809160306
DB00898,99,1,train,58.0,1.0,0.057204,0.2575757575757575,0.2456140350877192,0.0,0.6952118,0.8478534,0.8538898,0.2105263157894736,3.317832,0.2575757575757575,0.2456140350877192,0.0,0.6952118,0.8478534,0.8538898,0.2105263157894736
DB00863,163,1,train,14.0,2.0,0.068205,0.5,0.3846153846153846,0.0,0.9784372,0.83984876,0.8830332,0.6111111111111112,0.95487,1.0,0.7692307692307692,0.0,1.9568744,1.67969752,1.7660664,1.2222222222222223
DB00960,405,1,train,54.0,1.0,0.271532,0.8,0.7575757575757576,0.0,0.94126827,0.91444564,0.88559204,0.4444444444444444,14.662728,0.8,0.7575757575757576,0.0,0.94126827,0.91444564,0.88559204,0.4444444444444444
DB00253,358,1,train,36.0,2.0,0.998501,1.0,0.5128205128205128,0.0,0.90550476,0.8833771,0.84617543,0.4479166666666667,35.946036,2.0,1.0256410256410255,0.0,1.81100952,1.7667542,1.69235086,0.8958333333333334
DB01064,183,1,train,27.0,2.0,0.38905,0.75,0.6578947368421053,0.0,0.8243432,0.90751415,0.863178,0.7045454545454546,10.50435,1.5,1.3157894736842106,0.0,1.6486864,1.8150283,1.726356,1.4090909090909092
DB00987,272,1,train,4.0,7.0,0.472558,0.0,0.4166666666666667,0.0,0.9164607,0.8883547,0.9206786,0.4852941176470588,1.890232,0.0,2.916666666666667,0.0,6.4152249,6.218482900000001,6.4447502,3.397058823529412
DB00285,99,1,train,58.0,4.0,0.136941,1.0,0.4166666666666667,0.0,0.9487434,0.9141305,0.8735488,0.4155844155844156,7.942578,4.0,1.6666666666666667,0.0,3.7949736,3.656522,3.4941952,1.6623376623376624
DB00989,370,1,train,12.0,14.0,0.755165,0.0,0.1739130434782608,0.0,0.8483618,0.8558266,0.8597396,0.2352941176470588,9.06198,0.0,2.4347826086956514,0.0,11.8770652,11.9815724,12.0363544,3.294117647058823
DB00441,360,1,train,6.0,2.0,0.335419,0.3333333333333333,0.2058823529411764,0.0,0.87795365,0.78033334,0.8357991,0.1125,2.0125140000000004,0.6666666666666666,0.4117647058823528,0.0,1.7559073,1.56066668,1.6715982,0.225
DB00950,358,1,train,36.0,3.0,0.94294,1.0,0.3157894736842105,0.0,0.96058714,1.0000001,0.84595937,0.8636363636363636,33.94584,3.0,0.9473684210526316,0.0,2.88176142,3.0000003,2.53787811,2.590909090909091
DB00514,396,1,train,10.0,0.0,0.0,0.1428571428571428,0.391304347826087,0.5,0.86446697,0.84674543,0.81922466,0.4069767441860465,0.0,0.0,0.0,0.0,0.0,0.0,0.0,0.0
DB00313,228,1,train,6.0,7.0,0.203291,0.1774193548387097,0.1648351648351648,0.0,0.93164325,0.84662026,0.8739902,0.1525423728813559,1.219746,1.2419354838709675,1.1538461538461535,0.0,6.52150275,5.92634182,6.117931400000001,1.0677966101694911
DB00697,164,1,train,4.0,3.0,0.066908,0.0,0.1538461538461538,0.0,0.79966193,0.83584857,0.8401505,0.1066666666666666,0.267632,0.0,0.4615384615384614,0.0,2.39898579,2.50754571,2.5204515,0.3199999999999998
DB01275,88,1,train,4.0,1.0,0.287587,0.0,0.1612903225806451,0.0,0.86485523,0.88284177,0.8451924,0.1428571428571428,1.150348,0.0,0.1612903225806451,0.0,0.86485523,0.88284177,0.8451924,0.1428571428571428
DB01069,100,1,train,6.0,4.0,0.110074,0.0795454545454545,0.1964285714285714,0.0,0.8423472,0.84275687,0.8414082,0.3103448275862069,0.660444,0.318181818181818,0.7857142857142856,0.0,3.3693888,3.37102748,3.3656328,1.2413793103448276
DB00762,25,1,train,3.0,2.0,0.442665,0.0,0.1969696969696969,0.0,0.8789735,0.8020741,0.7816849,0.1361256544502617,1.327995,0.0,0.3939393939393938,0.0,1.757947,1.6041482,1.5633698,0.2722513089005234
DB01194,124,1,train,68.0,3.0,0.188469,0.8,0.56,0.0,0.9293082,0.80740577,0.84448415,0.5555555555555556,12.815892,2.4000000000000004,1.6800000000000002,0.0,2.7879246,2.42221731,2.53345245,1.6666666666666667
DB01244,405,1,train,54.0,0.0,0.0,0.3529411764705882,0.4615384615384615,0.0,0.83942205,0.9166518,0.7918006,0.3100775193798449,0.0,0.0,0.0,0.0,0.0,0.0,0.0,0.0
DB00635,288,1,train,0.0,22.0,0.42204,0.0,0.0,0.0,0.0,0.0,0.0,0.0,0.0,0.0,0.0,0.0,0.0,0.0,0.0,0.0
DB00515,257,1,train,4.0,6.0,0.300802,0.0,0.4482758620689655,0.0,0.8844034,0.92615783,0.9056767,0.0,1.203208,0.0,2.689655172413793,0.0,5.3064204,5.556946979999999,5.4340602,0.0
DB00657,405,1,train,54.0,2.0,0.404717,0.0,0.2222222222222222,0.0,0.8995025,0.922938,0.8826211,0.1414141414141414,21.854718,0.0,0.4444444444444444,0.0,1.799005,1.845876,1.7652422,0.2828282828282828
DB00227,401,1,train,4.0,1.0,0.444694,0.0,0.203125,0.0,0.90113086,0.76635605,0.88520825,0.1796875,1.778776,0.0,0.203125,0.0,0.90113086,0.76635605,0.88520825,0.1796875
DB00215,49,1,train,4.0,4.0,0.136257,0.25,0.5833333333333334,0.0,0.92305934,0.86414665,0.78829837,0.2522522522522522,0.545028,1.0,2.333333333333333,0.0,3.69223736,3.4565866,3.15319348,1.0090090090090087
DB00515,280,1,train,32.0,6.0,0.406313,0.0,0.4482758620689655,0.0,0.9300825,0.92615783,0.999045,0.0526315789473684,13.002016,0.0,2.689655172413793,0.0,5.580495,5.556946979999999,5.99427,0.3157894736842104
DB00909,199,1,train,12.0,10.0,0.388041,0.2682926829268293,0.3269230769230769,0.0,0.95625484,0.9234646,0.90021014,0.2461538461538461,4.656492,2.682926829268293,3.269230769230769,0.0,9.5625484,9.234646,9.0021014,2.461538461538461
DB00995,62,1,train,0.0,0.0,0.0,0.0,0.0,0.0,0.0,0.0,0.0,0.0,0.0,0.0,0.0,0.0,0.0,0.0,0.0,0.0
DB01050,376,1,train,15.0,8.0,0.14574,0.4,0.5,0.0,0.88531965,0.94172573,0.8864913,0.4032258064516129,2.1861,3.2,4.0,0.0,7.0825572,7.53380584,7.0919304,3.225806451612903
DB00733,244,1,train,4.0,0.0,0.0,0.5,0.15,0.0,0.8118478,0.85998183,0.7918611,0.1290322580645161,0.0,0.0,0.0,0.0,0.0,0.0,0.0,0.0
DB00193,1,1,train,8.0,4.0,0.129079,0.1153846153846153,0.1666666666666666,0.0,0.835281,0.8139468,0.90009874,0.1938775510204081,1.032632,0.4615384615384612,0.6666666666666664,0.0,3.341124,3.2557872,3.60039496,0.7755102040816324
DB00310,124,1,train,68.0,1.0,0.271532,0.3333333333333333,0.5757575757575758,0.0,0.9714322,0.9394111,0.0,0.4204545454545454,18.464176,0.3333333333333333,0.5757575757575758,0.0,0.9714322,0.9394111,0.0,0.4204545454545454
DB00963,195,1,train,1.0,1.0,0.200163,0.0,0.0,0.0,0.75878537,0.79923904,0.56817317,0.07,0.200163,0.0,0.0,0.0,0.75878537,0.79923904,0.56817317,0.07
DB01234,38,1,train,5.0,17.0,0.360196,0.4,0.5,0.0,0.8851836,0.99999976,0.9330202,1.0,1.80098,6.800000000000001,8.5,0.0,15.0481212,16.99999592,15.8613434,17.0
DB01098,91,1,train,0.0,1.0,0.589956,0.0,0.0,0.0,0.0,0.0,0.0,0.0,0.0,0.0,0.0,0.0,0.0,0.0,0.0,0.0
DB00286,197,1,train,5.0,7.0,0.257198,0.4,0.3953488372093023,0.0,0.9483936,0.85584265,0.89560735,0.6891891891891891,1.28599,2.8000000000000003,2.7674418604651163,0.0,6.638755199999999,5.990898550000001,6.2692514500000005,4.824324324324324
DB00328,181,1,train,16.0,10.0,0.453417,0.25,0.4918032786885246,0.0,0.86068946,0.8417474,0.9306223,0.3333333333333333,7.254672,2.5,4.918032786885246,0.0,8.6068946,8.417474,9.306223,3.333333333333333
DB00856,164,1,train,4.0,0.0,0.0,0.0,0.1818181818181818,0.0,0.76955336,0.7293625,0.82377034,0.3703703703703703,0.0,0.0,0.0,0.0,0.0,0.0,0.0,0.0
DB01248,113,1,train,2.0,4.0,0.401914,0.0,0.1860465116279069,0.0,0.90784746,0.710512,0.8199841,0.1389645776566757,0.803828,0.0,0.7441860465116276,0.0,3.63138984,2.842048,3.2799364,0.5558583106267028
DB00500,392,1,train,20.0,3.0,0.776582,1.0,0.76,0.0,0.92675215,0.89837,0.83531064,0.4069767441860465,15.53164,3.0,2.28,0.0,2.78025645,2.69511,2.50593192,1.2209302325581397
DB00216,289,1,train,7.0,3.0,0.939359,1.0,0.5333333333333333,0.0,0.9013528,0.7259756,0.79597896,0.3571428571428571,6.575513000000001,3.0,1.6,0.0,2.7040584,2.1779268000000003,2.38793688,1.0714285714285712
DB00342,359,1,train,36.0,5.0,0.944425,0.8571428571428571,0.2682926829268293,0.0,0.92761004,0.90283906,0.8655601,0.8636363636363636,33.9993,4.285714285714286,1.3414634146341464,0.0,4.6380502,4.5141953,4.3278005,4.318181818181818
DB01196,329,1,train,2.0,1.0,0.508742,0.5,0.0869565217391304,0.0,0.86390144,0.8242564,0.7747536,0.4150943396226415,1.017484,0.5,0.0869565217391304,0.0,0.86390144,0.8242564,0.7747536,0.4150943396226415
DB00991,376,1,train,15.0,3.0,0.036339,1.0,0.7407407407407407,0.0,0.9625457,0.92639935,0.97459346,0.3571428571428571,0.545085,3.0,2.2222222222222223,0.0,2.8876371,2.77919805,2.92378038,1.0714285714285712
DB00494,370,1,train,12.0,8.0,0.764516,1.0,0.5,0.0,0.9435791,0.90381527,0.85180104,0.3493975903614458,9.174192,8.0,4.0,0.0,7.5486328,7.23052216,6.81440832,2.7951807228915664
DB00759,359,1,train,36.0,6.0,0.944425,0.0,0.1666666666666666,0.0,0.8625896,0.7694354,0.85108465,0.2015503875968992,33.9993,0.0,0.9999999999999996,0.0,5.1755376,4.6166124,5.1065079,1.2093023255813953
DB00221,188,1,train,11.0,2.0,0.112017,0.6666666666666666,0.6551724137931034,0.0,0.87985784,0.8100995,0.8065486,0.3709677419354839,1.232187,1.3333333333333333,1.3103448275862069,0.0,1.75971568,1.620199,1.6130972,0.7419354838709677
DB00624,231,1,train,1.0,1.0,0.244616,0.4,0.282051282051282,0.0,0.92355597,0.7970576,0.7363255,0.4761904761904761,0.244616,0.4,0.282051282051282,0.0,0.92355597,0.7970576,0.7363255,0.4761904761904761
DB01088,269,1,train,4.0,3.0,0.142649,0.1,0.64,0.0,0.8061529,0.820209,0.8398239,0.4489795918367347,0.570596,0.3,1.92,0.0,2.4184587,2.460627,2.5194717,1.346938775510204
DB00945,128,1,train,21.0,16.0,0.640926,0.0909090909090909,0.3673469387755102,0.0,0.8770615,0.8780837,0.88281244,0.3492063492063492,13.459446,1.4545454545454544,5.877551020408164,0.0,14.032984,14.0493392,14.12499904,5.587301587301587
DB00457,311,1,train,4.0,6.0,0.081461,0.5,0.4193548387096774,0.0,0.82917917,0.8216953,0.8184248,0.6509433962264151,0.325844,3.0,2.516129032258064,0.0,4.97507502,4.9301718,4.9105488,3.9056603773584895
DB06287,360,1,train,6.0,1.0,0.335419,1.0,0.5909090909090909,0.0,0.84921014,0.89875597,0.0,0.8731707317073171,2.0125140000000004,1.0,0.5909090909090909,0.0,0.84921014,0.89875597,0.0,0.8731707317073171
DB00847,204,1,train,0.0,1.0,0.375342,0.0,0.0,0.0,0.0,0.0,0.0,0.0,0.0,0.0,0.0,0.0,0.0,0.0,0.0,0.0
DB01075,89,1,train,22.0,1.0,0.434455,0.3333333333333333,0.3333333333333333,0.5,0.8982799,0.83855397,0.86476624,0.4736842105263157,9.55801,0.3333333333333333,0.3333333333333333,0.5,0.8982799,0.83855397,0.86476624,0.4736842105263157
DB00380,211,1,train,0.0,4.0,0.366989,0.0,0.0,0.0,0.0,0.0,0.0,0.0,0.0,0.0,0.0,0.0,0.0,0.0,0.0,0.0
DB00484,69,1,train,10.0,2.0,0.381716,0.2222222222222222,0.2222222222222222,0.0,0.89216167,0.8491448,0.7825259,0.1184210526315789,3.81716,0.4444444444444444,0.4444444444444444,0.0,1.78432334,1.6982896,1.5650518,0.2368421052631578
DB01115,124,1,train,68.0,2.0,0.271532,0.3636363636363636,0.492063492063492,0.0,0.95570475,0.92213404,0.84457874,0.7974683544303798,18.464176,0.7272727272727272,0.984126984126984,0.0,1.9114095,1.84426808,1.68915748,1.5949367088607596
DB01225,157,1,train,4.0,3.0,0.240784,0.6666666666666666,0.6666666666666666,0.0,0.8049438,0.86981004,0.69038236,1.0,0.963136,2.0,2.0,0.0,2.4148314,2.60943012,2.07114708,3.0
DB00542,94,1,train,13.0,2.0,0.384394,1.0,0.75,0.0,0.9353317,0.89686984,0.8313256,0.5614035087719298,4.997122,2.0,1.5,0.0,1.8706634,1.79373968,1.6626512,1.1228070175438596
DB01234,359,1,train,36.0,17.0,0.944425,0.2,0.4831460674157303,0.0,0.9309014,0.9295207,0.9330202,1.0,33.9993,3.4000000000000004,8.213483146067414,0.0,15.8253238,15.8018519,15.8613434,17.0
DB08802,358,1,train,36.0,2.0,0.998501,1.0,0.5714285714285714,0.0,0.96694505,0.9977308,0.90347254,0.7014925373134329,35.946036,2.0,1.1428571428571428,0.0,1.9338901,1.9954616,1.80694508,1.4029850746268655
DB01050,392,1,train,20.0,8.0,0.569526,0.4,0.5,0.0,0.88531965,0.94172573,0.88422745,0.4032258064516129,11.39052,3.2,4.0,0.0,7.0825572,7.53380584,7.0738196,3.225806451612903
DB00187,124,1,train,68.0,1.0,0.271532,0.5,0.625,0.0,0.89181453,0.9074844,0.0,0.6216216216216216,18.464176,0.5,0.625,0.0,0.89181453,0.9074844,0.0,0.6216216216216216
DB00887,405,1,train,54.0,7.0,0.271532,0.4,0.6578947368421053,0.0,0.9719908,0.92419195,0.8727764,0.3695652173913043,14.662728,2.8000000000000003,4.605263157894737,0.0,6.8039356,6.46934365,6.1094348,2.5869565217391304
DB00282,130,1,train,8.0,7.0,0.290928,0.25,0.8,0.0,0.93061906,0.8918528,0.7602581,0.8055555555555556,2.327424,1.75,5.6000000000000005,0.0,6.514333420000001,6.2429696,5.321806700000001,5.638888888888889
DB08801,362,1,train,37.0,4.0,0.998501,0.5,0.5,0.0,0.96694505,0.9923285,0.8445288,0.4444444444444444,36.944537,2.0,2.0,0.0,3.8677802,3.969314,3.3781152,1.7777777777777777
DB00482,350,1,train,3.0,9.0,0.394272,0.0666666666666666,0.3285714285714285,0.0,0.81839997,0.87725484,0.7702475,0.1408450704225352,1.182816,0.5999999999999994,2.9571428571428564,0.0,7.36559973,7.89529356,6.9322275,1.2676056338028168
DB01202,313,1,train,4.0,9.0,0.965242,0.125,0.1944444444444444,0.0,0.9472614,0.8393383,0.87609833,0.1607142857142857,3.860968,1.125,1.7499999999999996,0.0,8.5253526,7.554044699999999,7.88488497,1.4464285714285712
DB00674,342,1,train,4.0,7.0,0.598796,0.5,0.4545454545454545,0.0,0.9759848,0.76751757,0.89117604,0.2260869565217391,2.395184,3.5,3.181818181818181,0.0,6.8318936,5.37262299,6.23823228,1.5826086956521737
DB00999,196,1,train,11.0,5.0,0.280127,0.4,0.7142857142857143,0.0,0.93110853,0.8353729,0.83436877,0.5789473684210527,3.081397,2.0,3.571428571428572,0.0,4.65554265,4.1768645,4.17184385,2.8947368421052637
DB01234,245,1,train,6.0,17.0,0.276707,0.2,0.4044943820224719,0.0,0.8700646,0.9295207,0.8765129,0.4455445544554455,1.6602419999999998,3.4000000000000004,6.876404494382022,0.0,14.7910982,15.8018519,14.9007193,7.574257425742573
DB00323,134,1,train,14.0,7.0,0.534972,1.0,0.5,0.0,0.9435791,0.90381527,0.8483241,0.3493975903614458,7.489608,7.0,3.5,0.0,6.6050537,6.32670689,5.9382687,2.4457831325301207
DB00783,144,1,train,7.0,3.0,0.510791,0.2857142857142857,0.3859649122807017,0.3333333333333333,0.9483936,0.7094148,0.8193535,0.5795454545454546,3.575537,0.8571428571428571,1.157894736842105,1.0,2.8451808,2.1282444,2.4580605,1.7386363636363638
DB00397,396,1,train,10.0,3.0,0.086887,0.125,0.5128205128205128,0.0,0.7123345,0.87316793,0.7553439,0.6578947368421053,0.86887,0.375,1.5384615384615383,0.0,2.1370035,2.61950379,2.2660317,1.973684210526316
DB00933,149,1,train,16.0,0.0,0.0,0.6666666666666666,0.6111111111111112,0.0,0.9658,0.85517293,0.86605114,0.7831325301204819,0.0,0.0,0.0,0.0,0.0,0.0,0.0,0.0
DB00997,247,1,train,9.0,13.0,0.374066,0.0,0.2711864406779661,0.0,0.9292441,0.8987232,0.9056767,0.1954887218045112,3.366594,0.0,3.5254237288135597,0.0,12.0801733,11.6834016,11.7737971,2.5413533834586457
DB00540,133,1,train,9.0,2.0,0.084069,0.8,0.6265060240963856,0.0,0.97714394,0.8113282,0.855074,0.5526315789473685,0.756621,1.6,1.2530120481927711,0.0,1.95428788,1.6226564,1.710148,1.105263157894737
DB00749,181,1,train,16.0,4.0,0.453417,0.6666666666666666,0.6176470588235294,0.0,0.967904,0.93078953,0.93209624,0.2307692307692307,7.254672,2.6666666666666665,2.4705882352941178,0.0,3.871616,3.72315812,3.72838496,0.9230769230769228
DB00242,19,1,train,8.0,4.0,0.396785,0.0,0.2972972972972973,0.0,0.831036,0.8196934,0.8775408,0.2857142857142857,3.17428,0.0,1.1891891891891893,0.0,3.324144,3.2787736,3.5101632,1.1428571428571428
DB00967,362,1,train,37.0,2.0,0.944425,1.0,0.6111111111111112,0.0,0.93522215,0.9193891,0.8907058,0.6436781609195402,34.943725,2.0,1.2222222222222223,0.0,1.8704443,1.8387782,1.7814116,1.2873563218390804
DB00188,247,1,train,9.0,0.0,0.0,0.0,0.238095238095238,0.0,0.8244875,0.90549153,0.8347338,0.1607142857142857,0.0,0.0,0.0,0.0,0.0,0.0,0.0,0.0
DB00282,2,1,train,0.0,7.0,0.377191,0.0,0.0,0.0,0.0,0.0,0.0,0.0,0.0,0.0,0.0,0.0,0.0,0.0,0.0,0.0
DB00412,318,1,train,12.0,3.0,0.891319,0.125,0.6216216216216216,0.0,0.94778335,0.90435755,0.8058139,0.6,10.695828,0.375,1.864864864864865,0.0,2.84335005,2.71307265,2.4174417,1.7999999999999998
DB00882,153,1,train,6.0,0.0,0.0,0.3333333333333333,0.1052631578947368,0.0,0.79231584,0.8584753,0.9234059,0.0656934306569343,0.0,0.0,0.0,0.0,0.0,0.0,0.0,0.0
DB01161,99,1,train,58.0,0.0,0.0,0.5238095238095238,0.5172413793103449,0.2857142857142857,0.8890972,0.9425915,0.9279845,0.6271186440677966,0.0,0.0,0.0,0.0,0.0,0.0,0.0,0.0
DB00279,279,1,train,3.0,3.0,0.563106,0.4,0.2962962962962963,0.0,0.8913078,0.859533,0.8074635,0.726027397260274,1.689318,1.2000000000000002,0.8888888888888888,0.0,2.6739234,2.578599,2.4223905,2.178082191780822
DB00950,371,1,train,22.0,3.0,0.74957,1.0,0.3157894736842105,1.0,0.9399164,0.89909637,0.84595937,0.8636363636363636,16.49054,3.0,0.9473684210526316,3.0,2.8197492,2.69728911,2.53787811,2.590909090909091
DB01162,311,1,train,4.0,6.0,0.081461,0.8571428571428571,0.5555555555555556,0.0,0.90337956,0.927989,0.6812329,0.6509433962264151,0.325844,5.142857142857142,3.333333333333333,0.0,5.42027736,5.567933999999999,4.0873974,3.9056603773584895
DB00320,289,1,train,7.0,2.0,0.753918,0.6190476190476191,0.8222222222222222,0.0,0.9180576,0.89605623,0.8693172,0.7446808510638298,5.277426,1.238095238095238,1.6444444444444444,0.0,1.8361152,1.79211246,1.7386344,1.4893617021276595
DB00924,117,1,train,20.0,3.0,0.1664,0.2857142857142857,0.2954545454545454,0.0,0.70727545,0.7588203,0.8186865,0.5,3.328,0.8571428571428571,0.8863636363636362,0.0,2.12182635,2.2764609,2.4560595,1.5
DB00519,124,1,train,68.0,3.0,0.384394,1.0,0.75,0.0,0.93655807,1.0000001,0.8747977,0.9431818181818182,26.138792,3.0,2.25,0.0,2.80967421,3.0000003,2.6243931,2.8295454545454546
DB01104,125,1,train,10.0,3.0,0.104273,0.2,0.6153846153846154,0.0,0.95240974,0.9056746,0.8945252,0.2765957446808511,1.0427300000000002,0.6000000000000001,1.8461538461538465,0.0,2.85722922,2.7170238,2.6835756,0.8297872340425532
DB00427,371,1,train,22.0,4.0,0.74957,1.0,0.5882352941176471,0.0,0.8145875,0.9789687,0.99999994,0.2888888888888888,16.49054,4.0,2.3529411764705883,0.0,3.25835,3.9158748,3.99999976,1.1555555555555552
DB00884,132,1,train,3.0,3.0,0.230282,0.5,0.6666666666666666,0.0,0.9000864,0.9826821,0.724304,0.5178571428571429,0.690846,1.5,2.0,0.0,2.7002592,2.9480463,2.172912,1.5535714285714288
DB00983,188,1,train,11.0,2.0,0.112017,0.6666666666666666,0.5151515151515151,1.0,0.91806877,0.8034314,0.8251767,0.2790697674418604,1.232187,1.3333333333333333,1.0303030303030305,2.0,1.83613754,1.6068628,1.6503534,0.5581395348837208
DB00282,280,1,train,32.0,7.0,0.241727,0.5,0.6363636363636364,0.0,0.9480796,1.0,0.8773178,0.4693877551020408,7.735264,3.5,4.454545454545454,0.0,6.6365572,7.0,6.1412246,3.2857142857142856
DB00563,24,1,train,16.0,20.0,0.420453,0.2,0.2352941176470588,0.0,0.90428233,0.87862146,0.8236828,0.1621621621621621,6.727248,4.0,4.705882352941176,0.0,18.0856466,17.5724292,16.473656000000002,3.2432432432432416
DB00635,358,1,train,36.0,22.0,0.998501,1.0,0.6349206349206349,1.0,0.8935325,0.9295207,0.89477754,0.5106382978723404,35.946036,22.0,13.968253968253968,22.0,19.657715,20.4494554,19.68510588,11.234042553191488
DB00573,392,1,train,20.0,3.0,0.776582,0.5,0.7083333333333334,0.0,0.9859452,0.8680997,0.91244906,0.625,15.53164,1.5,2.125,0.0,2.9578356,2.6042991,2.73734718,1.875
DB00342,100,1,train,6.0,5.0,0.110074,0.75,0.4545454545454545,0.0,0.88203245,0.9712362,0.83386034,0.3071895424836601,0.660444,3.75,2.2727272727272725,0.0,4.41016225,4.856181,4.1693017,1.5359477124183003
DB08901,345,1,train,5.0,2.0,0.598628,0.25,0.5384615384615384,0.0,0.935854,0.92712677,0.0,0.4697986577181208,2.9931400000000004,0.5,1.0769230769230769,0.0,1.871708,1.85425354,0.0,0.9395973154362416
DB00945,335,1,train,2.0,16.0,0.629715,0.0,0.075,0.0,0.8153479,0.85748374,0.7655223,0.1157894736842105,1.25943,0.0,1.2,0.0,13.0455664,13.71973984,12.2483568,1.852631578947368
DB01258,88,1,train,4.0,1.0,0.404717,0.0,0.1538461538461538,0.0,0.83771753,0.81400645,0.85625577,0.1753246753246753,1.618868,0.0,0.1538461538461538,0.0,0.83771753,0.81400645,0.85625577,0.1753246753246753
DB00559,145,1,train,5.0,2.0,0.342198,1.0,0.1886792452830188,0.0,0.8721032,0.881965,0.9951666,0.188235294117647,1.71099,2.0,0.3773584905660376,0.0,1.7442064,1.76393,1.9903332,0.376470588235294
DB00163,270,1,train,0.0,10.0,0.583536,0.0,0.0,0.0,0.0,0.0,0.0,0.0,0.0,0.0,0.0,0.0,0.0,0.0,0.0,0.0
DB01254,280,1,train,32.0,1.0,0.166056,0.1379310344827586,0.4047619047619047,0.0,0.9179902,0.89857835,0.7930859,0.3202614379084967,5.313792,0.1379310344827586,0.4047619047619047,0.0,0.9179902,0.89857835,0.7930859,0.3202614379084967
DB00860,356,1,train,3.0,13.0,0.406636,1.0,0.5,0.0,0.8909983,0.9295207,0.9588356,0.7108433734939759,1.219908,13.0,6.5,0.0,11.5829779,12.0837691,12.4648628,9.240963855421686
DB00564,127,1,train,5.0,5.0,0.141894,0.1538461538461538,0.3454545454545454,0.0,0.96384656,0.81977576,0.86928844,0.3375,0.7094699999999999,0.7692307692307689,1.727272727272727,0.0,4.8192328,4.0988788,4.3464422,1.6875
DB01037,135,1,train,14.0,11.0,0.555551,0.3333333333333333,0.425531914893617,0.0,0.9239793,0.8906674,0.8499895,0.28,7.777714,3.6666666666666665,4.680851063829787,0.0,10.1637723,9.7973414,9.3498845,3.08
DB00262,280,1,train,32.0,4.0,0.14916,0.0,0.4782608695652174,0.0,0.8760756,0.89025414,0.86545825,0.2456140350877192,4.77312,0.0,1.9130434782608696,0.0,3.5043024,3.56101656,3.461833,0.9824561403508768
DB00905,69,1,train,10.0,3.0,0.626537,0.3333333333333333,0.4827586206896552,0.0,0.88579774,0.85526764,0.739221,0.5779816513761468,6.26537,1.0,1.4482758620689655,0.0,2.65739322,2.56580292,2.217663,1.7339449541284404
DB00697,122,1,train,1.0,3.0,0.203892,0.0,0.1833333333333333,0.0,0.83890057,0.9239926,0.85075146,0.0721649484536082,0.203892,0.0,0.5499999999999998,0.0,2.51670171,2.7719778,2.55225438,0.2164948453608245
DB00697,174,1,train,13.0,3.0,0.203892,0.625,0.1833333333333333,0.0,0.8524089,0.9239926,0.85075146,0.1262135922330097,2.650596,1.875,0.5499999999999998,0.0,2.5572267,2.7719778,2.55225438,0.3786407766990291
DB00573,73,1,train,28.0,3.0,0.776582,0.5,0.7083333333333334,0.0,0.9859452,0.87200856,0.91244906,0.625,21.744296,1.5,2.125,0.0,2.9578356,2.61602568,2.73734718,1.875
DB00763,349,1,train,0.0,1.0,0.563456,0.0,0.0,0.0,0.0,0.0,0.0,0.0,0.0,0.0,0.0,0.0,0.0,0.0,0.0,0.0
DB00492,94,1,train,13.0,3.0,0.384394,1.0,0.68,0.0,0.9688097,1.0000001,0.90331566,0.4626865671641791,4.997122,3.0,2.04,0.0,2.9064291,3.0000003,2.70994698,1.388059701492537
DB01577,297,1,train,5.0,3.0,0.255168,0.4166666666666667,0.6341463414634146,0.0,0.8953318,0.88444614,0.67492414,0.4878048780487805,1.27584,1.25,1.902439024390244,0.0,2.6859954,2.65333842,2.02477242,1.4634146341463414
DB01234,362,1,train,37.0,17.0,0.998501,0.2,0.4418604651162791,0.0,0.9309014,0.9295207,0.8765129,0.8518518518518519,36.944537,3.4000000000000004,7.511627906976744,0.0,15.8253238,15.8018519,14.9007193,14.48148148148148
DB00323,370,1,train,12.0,7.0,0.764516,1.0,0.5,0.0,0.9435791,0.90381527,0.8131242,0.3493975903614458,9.174192,7.0,3.5,0.0,6.6050537,6.32670689,5.6918694,2.4457831325301207
DB01177,331,1,train,10.0,3.0,0.598628,1.0,0.4523809523809524,0.0,0.87874204,0.9973546,0.887109,0.7946428571428571,5.986280000000001,3.0,1.3571428571428572,0.0,2.63622612,2.9920638,2.661327,2.383928571428571
DB00880,405,1,train,54.0,5.0,0.271532,0.6,0.7391304347826086,0.0,0.9661298,0.98815125,0.9272133,0.5789473684210527,14.662728,3.0,3.695652173913043,0.0,4.830649,4.94075625,4.6360665,2.8947368421052637
DB08799,358,1,train,36.0,3.0,0.998501,1.0,0.5,0.0,0.94069296,0.99706984,0.8481066,0.3176470588235294,35.946036,3.0,1.5,0.0,2.8220788800000003,2.99120952,2.5443198,0.9529411764705882
DB00284,43,1,train,14.0,2.0,0.592596,0.3333333333333333,0.4705882352941176,0.0,0.94778335,0.7958033,0.8342723,0.1492537313432835,8.296344,0.6666666666666666,0.9411764705882352,0.0,1.8955667,1.5916066,1.6685446,0.298507462686567
DB00419,253,1,train,0.0,4.0,0.603708,0.0,0.0,0.0,0.0,0.0,0.0,0.0,0.0,0.0,0.0,0.0,0.0,0.0,0.0,0.0
DB01262,238,1,train,0.0,1.0,0.037438,0.0,0.0,0.0,0.0,0.0,0.0,0.0,0.0,0.0,0.0,0.0,0.0,0.0,0.0,0.0
DB00178,405,1,train,54.0,2.0,0.271532,0.5,0.8333333333333334,0.0,0.9281427,0.9356447,0.90571564,0.9431818181818182,14.662728,1.0,1.6666666666666667,0.0,1.8562854,1.8712894,1.81143128,1.8863636363636365
DB00554,181,1,train,16.0,3.0,0.453417,1.0,0.6170212765957447,0.0,0.993439,0.9149071,0.91354334,0.6282051282051282,7.254672,3.0,1.851063829787234,0.0,2.980317,2.7447213,2.74063002,1.8846153846153848
DB00736,314,1,train,8.0,2.0,0.430743,1.0,0.7222222222222222,0.0,0.9602187,0.867404,0.8980464,0.8873239436619719,3.445944,2.0,1.4444444444444444,0.0,1.9204374,1.734808,1.7960928,1.7746478873239435
DB08800,358,1,train,36.0,3.0,0.998501,1.0,0.5714285714285714,0.0,0.8506862,0.9949534,0.9276831,0.4415584415584415,35.946036,3.0,1.7142857142857142,0.0,2.5520586,2.9848602,2.7830493,1.3246753246753245
DB00388,95,1,train,2.0,4.0,0.189739,1.0,0.4523809523809524,0.0,0.89907205,0.90975535,0.8093235,0.3541666666666667,0.379478,4.0,1.809523809523809,0.0,3.5962882,3.6390214,3.237294,1.4166666666666667
DB01033,239,1,train,11.0,4.0,0.221632,0.0,0.4411764705882353,0.0,0.9437053,0.8804214,0.862747,0.0909090909090909,2.437952,0.0,1.7647058823529411,0.0,3.7748212,3.5216856,3.450988,0.3636363636363636
DB00744,322,1,train,21.0,1.0,0.38905,0.5,0.2,0.0,0.93149304,0.8742502,0.86019325,0.2622950819672131,8.17005,0.5,0.2,0.0,0.93149304,0.8742502,0.86019325,0.2622950819672131
DB00762,237,1,train,5.0,2.0,0.338889,0.0,0.320754716981132,0.0,0.8403778,0.8368079,0.8002909,0.2125,1.694445,0.0,0.641509433962264,0.0,1.6807556,1.6736158,1.6005818,0.425
DB00433,89,1,train,22.0,4.0,0.294219,0.35,0.4634146341463415,0.0,0.9246384,0.9391105,0.917961,0.4736842105263157,6.472818,1.4,1.853658536585366,0.0,3.6985536,3.756442,3.671844,1.8947368421052628
DB01202,387,1,train,3.0,9.0,0.999382,0.125,0.1875,0.0,0.9472614,0.8393383,0.8755033,0.1607142857142857,2.998146,1.125,1.6875,0.0,8.5253526,7.554044699999999,7.8795297,1.4464285714285712
DB00221,322,1,train,21.0,2.0,0.38905,1.0,0.7916666666666666,0.0,0.87985784,0.85620564,0.8311375,0.6037735849056604,8.17005,2.0,1.5833333333333333,0.0,1.75971568,1.71241128,1.662275,1.2075471698113207
DB01070,301,1,train,3.0,6.0,0.393246,1.0,0.85,0.0,0.5261711,0.85489434,0.8306088,0.490566037735849,1.179738,6.0,5.1,0.0,3.1570266,5.12936604,4.9836528,2.943396226415094
DB00596,222,1,train,6.0,0.0,0.0,1.0,0.48,0.0,0.96491855,0.9905731,0.92796224,0.6521739130434783,0.0,0.0,0.0,0.0,0.0,0.0,0.0,0.0
DB00903,405,1,train,54.0,4.0,0.271532,0.2,0.2682926829268293,0.0,0.9719908,0.9092256,0.861453,0.25,14.662728,0.8,1.0731707317073171,0.0,3.8879632,3.6369024,3.445812,1.0
DB01132,43,1,train,14.0,2.0,0.592596,0.3333333333333333,0.6216216216216216,0.0,0.9473942,0.90435755,0.9206743,0.6,8.296344,0.6666666666666666,1.2432432432432432,0.0,1.8947884,1.8087151,1.8413486,1.2
DB00997,189,1,train,0.0,13.0,0.374483,0.0,0.0,0.0,0.0,0.0,0.0,0.0,0.0,0.0,0.0,0.0,0.0,0.0,0.0,0.0
DB00385,20,1,train,4.0,0.0,0.0,0.0,0.1333333333333333,0.0,0.8360625,0.8870285,0.5459251,0.1534090909090909,0.0,0.0,0.0,0.0,0.0,0.0,0.0,0.0
DB01167,27,1,train,4.0,2.0,0.516451,0.0,0.1948051948051948,0.0,0.9537189,0.9223739,0.92490166,0.2102272727272727,2.065804,0.0,0.3896103896103896,0.0,1.9074378,1.8447478,1.84980332,0.4204545454545454
DB00695,94,1,train,13.0,9.0,0.384394,0.25,0.3902439024390244,0.0,0.9728829,0.87817466,0.9008596,0.23,4.997122,2.25,3.5121951219512195,0.0,8.7559461,7.90357194,8.1077364,2.0700000000000003
DB01181,239,1,train,11.0,4.0,0.288379,0.0,0.2950819672131147,0.0,0.9376034,0.8756048,0.7387701,0.2456140350877192,3.172169,0.0,1.1803278688524588,0.0,3.7504136,3.5024192,2.9550804,0.9824561403508768
DB01143,280,1,train,32.0,0.0,0.0,0.1666666666666666,0.0526315789473684,0.0,0.9020859,0.79853845,0.8627522,0.2352941176470588,0.0,0.0,0.0,0.0,0.0,0.0,0.0,0.0
DB00421,351,1,train,10.0,5.0,0.141599,0.25,0.2105263157894736,0.0,0.81753606,0.7380474,0.8565211,0.4766355140186916,1.41599,1.25,1.052631578947368,0.0,4.0876803,3.690237,4.2826055,2.383177570093458
DB00968,124,1,train,68.0,0.0,0.0,0.3333333333333333,0.3043478260869565,0.0,0.9205098,0.85153234,0.8885728,0.5,0.0,0.0,0.0,0.0,0.0,0.0,0.0,0.0
DB01410,347,1,train,32.0,3.0,0.494446,1.0,0.391304347826087,0.0,0.8862188,0.8929568,0.85221803,0.464,15.822272,3.0,1.173913043478261,0.0,2.6586564,2.6788704,2.55665409,1.392
DB00206,405,1,train,54.0,1.0,0.271532,0.0,0.1896551724137931,0.0,0.834135,0.9033129,0.8826211,0.2303370786516854,14.662728,0.0,0.1896551724137931,0.0,0.834135,0.9033129,0.8826211,0.2303370786516854
DB00918,117,1,train,20.0,0.0,0.0,1.0,0.7368421052631579,0.0,0.9977331,0.7954633,0.9076626,0.6438356164383562,0.0,0.0,0.0,0.0,0.0,0.0,0.0,0.0
DB01246,358,1,train,36.0,2.0,0.94294,1.0,0.4444444444444444,0.0,0.92223084,0.9052737,0.9682553,0.8,33.94584,2.0,0.8888888888888888,0.0,1.84446168,1.8105474,1.9365106,1.6
DB01050,103,1,train,3.0,8.0,0.295152,0.2,0.4864864864864865,0.0,0.78940505,0.86628777,0.88281244,0.2295081967213114,0.885456,1.6,3.891891891891892,0.0,6.3152404,6.93030216,7.06249952,1.8360655737704912
DB01039,80,1,train,7.0,1.0,0.289174,0.1428571428571428,0.4848484848484848,0.0,0.8282802,0.7822384,0.86221755,0.208,2.024218,0.1428571428571428,0.4848484848484848,0.0,0.8282802,0.7822384,0.86221755,0.208
DB01234,222,1,train,6.0,17.0,0.230831,0.4,0.5,0.0,0.8851836,0.99999976,0.8931299,0.6521739130434783,1.384986,6.800000000000001,8.5,0.0,15.0481212,16.99999592,15.1832083,11.08695652173913
DB00126,179,1,train,0.0,1.0,0.235708,0.0,0.0,0.0,0.0,0.0,0.0,0.0,0.0,0.0,0.0,0.0,0.0,0.0,0.0,0.0
DB00213,18,1,train,13.0,2.0,0.430743,1.0,0.7222222222222222,0.0,0.9547297,0.98795,0.90649426,0.5730337078651685,5.599659,2.0,1.4444444444444444,0.0,1.9094594,1.9759,1.81298852,1.146067415730337
DB00869,124,1,train,68.0,2.0,0.188469,0.8,0.56,0.0,0.91922206,0.77963185,0.86072,0.5555555555555556,12.815892,1.6,1.12,0.0,1.83844412,1.5592637,1.72144,1.1111111111111112
DB00304,153,1,train,6.0,1.0,0.283197,0.3333333333333333,0.6875,0.5,0.8851513,0.78590906,0.8553333,0.5476190476190477,1.699182,0.3333333333333333,0.6875,0.5,0.8851513,0.78590906,0.8553333,0.5476190476190477
DB00620,102,1,train,0.0,13.0,0.156388,0.0,0.0,0.0,0.0,0.0,0.0,0.0,0.0,0.0,0.0,0.0,0.0,0.0,0.0,0.0
DB01406,48,1,train,6.0,4.0,0.18273,0.3333333333333333,0.1794871794871795,0.0,0.85990834,0.93404174,0.84180593,0.4777777777777778,1.09638,1.3333333333333333,0.717948717948718,0.0,3.43963336,3.73616696,3.36722372,1.9111111111111112
DB00987,237,1,train,5.0,7.0,0.405342,0.0,0.3170731707317073,0.0,0.9164607,0.8368079,0.894253,0.1048387096774193,2.02671,0.0,2.2195121951219514,0.0,6.4152249,5.8576553,6.259771,0.7338709677419352
DB01351,199,1,train,12.0,1.0,0.203291,0.1621621621621621,0.2413793103448276,0.0,0.90888906,0.85704553,0.0,0.1686746987951807,2.439492,0.1621621621621621,0.2413793103448276,0.0,0.90888906,0.85704553,0.0,0.1686746987951807
DB06803,148,1,train,0.0,0.0,0.0,0.0,0.0,0.0,0.0,0.0,0.0,0.0,0.0,0.0,0.0,0.0,0.0,0.0,0.0,0.0
DB00972,371,1,train,22.0,3.0,0.74957,0.25,0.2608695652173913,0.0,0.93467534,0.9015364,0.78750515,0.3611111111111111,16.49054,0.75,0.7826086956521738,0.0,2.80402602,2.7046092,2.36251545,1.0833333333333333
DB00434,289,1,train,7.0,10.0,0.753918,0.1428571428571428,0.0666666666666666,0.0,0.8699364,0.8285104,0.79597896,0.2654867256637168,5.277426,1.428571428571428,0.666666666666666,0.0,8.699364000000001,8.285104,7.959789600000001,2.654867256637168
DB00734,152,1,train,3.0,4.0,0.341574,0.5,0.3529411764705882,0.0,0.8844392,0.9429286,0.8687446,0.1940298507462686,1.024722,2.0,1.4117647058823528,0.0,3.5377568,3.7717144,3.4749784,0.7761194029850744
DB00286,329,1,train,2.0,7.0,0.508742,0.5,0.0869565217391304,0.0,0.83330977,0.81810856,0.7747536,0.4150943396226415,1.017484,3.5,0.6086956521739129,0.0,5.83316839,5.72675992,5.4232752,2.9056603773584904
DB00316,117,1,train,20.0,2.0,0.133868,0.4,0.1875,0.0,0.8918016,0.90584606,0.8431369,0.2745098039215686,2.67736,0.8,0.375,0.0,1.7836032,1.81169212,1.6862738,0.5490196078431372
DB00394,362,1,train,37.0,5.0,0.998501,1.0,0.5625,0.0,0.9275811,0.83385575,0.87118596,0.5925925925925926,36.944537,5.0,2.8125,0.0,4.6379055000000005,4.16927875,4.3559298,2.962962962962963
DB00989,134,1,train,14.0,14.0,0.534972,0.0,0.1875,0.0,0.84672683,0.8836037,0.8597396,0.1808510638297872,7.489608,0.0,2.625,0.0,11.85417562,12.3704518,12.0363544,2.531914893617021
DB00771,166,1,train,3.0,1.0,0.222022,0.0,0.0454545454545454,0.0,0.9216096,0.81086415,0.854501,0.1409395973154362,0.666066,0.0,0.0454545454545454,0.0,0.9216096,0.81086415,0.854501,0.1409395973154362
DB01620,347,1,train,32.0,3.0,0.548052,0.3333333333333333,0.5333333333333333,0.0,0.9466586,0.91641843,0.90421176,0.6825396825396826,17.537664,1.0,1.6,0.0,2.8399758,2.74925529,2.71263528,2.0476190476190474
DB00286,168,1,train,5.0,7.0,0.181955,0.3333333333333333,0.2698412698412698,0.25,0.91295296,0.8339623,0.77633417,0.4285714285714285,0.909775,2.333333333333333,1.8888888888888888,1.75,6.39067072,5.837736100000001,5.43433919,3.0
DB00282,3,1,train,10.0,7.0,0.365032,0.5,0.8,0.0,0.9480796,1.0,0.8266542,0.8055555555555556,3.65032,3.5,5.6000000000000005,0.0,6.6365572,7.0,5.7865794,5.638888888888889
DB00455,362,1,train,37.0,2.0,0.998501,1.0,0.42,0.0,0.93522215,0.88405585,0.8481066,0.6436781609195402,36.944537,2.0,0.84,0.0,1.8704443,1.7681117,1.6962132,1.2873563218390804
DB00788,392,1,train,20.0,9.0,0.776582,0.6666666666666666,0.6326530612244898,0.0,0.9722893,0.94433886,0.9024849,0.5833333333333334,15.53164,6.0,5.6938775510204085,0.0,8.750603700000001,8.49904974,8.1223641,5.25
DB00428,224,1,train,11.0,0.0,0.0,0.0,0.4444444444444444,0.0,0.87334895,0.9025068,0.9038372,0.2916666666666667,0.0,0.0,0.0,0.0,0.0,0.0,0.0,0.0
DB01104,49,1,train,4.0,3.0,0.210082,0.5,0.6153846153846154,0.0,0.9326968,0.9056746,0.8337478,0.2307692307692307,0.840328,1.5,1.8461538461538465,0.0,2.7980904,2.7170238,2.5012434,0.6923076923076921
DB01006,24,1,train,16.0,0.0,0.0,1.0,0.4642857142857143,0.0,0.98170984,0.84568655,0.8869623,0.1788617886178861,0.0,0.0,0.0,0.0,0.0,0.0,0.0,0.0
DB00744,183,1,train,27.0,1.0,0.38905,0.5,0.2,0.0,0.93149304,0.8742502,0.86019325,0.2622950819672131,10.50435,0.5,0.2,0.0,0.93149304,0.8742502,0.86019325,0.2622950819672131
DB00864,359,1,train,36.0,0.0,0.0,0.5,0.2857142857142857,0.0,0.8921618,0.88923836,0.897241,0.8493975903614458,0.0,0.0,0.0,0.0,0.0,0.0,0.0,0.0
DB00747,134,1,train,14.0,6.0,0.464046,0.625,0.2558139534883721,0.0,0.8593856,0.7202077,0.8361019,0.2242990654205607,6.496644,3.75,1.5348837209302326,0.0,5.1563136,4.3212462,5.0166114,1.3457943925233642
DB00557,99,1,train,58.0,5.0,0.148111,0.1428571428571428,0.2424242424242424,0.0,0.9007445,0.8364105,0.89287525,0.27,8.590437999999999,0.714285714285714,1.212121212121212,0.0,4.503722499999999,4.182052499999999,4.46437625,1.35
DB08907,333,1,train,0.0,6.0,0.999976,0.0,0.0,0.0,0.0,0.0,0.0,0.0,0.0,0.0,0.0,0.0,0.0,0.0,0.0,0.0
DB01073,208,1,train,10.0,4.0,0.370803,0.0,0.4166666666666667,0.0,0.707415,0.89556956,0.9206786,0.4852941176470588,3.70803,0.0,1.6666666666666667,0.0,2.82966,3.58227824,3.6827144,1.9411764705882355
DB00794,163,1,train,14.0,13.0,0.296554,0.1785714285714285,0.5384615384615384,0.0,0.87988484,0.87931055,0.84288394,0.6428571428571429,4.151756,2.3214285714285703,7.0,0.0,11.43850292,11.43103715,10.95749122,8.357142857142858
DB00853,113,1,train,2.0,2.0,0.401914,0.0,0.2,0.0,0.74776566,0.58767295,0.73847306,0.0565371024734982,0.803828,0.0,0.4,0.0,1.49553132,1.1753459,1.47694612,0.1130742049469964
DB00814,128,1,train,21.0,4.0,0.640926,1.0,0.6176470588235294,0.0,0.93958086,0.93861485,0.8864913,0.5308641975308642,13.459446,4.0,2.4705882352941178,0.0,3.75832344,3.7544594,3.5459652,2.123456790123457
DB00687,243,1,train,9.0,1.0,0.118729,0.0,0.0652173913043478,0.0,0.79366016,0.84978646,0.8039198,0.0909090909090909,1.068561,0.0,0.0652173913043478,0.0,0.79366016,0.84978646,0.8039198,0.0909090909090909
DB00091,244,1,train,4.0,1.0,0.182334,0.0,0.0746268656716417,0.0,0.8499823,0.90549654,0.79121786,0.0562913907284768,0.729336,0.0,0.0746268656716417,0.0,0.8499823,0.90549654,0.79121786,0.0562913907284768
DB00816,183,1,train,27.0,2.0,0.38905,0.5,0.7058823529411765,0.0,0.959131,0.8786705,0.8022112,0.64,10.50435,1.0,1.411764705882353,0.0,1.918262,1.757341,1.6044224,1.28
DB00810,134,1,train,14.0,1.0,0.410462,0.25,0.5238095238095238,0.0,0.9559,0.87865275,0.82659554,0.6049382716049383,5.746468,0.25,0.5238095238095238,0.0,0.9559,0.87865275,0.82659554,0.6049382716049383
DB00387,136,1,train,12.0,7.0,0.555551,0.8,0.8333333333333334,0.0,0.9645966,0.9251827,0.89786226,0.953846153846154,6.666612000000001,5.6000000000000005,5.833333333333334,0.0,6.7521762,6.4762789000000005,6.28503582,6.676923076923078
DB00337,222,1,train,6.0,3.0,0.0,0.0,0.1935483870967742,0.0,0.670753,0.8673857,0.7358427,0.1625615763546798,0.0,0.0,0.5806451612903225,0.0,2.012259,2.6021571000000003,2.2075281,0.4876847290640393
DB00620,8,1,train,7.0,13.0,0.362645,0.0625,0.1612903225806451,0.0,0.8175812,0.81977576,0.7510205,0.238095238095238,2.538515,0.8125,2.096774193548386,0.0,10.6285556,10.65708488,9.7632665,3.095238095238094
DB00287,334,1,train,10.0,2.0,0.476518,1.0,0.5217391304347826,0.0,0.8934063,0.83171463,0.837155,0.4878048780487805,4.76518,2.0,1.0434782608695652,0.0,1.7868126,1.66342926,1.67431,0.975609756097561
DB01037,342,1,train,4.0,11.0,0.579202,0.0,0.1525423728813559,0.0,0.8326558,0.9016507,0.86046517,0.2121212121212121,2.316808,0.0,1.6779661016949148,0.0,9.1592138,9.9181577,9.46511687,2.333333333333333
DB01065,374,1,train,0.0,5.0,0.876655,0.0,0.0,0.0,0.0,0.0,0.0,0.0,0.0,0.0,0.0,0.0,0.0,0.0,0.0,0.0
DB01037,364,1,train,10.0,11.0,0.575251,0.0,0.2857142857142857,0.0,0.93939716,0.89169663,0.89800316,0.2592592592592592,5.752509999999999,0.0,3.142857142857143,0.0,10.33336876,9.80866293,9.87803476,2.851851851851851
DB00563,350,1,train,3.0,20.0,0.329697,0.0,0.141025641025641,0.0,0.81839997,0.8269408,0.6808148,0.1696428571428571,0.989091,0.0,2.82051282051282,0.0,16.3679994,16.538816,13.616296000000002,3.392857142857142
DB00748,347,1,train,32.0,3.0,0.548052,1.0,0.5,0.0,0.9483939,0.9549931,0.8728826,0.5857142857142857,17.537664,3.0,1.5,0.0,2.8451817,2.8649793,2.6186478,1.7571428571428571
DB00328,128,1,train,21.0,10.0,0.640926,0.25,0.4918032786885246,0.0,0.8375733,0.8058204,0.8968036,0.4069767441860465,13.459446,2.5,4.918032786885246,0.0,8.375733,8.058204,8.968036,4.069767441860465
DB00657,88,1,train,4.0,2.0,0.404717,0.0,0.1612903225806451,0.0,0.86485523,0.8542237,0.85625577,0.0833333333333333,1.618868,0.0,0.3225806451612902,0.0,1.72971046,1.7084474,1.71251154,0.1666666666666666
DB00936,12,1,train,5.0,3.0,0.32786,0.6666666666666666,0.2763157894736842,0.0,0.72725326,0.81760705,0.88576955,0.2698412698412698,1.6393,2.0,0.8289473684210525,0.0,2.18175978,2.45282115,2.65730865,0.8095238095238095
DB00747,163,1,train,14.0,6.0,0.263514,0.7777777777777778,0.4565217391304347,0.0,0.87988484,0.76345056,0.8664906,0.618421052631579,3.689196,4.666666666666667,2.7391304347826084,0.0,5.27930904,4.58070336,5.1989436,3.710526315789474
DB00884,341,1,train,4.0,3.0,0.303915,0.5,0.6666666666666666,0.0,0.9000864,0.9826821,0.73837715,0.5178571428571429,1.21566,1.5,2.0,0.0,2.7002592,2.9480463,2.2151314500000003,1.5535714285714288
DB01219,44,1,train,7.0,12.0,0.348986,0.0,0.1612903225806451,0.0,0.84127784,0.79697275,0.85967034,0.1553398058252427,2.442902,0.0,1.935483870967741,0.0,10.09533408,9.563673,10.31604408,1.8640776699029125
DB00736,163,1,train,14.0,2.0,0.164217,1.0,0.7222222222222222,0.0,0.9602187,0.87931955,0.8980464,0.5053763440860215,2.299038,2.0,1.4444444444444444,0.0,1.9204374,1.7586391,1.7960928,1.010752688172043
DB00273,365,1,train,5.0,5.0,0.259828,0.2068965517241379,0.303030303030303,0.0,0.9385894,0.8588491,0.90261745,0.0493827160493827,1.29914,1.0344827586206895,1.515151515151515,0.0,4.692947,4.294245500000001,4.51308725,0.2469135802469135
DB00575,138,1,train,4.0,10.0,0.276217,0.8571428571428571,0.1805555555555555,0.0,0.89147997,0.8026724,0.89352036,0.2625,1.104868,8.571428571428571,1.805555555555555,0.0,8.9147997,8.026724,8.9352036,2.625
DB01186,259,1,train,15.0,6.0,0.517447,0.8235294117647058,0.3902439024390244,0.0,0.7898225,0.828538,0.8460039,0.35,7.761705,4.941176470588236,2.341463414634146,0.0,4.738935,4.971228,5.0760234,2.1
DB01073,272,1,train,4.0,4.0,0.365844,0.0,0.4166666666666667,0.0,0.66064817,0.8761288,0.9206786,0.4852941176470588,1.463376,0.0,1.6666666666666667,0.0,2.64259268,3.5045152,3.6827144,1.9411764705882355
DB00338,18,1,train,13.0,2.0,0.430743,0.5,0.7446808510638298,0.0,0.9547297,0.98795,0.85337883,0.8873239436619719,5.599659,1.0,1.4893617021276595,0.0,1.9094594,1.9759,1.70675766,1.7746478873239435
DB01088,124,1,train,68.0,3.0,0.287587,0.1,0.64,0.0,0.81579626,0.8737049,0.8446435,0.4489795918367347,19.555916,0.3,1.92,0.0,2.4473887800000003,2.6211147,2.5339305,1.346938775510204
DB00318,89,1,train,22.0,2.0,0.061678,0.1428571428571428,0.1896551724137931,1.0,0.870669,0.82698905,0.8956543,0.1923076923076923,1.356916,0.2857142857142856,0.3793103448275862,2.0,1.741338,1.6539781,1.7913086,0.3846153846153846
DB00695,188,1,train,11.0,9.0,0.24143,0.2,0.6578947368421053,0.0,0.95823145,0.92419195,0.8116697,0.3695652173913043,2.65573,1.8,5.921052631578948,0.0,8.62408305,8.31772755,7.305027300000001,3.326086956521739
DB00563,224,1,train,11.0,20.0,0.463899,0.0,0.2909090909090909,0.0,0.90428233,0.8967478,0.7018318,0.1354838709677419,5.102889,0.0,5.818181818181818,0.0,18.0856466,17.934956,14.036636,2.709677419354838
DB00035,323,1,train,0.0,7.0,0.999925,0.0,0.0,0.0,0.0,0.0,0.0,0.0,0.0,0.0,0.0,0.0,0.0,0.0,0.0,0.0
DB00939,99,1,train,58.0,2.0,0.093951,0.4,0.6,0.0,0.9695544,0.9032203,0.70551765,0.5217391304347826,5.449158000000001,0.8,1.2,0.0,1.9391088,1.8064406,1.4110353,1.0434782608695652
DB00289,76,1,train,9.0,0.0,0.0,0.1666666666666666,0.3170731707317073,0.0,0.9205264,0.90476334,0.8779175,0.379746835443038,0.0,0.0,0.0,0.0,0.0,0.0,0.0,0.0
DB00286,130,1,train,8.0,7.0,0.252701,0.5,0.1702127659574468,0.0,0.79245687,0.81699204,0.82117164,0.168,2.021608,3.5,1.1914893617021276,0.0,5.54719809,5.7189442800000005,5.74820148,1.1760000000000002
DB00342,362,1,train,37.0,5.0,0.998501,0.8571428571428571,0.42,0.0,0.95683336,0.90283906,0.8655601,0.3412698412698413,36.944537,4.285714285714286,2.1,0.0,4.7841668,4.5141953,4.3278005,1.7063492063492065
DB00181,164,1,train,4.0,5.0,0.064814,0.0,0.1538461538461538,0.0,0.83954114,0.8205998,0.8401505,0.3703703703703703,0.259256,0.0,0.7692307692307689,0.0,4.1977057,4.102999,4.2007525,1.8518518518518516
DB00860,44,1,train,7.0,13.0,0.395178,0.0,0.0779220779220779,0.0,0.8413339,0.8272445,0.8168589,0.1171171171171171,2.766246,0.0,1.0129870129870129,0.0,10.9373407,10.7541785,10.6191657,1.5225225225225223
DB00190,1,1,train,8.0,2.0,0.273099,0.0,0.3448275862068966,0.0,0.9347576,0.82763577,0.8395817,0.5490196078431373,2.184792,0.0,0.6896551724137931,0.0,1.8695152,1.65527154,1.6791634,1.0980392156862746
DB00829,325,1,train,4.0,0.0,0.0,0.0,0.141025641025641,0.0,0.7039589,0.73334104,0.7969413,0.2553191489361702,0.0,0.0,0.0,0.0,0.0,0.0,0.0,0.0
DB00887,316,1,train,10.0,7.0,0.226037,0.4,0.6578947368421053,0.0,0.9588807,0.92419195,0.81974775,0.3695652173913043,2.26037,2.8000000000000003,4.605263157894737,0.0,6.7121649,6.46934365,5.73823425,2.5869565217391304
DB00559,124,1,train,68.0,2.0,0.177248,0.0,0.2777777777777778,0.0,0.8905151,0.8436465,0.8872651,0.2530864197530864,12.052864,0.0,0.5555555555555556,0.0,1.7810302,1.687293,1.7745302,0.5061728395061728
DB00764,183,1,train,27.0,3.0,0.458311,0.5,0.5625,0.0,0.6379218,0.86551523,0.87866545,0.7241379310344828,12.374397,1.5,1.6875,0.0,1.9137654,2.59654569,2.63599635,2.1724137931034484
DB00996,99,1,train,58.0,12.0,0.154703,0.0909090909090909,0.2075471698113207,0.0,0.936764,0.8479983,0.90009874,0.2191780821917808,8.972774000000001,1.0909090909090908,2.4905660377358485,0.0,11.241168,10.1759796,10.80118488,2.6301369863013697
DB00722,221,1,train,5.0,1.0,0.156156,0.5,0.6,0.0,0.94099015,0.7790653,0.72999895,0.4601769911504424,0.7807799999999999,0.5,0.6,0.0,0.94099015,0.7790653,0.72999895,0.4601769911504424
DB00186,133,1,train,9.0,2.0,0.098473,1.0,0.5161290322580645,0.0,0.9264325,0.86241615,0.821295,0.5316455696202531,0.8862570000000001,2.0,1.032258064516129,0.0,1.852865,1.7248323,1.64259,1.0632911392405062
DB00814,181,1,train,16.0,4.0,0.434151,1.0,0.4888888888888889,0.0,0.93958086,0.9359299,0.8864913,0.6282051282051282,6.946416,4.0,1.9555555555555555,0.0,3.75832344,3.7437196,3.5459652,2.5128205128205128
DB00482,181,1,train,16.0,9.0,0.433251,0.1428571428571428,0.4423076923076923,0.0,0.94953823,0.93078953,0.88903975,0.2244897959183673,6.932016,1.2857142857142851,3.980769230769231,0.0,8.545844070000001,8.37710577,8.00135775,2.020408163265305
DB00773,280,1,train,32.0,1.0,0.205777,0.5,0.4150943396226415,0.0,0.89904886,0.9044939,0.8845609,0.2228260869565217,6.584864,0.5,0.4150943396226415,0.0,0.89904886,0.9044939,0.8845609,0.2228260869565217
DB00898,164,1,train,4.0,1.0,0.057204,0.0153846153846153,0.1818181818181818,0.0,0.5748632,0.75279033,0.72766143,0.0769230769230769,0.228816,0.0153846153846153,0.1818181818181818,0.0,0.5748632,0.75279033,0.72766143,0.0769230769230769
DB01259,280,1,train,32.0,1.0,0.241727,0.0,0.4047619047619047,0.0,0.9020859,0.88373065,0.85541874,0.2458100558659217,7.735264,0.0,0.4047619047619047,0.0,0.9020859,0.88373065,0.85541874,0.2458100558659217
DB00586,128,1,train,21.0,7.0,0.640926,1.0,0.4864864864864865,0.0,0.9918701,0.8828403,0.8562785,0.5652173913043478,13.459446,7.0,3.4054054054054057,0.0,6.9430907,6.1798821,5.9939495,3.9565217391304346
DB00734,262,1,train,3.0,4.0,0.184598,0.4285714285714285,0.288135593220339,0.0,0.8351491,0.9429286,0.8687446,0.1940298507462686,0.553794,1.714285714285714,1.152542372881356,0.0,3.3405964,3.7717144,3.4749784,0.7761194029850744
DB00444,19,1,train,8.0,5.0,0.24111,1.0,0.3061224489795918,0.0,0.891902,0.9007664,0.85464215,0.1494252873563218,1.92888,5.0,1.5306122448979589,0.0,4.45951,4.503832,4.27321075,0.747126436781609
DB01611,107,1,train,7.0,4.0,0.512669,0.0,0.1428571428571428,0.0,0.8291003,0.8289946,0.83959144,0.1111111111111111,3.5886830000000005,0.0,0.5714285714285712,0.0,3.3164012,3.3159784,3.35836576,0.4444444444444444
DB01611,402,1,train,2.0,4.0,0.953982,0.0,0.0615384615384615,0.0,0.8291003,0.7656964,0.83959144,0.1111111111111111,1.907964,0.0,0.246153846153846,0.0,3.3164012,3.0627856,3.35836576,0.4444444444444444
DB00945,181,1,train,16.0,16.0,0.453417,0.0909090909090909,0.3673469387755102,0.0,0.85681677,0.8703427,0.88281244,0.3134328358208955,7.254672,1.4545454545454544,5.877551020408164,0.0,13.70906832,13.9254832,14.12499904,5.014925373134328
DB00286,3,1,train,10.0,7.0,0.252701,0.5,0.3859649122807017,0.0,0.9483936,0.81699204,0.7791661,0.4534883720930232,2.52701,3.5,2.701754385964912,0.0,6.638755199999999,5.7189442800000005,5.4541627,3.174418604651162
DB00414,318,1,train,12.0,3.0,0.891319,0.5,0.8888888888888888,0.0,0.7012025,0.9387632,0.93329906,0.4814814814814814,10.695828,1.5,2.6666666666666665,0.0,2.1036075,2.8162896,2.79989718,1.4444444444444442
DB00371,89,1,train,22.0,1.0,0.150111,0.8,0.2,0.0,0.8300551,0.83446413,0.85370016,0.1212121212121212,3.302442,0.8,0.2,0.0,0.8300551,0.83446413,0.85370016,0.1212121212121212
DB00605,128,1,train,21.0,5.0,0.569526,0.2857142857142857,0.76,0.0,0.96170175,0.92103696,0.87568015,0.3269230769230769,11.960046,1.4285714285714284,3.8,0.0,4.80850875,4.6051848,4.37840075,1.6346153846153846
DB00594,124,1,train,68.0,2.0,0.271532,0.0,0.2142857142857142,0.0,0.94272304,0.90963453,0.8635773,0.2741935483870967,18.464176,0.0,0.4285714285714284,0.0,1.88544608,1.81926906,1.7271546,0.5483870967741934
DB00953,117,1,train,20.0,1.0,0.774075,0.6666666666666666,0.7741935483870968,0.0,0.8738429,0.8460927,0.83863974,0.547945205479452,15.4815,0.6666666666666666,0.7741935483870968,0.0,0.8738429,0.8460927,0.83863974,0.547945205479452
DB00584,94,1,train,13.0,1.0,0.270297,1.0,0.6,0.0,0.9506305,0.8331871,0.8093034,0.7052631578947368,3.5138610000000003,1.0,0.6,0.0,0.9506305,0.8331871,0.8093034,0.7052631578947368
DB00397,267,1,train,7.0,3.0,0.255168,0.2142857142857142,0.275,0.0,0.6706425,0.87686765,0.7553234,0.3863636363636363,1.786176,0.6428571428571426,0.8250000000000001,0.0,2.0119275,2.63060295,2.2659702,1.159090909090909
DB00169,301,1,train,3.0,7.0,0.393246,1.0,0.5641025641025641,0.0,0.8977329,0.65928876,0.8306088,0.7954545454545454,1.179738,7.0,3.948717948717949,0.0,6.284130299999999,4.61502132,5.8142616,5.568181818181818
DB00454,99,1,train,58.0,0.0,0.0,0.4210526315789473,0.4313725490196078,0.3333333333333333,0.9635545,0.9298786,0.9279845,0.2840909090909091,0.0,0.0,0.0,0.0,0.0,0.0,0.0,0.0
DB00969,261,1,train,0.0,0.0,0.0,0.0,0.0,0.0,0.0,0.0,0.0,0.0,0.0,0.0,0.0,0.0,0.0,0.0,0.0,0.0
DB01234,109,1,train,1.0,17.0,0.242404,0.0,0.0545454545454545,0.0,0.82917225,0.83953714,0.7411411,0.0964912280701754,0.242404,0.0,0.9272727272727264,0.0,14.09592825,14.27213138,12.5993987,1.640350877192982
DB01611,356,1,train,3.0,4.0,0.406636,0.0,0.0746268656716417,0.0,0.8291003,0.7656964,0.83959144,0.1111111111111111,1.219908,0.0,0.2985074626865668,0.0,3.3164012,3.0627856,3.35836576,0.4444444444444444
DB00927,298,1,train,7.0,3.0,0.211691,1.0,0.3095238095238095,0.0,0.9784372,0.7770891,0.85337883,0.1590909090909091,1.4818369999999998,3.0,0.9285714285714284,0.0,2.9353116,2.3312673,2.56013649,0.4772727272727273
DB01359,405,1,train,54.0,2.0,0.271532,0.8,0.7575757575757576,0.0,0.91261506,0.91444564,0.8249713,0.4875,14.662728,1.6,1.5151515151515151,0.0,1.82523012,1.82889128,1.6499426,0.975
DB00508,99,1,train,58.0,1.0,0.148111,0.2,0.4444444444444444,0.0,0.8943882,0.9179523,0.8610515,0.5172413793103449,8.590437999999999,0.2,0.4444444444444444,0.0,0.8943882,0.9179523,0.8610515,0.5172413793103449
DB01124,41,1,train,11.0,3.0,0.544787,0.5,0.7142857142857143,0.0,0.9116145,0.9119417,0.93329906,0.6666666666666666,5.992657,1.5,2.142857142857143,0.0,2.7348435,2.7358251,2.79989718,2.0
DB00285,378,1,train,3.0,4.0,0.18854,0.25,0.3846153846153846,0.0,0.93679535,0.8844857,0.75942534,0.1359223300970873,0.56562,1.0,1.5384615384615383,0.0,3.7471814,3.5379428,3.03770136,0.5436893203883492
DB01098,82,1,train,0.0,1.0,0.589956,0.0,0.0,0.0,0.0,0.0,0.0,0.0,0.0,0.0,0.0,0.0,0.0,0.0,0.0,0.0
DB00394,183,1,train,27.0,5.0,0.491925,1.0,0.5625,0.0,0.97870773,0.88246775,0.84736836,0.5925925925925926,13.281975,5.0,2.8125,0.0,4.89353865,4.41233875,4.2368418000000005,2.962962962962963
DB00996,1,1,train,8.0,12.0,0.329918,0.0344827586206896,0.1666666666666666,0.0,0.9585661,0.81025034,0.90009874,0.1466666666666666,2.639344,0.4137931034482752,1.9999999999999991,0.0,11.5027932,9.72300408,10.80118488,1.7599999999999991
DB01210,278,1,train,3.0,2.0,0.685456,0.0,0.1025641025641025,0.0,0.8804424,0.8451708,0.8123096,0.1735537190082644,2.056368,0.0,0.205128205128205,0.0,1.7608848,1.6903416,1.6246192,0.3471074380165288
DB00381,401,1,train,4.0,4.0,0.365233,0.0,0.203125,0.0,0.8400919,0.76129633,0.8137931,0.18796992481203,1.460932,0.0,0.8125,0.0,3.3603676,3.04518532,3.2551724,0.75187969924812
DB00321,99,1,train,58.0,2.0,0.327594,0.5142857142857142,0.6049382716049383,0.0,0.94399935,0.9141305,0.87767196,0.7647058823529411,19.000452,1.0285714285714285,1.2098765432098766,0.0,1.8879987,1.828261,1.75534392,1.5294117647058822
DB01228,28,1,train,11.0,0.0,0.0,0.5,0.3448275862068966,0.0,0.7629728,0.93367285,0.8705835,0.2323232323232323,0.0,0.0,0.0,0.0,0.0,0.0,0.0,0.0
DB00887,196,1,train,11.0,7.0,0.176911,0.1428571428571428,0.6578947368421053,0.0,0.9588807,0.93039376,0.8190489,0.3695652173913043,1.946021,0.9999999999999996,4.605263157894737,0.0,6.7121649,6.512756319999999,5.7333423,2.5869565217391304
DB00278,157,1,train,4.0,0.0,0.0,0.3333333333333333,0.2058823529411764,0.0,0.89657664,0.86981004,0.8004172,0.123076923076923,0.0,0.0,0.0,0.0,0.0,0.0,0.0,0.0
DB00500,376,1,train,15.0,3.0,0.036339,1.0,0.76,0.0,0.92675215,0.76657236,0.8392611,0.3152173913043478,0.545085,3.0,2.28,0.0,2.78025645,2.29971708,2.5177833,0.9456521739130432
DB00163,369,1,train,5.0,10.0,0.667457,0.0,0.0851063829787234,0.0,0.66172546,0.8491696,0.79183537,0.099236641221374,3.337285,0.0,0.851063829787234,0.0,6.6172546,8.491696,7.918353700000001,0.99236641221374
DB00963,31,1,train,0.0,1.0,0.200163,0.0,0.0,0.0,0.0,0.0,0.0,0.0,0.0,0.0,0.0,0.0,0.0,0.0,0.0,0.0
DB01005,85,1,train,5.0,4.0,0.335419,0.3333333333333333,0.2258064516129032,0.0,0.87795365,0.8646365,0.46512994,0.0675675675675675,1.677095,1.3333333333333333,0.9032258064516128,0.0,3.5118146,3.458546,1.86051976,0.27027027027027
DB00163,214,1,train,0.0,10.0,0.586847,0.0,0.0,0.0,0.0,0.0,0.0,0.0,0.0,0.0,0.0,0.0,0.0,0.0,0.0,0.0
DB00331,153,1,train,6.0,6.0,0.403149,0.0,0.0,0.0,0.78958434,0.82833654,0.79303145,0.0495049504950495,2.418894,0.0,0.0,0.0,4.73750604,4.97001924,4.7581887,0.297029702970297
DB00906,199,1,train,12.0,0.0,0.0,0.0,0.2619047619047619,0.0,0.97126925,0.82795244,0.8523166,0.1414141414141414,0.0,0.0,0.0,0.0,0.0,0.0,0.0,0.0
DB00313,199,1,train,12.0,7.0,0.238101,0.4,0.2377049180327868,0.0,0.94971645,0.8856465,0.88618463,0.1525423728813559,2.857212,2.8000000000000003,1.6639344262295075,0.0,6.64801515,6.1995255,6.20329241,1.0677966101694911
DB00790,94,1,train,13.0,2.0,0.300827,0.5,0.5714285714285714,0.0,0.9563627,1.0000001,0.8836006,0.717391304347826,3.910751,1.0,1.1428571428571428,0.0,1.9127254,2.0000002,1.7672012,1.434782608695652
DB01219,336,1,train,0.0,12.0,0.647398,0.0,0.0,0.0,0.0,0.0,0.0,0.0,0.0,0.0,0.0,0.0,0.0,0.0,0.0,0.0
DB00382,357,1,train,4.0,7.0,0.803456,0.6666666666666666,0.4666666666666667,0.0,0.9344021,0.8837457,0.95241237,0.1792452830188679,3.213824,4.666666666666666,3.2666666666666666,0.0,6.5408147,6.186219899999999,6.66688659,1.2547169811320753
DB00959,100,1,train,6.0,3.0,0.089567,0.0,0.0823529411764705,0.0,0.7966603,0.779719,0.83199745,0.1089743589743589,0.5374019999999999,0.0,0.2470588235294115,0.0,2.3899809,2.339157,2.49599235,0.3269230769230767
DB00675,140,1,train,1.0,1.0,0.313013,0.0,0.282051282051282,0.0,0.8955912,0.90691787,0.8737389,0.0930232558139534,0.313013,0.0,0.282051282051282,0.0,0.8955912,0.90691787,0.8737389,0.0930232558139534
DB00445,24,1,train,16.0,0.0,0.0,0.25,0.3720930232558139,0.0,0.9405725,0.8989023,0.89143705,1.0,0.0,0.0,0.0,0.0,0.0,0.0,0.0,0.0
DB01214,68,1,train,10.0,2.0,0.626537,1.0,0.7272727272727273,0.0,0.9336257,0.8358613,0.9620849,0.2903225806451613,6.26537,2.0,1.4545454545454546,0.0,1.8672514,1.6717226,1.9241698,0.5806451612903226
DB01042,274,1,train,4.0,2.0,0.179812,0.0,0.3571428571428571,0.0,0.82546455,0.8987232,0.75438446,0.211864406779661,0.719248,0.0,0.7142857142857142,0.0,1.6509291,1.7974464,1.50876892,0.423728813559322
DB01162,174,1,train,13.0,6.0,0.129576,0.8571428571428571,0.5555555555555556,0.0,0.96667135,0.927989,0.6891785,0.6509433962264151,1.684488,5.142857142857142,3.333333333333333,0.0,5.8000281000000005,5.567933999999999,4.135071,3.9056603773584895
DB01001,322,1,train,21.0,1.0,0.38905,1.0,0.6857142857142857,1.0,0.9566714,0.8848538,0.89939547,0.6071428571428571,8.17005,1.0,0.6857142857142857,1.0,0.9566714,0.8848538,0.89939547,0.6071428571428571
DB00277,322,1,train,21.0,2.0,0.38905,0.25,0.6744186046511628,1.0,0.8726365,0.96066046,0.92486703,0.4430379746835443,8.17005,0.5,1.3488372093023255,2.0,1.745273,1.92132092,1.84973406,0.8860759493670886
DB00816,188,1,train,11.0,2.0,0.112017,0.5,0.6551724137931034,0.0,0.91806877,0.8121735,0.758343,0.3709677419354839,1.232187,1.0,1.3103448275862069,0.0,1.83613754,1.624347,1.516686,0.7419354838709677
DB00242,280,1,train,32.0,4.0,0.163591,0.2,0.4242424242424242,0.0,0.8703319,0.88377,0.86728257,0.5211267605633803,5.234912,0.8,1.6969696969696968,0.0,3.4813276,3.53508,3.46913028,2.084507042253521
DB00476,127,1,train,5.0,1.0,0.154703,0.0,0.1702127659574468,0.0,0.89529866,0.79700136,0.70375055,0.2666666666666666,0.7735150000000001,0.0,0.1702127659574468,0.0,0.89529866,0.79700136,0.70375055,0.2666666666666666
DB00208,157,1,train,4.0,0.0,0.0,0.0,0.1224489795918367,0.0,0.89657664,0.8930502,0.7933634,0.123076923076923,0.0,0.0,0.0,0.0,0.0,0.0,0.0,0.0
DB01576,76,1,train,9.0,1.0,0.0,0.6,0.6111111111111112,0.0,0.9772001,0.8933089,0.8229723,1.0,0.0,0.6,0.6111111111111112,0.0,0.9772001,0.8933089,0.8229723,1.0
DB00398,26,1,train,0.0,3.0,0.336462,0.0,0.0,0.0,0.0,0.0,0.0,0.0,0.0,0.0,0.0,0.0,0.0,0.0,0.0,0.0
DB00325,124,1,train,68.0,1.0,0.271532,1.0,0.2058823529411764,0.0,0.93772554,0.77804154,0.8228949,0.0294117647058823,18.464176,1.0,0.2058823529411764,0.0,0.93772554,0.77804154,0.8228949,0.0294117647058823
DB00814,73,1,train,28.0,4.0,0.640926,1.0,0.6176470588235294,0.0,0.93958086,0.93861485,0.90437645,0.6282051282051282,17.945928,4.0,2.4705882352941178,0.0,3.75832344,3.7544594,3.6175058,2.5128205128205128
DB00392,309,1,train,9.0,7.0,0.432114,0.4,0.4444444444444444,0.0,0.9645966,0.9251827,0.8663941,0.2592592592592592,3.889026,2.8000000000000003,3.1111111111111107,0.0,6.7521762,6.4762789000000005,6.0647587,1.8148148148148144
DB00712,128,1,train,21.0,6.0,0.640926,1.0,0.6326530612244898,0.0,0.9918701,0.94172573,0.89841676,0.5373134328358209,13.459446,6.0,3.795918367346939,0.0,5.9512206,5.6503543800000005,5.39050056,3.2238805970149254
DB00620,183,1,train,27.0,13.0,0.491925,1.0,0.5,0.0,0.9309014,0.8846794,0.8149555,0.8518518518518519,13.281975,13.0,6.5,0.0,12.1017182,11.5008322,10.5944215,11.074074074074074
DB00883,18,1,train,13.0,3.0,0.058819,0.0,0.6818181818181818,0.0,0.8483594,0.9011388,0.93195105,0.6,0.7646470000000001,0.0,2.0454545454545454,0.0,2.5450782,2.7034164,2.79585315,1.7999999999999998
DB00236,399,1,train,4.0,0.0,0.0,0.0,0.2068965517241379,0.0,0.47802687,0.82319045,0.78515714,0.125,0.0,0.0,0.0,0.0,0.0,0.0,0.0,0.0
DB00399,247,1,train,9.0,6.0,0.146885,0.5,0.6363636363636364,0.0,0.9480796,1.0,0.8266542,0.4693877551020408,1.3219649999999998,3.0,3.8181818181818175,0.0,5.688477600000001,6.0,4.9599252,2.816326530612245
DB00449,69,1,train,10.0,3.0,0.626537,0.3,0.3387096774193548,0.0,0.905524,0.86206514,0.7830423,0.3333333333333333,6.26537,0.8999999999999999,1.0161290322580645,0.0,2.716572,2.58619542,2.3491269,1.0
DB01068,128,1,train,21.0,7.0,0.640926,0.0,0.1458333333333333,0.0,0.8007394,0.8660737,0.80181205,0.2777777777777778,13.459446,0.0,1.020833333333333,0.0,5.6051758,6.062515899999999,5.61268435,1.9444444444444449
DB00413,390,1,train,9.0,9.0,0.997595,0.4285714285714285,0.5,0.0,0.97908425,0.87155557,0.90129733,0.1212121212121212,8.978355,3.857142857142856,4.5,0.0,8.81175825,7.844000129999999,8.11167597,1.0909090909090908
DB00387,364,1,train,10.0,7.0,0.507896,0.4,0.4444444444444444,0.0,0.9645966,0.9251827,0.8766889,0.188235294117647,5.07896,2.8000000000000003,3.1111111111111107,0.0,6.7521762,6.4762789000000005,6.1368223,1.317647058823529
DB00286,24,1,train,16.0,7.0,0.510791,0.5,0.3859649122807017,0.0,0.9483936,0.863548,0.89560735,0.4534883720930232,8.172656,3.5,2.701754385964912,0.0,6.638755199999999,6.044836,6.2692514500000005,3.174418604651162
DB00421,182,1,train,5.0,5.0,0.084877,0.0,0.1794871794871795,0.0,0.8894132,0.84437406,0.80427325,0.0888888888888888,0.4243849999999999,0.0,0.8974358974358975,0.0,4.447066,4.2218703,4.02136625,0.444444444444444
DB08801,358,1,train,36.0,4.0,0.998501,0.5,0.5263157894736842,0.0,0.96694505,0.9923285,0.8445288,0.5131578947368421,35.946036,2.0,2.1052631578947367,0.0,3.8677802,3.969314,3.3781152,2.0526315789473686
DB00571,124,1,train,68.0,6.0,0.205053,1.0,0.5208333333333334,0.0,0.93981755,0.88877785,0.89352036,0.640625,13.943604,6.0,3.125,0.0,5.6389053,5.3326671,5.36112216,3.84375
DB00162,281,1,train,0.0,1.0,0.403132,0.0,0.0,0.0,0.0,0.0,0.0,0.0,0.0,0.0,0.0,0.0,0.0,0.0,0.0,0.0
DB00413,259,1,train,15.0,9.0,0.517447,0.5,0.5,0.0,0.97908425,0.87155557,0.90129733,0.1818181818181818,7.761705,4.5,4.5,0.0,8.81175825,7.844000129999999,8.11167597,1.6363636363636362
DB00563,331,1,train,10.0,20.0,0.551177,0.0,0.2909090909090909,0.0,0.90428233,0.8732616,0.7723911,0.1987951807228915,5.51177,0.0,5.818181818181818,0.0,18.0856466,17.465232,15.447822,3.97590361445783
DB00244,271,1,train,8.0,0.0,0.0,0.5714285714285714,0.3939393939393939,0.0,0.8520804,0.89327264,0.8889055,0.2948717948717949,0.0,0.0,0.0,0.0,0.0,0.0,0.0,0.0
DB00381,124,1,train,68.0,4.0,0.287587,0.1388888888888889,0.54,0.0,0.9762738,0.8981225,0.8805583,0.5824175824175825,19.555916,0.5555555555555556,2.16,0.0,3.9050952,3.59249,3.5222332,2.32967032967033
DB00570,156,1,train,5.0,6.0,0.236224,0.0,0.1578947368421052,0.0,0.8317084,0.8455284,0.70893943,0.1512195121951219,1.18112,0.0,0.9473684210526312,0.0,4.9902504,5.0731704,4.25363658,0.9073170731707314
DB00500,128,1,train,21.0,3.0,0.640926,1.0,0.76,0.0,0.9208245,0.7944559,0.83531064,0.4069767441860465,13.459446,3.0,2.28,0.0,2.7624735,2.3833677,2.50593192,1.2209302325581397
DB00585,18,1,train,13.0,2.0,0.430743,1.0,0.5,0.0,0.9647386,0.9276167,0.8822381,0.6111111111111112,5.599659,2.0,1.0,0.0,1.9294772,1.8552334,1.7644762,1.2222222222222223
DB04861,118,1,train,4.0,3.0,0.274656,1.0,0.5238095238095238,0.0,0.93392974,0.86998737,0.82711947,0.1904761904761904,1.098624,3.0,1.5714285714285716,0.0,2.80178922,2.60996211,2.48135841,0.5714285714285712
DB00501,18,1,train,13.0,3.0,0.100938,1.0,0.3846153846153846,0.0,0.9551051,0.9276167,0.87248707,0.2771084337349397,1.312194,3.0,1.1538461538461535,0.0,2.8653153,2.7828501,2.61746121,0.8313253012048192
DB00536,22,1,train,1.0,2.0,0.232092,0.0,0.025,0.0,0.63029504,0.60313106,0.68658054,0.0,0.232092,0.0,0.05,0.0,1.26059008,1.20626212,1.37316108,0.0
DB00214,182,1,train,5.0,5.0,0.129076,0.4,0.3902439024390244,0.0,0.9728829,0.87817466,0.8805765,0.25,0.64538,2.0,1.951219512195122,0.0,4.8644145,4.3908733,4.4028825,1.25
DB08906,371,1,train,22.0,3.0,0.749555,0.75,0.5208333333333334,0.0,0.9275812,0.8151831,0.8276986,0.7614678899082569,16.490209999999998,2.25,1.5625,0.0,2.7827436,2.4455493,2.4830958,2.2844036697247705
DB00388,68,1,train,10.0,4.0,0.476518,0.375,0.3013698630136986,0.0,0.87368715,0.83171463,0.8173806,0.5813953488372093,4.76518,1.5,1.2054794520547945,0.0,3.4947486,3.32685852,3.2695224,2.3255813953488373
DB00559,269,1,train,4.0,2.0,0.342198,0.0,0.1886792452830188,0.0,0.8721032,0.8336548,0.84250796,0.188235294117647,1.368792,0.0,0.3773584905660376,0.0,1.7442064,1.6673096,1.68501592,0.376470588235294
DB00669,379,1,train,3.0,2.0,0.946602,1.0,0.7222222222222222,0.0,0.92299044,0.8576114,0.74776787,0.547945205479452,2.8398060000000003,2.0,1.4444444444444444,0.0,1.84598088,1.7152228,1.49553574,1.095890410958904
DB00271,359,1,train,36.0,2.0,0.944425,0.0,0.0294117647058823,0.0,0.7552312,0.7245338,0.7954455,0.1797752808988764,33.9993,0.0,0.0588235294117646,0.0,1.5104624,1.4490676,1.590891,0.3595505617977528
DB00384,177,1,train,3.0,1.0,0.059729,0.0,0.3103448275862069,0.0,0.88295126,0.9036307,0.8818917,0.1826923076923076,0.1791869999999999,0.0,0.3103448275862069,0.0,0.88295126,0.9036307,0.8818917,0.1826923076923076
DB01071,362,1,train,37.0,2.0,0.944425,1.0,0.4,0.0,0.89673984,0.9505298,0.99999994,0.3548387096774194,34.943725,2.0,0.8,0.0,1.79347968,1.9010596,1.99999988,0.7096774193548387
DB01173,174,1,train,13.0,8.0,0.203892,0.0666666666666666,0.1833333333333333,0.0,0.86567175,0.9239926,0.8592081,0.4047619047619047,2.650596,0.5333333333333328,1.4666666666666663,0.0,6.925374,7.3919408,6.8736648,3.2380952380952377
DB01219,110,1,train,0.0,12.0,0.994658,0.0,0.0,0.0,0.0,0.0,0.0,0.0,0.0,0.0,0.0,0.0,0.0,0.0,0.0,0.0
DB01186,370,1,train,12.0,6.0,0.575251,0.8235294117647058,0.2857142857142857,0.0,0.7888823,0.828538,0.8460039,0.2307692307692307,6.903012,4.941176470588236,1.7142857142857142,0.0,4.7332938,4.971228,5.0760234,1.384615384615384
DB00747,120,1,train,2.0,6.0,0.233764,0.1111111111111111,0.140625,0.0,0.83743095,0.784866,0.8508731,0.2164948453608247,0.467528,0.6666666666666666,0.84375,0.0,5.0245857,4.709196,5.1052386,1.2989690721649485
DB01043,342,1,train,4.0,7.0,0.598796,0.1794871794871795,0.1818181818181818,0.0,0.9290007,0.9016507,0.89117604,0.0909090909090909,2.395184,1.2564102564102564,1.2727272727272725,0.0,6.5030049000000005,6.3115549,6.23823228,0.6363636363636362
DB00959,280,1,train,32.0,3.0,0.089567,0.5,0.5476190476190477,1.0,0.9547467,0.99999976,0.90589017,0.5483870967741935,2.866144,1.5,1.642857142857143,3.0,2.8642401,2.99999928,2.71767051,1.6451612903225803
DB00122,73,1,train,28.0,5.0,0.776582,0.0333333333333333,0.1,0.0,0.6248834,0.7199886,0.8164584,0.0784313725490196,21.744296,0.1666666666666665,0.5,0.0,3.124417,3.599943,4.082292,0.392156862745098
DB00808,251,1,train,4.0,1.0,0.0,0.2,0.4411764705882353,0.0,0.94215345,0.9092256,0.88915545,0.3636363636363636,0.0,0.2,0.4411764705882353,0.0,0.94215345,0.9092256,0.88915545,0.3636363636363636
DB00350,405,1,train,54.0,0.0,0.0,0.3333333333333333,0.1923076923076923,0.0,0.8965783,0.8543037,0.8494846,0.2424242424242424,0.0,0.0,0.0,0.0,0.0,0.0,0.0,0.0
DB01018,124,1,train,68.0,1.0,0.271532,0.6666666666666666,0.3703703703703703,0.0,0.89608383,0.89991736,0.8788478,0.3114754098360656,18.464176,0.6666666666666666,0.3703703703703703,0.0,0.89608383,0.89991736,0.8788478,0.3114754098360656
DB00328,117,1,train,20.0,10.0,0.170709,0.1818181818181818,0.4761904761904761,0.0,0.8524052,0.7904116,0.87606525,0.3333333333333333,3.41418,1.818181818181818,4.761904761904761,0.0,8.524052,7.904116,8.7606525,3.333333333333333
DB00928,324,1,train,1.0,1.0,0.0,0.0714285714285714,0.8636363636363636,0.0,0.83051956,0.743827,0.7504612,0.6071428571428571,0.0,0.0714285714285714,0.8636363636363636,0.0,0.83051956,0.743827,0.7504612,0.6071428571428571
DB01224,125,1,train,10.0,0.0,0.0,0.631578947368421,0.5806451612903226,0.0,0.9698194,0.82563853,0.85118216,0.3714285714285714,0.0,0.0,0.0,0.0,0.0,0.0,0.0,0.0
DB00392,364,1,train,10.0,7.0,0.575251,0.4,0.4444444444444444,0.0,0.9645966,0.9251827,0.8663941,0.2592592592592592,5.752509999999999,2.8000000000000003,3.1111111111111107,0.0,6.7521762,6.4762789000000005,6.0647587,1.8148148148148144
DB01076,83,1,train,2.0,2.0,0.737845,0.3333333333333333,0.6,0.0,0.996179,0.87413967,0.9854858,0.2658227848101265,1.47569,0.6666666666666666,1.2,0.0,1.992358,1.74827934,1.9709716,0.531645569620253
DB01041,247,1,train,9.0,1.0,0.160948,0.1666666666666666,0.2448979591836734,0.0,0.9292441,0.88215697,0.8593708,0.5362318840579711,1.4485320000000002,0.1666666666666666,0.2448979591836734,0.0,0.9292441,0.88215697,0.8593708,0.5362318840579711
DB00169,268,1,train,3.0,7.0,0.580102,1.0,0.5641025641025641,0.0,0.8977329,0.65928876,0.8306088,0.7954545454545454,1.740306,7.0,3.948717948717949,0.0,6.284130299999999,4.61502132,5.8142616,5.568181818181818
DB01151,76,1,train,9.0,2.0,0.061224,0.8,0.5421686746987951,0.0,0.97714394,0.90476334,0.855074,0.7647058823529411,0.551016,1.6,1.0843373493975903,0.0,1.95428788,1.80952668,1.710148,1.5294117647058822
DB00712,392,1,train,20.0,6.0,0.776582,1.0,0.6326530612244898,0.0,0.99011445,0.94172573,0.89841676,0.5538461538461539,15.53164,6.0,3.795918367346939,0.0,5.9406867,5.6503543800000005,5.39050056,3.3230769230769237
DB08804,11,1,train,2.0,0.0,0.0,0.0833333333333333,0.28,0.0,0.8007581,0.82593477,0.63146853,0.2170542635658914,0.0,0.0,0.0,0.0,0.0,0.0,0.0,0.0
DB00557,347,1,train,32.0,5.0,0.494446,1.0,0.3170731707317073,0.0,0.90269905,1.0000001,0.89413625,0.8117647058823529,15.822272,5.0,1.5853658536585369,0.0,4.51349525,5.0000005000000005,4.47068125,4.0588235294117645
DB00719,358,1,train,36.0,4.0,0.998501,1.0,0.4375,0.0,0.96377206,0.9052737,0.9682553,0.5714285714285714,35.946036,4.0,1.75,0.0,3.85508824,3.6210948,3.8730212,2.2857142857142856
DB01137,183,1,train,27.0,0.0,0.0,0.5,0.4871794871794871,0.0,0.9248989,0.9277305,0.8224888,0.4166666666666667,0.0,0.0,0.0,0.0,0.0,0.0,0.0,0.0
DB00992,12,1,train,5.0,0.0,0.0,0.0,0.0967741935483871,0.0,0.8321461,0.70464224,0.6723057,0.06,0.0,0.0,0.0,0.0,0.0,0.0,0.0,0.0
DB00557,362,1,train,37.0,5.0,0.998501,1.0,0.3548387096774194,0.0,0.9101469,0.89909637,0.87786645,0.8117647058823529,36.944537,5.0,1.774193548387097,0.0,4.5507345,4.49548185,4.38933225,4.0588235294117645
DB00277,183,1,train,27.0,2.0,0.38905,0.25,0.6744186046511628,1.0,0.8726365,0.96066046,0.92486703,0.4430379746835443,10.50435,0.5,1.3488372093023255,2.0,1.745273,1.92132092,1.84973406,0.8860759493670886
DB00972,347,1,train,32.0,3.0,0.548052,0.25,0.35,0.0,0.9581549,0.9015364,0.78750515,0.3109243697478991,17.537664,0.75,1.0499999999999998,0.0,2.8744647,2.7046092,2.36251545,0.9327731092436972
DB00679,149,1,train,16.0,0.0,0.0,0.5,0.6097560975609756,0.0,0.967043,0.98922354,0.9931022,0.7831325301204819,0.0,0.0,0.0,0.0,0.0,0.0,0.0,0.0
DB01124,318,1,train,12.0,3.0,0.891319,0.6666666666666666,0.7142857142857143,0.0,0.9524824,0.9119417,0.93329906,0.6666666666666666,10.695828,2.0,2.142857142857143,0.0,2.8574472,2.7358251,2.79989718,2.0
DB01231,89,1,train,22.0,1.0,0.158796,0.4285714285714285,0.3809523809523809,0.0,0.9243159,0.8719838,0.917961,0.3804347826086957,3.493512,0.4285714285714285,0.3809523809523809,0.0,0.9243159,0.8719838,0.917961,0.3804347826086957
DB01234,131,1,train,5.0,17.0,0.360196,0.0,0.0833333333333333,0.0,0.87201166,0.746868,0.77002835,0.1484375,1.80098,0.0,1.416666666666666,0.0,14.82419822,12.696756,13.09048195,2.5234375
DB00852,183,1,train,27.0,6.0,0.491925,0.2083333333333333,0.3888888888888889,1.0,0.95777225,0.89091736,0.86100113,1.0,13.281975,1.2499999999999998,2.333333333333333,6.0,5.7466335,5.34550416,5.16600678,6.0
DB00808,405,1,train,54.0,1.0,0.0,1.0,0.6060606060606061,0.0,0.95839125,0.9156222,0.9016603,0.4318181818181818,0.0,1.0,0.6060606060606061,0.0,0.95839125,0.9156222,0.9016603,0.4318181818181818
DB00343,124,1,train,68.0,1.0,0.107262,0.1666666666666666,0.4084507042253521,0.0,0.9476433,0.90092033,0.93002695,0.2805755395683453,7.293816,0.1666666666666666,0.4084507042253521,0.0,0.9476433,0.90092033,0.93002695,0.2805755395683453
DB00695,316,1,train,10.0,9.0,0.226037,0.25,0.6578947368421053,0.0,0.9728829,0.92419195,0.9008596,0.3695652173913043,2.26037,2.25,5.921052631578948,0.0,8.7559461,8.31772755,8.1077364,3.326086956521739
DB01202,352,1,train,2.0,9.0,0.445855,0.125,0.1944444444444444,0.0,0.9472614,0.8393383,0.87609833,0.1607142857142857,0.89171,1.125,1.7499999999999996,0.0,8.5253526,7.554044699999999,7.88488497,1.4464285714285712
DB01203,405,1,train,54.0,3.0,0.271532,1.0,0.5476190476190477,0.0,0.92263484,0.9025623,0.9449766,0.4875,14.662728,3.0,1.642857142857143,0.0,2.76790452,2.7076869,2.8349298000000003,1.4625
DB00367,48,1,train,6.0,1.0,0.283197,0.5,0.6875,0.0,0.8579346,0.93404174,0.84299934,0.7887323943661971,1.699182,0.5,0.6875,0.0,0.8579346,0.93404174,0.84299934,0.7887323943661971
DB00570,277,1,train,4.0,6.0,0.386246,0.0,0.3728813559322034,0.0,0.91784036,0.87862146,0.7409542,0.1405622489959839,1.544984,0.0,2.2372881355932206,0.0,5.50704216,5.27172876,4.4457252,0.8433734939759034
DB00167,209,1,train,2.0,3.0,0.214873,0.0,0.0,0.0,0.36510134,0.6335676,0.35223418,0.072463768115942,0.429746,0.0,0.0,0.0,1.09530402,1.9007028,1.05670254,0.217391304347826
DB04861,21,1,train,5.0,3.0,0.274656,1.0,0.5238095238095238,0.0,0.93392974,0.86998737,0.9146352,0.1904761904761904,1.37328,3.0,1.5714285714285716,0.0,2.80178922,2.60996211,2.7439056,0.5714285714285712
DB01156,267,1,train,7.0,0.0,0.0,0.4,0.2040816326530612,0.0,0.8828646,0.8744973,0.67576045,0.2236842105263158,0.0,0.0,0.0,0.0,0.0,0.0,0.0,0.0
DB00136,310,1,train,3.0,6.0,0.374235,0.5,0.5666666666666667,0.0,0.89333063,0.86335325,0.8000023,0.6161616161616161,1.1227049999999998,3.0,3.4,0.0,5.35998378,5.1801195,4.8000138,3.696969696969697
DB00563,257,1,train,4.0,20.0,0.420453,0.0,0.2352941176470588,0.0,0.90428233,0.8155707,0.773592,0.4122137404580153,1.681812,0.0,4.705882352941176,0.0,18.0856466,16.311414,15.471839999999998,8.244274809160306
DB00653,45,1,train,0.0,2.0,0.075832,0.0,0.0,0.0,0.0,0.0,0.0,0.0,0.0,0.0,0.0,0.0,0.0,0.0,0.0,0.0
DB00612,118,1,train,4.0,1.0,0.274656,0.6666666666666666,0.6,0.0,0.9118389,0.82451856,0.894358,0.647887323943662,1.098624,0.6666666666666666,0.6,0.0,0.9118389,0.82451856,0.894358,0.647887323943662
DB01222,166,1,train,3.0,5.0,0.662351,0.0,0.1304347826086956,0.0,0.92160964,0.8047905,0.7362476,0.1180555555555555,1.987053,0.0,0.6521739130434779,0.0,4.6080482,4.0239525,3.681238,0.5902777777777775
DB00327,99,1,train,58.0,1.0,0.204518,1.0,0.6896551724137931,0.0,0.95820105,0.8562505,0.87767196,0.782608695652174,11.862044,1.0,0.6896551724137931,0.0,0.95820105,0.8562505,0.87767196,0.782608695652174
DB00262,224,1,train,11.0,4.0,0.374066,0.0,0.4444444444444444,0.0,0.91800994,0.9025068,0.8383147,0.2456140350877192,4.114726,0.0,1.7777777777777777,0.0,3.67203976,3.6100272,3.3532588,0.9824561403508768
DB00957,351,1,train,10.0,1.0,0.0,0.4,0.3846153846153846,0.0,0.8815255,0.93267953,0.878592,0.2897196261682243,0.0,0.4,0.3846153846153846,0.0,0.8815255,0.93267953,0.878592,0.2897196261682243
DB00706,311,1,train,4.0,2.0,0.081461,0.5,0.4,0.0,0.90337956,0.927989,0.74664694,0.2013888888888889,0.325844,1.0,0.8,0.0,1.80675912,1.855978,1.49329388,0.4027777777777778
DB00465,302,1,train,1.0,1.0,0.062449,1.0,0.3846153846153846,0.0,0.8924964,0.804513,0.7767482,0.2891566265060241,0.062449,1.0,0.3846153846153846,0.0,0.8924964,0.804513,0.7767482,0.2891566265060241
DB00871,322,1,train,21.0,1.0,0.38905,1.0,0.7058823529411765,1.0,0.9038524,0.9165648,0.8202569,0.64,8.17005,1.0,0.7058823529411765,1.0,0.9038524,0.9165648,0.8202569,0.64
DB00451,250,1,train,1.0,3.0,0.448602,0.4,0.2962962962962963,0.0,0.89130783,0.8595331,0.8074636,0.726027397260274,0.448602,1.2000000000000002,0.8888888888888888,0.0,2.67392349,2.5785993,2.4223908,2.178082191780822
DB01174,201,1,train,0.0,6.0,0.479513,0.0,0.0,0.0,0.0,0.0,0.0,0.0,0.0,0.0,0.0,0.0,0.0,0.0,0.0,0.0
DB00869,69,1,train,10.0,2.0,0.381716,0.8,0.5714285714285714,0.0,0.91922206,0.8899895,0.84448415,0.5555555555555556,3.81716,1.6,1.1428571428571428,0.0,1.83844412,1.779979,1.6889683,1.1111111111111112
DB00286,144,1,train,7.0,7.0,0.510791,0.5,0.3859649122807017,0.0,0.9483936,0.8682616,0.79832876,0.4534883720930232,3.575537,3.5,2.701754385964912,0.0,6.638755199999999,6.077831199999999,5.588301319999999,3.174418604651162
DB00245,135,1,train,14.0,0.0,0.0,0.2,0.3214285714285714,0.0,0.9314821,0.8929149,0.80179906,0.358695652173913,0.0,0.0,0.0,0.0,0.0,0.0,0.0,0.0
DB01185,197,1,train,5.0,2.0,0.153482,0.4,0.1538461538461538,0.0,0.92140156,0.85584265,0.89560735,0.351063829787234,0.76741,0.8,0.3076923076923076,0.0,1.84280312,1.7116853,1.7912147,0.702127659574468
DB00958,280,1,train,32.0,3.0,0.406313,0.0,0.4482758620689655,1.0,0.92191184,0.92615783,0.8773178,0.1264367816091954,13.002016,0.0,1.3448275862068966,3.0,2.76573552,2.77847349,2.6319534,0.3793103448275862
DB08835,347,1,train,32.0,3.0,0.494446,0.0,0.3333333333333333,0.0,0.81279683,0.9002207,0.0,0.1102941176470588,15.822272,0.0,1.0,0.0,2.43839049,2.7006621,0.0,0.3308823529411764
DB00636,84,1,train,2.0,0.0,0.0,0.3333333333333333,0.3461538461538461,0.0,0.82744455,0.87288463,0.7188282,0.48,0.0,0.0,0.0,0.0,0.0,0.0,0.0,0.0
DB01068,365,1,train,5.0,7.0,0.255557,0.9411764705882352,0.2888888888888888,0.0,0.877997,0.8635895,0.77856714,0.3010752688172043,1.277785,6.588235294117646,2.0222222222222217,0.0,6.1459790000000005,6.0451265,5.4499699800000005,2.10752688172043
DB00714,136,1,train,12.0,6.0,0.542604,0.9333333333333332,0.3265306122448979,0.0,0.92155147,0.926803,0.8495749,0.2736842105263158,6.511248,5.6,1.9591836734693877,0.0,5.529308820000001,5.560818,5.0974494,1.642105263157895
DB00675,24,1,train,16.0,1.0,0.313013,0.1428571428571428,0.2619047619047619,0.0,0.9712736,0.863548,0.8655075,0.2587412587412587,5.008208,0.1428571428571428,0.2619047619047619,0.0,0.9712736,0.863548,0.8655075,0.2587412587412587
DB00873,347,1,train,32.0,3.0,0.548052,0.0,0.2307692307692307,0.0,0.83442736,0.25968295,0.0,0.5425531914893617,17.537664,0.0,0.6923076923076921,0.0,2.50328208,0.7790488500000001,0.0,1.627659574468085
DB00598,118,1,train,4.0,4.0,0.274656,0.6,0.3725490196078431,0.0,0.92208886,0.86998737,0.82711947,0.2631578947368421,1.098624,2.4,1.4901960784313724,0.0,3.68835544,3.47994948,3.30847788,1.0526315789473684
DB00852,347,1,train,32.0,6.0,0.548052,0.08,0.0555555555555555,1.0,0.9398663,0.9021074,0.81809354,0.3076923076923077,17.537664,0.48,0.333333333333333,6.0,5.6391978,5.4126444,4.90856124,1.8461538461538465
DB00226,405,1,train,54.0,1.0,0.271532,1.0,0.2105263157894736,0.0,0.88008034,0.922938,0.96799695,0.3174603174603174,14.662728,1.0,0.2105263157894736,0.0,0.88008034,0.922938,0.96799695,0.3174603174603174
DB01189,124,1,train,68.0,2.0,0.271532,0.0,0.1481481481481481,0.0,0.7802414,0.86274457,0.8116666,0.0909090909090909,18.464176,0.0,0.2962962962962962,0.0,1.5604828,1.72548914,1.6233332,0.1818181818181818
DB00641,79,1,train,2.0,2.0,0.599422,0.3333333333333333,0.6,0.0,0.996179,0.87413967,0.9854858,0.0844155844155844,1.198844,0.6666666666666666,1.2,0.0,1.992358,1.74827934,1.9709716,0.1688311688311688
DB08800,359,1,train,36.0,3.0,0.944425,1.0,0.5714285714285714,0.0,0.89936805,0.9949534,0.90347254,0.5405405405405406,33.9993,3.0,1.7142857142857142,0.0,2.69810415,2.9848602,2.71041762,1.6216216216216215
DB00379,28,1,train,11.0,0.0,0.0,0.5,0.3448275862068966,0.0,0.93654895,0.8569029,0.8821678,0.2535211267605634,0.0,0.0,0.0,0.0,0.0,0.0,0.0,0.0
DB01406,11,1,train,2.0,4.0,0.327362,0.1666666666666666,0.1923076923076923,0.0,0.830293,0.7482939,0.7569739,0.39,0.654724,0.6666666666666664,0.7692307692307692,0.0,3.321172,2.9931756,3.0278956,1.56
DB00564,1,1,train,8.0,5.0,0.167031,0.0357142857142857,0.1530612244897959,0.0,0.9585661,0.812052,0.86928844,0.2127659574468085,1.336248,0.1785714285714285,0.7653061224489794,0.0,4.7928305,4.06026,4.3464422,1.0638297872340423
DB00851,252,1,train,3.0,2.0,0.195604,0.0,0.3571428571428571,0.0,0.86371124,0.82368606,0.75438446,0.1012658227848101,0.586812,0.0,0.7142857142857142,0.0,1.72742248,1.64737212,1.50876892,0.2025316455696202
DB00279,72,1,train,1.0,3.0,0.563106,0.4,0.2962962962962963,0.0,0.8913078,0.859533,0.8074635,0.726027397260274,0.563106,1.2000000000000002,0.8888888888888888,0.0,2.6739234,2.578599,2.4223905,2.178082191780822
DB01364,322,1,train,21.0,1.0,0.38905,0.5,0.3888888888888889,0.0,0.95777225,0.8820653,0.832207,1.0,8.17005,0.5,0.3888888888888889,0.0,0.95777225,0.8820653,0.832207,1.0
DB00253,362,1,train,37.0,2.0,0.998501,1.0,0.5128205128205128,0.0,0.91183126,0.8833771,0.84617543,0.3396226415094339,36.944537,2.0,1.0256410256410255,0.0,1.82366252,1.7667542,1.69235086,0.6792452830188678
DB00717,48,1,train,6.0,4.0,0.283197,0.5,0.5365853658536586,0.3333333333333333,0.8735016,0.7796335,0.85213006,0.7887323943661971,1.699182,2.0,2.1463414634146343,1.3333333333333333,3.4940064,3.118534,3.40852024,3.1549295774647885
DB00404,243,1,train,9.0,1.0,0.098473,1.0,0.4736842105263157,0.0,0.9382738,0.7380032,0.86207384,0.3516483516483517,0.8862570000000001,1.0,0.4736842105263157,0.0,0.9382738,0.7380032,0.86207384,0.3516483516483517
DB00337,358,1,train,36.0,3.0,0.998501,0.0,0.1875,0.0,0.7481113,0.86548287,0.85748416,0.2027649769585253,35.946036,0.0,0.5625,0.0,2.2443339,2.59644861,2.57245248,0.6082949308755758
DB01359,124,1,train,68.0,2.0,0.271532,0.8,0.7575757575757576,0.0,0.91261506,0.91444564,0.82746637,0.5194805194805194,18.464176,1.6,1.5151515151515151,0.0,1.82523012,1.82889128,1.65493274,1.0389610389610389
DB00783,3,1,train,10.0,3.0,0.234255,0.2857142857142857,0.3859649122807017,0.5,0.9483936,0.7628124,0.88788575,0.4534883720930232,2.34255,0.8571428571428571,1.157894736842105,1.5,2.8451808,2.2884372,2.66365725,1.3604651162790695
DB00715,49,1,train,4.0,2.0,0.210082,0.0555555555555555,0.6153846153846154,0.0,0.97010446,0.9056746,0.78829837,0.2522522522522522,0.840328,0.111111111111111,1.2307692307692308,0.0,1.94020892,1.8113492,1.57659674,0.5045045045045043
DB00413,312,1,train,12.0,9.0,0.517447,0.5,0.5,0.0,0.97908425,0.87155557,0.8766889,0.1818181818181818,6.209364,4.5,4.5,0.0,8.81175825,7.844000129999999,7.890200099999999,1.6363636363636362
DB01075,120,1,train,2.0,1.0,0.434455,0.1111111111111111,0.359375,0.0,0.83743095,0.784866,0.8261019,0.3493975903614458,0.86891,0.1111111111111111,0.359375,0.0,0.83743095,0.784866,0.8261019,0.3493975903614458
DB00719,371,1,train,22.0,4.0,0.74957,1.0,0.6111111111111112,0.0,0.9398663,0.91835994,0.8742057,0.5476190476190477,16.49054,4.0,2.4444444444444446,0.0,3.7594652,3.67343976,3.4968228,2.1904761904761907
DB08907,326,1,train,0.0,6.0,0.999976,0.0,0.0,0.0,0.0,0.0,0.0,0.0,0.0,0.0,0.0,0.0,0.0,0.0,0.0,0.0
DB00903,182,1,train,5.0,4.0,0.134844,0.2,0.2682926829268293,0.0,0.9719908,0.8398135,0.861453,0.19,0.6742199999999999,0.8,1.0731707317073171,0.0,3.8879632,3.359254,3.445812,0.76
DB00444,224,1,train,11.0,5.0,0.472558,0.25,0.4081632653061224,0.0,0.87740463,0.8850958,0.86800504,0.2205128205128205,5.198138,1.25,2.040816326530612,0.0,4.38702315,4.425479,4.3400252,1.1025641025641026
DB01070,93,1,train,3.0,6.0,0.474148,1.0,0.631578947368421,0.0,0.554062,0.8701512,0.8306088,0.7391304347826086,1.422444,6.0,3.789473684210526,0.0,3.3243720000000003,5.2209072,4.9836528,4.434782608695652
DB00541,330,1,train,2.0,11.0,0.180798,0.0,0.1078431372549019,0.0,0.7754935,0.84670186,0.74496543,0.1462264150943396,0.361596,0.0,1.186274509803921,0.0,8.5304285,9.31372046,8.194619730000001,1.6084905660377355
DB00356,99,1,train,58.0,0.0,0.0,0.05,0.2888888888888888,0.0,0.8393335,0.8980244,0.8388696,0.2033898305084746,0.0,0.0,0.0,0.0,0.0,0.0,0.0,0.0
DB00983,322,1,train,21.0,2.0,0.38905,1.0,0.5384615384615384,1.0,0.9428081,0.8848538,0.8202569,0.375,8.17005,2.0,1.0769230769230769,2.0,1.8856162,1.7697076,1.6405138,0.75
DB08800,362,1,train,37.0,3.0,0.998501,1.0,0.5714285714285714,0.0,0.89936805,0.9949534,0.9276831,0.5405405405405406,36.944537,3.0,1.7142857142857142,0.0,2.69810415,2.9848602,2.7830493,1.6216216216216215
DB00255,280,1,train,32.0,0.0,0.0,0.1111111111111111,0.1785714285714285,0.0,0.718122,0.8061294,0.7917472,0.2475247524752475,0.0,0.0,0.0,0.0,0.0,0.0,0.0,0.0
DB00988,305,1,train,1.0,3.0,0.222157,0.0,0.0476190476190476,0.0,0.78021663,0.7409247,0.48199618,0.1346153846153846,0.222157,0.0,0.1428571428571428,0.0,2.34064989,2.2227741,1.44598854,0.4038461538461538
DB01216,99,1,train,58.0,4.0,0.068155,0.0,0.2857142857142857,0.0,0.8451827,0.8029974,0.77704465,0.1914893617021276,3.95299,0.0,1.1428571428571428,0.0,3.3807308,3.2119896,3.1081786,0.7659574468085104
DB01399,392,1,train,20.0,2.0,0.776582,1.0,0.4814814814814814,0.0,0.8893331,0.93247885,0.91115355,0.5172413793103449,15.53164,2.0,0.9629629629629628,0.0,1.7786662,1.8649577,1.8223071,1.0344827586206895
DB00888,265,1,train,2.0,1.0,0.102349,0.0,0.3055555555555556,0.0,0.9349213,0.8117764,0.801232,0.0961538461538461,0.204698,0.0,0.3055555555555556,0.0,0.9349213,0.8117764,0.801232,0.0961538461538461
DB00989,357,1,train,4.0,14.0,0.803456,0.6666666666666666,0.3448275862068966,0.0,0.9759848,0.8837457,0.95241237,0.2083333333333333,3.213824,9.333333333333332,4.827586206896552,0.0,13.6637872,12.3724398,13.33377318,2.916666666666666
DB00152,285,1,train,0.0,0.0,0.0,0.0,0.0,0.0,0.0,0.0,0.0,0.0,0.0,0.0,0.0,0.0,0.0,0.0,0.0,0.0
DB01202,199,1,train,12.0,9.0,0.464785,0.0,0.217391304347826,0.0,0.9302739,0.80908906,0.9001965,0.1372549019607843,5.57742,0.0,1.956521739130434,0.0,8.3724651,7.28180154,8.1017685,1.2352941176470589
DB01234,330,1,train,2.0,17.0,0.364205,0.0,0.1078431372549019,0.0,0.7754935,0.84150237,0.7363766,0.2372881355932203,0.72841,0.0,1.833333333333332,0.0,13.1833895,14.30554029,12.5184022,4.033898305084745
DB00584,405,1,train,54.0,1.0,0.270297,1.0,0.6,0.0,0.9506305,0.89435774,0.8846305,0.7282608695652174,14.596038,1.0,0.6,0.0,0.9506305,0.89435774,0.8846305,0.7282608695652174
DB00284,318,1,train,12.0,2.0,0.891319,0.0,0.28,0.0,0.94778335,0.7958033,0.7788474,0.0647058823529411,10.695828,0.0,0.56,0.0,1.8955667,1.5916066,1.5576948,0.1294117647058822
DB00692,138,1,train,4.0,2.0,0.227841,0.8571428571428571,0.2444444444444444,0.0,0.9441745,0.8366493,0.82440656,0.2625,0.911364,1.7142857142857142,0.4888888888888888,0.0,1.888349,1.6732986,1.64881312,0.525
DB00589,344,1,train,9.0,6.0,0.997595,0.9333333333333332,0.3902439024390244,0.0,0.79503286,0.852681,0.84428847,0.2673267326732673,8.978355,5.6,2.341463414634146,0.0,4.77019716,5.116086,5.06573082,1.6039603960396036
DB00413,37,1,train,10.0,9.0,0.414087,0.4,0.5,0.0,0.97908425,0.84647477,0.89720005,0.1666666666666666,4.14087,3.6,4.5,0.0,8.81175825,7.618272930000001,8.07480045,1.4999999999999991
DB01114,371,1,train,22.0,0.0,0.0,0.25,0.3714285714285714,1.0,0.89719737,0.96810377,0.99999994,0.8,0.0,0.0,0.0,0.0,0.0,0.0,0.0,0.0
DB00271,362,1,train,37.0,2.0,0.998501,0.0,0.0277777777777777,0.0,0.7552312,0.7245338,0.7954455,0.1797752808988764,36.944537,0.0,0.0555555555555554,0.0,1.5104624,1.4490676,1.590891,0.3595505617977528
DB00757,89,1,train,22.0,0.0,0.0,1.0,0.7857142857142857,0.0,0.8725437,0.9545288,0.9738591,0.2952380952380952,0.0,0.0,0.0,0.0,0.0,0.0,0.0,0.0
DB01008,399,1,train,4.0,4.0,0.340265,0.0,0.2068965517241379,0.0,0.9137205,0.82319045,0.78515714,0.0820895522388059,1.36106,0.0,0.8275862068965516,0.0,3.654882,3.2927618,3.14062856,0.3283582089552236
DB00570,245,1,train,6.0,6.0,0.463899,0.0,0.22,0.0,0.9051248,0.87862146,0.7387169,0.1633663366336633,2.783394,0.0,1.32,0.0,5.4307488,5.27172876,4.4323014,0.9801980198019796
DB01173,135,1,train,14.0,8.0,0.555551,0.2,0.2727272727272727,0.0,0.84021145,0.90301347,0.89786226,0.358695652173913,7.777714,1.6,2.1818181818181817,0.0,6.7216916,7.22410776,7.18289808,2.869565217391304
DB00915,134,1,train,14.0,2.0,0.124144,0.1,0.2307692307692307,0.0,0.9068205,0.83689284,0.8623575,0.1235955056179775,1.738016,0.2,0.4615384615384614,0.0,1.813641,1.67378568,1.724715,0.247191011235955
DB00346,99,1,train,58.0,1.0,0.049705,1.0,0.5,0.0,0.96667135,0.9055502,0.8884487,0.5288461538461539,2.88289,1.0,0.5,0.0,0.96667135,0.9055502,0.8884487,0.5288461538461539
DB00619,389,1,train,0.0,4.0,0.402985,0.0,0.0,0.0,0.0,0.0,0.0,0.0,0.0,0.0,0.0,0.0,0.0,0.0,0.0,0.0
DB01214,69,1,train,10.0,2.0,0.626537,0.6666666666666666,0.5,0.0,0.9326043,0.8358613,0.8251331,0.2424242424242424,6.26537,1.3333333333333333,1.0,0.0,1.8652086,1.6717226,1.6502662,0.4848484848484848
DB00331,143,1,train,1.0,6.0,0.322984,0.0,0.0,0.0,0.7251995,0.6961546,0.60890007,0.0357142857142857,0.322984,0.0,0.0,0.0,4.351197,4.1769276,3.65340042,0.2142857142857142
DB00342,358,1,train,36.0,5.0,0.998501,0.8571428571428571,0.42,0.0,0.95683336,0.88801694,0.8655601,0.8636363636363636,35.946036,4.285714285714286,2.1,0.0,4.7841668,4.4400847,4.3278005,4.318181818181818
DB00392,259,1,train,15.0,7.0,0.517447,0.4,0.4444444444444444,0.0,0.9645966,0.9251827,0.89408064,0.3333333333333333,7.761705,2.8000000000000003,3.1111111111111107,0.0,6.7521762,6.4762789000000005,6.25856448,2.333333333333333
DB00136,283,1,train,1.0,6.0,0.261077,0.0,0.3333333333333333,0.0,0.8536645,0.74777704,0.7347099,0.1448275862068965,0.261077,0.0,2.0,0.0,5.121987000000001,4.48666224,4.4082594,0.868965517241379
DB00603,168,1,train,5.0,2.0,0.219469,0.1,0.509090909090909,0.25,0.91295296,0.8980404,0.78295314,0.6703296703296703,1.097345,0.2,1.018181818181818,0.5,1.82590592,1.7960808,1.56590628,1.3406593406593406
DB00755,233,1,train,0.0,5.0,0.391698,0.0,0.0,0.0,0.0,0.0,0.0,0.0,0.0,0.0,0.0,0.0,0.0,0.0,0.0,0.0
DB01142,99,1,train,58.0,0.0,0.0,0.5384615384615384,0.5789473684210527,0.0,0.93185514,0.8903157,0.89053106,0.7183098591549296,0.0,0.0,0.0,0.0,0.0,0.0,0.0,0.0
DB00619,345,1,train,5.0,4.0,0.598628,0.25,0.3968253968253968,0.0,0.9179902,0.92712677,0.8462158,0.4697986577181208,2.9931400000000004,1.0,1.5873015873015872,0.0,3.6719608,3.70850708,3.3848632,1.8791946308724832
DB00993,107,1,train,7.0,6.0,0.398806,0.0,0.0909090909090909,0.0,0.86076975,0.90549654,0.83908343,0.091743119266055,2.791642,0.0,0.5454545454545454,0.0,5.1646185,5.43297924,5.03450058,0.55045871559633
DB00835,362,1,train,37.0,4.0,0.998501,0.8571428571428571,0.5882352941176471,1.0,0.89564866,0.9099112,0.91806746,0.5857142857142857,36.944537,3.4285714285714284,2.3529411764705883,4.0,3.58259464,3.6396448,3.67226984,2.342857142857143
DB00745,64,1,train,2.0,3.0,0.049428,0.2,0.1538461538461538,0.0,0.7261605,0.86448,0.77669585,0.2615384615384615,0.098856,0.6000000000000001,0.4615384615384614,0.0,2.1784815,2.59344,2.33008755,0.7846153846153845
DB01235,390,1,train,9.0,8.0,0.997595,0.4285714285714285,0.2758620689655172,0.0,0.9072975,0.8449334,0.7773247,0.2297297297297297,8.978355,3.428571428571428,2.206896551724137,0.0,7.25838,6.7594672,6.2185976,1.8378378378378373
DB01204,99,1,train,58.0,6.0,0.25363,0.0,0.1929824561403508,0.0,0.8578223,0.7639499,0.8275019,0.1680672268907563,14.710540000000002,0.0,1.1578947368421049,0.0,5.1469338,4.5836994,4.9650114,1.0084033613445378
DB00903,251,1,train,4.0,4.0,0.260579,0.1666666666666666,0.2682926829268293,0.0,0.9719908,0.9092256,0.861453,0.19,1.042316,0.6666666666666664,1.0731707317073171,0.0,3.8879632,3.6369024,3.445812,0.76
DB00398,158,1,train,1.0,3.0,0.255145,0.0,0.2916666666666667,0.0,0.7629931,0.7623632,0.76373094,0.1016949152542373,0.255145,0.0,0.875,0.0,2.2889793,2.2870896,2.29119282,0.3050847457627119
DB00912,41,1,train,11.0,2.0,0.544787,0.6666666666666666,0.3666666666666666,0.0,0.88335764,0.99845624,1.0000001,0.2764227642276423,5.992657,1.3333333333333333,0.7333333333333332,0.0,1.76671528,1.99691248,2.0000002,0.5528455284552846
DB01073,280,1,train,32.0,4.0,0.14916,0.3333333333333333,0.4242424242424242,0.0,0.7284844,0.8903172,0.9206786,0.5211267605633803,4.77312,1.3333333333333333,1.6969696969696968,0.0,2.9139376,3.5612688,3.6827144,2.084507042253521
DB01219,111,1,train,0.0,12.0,0.994658,0.0,0.0,0.0,0.0,0.0,0.0,0.0,0.0,0.0,0.0,0.0,0.0,0.0,0.0,0.0
DB00404,133,1,train,9.0,1.0,0.098473,1.0,0.4736842105263157,0.0,0.9290254,0.73802567,0.8636464,0.3516483516483517,0.8862570000000001,1.0,0.4736842105263157,0.0,0.9290254,0.73802567,0.8636464,0.3516483516483517
DB00316,396,1,train,10.0,2.0,0.204518,0.0,0.1666666666666666,0.5,0.91190493,0.8695919,0.7639786,0.26,2.04518,0.0,0.3333333333333332,1.0,1.82380986,1.7391838,1.5279572,0.52
DB00175,80,1,train,7.0,1.0,0.233178,1.0,0.3125,0.0,0.997542,0.9508669,0.9148442,0.4770642201834862,1.632246,1.0,0.3125,0.0,0.997542,0.9508669,0.9148442,0.4770642201834862
DB01162,99,1,train,58.0,6.0,0.07567,0.8571428571428571,0.5555555555555556,0.0,0.96667135,0.927989,0.8210248,0.6509433962264151,4.38886,5.142857142857142,3.333333333333333,0.0,5.8000281000000005,5.567933999999999,4.9261488,3.9056603773584895
DB00635,154,1,train,0.0,22.0,0.371919,0.0,0.0,0.0,0.0,0.0,0.0,0.0,0.0,0.0,0.0,0.0,0.0,0.0,0.0,0.0
DB01395,351,1,train,10.0,1.0,0.142771,0.4,0.3846153846153846,1.0,0.8530624,0.92921245,0.878592,0.4766355140186916,1.42771,0.4,0.3846153846153846,1.0,0.8530624,0.92921245,0.878592,0.4766355140186916
DB01043,391,1,train,3.0,7.0,0.568937,0.1794871794871795,0.1818181818181818,0.0,0.9290007,0.88436055,0.8885206,0.073394495412844,1.706811,1.2564102564102564,1.2727272727272725,0.0,6.5030049000000005,6.19052385,6.2196442,0.513761467889908
DB01144,69,1,train,10.0,0.0,0.0,0.8,0.6190476190476191,0.0,0.9246763,0.91931397,0.83085793,0.2,0.0,0.0,0.0,0.0,0.0,0.0,0.0,0.0
DB00313,8,1,train,7.0,7.0,0.340311,0.2702702702702703,0.2377049180327868,0.0,0.92790544,0.82896566,0.8796562,0.0769230769230769,2.382177,1.891891891891892,1.6639344262295075,0.0,6.49533808,5.802759620000001,6.1575934,0.5384615384615383
DB00653,199,1,train,12.0,2.0,0.030897,0.2727272727272727,0.1692307692307692,0.0,0.7493657,0.72349507,0.8230159,0.125,0.370764,0.5454545454545454,0.3384615384615384,0.0,1.4987314,1.44699014,1.6460318,0.25
DB01197,196,1,train,11.0,4.0,0.135348,0.0,0.1904761904761904,0.0,0.931001,0.68491906,0.9008596,0.125,1.488828,0.0,0.7619047619047616,0.0,3.724004,2.73967624,3.6034384,0.5
DB02546,280,1,train,32.0,0.0,0.0,0.0,0.2692307692307692,0.0,0.8957392,0.89955044,0.0,0.1707317073170731,0.0,0.0,0.0,0.0,0.0,0.0,0.0,0.0
DB00620,362,1,train,37.0,13.0,0.944425,1.0,0.5,0.0,0.9309014,0.9251488,0.8344381,0.8518518518518519,34.943725,13.0,6.5,0.0,12.1017182,12.0269344,10.8476953,11.074074074074074
DB01367,134,1,train,14.0,1.0,0.464046,0.0,0.2424242424242424,0.0,0.90576965,0.87324107,0.8483241,0.1904761904761904,6.496644,0.0,0.2424242424242424,0.0,0.90576965,0.87324107,0.8483241,0.1904761904761904
DB01296,376,1,train,15.0,4.0,0.036339,0.0,0.1304347826086956,0.0,0.7971834,0.86031616,0.8818701,0.0666666666666666,0.545085,0.0,0.5217391304347824,0.0,3.1887336,3.44126464,3.5274804,0.2666666666666664
DB01132,318,1,train,12.0,2.0,0.592596,0.3333333333333333,0.6216216216216216,0.0,0.9473942,0.90435755,0.9206743,0.6,7.111152000000001,0.6666666666666666,1.2432432432432432,0.0,1.8947884,1.8087151,1.8413486,1.2
DB00364,18,1,train,13.0,2.0,0.068205,0.0,0.2222222222222222,0.0,0.83227694,0.77088636,0.7919572,0.0403225806451612,0.886665,0.0,0.4444444444444444,0.0,1.66455388,1.54177272,1.5839144,0.0806451612903224
DB00563,54,1,train,2.0,20.0,0.658916,0.0,0.1538461538461538,0.0,0.86313844,0.79212,0.773592,0.091743119266055,1.317832,0.0,3.076923076923076,0.0,17.2627688,15.8424,15.471839999999998,1.8348623853211
DB01043,37,1,train,10.0,7.0,0.519935,0.1794871794871795,0.2285714285714285,0.0,0.917118,0.89802355,0.8924896,0.0909090909090909,5.199350000000001,1.2564102564102564,1.5999999999999996,0.0,6.419826,6.2861648500000005,6.2474272,0.6363636363636362
DB00141,392,1,train,20.0,2.0,0.776582,0.0,0.375,0.0,0.6274058,0.76985353,0.0,0.1142857142857142,15.53164,0.0,0.75,0.0,1.2548116,1.53970706,0.0,0.2285714285714284
DB00586,73,1,train,28.0,7.0,0.640926,1.0,0.4782608695652174,0.0,0.993439,0.8828403,0.8739183,0.5652173913043478,17.945928,7.0,3.347826086956522,0.0,6.954072999999999,6.1798821,6.117428100000001,3.9565217391304346
DB01005,360,1,train,6.0,4.0,0.335419,0.3333333333333333,0.2195121951219512,0.0,0.8872075,0.8653855,0.58106863,0.0535714285714285,2.0125140000000004,1.3333333333333333,0.8780487804878048,0.0,3.54883,3.461542,2.32427452,0.214285714285714
DB00788,55,1,train,3.0,9.0,0.362897,0.1818181818181818,0.4761904761904761,0.0,0.8213408,0.85253674,0.8704864,0.3333333333333333,1.088691,1.6363636363636362,4.285714285714285,0.0,7.3920672,7.67283066,7.8343776,3.0
DB00146,130,1,train,8.0,3.0,0.401042,1.0,0.5454545454545454,0.0,0.9905644,0.91424996,0.80104303,0.7954545454545454,3.208336,3.0,1.6363636363636362,0.0,2.9716932,2.74274988,2.40312909,2.386363636363636
DB00960,124,1,train,68.0,1.0,0.271532,1.0,0.7575757575757576,0.0,0.9570017,0.91444564,0.88559204,0.640625,18.464176,1.0,0.7575757575757576,0.0,0.9570017,0.91444564,0.88559204,0.640625
DB00215,152,1,train,3.0,4.0,0.173641,0.1111111111111111,0.2535211267605634,0.0,0.85830796,0.8984012,0.88879406,0.2909090909090909,0.520923,0.4444444444444444,1.0140845070422535,0.0,3.43323184,3.5936048,3.55517624,1.1636363636363636
DB00996,387,1,train,3.0,12.0,0.96451,0.125,0.1875,0.0,0.9472614,0.8393383,0.9071015,0.1607142857142857,2.89353,1.5,2.25,0.0,11.3671368,10.0720596,10.885218,1.9285714285714284
DB00650,143,1,train,1.0,2.0,0.183128,0.0,0.0,0.0,0.7251995,0.6961546,0.60890007,0.0357142857142857,0.183128,0.0,0.0,0.0,1.450399,1.3923092,1.21780014,0.0714285714285714
DB00763,279,1,train,3.0,1.0,0.563456,1.0,0.2195121951219512,0.0,0.8189214,0.92357063,0.8256046,0.1395348837209302,1.690368,1.0,0.2195121951219512,0.0,0.8189214,0.92357063,0.8256046,0.1395348837209302
DB00433,262,1,train,3.0,4.0,0.17153,0.4285714285714285,0.288135593220339,0.0,0.85830796,0.9429286,0.88879406,0.1949152542372881,0.51459,1.714285714285714,1.152542372881356,0.0,3.43323184,3.7717144,3.55517624,0.7796610169491524
DB00771,212,1,train,4.0,1.0,0.222022,0.2,0.2051282051282051,0.0,0.9468157,0.817928,0.7903474,0.2735849056603773,0.888088,0.2,0.2051282051282051,0.0,0.9468157,0.817928,0.7903474,0.2735849056603773
DB00413,1,1,train,8.0,9.0,0.273099,0.5,0.2368421052631578,0.0,0.9690101,0.812052,0.83248734,0.1818181818181818,2.184792,4.5,2.1315789473684204,0.0,8.7210909,7.308467999999999,7.49238606,1.6363636363636362
DB00881,94,1,train,13.0,2.0,0.384394,1.0,0.6875,0.0,0.9688097,0.89143634,0.84286064,0.6964285714285714,4.997122,2.0,1.375,0.0,1.9376194,1.78287268,1.68572128,1.3928571428571428
DB00563,106,1,train,4.0,20.0,0.274284,0.0,0.0952380952380952,0.0,0.84283483,0.8848363,0.810834,0.1020408163265306,1.097136,0.0,1.904761904761904,0.0,16.8566966,17.696726,16.21668,2.040816326530612
DB00494,364,1,train,10.0,8.0,0.575251,1.0,0.5,0.0,0.9435791,0.90381527,0.85180104,0.3493975903614458,5.752509999999999,8.0,4.0,0.0,7.5486328,7.23052216,6.81440832,2.7951807228915664
DB00213,314,1,train,8.0,2.0,0.430743,1.0,0.7222222222222222,0.0,0.9547297,0.98795,0.8824972,0.5730337078651685,3.445944,2.0,1.4444444444444444,0.0,1.9094594,1.9759,1.7649944,1.146067415730337
DB04844,75,1,train,1.0,0.0,0.0,0.0,0.032258064516129,0.0,0.8108102,0.8345404,0.5149745,0.0736842105263157,0.0,0.0,0.0,0.0,0.0,0.0,0.0,0.0
DB00868,396,1,train,10.0,0.0,0.0,0.0476190476190476,0.125,0.0,0.8195197,0.79788417,0.7816175,0.1333333333333333,0.0,0.0,0.0,0.0,0.0,0.0,0.0,0.0
DB00163,10,1,train,5.0,10.0,0.667457,0.0,0.0851063829787234,0.0,0.66172546,0.8491696,0.79183537,0.099236641221374,3.337285,0.0,0.851063829787234,0.0,6.6172546,8.491696,7.918353700000001,0.99236641221374
DB00541,239,1,train,11.0,11.0,0.370803,0.0,0.2909090909090909,0.0,0.9437053,0.8804214,0.7689041,0.1834061135371179,4.078833,0.0,3.2,0.0,10.3807583,9.6846354,8.4579451,2.0174672489082965
DB00884,3,1,train,10.0,3.0,0.303915,0.5,0.6666666666666666,0.0,0.93061906,0.9826821,0.7690644,0.5178571428571429,3.03915,1.5,2.0,0.0,2.79185718,2.9480463,2.3071932,1.5535714285714288
DB01611,335,1,train,2.0,4.0,0.629715,0.0,0.0615384615384615,0.0,0.8291003,0.7656964,0.83959144,0.1111111111111111,1.25943,0.0,0.246153846153846,0.0,3.3164012,3.0627856,3.35836576,0.4444444444444444
DB00620,156,1,train,5.0,13.0,0.246839,1.0,0.4418604651162791,0.0,0.9309014,0.8535798,0.76932895,0.8518518518518519,1.234195,13.0,5.744186046511628,0.0,12.1017182,11.0965374,10.00127635,11.074074074074074
DB00776,385,1,train,4.0,6.0,0.789669,0.2682926829268293,0.1944444444444444,0.0,0.9450351,0.8893937,0.87609833,0.2375,3.158676,1.6097560975609757,1.1666666666666663,0.0,5.6702106,5.3363622,5.25658998,1.4249999999999998
DB00672,43,1,train,14.0,3.0,0.592596,0.5,0.9,0.0,0.98871803,0.99226725,0.90891933,0.6666666666666666,8.296344,1.5,2.7,0.0,2.96615409,2.97680175,2.7267579900000003,2.0
DB00635,107,1,train,7.0,22.0,0.371919,1.0,0.5,0.0,0.8909983,0.9295207,0.9588356,0.7108433734939759,2.603433,22.0,11.0,0.0,19.6019626,20.4494554,21.0943832,15.638554216867467
DB00153,61,1,train,1.0,6.0,0.559837,0.037037037037037,0.631578947368421,0.0,0.554062,0.8701512,0.789062,0.7391304347826086,0.559837,0.222222222222222,3.789473684210526,0.0,3.3243720000000003,5.2209072,4.7343720000000005,4.434782608695652
DB00887,124,1,train,68.0,7.0,0.271532,0.4,0.6578947368421053,0.0,0.9719908,0.92419195,0.8727764,0.3695652173913043,18.464176,2.8000000000000003,4.605263157894737,0.0,6.8039356,6.46934365,6.1094348,2.5869565217391304
DB00382,9,1,train,7.0,7.0,0.419075,0.6666666666666666,0.4666666666666667,0.0,0.9344021,0.8895457,0.95241237,0.1792452830188679,2.933525,4.666666666666666,3.2666666666666666,0.0,6.5408147,6.2268199,6.66688659,1.2547169811320753
DB00482,99,1,train,58.0,9.0,0.104583,0.1428571428571428,0.3877551020408163,0.0,0.938808,0.93078953,0.88903975,0.2432432432432432,6.065814,1.2857142857142851,3.4897959183673466,0.0,8.449272,8.37710577,8.00135775,2.1891891891891886
DB00794,273,1,train,2.0,13.0,0.605439,0.1372549019607843,0.1212121212121212,0.0,0.9390334,0.91095,0.77172816,0.2352941176470588,1.210878,1.784313725490196,1.5757575757575757,0.0,12.2074342,11.84235,10.03246608,3.0588235294117645
DB00819,228,1,train,6.0,6.0,0.203291,0.1794871794871795,0.1764705882352941,0.0,0.8365395,0.82520354,0.7798366,0.1587301587301587,1.219746,1.0769230769230769,1.0588235294117645,0.0,5.019237,4.95122124,4.6790196,0.952380952380952
DB00794,53,1,train,0.0,13.0,0.577881,0.0,0.0,0.0,0.0,0.0,0.0,0.0,0.0,0.0,0.0,0.0,0.0,0.0,0.0,0.0
DB01086,131,1,train,5.0,0.0,0.0,0.0,0.0686274509803921,0.0,0.7780845,0.65254056,0.77002835,0.1234567901234567,0.0,0.0,0.0,0.0,0.0,0.0,0.0,0.0
DB01110,27,1,train,4.0,1.0,0.516451,0.0422535211267605,0.4166666666666667,0.0,0.9537189,0.8774746,0.8682194,0.2393162393162393,2.065804,0.0422535211267605,0.4166666666666667,0.0,0.9537189,0.8774746,0.8682194,0.2393162393162393
DB00492,405,1,train,54.0,3.0,0.271532,1.0,0.68,0.0,0.9688097,1.0000001,0.9311229,0.4626865671641791,14.662728,3.0,2.04,0.0,2.9064291,3.0000003,2.7933687,1.388059701492537
DB01261,43,1,train,14.0,3.0,0.592596,0.0,0.3214285714285714,0.0,0.94521916,0.8351418,0.8825818,0.1342281879194631,8.296344,0.0,0.9642857142857142,0.0,2.83565748,2.5054254,2.6477454,0.4026845637583892
DB01219,325,1,train,4.0,12.0,0.29204,0.0,0.1612903225806451,0.0,0.84127784,0.79697275,0.85967034,0.2079207920792079,1.16816,0.0,1.935483870967741,0.0,10.09533408,9.563673,10.31604408,2.495049504950495
DB00635,245,1,train,6.0,22.0,0.276707,0.2,0.4044943820224719,0.0,0.8977033,0.9295207,0.8765129,0.4455445544554455,1.6602419999999998,4.4,8.898876404494382,0.0,19.7494726,20.4494554,19.2832838,9.801980198019802
DB00997,239,1,train,11.0,13.0,0.368182,0.5,0.6818181818181818,0.0,0.9376034,0.9161835,0.91098905,0.8828828828828829,4.050002,6.5,8.863636363636363,0.0,12.1888442,11.9103855,11.84285765,11.477477477477477
DB00704,7,1,train,4.0,0.0,0.0,0.0,0.1666666666666666,0.0,0.8810789,0.81420034,0.78345823,0.099009900990099,0.0,0.0,0.0,0.0,0.0,0.0,0.0,0.0
DB01202,386,1,train,3.0,9.0,0.819887,0.125,0.1944444444444444,0.0,0.9472614,0.8393383,0.87609833,0.1607142857142857,2.459661,1.125,1.7499999999999996,0.0,8.5253526,7.554044699999999,7.88488497,1.4464285714285712
DB00788,181,1,train,16.0,9.0,0.453417,0.6666666666666666,0.6326530612244898,0.0,0.9722893,0.94433886,0.90236974,0.4477611940298507,7.254672,6.0,5.6938775510204085,0.0,8.750603700000001,8.49904974,8.12132766,4.029850746268656
DB01162,81,1,train,3.0,6.0,0.125705,0.3,0.087719298245614,0.0,0.8636223,0.7980658,0.678208,0.12,0.377115,1.7999999999999998,0.5263157894736841,0.0,5.1817338,4.788394800000001,4.069248,0.72
DB01216,17,1,train,0.0,4.0,0.328582,0.0,0.0,0.0,0.0,0.0,0.0,0.0,0.0,0.0,0.0,0.0,0.0,0.0,0.0,0.0
DB00585,163,1,train,14.0,2.0,0.164217,1.0,0.5,0.0,0.9647386,0.9276167,0.8822381,0.6111111111111112,2.299038,2.0,1.0,0.0,1.9294772,1.8552334,1.7644762,1.2222222222222223
DB00691,94,1,train,13.0,1.0,0.384394,1.0,0.7368421052631579,0.0,0.9204581,0.89686984,0.8422505,0.6964285714285714,4.997122,1.0,0.7368421052631579,0.0,0.9204581,0.89686984,0.8422505,0.6964285714285714
DB00331,43,1,train,14.0,6.0,0.592596,0.0,0.238095238095238,0.0,0.91880995,0.90083176,0.9206743,0.0617283950617283,8.296344,0.0,1.428571428571428,0.0,5.5128597,5.40499056,5.5240458,0.3703703703703698
DB00413,309,1,train,9.0,9.0,0.432114,0.4285714285714285,0.5,0.0,0.97908425,0.84647477,0.89800316,0.1058823529411764,3.889026,3.857142857142856,4.5,0.0,8.81175825,7.618272930000001,8.08202844,0.9529411764705876
DB00575,124,1,train,68.0,10.0,0.271532,0.75,0.3703703703703703,0.0,0.90368474,0.8611746,0.89352036,0.3846153846153846,18.464176,7.5,3.703703703703703,0.0,9.0368474,8.611746,8.9352036,3.846153846153846
DB00458,319,1,train,1.0,2.0,0.267834,0.0,0.0198019801980198,0.0,0.7331437,0.56273305,0.8327561,0.1223628691983122,0.267834,0.0,0.0396039603960396,0.0,1.4662874,1.1254661,1.6655122,0.2447257383966244
DB00343,382,1,train,9.0,1.0,0.107262,0.2,0.4084507042253521,0.0,0.8430214,0.90092033,0.84431356,0.2480620155038759,0.965358,0.2,0.4084507042253521,0.0,0.8430214,0.90092033,0.84431356,0.2480620155038759
DB00283,362,1,train,37.0,2.0,0.998501,1.0,0.4166666666666667,0.0,0.95683336,0.9977308,0.9276831,0.3679245283018867,36.944537,2.0,0.8333333333333334,0.0,1.91366672,1.9954616,1.8553662,0.7358490566037734
DB01029,41,1,train,11.0,5.0,0.544787,0.0,0.1333333333333333,0.0,0.8427886,0.81815684,0.77469087,0.2481203007518796,5.992657,0.0,0.6666666666666665,0.0,4.213943,4.0907842,3.87345435,1.240601503759398
DB00843,342,1,train,4.0,8.0,0.598796,0.1794871794871795,0.4545454545454545,0.0,0.92190737,0.86180466,0.8885206,0.2260869565217391,2.395184,1.435897435897436,3.636363636363636,0.0,7.37525896,6.89443728,7.1081648,1.8086956521739128
DB00880,124,1,train,68.0,5.0,0.271532,0.4,0.7142857142857143,0.0,0.9661298,0.9394111,0.8585136,0.5789473684210527,18.464176,2.0,3.571428571428572,0.0,4.830649,4.6970555,4.292568,2.8947368421052637
DB00014,329,1,train,2.0,3.0,0.508742,0.0,0.0697674418604651,0.0,0.86390144,0.8242564,0.59625906,0.0915032679738562,1.017484,0.0,0.2093023255813953,0.0,2.59170432,2.4727692,1.78877718,0.2745098039215686
DB00412,40,1,train,12.0,3.0,0.891319,0.125,0.2641509433962264,0.0,0.94778335,0.8498899,0.81285036,0.2388059701492537,10.695828,0.375,0.7924528301886793,0.0,2.84335005,2.5496697,2.43855108,0.716417910447761
DB00997,65,1,train,5.0,13.0,0.399542,0.0,0.2982456140350877,0.0,0.9454798,0.8572462,0.9037146,0.1875,1.99771,0.0,3.87719298245614,0.0,12.2912374,11.1442006,11.7482898,2.4375
DB00308,404,1,train,4.0,1.0,0.907779,0.1621621621621621,0.1842105263157894,0.0,0.8293929,0.85909474,0.81996214,0.4457831325301205,3.631116,0.1621621621621621,0.1842105263157894,0.0,0.8293929,0.85909474,0.81996214,0.4457831325301205
DB00848,280,1,train,32.0,0.0,0.0,0.1666666666666666,0.054054054054054,0.0,0.85580266,0.84354466,0.8354598,0.1707317073170731,0.0,0.0,0.0,0.0,0.0,0.0,0.0,0.0
DB00570,24,1,train,16.0,6.0,0.386246,0.0,0.3934426229508196,0.0,0.9217814,0.87862146,0.7429748,0.2086330935251798,6.179936,0.0,2.360655737704917,0.0,5.5306884,5.27172876,4.457848800000001,1.251798561151079
DB00273,99,1,train,58.0,5.0,0.133868,0.3333333333333333,0.1764705882352941,0.0,0.936764,0.8844857,0.8958371,0.1176470588235294,7.764343999999999,1.6666666666666663,0.8823529411764706,0.0,4.68382,4.4224285000000005,4.4791855,0.588235294117647
DB00324,287,1,train,0.0,0.0,0.0,0.0,0.0,0.0,0.0,0.0,0.0,0.0,0.0,0.0,0.0,0.0,0.0,0.0,0.0,0.0
DB00277,188,1,train,11.0,2.0,0.112017,0.25,0.6744186046511628,0.0,0.8726365,0.96066046,0.92486703,0.4430379746835443,1.232187,0.5,1.3488372093023255,0.0,1.745273,1.92132092,1.84973406,0.8860759493670886
DB00457,119,1,train,2.0,6.0,0.188077,0.4444444444444444,0.3846153846153846,0.0,0.82917917,0.8000811,0.7369526,0.6494845360824743,0.376154,2.6666666666666665,2.3076923076923075,0.0,4.97507502,4.8004866,4.4217156,3.8969072164948457
DB01013,106,1,train,4.0,1.0,0.158324,0.3333333333333333,0.4791666666666667,0.0,0.8973089,0.9295207,0.8602749,0.6597938144329897,0.633296,0.3333333333333333,0.4791666666666667,0.0,0.8973089,0.9295207,0.8602749,0.6597938144329897
DB00268,309,1,train,9.0,7.0,0.431181,0.4,0.5,0.0,0.97908425,0.87996083,0.8640535,0.1818181818181818,3.880629,2.8000000000000003,3.5,0.0,6.85358975,6.15972581,6.0483745,1.2727272727272725
DB00880,196,1,train,11.0,5.0,0.176911,0.6,0.75,0.0,0.9856367,0.98815125,0.9272133,0.5789473684210527,1.946021,3.0,3.75,0.0,4.9281835,4.94075625,4.6360665,2.8947368421052637
DB00376,259,1,train,15.0,5.0,0.472893,0.8,0.8333333333333334,0.0,0.9617435,0.87996083,0.77755946,0.953846153846154,7.093395,4.0,4.166666666666667,0.0,4.8087175,4.3998041500000005,3.8877973,4.76923076923077
DB01611,355,1,train,3.0,4.0,0.953982,0.0,0.0746268656716417,0.0,0.8291003,0.7656964,0.83959144,0.1111111111111111,2.861946,0.0,0.2985074626865668,0.0,3.3164012,3.0627856,3.35836576,0.4444444444444444
DB00731,40,1,train,12.0,3.0,0.891319,1.0,0.3103448275862069,0.0,0.9253195,0.8132019,0.8070407,0.2153846153846154,10.695828,3.0,0.9310344827586208,0.0,2.7759585,2.4396057,2.4211221000000003,0.6461538461538462
DB00749,73,1,train,28.0,4.0,0.776582,0.6666666666666666,0.6,0.0,0.967904,0.93078953,0.93209624,0.2307692307692307,21.744296,2.6666666666666665,2.4,0.0,3.871616,3.72315812,3.72838496,0.9230769230769228
DB01320,199,1,train,12.0,1.0,0.203291,0.5,0.4578313253012048,0.0,0.929987,0.9215255,0.82890964,0.5822784810126582,2.439492,0.5,0.4578313253012048,0.0,0.929987,0.9215255,0.82890964,0.5822784810126582
DB00770,375,1,train,1.0,0.0,0.0,0.0,0.0259740259740259,0.0,0.70100987,0.6105414,0.8137369,0.09,0.0,0.0,0.0,0.0,0.0,0.0,0.0,0.0
DB00268,390,1,train,9.0,7.0,0.755165,0.4,0.5,0.0,0.97908425,0.926803,0.8586558,0.2019230769230769,6.796485,2.8000000000000003,3.5,0.0,6.85358975,6.487621000000001,6.0105906,1.4134615384615383
DB00337,362,1,train,37.0,3.0,0.998501,0.0,0.1875,0.0,0.7293171,0.9251488,0.85748416,0.2027649769585253,36.944537,0.0,0.5625,0.0,2.1879513,2.7754464,2.57245248,0.6082949308755758
DB00973,83,1,train,2.0,1.0,0.50792,0.0,0.3404255319148936,0.0,0.85068846,0.8306494,0.89591503,0.2658227848101265,1.01584,0.0,0.3404255319148936,0.0,0.85068846,0.8306494,0.89591503,0.2658227848101265
DB00945,73,1,train,28.0,16.0,0.776582,0.0689655172413793,0.3673469387755102,0.0,0.8770615,0.8780837,0.8774673,0.5172413793103449,21.744296,1.1034482758620687,5.877551020408164,0.0,14.032984,14.0493392,14.0394768,8.275862068965518
DB00286,306,1,train,0.0,7.0,0.268468,0.0,0.0,0.0,0.0,0.0,0.0,0.0,0.0,0.0,0.0,0.0,0.0,0.0,0.0,0.0
DB00563,151,1,train,3.0,20.0,0.360728,0.0,0.1904761904761904,0.0,0.86313844,0.86424285,0.67971176,0.1644736842105263,1.082184,0.0,3.809523809523808,0.0,17.2627688,17.284857,13.5942352,3.289473684210526
DB00654,69,1,train,10.0,2.0,0.626537,0.3333333333333333,0.4827586206896552,0.0,0.8699374,0.8899895,0.8845833,0.5779816513761468,6.26537,0.6666666666666666,0.9655172413793104,0.0,1.7398748,1.779979,1.7691666,1.1559633027522935
DB01628,73,1,train,28.0,2.0,0.776582,0.5,0.4878048780487805,0.0,0.87233466,0.89611596,0.8106031,0.3529411764705882,21.744296,1.0,0.975609756097561,0.0,1.74466932,1.79223192,1.6212062,0.7058823529411764
DB00115,137,1,train,1.0,0.0,0.0,0.4444444444444444,0.5294117647058824,0.0,0.7535566,0.8498868,0.80401385,0.4660766961651917,0.0,0.0,0.0,0.0,0.0,0.0,0.0,0.0
DB00470,16,1,train,3.0,0.0,0.0,0.0,0.1666666666666666,0.0,0.867435,0.67212874,0.6050441,0.1764705882352941,0.0,0.0,0.0,0.0,0.0,0.0,0.0,0.0
DB01202,228,1,train,6.0,9.0,0.320557,0.0,0.1538461538461538,0.0,0.90974724,0.7799572,0.8755033,0.1372549019607843,1.923342,0.0,1.384615384615384,0.0,8.18772516,7.0196148,7.8795297,1.2352941176470589
DB00588,362,1,train,37.0,3.0,0.944425,0.75,0.5208333333333334,0.0,0.92196244,0.8410945,0.89617467,0.7614678899082569,34.943725,2.25,1.5625,0.0,2.76588732,2.5232835,2.68852401,2.2844036697247705
DB01162,405,1,train,54.0,6.0,0.271532,0.8571428571428571,0.5555555555555556,0.0,0.95816654,0.90461755,0.7745735,0.6509433962264151,14.662728,5.142857142857142,3.333333333333333,0.0,5.74899924,5.4277053,4.647441000000001,3.9056603773584895
DB01077,341,1,train,4.0,0.0,0.0,0.25,0.875,0.0,0.9951212,1.0,0.8401509,0.475,0.0,0.0,0.0,0.0,0.0,0.0,0.0,0.0
DB00321,243,1,train,9.0,2.0,0.327594,0.3725490196078431,0.3222222222222222,0.0,0.9382738,0.86004114,0.8390437,0.25,2.948346,0.7450980392156862,0.6444444444444444,0.0,1.8765476,1.72008228,1.6780874,0.5
DB00795,271,1,train,8.0,1.0,0.145522,0.5,0.3023255813953488,0.0,0.9339493,0.8638661,0.6966585,0.495049504950495,1.164176,0.5,0.3023255813953488,0.0,0.9339493,0.8638661,0.6966585,0.495049504950495
DB00218,183,1,train,27.0,0.0,0.0,0.5,0.4871794871794871,0.0,0.91240764,0.9277305,0.8335029,0.4166666666666667,0.0,0.0,0.0,0.0,0.0,0.0,0.0,0.0
DB00589,259,1,train,15.0,6.0,0.517447,0.9333333333333332,0.3902439024390244,0.0,0.79503286,0.88148415,0.84428847,0.35,7.761705,5.6,2.341463414634146,0.0,4.77019716,5.2889049,5.06573082,2.1
DB01072,16,1,train,3.0,0.0,0.0,0.0,0.1666666666666666,0.0,0.83515,0.65826964,0.8062734,0.1082474226804123,0.0,0.0,0.0,0.0,0.0,0.0,0.0,0.0
DB00719,359,1,train,36.0,4.0,0.944425,1.0,0.6111111111111112,0.0,0.96377206,0.91835994,0.9682553,0.5476190476190477,33.9993,4.0,2.4444444444444446,0.0,3.85508824,3.67343976,3.8730212,2.1904761904761907
DB01364,183,1,train,27.0,1.0,0.38905,0.5,0.3888888888888889,0.0,0.95777225,0.8820653,0.832207,1.0,10.50435,0.5,0.3888888888888889,0.0,0.95777225,0.8820653,0.832207,1.0
DB00651,322,1,train,21.0,2.0,0.38905,0.25,0.4166666666666667,0.0,0.9313549,0.9098119,0.92486703,0.4310344827586206,8.17005,0.5,0.8333333333333334,0.0,1.8627098,1.8196238,1.84973406,0.8620689655172412
DB00222,40,1,train,12.0,2.0,0.891319,0.6666666666666666,0.7058823529411765,0.0,0.9524824,0.8498899,0.89974564,0.5041322314049587,10.695828,1.3333333333333333,1.411764705882353,0.0,1.9049648,1.6997798,1.79949128,1.008264462809917
DB00424,312,1,train,12.0,7.0,0.542604,0.8,0.1764705882352941,0.0,0.8049853,0.8214824,0.74584514,0.2448979591836734,6.511248,5.6000000000000005,1.2352941176470589,0.0,5.6348971,5.7503768,5.22091598,1.714285714285714
DB01222,322,1,train,21.0,5.0,0.38905,0.5,0.4150943396226415,1.0,0.9224514,0.8973041,0.8089472,0.5740740740740741,8.17005,2.5,2.0754716981132075,5.0,4.6122570000000005,4.4865205,4.044736,2.8703703703703702
DB00424,174,1,train,13.0,7.0,0.165034,0.0,0.1774193548387097,0.0,0.86567175,0.83906,0.8291145,0.21875,2.145442,0.0,1.2419354838709675,0.0,6.05970225,5.87342,5.8038015,1.53125
DB00861,99,1,train,58.0,4.0,0.146914,1.0,0.5806451612903226,0.0,0.9536432,0.8652744,0.8983468,0.3571428571428571,8.521011999999999,4.0,2.3225806451612905,0.0,3.8145728,3.4610976,3.5933872,1.4285714285714284
DB00590,174,1,train,13.0,4.0,0.129576,0.8571428571428571,0.5555555555555556,0.0,0.868598,0.91213095,0.8636656,0.6509433962264151,1.684488,3.4285714285714284,2.2222222222222223,0.0,3.474392,3.6485238,3.4546624,2.60377358490566
DB00571,21,1,train,5.0,6.0,0.241262,0.6,0.5208333333333334,0.0,0.93981755,0.86795735,0.8891554,0.4459459459459459,1.20631,3.6,3.125,0.0,5.6389053,5.207744099999999,5.3349324000000005,2.6756756756756754
DB00323,312,1,train,12.0,7.0,0.517447,1.0,0.5,0.0,0.9435791,0.90381527,0.8131242,0.3493975903614458,6.209364,7.0,3.5,0.0,6.6050537,6.32670689,5.6918694,2.4457831325301207
DB00773,277,1,train,4.0,1.0,0.205777,0.0,0.3728813559322034,0.0,0.89904886,0.8599727,0.9095218,0.1405622489959839,0.823108,0.0,0.3728813559322034,0.0,0.89904886,0.8599727,0.9095218,0.1405622489959839
DB00414,41,1,train,11.0,3.0,0.544787,0.5,0.8888888888888888,0.0,0.7012025,0.9387632,0.93329906,0.5684210526315789,5.992657,1.5,2.6666666666666665,0.0,2.1036075,2.8162896,2.79989718,1.7052631578947368
DB00472,133,1,train,9.0,3.0,0.1085,0.1818181818181818,0.5245901639344263,0.0,0.9326968,0.8690618,0.8682329,0.3010752688172043,0.9765,0.5454545454545454,1.5737704918032789,0.0,2.7980904,2.6071854,2.6046987,0.903225806451613
DB01020,18,1,train,13.0,0.0,0.0,0.0,0.6818181818181818,0.0,0.8483594,0.9011388,0.93195105,0.6,0.0,0.0,0.0,0.0,0.0,0.0,0.0,0.0
DB00451,279,1,train,3.0,3.0,0.563106,0.4,0.2962962962962963,0.0,0.89130783,0.87396693,0.8185723,0.726027397260274,1.689318,1.2000000000000002,0.8888888888888888,0.0,2.67392349,2.62190079,2.4557169,2.178082191780822
DB00952,379,1,train,3.0,0.0,0.0,1.0,0.7931034482758621,0.0,0.9965521,0.99454373,0.9530619,0.4457831325301205,0.0,0.0,0.0,0.0,0.0,0.0,0.0,0.0
DB00199,351,1,train,10.0,0.0,0.0,0.0,0.2295081967213114,0.0,0.86971396,0.91462046,0.8889703,0.1481481481481481,0.0,0.0,0.0,0.0,0.0,0.0,0.0,0.0
DB00427,362,1,train,37.0,4.0,0.998501,1.0,0.5882352941176471,0.0,0.8145875,0.99706984,0.99999994,0.2888888888888888,36.944537,4.0,2.3529411764705883,0.0,3.25835,3.98827936,3.99999976,1.1555555555555552
DB00305,20,1,train,4.0,1.0,0.130349,0.0,0.2758620689655172,0.0,0.82970345,0.8870285,0.85578793,0.1534090909090909,0.521396,0.0,0.2758620689655172,0.0,0.82970345,0.8870285,0.85578793,0.1534090909090909
DB00917,218,1,train,1.0,0.0,0.0,0.0,0.0983606557377049,0.3333333333333333,0.6930823,0.6869148,0.6213144,0.1188811188811188,0.0,0.0,0.0,0.0,0.0,0.0,0.0,0.0
DB01177,345,1,train,5.0,3.0,0.598628,0.25,0.4523809523809524,0.0,0.8707633,0.91194624,0.887109,0.7142857142857143,2.9931400000000004,0.75,1.3571428571428572,0.0,2.6122899,2.7358387200000003,2.661327,2.142857142857143
DB00640,173,1,train,1.0,0.0,0.0,0.0,0.073170731707317,0.0,0.4996062,0.6076043,0.5867297,0.7313432835820896,0.0,0.0,0.0,0.0,0.0,0.0,0.0,0.0
DB08802,362,1,train,37.0,2.0,0.998501,1.0,0.5714285714285714,0.0,0.96694505,0.9977308,0.90347254,0.3636363636363636,36.944537,2.0,1.1428571428571428,0.0,1.9338901,1.9954616,1.80694508,0.7272727272727272
DB00997,274,1,train,4.0,13.0,0.235591,0.0,0.2711864406779661,0.0,0.90428233,0.8987232,0.7049333,0.1759656652360515,0.942364,0.0,3.5254237288135597,0.0,11.75567029,11.6834016,9.1641329,2.28755364806867
DB00461,128,1,train,21.0,3.0,0.640926,1.0,0.6,0.0,0.98254085,0.91506386,0.88422745,0.5833333333333334,13.459446,3.0,1.7999999999999998,0.0,2.94762255,2.74519158,2.65268235,1.75
DB00620,107,1,train,7.0,13.0,0.27647,1.0,0.5081967213114754,0.0,0.9309014,0.89993966,0.76932895,0.8518518518518519,1.93529,13.0,6.606557377049181,0.0,12.1017182,11.69921558,10.00127635,11.074074074074074
DB00759,347,1,train,32.0,6.0,0.494446,0.0,0.1470588235294117,0.0,0.8281178,0.7190655,0.78703994,0.1954887218045112,15.822272,0.0,0.8823529411764701,0.0,4.9687068,4.314393,4.72223964,1.1729323308270674
DB00843,354,1,train,6.0,8.0,0.642964,0.1794871794871795,0.4545454545454545,0.0,0.9344021,0.86180466,0.90646344,0.2260869565217391,3.857784,1.435897435897436,3.636363636363636,0.0,7.4752168,6.89443728,7.25170752,1.8086956521739128
DB01238,125,1,train,10.0,1.0,0.300679,0.5555555555555556,0.5806451612903226,0.0,0.95027983,0.90024436,0.768114,0.3149606299212598,3.00679,0.5555555555555556,0.5806451612903226,0.0,0.95027983,0.90024436,0.768114,0.3149606299212598
DB00641,83,1,train,2.0,2.0,0.737845,0.3333333333333333,0.6,0.0,0.996179,0.87413967,0.9854858,0.0844155844155844,1.47569,0.6666666666666666,1.2,0.0,1.992358,1.74827934,1.9709716,0.1688311688311688
DB00373,289,1,train,7.0,4.0,0.248173,0.3333333333333333,0.4489795918367347,0.0,0.9161925,0.84946537,0.7787154,0.1770833333333333,1.737211,1.3333333333333333,1.7959183673469388,0.0,3.66477,3.39786148,3.1148616,0.7083333333333331
DB00787,275,1,train,1.0,0.0,0.0,0.0,0.0,0.0,0.7793386,0.66279876,0.6805744,0.1358024691358024,0.0,0.0,0.0,0.0,0.0,0.0,0.0,0.0
DB08803,362,1,train,37.0,2.0,0.998501,0.0,0.1428571428571428,0.0,0.68473697,0.8509501,0.91173905,0.2558139534883721,36.944537,0.0,0.2857142857142856,0.0,1.36947394,1.7019002,1.8234781,0.5116279069767442
DB01064,322,1,train,21.0,2.0,0.38905,0.75,0.6578947368421053,0.0,0.8243432,0.90751415,0.83129656,0.7045454545454546,8.17005,1.5,1.3157894736842106,0.0,1.6486864,1.8150283,1.66259312,1.4090909090909092
DB00635,78,1,train,3.0,22.0,0.340088,0.0,0.0253164556962025,0.0,0.82549906,0.7001294,0.8162235,0.1130434782608695,1.020264,0.0,0.556962025316455,0.0,18.16097932,15.4028468,17.956917,2.486956521739129
DB00927,314,1,train,8.0,3.0,0.430743,1.0,0.5,0.0,0.9647386,0.7992595,0.8822381,0.2444444444444444,3.445944,3.0,1.5,0.0,2.8942158,2.3977785000000003,2.6467143,0.7333333333333332
DB00308,382,1,train,9.0,1.0,0.907779,0.2142857142857142,0.4285714285714285,0.0,0.92976284,0.8916168,0.8470202,0.4457831325301205,8.170011,0.2142857142857142,0.4285714285714285,0.0,0.92976284,0.8916168,0.8470202,0.4457831325301205
DB00945,13,1,train,1.0,16.0,0.416385,0.0,0.0789473684210526,0.0,0.7344237,0.8687529,0.76578367,0.2345679012345679,0.416385,0.0,1.2631578947368416,0.0,11.7507792,13.9000464,12.25253872,3.753086419753086
DB01148,278,1,train,3.0,2.0,0.685456,0.0,0.048780487804878,0.0,0.8426847,0.8968343,0.71491486,0.1983471074380165,2.056368,0.0,0.097560975609756,0.0,1.6853694,1.7936686,1.42982972,0.396694214876033
DB00869,334,1,train,10.0,2.0,0.381716,0.8,0.56,0.0,0.91922206,0.8899895,0.84448415,0.5555555555555556,3.81716,1.6,1.12,0.0,1.83844412,1.779979,1.6889683,1.1111111111111112
DB00695,129,1,train,3.0,9.0,0.284176,0.25,0.3902439024390244,0.0,0.9728829,0.87817466,0.8805765,0.23,0.852528,2.25,3.5121951219512195,0.0,8.7559461,7.90357194,7.9251885,2.0700000000000003
DB01157,16,1,train,3.0,0.0,0.0,0.0,0.0377358490566037,0.0,0.867435,0.6758849,0.8062734,0.1300813008130081,0.0,0.0,0.0,0.0,0.0,0.0,0.0,0.0
DB00521,124,1,train,68.0,1.0,0.114234,1.0,0.6756756756756757,0.0,0.9735255,0.8855394,0.8172897,0.6811594202898551,7.767912,1.0,0.6756756756756757,0.0,0.9735255,0.8855394,0.8172897,0.6811594202898551
DB00631,239,1,train,11.0,0.0,0.0,0.6666666666666666,0.59375,0.0,0.8604373,0.9305254,0.8973349,0.6666666666666666,0.0,0.0,0.0,0.0,0.0,0.0,0.0,0.0
DB00279,250,1,train,1.0,3.0,0.448602,0.4,0.2962962962962963,0.0,0.8913078,0.859533,0.8074635,0.726027397260274,0.448602,1.2000000000000002,0.8888888888888888,0.0,2.6739234,2.578599,2.4223905,2.178082191780822
DB00977,168,1,train,5.0,4.0,0.219469,0.3333333333333333,0.3333333333333333,0.25,0.8815255,0.93267953,0.85131645,0.4939759036144578,1.097345,1.3333333333333333,1.3333333333333333,1.0,3.526102,3.73071812,3.4052658,1.9759036144578312
DB00545,243,1,train,9.0,0.0,0.0,0.0,0.0566037735849056,0.0,0.8354445,0.8092603,0.86207384,0.1884057971014492,0.0,0.0,0.0,0.0,0.0,0.0,0.0,0.0
DB00179,12,1,train,5.0,0.0,0.0,0.0,0.1956521739130435,0.0,0.71887565,0.79464984,0.7785338,0.1935483870967742,0.0,0.0,0.0,0.0,0.0,0.0,0.0,0.0
DB01009,376,1,train,15.0,5.0,0.14574,0.6666666666666666,0.6170212765957447,0.0,0.9722893,0.94433886,0.97459346,0.625,2.1861,3.333333333333333,3.0851063829787235,0.0,4.8614465,4.7216943,4.8729673,3.125
DB00181,373,1,train,1.0,5.0,0.29204,0.0,0.1612903225806451,0.0,0.84127784,0.79697275,0.85967034,0.1195652173913043,0.29204,0.0,0.8064516129032255,0.0,4.2063892,3.98486375,4.2983517,0.5978260869565215
DB08906,362,1,train,37.0,3.0,0.944425,0.75,0.5208333333333334,0.0,0.9275812,0.8187501,0.8954212,0.7614678899082569,34.943725,2.25,1.5625,0.0,2.7827436,2.4562503,2.6862636,2.2844036697247705
DB00945,99,1,train,58.0,16.0,0.367839,0.1034482758620689,0.375,0.0,0.87833095,0.86628777,0.8874245,0.5121951219512195,21.334662,1.6551724137931023,6.0,0.0,14.0532952,13.86060432,14.198792,8.195121951219512
DB00788,117,1,train,20.0,9.0,0.133868,0.4,0.4761904761904761,0.0,0.86092734,0.90584606,0.8704864,0.3333333333333333,2.67736,3.6,4.285714285714285,0.0,7.74834606,8.15261454,7.8343776,3.0
DB00717,3,1,train,10.0,4.0,0.206558,0.0,0.3181818181818182,0.5,0.87065107,0.8312949,0.82623863,0.2934782608695652,2.06558,0.0,1.2727272727272727,2.0,3.48260428,3.3251796,3.30495452,1.1739130434782608
DB00788,56,1,train,3.0,9.0,0.362897,0.6666666666666666,0.4883720930232558,0.0,0.95482373,0.9253236,0.8704864,0.3333333333333333,1.088691,6.0,4.395348837209302,0.0,8.59341357,8.3279124,7.8343776,3.0
DB00987,208,1,train,10.0,7.0,0.551177,0.0,0.4166666666666667,0.0,0.9164607,0.851564,0.9206786,0.4852941176470588,5.51177,0.0,2.916666666666667,0.0,6.4152249,5.960948,6.4447502,3.397058823529412
DB00716,322,1,train,21.0,1.0,0.38905,0.1666666666666666,0.4375,0.0,0.88699913,0.87960535,0.8800426,0.3125,8.17005,0.1666666666666666,0.4375,0.0,0.88699913,0.87960535,0.8800426,0.3125
DB00861,73,1,train,28.0,4.0,0.640926,1.0,0.5862068965517241,0.0,0.957259,0.87691987,0.83800125,0.3943661971830985,17.945928,4.0,2.3448275862068964,0.0,3.829036,3.50767948,3.352005,1.577464788732394
DB00461,73,1,train,28.0,3.0,0.776582,1.0,0.6,0.0,0.98579603,0.91506386,0.8774673,0.5833333333333334,21.744296,3.0,1.7999999999999998,0.0,2.95738809,2.74519158,2.6324019,1.75
DB00163,37,1,train,10.0,10.0,0.519935,0.0,0.0851063829787234,0.0,0.6659326,0.851878,0.81540835,0.1129032258064516,5.199350000000001,0.0,0.851063829787234,0.0,6.659326,8.51878,8.1540835,1.129032258064516
DB01001,183,1,train,27.0,1.0,0.38905,1.0,0.6857142857142857,1.0,0.9566714,0.8848538,0.89939547,0.6071428571428571,10.50435,1.0,0.6857142857142857,1.0,0.9566714,0.8848538,0.89939547,0.6071428571428571
DB01577,76,1,train,9.0,3.0,0.131415,0.5263157894736842,0.6111111111111112,0.0,0.83658904,0.8933089,0.83274543,0.6388888888888888,1.182735,1.5789473684210529,1.8333333333333333,0.0,2.50976712,2.6799267,2.49823629,1.9166666666666663
DB00376,370,1,train,12.0,5.0,0.534972,0.6666666666666666,0.4444444444444444,0.0,0.9373575,0.87996083,0.77755946,0.2376237623762376,6.419664,3.333333333333333,2.2222222222222223,0.0,4.686787499999999,4.3998041500000005,3.8877973,1.188118811881188
DB00957,168,1,train,5.0,1.0,0.0,0.5,0.5227272727272727,0.3333333333333333,0.8815255,0.93267953,0.85131645,0.5164835164835165,0.0,0.5,0.5227272727272727,0.3333333333333333,0.8815255,0.93267953,0.85131645,0.5164835164835165
DB00819,196,1,train,11.0,6.0,0.160565,0.3333333333333333,0.2857142857142857,0.0,0.93324244,0.8718237,0.8080629,0.1818181818181818,1.766215,2.0,1.7142857142857142,0.0,5.59945464,5.230942199999999,4.8483774,1.0909090909090908
DB00674,408,1,train,5.0,7.0,0.803456,0.5,0.4666666666666667,0.0,0.9759848,0.76751757,0.89117604,0.2260869565217391,4.01728,3.5,3.2666666666666666,0.0,6.8318936,5.37262299,6.23823228,1.5826086956521737
DB01104,133,1,train,9.0,3.0,0.1085,0.5,0.5245901639344263,0.0,0.9326968,0.8771856,0.8337478,0.3033707865168539,0.9765,1.5,1.5737704918032789,0.0,2.7980904,2.6315568000000003,2.5012434,0.9101123595505616
DB00835,347,1,train,32.0,4.0,0.548052,0.8571428571428571,0.5882352941176471,1.0,0.89564866,0.9099112,0.91806746,0.6825396825396826,17.537664,3.4285714285714284,2.3529411764705883,4.0,3.58259464,3.6396448,3.67226984,2.7301587301587302
DB00334,149,1,train,16.0,2.0,0.300679,0.5,0.4875,0.0,0.9586023,0.90263635,0.8954123,0.5411764705882353,4.810864,1.0,0.975,0.0,1.9172046,1.8052727,1.7908246,1.0823529411764703
DB00489,382,1,train,9.0,1.0,0.907779,0.75,0.3181818181818182,0.0,0.8664458,0.8892661,0.8211022,0.4457831325301205,8.170011,0.75,0.3181818181818182,0.0,0.8664458,0.8892661,0.8211022,0.4457831325301205
DB00788,128,1,train,21.0,9.0,0.640926,0.6666666666666666,0.6326530612244898,0.0,0.9722893,0.94433886,0.90236974,0.5833333333333334,13.459446,6.0,5.6938775510204085,0.0,8.750603700000001,8.49904974,8.12132766,5.25
DB00929,163,1,train,14.0,1.0,0.0,0.0,0.2291666666666666,0.0,0.86968327,0.85664064,0.84665954,0.1452991452991453,0.0,0.0,0.2291666666666666,0.0,0.86968327,0.85664064,0.84665954,0.1452991452991453
DB01203,21,1,train,5.0,3.0,0.122982,1.0,0.5853658536585366,0.0,0.93981755,0.8854198,0.9146352,0.3255813953488372,0.61491,3.0,1.7560975609756095,0.0,2.81945265,2.6562594,2.7439056,0.9767441860465116
DB00996,352,1,train,2.0,12.0,0.445855,0.125,0.1875,0.0,0.9472614,0.8393383,0.8704157,0.1607142857142857,0.89171,1.5,2.25,0.0,11.3671368,10.0720596,10.4449884,1.9285714285714284
DB00482,142,1,train,0.0,9.0,0.721222,0.0,0.0,0.0,0.0,0.0,0.0,0.0,0.0,0.0,0.0,0.0,0.0,0.0,0.0,0.0
DB00515,247,1,train,9.0,6.0,0.374066,0.0,0.1842105263157894,0.0,0.8844034,0.8985078,0.9056767,0.0526315789473684,3.366594,0.0,1.1052631578947365,0.0,5.3064204,5.3910468,5.4340602,0.3157894736842104
DB01242,133,1,train,9.0,1.0,0.104273,0.2857142857142857,0.6133333333333333,0.0,0.91035414,0.87030894,0.81944156,0.7464788732394366,0.938457,0.2857142857142857,0.6133333333333333,0.0,0.91035414,0.87030894,0.81944156,0.7464788732394366
DB00993,271,1,train,8.0,6.0,0.398806,0.0,0.3428571428571428,0.0,0.8520804,0.8638661,0.7995355,0.2205882352941176,3.190448,0.0,2.057142857142857,0.0,5.112482399999999,5.1831966,4.797212999999999,1.3235294117647056
DB01045,235,1,train,1.0,0.0,0.0,0.0,0.0879120879120879,0.0,0.7189843,0.7696259,0.72979313,0.1099476439790576,0.0,0.0,0.0,0.0,0.0,0.0,0.0,0.0
DB01291,183,1,train,27.0,1.0,0.38905,1.0,0.7916666666666666,0.0,0.959131,0.9165648,0.80242,0.6071428571428571,10.50435,1.0,0.7916666666666666,0.0,0.959131,0.9165648,0.80242,0.6071428571428571
DB00204,382,1,train,9.0,1.0,0.218523,0.2,0.4285714285714285,0.0,0.92976284,0.8894558,0.8470202,0.3061224489795918,1.966707,0.2,0.4285714285714285,0.0,0.92976284,0.8894558,0.8470202,0.3061224489795918
DB08802,359,1,train,36.0,2.0,0.944425,1.0,0.5714285714285714,0.0,0.96694505,0.9923285,0.90347254,0.7014925373134329,33.9993,2.0,1.1428571428571428,0.0,1.9338901,1.984657,1.80694508,1.4029850746268655
DB01133,132,1,train,3.0,1.0,0.220587,0.0666666666666666,0.7,0.0,0.9000864,1.0,0.8431301,0.2941176470588235,0.661761,0.0666666666666666,0.7,0.0,0.9000864,1.0,0.8431301,0.2941176470588235
DB00455,358,1,train,36.0,2.0,0.998501,1.0,0.42,0.0,0.89948064,0.9073173,0.8481066,0.5714285714285714,35.946036,2.0,0.84,0.0,1.79896128,1.8146346,1.6962132,1.1428571428571428
DB00521,68,1,train,10.0,1.0,0.114234,1.0,0.7272727272727273,0.0,0.9336257,0.82561916,0.9620849,0.3295454545454545,1.14234,1.0,0.7272727272727273,0.0,0.9336257,0.82561916,0.9620849,0.3295454545454545
DB01084,359,1,train,36.0,3.0,0.944425,1.0,0.5294117647058824,0.0,0.95464355,0.8788483,0.8261181,0.2844036697247706,33.9993,3.0,1.5882352941176472,0.0,2.86393065,2.6365449,2.4783543,0.8532110091743118
DB00839,43,1,train,14.0,2.0,0.592596,0.6666666666666666,0.9,0.0,0.98871803,0.99226725,0.92676246,0.6133333333333333,8.296344,1.3333333333333333,1.8,0.0,1.97743606,1.9845345,1.85352492,1.2266666666666666
DB00987,19,1,train,8.0,7.0,0.302671,0.0,0.2972972972972973,0.0,0.9164607,0.8893016,0.8713949,0.2857142857142857,2.421368,0.0,2.081081081081081,0.0,6.4152249,6.225111200000001,6.0997643,2.0
DB00457,405,1,train,54.0,6.0,0.271532,0.7142857142857143,0.4193548387096774,0.0,0.90128124,0.8780556,0.8675866,0.6509433962264151,14.662728,4.285714285714286,2.516129032258064,0.0,5.40768744,5.2683336,5.2055196,3.9056603773584895
DB01204,44,1,train,7.0,6.0,0.25363,0.0,0.1428571428571428,0.0,0.8413339,0.8196934,0.78833246,0.1313868613138686,1.7754100000000002,0.0,0.8571428571428568,0.0,5.0480034,4.9181604,4.72999476,0.7883211678832116
DB00569,157,1,train,4.0,0.0,0.0,0.6666666666666666,0.3,0.0,0.81766796,0.8930502,0.75340545,0.6192307692307693,0.0,0.0,0.0,0.0,0.0,0.0,0.0,0.0
DB00563,25,1,train,3.0,20.0,0.442665,0.3333333333333333,0.2142857142857142,0.0,0.88675433,0.8020741,0.71350807,0.4122137404580153,1.327995,6.666666666666666,4.285714285714284,0.0,17.735086600000002,16.041482000000002,14.2701614,8.244274809160306
DB00366,100,1,train,6.0,1.0,0.106043,0.75,0.1964285714285714,0.0,0.86196345,0.84275687,0.7858996,0.3103448275862069,0.636258,0.75,0.1964285714285714,0.0,0.86196345,0.84275687,0.7858996,0.3103448275862069
DB01225,219,1,train,3.0,3.0,0.685456,0.0,0.037037037037037,0.0,0.8145876,0.85938746,0.7837155,0.0348837209302325,2.056368,0.0,0.111111111111111,0.0,2.4437628,2.57816238,2.3511465,0.1046511627906975
DB00999,124,1,train,68.0,5.0,0.271532,0.5,0.7142857142857143,0.0,0.93110853,0.8443742,0.8805984,0.5789473684210527,18.464176,2.5,3.571428571428572,0.0,4.65554265,4.221871,4.402992,2.8947368421052637
DB01033,271,1,train,8.0,4.0,0.662351,0.0,0.3428571428571428,0.0,0.8511903,0.8553965,0.7961281,0.2205882352941176,5.298808,0.0,1.3714285714285712,0.0,3.4047612,3.421586,3.1845124,0.8823529411764705
DB00215,125,1,train,10.0,4.0,0.254942,0.3333333333333333,0.64,0.0,0.89754957,0.88979536,0.94314754,1.0,2.54942,1.3333333333333333,2.56,0.0,3.59019828,3.55918144,3.77259016,4.0
DB00472,49,1,train,4.0,3.0,0.210082,0.125,0.5833333333333334,0.0,0.97010446,0.8283886,0.8337478,0.2142857142857142,0.840328,0.375,1.75,0.0,2.91031338,2.4851658,2.5012434,0.6428571428571426
DB00907,99,1,train,58.0,1.0,0.204518,0.5238095238095238,0.2181818181818181,0.0,0.82843393,0.86732656,0.84754395,0.3181818181818182,11.862044,0.5238095238095238,0.2181818181818181,0.0,0.82843393,0.86732656,0.84754395,0.3181818181818182
DB00131,173,1,train,1.0,0.0,0.0,0.0,0.073170731707317,0.0,0.4996062,0.6076043,0.5867297,0.7313432835820896,0.0,0.0,0.0,0.0,0.0,0.0,0.0,0.0
DB00776,313,1,train,4.0,6.0,0.965242,0.2682926829268293,0.1944444444444444,0.0,0.9450351,0.8893937,0.87609833,0.2375,3.860968,1.6097560975609757,1.1666666666666663,0.0,5.6702106,5.3363622,5.25658998,1.4249999999999998
DB00873,371,1,train,22.0,3.0,0.749555,0.0,0.2195121951219512,0.0,0.8639344,0.25968298,0.0,0.5760869565217391,16.490209999999998,0.0,0.6585365853658536,0.0,2.5918032,0.77904894,0.0,1.7282608695652173
DB00590,99,1,train,58.0,4.0,0.057637,0.8571428571428571,0.5555555555555556,0.0,0.868598,0.90471125,0.8958371,0.6509433962264151,3.342946,3.4285714285714284,2.2222222222222223,0.0,3.474392,3.618845,3.5833484,2.60377358490566
DB00678,405,1,train,54.0,0.0,0.0,1.0,0.5106382978723404,0.0,0.9419042,0.9172753,0.8782422,0.5877192982456141,0.0,0.0,0.0,0.0,0.0,0.0,0.0,0.0
DB00620,127,1,train,5.0,13.0,0.179911,0.0,0.1140350877192982,0.0,0.8258414,0.81977576,0.815522,0.1020408163265306,0.8995549999999999,0.0,1.4824561403508765,0.0,10.7359382,10.65708488,10.601786,1.326530612244898
DB01043,408,1,train,5.0,7.0,0.635851,0.1794871794871795,0.1818181818181818,0.0,0.9290007,0.88436055,0.89117604,0.0909090909090909,3.1792550000000004,1.2564102564102564,1.2727272727272725,0.0,6.5030049000000005,6.19052385,6.23823228,0.6363636363636362
DB08907,348,1,train,0.0,6.0,1.0,0.0,0.0,0.0,0.0,0.0,0.0,0.0,0.0,0.0,0.0,0.0,0.0,0.0,0.0,0.0
DB01043,10,1,train,5.0,7.0,0.667457,0.1794871794871795,0.1666666666666666,0.0,0.917118,0.9016507,0.89117604,0.0909090909090909,3.337285,1.2564102564102564,1.1666666666666663,0.0,6.419826,6.3115549,6.23823228,0.6363636363636362
DB00146,282,1,train,3.0,3.0,0.580102,1.0,0.85,0.0,0.8977329,0.91424996,0.80104303,0.7954545454545454,1.740306,3.0,2.55,0.0,2.6931987,2.74274988,2.40312909,2.386363636363636
DB01235,344,1,train,9.0,8.0,0.997595,0.7142857142857143,0.2666666666666666,0.0,0.9072975,0.8330064,0.81718135,0.2297297297297297,8.978355,5.714285714285714,2.133333333333333,0.0,7.25838,6.6640512,6.5374508,1.8378378378378373
DB01101,280,1,train,32.0,3.0,0.442665,1.0,0.4411764705882353,0.0,0.9285488,0.77740383,0.9165688,0.3103448275862069,14.16528,3.0,1.3235294117647058,0.0,2.7856464,2.33221149,2.7497064,0.9310344827586208
DB00997,331,1,train,10.0,13.0,0.598628,0.5,0.6818181818181818,0.0,0.90428233,0.9161835,0.91098905,0.8828828828828829,5.986280000000001,6.5,8.863636363636363,0.0,11.75567029,11.9103855,11.84285765,11.477477477477477
DB00794,162,1,train,4.0,13.0,0.296554,0.1372549019607843,0.1212121212121212,0.0,0.9002696,0.91095,0.84989136,0.2352941176470588,1.186216,1.784313725490196,1.5757575757575757,0.0,11.7035048,11.84235,11.04858768,3.0588235294117645
DB00741,271,1,train,8.0,4.0,0.271152,1.0,0.609375,0.0,0.88815504,0.9999999,0.8889055,0.6904761904761905,2.169216,4.0,2.4375,0.0,3.55262016,3.9999996,3.555622,2.761904761904762
DB00421,8,1,train,7.0,5.0,0.094949,0.2564102564102564,0.0930232558139534,0.0,0.86749226,0.80939925,0.8542302,0.24,0.6646430000000001,1.282051282051282,0.465116279069767,0.0,4.3374613,4.04699625,4.271151000000001,1.2
DB00655,197,1,train,5.0,0.0,0.0,0.4,0.4464285714285714,0.0,0.8826486,0.9040537,0.8261623,0.6891891891891891,0.0,0.0,0.0,0.0,0.0,0.0,0.0,0.0
DB00136,268,1,train,3.0,6.0,0.474148,0.5,0.5666666666666667,0.0,0.9905644,0.85021764,0.74755687,0.7802197802197802,1.422444,3.0,3.4,0.0,5.9433864,5.10130584,4.4853412200000005,4.681318681318682
DB00351,16,1,train,3.0,1.0,0.0,0.0,0.0649350649350649,0.0,0.83700824,0.6758849,0.6647032,0.1764705882352941,0.0,0.0,0.0649350649350649,0.0,0.83700824,0.6758849,0.6647032,0.1764705882352941
DB01065,292,1,train,0.0,5.0,0.947921,0.0,0.0,0.0,0.0,0.0,0.0,0.0,0.0,0.0,0.0,0.0,0.0,0.0,0.0,0.0
DB00908,28,1,train,11.0,1.0,0.218523,0.25,0.2432432432432432,0.0,0.90065753,0.91309,0.8319168,0.2307692307692307,2.403753,0.25,0.2432432432432432,0.0,0.90065753,0.91309,0.8319168,0.2307692307692307
DB00381,36,1,train,7.0,4.0,0.186285,0.125,0.4130434782608695,0.0,0.8558102,0.90148324,0.8648758,0.3739130434782609,1.303995,0.5,1.652173913043478,0.0,3.4232408,3.60593296,3.4595032,1.4956521739130435
DB00717,197,1,train,5.0,4.0,0.179471,0.4,0.3181818181818182,0.5,0.87065107,0.9040537,0.82623863,0.4939759036144578,0.8973549999999999,1.6,1.2727272727272727,2.0,3.48260428,3.6162148,3.30495452,1.9759036144578312
DB01039,84,1,train,2.0,1.0,0.289174,0.3333333333333333,0.4848484848484848,0.0,0.8282802,0.8372193,0.86221755,0.48,0.578348,0.3333333333333333,0.4848484848484848,0.0,0.8282802,0.8372193,0.86221755,0.48
DB00264,382,1,train,9.0,4.0,0.45235,0.5,0.3392857142857143,0.0,0.8804152,0.8154297,0.8427,0.3466666666666667,4.071149999999999,2.0,1.3571428571428572,0.0,3.5216608,3.2617188,3.3708,1.3866666666666667
DB00397,100,1,train,6.0,3.0,0.030771,0.0329670329670329,0.3829787234042553,0.0,0.6678667,0.87316793,0.7553439,0.2857142857142857,0.184626,0.0989010989010986,1.148936170212766,0.0,2.0036001,2.61950379,2.2660317,0.8571428571428571
DB00387,37,1,train,10.0,7.0,0.442152,0.5,0.4545454545454545,0.0,0.9559,0.91352874,0.8766889,0.6049382716049383,4.42152,3.5,3.181818181818181,0.0,6.6913,6.394701179999999,6.1368223,4.234567901234568
DB00956,396,1,train,10.0,1.0,0.204518,0.5,0.6785714285714286,0.0,0.91190493,0.8610376,0.7723057,0.782608695652174,2.04518,0.5,0.6785714285714286,0.0,0.91190493,0.8610376,0.7723057,0.782608695652174
DB00710,3,1,train,10.0,0.0,0.0,1.0,0.8,0.0,0.8275293,1.0,0.8235421,0.5185185185185185,0.0,0.0,0.0,0.0,0.0,0.0,0.0,0.0
DB00659,7,1,train,4.0,0.0,0.0,0.0,0.1714285714285714,0.0,0.837789,0.81645477,0.7644514,0.0769230769230769,0.0,0.0,0.0,0.0,0.0,0.0,0.0,0.0
DB00469,73,1,train,28.0,2.0,0.776582,1.0,0.6666666666666666,0.0,0.98594517,0.9196576,0.89967984,0.6891891891891891,21.744296,2.0,1.3333333333333333,0.0,1.97189034,1.8393152,1.79935968,1.3783783783783785
DB01050,89,1,train,22.0,8.0,0.148111,0.2,0.4590163934426229,0.0,0.85135,0.9324788,0.88281244,0.3285714285714285,3.258442,1.6,3.6721311475409832,0.0,6.8108,7.4598304,7.06249952,2.628571428571428
DB01320,228,1,train,6.0,1.0,0.203291,0.0285714285714285,0.1875,0.0,0.9068038,0.85563064,0.79384536,0.1720430107526881,1.219746,0.0285714285714285,0.1875,0.0,0.9068038,0.85563064,0.79384536,0.1720430107526881
DB00160,264,1,train,0.0,0.0,0.0,0.0,0.0,0.0,0.0,0.0,0.0,0.0,0.0,0.0,0.0,0.0,0.0,0.0,0.0,0.0
DB00433,152,1,train,3.0,4.0,0.294219,0.4285714285714285,0.4716981132075472,0.0,0.92025256,0.9429286,0.88879406,0.3008849557522124,0.882657,1.714285714285714,1.8867924528301887,0.0,3.68101024,3.7717144,3.55517624,1.2035398230088497
DB00682,308,1,train,2.0,4.0,0.370725,0.0,0.171875,0.0,0.82915056,0.815261,0.7488262,0.2135922330097087,0.74145,0.0,0.6875,0.0,3.31660224,3.261044,2.9953048,0.8543689320388348
DB00945,355,1,train,3.0,16.0,0.953982,0.0,0.1125,0.0,0.8153479,0.85748374,0.7655223,0.1157894736842105,2.861946,0.0,1.8,0.0,13.0455664,13.71973984,12.2483568,1.852631578947368
DB00414,40,1,train,12.0,3.0,0.891319,0.5,0.8,0.0,0.7169646,0.9387632,0.93329906,0.5684210526315789,10.695828,1.5,2.4000000000000004,0.0,2.1508938,2.8162896,2.79989718,1.7052631578947368
DB01216,311,1,train,4.0,4.0,0.094505,0.0,0.25,0.0,0.83195317,0.77479213,0.7189633,0.1159420289855072,0.37802,0.0,1.0,0.0,3.32781268,3.09916852,2.8758532,0.4637681159420288
DB00572,163,1,train,14.0,0.0,0.0,0.7777777777777778,0.4565217391304347,0.0,0.8626089,0.8793194,0.8428839,0.618421052631579,0.0,0.0,0.0,0.0,0.0,0.0,0.0,0.0
DB01254,345,1,train,5.0,1.0,0.166056,0.1875,0.5384615384615384,0.0,0.935854,0.89857835,0.7180356,0.3202614379084967,0.83028,0.1875,0.5384615384615384,0.0,0.935854,0.89857835,0.7180356,0.3202614379084967
DB00714,390,1,train,9.0,6.0,0.997595,0.9333333333333332,0.3265306122448979,0.0,0.92155147,0.926803,0.82829136,0.2673267326732673,8.978355,5.6,1.9591836734693877,0.0,5.529308820000001,5.560818,4.96974816,1.6039603960396036
DB00563,245,1,train,6.0,20.0,0.463899,0.0,0.1805555555555555,0.0,0.8693372,0.87862146,0.810834,0.1838235294117647,2.783394,0.0,3.61111111111111,0.0,17.386744,17.5724292,16.21668,3.676470588235294
DB00731,41,1,train,11.0,3.0,0.544787,1.0,0.3666666666666666,0.0,0.92979234,0.99845624,1.0000001,0.2764227642276423,5.992657,3.0,1.0999999999999996,0.0,2.78937702,2.99536872,3.0000003,0.8292682926829269
DB01070,232,1,train,1.0,6.0,0.496536,0.037037037037037,0.631578947368421,0.0,0.554062,0.8701512,0.789062,0.7391304347826086,0.496536,0.222222222222222,3.789473684210526,0.0,3.3243720000000003,5.2209072,4.7343720000000005,4.434782608695652
DB01576,64,1,train,2.0,1.0,0.0,0.2,0.18,0.0,0.7012981,0.86448014,0.77669597,0.2615384615384615,0.0,0.2,0.18,0.0,0.7012981,0.86448014,0.77669597,0.2615384615384615
DB01065,187,1,train,0.0,5.0,0.674216,0.0,0.0,0.0,0.0,0.0,0.0,0.0,0.0,0.0,0.0,0.0,0.0,0.0,0.0,0.0
DB00819,234,1,train,0.0,6.0,0.179778,0.0,0.0,0.0,0.0,0.0,0.0,0.0,0.0,0.0,0.0,0.0,0.0,0.0,0.0,0.0
DB01033,105,1,train,3.0,4.0,0.396785,0.0,0.4117647058823529,0.0,0.85325956,0.83299553,0.8441692,0.0933333333333333,1.190355,0.0,1.6470588235294117,0.0,3.41303824,3.33198212,3.3766768,0.3733333333333332
DB01063,149,1,train,16.0,0.0,0.0,0.3333333333333333,0.3703703703703703,0.0,0.8733853,0.99347246,0.8789425,0.6078431372549019,0.0,0.0,0.0,0.0,0.0,0.0,0.0,0.0
DB00458,76,1,train,9.0,2.0,0.0,0.4838709677419355,0.6265060240963856,0.0,0.95026267,0.8852132,0.86351323,0.7647058823529411,0.0,0.967741935483871,1.2530120481927711,0.0,1.90052534,1.7704264,1.72702646,1.5294117647058822
DB00605,56,1,train,3.0,5.0,0.107627,0.2857142857142857,0.4883720930232558,0.0,0.95482373,0.8872808,0.8155708,0.3269230769230769,0.322881,1.4285714285714284,2.441860465116279,0.0,4.77411865,4.436404,4.077854,1.6346153846153846
DB00482,237,1,train,5.0,9.0,0.394511,0.0,0.141025641025641,0.0,0.8217619,0.84761286,0.7181457,0.1408450704225352,1.972555,0.0,1.269230769230769,0.0,7.395857100000001,7.62851574,6.4633113,1.2676056338028168
DB01229,24,1,train,16.0,1.0,0.378286,0.0833333333333333,0.3934426229508196,0.0,0.9128784,0.8649333,0.88180023,0.2352941176470588,6.052576,0.0833333333333333,0.3934426229508196,0.0,0.9128784,0.8649333,0.88180023,0.2352941176470588
DB00820,124,1,train,68.0,1.0,0.177248,0.3333333333333333,0.3043478260869565,0.0,0.91754633,0.84139293,0.7933231,0.2517482517482518,12.052864,0.3333333333333333,0.3043478260869565,0.0,0.91754633,0.84139293,0.7933231,0.2517482517482518
DB00387,135,1,train,14.0,7.0,0.555551,0.8,0.8333333333333334,0.0,0.9617435,0.90301347,0.89786226,0.953846153846154,7.777714,5.6000000000000005,5.833333333333334,0.0,6.7322045,6.32109429,6.28503582,6.676923076923078
DB00167,394,1,train,1.0,3.0,0.214873,0.0,0.0,0.0,0.37845406,0.55487484,0.42550194,0.021505376344086,0.214873,0.0,0.0,0.0,1.13536218,1.6646245199999998,1.27650582,0.064516129032258
DB01210,219,1,train,3.0,2.0,0.685456,0.0,0.1025641025641025,0.0,0.8804424,0.8451708,0.8123096,0.1735537190082644,2.056368,0.0,0.205128205128205,0.0,1.7608848,1.6903416,1.6246192,0.3471074380165288
DB00745,76,1,train,9.0,3.0,0.07328,0.25,0.1612903225806451,0.0,0.7012981,0.9059649,0.8172569,0.379746835443038,0.65952,0.75,0.4838709677419353,0.0,2.1038943000000003,2.7178947,2.4517707,1.139240506329114
DB00563,65,1,train,5.0,20.0,0.658916,0.3333333333333333,0.25,0.0,0.94080484,0.90439403,0.7953063,0.1376146788990825,3.29458,6.666666666666666,5.0,0.0,18.8160968,18.0878806,15.906126,2.75229357798165
DB01240,145,1,train,5.0,3.0,0.342198,0.0,0.1052631578947368,0.0,0.88599527,0.8015548,0.84250796,0.0754716981132075,1.71099,0.0,0.3157894736842104,0.0,2.65798581,2.4046644,2.52752388,0.2264150943396225
DB01008,280,1,train,32.0,4.0,0.305996,0.0,0.3529411764705882,1.0,0.942924,0.8845069,0.999045,0.1428571428571428,9.791872,0.0,1.4117647058823528,4.0,3.771696,3.5380276,3.99618,0.5714285714285712
DB00206,124,1,train,68.0,1.0,0.271532,0.0588235294117647,0.1896551724137931,0.0,0.8300902,0.9033129,0.8885728,0.2303370786516854,18.464176,0.0588235294117647,0.1896551724137931,0.0,0.8300902,0.9033129,0.8885728,0.2303370786516854
DB00494,135,1,train,14.0,8.0,0.555551,0.0,0.2666666666666666,0.0,0.9089126,0.87324107,0.81718135,0.1944444444444444,7.777714,0.0,2.133333333333333,0.0,7.2713008,6.98592856,6.5374508,1.5555555555555551
DB00302,59,1,train,0.0,4.0,0.387988,0.0,0.0,0.0,0.0,0.0,0.0,0.0,0.0,0.0,0.0,0.0,0.0,0.0,0.0,0.0
DB00035,299,1,train,0.0,7.0,0.498723,0.0,0.0,0.0,0.0,0.0,0.0,0.0,0.0,0.0,0.0,0.0,0.0,0.0,0.0,0.0
DB00573,376,1,train,15.0,3.0,0.089522,0.5,0.7083333333333334,0.0,0.9398177,0.87200856,0.9043763,0.625,1.34283,1.5,2.125,0.0,2.8194531,2.61602568,2.7131289,1.875
DB00909,397,1,train,3.0,10.0,0.570219,0.1372549019607843,0.15,0.0,0.9247292,0.9109501,0.9071015,0.2352941176470588,1.710657,1.372549019607843,1.5,0.0,9.247292,9.109501,9.071015,2.352941176470588
DB00476,99,1,train,58.0,1.0,0.154703,1.0,0.4166666666666667,0.0,0.9487434,0.84677106,0.84441483,0.3296703296703296,8.972774000000001,1.0,0.4166666666666667,0.0,0.9487434,0.84677106,0.84441483,0.3296703296703296
DB00563,277,1,train,4.0,20.0,0.386246,0.0,0.1944444444444444,0.0,0.9036658,0.87862146,0.72965145,0.1354838709677419,1.544984,0.0,3.888888888888888,0.0,18.073316,17.5724292,14.593029,2.709677419354838
DB00373,68,1,train,10.0,4.0,0.626537,0.6666666666666666,0.5,0.0,0.8841315,0.8995259,0.8588558,0.3295454545454545,6.26537,2.6666666666666665,2.0,0.0,3.536526,3.5981036,3.4354232,1.318181818181818
DB00216,381,1,train,0.0,3.0,0.886427,0.0,0.0,0.0,0.0,0.0,0.0,0.0,0.0,0.0,0.0,0.0,0.0,0.0,0.0,0.0
DB00214,316,1,train,10.0,5.0,0.226037,0.4,0.3902439024390244,0.0,0.9728829,0.89444876,0.8805765,0.25,2.26037,2.0,1.951219512195122,0.0,4.8644145,4.472243799999999,4.4028825,1.25
DB00364,124,1,train,68.0,2.0,0.058819,0.0,0.0588235294117647,0.0,0.83298635,0.8023852,0.7694891,0.0496894409937888,3.999692,0.0,0.1176470588235294,0.0,1.6659727,1.6047704,1.5389782,0.0993788819875776
DB00380,300,1,train,0.0,4.0,0.366989,0.0,0.0,0.0,0.0,0.0,0.0,0.0,0.0,0.0,0.0,0.0,0.0,0.0,0.0,0.0
DB00800,405,1,train,54.0,1.0,0.271532,0.75,0.2272727272727272,0.0,0.91261506,0.8610209,0.8333499,0.202020202020202,14.662728,0.75,0.2272727272727272,0.0,0.91261506,0.8610209,0.8333499,0.202020202020202
DB00661,29,1,train,0.0,6.0,0.215742,0.0,0.0,0.0,0.0,0.0,0.0,0.0,0.0,0.0,0.0,0.0,0.0,0.0,0.0,0.0
DB00747,135,1,train,14.0,6.0,0.464046,0.625,0.2553191489361702,0.0,0.8593856,0.7202077,0.8361019,0.31,6.496644,3.75,1.5319148936170213,0.0,5.1563136,4.3212462,5.0166114,1.86
DB00973,79,1,train,2.0,1.0,0.50792,0.0,0.3404255319148936,0.0,0.85068846,0.8306494,0.89591503,0.2658227848101265,1.01584,0.0,0.3404255319148936,0.0,0.85068846,0.8306494,0.89591503,0.2658227848101265
DB00641,80,1,train,7.0,2.0,0.737845,1.0,0.6444444444444445,0.0,0.997542,0.87413967,0.9888234,0.7802197802197802,5.164915,2.0,1.288888888888889,0.0,1.995084,1.74827934,1.9776468,1.5604395604395604
DB01400,119,1,train,2.0,1.0,0.178374,0.0,0.03125,0.0,0.77989155,0.8218913,0.7369526,0.1401869158878504,0.356748,0.0,0.03125,0.0,0.77989155,0.8218913,0.7369526,0.1401869158878504
DB00991,128,1,train,21.0,3.0,0.640926,1.0,0.7407407407407407,0.0,0.96879804,0.92639935,0.97459346,0.3571428571428571,13.459446,3.0,2.2222222222222223,0.0,2.90639412,2.77919805,2.92378038,1.0714285714285712
DB00860,335,1,train,2.0,13.0,0.629715,0.0,0.075,0.0,0.8291003,0.85748374,0.83959144,0.1157894736842105,1.25943,0.0,0.975,0.0,10.7783039,11.14728862,10.91468872,1.5052631578947364
DB00984,176,1,train,0.0,0.0,0.0,0.0,0.0,0.0,0.0,0.0,0.0,0.0,0.0,0.0,0.0,0.0,0.0,0.0,0.0,0.0
DB01223,188,1,train,11.0,2.0,0.112017,0.2,0.6744186046511628,0.0,0.9224514,0.96066046,0.81041086,0.4430379746835443,1.232187,0.4,1.3488372093023255,0.0,1.8449028,1.92132092,1.62082172,0.8860759493670886
DB00871,183,1,train,27.0,1.0,0.38905,1.0,0.7058823529411765,1.0,0.9038524,0.9165648,0.8611398,0.64,10.50435,1.0,0.7058823529411765,1.0,0.9038524,0.9165648,0.8611398,0.64
DB01029,40,1,train,12.0,5.0,0.891319,0.0,0.1224489795918367,0.0,0.8427886,0.81047815,0.78645617,0.2388059701492537,10.695828,0.0,0.6122448979591835,0.0,4.213943,4.05239075,3.93228085,1.1940298507462686
DB00989,312,1,train,12.0,14.0,0.542604,0.0,0.1739130434782608,0.0,0.8483618,0.8836037,0.8597396,0.202020202020202,6.511248,0.0,2.4347826086956514,0.0,11.8770652,12.3704518,12.0363544,2.828282828282828
DB00998,379,1,train,3.0,1.0,0.774075,0.5,0.7931034482758621,0.0,0.9965521,0.99454373,0.9530619,0.2473118279569892,2.322225,0.5,0.7931034482758621,0.0,0.9965521,0.99454373,0.9530619,0.2473118279569892
DB00302,57,1,train,1.0,4.0,0.51849,0.0,0.1025641025641025,0.0,0.8225155,0.6251518,0.88883734,0.0585585585585585,0.51849,0.0,0.41025641025641,0.0,3.290062,2.5006072,3.55534936,0.234234234234234
DB00351,168,1,train,5.0,1.0,0.0,0.6666666666666666,0.509090909090909,0.0,0.8643289,0.81920743,0.7827718,0.6703296703296703,0.0,0.6666666666666666,0.509090909090909,0.0,0.8643289,0.81920743,0.7827718,0.6703296703296703
DB00909,387,1,train,3.0,10.0,0.999382,0.1372549019607843,0.15,0.0,0.9247292,0.9109501,0.9071015,0.2352941176470588,2.998146,1.372549019607843,1.5,0.0,9.247292,9.109501,9.071015,2.352941176470588
DB01067,41,1,train,11.0,2.0,0.536517,1.0,0.6,0.0,0.88874835,0.78742814,0.81285036,0.5684210526315789,5.901687,2.0,1.2,0.0,1.7774967,1.57485628,1.62570072,1.136842105263158
DB00536,307,1,train,1.0,2.0,0.232092,0.0,0.025,0.0,0.63029504,0.60313106,0.68658054,0.0,0.232092,0.0,0.05,0.0,1.26059008,1.20626212,1.37316108,0.0
DB01241,80,1,train,7.0,2.0,0.289174,0.1428571428571428,0.4848484848484848,0.0,0.866796,0.9030796,0.86221755,0.1958762886597938,2.024218,0.2857142857142856,0.9696969696969696,0.0,1.733592,1.8061592,1.7244351,0.3917525773195876
DB01043,369,1,train,5.0,7.0,0.667457,0.1794871794871795,0.1666666666666666,0.0,0.917118,0.9016507,0.89117604,0.0909090909090909,3.337285,1.2564102564102564,1.1666666666666663,0.0,6.419826,6.3115549,6.23823228,0.6363636363636362
DB00759,358,1,train,36.0,6.0,0.998501,0.0,0.1470588235294117,0.0,0.8625896,0.7694354,0.78703994,0.2015503875968992,35.946036,0.0,0.8823529411764701,0.0,5.1755376,4.6166124,4.72223964,1.2093023255813953
DB00169,3,1,train,10.0,7.0,0.327627,0.0,0.131578947368421,0.0,0.83572906,0.6514277,0.7332787,0.2053571428571428,3.27627,0.0,0.9210526315789468,0.0,5.85010342,4.5599939,5.1329509,1.4374999999999996
DB05271,364,1,train,10.0,7.0,0.575251,0.7142857142857143,0.3902439024390244,0.0,0.9690101,0.7463413,0.80688053,0.2307692307692307,5.752509999999999,5.0,2.731707317073171,0.0,6.7830707,5.2243891,5.64816371,1.615384615384615
DB00494,309,1,train,9.0,8.0,0.432114,1.0,0.5,0.0,0.9435791,0.90381527,0.85180104,0.3493975903614458,3.889026,8.0,4.0,0.0,7.5486328,7.23052216,6.81440832,2.7951807228915664
DB01628,128,1,train,21.0,2.0,0.640926,0.5,0.4878048780487805,0.0,0.87233466,0.89611596,0.8106031,0.2710280373831775,13.459446,1.0,0.975609756097561,0.0,1.74466932,1.79223192,1.6212062,0.542056074766355
DB00153,93,1,train,3.0,6.0,0.551875,0.037037037037037,0.631578947368421,0.0,0.6360779,0.8701512,0.883524,0.7391304347826086,1.655625,0.222222222222222,3.789473684210526,0.0,3.8164674,5.2209072,5.301144,4.434782608695652
DB01162,119,1,train,2.0,6.0,0.103058,0.4444444444444444,0.3846153846153846,0.0,0.82917917,0.8218913,0.6478539,0.6494845360824743,0.206116,2.6666666666666665,2.3076923076923075,0.0,4.97507502,4.9313478,3.8871234,3.8969072164948457
DB00734,294,1,train,2.0,4.0,0.352959,0.2647058823529412,0.4626865671641791,0.0,0.88622713,0.8896024,0.8871216,0.1889763779527559,0.705918,1.0588235294117647,1.8507462686567164,0.0,3.54490852,3.5584096,3.5484864,0.7559055118110236
DB00967,359,1,train,36.0,2.0,0.944425,1.0,0.6111111111111112,1.0,0.8590358,0.9193891,0.8907058,0.5476190476190477,33.9993,2.0,1.2222222222222223,2.0,1.7180716,1.8387782,1.7814116,1.0952380952380951
DB00905,68,1,train,10.0,3.0,0.626537,0.3333333333333333,0.5217391304347826,0.0,0.8826879,0.85526764,0.7915214,0.5779816513761468,6.26537,1.0,1.5652173913043477,0.0,2.6480637,2.56580292,2.3745642,1.7339449541284404
DB00714,312,1,train,12.0,6.0,0.542604,0.9333333333333332,0.3265306122448979,0.0,0.92155147,0.926803,0.8495749,0.2736842105263158,6.511248,5.6,1.9591836734693877,0.0,5.529308820000001,5.560818,5.0974494,1.642105263157895
DB00182,361,1,train,2.0,2.0,0.447688,0.1111111111111111,0.1612903225806451,0.0,0.6883762,0.7881883,0.75674736,0.2615384615384615,0.895376,0.2222222222222222,0.3225806451612902,0.0,1.3767524,1.5763766,1.51349472,0.523076923076923
DB01267,149,1,train,16.0,0.0,0.0,0.8,0.7346938775510204,0.0,0.9532968,0.87243384,0.8906056,0.7777777777777778,0.0,0.0,0.0,0.0,0.0,0.0,0.0,0.0
DB00589,312,1,train,12.0,6.0,0.542604,0.9333333333333332,0.3902439024390244,0.0,0.79503286,0.88148415,0.8088099,0.35,6.511248,5.6,2.341463414634146,0.0,4.77019716,5.2889049,4.8528594,2.1
DB01042,247,1,train,9.0,2.0,0.218129,0.0,0.3571428571428571,0.0,0.83743274,0.90549153,0.84335643,0.2352941176470588,1.963161,0.0,0.7142857142857142,0.0,1.67486548,1.81098306,1.68671286,0.4705882352941176
DB00904,89,1,train,22.0,1.0,0.138691,0.2,0.5555555555555556,0.0,0.92308795,0.8776936,0.9738591,0.2772277227722772,3.051202,0.2,0.5555555555555556,0.0,0.92308795,0.8776936,0.9738591,0.2772277227722772
DB00598,405,1,train,54.0,4.0,0.276217,0.4,0.4583333333333333,0.0,0.95816654,0.89437497,0.8918102,0.3418803418803419,14.915718,1.6,1.8333333333333333,0.0,3.83266616,3.57749988,3.5672408,1.3675213675213675
DB00692,278,1,train,3.0,2.0,0.685456,0.0,0.1025641025641025,0.0,0.8804424,0.8968343,0.8123096,0.1983471074380165,2.056368,0.0,0.205128205128205,0.0,1.7608848,1.7936686,1.6246192,0.396694214876033
DB00413,370,1,train,12.0,9.0,0.764516,0.5,0.5,0.0,0.97908425,0.87155557,0.90129733,0.1818181818181818,9.174192,4.5,4.5,0.0,8.81175825,7.844000129999999,8.11167597,1.6363636363636362
DB00491,43,1,train,14.0,1.0,0.510678,0.3333333333333333,0.4705882352941176,0.0,0.8302571,0.90083176,0.9050163,0.1492537313432835,7.149492,0.3333333333333333,0.4705882352941176,0.0,0.8302571,0.90083176,0.9050163,0.1492537313432835
DB00122,181,1,train,16.0,5.0,0.453417,0.0,0.0612244897959183,0.0,0.6248834,0.7199886,0.77444017,0.0961538461538461,7.254672,0.0,0.3061224489795915,0.0,3.124417,3.599943,3.87220085,0.4807692307692305
DB00620,147,1,train,3.0,13.0,0.27647,1.0,0.4418604651162791,0.0,0.9309014,0.8535798,0.76932895,0.8518518518518519,0.82941,13.0,5.744186046511628,0.0,12.1017182,11.0965374,10.00127635,11.074074074074074
DB01106,362,1,train,37.0,4.0,0.998501,0.5,0.55,0.0,0.9239364,0.91642475,0.92880625,0.2671755725190839,36.944537,2.0,2.2,0.0,3.6957456,3.665699,3.715225,1.0687022900763357
DB00282,247,1,train,9.0,7.0,0.251363,0.5,0.6363636363636364,0.0,0.9480796,1.0,0.84335643,0.4693877551020408,2.262267,3.5,4.454545454545454,0.0,6.6365572,7.0,5.90349501,3.2857142857142856
DB00342,371,1,train,22.0,5.0,0.74957,0.8571428571428571,0.28,0.0,0.95683336,0.90283906,0.82757056,0.8636363636363636,16.49054,4.285714285714286,1.4,0.0,4.7841668,4.5141953,4.1378528,4.318181818181818
DB01065,406,1,train,0.0,5.0,0.865543,0.0,0.0,0.0,0.0,0.0,0.0,0.0,0.0,0.0,0.0,0.0,0.0,0.0,0.0,0.0
DB00921,99,1,train,58.0,0.0,0.0,0.75,0.4347826086956521,0.0,0.9727909,0.8727033,0.884545,0.3684210526315789,0.0,0.0,0.0,0.0,0.0,0.0,0.0,0.0
DB00443,38,1,train,5.0,4.0,0.195026,0.5,0.6376811594202898,0.0,0.8732885,0.90307486,0.9330202,1.0,0.97513,2.0,2.550724637681159,0.0,3.493154,3.61229944,3.7320808,4.0
DB00136,301,1,train,3.0,6.0,0.393246,0.5,0.5666666666666667,0.0,0.9905644,0.85021764,0.74755687,0.7802197802197802,1.179738,3.0,3.4,0.0,5.9433864,5.10130584,4.4853412200000005,4.681318681318682
DB00755,86,1,train,0.0,5.0,0.401665,0.0,0.0,0.0,0.0,0.0,0.0,0.0,0.0,0.0,0.0,0.0,0.0,0.0,0.0,0.0
DB00471,183,1,train,27.0,2.0,0.38905,0.5,0.2,0.0,0.9095413,0.8742502,0.8632692,0.1871345029239766,10.50435,1.0,0.4,0.0,1.8190826,1.7485004,1.7265384,0.3742690058479532
DB00575,325,1,train,4.0,10.0,0.379887,0.0,0.141025641025641,0.0,0.82090795,0.89516985,0.7226095,0.1829268292682926,1.519548,0.0,1.41025641025641,0.0,8.209079500000001,8.951698500000001,7.226095,1.829268292682926
DB00996,184,1,train,2.0,12.0,0.344936,0.0,0.18,0.0,0.9450351,0.8377774,0.9071015,0.0609756097560975,0.689872,0.0,2.16,0.0,11.3404212,10.0533288,10.885218,0.7317073170731699
DB00252,127,1,train,5.0,3.0,0.314025,0.1538461538461538,0.3454545454545454,0.0,0.9375424,0.7708341,0.776513,0.3375,1.570125,0.4615384615384614,1.0363636363636362,0.0,2.8126272,2.3125023,2.329539,1.0125000000000002
DB01238,149,1,train,16.0,1.0,0.300679,0.6888888888888889,0.6271186440677966,0.0,0.9523752,0.900064,0.76399475,0.3153846153846154,4.810864,0.6888888888888889,0.6271186440677966,0.0,0.9523752,0.900064,0.76399475,0.3153846153846154
DB00674,10,1,train,5.0,7.0,0.667457,0.4,0.4666666666666667,0.0,0.9195075,0.76751757,0.89117604,0.2260869565217391,3.337285,2.8000000000000003,3.2666666666666666,0.0,6.4365525,5.37262299,6.23823228,1.5826086956521737
DB00302,213,1,train,0.0,4.0,0.770522,0.0,0.0,0.0,0.0,0.0,0.0,0.0,0.0,0.0,0.0,0.0,0.0,0.0,0.0,0.0
DB00399,132,1,train,3.0,6.0,0.220587,0.5,0.7777777777777778,0.0,0.8875502,1.0,0.8431301,0.5178571428571429,0.661761,3.0,4.666666666666667,0.0,5.3253012,6.0,5.0587806,3.1071428571428577
DB00776,184,1,train,2.0,6.0,0.344936,0.2682926829268293,0.18,0.0,0.9450351,0.8893937,0.866354,0.2077922077922078,0.689872,1.6097560975609757,1.08,0.0,5.6702106,5.3363622,5.198124,1.2467532467532467
DB00635,280,1,train,32.0,22.0,0.339355,0.5,0.5303030303030303,1.0,0.9547467,0.9295207,0.8765129,0.5483870967741935,10.85936,11.0,11.666666666666666,22.0,21.0044274,20.4494554,19.2832838,12.064516129032256
DB01014,271,1,train,8.0,0.0,0.0,0.5714285714285714,0.3939393939393939,0.0,0.8911945,0.89327264,0.7933613,0.495049504950495,0.0,0.0,0.0,0.0,0.0,0.0,0.0,0.0
DB00310,405,1,train,54.0,1.0,0.271532,0.3333333333333333,0.5757575757575758,0.0,0.9714322,0.94664425,0.0,0.4318181818181818,14.662728,0.3333333333333333,0.5757575757575758,0.0,0.9714322,0.94664425,0.0,0.4318181818181818
DB00204,28,1,train,11.0,1.0,0.218523,0.2,0.2857142857142857,0.0,0.90065753,0.8894558,0.8821678,0.2391304347826087,2.403753,0.2,0.2857142857142857,0.0,0.90065753,0.8894558,0.8821678,0.2391304347826087
DB01203,163,1,train,14.0,3.0,0.098461,0.0,0.0806451612903225,0.0,0.79291725,0.82553995,0.8212766,0.1538461538461538,1.378454,0.0,0.2419354838709674,0.0,2.37875175,2.47661985,2.4638298,0.4615384615384614
DB01073,105,1,train,3.0,4.0,0.355199,0.2,0.4242424242424242,0.0,0.6881663,0.8756048,0.8441692,0.5211267605633803,1.065597,0.8,1.6969696969696968,0.0,2.7526652,3.5024192,3.3766768,2.084507042253521
DB00637,100,1,train,6.0,0.0,0.0,0.2222222222222222,0.4545454545454545,0.0,0.88203245,0.9712362,0.5965665,0.3071895424836601,0.0,0.0,0.0,0.0,0.0,0.0,0.0,0.0
DB00541,237,1,train,5.0,11.0,0.405342,0.0,0.320754716981132,0.0,0.942924,0.8967478,0.8002909,0.2125,2.02671,0.0,3.528301886792452,0.0,10.372164,9.8642258,8.803199900000001,2.3375
DB00585,314,1,train,8.0,2.0,0.430743,1.0,0.5,0.0,0.9647386,0.867404,0.8822381,0.2444444444444444,3.445944,2.0,1.0,0.0,1.9294772,1.734808,1.7644762,0.4888888888888888
DB00635,147,1,train,3.0,22.0,0.340088,1.0,0.417910447761194,0.0,0.8773569,0.9295207,0.8765129,0.4455445544554455,1.020264,22.0,9.194029850746269,0.0,19.3018518,20.4494554,19.2832838,9.801980198019802
DB00211,243,1,train,9.0,2.0,0.227944,0.088235294117647,0.0869565217391304,0.0,0.855851,0.84978646,0.78216577,0.3150684931506849,2.051496,0.176470588235294,0.1739130434782608,0.0,1.711702,1.69957292,1.56433154,0.6301369863013698
DB00959,97,1,train,1.0,3.0,0.0,0.5,0.4848484848484848,0.0,0.8640517,0.99999976,0.8774521,0.7349397590361446,0.0,1.5,1.4545454545454544,0.0,2.5921551,2.99999928,2.6323563,2.2048192771084336
DB00920,358,1,train,36.0,2.0,0.998501,0.5,0.3636363636363636,0.0,0.9249811,0.91642475,0.87786645,0.5357142857142857,35.946036,1.0,0.7272727272727272,0.0,1.8499622,1.8328495,1.7557329,1.0714285714285714
DB00594,196,1,train,11.0,2.0,0.139203,0.0,0.2142857142857142,0.0,0.9360458,0.90963453,0.8585136,0.140625,1.5312329999999998,0.0,0.4285714285714284,0.0,1.8720916,1.81926906,1.7170272,0.28125
DB01023,146,1,train,7.0,2.0,0.13895,0.3529411764705882,0.55,0.0,0.9792867,0.90348023,0.768875,0.5824175824175825,0.97265,0.7058823529411764,1.1,0.0,1.9585734,1.80696046,1.53775,1.164835164835165
DB01151,133,1,train,9.0,2.0,0.084069,0.8,0.5421686746987951,0.0,0.97714394,0.89680624,0.8636464,0.7647058823529411,0.756621,1.6,1.0843373493975903,0.0,1.95428788,1.79361248,1.7272928,1.5294117647058822
DB01029,318,1,train,12.0,5.0,0.891319,0.0,0.1333333333333333,0.0,0.8427886,0.81815684,0.77469087,0.2481203007518796,10.695828,0.0,0.6666666666666665,0.0,4.213943,4.0907842,3.87345435,1.240601503759398
DB01204,272,1,train,4.0,6.0,0.365844,1.0,0.3061224489795918,0.0,0.8314228,0.9007664,0.7966544,0.1044776119402985,1.463376,6.0,1.8367346938775508,0.0,4.9885368,5.404598399999999,4.7799264,0.6268656716417911
DB01291,322,1,train,21.0,1.0,0.38905,1.0,0.7916666666666666,0.0,0.959131,0.9165648,0.80242,0.6071428571428571,8.17005,1.0,0.7916666666666666,0.0,0.959131,0.9165648,0.80242,0.6071428571428571
DB00694,239,1,train,11.0,3.0,0.531527,0.5,0.6818181818181818,0.0,0.90779185,0.9973546,0.91098905,0.8828828828828829,5.846797,1.5,2.0454545454545454,0.0,2.72337555,2.9920638,2.73296715,2.6486486486486487
DB01068,1,1,train,8.0,7.0,0.167031,0.0357142857142857,0.15,0.0,0.8023507,0.8693487,0.78604776,0.2142857142857142,1.336248,0.2499999999999999,1.05,0.0,5.6164549,6.0854409,5.50233432,1.4999999999999991
DB01275,124,1,train,68.0,1.0,0.287587,0.0,0.2222222222222222,0.0,0.924786,0.92160684,0.8805984,0.2714285714285714,19.555916,0.0,0.2222222222222222,0.0,0.924786,0.92160684,0.8805984,0.2714285714285714
DB00795,8,1,train,7.0,1.0,0.145522,0.0222222222222222,0.0428571428571428,0.0,0.8240938,0.82896566,0.6162032,0.2242990654205607,1.0186540000000002,0.0222222222222222,0.0428571428571428,0.0,0.8240938,0.82896566,0.6162032,0.2242990654205607
DB00860,107,1,train,7.0,13.0,0.512669,1.0,0.5081967213114754,0.0,0.8994528,0.99999976,0.9588356,0.7108433734939759,3.5886830000000005,13.0,6.606557377049181,0.0,11.6928864,12.99999688,12.4648628,9.240963855421686
DB01202,293,1,train,3.0,9.0,0.656311,0.125,0.1875,0.0,0.9472614,0.8393383,0.8755033,0.1607142857142857,1.968933,1.125,1.6875,0.0,8.5253526,7.554044699999999,7.8795297,1.4464285714285712
DB01084,347,1,train,32.0,3.0,0.494446,1.0,0.5294117647058824,0.0,0.95464355,0.8726158,0.8261181,0.2844036697247706,15.822272,3.0,1.5882352941176472,0.0,2.86393065,2.6178474,2.4783543,0.8532110091743118
DB01221,99,1,train,58.0,0.0,0.0,0.3181818181818182,0.2758620689655172,0.3333333333333333,0.86042404,0.82821584,0.88009876,0.2467532467532467,0.0,0.0,0.0,0.0,0.0,0.0,0.0,0.0
DB00571,74,1,train,0.0,6.0,0.181271,0.0,0.0,0.0,0.0,0.0,0.0,0.0,0.0,0.0,0.0,0.0,0.0,0.0,0.0,0.0
DB01222,183,1,train,27.0,5.0,0.491925,0.5,0.546875,1.0,0.9224514,0.99999976,0.90565634,0.5740740740740741,13.281975,2.5,2.734375,5.0,4.6122570000000005,4.9999988,4.5282817,2.8703703703703702
DB00313,365,1,train,5.0,7.0,0.340311,0.1851851851851851,0.1797752808988764,0.0,0.91768783,0.85915136,0.88618463,0.0579710144927536,1.701555,1.2962962962962956,1.2584269662921348,0.0,6.42381481,6.01405952,6.20329241,0.4057971014492752
DB01146,347,1,train,32.0,1.0,0.468465,0.5,0.3636363636363636,0.0,0.9466586,0.9271333,0.924839,0.3804347826086957,14.99088,0.5,0.3636363636363636,0.0,0.9466586,0.9271333,0.924839,0.3804347826086957
DB08820,202,1,train,1.0,0.0,0.0,0.0,0.0,0.0,0.4453159,0.5672236,0.72602457,0.0367647058823529,0.0,0.0,0.0,0.0,0.0,0.0,0.0,0.0
DB00852,362,1,train,37.0,6.0,0.749555,0.08,0.0757575757575757,1.0,0.9398663,0.9021074,0.86100113,0.25,27.733535,0.48,0.4545454545454542,6.0,5.6391978,5.4126444,5.16600678,1.5
DB00328,266,1,train,0.0,10.0,0.431285,0.0,0.0,0.0,0.0,0.0,0.0,0.0,0.0,0.0,0.0,0.0,0.0,0.0,0.0,0.0
DB00908,382,1,train,9.0,1.0,0.218523,0.2222222222222222,0.2017543859649122,0.0,0.90065753,0.8916167,0.8086283,0.171875,1.966707,0.2222222222222222,0.2017543859649122,0.0,0.90065753,0.8916167,0.8086283,0.171875
DB00989,309,1,train,9.0,14.0,0.431181,0.0,0.1739130434782608,0.0,0.8483618,0.8836037,0.8597396,0.2083333333333333,3.880629,0.0,2.4347826086956514,0.0,11.8770652,12.3704518,12.0363544,2.916666666666666
DB00268,259,1,train,15.0,7.0,0.517447,0.5294117647058824,0.5,0.0,0.97908425,0.926803,0.8640535,0.2688172043010752,7.761705,3.7058823529411766,3.5,0.0,6.85358975,6.487621000000001,6.0483745,1.8817204301075263
DB00860,5,1,train,1.0,13.0,0.174581,1.0,0.5,0.0,0.8909983,0.9295207,0.9588356,0.7108433734939759,0.174581,13.0,6.5,0.0,11.5829779,12.0837691,12.4648628,9.240963855421686
DB00571,289,1,train,7.0,6.0,0.281427,0.3333333333333333,0.4489795918367347,0.0,0.9161925,0.8363651,0.8540597,0.2110091743119266,1.969989,2.0,2.693877551020408,0.0,5.497154999999999,5.0181906,5.1243582,1.2660550458715596
DB01181,105,1,train,3.0,4.0,0.342442,0.0,0.1212121212121212,0.0,0.85325956,0.88377,0.7265428,0.057471264367816,1.027326,0.0,0.4848484848484848,0.0,3.41303824,3.53508,2.9061712,0.229885057471264
DB00287,124,1,train,68.0,2.0,0.114234,0.3333333333333333,0.5217391304347826,0.0,0.8954675,0.82138234,0.8727514,0.4836065573770491,7.767912,0.6666666666666666,1.0434782608695652,0.0,1.790935,1.64276468,1.7455028,0.9672131147540982
DB05271,344,1,train,9.0,7.0,0.764516,0.7142857142857143,0.3902439024390244,0.0,0.9690101,0.76943386,0.80688053,0.2736842105263158,6.880644,5.0,2.731707317073171,0.0,6.7830707,5.38603702,5.64816371,1.9157894736842107
DB01037,357,1,train,4.0,11.0,0.579202,0.0,0.1525423728813559,0.0,0.86311674,0.8832311,0.8343499,0.2121212121212121,2.316808,0.0,1.6779661016949148,0.0,9.49428414,9.7155421,9.1778489,2.333333333333333
DB00754,199,1,train,12.0,0.0,0.0,0.5,0.3809523809523809,0.0,0.9726936,0.9215255,0.85815585,0.2873563218390804,0.0,0.0,0.0,0.0,0.0,0.0,0.0,0.0
DB00586,12,1,train,5.0,7.0,0.198937,0.6666666666666666,0.2763157894736842,0.0,0.770675,0.81760705,0.88576955,0.2698412698412698,0.994685,4.666666666666666,1.9342105263157892,0.0,5.394725,5.72324935,6.20038685,1.8888888888888888
DB00440,351,1,train,10.0,2.0,0.112258,0.0,0.1864406779661017,0.0,0.9071229,0.8725998,0.8661419,0.1384615384615384,1.12258,0.0,0.3728813559322034,0.0,1.8142458,1.7451996,1.7322838,0.2769230769230768
DB00571,28,1,train,11.0,6.0,0.103893,0.5,0.3098591549295774,0.0,0.90849817,0.7981999,0.7980825,0.323943661971831,1.142823,3.0,1.8591549295774643,0.0,5.45098902,4.789199399999999,4.788495,1.943661971830986
DB00323,309,1,train,9.0,7.0,0.432114,1.0,0.5,0.0,0.9435791,0.90381527,0.77262574,0.3493975903614458,3.889026,7.0,3.5,0.0,6.6050537,6.32670689,5.40838018,2.4457831325301207
DB00399,78,1,train,3.0,6.0,0.168838,0.5,0.6363636363636364,0.0,0.9480796,1.0,0.8266542,0.4693877551020408,0.5065139999999999,3.0,3.8181818181818175,0.0,5.688477600000001,6.0,4.9599252,2.816326530612245
DB01071,371,1,train,22.0,2.0,0.749555,1.0,0.4,0.0,0.89673984,0.94621074,0.99999994,0.2894736842105263,16.490209999999998,2.0,0.8,0.0,1.79347968,1.89242148,1.99999988,0.5789473684210527
DB00528,146,1,train,7.0,0.0,0.0,0.0,0.55,0.0,0.9792867,0.91953486,0.8834127,0.4014598540145985,0.0,0.0,0.0,0.0,0.0,0.0,0.0,0.0
DB00588,371,1,train,22.0,3.0,0.749555,0.75,0.5208333333333334,0.0,0.92227674,0.8410945,0.89617467,0.7614678899082569,16.490209999999998,2.25,1.5625,0.0,2.76683022,2.5232835,2.68852401,2.2844036697247705
DB01083,332,1,train,5.0,0.0,0.0,0.0,0.1071428571428571,0.0,0.880635,0.83876324,0.7673476,0.1031746031746031,0.0,0.0,0.0,0.0,0.0,0.0,0.0,0.0
DB00852,89,1,train,22.0,6.0,0.179643,0.074074074074074,0.0769230769230769,1.0,0.8982799,0.8938896,0.79672396,0.303030303030303,3.952146,0.444444444444444,0.4615384615384614,6.0,5.3896794,5.3633376,4.78034376,1.818181818181818
DB01181,224,1,train,11.0,4.0,0.342442,0.0,0.2950819672131147,0.0,0.9376034,0.8685144,0.7710638,0.2456140350877192,3.766862,0.0,1.1803278688524588,0.0,3.7504136,3.4740576,3.0842552,0.9824561403508768
DB01204,144,1,train,7.0,6.0,0.195777,0.0,0.2545454545454545,0.0,0.8231481,0.82919955,0.8432833,0.1208053691275167,1.370439,0.0,1.5272727272727271,0.0,4.9388886,4.9751973,5.0596998,0.7248322147651002
DB00519,221,1,train,5.0,3.0,0.209994,1.0,0.7058823529411765,0.0,0.94099015,1.0000001,0.8747977,0.9431818181818182,1.0499699999999998,3.0,2.117647058823529,0.0,2.82297045,3.0000003,2.6243931,2.8295454545454546
DB00794,387,1,train,3.0,13.0,0.999382,0.1372549019607843,0.1212121212121212,0.0,0.9390334,0.91095,0.77172816,0.2352941176470588,2.998146,1.784313725490196,1.5757575757575757,0.0,12.2074342,11.84235,10.03246608,3.0588235294117645
DB00494,312,1,train,12.0,8.0,0.542604,1.0,0.5,0.0,0.9435791,0.90381527,0.85180104,0.3493975903614458,6.511248,8.0,4.0,0.0,7.5486328,7.23052216,6.81440832,2.7951807228915664
DB00748,371,1,train,22.0,3.0,0.749555,1.0,0.5,0.0,0.8543646,0.95514673,0.97595936,0.734375,16.490209999999998,3.0,1.5,0.0,2.5630938,2.86544019,2.92787808,2.203125
DB00873,359,1,train,36.0,3.0,0.944425,0.0,0.2580645161290322,0.0,0.8639344,0.33335042,0.0,0.5760869565217391,33.9993,0.0,0.7741935483870965,0.0,2.5918032,1.00005126,0.0,1.7282608695652173
DB00620,55,1,train,3.0,13.0,0.101577,0.2,0.4418604651162791,0.0,0.9309014,0.8535798,0.8261854,0.8518518518518519,0.304731,2.6,5.744186046511628,0.0,12.1017182,11.0965374,10.7404102,11.074074074074074
DB01008,208,1,train,10.0,4.0,0.405342,0.0,0.3170731707317073,0.0,0.942924,0.8554085,0.894253,0.0594059405940594,4.05342,0.0,1.2682926829268293,0.0,3.771696,3.421634,3.577012,0.2376237623762376
DB00603,48,1,train,6.0,2.0,0.219469,0.1052631578947368,0.4259259259259259,0.3333333333333333,0.86975795,0.9204006,0.79904795,0.3269230769230769,1.316814,0.2105263157894736,0.8518518518518517,0.6666666666666666,1.7395159,1.8408012,1.5980959,0.6538461538461539
DB00784,392,1,train,20.0,2.0,0.776582,1.0,0.4782608695652174,0.0,0.71345294,0.9114089,0.9070913,0.5692307692307692,15.53164,2.0,0.9565217391304348,0.0,1.42690588,1.8228178,1.8141826,1.1384615384615384
DB00983,183,1,train,27.0,2.0,0.38905,1.0,0.5384615384615384,1.0,0.9428081,0.8848538,0.8249675,0.375,10.50435,2.0,1.0769230769230769,2.0,1.8856162,1.7697076,1.649935,0.75
DB01132,41,1,train,11.0,2.0,0.544787,0.3333333333333333,0.6216216216216216,0.0,0.9473942,0.90435755,0.9206743,0.6,5.992657,0.6666666666666666,1.2432432432432432,0.0,1.8947884,1.8087151,1.8413486,1.2
DB00993,156,1,train,5.0,6.0,0.246839,0.0,0.0847457627118644,0.0,0.86076975,0.8455284,0.83908343,0.0683760683760683,1.234195,0.0,0.5084745762711864,0.0,5.1646185,5.0731704,5.03450058,0.4102564102564098
DB00191,297,1,train,5.0,2.0,0.255168,0.5,0.4736842105263157,0.0,0.94922805,0.8983952,0.79878545,0.4878048780487805,1.27584,1.0,0.9473684210526314,0.0,1.8984561,1.7967904,1.5975709,0.975609756097561
DB00557,89,1,train,22.0,5.0,0.151521,0.3333333333333333,0.2727272727272727,0.0,0.9246384,0.8665079,0.8785488,0.5566037735849056,3.333462,1.6666666666666663,1.3636363636363635,0.0,4.623192,4.3325395,4.392744,2.783018867924528
DB08801,371,1,train,22.0,4.0,0.74957,0.5,0.5263157894736842,0.0,0.8412087,0.99224603,0.81135356,0.5131578947368421,16.49054,2.0,2.1052631578947367,0.0,3.3648348,3.96898412,3.24541424,2.0526315789473686
DB00758,36,1,train,7.0,2.0,0.370725,0.0,0.1846153846153846,0.0,0.85330003,0.815261,0.671177,0.2232142857142857,2.595075,0.0,0.3692307692307692,0.0,1.70660006,1.630522,1.342354,0.4464285714285714
DB00598,138,1,train,4.0,4.0,0.276217,0.375,0.3928571428571428,0.0,0.9441745,0.84048927,0.867844,0.3296703296703296,1.104868,1.5,1.5714285714285712,0.0,3.776698,3.36195708,3.471376,1.3186813186813184
DB00316,99,1,train,58.0,2.0,0.204518,0.5,0.3,0.0,0.91190493,0.90584606,0.8806091,0.2954545454545454,11.862044,1.0,0.6,0.0,1.82380986,1.81169212,1.7612182,0.5909090909090908
DB00594,405,1,train,54.0,2.0,0.271532,0.0,0.2142857142857142,0.0,0.95839125,0.90963453,0.8635773,0.2741935483870967,14.662728,0.0,0.4285714285714284,0.0,1.9167825,1.81926906,1.7271546,0.5483870967741934
DB00449,124,1,train,68.0,3.0,0.188469,0.25,0.2222222222222222,0.0,0.9225494,0.86314344,0.8101938,0.2745098039215686,12.815892,0.75,0.6666666666666666,0.0,2.7676482,2.58943032,2.4305814,0.8235294117647058
DB00532,8,1,train,7.0,0.0,0.0,0.1666666666666666,0.2048192771084337,0.0,0.83914995,0.8122821,0.8796562,0.3561643835616438,0.0,0.0,0.0,0.0,0.0,0.0,0.0,0.0
DB00860,402,1,train,2.0,13.0,0.953982,0.0,0.075,0.0,0.8291003,0.85748374,0.83959144,0.1157894736842105,1.907964,0.0,0.975,0.0,10.7783039,11.14728862,10.91468872,1.5052631578947364
DB00589,136,1,train,12.0,6.0,0.555551,0.9333333333333332,0.3902439024390244,0.0,0.79503286,0.88148415,0.84428847,0.35,6.666612000000001,5.6,2.341463414634146,0.0,4.77019716,5.2889049,5.06573082,2.1
DB00712,109,1,train,1.0,6.0,0.225634,0.0,0.0545454545454545,0.0,0.82917225,0.83953714,0.7411411,0.0964912280701754,0.225634,0.0,0.327272727272727,0.0,4.9750335,5.03722284,4.4468466,0.5789473684210524
DB01173,259,1,train,15.0,8.0,0.48379,0.1111111111111111,0.2191780821917808,0.0,0.86567175,0.9071313,0.90129733,0.3333333333333333,7.25685,0.8888888888888888,1.7534246575342465,0.0,6.925374,7.2570504,7.21037864,2.6666666666666665
DB00201,64,1,train,2.0,3.0,0.318162,0.0,0.18,0.0,0.72616047,0.7854972,0.76365685,0.0581395348837209,0.636324,0.0,0.54,0.0,2.17848141,2.3564916,2.29097055,0.1744186046511627
DB00252,8,1,train,7.0,3.0,0.238101,0.2564102564102564,0.3454545454545454,0.0,0.92790544,0.8122821,0.7704359,0.3561643835616438,1.6667070000000002,0.7692307692307692,1.0363636363636362,0.0,2.78371632,2.4368463,2.3113077,1.0684931506849311
DB01110,190,1,train,4.0,1.0,0.516451,0.0422535211267605,0.4166666666666667,0.0,0.9537189,0.8774746,0.7467787,0.3157894736842105,2.065804,0.0422535211267605,0.4166666666666667,0.0,0.9537189,0.8774746,0.7467787,0.3157894736842105
DB01202,385,1,train,4.0,9.0,0.789669,0.125,0.1944444444444444,0.0,0.9472614,0.8393383,0.87609833,0.1607142857142857,3.158676,1.125,1.7499999999999996,0.0,8.5253526,7.554044699999999,7.88488497,1.4464285714285712
DB01214,334,1,train,10.0,2.0,0.476518,0.6666666666666666,0.5,0.0,0.9326043,0.8358613,0.74760836,0.2424242424242424,4.76518,1.3333333333333333,1.0,0.0,1.8652086,1.6717226,1.49521672,0.4848484848484848
DB00977,153,1,train,6.0,4.0,0.283197,0.3333333333333333,0.4107142857142857,1.0,0.8851513,0.92921245,0.84299934,0.4939759036144578,1.699182,1.3333333333333333,1.6428571428571428,4.0,3.5406052,3.7168498,3.37199736,1.9759036144578312
DB00846,222,1,train,6.0,0.0,0.0,1.0,0.48,0.0,0.96491855,0.724295,0.7066836,0.4622641509433962,0.0,0.0,0.0,0.0,0.0,0.0,0.0,0.0
DB00125,206,1,train,0.0,0.0,0.0,0.0,0.0,0.0,0.0,0.0,0.0,0.0,0.0,0.0,0.0,0.0,0.0,0.0,0.0,0.0
DB00461,392,1,train,20.0,3.0,0.776582,1.0,0.6,0.0,0.98579603,0.91506386,0.88422745,0.5833333333333334,15.53164,3.0,1.7999999999999998,0.0,2.95738809,2.74519158,2.65268235,1.75
DB00669,117,1,train,20.0,2.0,0.774075,1.0,0.625,0.0,0.9232508,0.89816964,0.7922504,0.6438356164383562,15.4815,2.0,1.25,0.0,1.8465016,1.79633928,1.5845008,1.2876712328767124
DB08901,399,1,train,4.0,2.0,0.399945,0.1333333333333333,0.3877551020408163,0.0,0.9137205,0.85869986,0.0,0.3454545454545454,1.59978,0.2666666666666666,0.7755102040816326,0.0,1.827441,1.71739972,0.0,0.6909090909090908
DB00552,280,1,train,32.0,0.0,0.0,0.0,0.3428571428571428,0.0,0.8971465,0.82896596,0.9778187,0.4266666666666667,0.0,0.0,0.0,0.0,0.0,0.0,0.0,0.0
DB00851,274,1,train,4.0,2.0,0.179812,0.0,0.3571428571428571,0.0,0.86371124,0.82368606,0.7602457,0.1052631578947368,0.719248,0.0,0.7142857142857142,0.0,1.72742248,1.64737212,1.5204914,0.2105263157894736
DB00035,57,1,train,1.0,7.0,0.51849,0.0,0.1025641025641025,0.0,0.8225155,0.6251518,0.88883734,0.0585585585585585,0.51849,0.0,0.7179487179487175,0.0,5.7576085,4.3760626,6.22186138,0.4099099099099095
DB01242,125,1,train,10.0,1.0,0.104273,0.2352941176470588,0.4153846153846154,0.0,0.94085336,0.90024436,0.84005165,0.3232323232323232,1.0427300000000002,0.2352941176470588,0.4153846153846154,0.0,0.94085336,0.90024436,0.84005165,0.3232323232323232
DB01296,392,1,train,20.0,4.0,0.776582,0.0,0.375,0.0,0.7971834,0.86031616,0.8818701,0.0952380952380952,15.53164,0.0,1.5,0.0,3.1887336,3.44126464,3.5274804,0.3809523809523808
DB01037,9,1,train,7.0,11.0,0.392664,0.0,0.1525423728813559,0.0,0.86311674,0.9016507,0.86046517,0.2121212121212121,2.748648,0.0,1.6779661016949148,0.0,9.49428414,9.9181577,9.46511687,2.333333333333333
DB00747,37,1,train,10.0,6.0,0.410462,0.5,0.2558139534883721,0.0,0.87563115,0.6972974,0.8192853,0.2242990654205607,4.10462,3.0,1.5348837209302326,0.0,5.2537869,4.1837844,4.9157118,1.3457943925233642
DB00484,334,1,train,10.0,2.0,0.381716,0.2222222222222222,0.2222222222222222,0.0,0.89216167,0.8491448,0.7825259,0.1216216216216216,3.81716,0.4444444444444444,0.4444444444444444,0.0,1.78432334,1.6982896,1.5650518,0.2432432432432432
DB00427,358,1,train,36.0,4.0,0.998501,1.0,0.5882352941176471,0.0,0.8145875,0.99706984,0.91806746,0.2888888888888888,35.946036,4.0,2.3529411764705883,0.0,3.25835,3.98827936,3.67226984,1.1555555555555552
DB00989,135,1,train,14.0,14.0,0.555551,0.0,0.1875,0.0,0.85292995,0.8836037,0.8334999,0.2352941176470588,7.777714,0.0,2.625,0.0,11.9410193,12.3704518,11.6689986,3.294117647058823
DB00852,322,1,train,21.0,6.0,0.38905,0.2083333333333333,0.3888888888888889,1.0,0.95777225,0.89091736,0.83129656,1.0,8.17005,1.2499999999999998,2.333333333333333,6.0,5.7466335,5.34550416,4.987779359999999,6.0
DB00193,128,1,train,21.0,4.0,0.640926,0.0333333333333333,0.1458333333333333,0.0,0.86673355,0.86626834,0.88365555,0.2195121951219512,13.459446,0.1333333333333332,0.5833333333333331,0.0,3.4669342,3.46507336,3.5346222,0.8780487804878048
DB00540,99,1,train,58.0,2.0,0.084069,0.8,0.6049382716049383,0.0,0.97714394,0.9032203,0.855074,0.7647058823529411,4.876002000000001,1.6,1.2098765432098766,0.0,1.95428788,1.8064406,1.710148,1.5294117647058822
DB00290,277,1,train,4.0,3.0,0.216429,0.0,0.1224489795918367,0.0,0.9176047,0.8426436,0.9095218,0.1354838709677419,0.865716,0.0,0.3673469387755101,0.0,2.7528141,2.5279308,2.7285654,0.4064516129032257
DB00972,358,1,train,36.0,3.0,0.998501,0.25,0.35,0.0,0.9581549,0.9015364,0.78750515,0.3611111111111111,35.946036,0.75,1.0499999999999998,0.0,2.8744647,2.7046092,2.36251545,1.0833333333333333
DB00843,37,1,train,10.0,8.0,0.519935,0.1794871794871795,0.4545454545454545,0.0,0.9344021,0.86180466,0.90646344,0.2434782608695652,5.199350000000001,1.435897435897436,3.636363636363636,0.0,7.4752168,6.89443728,7.25170752,1.9478260869565216
DB00734,209,1,train,2.0,4.0,0.352959,0.0,0.0,0.0,0.61853033,0.77845967,0.7155917,0.1209677419354838,0.705918,0.0,0.0,0.0,2.47412132,3.11383868,2.8623668,0.4838709677419352
DB01628,392,1,train,20.0,2.0,0.776582,0.5,0.4186046511627907,0.0,0.87233466,0.89611596,0.6449432,0.2710280373831775,15.53164,1.0,0.8372093023255814,0.0,1.74466932,1.79223192,1.2898864,0.542056074766355
DB00104,42,1,train,0.0,0.0,0.0,0.0,0.0,0.0,0.0,0.0,0.0,0.0,0.0,0.0,0.0,0.0,0.0,0.0,0.0,0.0
DB00575,1,1,train,8.0,10.0,0.379887,0.1153846153846153,0.1571428571428571,0.0,0.84992516,0.8693487,0.7221277,0.2142857142857142,3.039096,1.1538461538461529,1.5714285714285712,0.0,8.4992516,8.693487,7.221277000000001,2.142857142857142
DB00252,199,1,train,12.0,3.0,0.314025,0.3962264150943396,0.4578313253012048,0.0,0.95260715,0.78024834,0.79202247,0.5822784810126582,3.7683,1.1886792452830188,1.3734939759036144,0.0,2.85782145,2.34074502,2.37606741,1.7468354430379749
DB00936,351,1,train,10.0,3.0,0.202633,0.0,0.1290322580645161,0.0,0.801981,0.86899316,0.86494535,0.1684210526315789,2.02633,0.0,0.3870967741935482,0.0,2.405943,2.60697948,2.59483605,0.5052631578947366
DB01068,73,1,train,28.0,7.0,0.640926,0.0,0.1707317073170731,0.0,0.8007394,0.8660737,0.80181205,0.2777777777777778,17.945928,0.0,1.1951219512195117,0.0,5.6051758,6.062515899999999,5.61268435,1.9444444444444449
DB00682,328,1,train,7.0,4.0,0.32565,0.0,0.171875,0.0,0.8333013,0.8809631,0.76578367,0.2345679012345679,2.27955,0.0,0.6875,0.0,3.3332052,3.5238524,3.06313468,0.9382716049382716
DB00945,89,1,train,22.0,16.0,0.28758,0.0689655172413793,0.3278688524590163,0.0,0.8681726,0.86628777,0.88281244,0.5172413793103449,6.32676,1.1034482758620687,5.245901639344261,0.0,13.8907616,13.86060432,14.12499904,8.275862068965518
DB00903,124,1,train,68.0,4.0,0.271532,0.2,0.2682926829268293,0.0,0.9719908,0.89204043,0.861453,0.25,18.464176,0.8,1.0731707317073171,0.0,3.8879632,3.56816172,3.445812,1.0
DB00544,65,1,train,5.0,2.0,0.399542,1.0,0.425,0.0,0.8977733,0.90439403,0.9037146,0.1219512195121951,1.99771,2.0,0.85,0.0,1.7955466,1.80878806,1.8074292,0.2439024390243902
DB00387,309,1,train,9.0,7.0,0.351725,0.8,0.8333333333333334,0.0,0.9645966,0.9251827,0.8766889,0.953846153846154,3.165525,5.6000000000000005,5.833333333333334,0.0,6.7521762,6.4762789000000005,6.1368223,6.676923076923078
DB00419,217,1,train,0.0,4.0,0.471966,0.0,0.0,0.0,0.0,0.0,0.0,0.0,0.0,0.0,0.0,0.0,0.0,0.0,0.0,0.0
DB00230,127,1,train,5.0,0.0,0.0,0.1428571428571428,0.4210526315789473,0.0,0.9648917,0.8954926,0.69035816,0.196078431372549,0.0,0.0,0.0,0.0,0.0,0.0,0.0,0.0
DB00731,318,1,train,12.0,3.0,0.891319,0.6666666666666666,0.3666666666666666,0.0,0.92979234,0.99845624,1.0000001,0.2764227642276423,10.695828,2.0,1.0999999999999996,0.0,2.78937702,2.99536872,3.0000003,0.8292682926829269
DB00282,78,1,train,3.0,7.0,0.216017,0.5,0.6363636363636364,0.0,0.9480796,1.0,0.8266542,0.4693877551020408,0.6480509999999999,3.5,4.454545454545454,0.0,6.6365572,7.0,5.7865794,3.2857142857142856
DB00575,159,1,train,0.0,10.0,0.130324,0.0,0.0,0.0,0.0,0.0,0.0,0.0,0.0,0.0,0.0,0.0,0.0,0.0,0.0,0.0
DB01283,73,1,train,28.0,1.0,0.640926,1.0,0.6,0.0,0.6571172,0.8745591,0.83885646,0.5652173913043478,17.945928,1.0,0.6,0.0,0.6571172,0.8745591,0.83885646,0.5652173913043478
DB01009,392,1,train,20.0,5.0,0.776582,0.6666666666666666,0.6170212765957447,0.0,0.9722893,0.94433886,0.93209624,0.625,15.53164,3.333333333333333,3.0851063829787235,0.0,4.8614465,4.7216943,4.6604812,3.125
DB01400,244,1,train,4.0,1.0,0.178374,1.0,0.6470588235294118,0.0,0.8183894,0.8548956,0.851746,0.136,0.713496,1.0,0.6470588235294118,0.0,0.8183894,0.8548956,0.851746,0.136
DB00651,188,1,train,11.0,2.0,0.112017,0.25,0.4166666666666667,0.0,0.9103174,0.87670696,0.92486703,0.4310344827586206,1.232187,0.5,0.8333333333333334,0.0,1.8206348,1.75341392,1.84973406,0.8620689655172412
DB00905,124,1,train,68.0,3.0,0.188469,0.3333333333333333,0.5217391304347826,0.0,0.88579774,0.85304916,0.8770732,0.4836065573770491,12.815892,1.0,1.5652173913043477,0.0,2.65739322,2.55914748,2.6312196,1.4508196721311473
DB00394,371,1,train,22.0,5.0,0.74957,1.0,0.5161290322580645,0.0,0.9275811,0.83385575,0.87118596,0.5161290322580645,16.49054,5.0,2.5806451612903225,0.0,4.6379055000000005,4.16927875,4.3559298,2.5806451612903225
DB00211,95,1,train,2.0,2.0,0.227944,1.0,0.475,0.0,0.89907205,0.85392314,0.8093235,0.2461538461538461,0.455888,2.0,0.95,0.0,1.7981441,1.70784628,1.618647,0.4923076923076922
DB00341,358,1,train,36.0,2.0,0.998501,1.0,0.55,0.0,0.96058714,0.85407573,0.8579932,0.8117647058823529,35.946036,2.0,1.1,0.0,1.92117428,1.70815146,1.7159864,1.623529411764706
DB00570,101,1,train,0.0,6.0,0.260035,0.0,0.0,0.0,0.0,0.0,0.0,0.0,0.0,0.0,0.0,0.0,0.0,0.0,0.0,0.0
DB00945,328,1,train,7.0,16.0,0.32565,0.0,0.1296296296296296,0.3333333333333333,0.8109734,0.8687529,0.76578367,0.2345679012345679,2.27955,0.0,2.074074074074073,5.333333333333333,12.9755744,13.9000464,12.25253872,3.753086419753086
DB00376,309,1,train,9.0,5.0,0.351725,0.8,0.8333333333333334,0.0,0.9617435,0.87996083,0.77227026,0.953846153846154,3.165525,4.0,4.166666666666667,0.0,4.8087175,4.3998041500000005,3.8613513,4.76923076923077
DB00920,362,1,train,37.0,2.0,0.998501,0.5,0.3636363636363636,0.0,0.9249811,0.91642475,0.87786645,0.5357142857142857,36.944537,1.0,0.7272727272727272,0.0,1.8499622,1.8328495,1.7557329,1.0714285714285714
DB01068,133,1,train,9.0,7.0,0.134743,0.9411764705882352,0.5161290322580645,0.0,0.9290254,0.87978846,0.7963718,0.5316455696202531,1.212687,6.588235294117646,3.612903225806452,0.0,6.5031778,6.15851922,5.5746026,3.721518987341772
DB00819,98,1,train,0.0,6.0,0.160565,0.0,0.0,0.0,0.0,0.0,0.0,0.0,0.0,0.0,0.0,0.0,0.0,0.0,0.0,0.0
DB00397,297,1,train,5.0,3.0,0.255168,0.2142857142857142,0.275,0.0,0.5795536,0.87686765,0.7251471,0.3863636363636363,1.27584,0.6428571428571426,0.8250000000000001,0.0,1.7386608,2.63060295,2.1754413,1.159090909090909
DB00694,208,1,train,10.0,3.0,0.551177,0.5,0.425,0.0,0.90779185,0.9973546,0.8779801,0.7946428571428571,5.51177,1.5,1.275,0.0,2.72337555,2.9920638,2.6339403,2.383928571428571
DB00328,56,1,train,3.0,10.0,0.362897,0.2142857142857142,0.4761904761904761,0.0,0.8375733,0.7904116,0.8704864,0.3333333333333333,1.088691,2.142857142857142,4.761904761904761,0.0,8.375733,7.904116,8.704864,3.333333333333333
DB00412,43,1,train,14.0,3.0,0.592596,0.125,0.6216216216216216,0.0,0.94778335,0.90435755,0.81285036,0.6,8.296344,0.375,1.864864864864865,0.0,2.84335005,2.71307265,2.43855108,1.7999999999999998
DB04865,399,1,train,4.0,0.0,0.0,0.0,0.1333333333333333,0.0,0.9197389,0.7845055,0.67962325,0.125,0.0,0.0,0.0,0.0,0.0,0.0,0.0,0.0
DB01186,134,1,train,14.0,6.0,0.534972,0.9444444444444444,0.5434782608695652,0.0,0.8084729,1.0,0.9936914,0.198019801980198,7.489608,5.666666666666666,3.260869565217391,0.0,4.8508374000000005,6.0,5.9621484,1.188118811881188
DB01233,18,1,train,13.0,1.0,0.0,0.3333333333333333,0.3508771929824561,0.0,0.9362093,0.8437629,0.90649426,0.3333333333333333,0.0,0.3333333333333333,0.3508771929824561,0.0,0.9362093,0.8437629,0.90649426,0.3333333333333333
DB00524,124,1,train,68.0,1.0,0.271532,0.5,0.5757575757575758,0.0,0.9363816,0.91944337,0.8249713,0.4204545454545454,18.464176,0.5,0.5757575757575758,0.0,0.9363816,0.91944337,0.8249713,0.4204545454545454
DB01410,359,1,train,36.0,3.0,0.944425,1.0,0.4545454545454545,0.0,0.8862188,0.898886,0.85221803,0.464,33.9993,3.0,1.363636363636363,0.0,2.6586564,2.696658,2.55665409,1.392
DB00598,124,1,train,68.0,4.0,0.271532,0.4,0.4583333333333333,0.0,0.9735255,0.8761256,0.8918102,0.3418803418803419,18.464176,1.6,1.8333333333333333,0.0,3.894102,3.5045024,3.5672408,1.3675213675213675
DB00714,370,1,train,12.0,6.0,0.764516,0.8235294117647058,0.2972972972972973,0.0,0.92155147,0.926803,0.82829136,0.2736842105263158,9.174192,4.941176470588236,1.7837837837837838,0.0,5.529308820000001,5.560818,4.96974816,1.642105263157895
DB08906,359,1,train,36.0,3.0,0.944425,0.75,0.5208333333333334,0.0,0.9275812,0.8187501,0.8565371,0.7614678899082569,33.9993,2.25,1.5625,0.0,2.7827436,2.4562503,2.5696113,2.2844036697247705
DB00443,106,1,train,4.0,4.0,0.223651,1.0,0.6349206349206349,0.0,0.87960887,0.9132921,0.89477754,0.8518518518518519,0.894604,4.0,2.5396825396825395,0.0,3.51843548,3.6531684,3.57911016,3.4074074074074074
DB01210,124,1,train,68.0,2.0,0.183289,1.0,0.6470588235294118,0.0,0.93373954,0.9026108,0.86072,0.6811594202898551,12.463652,2.0,1.2941176470588236,0.0,1.86747908,1.8052216,1.72144,1.3623188405797102
DB00201,89,1,train,22.0,3.0,0.318162,0.0,0.2105263157894736,0.0,0.7864133,0.83446413,0.78683025,0.1764705882352941,6.999564,0.0,0.6315789473684208,0.0,2.3592399,2.50339239,2.36049075,0.5294117647058822
DB01194,334,1,train,10.0,3.0,0.476518,0.8,0.56,0.0,0.9326043,0.75664485,0.8845833,0.5555555555555556,4.76518,2.4000000000000004,1.6800000000000002,0.0,2.7978129000000003,2.2699345500000003,2.6537499,1.6666666666666667
DB01009,73,1,train,28.0,5.0,0.776582,0.6666666666666666,0.6170212765957447,0.0,0.9722893,0.94433886,0.97459346,0.625,21.744296,3.333333333333333,3.0851063829787235,0.0,4.8614465,4.7216943,4.8729673,3.125
DB00341,362,1,train,37.0,2.0,0.998501,1.0,0.55,0.0,0.9407673,0.85407573,0.8463981,0.8117647058823529,36.944537,2.0,1.1,0.0,1.8815346,1.70815146,1.6927962,1.623529411764706
DB00508,89,1,train,22.0,1.0,0.148111,0.3333333333333333,0.4634146341463415,0.0,0.8622016,0.94907284,0.8751596,0.4736842105263157,3.258442,0.3333333333333333,0.4634146341463415,0.0,0.8622016,0.94907284,0.8751596,0.4736842105263157
DB00424,212,1,train,4.0,7.0,0.039714,0.4444444444444444,0.3777777777777777,0.0,0.9468157,0.8071666,0.7775149,0.618421052631579,0.158856,3.1111111111111107,2.644444444444444,0.0,6.6277099,5.650166199999999,5.4426043,4.328947368421053
DB00748,359,1,train,36.0,3.0,0.944425,1.0,0.5,0.0,0.9483939,0.9549931,0.8728826,0.5857142857142857,33.9993,3.0,1.5,0.0,2.8451817,2.8649793,2.6186478,1.7571428571428571
DB00284,40,1,train,12.0,2.0,0.891319,0.3333333333333333,0.4705882352941176,0.0,0.94778335,0.7958033,0.8342723,0.1492537313432835,10.695828,0.6666666666666666,0.9411764705882352,0.0,1.8955667,1.5916066,1.6685446,0.298507462686567
DB00332,188,1,train,11.0,1.0,0.082318,0.0,0.28125,0.0,0.9021022,0.8823578,0.8088429,0.1826086956521739,0.905498,0.0,0.28125,0.0,0.9021022,0.8823578,0.8088429,0.1826086956521739
DB00169,310,1,train,3.0,7.0,0.374235,1.0,0.5641025641025641,0.0,0.89333063,0.65928876,0.883524,0.6808510638297872,1.1227049999999998,7.0,3.948717948717949,0.0,6.25331441,4.61502132,6.184668,4.76595744680851
DB01106,358,1,train,36.0,4.0,0.998501,0.5,0.55,0.0,0.9399164,0.91642475,0.92880625,0.2671755725190839,35.946036,2.0,2.2,0.0,3.7596656,3.665699,3.715225,1.0687022900763357
DB08801,347,1,train,32.0,4.0,0.548052,0.5,0.5263157894736842,0.0,0.87634784,0.9691052,0.8312511,0.5131578947368421,17.537664,2.0,2.1052631578947367,0.0,3.50539136,3.8764208,3.3250044,2.0526315789473686
DB00193,73,1,train,28.0,4.0,0.776582,0.1304347826086956,0.2745098039215686,0.0,0.8752431,0.86626834,0.88365555,0.2195121951219512,21.744296,0.5217391304347824,1.0980392156862744,0.0,3.5009724,3.46507336,3.5346222,0.8780487804878048
DB00905,334,1,train,10.0,3.0,0.476518,0.3333333333333333,0.5217391304347826,0.0,0.88579774,0.85526764,0.739221,0.5779816513761468,4.76518,1.0,1.5652173913043477,0.0,2.65739322,2.56580292,2.217663,1.7339449541284404
DB00903,177,1,train,3.0,4.0,0.134844,0.125,0.2564102564102564,0.0,0.9719908,0.87674,0.8171034,0.19,0.404532,0.5,1.0256410256410255,0.0,3.8879632,3.50696,3.2684136,0.76
DB00988,124,1,train,68.0,3.0,0.384394,0.0952380952380952,0.2244897959183673,0.0,0.8480911,0.84030676,0.8338011,0.5,26.138792,0.2857142857142856,0.6734693877551019,0.0,2.5442733,2.5209202800000003,2.5014033,1.5
DB00784,73,1,train,28.0,2.0,0.776582,1.0,0.4782608695652174,0.0,0.71345294,0.93861485,0.9070913,0.5692307692307692,21.744296,2.0,0.9565217391304348,0.0,1.42690588,1.8772297,1.8141826,1.1384615384615384
DB01113,28,1,train,11.0,1.0,0.086244,0.0,0.0869565217391304,0.0,0.7647162,0.7867362,0.8292886,0.4336283185840708,0.948684,0.0,0.0869565217391304,0.0,0.7647162,0.7867362,0.8292886,0.4336283185840708
DB01188,38,1,train,5.0,0.0,0.0,0.0,0.1041666666666666,0.0,0.7699079,0.89801145,0.7982566,0.1530612244897959,0.0,0.0,0.0,0.0,0.0,0.0,0.0,0.0
DB00687,229,1,train,1.0,1.0,0.118729,0.5,0.32,0.0,0.7977659,0.73477995,0.79635745,0.5157894736842106,0.118729,0.5,0.32,0.0,0.7977659,0.73477995,0.79635745,0.5157894736842106
DB00471,322,1,train,21.0,2.0,0.38905,0.5,0.2,0.0,0.9095413,0.8742502,0.8632692,0.192090395480226,8.17005,1.0,0.4,0.0,1.8190826,1.7485004,1.7265384,0.384180790960452
DB00747,212,1,train,4.0,6.0,0.129698,0.4444444444444444,0.3777777777777777,0.0,0.884412,0.78796,0.7903474,0.618421052631579,0.518792,2.6666666666666665,2.266666666666666,0.0,5.306471999999999,4.72776,4.7420844,3.710526315789474
DB01129,163,1,train,14.0,2.0,0.164217,0.5,0.4603174603174603,0.0,0.99811447,0.87856704,0.8994435,0.6904761904761905,2.299038,1.0,0.9206349206349206,0.0,1.99622894,1.75713408,1.798887,1.380952380952381
DB00276,345,1,train,5.0,1.0,0.598628,0.25,0.2,0.0,0.8707633,0.79564816,0.7845024,0.2533333333333333,2.9931400000000004,0.25,0.2,0.0,0.8707633,0.79564816,0.7845024,0.2533333333333333
DB00997,224,1,train,11.0,13.0,0.374066,0.25,0.4081632653061224,0.0,0.9376034,0.8985078,0.9206289,0.2205128205128205,4.114726,3.25,5.306122448979592,0.0,12.1888442,11.6806014,11.9681757,2.8666666666666667
DB01129,18,1,train,13.0,2.0,0.430743,0.5,0.5254237288135594,0.0,0.99811447,0.8632318,0.8994435,0.6904761904761905,5.599659,1.0,1.0508474576271187,0.0,1.99622894,1.7264636,1.798887,1.380952380952381
DB00768,358,1,train,36.0,2.0,0.94294,0.2,0.4285714285714285,0.0,0.96377206,0.9073173,0.94487643,0.34,33.94584,0.4,0.857142857142857,0.0,1.92754412,1.8146346,1.88975286,0.68
DB00564,149,1,train,16.0,5.0,0.251855,0.2702702702702703,0.188034188034188,0.0,0.8837507,0.8629856,0.85089636,0.4268292682926829,4.02968,1.351351351351351,0.94017094017094,0.0,4.4187535,4.314928,4.2544818,2.1341463414634148
DB00924,325,1,train,4.0,3.0,0.1664,0.0,0.1290322580645161,0.0,0.76762277,0.70798016,0.828105,0.2553191489361702,0.6656,0.0,0.3870967741935482,0.0,2.30286831,2.12394048,2.484315,0.7659574468085106
DB00748,362,1,train,37.0,3.0,0.944425,1.0,0.5,0.0,0.89936805,0.9191667,0.8728826,0.5857142857142857,34.943725,3.0,1.5,0.0,2.69810415,2.7575001,2.6186478,1.7571428571428571
DB01174,398,1,train,0.0,6.0,0.536843,0.0,0.0,0.0,0.0,0.0,0.0,0.0,0.0,0.0,0.0,0.0,0.0,0.0,0.0,0.0
DB00413,364,1,train,10.0,9.0,0.575251,0.5,0.2368421052631578,0.0,0.9690101,0.83906454,0.89800316,0.1818181818181818,5.752509999999999,4.5,2.1315789473684204,0.0,8.7210909,7.55158086,8.08202844,1.6363636363636362
DB00909,388,1,train,3.0,10.0,0.999382,0.2682926829268293,0.1551724137931034,0.0,0.94273245,0.9109501,0.8755034,0.2352941176470588,2.998146,2.682926829268293,1.551724137931034,0.0,9.4273245,9.109501,8.755034,2.352941176470588
DB08907,207,1,train,0.0,6.0,0.341698,0.0,0.0,0.0,0.0,0.0,0.0,0.0,0.0,0.0,0.0,0.0,0.0,0.0,0.0,0.0
DB00323,390,1,train,9.0,7.0,0.997595,0.0,0.2647058823529412,0.0,0.8886861,0.8592563,0.71348,0.247191011235955,8.978355,0.0,1.8529411764705883,0.0,6.2208027,6.0147941,4.99436,1.730337078651685
DB00304,48,1,train,6.0,1.0,0.283197,0.3333333333333333,0.6875,0.5,0.8851513,0.82781434,0.85213006,0.5476190476190477,1.699182,0.3333333333333333,0.6875,0.5,0.8851513,0.82781434,0.85213006,0.5476190476190477
DB00998,117,1,train,20.0,1.0,0.774075,1.0,0.7741935483870968,0.0,0.9977331,0.9070605,0.9076626,0.205607476635514,15.4815,1.0,0.7741935483870968,0.0,0.9977331,0.9070605,0.9076626,0.205607476635514
DB01283,128,1,train,21.0,1.0,0.640926,1.0,0.6,0.0,0.6369082,0.8793757,0.83885646,0.5652173913043478,13.459446,1.0,0.6,0.0,0.6369082,0.8793757,0.83885646,0.5652173913043478
DB00650,257,1,train,4.0,2.0,0.266724,0.0,0.0862068965517241,0.0,0.88675433,0.7109394,0.685772,0.4122137404580153,1.066896,0.0,0.1724137931034482,0.0,1.77350866,1.4218788,1.371544,0.8244274809160306
DB00804,298,1,train,7.0,1.0,0.24538,0.0,0.0769230769230769,0.0,0.846735,0.86420274,0.8004012,0.135593220338983,1.71766,0.0,0.0769230769230769,0.0,0.846735,0.86420274,0.8004012,0.135593220338983
DB01367,135,1,train,14.0,1.0,0.464046,0.3333333333333333,0.425531914893617,0.0,0.9129569,0.87324107,0.72774583,0.2622950819672131,6.496644,0.3333333333333333,0.425531914893617,0.0,0.9129569,0.87324107,0.72774583,0.2622950819672131
DB00563,280,1,train,32.0,20.0,0.442665,0.3333333333333333,0.2909090909090909,0.0,0.94080484,0.90439403,0.87255555,0.1987951807228915,14.16528,6.666666666666666,5.818181818181818,0.0,18.8160968,18.0878806,17.451110999999997,3.97590361445783
DB00494,259,1,train,15.0,8.0,0.517447,1.0,0.5,0.0,0.9435791,0.90381527,0.85180104,0.3493975903614458,7.761705,8.0,4.0,0.0,7.5486328,7.23052216,6.81440832,2.7951807228915664
DB00990,24,1,train,16.0,0.0,0.0,1.0,0.4642857142857143,0.0,0.98170984,0.8916625,0.8437302,0.3723404255319149,0.0,0.0,0.0,0.0,0.0,0.0,0.0,0.0
DB00302,58,1,train,1.0,4.0,0.770522,0.0,0.1025641025641025,0.0,0.8225155,0.6251518,0.88883734,0.0585585585585585,0.770522,0.0,0.41025641025641,0.0,3.290062,2.5006072,3.55534936,0.234234234234234
DB00755,87,1,train,0.0,5.0,0.401665,0.0,0.0,0.0,0.0,0.0,0.0,0.0,0.0,0.0,0.0,0.0,0.0,0.0,0.0,0.0
DB00290,224,1,train,11.0,3.0,0.225236,0.0,0.2307692307692307,0.0,0.91800994,0.8576384,0.9206289,0.1354838709677419,2.477596,0.0,0.6923076923076921,0.0,2.75402982,2.5729152,2.7618867,0.4064516129032257
DB01101,25,1,train,3.0,3.0,0.466247,0.3333333333333333,0.2142857142857142,0.0,0.8789735,0.7807842,0.7816849,0.1328671328671328,1.398741,1.0,0.6428571428571426,0.0,2.6369205,2.3423526,2.3450547,0.3986013986013984
DB00091,107,1,train,7.0,1.0,0.182334,0.0,0.1428571428571428,0.0,0.8626472,0.90549654,0.79121786,0.0597014925373134,1.276338,0.0,0.1428571428571428,0.0,0.8626472,0.90549654,0.79121786,0.0597014925373134
DB00563,208,1,train,10.0,20.0,0.551177,0.0,0.2909090909090909,0.0,0.87452763,0.8967478,0.810834,0.1496062992125984,5.51177,0.0,5.818181818181818,0.0,17.4905526,17.934956,16.21668,2.992125984251968
DB00215,210,1,train,2.0,4.0,0.204014,0.1111111111111111,0.171875,0.0,0.85830796,0.89036477,0.88879406,0.1949152542372881,0.408028,0.4444444444444444,0.6875,0.0,3.43323184,3.56145908,3.55517624,0.7796610169491524
DB00273,289,1,train,7.0,5.0,0.753918,0.0,0.0925925925925925,0.0,0.9064926,0.8123331,0.8693172,0.0857142857142857,5.277426,0.0,0.4629629629629625,0.0,4.532463,4.0616655,4.346586,0.4285714285714285
DB01399,73,1,train,28.0,2.0,0.776582,1.0,0.5862068965517241,0.0,0.8893331,0.9286593,0.91115355,0.5172413793103449,21.744296,2.0,1.1724137931034482,0.0,1.7786662,1.8573186,1.8223071,1.0344827586206895
DB00451,72,1,train,1.0,3.0,0.563106,0.4,0.2962962962962963,0.0,0.89130783,0.8595331,0.8074636,0.726027397260274,0.563106,1.2000000000000002,0.8888888888888888,0.0,2.67392349,2.5785993,2.4223908,2.178082191780822
DB00563,237,1,train,5.0,20.0,0.405342,0.0,0.2909090909090909,0.0,0.87452763,0.8967478,0.69434994,0.1408450704225352,2.02671,0.0,5.818181818181818,0.0,17.4905526,17.934956,13.8869988,2.816901408450704
DB00273,117,1,train,20.0,5.0,0.753918,0.1698113207547169,0.2058823529411764,0.0,0.936764,0.8303345,0.8693172,0.0857142857142857,15.07836,0.8490566037735845,1.029411764705882,0.0,4.68382,4.1516725,4.346586,0.4285714285714285
DB00541,172,1,train,2.0,11.0,0.399734,0.0,0.4210526315789473,0.0,0.89261705,0.8581438,0.8514135,0.2107142857142857,0.799468,0.0,4.63157894736842,0.0,9.81878755,9.4395818,9.3655485,2.3178571428571426
DB01240,156,1,train,5.0,3.0,0.257484,0.0,0.0222222222222222,0.0,0.819545,0.8412075,0.7814926,0.1328125,1.28742,0.0,0.0666666666666666,0.0,2.458635,2.5236225,2.3444778,0.3984375
DB00200,372,1,train,1.0,1.0,0.122494,0.0,0.0175438596491228,0.0,0.7421973,0.58367425,0.6735241,0.1157894736842105,0.122494,0.0,0.0175438596491228,0.0,0.7421973,0.58367425,0.6735241,0.1157894736842105
DB00880,177,1,train,3.0,5.0,0.3638,0.0,0.3888888888888889,0.0,0.9588807,0.88163435,0.8818917,0.2127659574468085,1.0914,0.0,1.9444444444444444,0.0,4.7944035000000005,4.40817175,4.4094585,1.0638297872340423
DB00290,19,1,train,8.0,3.0,0.19113,0.0,0.2307692307692307,0.0,0.91800994,0.8521271,0.9359343,0.1354838709677419,1.52904,0.0,0.6923076923076921,0.0,2.75402982,2.5563813,2.8078029,0.4064516129032257
DB00436,251,1,train,4.0,2.0,0.049206,0.2,0.4411764705882353,0.0,0.8925047,0.9260969,0.85067457,0.3148148148148148,0.196824,0.4,0.8823529411764706,0.0,1.7850094,1.8521938,1.70134914,0.6296296296296297
DB01043,9,1,train,7.0,7.0,0.419075,0.1794871794871795,0.1818181818181818,0.0,0.9290007,0.9016507,0.8924896,0.0909090909090909,2.933525,1.2564102564102564,1.2727272727272725,0.0,6.5030049000000005,6.3115549,6.2474272,0.6363636363636362
DB01008,237,1,train,5.0,4.0,0.405342,0.0,0.3170731707317073,0.0,0.942924,0.81657076,0.894253,0.0594059405940594,2.02671,0.0,1.2682926829268293,0.0,3.771696,3.26628304,3.577012,0.2376237623762376
DB00398,360,1,train,6.0,3.0,0.335419,0.0,0.3283582089552239,0.0,0.8646098,0.89429134,0.8357991,0.0749063670411985,2.0125140000000004,0.0,0.9850746268656716,0.0,2.5938294,2.68287402,2.5073973,0.2247191011235955
DB00201,117,1,train,20.0,3.0,0.28758,0.025,0.1475409836065573,0.0,0.7864133,0.81402004,0.84404325,0.1285714285714285,5.7516,0.075,0.4426229508196718,0.0,2.3592399,2.44206012,2.53212975,0.3857142857142855
DB00182,123,1,train,1.0,2.0,0.447688,0.0,0.0208333333333333,0.0,0.5443466,0.7881883,0.7011585,0.0222222222222222,0.447688,0.0,0.0416666666666666,0.0,1.0886932,1.5763766,1.402317,0.0444444444444444
DB00390,404,1,train,4.0,0.0,0.0,0.0,0.1428571428571428,0.0,0.831579,0.9091528,0.83545613,0.0472103004291845,0.0,0.0,0.0,0.0,0.0,0.0,0.0,0.0
DB00257,27,1,train,4.0,1.0,0.516451,0.0422535211267605,0.4166666666666667,0.0,0.89406765,0.9223739,0.85955024,0.2393162393162393,2.065804,0.0422535211267605,0.4166666666666667,0.0,0.89406765,0.9223739,0.85955024,0.2393162393162393
DB00471,188,1,train,11.0,2.0,0.112017,0.0,0.135593220338983,0.0,0.8964457,0.71148473,0.8065486,0.1935483870967742,1.232187,0.0,0.271186440677966,0.0,1.7928914,1.42296946,1.6130972,0.3870967741935484
DB01248,65,1,train,5.0,4.0,0.399542,0.0,0.2982456140350877,0.0,0.9454798,0.8626296,0.8378328,0.179372197309417,1.99771,0.0,1.1929824561403508,0.0,3.7819192,3.4505184,3.3513312,0.717488789237668
DB01174,33,1,train,0.0,6.0,0.536843,0.0,0.0,0.0,0.0,0.0,0.0,0.0,0.0,0.0,0.0,0.0,0.0,0.0,0.0,0.0
DB00794,51,1,train,0.0,13.0,0.789632,0.0,0.0,0.0,0.0,0.0,0.0,0.0,0.0,0.0,0.0,0.0,0.0,0.0,0.0,0.0
DB00297,99,1,train,58.0,0.0,0.0,0.5,0.6666666666666666,0.3333333333333333,0.7881924,0.91886324,0.7662015,1.0,0.0,0.0,0.0,0.0,0.0,0.0,0.0,0.0
DB00749,376,1,train,15.0,4.0,0.089522,0.6666666666666666,0.6176470588235294,0.0,0.967904,0.93078953,0.93209624,0.2307692307692307,1.34283,2.6666666666666665,2.4705882352941178,0.0,3.871616,3.72315812,3.72838496,0.9230769230769228
DB01069,120,1,train,2.0,4.0,0.121895,0.0549450549450549,0.359375,0.0,0.8156957,0.7622186,0.8508731,0.3493975903614458,0.24379,0.2197802197802196,1.4375,0.0,3.2627828,3.0488744,3.4034924,1.3975903614457832
DB00814,376,1,train,15.0,4.0,0.036339,1.0,0.4888888888888889,0.0,0.93958086,0.9359299,0.90437645,0.6282051282051282,0.545085,4.0,1.9555555555555555,0.0,3.75832344,3.7437196,3.6175058,2.5128205128205128
DB01240,124,1,train,68.0,3.0,0.177248,0.3333333333333333,0.64,0.0,0.93772554,0.86313295,0.84250796,0.4489795918367347,12.052864,1.0,1.92,0.0,2.81317662,2.5893988500000003,2.52752388,1.346938775510204
DB01222,371,1,train,22.0,5.0,0.491925,0.5,0.546875,0.0,0.90366334,0.9295207,0.82727265,0.5238095238095238,10.82235,2.5,2.734375,0.0,4.5183167,4.6476035,4.1363632500000005,2.619047619047619
DB00464,169,1,train,0.0,0.0,0.0,0.0,0.0,0.0,0.0,0.0,0.0,0.0,0.0,0.0,0.0,0.0,0.0,0.0,0.0,0.0
DB00541,208,1,train,10.0,11.0,0.405342,0.0,0.2909090909090909,0.0,0.942924,0.8967478,0.7563932,0.1834061135371179,4.05342,0.0,3.2,0.0,10.372164,9.8642258,8.3203252,2.0174672489082965
DB00227,80,1,train,7.0,1.0,0.444694,1.0,0.6444444444444445,0.0,0.9833617,0.84501976,0.9901743,0.7802197802197802,3.112858,1.0,0.6444444444444445,0.0,0.9833617,0.84501976,0.9901743,0.7802197802197802
DB01359,223,1,train,0.0,2.0,0.218543,0.0,0.0,0.0,0.0,0.0,0.0,0.0,0.0,0.0,0.0,0.0,0.0,0.0,0.0,0.0
DB00407,157,1,train,4.0,0.0,0.0,0.3333333333333333,0.6666666666666666,0.0,0.74478114,0.8222451,0.8004172,1.0,0.0,0.0,0.0,0.0,0.0,0.0,0.0,0.0
DB00573,99,1,train,58.0,3.0,0.093951,0.5,0.6538461538461539,0.0,0.9398177,0.8680997,0.91244906,0.4411764705882353,5.449158000000001,1.5,1.9615384615384617,0.0,2.8194531,2.6042991,2.73734718,1.3235294117647058
DB00382,391,1,train,3.0,7.0,0.568937,0.6666666666666666,0.3125,0.0,0.9344021,0.88436055,0.95241237,0.1792452830188679,1.706811,4.666666666666666,2.1875,0.0,6.5408147,6.19052385,6.66688659,1.2547169811320753
DB01005,155,1,train,0.0,4.0,0.329523,0.0,0.0,0.0,0.0,0.0,0.0,0.0,0.0,0.0,0.0,0.0,0.0,0.0,0.0,0.0
DB00999,3,1,train,10.0,5.0,0.280127,0.0,0.0555555555555555,0.0,0.8075458,0.71109647,0.7971098,0.1414141414141414,2.80127,0.0,0.2777777777777774,0.0,4.037729,3.55548235,3.985549,0.7070707070707071
DB00434,358,1,train,36.0,10.0,0.94294,0.3636363636363636,0.375,0.0,0.91027457,0.8934249,0.8188296,0.5,33.94584,3.636363636363636,3.75,0.0,9.1027457,8.934249,8.188296000000001,5.0
DB00014,48,1,train,6.0,3.0,0.232966,0.1428571428571428,0.15625,0.0,0.845786,0.8567155,0.67048985,0.0897009966777408,1.397796,0.4285714285714284,0.46875,0.0,2.537358,2.5701465,2.01146955,0.2691029900332224
DB00997,172,1,train,2.0,13.0,0.399734,0.0,0.2711864406779661,0.0,0.8968191,0.7944088,0.8251117,0.1759656652360515,0.799468,0.0,3.5254237288135597,0.0,11.6586483,10.3273144,10.7264521,2.28755364806867
DB00373,405,1,train,54.0,4.0,0.248173,0.6666666666666666,0.4545454545454545,0.0,0.92263484,0.89664257,0.8370563,0.3563218390804598,13.401342,2.6666666666666665,1.818181818181818,0.0,3.69053936,3.58657028,3.3482252,1.4252873563218391
DB00758,308,1,train,2.0,2.0,0.370725,0.0,0.171875,0.0,0.7889401,0.815261,0.671177,0.2135922330097087,0.74145,0.0,0.34375,0.0,1.5778802,1.630522,1.342354,0.4271844660194174
DB00035,284,1,train,0.0,7.0,0.583018,0.0,0.0,0.0,0.0,0.0,0.0,0.0,0.0,0.0,0.0,0.0,0.0,0.0,0.0,0.0
DB00714,344,1,train,9.0,6.0,0.997595,0.9333333333333332,0.3265306122448979,0.0,0.92155147,0.8798132,0.82829136,0.2736842105263158,8.978355,5.6,1.9591836734693877,0.0,5.529308820000001,5.2788792,4.96974816,1.642105263157895
DB00564,47,1,train,0.0,5.0,0.251855,0.0,0.0,0.0,0.0,0.0,0.0,0.0,0.0,0.0,0.0,0.0,0.0,0.0,0.0,0.0
DB00394,359,1,train,36.0,5.0,0.944425,1.0,0.5555555555555556,0.0,0.9275811,0.8505606,0.94487643,0.5161290322580645,33.9993,5.0,2.7777777777777777,0.0,4.6379055000000005,4.252803,4.72438215,2.5806451612903225
DB00262,247,1,train,9.0,4.0,0.374066,0.0,0.3571428571428571,0.0,0.8511274,0.89025414,0.8593708,0.2352941176470588,3.366594,0.0,1.4285714285714284,0.0,3.4045096,3.56101656,3.4374832,0.9411764705882352
DB00630,130,1,train,8.0,4.0,0.333203,0.2,0.8,0.0,0.8831023,0.9826821,0.7118263,0.8055555555555556,2.665624,0.8,3.2,0.0,3.5324092,3.9307284,2.8473052,3.2222222222222223
DB00393,36,1,train,7.0,1.0,0.288836,0.125,0.4130434782608695,0.0,0.85332155,0.90148324,0.8648758,0.3739130434782609,2.021852,0.125,0.4130434782608695,0.0,0.85332155,0.90148324,0.8648758,0.3739130434782609
DB00268,136,1,train,12.0,7.0,0.555551,0.5294117647058824,0.2972972972972973,0.0,0.9755847,0.926803,0.8640535,0.2688172043010752,6.666612000000001,3.7058823529411766,2.081081081081081,0.0,6.8290929,6.487621000000001,6.0483745,1.8817204301075263
DB00563,218,1,train,1.0,20.0,0.25254,0.0,0.0983606557377049,0.3333333333333333,0.6930823,0.6869148,0.6213144,0.1188811188811188,0.25254,0.0,1.967213114754098,6.666666666666666,13.861646,13.738296000000002,12.426288,2.377622377622376
DB00993,186,1,train,1.0,6.0,0.253748,0.0,0.2321428571428571,0.0,0.7296099,0.8360157,0.7703344,0.1240310077519379,0.253748,0.0,1.3928571428571426,0.0,4.377659400000001,5.0160942,4.6220064,0.7441860465116275
DB00672,318,1,train,12.0,3.0,0.891319,0.5,0.9,0.0,0.98871803,0.99226725,0.90891933,0.6666666666666666,10.695828,1.5,2.7,0.0,2.96615409,2.97680175,2.7267579900000003,2.0
DB01016,40,1,train,12.0,0.0,0.0,0.2,0.3939393939393939,0.0,0.9886713,0.91892713,0.8437629,0.6605504587155964,0.0,0.0,0.0,0.0,0.0,0.0,0.0,0.0
DB01148,219,1,train,3.0,2.0,0.685456,0.0,0.048780487804878,0.0,0.8426847,0.8968343,0.71491486,0.1983471074380165,2.056368,0.0,0.097560975609756,0.0,1.6853694,1.7936686,1.42982972,0.396694214876033
DB00967,371,1,train,22.0,2.0,0.749555,1.0,0.6111111111111112,1.0,0.86115146,0.9193891,0.8907058,0.5476190476190477,16.490209999999998,2.0,1.2222222222222223,2.0,1.72230292,1.8387782,1.7814116,1.0952380952380951
DB01005,280,1,train,32.0,4.0,0.227887,0.3333333333333333,0.2692307692307692,0.0,0.90298724,0.8898999,0.6033657,0.1206896551724138,7.292384,1.3333333333333333,1.0769230769230769,0.0,3.61194896,3.5595996,2.4134628,0.4827586206896552
DB00540,76,1,train,9.0,2.0,0.061224,0.8,0.6265060240963856,0.0,0.97714394,0.905965,0.855074,0.5526315789473685,0.551016,1.6,1.2530120481927711,0.0,1.95428788,1.81193,1.710148,1.105263157894737
DB00768,359,1,train,36.0,2.0,0.94294,0.1333333333333333,0.4285714285714285,0.0,0.96377206,0.8505606,0.94487643,0.34,33.94584,0.2666666666666666,0.857142857142857,0.0,1.92754412,1.7011212,1.88975286,0.68
DB01165,131,1,train,5.0,1.0,0.0,0.2727272727272727,0.4545454545454545,0.0,0.8852806,0.893863,0.8953887,0.4183673469387755,0.0,0.2727272727272727,0.4545454545454545,0.0,0.8852806,0.893863,0.8953887,0.4183673469387755
DB00997,257,1,train,4.0,13.0,0.420453,0.0,0.2352941176470588,0.0,0.90428233,0.8985078,0.9056767,0.1299435028248587,1.681812,0.0,3.0588235294117645,0.0,11.75567029,11.6806014,11.7737971,1.689265536723163
DB00860,178,1,train,0.0,13.0,0.201102,0.0,0.0,0.0,0.0,0.0,0.0,0.0,0.0,0.0,0.0,0.0,0.0,0.0,0.0,0.0
DB00889,89,1,train,22.0,0.0,0.0,1.0,0.7857142857142857,0.0,0.92308795,0.9545288,0.8902072,0.2952380952380952,0.0,0.0,0.0,0.0,0.0,0.0,0.0,0.0
DB00279,71,1,train,1.0,3.0,0.256438,0.4,0.2962962962962963,0.0,0.8913078,0.859533,0.8074635,0.726027397260274,0.256438,1.2000000000000002,0.8888888888888888,0.0,2.6739234,2.578599,2.4223905,2.178082191780822
DB00441,24,1,train,16.0,2.0,0.306267,0.2,0.2241379310344827,0.0,0.93246925,0.87596065,0.86924124,0.1414141414141414,4.900272,0.4,0.4482758620689654,0.0,1.8649385,1.7519213,1.73848248,0.2828282828282828
DB01080,303,1,train,0.0,1.0,0.376032,0.0,0.0,0.0,0.0,0.0,0.0,0.0,0.0,0.0,0.0,0.0,0.0,0.0,0.0,0.0
DB01173,117,1,train,20.0,8.0,0.153274,0.0666666666666666,0.1833333333333333,0.0,0.89173377,0.9239926,0.87606525,0.4047619047619047,3.06548,0.5333333333333328,1.4666666666666663,0.0,7.13387016,7.3919408,7.008522,3.2380952380952377
DB01296,73,1,train,28.0,4.0,0.776582,0.0,0.375,0.0,0.7971834,0.86031616,0.8818701,0.1182795698924731,21.744296,0.0,1.5,0.0,3.1887336,3.44126464,3.5274804,0.4731182795698924
DB01033,19,1,train,8.0,4.0,0.396785,0.0,0.2894736842105263,0.0,0.9437053,0.8804214,0.862747,0.0933333333333333,3.17428,0.0,1.1578947368421053,0.0,3.7748212,3.5216856,3.450988,0.3733333333333332
DB00287,68,1,train,10.0,2.0,0.476518,1.0,0.5217391304347826,0.0,0.8954675,0.83171463,0.837155,0.4878048780487805,4.76518,2.0,1.0434782608695652,0.0,1.790935,1.66342926,1.67431,0.975609756097561
DB00819,199,1,train,12.0,6.0,0.203291,0.1794871794871795,0.1875,0.0,0.8576913,0.82520354,0.83117366,0.1587301587301587,2.439492,1.0769230769230769,1.125,0.0,5.1461478000000005,4.95122124,4.98704196,0.952380952380952
DB00755,96,1,train,0.0,5.0,0.376314,0.0,0.0,0.0,0.0,0.0,0.0,0.0,0.0,0.0,0.0,0.0,0.0,0.0,0.0,0.0
DB01023,405,1,train,54.0,2.0,0.271532,0.5384615384615384,0.631578947368421,0.0,0.9740546,0.9038638,0.7687064,0.5604395604395604,14.662728,1.0769230769230769,1.263157894736842,0.0,1.9481092,1.8077276,1.5374128,1.120879120879121
DB00455,347,1,train,32.0,2.0,0.471213,1.0,0.42,0.0,0.89948064,0.9073173,0.8481066,0.5714285714285714,15.078816,2.0,0.84,0.0,1.79896128,1.8146346,1.6962132,1.1428571428571428
DB00861,128,1,train,21.0,4.0,0.640926,1.0,0.5806451612903226,0.0,0.957259,0.87691987,0.87568015,0.3943661971830985,13.459446,4.0,2.3225806451612905,0.0,3.829036,3.50767948,3.5027206,1.577464788732394
DB00424,136,1,train,12.0,7.0,0.542604,0.8,0.1774193548387097,0.0,0.86567175,0.83906,0.7635394,0.2448979591836734,6.511248,5.6000000000000005,1.2419354838709675,0.0,6.05970225,5.87342,5.3447758,1.714285714285714
DB00342,347,1,train,32.0,5.0,0.548052,0.8571428571428571,0.42,0.0,0.92761004,0.88801694,0.85221803,0.8636363636363636,17.537664,4.285714285714286,2.1,0.0,4.6380502,4.4400847,4.261090149999999,4.318181818181818
DB00880,316,1,train,10.0,5.0,0.226037,0.2222222222222222,0.3888888888888889,0.0,0.9588807,0.9019507,0.8818917,0.3246753246753247,2.26037,1.1111111111111112,1.9444444444444444,0.0,4.7944035000000005,4.5097535,4.4094585,1.6233766233766234
DB00414,43,1,train,14.0,3.0,0.592596,0.5,0.8888888888888888,0.0,0.7169646,0.9387632,0.93329906,0.5684210526315789,8.296344,1.5,2.6666666666666665,0.0,2.1508938,2.8162896,2.79989718,1.7052631578947368
DB08824,162,1,train,4.0,0.0,0.0,0.0,0.0232558139534883,0.0,0.64832103,0.6750009,0.63881046,0.1568627450980392,0.0,0.0,0.0,0.0,0.0,0.0,0.0,0.0
DB01204,331,1,train,10.0,6.0,0.368182,1.0,0.4680851063829787,0.0,0.84187675,0.9157712,0.8200642,0.2024539877300613,3.68182,6.0,2.808510638297872,0.0,5.0512605,5.4946272,4.9203852,1.2147239263803675
DB00424,370,1,train,12.0,7.0,0.755165,0.6666666666666666,0.1774193548387097,0.0,0.86567175,0.83906,0.7635394,0.2376237623762376,9.06198,4.666666666666666,1.2419354838709675,0.0,6.05970225,5.87342,5.3447758,1.6633663366336633
DB01003,322,1,train,21.0,1.0,0.224151,0.0,0.4375,0.0,0.9099356,0.86292964,0.90518373,0.3125,4.707171,0.0,0.4375,0.0,0.9099356,0.86292964,0.90518373,0.3125
DB00843,369,1,train,5.0,8.0,0.667457,0.1794871794871795,0.4545454545454545,0.0,0.9344021,0.86180466,0.90646344,0.2260869565217391,3.337285,1.435897435897436,3.636363636363636,0.0,7.4752168,6.89443728,7.25170752,1.8086956521739128
DB00936,38,1,train,5.0,3.0,0.32786,0.0,0.1041666666666666,0.0,0.78746814,0.84830385,0.7603353,0.108695652173913,1.6393,0.0,0.3124999999999998,0.0,2.36240442,2.54491155,2.2810059000000003,0.326086956521739
DB00262,239,1,train,11.0,4.0,0.288379,0.0,0.2571428571428571,0.0,0.84615314,0.9063339,0.849424,0.2456140350877192,3.172169,0.0,1.0285714285714285,0.0,3.38461256,3.6253356,3.397696,0.9824561403508768
DB08799,362,1,train,37.0,3.0,0.998501,1.0,0.5,0.0,0.94069296,0.99706984,0.8481066,0.3260869565217391,36.944537,3.0,1.5,0.0,2.8220788800000003,2.99120952,2.5443198,0.9782608695652172
DB00674,37,1,train,10.0,7.0,0.519935,0.4,0.4666666666666667,0.0,0.9195075,0.76751757,0.89117604,0.2260869565217391,5.199350000000001,2.8000000000000003,3.2666666666666666,0.0,6.4365525,5.37262299,6.23823228,1.5826086956521737
DB00181,44,1,train,7.0,5.0,0.286812,0.0,0.1612903225806451,0.0,0.84127784,0.8272445,0.85967034,0.2266666666666666,2.007684,0.0,0.8064516129032255,0.0,4.2063892,4.136222500000001,4.2983517,1.133333333333333
DB00977,197,1,train,5.0,4.0,0.146671,0.3333333333333333,0.4225352112676056,0.25,0.8379539,0.8551266,0.78531384,0.6301369863013698,0.733355,1.3333333333333333,1.6901408450704225,1.0,3.3518156,3.4205064,3.14125536,2.5205479452054798
DB00163,283,1,train,1.0,10.0,0.262855,0.0,0.3333333333333333,0.0,0.8536645,0.74777704,0.7347099,0.1448275862068965,0.262855,0.0,3.333333333333333,0.0,8.536645,7.4777704,7.347099,1.448275862068965
DB00790,401,1,train,4.0,2.0,0.146655,0.3333333333333333,0.4666666666666667,0.0,0.93487346,0.6752022,0.88520825,0.256198347107438,0.58662,0.6666666666666666,0.9333333333333332,0.0,1.86974692,1.3504044,1.7704165,0.512396694214876
DB01225,112,1,train,1.0,3.0,0.238142,0.0,0.0,0.0,0.8145876,0.8303429,0.70772994,0.0348837209302325,0.238142,0.0,0.0,0.0,2.4437628,2.4910287,2.12318982,0.1046511627906975
DB00126,230,1,train,0.0,1.0,0.235708,0.0,0.0,0.0,0.0,0.0,0.0,0.0,0.0,0.0,0.0,0.0,0.0,0.0,0.0,0.0
DB00712,181,1,train,16.0,6.0,0.453417,1.0,0.6326530612244898,0.0,0.9918701,0.94172573,0.89841676,0.5373134328358209,7.254672,6.0,3.795918367346939,0.0,5.9512206,5.6503543800000005,5.39050056,3.2238805970149254
DB01129,314,1,train,8.0,2.0,0.430743,0.5,0.5254237288135594,0.0,0.99811447,0.8632318,0.8994435,0.6904761904761905,3.445944,1.0,1.0508474576271187,0.0,1.99622894,1.7264636,1.798887,1.380952380952381
DB00203,124,1,train,68.0,2.0,0.177248,0.3333333333333333,0.3043478260869565,0.0,0.8712007,0.8053653,0.8165421,0.2112676056338028,12.052864,0.6666666666666666,0.608695652173913,0.0,1.7424014,1.6107306,1.6330842,0.4225352112676056
DB00392,312,1,train,12.0,7.0,0.542604,0.4,0.4444444444444444,0.0,0.9645966,0.9251827,0.8663941,0.2095238095238095,6.511248,2.8000000000000003,3.1111111111111107,0.0,6.7521762,6.4762789000000005,6.0647587,1.4666666666666666
DB00515,54,1,train,2.0,6.0,0.406313,0.0,0.4482758620689655,0.0,0.86313844,0.92615783,0.67971176,0.0,0.812626,0.0,2.689655172413793,0.0,5.178830639999999,5.556946979999999,4.07827056,0.0
DB00989,364,1,train,10.0,14.0,0.575251,0.0,0.1739130434782608,0.0,0.8483618,0.8836037,0.8597396,0.2083333333333333,5.752509999999999,0.0,2.4347826086956514,0.0,11.8770652,12.3704518,12.0363544,2.916666666666666
DB00843,9,1,train,7.0,8.0,0.419075,0.1794871794871795,0.4545454545454545,0.0,0.9344021,0.86180466,0.90646344,0.2260869565217391,2.933525,1.435897435897436,3.636363636363636,0.0,7.4752168,6.89443728,7.25170752,1.8086956521739128
DB00169,282,1,train,3.0,7.0,0.580102,1.0,0.5483870967741935,0.0,0.8977329,0.65928876,0.883524,0.7954545454545454,1.740306,7.0,3.8387096774193545,0.0,6.284130299999999,4.61502132,6.184668,5.568181818181818
DB00716,183,1,train,27.0,1.0,0.38905,0.1666666666666666,0.1666666666666666,0.0,0.8776631,0.87960535,0.8800426,0.1983471074380165,10.50435,0.1666666666666666,0.1666666666666666,0.0,0.8776631,0.87960535,0.8800426,0.1983471074380165
DB01128,144,1,train,7.0,0.0,0.0,0.3333333333333333,0.4,0.0,0.9290741,0.88869137,0.8492211,0.3125,0.0,0.0,0.0,0.0,0.0,0.0,0.0,0.0
DB01106,359,1,train,36.0,4.0,0.944425,0.5,0.5294117647058824,0.0,0.9399164,0.91642475,0.9183204,0.256,33.9993,2.0,2.117647058823529,0.0,3.7596656,3.665699,3.6732816,1.024
DB01009,128,1,train,21.0,5.0,0.640926,0.6666666666666666,0.5490196078431373,0.0,0.9722893,0.94433886,0.97459346,0.5373134328358209,13.459446,3.333333333333333,2.7450980392156863,0.0,4.8614465,4.7216943,4.8729673,2.686567164179104
DB00958,257,1,train,4.0,3.0,0.19268,0.0,0.4482758620689655,0.0,0.89378756,0.92615783,0.773592,0.0990990990990991,0.77072,0.0,1.3448275862068966,0.0,2.6813626800000003,2.77847349,2.320776,0.2972972972972973
DB00380,185,1,train,0.0,4.0,0.215385,0.0,0.0,0.0,0.0,0.0,0.0,0.0,0.0,0.0,0.0,0.0,0.0,0.0,0.0,0.0
DB00920,359,1,train,36.0,2.0,0.944425,0.5,0.3636363636363636,0.0,0.9249811,0.91642475,0.87786645,0.5357142857142857,33.9993,1.0,0.7272727272727272,0.0,1.8499622,1.8328495,1.7557329,1.0714285714285714
DB01234,280,1,train,32.0,17.0,0.211091,0.4,0.5476190476190477,0.0,0.8789424,0.99999976,0.90589017,0.48,6.754912,6.800000000000001,9.30952380952381,0.0,14.9420208,16.99999592,15.40013289,8.16
DB01406,330,1,train,2.0,4.0,0.069099,0.0,0.1046511627906976,0.0,0.7644098,0.84670186,0.74496543,0.2372881355932203,0.138198,0.0,0.4186046511627904,0.0,3.0576392,3.38680744,2.97986172,0.9491525423728812
DB00481,130,1,train,8.0,2.0,0.252701,0.5,0.1702127659574468,0.0,0.7831573,0.86968446,0.80138576,0.1283783783783783,2.021608,1.0,0.3404255319148936,0.0,1.5663146,1.73936892,1.60277152,0.2567567567567566
DB01030,151,1,train,3.0,0.0,0.0,0.0,0.2558139534883721,0.0,0.84810275,0.8925686,0.91494447,0.1644736842105263,0.0,0.0,0.0,0.0,0.0,0.0,0.0,0.0
DB01200,134,1,train,14.0,0.0,0.0,0.9444444444444444,0.5434782608695652,0.0,0.92684954,1.0,0.9936914,0.1972789115646258,0.0,0.0,0.0,0.0,0.0,0.0,0.0,0.0
DB08801,359,1,train,36.0,4.0,0.944425,0.5,0.5263157894736842,0.0,0.96694505,0.9923285,0.8445288,0.5131578947368421,33.9993,2.0,2.1052631578947367,0.0,3.8677802,3.969314,3.3781152,2.0526315789473686
DB01590,360,1,train,6.0,0.0,0.0,1.0,0.5909090909090909,0.0,0.86435163,0.89875597,0.0,0.8731707317073171,0.0,0.0,0.0,0.0,0.0,0.0,0.0,0.0
DB00320,89,1,train,22.0,2.0,0.28758,0.35,0.2075471698113207,0.0,0.9090673,0.863517,0.8751596,0.2371794871794871,6.32676,0.7,0.4150943396226414,0.0,1.8181346,1.727034,1.7503192,0.4743589743589742
DB00482,403,1,train,0.0,9.0,0.721222,0.0,0.0,0.0,0.0,0.0,0.0,0.0,0.0,0.0,0.0,0.0,0.0,0.0,0.0,0.0
DB00997,24,1,train,16.0,13.0,0.420453,0.25,0.3720930232558139,0.0,0.9138688,0.8989023,0.89143705,1.0,6.727248,3.25,4.83720930232558,0.0,11.8802944,11.6857299,11.58868165,13.0
DB00912,43,1,train,14.0,2.0,0.592596,0.6666666666666666,0.3666666666666666,0.0,0.88335764,0.99845624,1.0000001,0.2764227642276423,8.296344,1.3333333333333333,0.7333333333333332,0.0,1.76671528,1.99691248,2.0000002,0.5528455284552846
DB00611,99,1,train,58.0,0.0,0.0,1.0,0.6296296296296297,0.0,0.9516761,0.8908182,0.8093972,0.3471074380165289,0.0,0.0,0.0,0.0,0.0,0.0,0.0,0.0
DB00619,280,1,train,32.0,4.0,0.166758,0.1379310344827586,0.3968253968253968,0.0,0.9179902,0.9044939,0.8845609,0.3202614379084967,5.336256,0.5517241379310344,1.5873015873015872,0.0,3.6719608,3.6179756,3.5382436,1.2810457516339868
DB01037,309,1,train,9.0,11.0,0.432114,0.0,0.2040816326530612,0.0,0.93939716,0.89169663,0.89800316,0.2592592592592592,3.889026,0.0,2.2448979591836733,0.0,10.33336876,9.80866293,9.87803476,2.851851851851851
DB00755,150,1,train,0.0,5.0,0.216894,0.0,0.0,0.0,0.0,0.0,0.0,0.0,0.0,0.0,0.0,0.0,0.0,0.0,0.0,0.0
DB01122,244,1,train,4.0,0.0,0.0,1.0,0.6470588235294118,0.0,0.8183894,0.87894166,0.851746,0.136,0.0,0.0,0.0,0.0,0.0,0.0,0.0,0.0
DB01394,241,1,train,0.0,0.0,0.0,0.0,0.0,0.0,0.0,0.0,0.0,0.0,0.0,0.0,0.0,0.0,0.0,0.0,0.0,0.0
DB00443,347,1,train,32.0,4.0,0.494446,1.0,0.6376811594202898,0.0,0.89596474,0.9188131,0.8640861,0.7471264367816092,15.822272,4.0,2.550724637681159,0.0,3.58385896,3.6752524,3.4563444,2.9885057471264367
DB00321,81,1,train,3.0,2.0,0.07567,0.1714285714285714,0.1894736842105263,0.0,0.8347422,0.8237721,0.7264528,0.1634615384615384,0.22701,0.3428571428571428,0.3789473684210526,0.0,1.6694844,1.6475442,1.4529056,0.3269230769230768
DB01202,397,1,train,3.0,9.0,0.570219,0.125,0.1875,0.0,0.9472614,0.8393383,0.8755033,0.1607142857142857,1.710657,1.125,1.6875,0.0,8.5253526,7.554044699999999,7.8795297,1.4464285714285712
DB00712,73,1,train,28.0,6.0,0.776582,1.0,0.6326530612244898,0.0,0.9918701,0.92979455,0.89841676,0.5538461538461539,21.744296,6.0,3.795918367346939,0.0,5.9512206,5.5787673,5.39050056,3.3230769230769237
DB00165,228,1,train,6.0,0.0,0.0,0.0,0.0212765957446808,0.0,0.7573049,0.65554476,0.79384536,0.0923076923076923,0.0,0.0,0.0,0.0,0.0,0.0,0.0,0.0
DB00136,130,1,train,8.0,6.0,0.271616,0.5,0.5641025641025641,0.0,0.9905644,0.86968446,0.82117164,0.7802197802197802,2.172928,3.0,3.3846153846153846,0.0,5.9433864,5.21810676,4.927029839999999,4.681318681318682
DB00376,134,1,train,14.0,5.0,0.534972,0.8,0.8333333333333334,0.0,0.9617435,0.8705737,0.8361019,0.953846153846154,7.489608,4.0,4.166666666666667,0.0,4.8087175,4.3528685,4.180509499999999,4.76923076923077
DB00388,396,1,train,10.0,4.0,0.189739,0.0434782608695652,0.3829787234042553,0.25,0.8202398,0.90059114,0.8485635,0.32,1.89739,0.1739130434782608,1.5319148936170213,1.0,3.2809592,3.60236456,3.394254,1.28
DB00472,125,1,train,10.0,3.0,0.104273,0.2857142857142857,0.5833333333333334,0.0,0.97010446,0.8589357,0.8517151,0.28125,1.0427300000000002,0.8571428571428571,1.75,0.0,2.91031338,2.5768071,2.5551453,0.84375
DB00153,94,1,train,13.0,6.0,0.551875,0.0357142857142857,0.4666666666666667,0.0,0.62262666,0.86335325,0.8000023,0.4727272727272727,7.174375,0.2142857142857142,2.8,0.0,3.73575996,5.1801195,4.8000138,2.8363636363636364
DB00434,117,1,train,20.0,10.0,0.753918,0.2857142857142857,0.2954545454545454,0.0,0.9174275,0.86485237,0.81719196,0.5,15.07836,2.8571428571428568,2.954545454545454,0.0,9.174275,8.6485237,8.1719196,5.0
DB00285,76,1,train,9.0,4.0,0.18854,0.2727272727272727,0.3611111111111111,0.0,0.9205264,0.89680624,0.8229723,0.1938775510204081,1.69686,1.0909090909090908,1.4444444444444444,0.0,3.6821056,3.58722496,3.2918892,0.7755102040816324
DB00469,128,1,train,21.0,2.0,0.640926,1.0,0.6206896551724138,0.0,0.957259,0.92103696,0.8911382,0.5308641975308642,13.459446,2.0,1.2413793103448276,0.0,1.914518,1.84207392,1.7822764,1.0617283950617284
DB01231,115,1,train,0.0,1.0,0.158796,0.0,0.0,0.0,0.0,0.0,0.0,0.0,0.0,0.0,0.0,0.0,0.0,0.0,0.0,0.0
DB01037,344,1,train,9.0,11.0,0.764516,0.0,0.2857142857142857,0.0,0.93939716,0.89169663,0.89800316,0.28,6.880644,0.0,3.142857142857143,0.0,10.33336876,9.80866293,9.87803476,3.08
DB00424,81,1,train,3.0,7.0,0.125705,0.1142857142857142,0.088235294117647,0.0,0.8367518,0.8237721,0.7264528,0.1634615384615384,0.377115,0.7999999999999994,0.617647058823529,0.0,5.8572626,5.7664047,5.0851696,1.144230769230769
DB00035,319,1,train,1.0,7.0,0.999925,0.0,0.0198019801980198,0.0,0.7331437,0.56273305,0.8327561,0.1223628691983122,0.999925,0.0,0.1386138613861386,0.0,5.132005899999999,3.93913135,5.8292927,0.8565400843881854
DB00731,43,1,train,14.0,3.0,0.592596,1.0,0.3666666666666666,0.0,0.92979234,0.99845624,1.0000001,0.2764227642276423,8.296344,3.0,1.0999999999999996,0.0,2.78937702,2.99536872,3.0000003,0.8292682926829269
DB00515,151,1,train,3.0,6.0,0.300802,0.0,0.2127659574468085,0.0,0.86313844,0.8925686,0.86980397,0.0,0.902406,0.0,1.2765957446808511,0.0,5.178830639999999,5.3554116,5.21882382,0.0
DB00620,359,1,train,36.0,13.0,0.944425,1.0,0.5223880597014925,0.0,0.9309014,0.9251488,0.8344381,0.8518518518518519,33.9993,13.0,6.791044776119403,0.0,12.1017182,12.0269344,10.8476953,11.074074074074074
DB00307,245,1,train,6.0,1.0,0.129862,0.0,0.22,0.0,0.86209226,0.7399751,0.8298917,0.1838235294117647,0.779172,0.0,0.22,0.0,0.86209226,0.7399751,0.8298917,0.1838235294117647
DB00887,182,1,train,5.0,7.0,0.142593,0.4,0.6578947368421053,0.0,0.9719908,0.92419195,0.79078114,0.3695652173913043,0.712965,2.8000000000000003,4.605263157894737,0.0,6.8039356,6.46934365,5.53546798,2.5869565217391304
DB00153,232,1,train,1.0,6.0,0.496536,0.037037037037037,0.631578947368421,0.0,0.554062,0.8701512,0.789062,0.7391304347826086,0.496536,0.222222222222222,3.789473684210526,0.0,3.3243720000000003,5.2209072,4.7343720000000005,4.434782608695652
DB01182,382,1,train,9.0,0.0,0.0,0.75,0.25,0.0,0.9009868,0.8654413,0.84431356,0.4285714285714285,0.0,0.0,0.0,0.0,0.0,0.0,0.0,0.0
DB00181,325,1,train,4.0,5.0,0.30168,0.0,0.1612903225806451,0.0,0.84127784,0.89516985,0.85967034,0.1875,1.20672,0.0,0.8064516129032255,0.0,4.2063892,4.47584925,4.2983517,0.9375
DB00313,9,1,train,7.0,7.0,0.419075,0.0,0.1485148514851485,0.0,0.7997557,0.8938073,0.8924896,0.1212121212121212,2.933525,0.0,1.0396039603960396,0.0,5.598289899999999,6.2566511,6.2474272,0.8484848484848484
DB00635,183,1,train,27.0,22.0,0.491925,1.0,0.546875,0.0,0.90366346,0.9295209,0.8765129,0.4537037037037037,13.281975,22.0,12.03125,0.0,19.88059612,20.4494598,19.2832838,9.98148148148148
DB00264,405,1,train,54.0,4.0,0.45235,1.0,0.5609756097560976,0.0,0.9419042,0.90891314,0.8675866,0.7619047619047619,24.4269,4.0,2.2439024390243905,0.0,3.7676168,3.63565256,3.4703464,3.0476190476190474
DB00248,320,1,train,0.0,0.0,0.0,0.0,0.0,0.0,0.0,0.0,0.0,0.0,0.0,0.0,0.0,0.0,0.0,0.0,0.0,0.0
DB00661,382,1,train,9.0,6.0,0.907779,0.1621621621621621,0.4084507042253521,0.0,0.8430214,0.90092033,0.84359324,0.2391304347826087,8.170011,0.9729729729729726,2.450704225352113,0.0,5.0581284,5.4055219800000005,5.06155944,1.4347826086956523
DB01067,40,1,train,12.0,2.0,0.536517,1.0,0.7058823529411765,0.0,0.8910826,0.78742814,0.8727716,0.6605504587155964,6.438204000000001,2.0,1.411764705882353,0.0,1.7821652,1.57485628,1.7455432,1.3211009174311927
DB00996,117,1,train,20.0,12.0,0.200336,0.081081081081081,0.1276595744680851,0.0,0.936764,0.877087,0.8702727,0.1011235955056179,4.00672,0.972972972972972,1.5319148936170213,0.0,11.241168,10.525044,10.4432724,1.213483146067415
DB00501,267,1,train,7.0,3.0,0.114011,0.0,0.0581395348837209,0.0,0.8828646,0.84465736,0.81834,0.0972222222222222,0.798077,0.0,0.1744186046511627,0.0,2.6485938,2.53397208,2.45502,0.2916666666666666
DB00635,362,1,train,37.0,22.0,0.998501,1.0,0.4918032786885246,0.0,0.8935325,0.9295207,0.8765129,0.5760869565217391,36.944537,22.0,10.81967213114754,0.0,19.657715,20.4494554,19.2832838,12.673913043478262
DB01008,265,1,train,2.0,4.0,0.340265,0.0,0.3055555555555556,0.0,0.9349213,0.8117764,0.801232,0.0961538461538461,0.68053,0.0,1.2222222222222223,0.0,3.7396852,3.2471056,3.204928,0.3846153846153844
DB00989,390,1,train,9.0,14.0,0.755165,0.0,0.1481481481481481,0.0,0.8483618,0.8474965,0.8597396,0.2352941176470588,6.796485,0.0,2.074074074074073,0.0,11.8770652,11.864951,12.0363544,3.294117647058823
DB01216,174,1,train,13.0,4.0,0.308718,0.0,0.2857142857142857,0.0,0.8451827,0.77479213,0.7396948,0.135593220338983,4.013334,0.0,1.1428571428571428,0.0,3.3807308,3.09916852,2.9587792,0.542372881355932
DB00313,354,1,train,6.0,7.0,0.519935,0.0,0.0930232558139534,0.0,0.7893747,0.8895457,0.8924896,0.1212121212121212,3.11961,0.0,0.6511627906976738,0.0,5.5256229,6.2268199,6.2474272,0.8484848484848484
DB00388,100,1,train,6.0,4.0,0.103159,0.034090909090909,0.3829787234042553,0.0,0.79084694,0.87316793,0.8414082,0.2857142857142857,0.618954,0.136363636363636,1.5319148936170213,0.0,3.16338776,3.49267172,3.3656328,1.1428571428571428
DB00264,118,1,train,4.0,4.0,0.274656,1.0,0.6,0.0,0.93392974,0.85612845,0.894358,0.647887323943662,1.098624,4.0,2.4,0.0,3.73571896,3.4245138,3.577432,2.591549295774648
DB00434,347,1,train,32.0,10.0,0.494446,0.3636363636363636,0.375,0.0,0.91027457,0.8934249,0.8167062,0.4942528735632184,15.822272,3.636363636363636,3.75,0.0,9.1027457,8.934249,8.167062000000001,4.942528735632184
DB01065,295,1,train,0.0,5.0,0.95818,0.0,0.0,0.0,0.0,0.0,0.0,0.0,0.0,0.0,0.0,0.0,0.0,0.0,0.0,0.0
DB01235,312,1,train,12.0,8.0,0.521949,0.7142857142857143,0.2758620689655172,0.0,0.92413,0.8449334,0.81718135,0.2297297297297297,6.263388,5.714285714285714,2.206896551724137,0.0,7.39304,6.7594672,6.5374508,1.8378378378378373
DB00794,385,1,train,4.0,13.0,0.789669,0.1372549019607843,0.1833333333333333,0.0,0.94126576,0.91095,0.80769104,0.2375,3.158676,1.784313725490196,2.383333333333333,0.0,12.23645488,11.84235,10.49998352,3.0875
DB00392,136,1,train,12.0,7.0,0.542604,0.4,0.4444444444444444,0.0,0.9645966,0.9251827,0.89408064,0.3333333333333333,6.511248,2.8000000000000003,3.1111111111111107,0.0,6.7521762,6.4762789000000005,6.25856448,2.333333333333333
DB01234,208,1,train,10.0,17.0,0.276707,0.2,0.4418604651162791,0.0,0.9309014,0.9295207,0.8765129,0.8518518518518519,2.76707,3.4000000000000004,7.511627906976744,0.0,15.8253238,15.8018519,14.9007193,14.48148148148148
DB00421,124,1,train,68.0,5.0,0.271532,0.238095238095238,0.2058823529411764,0.0,0.9372203,0.8484419,0.8635775,0.1338028169014084,18.464176,1.19047619047619,1.029411764705882,0.0,4.6861015,4.2422095,4.3178875,0.669014084507042
DB00843,10,1,train,5.0,8.0,0.667457,0.1794871794871795,0.4545454545454545,0.0,0.9344021,0.86180466,0.90646344,0.2260869565217391,3.337285,1.435897435897436,3.636363636363636,0.0,7.4752168,6.89443728,7.25170752,1.8086956521739128
DB01033,166,1,train,3.0,4.0,0.662351,0.0,0.0638297872340425,0.0,0.83613086,0.81086415,0.72291976,0.042016806722689,1.987053,0.0,0.25531914893617,0.0,3.34452344,3.2434566,2.89167904,0.168067226890756
DB00794,34,1,train,0.0,13.0,0.62293,0.0,0.0,0.0,0.0,0.0,0.0,0.0,0.0,0.0,0.0,0.0,0.0,0.0,0.0,0.0
DB00635,156,1,train,5.0,22.0,0.246839,1.0,0.417910447761194,0.0,0.8773569,0.9295207,0.8765129,0.4455445544554455,1.234195,22.0,9.194029850746269,0.0,19.3018518,20.4494554,19.2832838,9.801980198019802
DB01105,332,1,train,5.0,2.0,0.223479,0.6666666666666666,0.3076923076923077,0.0,0.9100889,0.83876324,0.8830989,0.1794871794871795,1.117395,1.3333333333333333,0.6153846153846154,0.0,1.8201778,1.67752648,1.7661978,0.358974358974359
DB00162,30,1,train,0.0,1.0,0.403132,0.0,0.0,0.0,0.0,0.0,0.0,0.0,0.0,0.0,0.0,0.0,0.0,0.0,0.0,0.0
DB01071,359,1,train,36.0,2.0,0.944425,1.0,0.4166666666666667,0.0,0.8767452,0.9505298,0.99999994,0.5,33.9993,2.0,0.8333333333333334,0.0,1.7534904,1.9010596,1.99999988,1.0
DB00176,125,1,train,10.0,1.0,0.339001,0.3333333333333333,0.5614035087719298,0.0,0.9279939,0.88979536,0.94314754,0.28125,3.39001,0.3333333333333333,0.5614035087719298,0.0,0.9279939,0.88979536,0.94314754,0.28125
DB00443,358,1,train,36.0,4.0,0.94294,1.0,0.6376811594202898,0.0,0.8946521,0.9188131,0.9330202,1.0,33.94584,4.0,2.550724637681159,0.0,3.5786084,3.6752524,3.7320808,4.0
DB00987,280,1,train,32.0,7.0,0.305996,0.0,0.4411764705882353,0.0,0.9164607,0.8893016,0.9778187,0.4852941176470588,9.791872,0.0,3.0882352941176467,0.0,6.4152249,6.225111200000001,6.8447309,3.397058823529412
DB01222,271,1,train,8.0,5.0,0.662351,1.0,0.5571428571428572,0.0,0.9339493,0.99999976,0.84913576,0.6020408163265306,5.298808,5.0,2.7857142857142856,0.0,4.6697465,4.9999988,4.2456788,3.010204081632653
DB00282,129,1,train,3.0,7.0,0.377191,0.0,0.0238095238095238,0.0,0.8333859,0.66690713,0.7581977,0.1296296296296296,1.131573,0.0,0.1666666666666666,0.0,5.8337013,4.66834991,5.3073839,0.9074074074074072
DB00958,20,1,train,4.0,3.0,0.185226,0.0,0.4482758620689655,0.0,0.847063,0.92615783,0.773592,0.091743119266055,0.740904,0.0,1.3448275862068966,0.0,2.541189,2.77847349,2.320776,0.275229357798165
DB00988,94,1,train,13.0,3.0,0.384394,0.0,0.0689655172413793,0.0,0.8278894,0.8331871,0.7912097,0.1447368421052631,4.997122,0.0,0.2068965517241379,0.0,2.4836682,2.4995613,2.3736291,0.4342105263157893
DB00320,117,1,train,20.0,2.0,0.753918,0.6190476190476191,0.8222222222222222,0.0,0.9180576,0.89605623,0.86985266,0.7446808510638298,15.07836,1.238095238095238,1.6444444444444444,0.0,1.8361152,1.79211246,1.73970532,1.4893617021276595
DB01124,43,1,train,14.0,3.0,0.592596,0.6666666666666666,0.7142857142857143,0.0,0.99720573,0.9119417,0.93329906,0.6666666666666666,8.296344,2.0,2.142857142857143,0.0,2.99161719,2.7358251,2.79989718,2.0
DB00861,376,1,train,15.0,4.0,0.089522,1.0,0.5806451612903226,0.0,0.9536432,0.87691987,0.87568015,0.3943661971830985,1.34283,4.0,2.3225806451612905,0.0,3.8145728,3.50767948,3.5027206,1.577464788732394
DB00783,24,1,train,16.0,3.0,0.510791,0.2857142857142857,0.3859649122807017,0.3333333333333333,0.9483936,0.8916625,0.88788575,0.4534883720930232,8.172656,0.8571428571428571,1.157894736842105,1.0,2.8451808,2.6749875000000003,2.66365725,1.3604651162790695
DB01003,166,1,train,3.0,1.0,0.224151,0.0,0.1304347826086956,0.0,0.9099356,0.8047905,0.854501,0.1409395973154362,0.672453,0.0,0.1304347826086956,0.0,0.9099356,0.8047905,0.854501,0.1409395973154362
DB00541,224,1,train,11.0,11.0,0.472558,0.5,0.5833333333333334,0.0,0.9164607,0.9299979,0.893204,0.913793103448276,5.198138,5.5,6.416666666666667,0.0,10.0810677,10.2299769,9.825244,10.051724137931036
DB00695,124,1,train,68.0,9.0,0.384394,0.25,0.6578947368421053,0.0,0.9728829,0.92419195,0.8862541,0.3695652173913043,26.138792,2.25,5.921052631578948,0.0,8.7559461,8.31772755,7.976286900000001,3.326086956521739
DB01203,124,1,train,68.0,3.0,0.271532,1.0,0.5609756097560976,0.0,0.93981755,0.9025623,0.9146352,0.5526315789473685,18.464176,3.0,1.6829268292682928,0.0,2.81945265,2.7076869,2.7439056,1.6578947368421053
DB00490,126,1,train,0.0,2.0,0.26724,0.0,0.0,0.0,0.0,0.0,0.0,0.0,0.0,0.0,0.0,0.0,0.0,0.0,0.0,0.0
DB00181,75,1,train,1.0,5.0,0.286812,0.0,0.032258064516129,0.0,0.8108102,0.8345404,0.5149745,0.0736842105263157,0.286812,0.0,0.161290322580645,0.0,4.054051,4.172702,2.5748725,0.3684210526315785
DB00988,129,1,train,3.0,3.0,0.284176,0.0,0.0689655172413793,0.0,0.79254496,0.67884934,0.7912097,0.1447368421052631,0.852528,0.0,0.2068965517241379,0.0,2.37763488,2.03654802,2.3736291,0.4342105263157893
DB00146,301,1,train,3.0,3.0,0.376072,1.0,0.85,0.0,0.9905644,0.85489434,0.7648005,0.7954545454545454,1.128216,3.0,2.55,0.0,2.9716932,2.56468302,2.2944015,2.386363636363636
DB00987,239,1,train,11.0,7.0,0.370803,0.0,0.4166666666666667,0.0,0.9164607,0.8893016,0.9206786,0.4852941176470588,4.078833,0.0,2.916666666666667,0.0,6.4152249,6.225111200000001,6.4447502,3.397058823529412
DB00191,267,1,train,7.0,2.0,0.255168,0.5,0.4736842105263157,0.0,0.94922805,0.8983952,0.79878545,0.4878048780487805,1.786176,1.0,0.9473684210526314,0.0,1.8984561,1.7967904,1.5975709,0.975609756097561
DB00242,255,1,train,2.0,4.0,0.217618,0.0,0.2727272727272727,0.0,0.7881016,0.7976409,0.78754133,0.3561643835616438,0.435236,0.0,1.0909090909090908,0.0,3.1524064,3.1905636,3.15016532,1.4246575342465753
DB00820,145,1,train,5.0,1.0,0.177248,0.3333333333333333,0.3043478260869565,0.0,0.88599527,0.7963897,0.76585734,0.2222222222222222,0.8862399999999999,0.3333333333333333,0.3043478260869565,0.0,0.88599527,0.7963897,0.76585734,0.2222222222222222
DB00153,310,1,train,3.0,6.0,0.559837,0.037037037037037,0.631578947368421,0.0,0.6360779,0.8701512,0.883524,0.7391304347826086,1.6795110000000002,0.222222222222222,3.789473684210526,0.0,3.8164674,5.2209072,5.301144,4.434782608695652
DB00394,347,1,train,32.0,5.0,0.548052,1.0,0.5555555555555556,0.0,0.9275811,0.8505606,0.94487643,0.4956521739130435,17.537664,5.0,2.7777777777777777,0.0,4.6379055000000005,4.252803,4.72438215,2.4782608695652177
DB00163,354,1,train,6.0,10.0,0.642964,0.0,0.0851063829787234,0.0,0.66172546,0.8491696,0.79183537,0.1,3.857784,0.0,0.851063829787234,0.0,6.6172546,8.491696,7.918353700000001,1.0
DB00993,44,1,train,7.0,6.0,0.395178,0.0,0.2432432432432432,0.0,0.81384,0.82996005,0.7995355,0.1553398058252427,2.766246,0.0,1.4594594594594592,0.0,4.88304,4.9797603,4.797212999999999,0.9320388349514562
DB01070,61,1,train,1.0,6.0,0.559837,0.037037037037037,0.631578947368421,0.0,0.554062,0.8701512,0.789062,0.7391304347826086,0.559837,0.222222222222222,3.789473684210526,0.0,3.3243720000000003,5.2209072,4.7343720000000005,4.434782608695652
DB01202,388,1,train,3.0,9.0,0.999382,0.0,0.1944444444444444,0.0,0.9302739,0.80908906,0.87609833,0.131578947368421,2.998146,0.0,1.7499999999999996,0.0,8.3724651,7.28180154,7.88488497,1.184210526315789
DB01050,99,1,train,58.0,8.0,0.148111,0.4,0.5,0.0,0.88531965,0.90008736,0.88422745,0.4032258064516129,8.590437999999999,3.2,4.0,0.0,7.0825572,7.20069888,7.0738196,3.225806451612903
DB00794,293,1,train,3.0,13.0,0.789632,0.1372549019607843,0.1212121212121212,0.0,0.9390334,0.91095,0.77172816,0.2352941176470588,2.368896,1.784313725490196,1.5757575757575757,0.0,12.2074342,11.84235,10.03246608,3.0588235294117645
DB00221,183,1,train,27.0,2.0,0.38905,1.0,0.7916666666666666,0.0,0.87985784,0.85620564,0.8311375,0.6037735849056604,10.50435,2.0,1.5833333333333333,0.0,1.75971568,1.71241128,1.662275,1.2075471698113207
DB00200,137,1,train,1.0,1.0,0.122494,0.4444444444444444,0.5294117647058824,0.0,0.7535566,0.8498868,0.80401385,0.4660766961651917,0.122494,0.4444444444444444,0.5294117647058824,0.0,0.7535566,0.8498868,0.80401385,0.4660766961651917
DB00563,222,1,train,6.0,20.0,0.226091,0.0,0.125,0.0,0.820255,0.8673857,0.810834,0.1020408163265306,1.3565459999999998,0.0,2.5,0.0,16.405099999999997,17.347714,16.21668,2.040816326530612
DB00502,152,1,train,3.0,2.0,0.254253,0.5,0.4716981132075472,0.0,0.92025256,0.92751217,0.833198,0.3008849557522124,0.762759,1.0,0.9433962264150944,0.0,1.84050512,1.85502434,1.666396,0.6017699115044248
DB00193,99,1,train,58.0,4.0,0.146914,0.4166666666666667,0.4313725490196078,0.0,0.90661,0.908263,0.90009874,0.4155844155844156,8.521011999999999,1.6666666666666667,1.7254901960784312,0.0,3.62644,3.633052,3.60039496,1.6623376623376624
DB00167,262,1,train,3.0,3.0,0.184598,0.0,0.0,0.0,0.464473,0.5757438,0.48224074,0.0344827586206896,0.553794,0.0,0.0,0.0,1.3934190000000002,1.7272314,1.44672222,0.1034482758620688
DB00883,145,1,train,5.0,3.0,0.19076,0.0,0.1052631578947368,0.0,0.8502501,0.8053653,0.76585734,0.0754716981132075,0.9538,0.0,0.3157894736842104,0.0,2.5507503,2.4160959,2.29757202,0.2264150943396225
DB01186,135,1,train,14.0,6.0,0.555551,0.7777777777777778,0.3902439024390244,0.0,0.7898225,0.8272021,0.8460039,0.35,7.777714,4.666666666666667,2.341463414634146,0.0,4.738935,4.9632126,5.0760234,2.1
DB00489,404,1,train,4.0,1.0,0.907779,0.2,0.1509433962264151,0.0,0.8293929,0.8509434,0.83545613,0.4457831325301205,3.631116,0.2,0.1509433962264151,0.0,0.8293929,0.8509434,0.83545613,0.4457831325301205
DB00393,328,1,train,7.0,1.0,0.288836,0.0,0.1052631578947368,0.0,0.8333013,0.85560834,0.8215116,0.1967213114754098,2.021852,0.0,0.1052631578947368,0.0,0.8333013,0.85560834,0.8215116,0.1967213114754098
DB00605,181,1,train,16.0,5.0,0.453417,0.2857142857142857,0.7407407407407407,0.0,0.96337926,0.91777956,0.87568015,0.3269230769230769,7.254672,1.4285714285714284,3.7037037037037033,0.0,4.8168963,4.5888978,4.37840075,1.6346153846153846
DB00996,293,1,train,3.0,12.0,0.656311,0.125,0.1875,0.0,0.9472614,0.8393383,0.9071015,0.1607142857142857,1.968933,1.5,2.25,0.0,11.3671368,10.0720596,10.885218,1.9285714285714284
DB00589,135,1,train,14.0,6.0,0.555551,0.7777777777777778,0.3902439024390244,0.0,0.7991788,0.88269717,0.84428847,0.35,7.777714,4.666666666666667,2.341463414634146,0.0,4.7950728,5.29618302,5.06573082,2.1
DB01219,227,1,train,0.0,12.0,0.351381,0.0,0.0,0.0,0.0,0.0,0.0,0.0,0.0,0.0,0.0,0.0,0.0,0.0,0.0,0.0
DB00214,405,1,train,54.0,5.0,0.271532,0.4,0.3902439024390244,0.0,0.9728829,0.8862155,0.9016603,0.2571428571428571,14.662728,2.0,1.951219512195122,0.0,4.8644145,4.431077500000001,4.5083015,1.2857142857142856
DB00268,37,1,train,10.0,7.0,0.442152,0.4,0.5,0.0,0.97908425,0.84647477,0.8640535,0.1594202898550724,4.42152,2.8000000000000003,3.5,0.0,6.85358975,5.92532339,6.0483745,1.1159420289855069
DB00751,362,1,train,37.0,2.0,0.998501,0.25,0.3170731707317073,0.0,0.9421206,0.9002207,0.92880625,0.3157894736842105,36.944537,0.5,0.6341463414634146,0.0,1.8842412,1.8004414,1.8576125,0.631578947368421
DB00354,89,1,train,22.0,0.0,0.0,0.3333333333333333,0.4761904761904761,0.0,0.9539749,1.0,0.99943554,0.5566037735849056,0.0,0.0,0.0,0.0,0.0,0.0,0.0,0.0
DB00997,158,1,train,1.0,13.0,0.266873,0.0,0.2916666666666667,0.0,0.7629931,0.7623632,0.76373094,0.1016949152542373,0.266873,0.0,3.791666666666667,0.0,9.9189103,9.9107216,9.92850222,1.3220338983050848
DB00542,405,1,train,54.0,2.0,0.271532,1.0,0.8333333333333334,0.0,0.9363816,0.9356447,0.86076707,0.5614035087719298,14.662728,2.0,1.6666666666666667,0.0,1.8727632,1.8712894,1.72153414,1.1228070175438596
DB00762,280,1,train,32.0,2.0,0.442665,0.2,0.4150943396226415,0.0,0.89762443,0.89861375,0.8354598,0.2151898734177215,14.16528,0.4,0.830188679245283,0.0,1.79524886,1.7972275,1.6709196,0.430379746835443
DB01035,28,1,train,11.0,1.0,0.240112,0.3333333333333333,0.3409090909090909,0.0,0.9121397,0.93367285,0.8319168,0.2641509433962264,2.641232,0.3333333333333333,0.3409090909090909,0.0,0.9121397,0.93367285,0.8319168,0.2641509433962264
DB00178,124,1,train,68.0,2.0,0.271532,0.5,0.8333333333333334,0.0,0.9281427,0.9356447,0.90571564,0.9431818181818182,18.464176,1.0,1.6666666666666667,0.0,1.8562854,1.8712894,1.81143128,1.8863636363636365
DB00999,182,1,train,5.0,5.0,0.142593,0.0,0.45,0.0,0.9194595,0.8443742,0.86322844,0.3076923076923077,0.712965,0.0,2.25,0.0,4.5972975,4.221871,4.3161422,1.5384615384615383
DB00515,224,1,train,11.0,6.0,0.374066,0.0,0.2127659574468085,0.0,0.9300825,0.8985078,0.9056767,0.0526315789473684,4.114726,0.0,1.2765957446808511,0.0,5.580495,5.3910468,5.4340602,0.3157894736842104
DB00480,247,1,train,9.0,0.0,0.0,0.1666666666666666,0.2448979591836734,0.0,0.827536,0.88215697,0.8582484,0.5362318840579711,0.0,0.0,0.0,0.0,0.0,0.0,0.0,0.0
DB01068,181,1,train,16.0,7.0,0.434151,0.0,0.1147540983606557,0.0,0.74880356,0.8660737,0.7977086,0.2777777777777778,6.946416,0.0,0.80327868852459,0.0,5.2416249200000005,6.062515899999999,5.5839602,1.9444444444444449
DB01042,252,1,train,3.0,2.0,0.218129,0.0,0.3571428571428571,0.0,0.82546455,0.8987232,0.75438446,0.1012658227848101,0.6543869999999999,0.0,0.7142857142857142,0.0,1.6509291,1.7974464,1.50876892,0.2025316455696202
DB01099,190,1,train,4.0,1.0,0.516451,0.0,0.1304347826086956,0.0,0.8010734,0.88650584,0.92490166,0.0555555555555555,2.065804,0.0,0.1304347826086956,0.0,0.8010734,0.88650584,0.92490166,0.0555555555555555
DB00180,183,1,train,27.0,1.0,0.38905,1.0,0.5135135135135135,0.0,0.97870773,0.91718125,0.8954917,0.5740740740740741,10.50435,1.0,0.5135135135135135,0.0,0.97870773,0.91718125,0.8954917,0.5740740740740741
DB00346,174,1,train,13.0,1.0,0.049705,1.0,0.5,0.0,0.96667135,0.9055502,0.8636656,0.5288461538461539,0.646165,1.0,0.5,0.0,0.96667135,0.9055502,0.8636656,0.5288461538461539
DB00163,408,1,train,5.0,10.0,0.635851,0.0,0.0851063829787234,0.0,0.66172546,0.8491696,0.79183537,0.099236641221374,3.1792550000000004,0.0,0.851063829787234,0.0,6.6172546,8.491696,7.918353700000001,0.99236641221374
DB00412,41,1,train,11.0,3.0,0.544787,0.125,0.6216216216216216,0.0,0.9473942,0.90435755,0.81285036,0.6,5.992657,0.375,1.864864864864865,0.0,2.8421826,2.71307265,2.43855108,1.7999999999999998
DB01026,190,1,train,4.0,0.0,0.0,0.1,0.4090909090909091,0.0,0.94878364,0.9278457,0.8981071,0.5375,0.0,0.0,0.0,0.0,0.0,0.0,0.0,0.0
DB01240,269,1,train,4.0,3.0,0.342198,0.3333333333333333,0.64,0.0,0.8721032,0.7505578,0.84250796,0.4489795918367347,1.368792,1.0,1.92,0.0,2.6163096,2.2516734,2.52752388,1.346938775510204
DB00706,99,1,train,58.0,2.0,0.049705,1.0,0.5,0.0,0.90337956,0.927989,0.82495266,0.2767857142857143,2.88289,2.0,1.0,0.0,1.80675912,1.855978,1.64990532,0.5535714285714286
DB00564,164,1,train,4.0,5.0,0.141894,0.0153846153846153,0.1170212765957446,0.0,0.83954114,0.83584857,0.81403,0.1842105263157894,0.567576,0.0769230769230765,0.585106382978723,0.0,4.1977057,4.17924285,4.07015,0.921052631578947
DB00749,99,1,train,58.0,4.0,0.093951,0.6666666666666666,0.6176470588235294,0.0,0.967904,0.93078953,0.9306223,0.2307692307692307,5.449158000000001,2.6666666666666665,2.4705882352941178,0.0,3.871616,3.72315812,3.7224892,0.9230769230769228
DB01248,114,1,train,2.0,4.0,0.401914,0.0,0.1860465116279069,0.0,0.82601875,0.7544271,0.73103535,0.054054054054054,0.803828,0.0,0.7441860465116276,0.0,3.304075,3.0177084,2.9241414,0.216216216216216
DB01235,1,1,train,8.0,8.0,0.273099,0.7142857142857143,0.3448275862068966,0.0,0.9347576,0.8315632,0.8395817,0.5490196078431373,2.184792,5.714285714285714,2.7586206896551726,0.0,7.4780608,6.6525056,6.7166536,4.392156862745098
DB01222,188,1,train,11.0,5.0,0.112017,0.0,0.123076923076923,1.0,0.9224514,0.86628115,0.77579004,0.1679389312977099,1.232187,0.0,0.615384615384615,5.0,4.6122570000000005,4.33140575,3.8789502,0.8396946564885495
DB00490,256,1,train,0.0,2.0,0.622906,0.0,0.0,0.0,0.0,0.0,0.0,0.0,0.0,0.0,0.0,0.0,0.0,0.0,0.0,0.0
DB01170,405,1,train,54.0,1.0,0.271532,1.0,0.2105263157894736,0.0,0.90221477,0.91073525,0.96799695,0.3174603174603174,14.662728,1.0,0.2105263157894736,0.0,0.90221477,0.91073525,0.96799695,0.3174603174603174
DB00589,364,1,train,10.0,6.0,0.574146,0.7777777777777778,0.3902439024390244,0.0,0.76222223,0.88148415,0.8088099,0.35,5.74146,4.666666666666667,2.341463414634146,0.0,4.57333338,5.2889049,4.8528594,2.1
DB00328,392,1,train,20.0,10.0,0.776582,0.4,0.4918032786885246,0.0,0.84023786,0.7904116,0.9306223,0.4069767441860465,15.53164,4.0,4.918032786885246,0.0,8.4023786,7.904116,9.306223,4.069767441860465
DB00264,21,1,train,5.0,4.0,0.274656,1.0,0.6,0.0,0.93392974,0.8854198,0.894358,0.647887323943662,1.37328,4.0,2.4,0.0,3.73571896,3.5416792,3.577432,2.591549295774648
DB01193,405,1,train,54.0,1.0,0.271532,1.0,0.6060606060606061,0.0,0.9051073,0.89664257,0.85023737,0.4302325581395348,14.662728,1.0,0.6060606060606061,0.0,0.9051073,0.89664257,0.85023737,0.4302325581395348
DB00275,405,1,train,54.0,1.0,0.271532,1.0,0.4782608695652174,0.0,0.91753304,0.84461284,0.8746634,0.5126050420168067,14.662728,1.0,0.4782608695652174,0.0,0.91753304,0.84461284,0.8746634,0.5126050420168067
DB00751,358,1,train,36.0,2.0,0.998501,0.3636363636363636,0.3658536585365853,0.0,0.9421206,0.9002207,0.92880625,0.313953488372093,35.946036,0.7272727272727272,0.7317073170731706,0.0,1.8842412,1.8004414,1.8576125,0.627906976744186
DB01012,400,1,train,0.0,0.0,0.0,0.0,0.0,0.0,0.0,0.0,0.0,0.0,0.0,0.0,0.0,0.0,0.0,0.0,0.0,0.0
DB00186,243,1,train,9.0,2.0,0.125569,1.0,0.4736842105263157,0.0,0.9264325,0.86241615,0.81750447,0.3516483516483517,1.130121,2.0,0.9473684210526314,0.0,1.852865,1.7248323,1.63500894,0.7032967032967034
DB00349,365,1,train,5.0,0.0,0.0,0.9411764705882352,0.2888888888888888,0.0,0.93554664,0.8555416,0.82459474,0.3010752688172043,0.0,0.0,0.0,0.0,0.0,0.0,0.0,0.0
DB00444,208,1,train,10.0,5.0,0.370803,1.0,0.4130434782608695,0.0,0.8891549,0.8964589,0.86198074,0.2239583333333333,3.70803,5.0,2.065217391304348,0.0,4.4457745,4.4822945,4.3099037,1.1197916666666663
DB00268,370,1,train,12.0,7.0,0.755165,0.5294117647058824,0.5,0.0,0.97908425,0.926803,0.8586558,0.2688172043010752,9.06198,3.7058823529411766,3.5,0.0,6.85358975,6.487621000000001,6.0105906,1.8817204301075263
DB01174,163,1,train,14.0,6.0,0.131993,0.1785714285714285,0.5384615384615384,0.0,0.75338185,0.87931055,0.7634273,0.6428571428571429,1.847902,1.071428571428571,3.230769230769231,0.0,4.5202911,5.2758633,4.5805638,3.8571428571428577
DB00880,188,1,train,11.0,5.0,0.3638,0.2,0.3888888888888889,0.0,0.9588807,0.9019507,0.8116697,0.3246753246753247,4.0018,1.0,1.9444444444444444,0.0,4.7944035000000005,4.5097535,4.0583485,1.6233766233766234
DB08907,338,1,train,0.0,6.0,0.879754,0.0,0.0,0.0,0.0,0.0,0.0,0.0,0.0,0.0,0.0,0.0,0.0,0.0,0.0,0.0
DB00176,378,1,train,3.0,1.0,0.339001,0.25,0.3846153846153846,0.0,0.93679535,0.8363059,0.8660294,0.1359223300970873,1.017003,0.25,0.3846153846153846,0.0,0.93679535,0.8363059,0.8660294,0.1359223300970873
DB01046,6,1,train,3.0,0.0,0.0,0.0,0.0833333333333333,0.0,0.8284422,0.64317584,0.7181134,0.1788617886178861,0.0,0.0,0.0,0.0,0.0,0.0,0.0,0.0
DB00136,93,1,train,3.0,6.0,0.551875,0.5,0.5666666666666667,0.0,0.89333063,0.86335325,0.8000023,0.6161616161616161,1.655625,3.0,3.4,0.0,5.35998378,5.1801195,4.8000138,3.696969696969697
DB01196,144,1,train,7.0,1.0,0.508742,0.5,0.1621621621621621,0.0,0.9050339,0.82919955,0.84019893,0.5795454545454546,3.5611940000000004,0.5,0.1621621621621621,0.0,0.9050339,0.82919955,0.84019893,0.5795454545454546
DB01174,226,1,train,0.0,6.0,0.525938,0.0,0.0,0.0,0.0,0.0,0.0,0.0,0.0,0.0,0.0,0.0,0.0,0.0,0.0,0.0
DB01234,55,1,train,3.0,17.0,0.175952,0.2,0.4418604651162791,0.0,0.9309014,0.8535798,0.76932895,0.8518518518518519,0.527856,3.4000000000000004,7.511627906976744,0.0,15.8253238,14.5108566,13.07859215,14.48148148148148
DB00357,275,1,train,1.0,0.0,0.0,0.0,0.0,0.0,0.7793386,0.66279876,0.6805744,0.1358024691358024,0.0,0.0,0.0,0.0,0.0,0.0,0.0,0.0
DB00819,316,1,train,10.0,6.0,0.135348,0.2222222222222222,0.2857142857142857,0.0,0.9282358,0.89444876,0.80350363,0.1818181818181818,1.35348,1.3333333333333333,1.7142857142857142,0.0,5.5694148000000006,5.36669256,4.821021780000001,1.0909090909090908
DB00989,408,1,train,5.0,14.0,0.803456,0.6666666666666666,0.3448275862068966,0.0,0.9759848,0.8837457,0.95241237,0.131578947368421,4.01728,9.333333333333332,4.827586206896552,0.0,13.6637872,12.3724398,13.33377318,1.8421052631578936
DB00465,99,1,train,58.0,1.0,0.062449,1.0,0.5757575757575758,0.0,0.9695544,0.9413089,0.8874245,0.3181818181818182,3.622042,1.0,0.5757575757575758,0.0,0.9695544,0.9413089,0.8874245,0.3181818181818182
DB01069,358,1,train,36.0,4.0,0.94294,0.0795454545454545,0.3404255319148936,0.0,0.87634784,0.90989697,0.89413625,0.8,33.94584,0.318181818181818,1.3617021276595744,0.0,3.50539136,3.63958788,3.576545,3.2
DB01194,68,1,train,10.0,3.0,0.626537,0.0,0.2,0.0,0.9326043,0.75664485,0.8845833,0.1272727272727272,6.26537,0.0,0.6000000000000001,0.0,2.7978129000000003,2.2699345500000003,2.6537499,0.3818181818181816
DB00014,144,1,train,7.0,3.0,0.510791,0.0,0.1463414634146341,0.3333333333333333,0.88647246,0.86929065,0.66064733,0.1685714285714285,3.575537,0.0,0.4390243902439023,1.0,2.65941738,2.6078719500000003,1.98194199,0.5057142857142856
DB00367,153,1,train,6.0,1.0,0.283197,0.5,0.6875,0.0,0.8579346,0.9293369,0.84299934,0.7887323943661971,1.699182,0.5,0.6875,0.0,0.8579346,0.9293369,0.84299934,0.7887323943661971
DB00635,5,1,train,1.0,22.0,0.28471,1.0,0.5,0.0,0.8909983,0.9295207,0.9588356,0.7108433734939759,0.28471,22.0,11.0,0.0,19.6019626,20.4494554,21.0943832,15.638554216867467
DB00638,221,1,train,5.0,0.0,0.0,0.0,0.0294117647058823,0.0,0.6606091,0.67899925,0.7807288,0.0096930533117932,0.0,0.0,0.0,0.0,0.0,0.0,0.0,0.0
DB01041,235,1,train,1.0,1.0,0.160948,0.0,0.0879120879120879,0.0,0.7189843,0.7696259,0.72979313,0.1099476439790576,0.160948,0.0,0.0879120879120879,0.0,0.7189843,0.7696259,0.72979313,0.1099476439790576
DB00169,130,1,train,8.0,7.0,0.401042,1.0,0.5641025641025641,0.0,0.8977329,0.6514277,0.883524,0.7954545454545454,3.208336,7.0,3.948717948717949,0.0,6.284130299999999,4.5599939,6.184668,5.568181818181818
DB00835,358,1,train,36.0,4.0,0.998501,0.8571428571428571,0.5882352941176471,0.0,0.87819475,0.9099112,0.91806746,0.6825396825396826,35.946036,3.4285714285714284,2.3529411764705883,0.0,3.512779,3.6396448,3.67226984,2.7301587301587302
DB01080,353,1,train,1.0,1.0,0.376032,0.0,0.1578947368421052,0.0,0.7362233,0.74062735,0.7782694,0.0379746835443038,0.376032,0.0,0.1578947368421052,0.0,0.7362233,0.74062735,0.7782694,0.0379746835443038
DB00444,272,1,train,4.0,5.0,0.472558,1.0,0.3061224489795918,0.0,0.87740463,0.9007664,0.8270408,0.1494252873563218,1.890232,5.0,1.5306122448979589,0.0,4.38702315,4.503832,4.135204,0.747126436781609
DB00883,401,1,train,4.0,3.0,0.19076,0.0,0.0862068965517241,0.0,0.8575872,0.76635605,0.8392002,0.0973451327433628,0.76304,0.0,0.2586206896551723,0.0,2.5727616,2.29906815,2.5176006,0.2920353982300884
DB01173,390,1,train,9.0,8.0,0.997595,0.1111111111111111,0.1774193548387097,0.0,0.86567175,0.9071313,0.90129733,0.3333333333333333,8.978355,0.8888888888888888,1.4193548387096775,0.0,6.925374,7.2570504,7.21037864,2.6666666666666665
DB00620,27,1,train,4.0,13.0,0.362645,0.0,0.1182795698924731,0.0,0.85865635,0.8427248,0.8682194,0.0796019900497512,1.45058,0.0,1.5376344086021505,0.0,11.16253255,10.9554224,11.2868522,1.0348258706467657
DB00814,56,1,train,3.0,4.0,0.107627,0.6666666666666666,0.4210526315789473,0.0,0.9004247,0.9253236,0.85948914,0.2,0.322881,2.6666666666666665,1.6842105263157892,0.0,3.6016988,3.7012944,3.43795656,0.8
DB00492,221,1,train,5.0,3.0,0.209994,1.0,0.5416666666666666,0.0,0.9191715,1.0000001,0.8747977,0.4626865671641791,1.0499699999999998,3.0,1.625,0.0,2.7575145,3.0000003,2.6243931,1.388059701492537
DB00928,255,1,train,2.0,1.0,0.0,0.0,0.2727272727272727,0.0,0.7881016,0.85825896,0.79879475,0.3561643835616438,0.0,0.0,0.2727272727272727,0.0,0.7881016,0.85825896,0.79879475,0.3561643835616438
DB01037,136,1,train,12.0,11.0,0.555551,0.0,0.2857142857142857,0.0,0.93939716,0.89169663,0.8499895,0.28,6.666612000000001,0.0,3.142857142857143,0.0,10.33336876,9.80866293,9.3498845,3.08
DB01073,239,1,train,11.0,4.0,0.370803,0.6666666666666666,0.59375,0.0,0.707415,0.9305254,0.9206786,0.6666666666666666,4.078833,2.6666666666666665,2.375,0.0,2.82966,3.7221016,3.6827144,2.6666666666666665
DB00387,312,1,train,12.0,7.0,0.542604,0.8,0.4444444444444444,0.0,0.9645966,0.9251827,0.8766889,0.2448979591836734,6.511248,5.6000000000000005,3.1111111111111107,0.0,6.7521762,6.4762789000000005,6.1368223,1.714285714285714
DB00524,405,1,train,54.0,1.0,0.271532,1.0,0.6296296296296297,0.0,0.9363816,0.91944337,0.8249713,0.4239130434782608,14.662728,1.0,0.6296296296296297,0.0,0.9363816,0.91944337,0.8249713,0.4239130434782608
DB00334,125,1,train,10.0,2.0,0.300679,0.5405405405405406,0.4705882352941176,0.0,0.9698194,0.8731771,0.8945252,0.3714285714285714,3.00679,1.0810810810810811,0.9411764705882352,0.0,1.9396388,1.7463542,1.7890504,0.7428571428571428
DB00328,236,1,train,0.0,10.0,0.143571,0.0,0.0,0.0,0.0,0.0,0.0,0.0,0.0,0.0,0.0,0.0,0.0,0.0,0.0,0.0
DB01088,88,1,train,4.0,3.0,0.404717,0.0,0.088235294117647,0.0,0.7701645,0.8445487,0.8155732,0.1,1.618868,0.0,0.264705882352941,0.0,2.3104935,2.5336461000000003,2.4467196,0.3
DB01234,196,1,train,11.0,17.0,0.277487,0.2,0.4523809523809524,0.0,0.88326204,0.99999976,0.88083225,0.5051546391752577,3.052357,3.4000000000000004,7.690476190476191,0.0,15.01545468,16.99999592,14.97414825,8.587628865979381
DB00181,160,1,train,1.0,5.0,0.30168,0.0,0.1794871794871795,0.0,0.7485453,0.71380985,0.81415594,0.1975308641975308,0.30168,0.0,0.8974358974358975,0.0,3.7427265,3.56904925,4.0707797,0.987654320987654
DB00909,228,1,train,6.0,10.0,0.320557,0.1794871794871795,0.1875,0.0,0.93164325,0.8556307,0.8755034,0.1720430107526881,1.923342,1.794871794871795,1.875,0.0,9.3164325,8.556307,8.755034,1.720430107526881
DB01406,196,1,train,11.0,4.0,0.327362,0.0,0.1052631578947368,0.0,0.8544021,0.81573546,0.78784364,0.3148148148148148,3.600982,0.0,0.4210526315789472,0.0,3.4176084,3.26294184,3.15137456,1.2592592592592593
DB00451,71,1,train,1.0,3.0,0.256438,0.4,0.2962962962962963,0.0,0.89130783,0.8595331,0.8074636,0.726027397260274,0.256438,1.2000000000000002,0.8888888888888888,0.0,2.67392349,2.5785993,2.4223908,2.178082191780822
DB00501,298,1,train,7.0,3.0,0.114011,1.0,0.3846153846153846,0.0,0.945073,0.86420274,0.87072396,0.2619047619047619,0.798077,3.0,1.1538461538461535,0.0,2.8352190000000004,2.59260822,2.61217188,0.7857142857142858
DB00531,245,1,train,6.0,0.0,0.0,0.2,0.2777777777777778,0.0,0.9051248,0.9819596,0.8059578,0.3333333333333333,0.0,0.0,0.0,0.0,0.0,0.0,0.0,0.0
DB01009,181,1,train,16.0,5.0,0.453417,0.6666666666666666,0.6170212765957447,0.0,0.9722893,0.94433886,0.97459346,0.5373134328358209,7.254672,3.333333333333333,3.0851063829787235,0.0,4.8614465,4.7216943,4.8729673,2.686567164179104
DB00714,134,1,train,14.0,6.0,0.534972,0.8235294117647058,0.2539682539682539,0.0,0.9204538,0.87155557,0.8495749,0.247191011235955,7.489608,4.941176470588236,1.5238095238095233,0.0,5.5227228,5.22933342,5.0974494,1.48314606741573
DB00163,174,1,train,13.0,10.0,0.147073,0.0,0.1025641025641025,0.0,0.7357158,0.8685937,0.82501215,0.1437908496732026,1.911949,0.0,1.025641025641025,0.0,7.357158,8.685937000000001,8.2501215,1.437908496732026
DB00745,361,1,train,2.0,3.0,0.171534,0.1111111111111111,0.1612903225806451,0.0,0.6883761,0.724162,0.7567473,0.2615384615384615,0.343068,0.3333333333333333,0.4838709677419353,0.0,2.0651283,2.172486,2.2702419000000003,0.7846153846153845
DB00541,272,1,train,4.0,11.0,0.472558,0.0,0.2452830188679245,0.0,0.9164607,0.8341804,0.7563932,0.1494252873563218,1.890232,0.0,2.698113207547169,0.0,10.0810677,9.1759844,8.3203252,1.6436781609195397
DB08835,362,1,train,37.0,3.0,0.998501,0.0,0.3333333333333333,0.0,0.8304944,0.9002207,0.0,0.1797752808988764,36.944537,0.0,1.0,0.0,2.4914832,2.7006621,0.0,0.5393258426966292
DB00216,117,1,train,20.0,3.0,0.753918,1.0,0.7368421052631579,0.0,0.9013528,0.7466968,0.83004093,0.4019607843137255,15.07836,3.0,2.210526315789473,0.0,2.7040584,2.2400904,2.49012279,1.2058823529411766
DB00719,347,1,train,32.0,4.0,0.548052,1.0,0.4375,0.0,0.96377206,0.9271333,0.9682553,0.5714285714285714,17.537664,4.0,1.75,0.0,3.85508824,3.7085332,3.8730212,2.2857142857142856
DB00257,190,1,train,4.0,1.0,0.516451,0.1,0.4166666666666667,0.0,0.94878364,0.9278457,0.85955024,0.2393162393162393,2.065804,0.1,0.4166666666666667,0.0,0.94878364,0.9278457,0.85955024,0.2393162393162393
DB00203,145,1,train,5.0,2.0,0.342198,0.3333333333333333,0.3043478260869565,0.0,0.8712007,0.8053653,0.69330835,0.188235294117647,1.71099,0.6666666666666666,0.608695652173913,0.0,1.7424014,1.6107306,1.3866167,0.376470588235294
DB00635,298,1,train,7.0,22.0,0.32167,1.0,0.5,0.0,0.8909983,0.9295207,0.9588356,0.7108433734939759,2.25169,22.0,11.0,0.0,19.6019626,20.4494554,21.0943832,15.638554216867467
DB00323,364,1,train,10.0,7.0,0.575251,1.0,0.5,0.0,0.9435791,0.90381527,0.8131242,0.3493975903614458,5.752509999999999,7.0,3.5,0.0,6.6050537,6.32670689,5.6918694,2.4457831325301207
DB00996,386,1,train,3.0,12.0,0.819887,0.125,0.1875,0.0,0.9472614,0.8393383,0.8704157,0.1607142857142857,2.459661,1.5,2.25,0.0,11.3671368,10.0720596,10.4449884,1.9285714285714284
DB01167,190,1,train,4.0,2.0,0.516451,0.0,0.4090909090909091,0.0,0.9537189,0.9223739,0.92490166,0.5375,2.065804,0.0,0.8181818181818182,0.0,1.9074378,1.8447478,1.84980332,1.075
DB00661,28,1,train,11.0,6.0,0.240112,0.2325581395348837,0.3098591549295774,0.0,0.82597375,0.8569068,0.84359324,0.4336283185840708,2.641232,1.395348837209302,1.8591549295774643,0.0,4.955842499999999,5.1414408,5.06155944,2.601769911504425
DB01410,362,1,train,37.0,3.0,0.998501,1.0,0.4545454545454545,0.0,0.8732992,0.898886,0.87043226,0.464,36.944537,3.0,1.363636363636363,0.0,2.6198976000000003,2.696658,2.61129678,1.392
DB05271,259,1,train,15.0,7.0,0.517447,0.7142857142857143,0.3902439024390244,0.0,0.9755847,0.76943386,0.80688053,0.2736842105263158,7.761705,5.0,2.731707317073171,0.0,6.8290929,5.38603702,5.64816371,1.9157894736842107
DB00724,12,1,train,5.0,0.0,0.0,0.0,0.1020408163265306,0.0,0.8321461,0.7695596,0.8432507,0.1954022988505747,0.0,0.0,0.0,0.0,0.0,0.0,0.0,0.0
DB00719,362,1,train,37.0,4.0,0.998501,1.0,0.6111111111111112,0.0,0.9407673,0.9271333,0.924839,0.5714285714285714,36.944537,4.0,2.4444444444444446,0.0,3.7630692,3.7085332,3.699356,2.2857142857142856
DB01219,317,1,train,0.0,12.0,0.614125,0.0,0.0,0.0,0.0,0.0,0.0,0.0,0.0,0.0,0.0,0.0,0.0,0.0,0.0,0.0
DB01070,282,1,train,3.0,6.0,0.580102,1.0,0.85,0.0,0.554062,0.8701512,0.8306088,0.7391304347826086,1.740306,6.0,5.1,0.0,3.3243720000000003,5.2209072,4.9836528,4.434782608695652
DB00035,39,1,train,1.0,7.0,0.498723,0.0,0.0357142857142857,0.0,0.81015635,0.797993,0.8345329,0.059322033898305,0.498723,0.0,0.2499999999999999,0.0,5.67109445,5.585951,5.8417303,0.415254237288135
DB00361,224,1,train,11.0,0.0,0.0,0.5,0.6097560975609756,0.0,0.87334895,0.9299979,0.8790147,0.7759562841530054,0.0,0.0,0.0,0.0,0.0,0.0,0.0,0.0
DB00997,252,1,train,3.0,13.0,0.409273,0.0,0.2711864406779661,0.0,0.89261705,0.8987232,0.7049333,0.1759656652360515,1.227819,0.0,3.5254237288135597,0.0,11.60402165,11.6834016,9.1641329,2.28755364806867
DB00460,108,1,train,1.0,1.0,0.214464,0.0,0.0344827586206896,0.0,0.8994181,0.6912165,0.7229256,0.1304347826086956,0.214464,0.0,0.0344827586206896,0.0,0.8994181,0.6912165,0.7229256,0.1304347826086956
DB00271,358,1,train,36.0,2.0,0.998501,0.0,0.0294117647058823,0.0,0.7552312,0.7171483,0.7954455,0.1797752808988764,35.946036,0.0,0.0588235294117646,0.0,1.5104624,1.4342966,1.590891,0.3595505617977528
DB00555,365,1,train,5.0,2.0,0.189807,0.3902439024390244,0.1797752808988764,0.0,0.9385894,0.8719177,0.90261745,0.2183908045977011,0.949035,0.7804878048780488,0.3595505617977528,0.0,1.8771788,1.7438354,1.8052349,0.4367816091954022
DB00904,125,1,train,10.0,1.0,0.138691,0.1081081081081081,0.2769230769230769,0.0,0.807526,0.83593976,0.84031904,0.2574257425742574,1.38691,0.1081081081081081,0.2769230769230769,0.0,0.807526,0.83593976,0.84031904,0.2574257425742574
DB00328,55,1,train,3.0,10.0,0.362897,0.1818181818181818,0.4761904761904761,0.0,0.8213408,0.7904116,0.8704864,0.3333333333333333,1.088691,1.818181818181818,4.761904761904761,0.0,8.213408,7.904116,8.704864,3.333333333333333
DB00727,161,1,train,0.0,1.0,0.095691,0.0,0.0,0.0,0.0,0.0,0.0,0.0,0.0,0.0,0.0,0.0,0.0,0.0,0.0,0.0
DB01440,123,1,train,1.0,1.0,0.447688,0.0,0.0208333333333333,0.0,0.5443466,0.7881883,0.7011585,0.0222222222222222,0.447688,0.0,0.0208333333333333,0.0,0.5443466,0.7881883,0.7011585,0.0222222222222222
DB00881,405,1,train,54.0,2.0,0.271532,1.0,0.6875,0.0,0.9688097,0.89143634,0.88023067,0.6666666666666666,14.662728,2.0,1.375,0.0,1.9376194,1.78287268,1.76046134,1.3333333333333333
DB00563,274,1,train,4.0,20.0,0.180251,0.0,0.2352941176470588,0.0,0.90428233,0.8967478,0.7602457,0.211864406779661,0.721004,0.0,4.705882352941176,0.0,18.0856466,17.934956,15.204914,4.23728813559322
DB00570,224,1,train,11.0,6.0,0.463899,0.1666666666666666,0.6097560975609756,0.0,0.91784036,0.9214649,0.893204,0.913793103448276,5.102889,0.9999999999999996,3.658536585365853,0.0,5.50704216,5.5287894,5.359224,5.482758620689657
DB00482,73,1,train,28.0,9.0,0.433251,0.1666666666666666,0.4464285714285714,0.0,0.94953823,0.93078953,0.88903975,0.3529411764705882,12.131028,1.4999999999999991,4.017857142857142,0.0,8.545844070000001,8.37710577,8.00135775,3.176470588235294
DB01043,354,1,train,6.0,7.0,0.642964,0.1794871794871795,0.1818181818181818,0.0,0.9290007,0.8882711,0.8924896,0.0909090909090909,3.857784,1.2564102564102564,1.2727272727272725,0.0,6.5030049000000005,6.2178977,6.2474272,0.6363636363636362
DB00371,174,1,train,13.0,1.0,0.150111,0.0,0.1470588235294117,0.0,0.8043189,0.76053923,0.81503695,0.1142857142857142,1.951443,0.0,0.1470588235294117,0.0,0.8043189,0.76053923,0.81503695,0.1142857142857142
DB00972,362,1,train,37.0,3.0,0.998501,0.25,0.35,0.0,0.93861395,0.9015364,0.74523777,0.3611111111111111,36.944537,0.75,1.0499999999999998,0.0,2.81584185,2.7046092,2.23571331,1.0833333333333333
DB01070,268,1,train,3.0,6.0,0.580102,1.0,0.85,0.0,0.5261711,0.85489434,0.8306088,0.490566037735849,1.740306,6.0,5.1,0.0,3.1570266,5.12936604,4.9836528,2.943396226415094
DB00699,108,1,train,1.0,0.0,0.0,0.0,0.0344827586206896,0.0,0.8994181,0.6912165,0.7229256,0.1304347826086956,0.0,0.0,0.0,0.0,0.0,0.0,0.0,0.0
DB00674,369,1,train,5.0,7.0,0.667457,0.4,0.4666666666666667,0.0,0.9195075,0.76751757,0.89117604,0.2260869565217391,3.337285,2.8000000000000003,3.2666666666666666,0.0,6.4365525,5.37262299,6.23823228,1.5826086956521737
DB00575,99,1,train,58.0,10.0,0.277355,0.7142857142857143,0.2115384615384615,0.0,0.88237226,0.89075434,0.7644057,0.3676470588235294,16.08659,7.142857142857143,2.115384615384615,0.0,8.8237226,8.9075434,7.644057,3.676470588235294
DB00382,369,1,train,5.0,7.0,0.667457,0.4,0.4666666666666667,0.0,0.9344021,0.88436055,0.90646344,0.1792452830188679,3.337285,2.8000000000000003,3.2666666666666666,0.0,6.5408147,6.19052385,6.3452440800000005,1.2547169811320753
DB00959,73,1,train,28.0,3.0,0.068115,0.0,0.0961538461538461,0.0,0.8087908,0.88934195,0.8150827,0.1775700934579439,1.90722,0.0,0.2884615384615383,0.0,2.4263724,2.6680258500000003,2.4452481,0.5327102803738317
DB00481,24,1,train,16.0,2.0,0.234255,0.5,0.2236842105263158,0.0,0.9712736,0.85495836,0.88788575,0.2587412587412587,3.74808,1.0,0.4473684210526316,0.0,1.9425472,1.70991672,1.7757715,0.5174825174825174
DB00146,268,1,train,3.0,3.0,0.580102,1.0,0.85,0.0,0.9905644,0.85489434,0.7648005,0.7954545454545454,1.740306,3.0,2.55,0.0,2.9716932,2.56468302,2.2944015,2.386363636363636
DB00548,351,1,train,10.0,0.0,0.0,0.0,0.3333333333333333,0.0,0.7944244,0.8259523,0.7974648,0.1071428571428571,0.0,0.0,0.0,0.0,0.0,0.0,0.0,0.0
DB00475,212,1,train,4.0,1.0,0.031912,0.0357142857142857,0.2083333333333333,0.0,0.8326116,0.78796,0.7632053,0.2022471910112359,0.127648,0.0357142857142857,0.2083333333333333,0.0,0.8326116,0.78796,0.7632053,0.2022471910112359
DB00392,370,1,train,12.0,7.0,0.764516,0.3333333333333333,0.4444444444444444,0.0,0.93939716,0.9071313,0.89408064,0.3333333333333333,9.174192,2.333333333333333,3.1111111111111107,0.0,6.575780119999999,6.3499191,6.25856448,2.333333333333333
DB00694,104,1,train,0.0,3.0,0.531527,0.0,0.0,0.0,0.0,0.0,0.0,0.0,0.0,0.0,0.0,0.0,0.0,0.0,0.0,0.0
DB00755,35,1,train,0.0,5.0,0.391698,0.0,0.0,0.0,0.0,0.0,0.0,0.0,0.0,0.0,0.0,0.0,0.0,0.0,0.0,0.0
DB00457,124,1,train,68.0,6.0,0.271532,0.7142857142857143,0.4193548387096774,0.0,0.90128124,0.8780556,0.8552404,0.6509433962264151,18.464176,4.285714285714286,2.516129032258064,0.0,5.40768744,5.2683336,5.1314424,3.9056603773584895
DB00929,73,1,train,28.0,1.0,0.0,0.0,0.1333333333333333,0.0,0.85246545,0.82800496,0.8109173,0.1395348837209302,0.0,0.0,0.1333333333333333,0.0,0.85246545,0.82800496,0.8109173,0.1395348837209302
DB01146,362,1,train,37.0,1.0,0.468465,0.5,0.3636363636363636,0.0,0.93782485,0.9271333,0.924839,0.3388429752066115,17.333205,0.5,0.3636363636363636,0.0,0.93782485,0.9271333,0.924839,0.3388429752066115
DB01136,382,1,train,9.0,1.0,0.45235,0.1904761904761904,0.3392857142857143,0.0,0.8315655,0.86752564,0.7874175,0.4285714285714285,4.071149999999999,0.1904761904761904,0.3392857142857143,0.0,0.8315655,0.86752564,0.7874175,0.4285714285714285
DB00768,347,1,train,32.0,2.0,0.494446,0.2,0.4285714285714285,0.0,0.96377206,0.9073173,0.94487643,0.34,15.822272,0.4,0.857142857142857,0.0,1.92754412,1.8146346,1.88975286,0.68
DB00661,404,1,train,4.0,6.0,0.907779,0.1621621621621621,0.0972222222222222,0.0,0.6671475,0.9091528,0.7441999,0.1642857142857142,3.631116,0.9729729729729726,0.5833333333333331,0.0,4.002885,5.4549168,4.4651994,0.9857142857142852
DB00619,331,1,train,10.0,4.0,0.598628,0.25,0.3114754098360656,0.0,0.9127783,0.92712677,0.8462158,0.4697986577181208,5.986280000000001,1.0,1.2459016393442623,0.0,3.6511132,3.70850708,3.3848632,1.8791946308724832
DB00323,344,1,train,9.0,7.0,0.997595,1.0,0.5,0.0,0.9435791,0.90381527,0.75272757,0.3493975903614458,8.978355,7.0,3.5,0.0,6.6050537,6.32670689,5.26909299,2.4457831325301207
DB00443,359,1,train,36.0,4.0,0.94294,1.0,0.6349206349206349,0.0,0.89596474,0.9188131,0.9330202,1.0,33.94584,4.0,2.5396825396825395,0.0,3.58385896,3.6752524,3.7320808,4.0
DB00794,388,1,train,3.0,13.0,0.999382,0.1372549019607843,0.1833333333333333,0.0,0.94126576,0.91095,0.80769104,0.2375,2.998146,1.784313725490196,2.383333333333333,0.0,12.23645488,11.84235,10.49998352,3.0875
DB01197,316,1,train,10.0,4.0,0.135348,0.0,0.1666666666666666,0.0,0.931001,0.682811,0.9008596,0.1235955056179775,1.35348,0.0,0.6666666666666664,0.0,3.724004,2.731244,3.6034384,0.49438202247191
DB00318,73,1,train,28.0,2.0,0.070374,0.1304347826086956,0.2745098039215686,0.0,0.9180777,0.81374085,0.900738,0.2083333333333333,1.970472,0.2608695652173912,0.5490196078431372,0.0,1.8361554,1.6274817,1.801476,0.4166666666666666
DB00586,103,1,train,3.0,7.0,0.28495,0.2,0.4864864864864865,0.0,0.7910987,0.7570037,0.74944717,0.2394366197183098,0.8548499999999999,1.4,3.4054054054054057,0.0,5.5376909,5.299025899999999,5.246130190000001,1.6760563380281686
DB00497,99,1,train,58.0,0.0,0.0,1.0,0.8148148148148148,0.0,0.9447291,0.87377053,0.856283,0.7887323943661971,0.0,0.0,0.0,0.0,0.0,0.0,0.0,0.0
DB00477,149,1,train,16.0,0.0,0.0,0.5185185185185185,0.5142857142857142,0.0,0.91573054,0.99761385,0.8789425,0.4777777777777778,0.0,0.0,0.0,0.0,0.0,0.0,0.0,0.0
DB00759,362,1,train,37.0,6.0,0.998501,0.0,0.1470588235294117,0.0,0.8625896,0.7694354,0.78703994,0.2015503875968992,36.944537,0.0,0.8823529411764701,0.0,5.1755376,4.6166124,4.72223964,1.2093023255813953
DB00619,50,1,train,0.0,4.0,0.402985,0.0,0.0,0.0,0.0,0.0,0.0,0.0,0.0,0.0,0.0,0.0,0.0,0.0,0.0,0.0
DB00586,181,1,train,16.0,7.0,0.434151,1.0,0.4864864864864865,0.0,0.993439,0.85818624,0.86058694,0.3205128205128205,6.946416,7.0,3.4054054054054057,0.0,6.954072999999999,6.00730368,6.02410858,2.243589743589744
DB00374,124,1,train,68.0,1.0,0.068561,0.3333333333333333,0.6296296296296297,0.0,0.90830004,0.8385003,0.85695875,0.3627450980392157,4.662148,0.3333333333333333,0.6296296296296297,0.0,0.90830004,0.8385003,0.85695875,0.3627450980392157
DB00436,405,1,train,54.0,2.0,0.046149,0.6,0.7391304347826086,0.0,0.9126349,0.98815125,0.9272133,0.3409090909090909,2.492046,1.2,1.4782608695652173,0.0,1.8252698,1.9763025,1.8544266,0.6818181818181818
DB01296,128,1,train,21.0,4.0,0.640926,0.0,0.375,0.0,0.78970885,0.86031616,0.83605504,0.0952380952380952,13.459446,0.0,1.5,0.0,3.1588354,3.44126464,3.34422016,0.3809523809523808
DB01029,94,1,train,13.0,5.0,0.384394,0.0,0.1860465116279069,0.0,0.92863977,0.89143634,0.84286064,0.2297297297297297,4.997122,0.0,0.9302325581395344,0.0,4.64319885,4.4571817000000005,4.2143032,1.1486486486486485
DB01258,405,1,train,54.0,1.0,0.404717,0.3333333333333333,0.3181818181818182,0.0,0.9278325,0.89435774,0.8643628,0.2518518518518518,21.854718,0.3333333333333333,0.3181818181818182,0.0,0.9278325,0.89435774,0.8643628,0.2518518518518518
DB00783,197,1,train,5.0,3.0,0.179471,0.2857142857142857,0.4464285714285714,0.5,0.9483936,0.80299544,0.82623863,0.6521739130434783,0.8973549999999999,0.8571428571428571,1.3392857142857142,1.5,2.8451808,2.40898632,2.47871589,1.9565217391304348
DB00860,372,1,train,1.0,13.0,0.25623,0.0,0.0175438596491228,0.0,0.7421973,0.58367425,0.6735241,0.1157894736842105,0.25623,0.0,0.2280701754385964,0.0,9.6485649,7.587765249999999,8.7558133,1.5052631578947364
DB01084,362,1,train,37.0,3.0,0.998501,1.0,0.5294117647058824,0.0,0.9421206,0.8788483,0.8261181,0.2844036697247706,36.944537,3.0,1.5882352941176472,0.0,2.8263618,2.6365449,2.4783543,0.8532110091743118
DB01197,146,1,train,7.0,4.0,0.219107,0.0,0.1388888888888889,0.0,0.84118354,0.70446205,0.7982132,0.0947368421052631,1.533749,0.0,0.5555555555555556,0.0,3.36473416,2.8178482,3.1928528,0.3789473684210524
DB00863,298,1,train,7.0,2.0,0.100938,0.5,0.3846153846153846,0.0,0.9784372,0.8376632,0.87072396,0.2619047619047619,0.706566,1.0,0.7692307692307692,0.0,1.9568744,1.6753264,1.74144792,0.5238095238095238
DB00751,347,1,train,32.0,2.0,0.471213,0.3636363636363636,0.3658536585365853,0.0,0.9421206,0.9002207,0.92880625,0.313953488372093,15.078816,0.7272727272727272,0.7317073170731706,0.0,1.8842412,1.8004414,1.8576125,0.627906976744186
DB00717,153,1,train,6.0,4.0,0.283197,0.75,0.5365853658536586,0.3333333333333333,0.8735016,0.8584753,0.9234059,0.7887323943661971,1.699182,3.0,2.1463414634146343,1.3333333333333333,3.4940064,3.4339012,3.6936236,3.1549295774647885
DB01186,312,1,train,12.0,6.0,0.542604,0.8235294117647058,0.3902439024390244,0.0,0.7898225,0.828538,0.8460039,0.35,6.511248,4.941176470588236,2.341463414634146,0.0,4.738935,4.971228,5.0760234,2.1
DB00794,313,1,train,4.0,13.0,0.965242,0.1372549019607843,0.1833333333333333,0.0,0.94126576,0.91095,0.80769104,0.2375,3.860968,1.784313725490196,2.383333333333333,0.0,12.23645488,11.84235,10.49998352,3.0875
DB00816,322,1,train,21.0,2.0,0.38905,0.5,0.7058823529411765,0.0,0.959131,0.8786705,0.8022112,0.64,8.17005,1.0,1.411764705882353,0.0,1.918262,1.757341,1.6044224,1.28
DB00865,297,1,train,5.0,1.0,0.255168,0.25,0.6341463414634146,0.0,0.9289074,0.8965609,0.8817862,0.4067796610169492,1.27584,0.25,0.6341463414634146,0.0,0.9289074,0.8965609,0.8817862,0.4067796610169492
DB01185,24,1,train,16.0,2.0,0.244616,0.4,0.282051282051282,0.0,0.92355597,0.9335108,0.89560735,0.4761904761904761,3.913856,0.8,0.564102564102564,0.0,1.84711194,1.8670216,1.7912147,0.9523809523809522
DB00715,125,1,train,10.0,2.0,0.095555,0.631578947368421,0.6153846153846154,0.0,0.97010446,0.9056746,0.84005165,0.2522522522522522,0.95555,1.263157894736842,1.2307692307692308,0.0,1.94020892,1.8113492,1.6801033,0.5045045045045043
DB00945,402,1,train,2.0,16.0,0.953982,0.0,0.075,0.0,0.8153479,0.85748374,0.7655223,0.1157894736842105,1.907964,0.0,1.2,0.0,13.0455664,13.71973984,12.2483568,1.852631578947368
DB00715,243,1,train,9.0,2.0,0.210082,0.3725490196078431,0.6153846153846154,0.0,0.97010446,0.9056746,0.82248926,0.2307692307692307,1.890738,0.7450980392156862,1.2307692307692308,0.0,1.94020892,1.8113492,1.64497852,0.4615384615384614
DB04571,170,1,train,1.0,0.0,0.0,0.0,0.4642857142857143,0.0,0.6201711,0.8355631,0.6321922,0.2916666666666667,0.0,0.0,0.0,0.0,0.0,0.0,0.0,0.0
DB01248,280,1,train,32.0,4.0,0.399542,0.1666666666666666,0.4081632653061224,0.0,0.9603701,0.8626296,0.863552,0.2150943396226415,12.785344,0.6666666666666664,1.6326530612244896,0.0,3.8414804,3.4505184,3.454208,0.860377358490566
DB00712,376,1,train,15.0,6.0,0.172128,1.0,0.6326530612244898,0.0,0.9918701,0.94172573,0.89841676,0.5538461538461539,2.58192,6.0,3.795918367346939,0.0,5.9512206,5.6503543800000005,5.39050056,3.3230769230769237
DB00557,359,1,train,36.0,5.0,0.944425,0.5,0.2903225806451613,0.0,0.89599437,1.0000001,0.89413625,0.33,33.9993,2.5,1.4516129032258065,0.0,4.47997185,5.0000005000000005,4.47068125,1.65
DB00167,210,1,train,2.0,3.0,0.17153,0.0,0.0,0.0,0.464473,0.5757438,0.48224074,0.0344827586206896,0.34306,0.0,0.0,0.0,1.3934190000000002,1.7272314,1.44672222,0.1034482758620688
DB00674,9,1,train,7.0,7.0,0.419075,0.5,0.4666666666666667,0.0,0.9759848,0.76751757,0.89117604,0.2260869565217391,2.933525,3.5,3.2666666666666666,0.0,6.8318936,5.37262299,6.23823228,1.5826086956521737
DB00519,405,1,train,54.0,3.0,0.271532,1.0,0.75,0.0,0.9506305,1.0000001,0.8747977,0.9431818181818182,14.662728,3.0,2.25,0.0,2.8518915,3.0000003,2.6243931,2.8295454545454546
DB00999,39,1,train,1.0,5.0,0.258957,0.0,0.0357142857142857,0.0,0.81015635,0.797993,0.8345329,0.059322033898305,0.258957,0.0,0.1785714285714285,0.0,4.05078175,3.989965,4.1726645,0.296610169491525
DB01620,359,1,train,36.0,3.0,0.94294,0.3333333333333333,0.5333333333333333,0.0,0.94027025,0.8922979,0.90421176,0.6825396825396826,33.94584,1.0,1.6,0.0,2.82081075,2.6768937,2.71263528,2.0476190476190474
DB00444,151,1,train,3.0,5.0,0.255474,0.0,0.2558139534883721,0.0,0.83120406,0.89203566,0.91494447,0.1473684210526315,0.7664219999999999,0.0,1.2790697674418603,0.0,4.1560203,4.4601783,4.57472235,0.7368421052631575
DB01197,94,1,train,13.0,4.0,0.270297,0.2,0.68,0.0,0.9376862,1.0000001,0.90331566,0.3658536585365853,3.5138610000000003,0.8,2.72,0.0,3.7507448,4.0000004,3.61326264,1.4634146341463412
DB05271,370,1,train,12.0,7.0,0.764516,0.5,0.2916666666666667,0.0,0.9755847,0.76943386,0.80688053,0.2736842105263158,9.174192,3.5,2.041666666666667,0.0,6.8290929,5.38603702,5.64816371,1.9157894736842107
DB00159,202,1,train,1.0,0.0,0.0,0.0,0.0,0.0,0.4453159,0.5672236,0.72602457,0.0367647058823529,0.0,0.0,0.0,0.0,0.0,0.0,0.0,0.0
DB00195,124,1,train,68.0,1.0,0.114234,1.0,0.6756756756756757,0.0,0.8980495,0.9137892,0.8868193,0.6216216216216216,7.767912,1.0,0.6756756756756757,0.0,0.8980495,0.9137892,0.8868193,0.6216216216216216
DB00661,124,1,train,68.0,6.0,0.251933,0.7073170731707317,0.4084507042253521,0.0,0.8752237,0.905006,0.85933244,0.2565789473684211,17.131444000000002,4.243902439024391,2.450704225352113,0.0,5.2513422,5.430035999999999,5.155994639999999,1.5394736842105263
DB00571,162,1,train,4.0,6.0,0.281427,0.6,0.4693877551020408,0.0,0.8248119,0.8480816,0.7921657,0.4459459459459459,1.125708,3.6,2.816326530612245,0.0,4.9488714,5.0884896,4.7529942,2.6756756756756754
DB00570,280,1,train,32.0,6.0,0.241727,0.1428571428571428,0.5833333333333334,0.0,0.9285488,0.9214649,0.893204,0.913793103448276,7.735264,0.8571428571428568,3.5,0.0,5.5712928,5.5287894,5.359224,5.482758620689657
DB00527,99,1,train,58.0,0.0,0.0,0.3333333333333333,0.3,0.0,0.87744653,0.9425915,0.82123303,0.348314606741573,0.0,0.0,0.0,0.0,0.0,0.0,0.0,0.0
DB00794,397,1,train,3.0,13.0,0.570219,0.1372549019607843,0.1212121212121212,0.0,0.9390334,0.91095,0.77172816,0.2352941176470588,1.710657,1.784313725490196,1.5757575757575757,0.0,12.2074342,11.84235,10.03246608,3.0588235294117645
DB00776,388,1,train,3.0,6.0,0.965242,0.2682926829268293,0.1944444444444444,0.0,0.9427324,0.8893937,0.87609833,0.2375,2.895726,1.6097560975609757,1.1666666666666663,0.0,5.6563944,5.3363622,5.25658998,1.4249999999999998
DB00860,298,1,train,7.0,13.0,0.352272,1.0,0.5,0.0,0.8909983,0.9295207,0.9588356,0.7108433734939759,2.465904,13.0,6.5,0.0,11.5829779,12.0837691,12.4648628,9.240963855421686
DB00695,405,1,train,54.0,9.0,0.271532,0.25,0.6578947368421053,0.0,0.9728829,0.9260969,0.9008596,0.3695652173913043,14.662728,2.25,5.921052631578948,0.0,8.7559461,8.3348721,8.1077364,3.326086956521739
DB00382,408,1,train,5.0,7.0,0.803456,0.6666666666666666,0.4666666666666667,0.0,0.9344021,0.88436055,0.95241237,0.1792452830188679,4.01728,4.666666666666666,3.2666666666666666,0.0,6.5408147,6.19052385,6.66688659,1.2547169811320753
DB08803,358,1,train,36.0,2.0,0.998501,0.0,0.1428571428571428,0.0,0.68473697,0.88844836,0.91173905,0.2558139534883721,35.946036,0.0,0.2857142857142856,0.0,1.36947394,1.77689672,1.8234781,0.5116279069767442
DB00313,37,1,train,10.0,7.0,0.519935,0.0,0.0930232558139534,0.0,0.87563115,0.8895457,0.89720005,0.1594202898550724,5.199350000000001,0.0,0.6511627906976738,0.0,6.12941805,6.2268199,6.28040035,1.1159420289855069
DB01069,347,1,train,32.0,4.0,0.494446,0.0795454545454545,0.3404255319148936,0.0,0.9483939,0.90989697,0.89413625,0.8,15.822272,0.318181818181818,1.3617021276595744,0.0,3.7935756,3.63958788,3.576545,3.2
DB00328,346,1,train,0.0,10.0,0.431285,0.0,0.0,0.0,0.0,0.0,0.0,0.0,0.0,0.0,0.0,0.0,0.0,0.0,0.0,0.0
DB00605,99,1,train,58.0,5.0,0.146914,0.2857142857142857,0.6538461538461539,0.0,0.96337926,0.8951418,0.87568015,0.3269230769230769,8.521011999999999,1.4285714285714284,3.269230769230769,0.0,4.8168963,4.475709,4.37840075,1.6346153846153846
DB01050,350,1,train,3.0,8.0,0.394272,0.0666666666666666,0.3285714285714285,0.0,0.78940505,0.87725484,0.88281244,0.2295081967213114,1.182816,0.5333333333333328,2.628571428571428,0.0,6.3152404,7.01803872,7.06249952,1.8360655737704912
DB00776,199,1,train,12.0,6.0,0.464785,0.4,0.3243243243243243,0.0,0.9726936,0.8979747,0.87609833,0.3292682926829268,5.57742,2.4000000000000004,1.9459459459459456,0.0,5.8361616000000005,5.3878482000000005,5.25658998,1.9756097560975607
DB00563,186,1,train,1.0,20.0,0.24911,0.0,0.2321428571428571,0.0,0.7296099,0.8360157,0.7703344,0.1240310077519379,0.24911,0.0,4.642857142857142,0.0,14.592198,16.720314000000002,15.406688,2.480620155038758
DB00535,131,1,train,5.0,0.0,0.0,0.0,0.1388888888888889,0.0,0.8212098,0.87354636,0.9252387,0.140495867768595,0.0,0.0,0.0,0.0,0.0,0.0,0.0,0.0
DB05271,135,1,train,14.0,7.0,0.555551,0.7142857142857143,0.3902439024390244,0.0,0.9755847,0.76943386,0.80688053,0.2688172043010752,7.777714,5.0,2.731707317073171,0.0,6.8290929,5.38603702,5.64816371,1.8817204301075263
DB00376,136,1,train,12.0,5.0,0.555551,0.8,0.8333333333333334,0.0,0.9617435,0.87996083,0.77755946,0.953846153846154,6.666612000000001,4.0,4.166666666666667,0.0,4.8087175,4.3998041500000005,3.8877973,4.76923076923077
DB00939,73,1,train,28.0,2.0,0.776582,0.4,0.6896551724137931,0.0,0.94579154,0.89837,0.8008834,0.5692307692307692,21.744296,0.8,1.3793103448275863,0.0,1.89158308,1.79674,1.6017668,1.1384615384615384
DB01175,125,1,train,10.0,0.0,0.0,0.4137931034482758,0.64,0.0,0.9596855,0.883993,0.83217376,1.0,0.0,0.0,0.0,0.0,0.0,0.0,0.0,0.0
DB01255,294,1,train,2.0,0.0,0.0,0.0,0.1016949152542373,0.0,0.7484731,0.84855,0.79348624,0.125,0.0,0.0,0.0,0.0,0.0,0.0,0.0,0.0
DB01173,370,1,train,12.0,8.0,0.764516,0.1111111111111111,0.2191780821917808,0.0,0.86567175,0.9071313,0.90129733,0.3333333333333333,9.174192,0.8888888888888888,1.7534246575342465,0.0,6.925374,7.2570504,7.21037864,2.6666666666666665
DB01148,112,1,train,1.0,2.0,0.238142,0.0,0.0,0.0,0.8145876,0.8303429,0.70772994,0.0348837209302325,0.238142,0.0,0.0,0.0,1.6291752,1.6606858,1.41545988,0.069767441860465
DB00436,196,1,train,11.0,2.0,0.049206,0.6,0.7391304347826086,0.0,0.8935608,0.98815125,0.9272133,0.3409090909090909,0.541266,1.2,1.4782608695652173,0.0,1.7871216,1.9763025,1.8544266,0.6818181818181818
DB00215,262,1,train,3.0,4.0,0.254942,0.1111111111111111,0.2535211267605634,0.0,0.85830796,0.8984012,0.88879406,0.1949152542372881,0.764826,0.4444444444444444,1.0140845070422535,0.0,3.43323184,3.5936048,3.55517624,0.7796610169491524
DB00822,7,1,train,4.0,0.0,0.0,0.0,0.1714285714285714,0.0,0.8810789,0.81645477,0.7312842,0.0769230769230769,0.0,0.0,0.0,0.0,0.0,0.0,0.0,0.0
DB00663,359,1,train,36.0,3.0,0.944425,1.0,0.3823529411764705,0.0,0.8943121,0.9188131,0.83834946,0.7471264367816092,33.9993,3.0,1.1470588235294117,0.0,2.6829363,2.7564393000000003,2.51504838,2.2413793103448274
DB00141,73,1,train,28.0,2.0,0.776582,0.0,0.375,0.0,0.6631955,0.7851287,0.0,0.106060606060606,21.744296,0.0,0.75,0.0,1.326391,1.5702574,0.0,0.212121212121212
DB00865,267,1,train,7.0,1.0,0.255168,0.25,0.6341463414634146,0.0,0.9289074,0.8965609,0.8817862,0.4067796610169492,1.786176,0.25,0.6341463414634146,0.0,0.9289074,0.8965609,0.8817862,0.4067796610169492
DB01406,316,1,train,10.0,4.0,0.290613,0.1578947368421052,0.1764705882352941,0.0,0.8293233,0.86979747,0.76353216,0.3103448275862069,2.90613,0.6315789473684208,0.7058823529411764,0.0,3.3172932,3.47918988,3.05412864,1.2413793103448276
DB00461,99,1,train,58.0,3.0,0.146914,1.0,0.6,0.0,0.98254085,0.90310717,0.88422745,0.5833333333333334,8.521011999999999,3.0,1.7999999999999998,0.0,2.94762255,2.70932151,2.65268235,1.75
DB00175,328,1,train,7.0,1.0,0.233178,0.0,0.075,0.0,0.8452041,0.8918132,0.7806168,0.1372549019607843,1.632246,0.0,0.075,0.0,0.8452041,0.8918132,0.7806168,0.1372549019607843
DB00214,94,1,train,13.0,5.0,0.384394,0.25,0.3902439024390244,0.0,0.9728829,0.88287514,0.8805765,0.23,4.997122,1.25,1.951219512195122,0.0,4.8644145,4.4143757,4.4028825,1.15
DB00694,331,1,train,10.0,3.0,0.551177,0.5,0.6818181818181818,0.0,0.90779185,0.9973546,0.91098905,0.8828828828828829,5.51177,1.5,2.0454545454545454,0.0,2.72337555,2.9920638,2.73296715,2.6486486486486487
DB00554,376,1,train,15.0,3.0,0.022522,1.0,0.6170212765957447,0.0,0.993439,0.9149071,0.91354334,0.6282051282051282,0.33783,3.0,1.851063829787234,0.0,2.980317,2.7447213,2.74063002,1.8846153846153848
DB00352,331,1,train,10.0,0.0,0.0,0.0,0.3,0.0,0.8309611,0.8264315,0.9340694,0.1,0.0,0.0,0.0,0.0,0.0,0.0,0.0,0.0
DB01181,280,1,train,32.0,4.0,0.205777,0.2,0.2857142857142857,0.0,0.9603701,0.88377,0.7469875,0.2456140350877192,6.584864,0.8,1.1428571428571428,0.0,3.8414804,3.53508,2.98795,0.9824561403508768
DB01235,309,1,train,9.0,8.0,0.432114,0.4285714285714285,0.2758620689655172,0.0,0.92413,0.8449334,0.81718135,0.2297297297297297,3.889026,3.428571428571428,2.206896551724137,0.0,7.39304,6.7594672,6.5374508,1.8378378378378373
DB05271,1,1,train,8.0,7.0,0.244249,0.7142857142857143,0.2368421052631578,0.0,0.9690101,0.74221444,0.81631345,0.1938775510204081,1.953992,5.0,1.6578947368421046,0.0,6.7830707,5.1955010800000005,5.71419415,1.3571428571428568
DB00635,356,1,train,3.0,22.0,0.362753,1.0,0.5,0.0,0.8909983,0.9295207,0.9588356,0.7108433734939759,1.088259,22.0,11.0,0.0,19.6019626,20.4494554,21.0943832,15.638554216867467
DB00996,397,1,train,3.0,12.0,0.570219,0.125,0.1875,0.0,0.9472614,0.8393383,0.9071015,0.1607142857142857,1.710657,1.5,2.25,0.0,11.3671368,10.0720596,10.885218,1.9285714285714284
DB00668,68,1,train,10.0,4.0,0.626537,0.375,0.3387096774193548,0.0,0.8652729,0.86206514,0.8082355,0.5813953488372093,6.26537,1.5,1.3548387096774193,0.0,3.4610916,3.44826056,3.232942,2.3255813953488373
DB00749,392,1,train,20.0,4.0,0.776582,0.6666666666666666,0.6176470588235294,0.0,0.9659583,0.9232162,0.93209624,0.2111111111111111,15.53164,2.6666666666666665,2.4705882352941178,0.0,3.8638332,3.6928648,3.72838496,0.8444444444444444
DB00252,28,1,train,11.0,3.0,0.081477,0.2045454545454545,0.1388888888888889,0.0,0.77305174,0.81141365,0.78198814,0.24,0.8962469999999999,0.6136363636363635,0.4166666666666667,0.0,2.31915522,2.43424095,2.34596442,0.72
DB00759,351,1,train,10.0,6.0,0.135738,0.0,0.3947368421052631,0.0,0.91291434,0.91462046,0.8889703,0.6285714285714286,1.35738,0.0,2.3684210526315788,0.0,5.4774860400000005,5.48772276,5.3338218,3.7714285714285714
DB00384,316,1,train,10.0,1.0,0.059729,0.0,0.3103448275862069,0.0,0.88295126,0.9036307,0.8818917,0.1826923076923076,0.59729,0.0,0.3103448275862069,0.0,0.88295126,0.9036307,0.8818917,0.1826923076923076
DB00938,322,1,train,21.0,1.0,0.38905,1.0,0.5454545454545454,0.0,0.9340395,0.8678791,0.8311375,0.3333333333333333,8.17005,1.0,0.5454545454545454,0.0,0.9340395,0.8678791,0.8311375,0.3333333333333333
DB00382,354,1,train,6.0,7.0,0.642964,0.6666666666666666,0.4666666666666667,0.0,0.9344021,0.8895457,0.95241237,0.1792452830188679,3.857784,4.666666666666666,3.2666666666666666,0.0,6.5408147,6.2268199,6.66688659,1.2547169811320753
DB01579,297,1,train,5.0,2.0,0.255168,0.2,0.375,0.0,0.94922805,0.8983952,0.8830989,0.2962962962962963,1.27584,0.4,0.75,0.0,1.8984561,1.7967904,1.7661978,0.5925925925925926
DB01002,99,1,train,58.0,0.0,0.0,0.5,0.6666666666666666,0.5,0.8559319,0.9303649,0.7939842,1.0,0.0,0.0,0.0,0.0,0.0,0.0,0.0,0.0
DB00776,352,1,train,2.0,6.0,0.445855,0.0,0.1944444444444444,0.0,0.9450351,0.8377774,0.87609833,0.131578947368421,0.89171,0.0,1.1666666666666663,0.0,5.6702106,5.0266644,5.25658998,0.7894736842105259
DB00853,114,1,train,2.0,2.0,0.401914,0.0,0.6190476190476191,0.0,0.8354949,0.58767295,0.73103535,0.2372881355932203,0.803828,0.0,1.238095238095238,0.0,1.6709898,1.1753459,1.4620707,0.4745762711864406
DB01234,107,1,train,7.0,17.0,0.307293,0.2,0.4523809523809524,0.0,0.9309014,0.99999976,0.88083225,0.8518518518518519,2.151051,3.4000000000000004,7.690476190476191,0.0,15.8253238,16.99999592,14.97414825,14.48148148148148
DB00860,97,1,train,1.0,13.0,0.340866,0.5,0.4848484848484848,0.0,0.8640517,0.99999976,0.8774521,0.7349397590361446,0.340866,6.5,6.303030303030303,0.0,11.2326721,12.99999688,11.4068773,9.55421686746988
DB00696,117,1,train,20.0,1.0,0.753918,0.6190476190476191,0.8222222222222222,0.0,0.9131297,0.9049769,0.8089987,0.7446808510638298,15.07836,0.6190476190476191,0.8222222222222222,0.0,0.9131297,0.9049769,0.8089987,0.7446808510638298
DB00790,36,1,train,7.0,2.0,0.300827,0.0,0.1034482758620689,0.0,0.86704004,0.66179526,0.797591,0.1384615384615384,2.105789,0.0,0.2068965517241378,0.0,1.73408008,1.32359052,1.595182,0.2769230769230768
DB01151,99,1,train,58.0,2.0,0.084069,0.8,0.5194805194805194,0.0,0.97714394,0.9179523,0.88535434,0.5526315789473685,4.876002000000001,1.6,1.0389610389610389,0.0,1.95428788,1.8359046,1.77070868,1.105263157894737
DB00936,99,1,train,58.0,3.0,0.033077,0.6666666666666666,0.4761904761904761,0.0,0.7855405,0.9058863,0.88576955,0.5121951219512195,1.918466,2.0,1.4285714285714284,0.0,2.3566215,2.7176589,2.65730865,1.5365853658536586
DB00692,219,1,train,3.0,2.0,0.685456,0.0,0.1025641025641025,0.0,0.8804424,0.8968343,0.8123096,0.1983471074380165,2.056368,0.0,0.205128205128205,0.0,1.7608848,1.7936686,1.6246192,0.396694214876033
DB00861,181,1,train,16.0,4.0,0.434151,1.0,0.5806451612903226,0.0,0.9536432,0.87691987,0.87568015,0.3943661971830985,6.946416,4.0,2.3225806451612905,0.0,3.8145728,3.50767948,3.5027206,1.577464788732394
DB00575,405,1,train,54.0,10.0,0.276217,0.75,0.3703703703703703,0.0,0.90368474,0.8611746,0.88023067,0.3114754098360656,14.915718,7.5,3.703703703703703,0.0,9.0368474,8.611746,8.802306699999999,3.114754098360656
DB00482,63,1,train,0.0,9.0,0.142341,0.0,0.0,0.0,0.0,0.0,0.0,0.0,0.0,0.0,0.0,0.0,0.0,0.0,0.0,0.0
DB00264,162,1,train,4.0,4.0,0.263691,0.6,0.4693877551020408,0.0,0.79189706,0.8561659,0.84989136,0.4459459459459459,1.054764,2.4,1.8775510204081631,0.0,3.16758824,3.4246636,3.39956544,1.7837837837837835
DB00475,7,1,train,4.0,1.0,0.031912,0.0,0.1111111111111111,0.0,0.8510909,0.7676184,0.78345823,0.1764705882352941,0.127648,0.0,0.1111111111111111,0.0,0.8510909,0.7676184,0.78345823,0.1764705882352941
DB08907,315,1,train,0.0,6.0,0.876576,0.0,0.0,0.0,0.0,0.0,0.0,0.0,0.0,0.0,0.0,0.0,0.0,0.0,0.0,0.0
DB00668,69,1,train,10.0,4.0,0.626537,0.3,0.3387096774193548,0.0,0.8692127,0.86206514,0.7706028,0.3333333333333333,6.26537,1.2,1.3548387096774193,0.0,3.4768508,3.44826056,3.0824112,1.3333333333333333
DB01174,77,1,train,0.0,6.0,0.525938,0.0,0.0,0.0,0.0,0.0,0.0,0.0,0.0,0.0,0.0,0.0,0.0,0.0,0.0,0.0
DB00695,182,1,train,5.0,9.0,0.159148,0.25,0.6578947368421053,0.0,0.9728829,0.92419195,0.8805765,0.3695652173913043,0.7957400000000001,2.25,5.921052631578948,0.0,8.7559461,8.31772755,7.9251885,3.326086956521739
DB00630,3,1,train,10.0,4.0,0.303915,0.2,0.8,0.0,0.8831023,0.9826821,0.7118263,0.8055555555555556,3.03915,0.8,3.2,0.0,3.5324092,3.9307284,2.8473052,3.2222222222222223
DB00630,103,1,train,3.0,4.0,0.333203,0.0,0.0208333333333333,0.0,0.7910987,0.7570037,0.5599664,0.0454545454545454,0.999609,0.0,0.0833333333333332,0.0,3.1643948,3.0280148,2.2398656,0.1818181818181816
DB00674,357,1,train,4.0,7.0,0.803456,0.5,0.4666666666666667,0.0,0.9759848,0.76751757,0.8844007,0.2260869565217391,3.213824,3.5,3.2666666666666666,0.0,6.8318936,5.37262299,6.1908049,1.5826086956521737
DB00843,357,1,train,4.0,8.0,0.803456,0.1333333333333333,0.4545454545454545,0.0,0.9344021,0.8390717,0.90646344,0.2260869565217391,3.213824,1.0666666666666664,3.636363636363636,0.0,7.4752168,6.7125736,7.25170752,1.8086956521739128
DB01118,28,1,train,11.0,0.0,0.0,0.2325581395348837,0.2432432432432432,0.0,0.9215074,0.8811524,0.8846108,0.2641509433962264,0.0,0.0,0.0,0.0,0.0,0.0,0.0,0.0
DB00557,358,1,train,36.0,5.0,0.998501,1.0,0.3548387096774194,0.0,0.9101469,1.0000001,0.89413625,0.8117647058823529,35.946036,5.0,1.774193548387097,0.0,4.5507345,5.0000005000000005,4.47068125,4.0588235294117645
DB00201,99,1,train,58.0,3.0,0.148111,0.025,0.1791044776119403,0.0,0.7911395,0.8314945,0.84441483,0.1235955056179775,8.590437999999999,0.075,0.5373134328358209,0.0,2.3734185,2.4944835000000003,2.53324449,0.3707865168539325
DB08799,359,1,train,36.0,3.0,0.944425,1.0,0.5,0.0,0.94027025,0.99706984,0.83629906,0.3176470588235294,33.9993,3.0,1.5,0.0,2.82081075,2.99120952,2.50889718,0.9529411764705882
DB00541,247,1,train,9.0,11.0,0.374066,0.0,0.2711864406779661,0.0,0.89261705,0.8574177,0.81803274,0.1759656652360515,3.366594,0.0,2.983050847457627,0.0,9.81878755,9.4315947,8.99836014,1.9356223175965663
DB00468,174,1,train,13.0,0.0,0.0,0.0,0.202127659574468,0.0,0.82090247,0.7700633,0.79794997,0.205607476635514,0.0,0.0,0.0,0.0,0.0,0.0,0.0,0.0
DB01390,221,1,train,5.0,0.0,0.0,0.0,0.0,0.0,0.84570557,0.7611521,0.74973387,0.0588235294117647,0.0,0.0,0.0,0.0,0.0,0.0,0.0,0.0
DB00273,378,1,train,3.0,5.0,0.208646,0.0,0.1481481481481481,0.0,0.8983444,0.8844857,0.8660294,0.0648148148148148,0.625938,0.0,0.7407407407407406,0.0,4.491722,4.4224285000000005,4.330147,0.3240740740740739
DB00163,9,1,train,7.0,10.0,0.419075,0.0,0.0851063829787234,0.0,0.66172546,0.8491696,0.79183537,0.1,2.933525,0.0,0.851063829787234,0.0,6.6172546,8.491696,7.918353700000001,1.0
DB00331,318,1,train,12.0,6.0,0.891319,0.0,0.238095238095238,0.0,0.91880995,0.8671,0.9206743,0.0617283950617283,10.695828,0.0,1.428571428571428,0.0,5.5128597,5.2026,5.5240458,0.3703703703703698
DB01173,122,1,train,1.0,8.0,0.203892,0.0,0.1833333333333333,0.0,0.83890057,0.9239926,0.85075146,0.0721649484536082,0.203892,0.0,1.4666666666666663,0.0,6.71120456,7.3919408,6.80601168,0.5773195876288656
DB01261,318,1,train,12.0,3.0,0.891319,0.0,0.3214285714285714,0.0,0.94521916,0.8351418,0.8825818,0.1342281879194631,10.695828,0.0,0.9642857142857142,0.0,2.83565748,2.5054254,2.6477454,0.4026845637583892
DB00331,40,1,train,12.0,6.0,0.891319,0.0,0.238095238095238,0.0,0.91880995,0.90083176,0.90383756,0.0617283950617283,10.695828,0.0,1.428571428571428,0.0,5.5128597,5.40499056,5.4230253600000005,0.3703703703703698
DB00764,358,1,train,36.0,3.0,0.998501,0.5,0.5625,0.0,0.6182899,0.8877556,0.870916,0.7241379310344828,35.946036,1.5,1.6875,0.0,1.8548697,2.6632668,2.612748,2.1724137931034484
DB01136,405,1,train,54.0,1.0,0.45235,0.3333333333333333,0.3728813559322034,0.0,0.8924547,0.92711425,0.9449766,0.3238095238095238,24.4269,0.3333333333333333,0.3728813559322034,0.0,0.8924547,0.92711425,0.9449766,0.3238095238095238
DB01029,124,1,train,68.0,5.0,0.384394,0.5,0.4838709677419355,0.0,0.9622456,0.9213728,0.90274787,0.4838709677419355,26.138792,2.5,2.419354838709677,0.0,4.811228,4.606864,4.51373935,2.419354838709677
DB00419,215,1,train,0.0,4.0,0.521879,0.0,0.0,0.0,0.0,0.0,0.0,0.0,0.0,0.0,0.0,0.0,0.0,0.0,0.0,0.0
DB00741,347,1,train,32.0,4.0,0.471213,0.5,0.6376811594202898,0.0,0.90511644,0.90307486,0.8836902,0.5425531914893617,15.078816,2.0,2.550724637681159,0.0,3.62046576,3.61229944,3.5347608,2.1702127659574466
DB00996,313,1,train,4.0,12.0,0.96451,0.125,0.1875,0.0,0.9472614,0.8393383,0.9071015,0.1607142857142857,3.85804,1.5,2.25,0.0,11.3671368,10.0720596,10.885218,1.9285714285714284
DB00553,170,1,train,1.0,0.0,0.0,0.0,0.4642857142857143,0.0,0.6201711,0.8355631,0.6321922,0.2916666666666667,0.0,0.0,0.0,0.0,0.0,0.0,0.0,0.0
DB00863,18,1,train,13.0,2.0,0.100938,0.5,0.3846153846153846,0.0,0.9784372,0.83333516,0.8942821,0.6111111111111112,1.312194,1.0,0.7692307692307692,0.0,1.9568744,1.66667032,1.7885642,1.2222222222222223
DB00141,128,1,train,21.0,2.0,0.640926,0.0,0.375,0.0,0.6631955,0.7851287,0.0,0.1142857142857142,13.459446,0.0,0.75,0.0,1.326391,1.5702574,0.0,0.2285714285714284
DB01162,124,1,train,68.0,6.0,0.271532,0.8571428571428571,0.5555555555555556,0.0,0.95816654,0.90461755,0.7745735,0.6509433962264151,18.464176,5.142857142857142,3.333333333333333,0.0,5.74899924,5.4277053,4.647441000000001,3.9056603773584895
DB01173,344,1,train,9.0,8.0,0.997595,0.1111111111111111,0.2191780821917808,0.0,0.7889599,0.9071313,0.90129733,0.3333333333333333,8.978355,0.8888888888888888,1.7534246575342465,0.0,6.3116792,7.2570504,7.21037864,2.6666666666666665
DB00588,322,1,train,21.0,3.0,0.310849,0.5,0.3461538461538461,0.0,0.92387575,0.8106631,0.86383677,0.4067796610169492,6.527829,1.5,1.0384615384615383,0.0,2.77162725,2.4319893,2.5915103100000003,1.2203389830508475
DB00876,405,1,train,54.0,1.0,0.271532,1.0,0.4782608695652174,0.0,0.9965783,0.8978578,0.873431,0.3333333333333333,14.662728,1.0,0.4782608695652174,0.0,0.9965783,0.8978578,0.873431,0.3333333333333333
DB00652,99,1,train,58.0,0.0,0.0,0.5,0.6296296296296297,0.2,0.96001756,0.85602134,0.8560715,0.3368421052631579,0.0,0.0,0.0,0.0,0.0,0.0,0.0,0.0
DB01018,405,1,train,54.0,1.0,0.271532,0.3333333333333333,0.3703703703703703,0.0,0.89608383,0.9010574,0.85780966,0.3114754098360656,14.662728,0.3333333333333333,0.3703703703703703,0.0,0.89608383,0.9010574,0.85780966,0.3114754098360656
DB00444,239,1,train,11.0,5.0,0.370803,1.0,0.4130434782608695,0.0,0.891902,0.9007664,0.86800504,0.2239583333333333,4.078833,5.0,2.065217391304348,0.0,4.45951,4.503832,4.3400252,1.1197916666666663
DB00472,243,1,train,9.0,3.0,0.210082,0.0833333333333333,0.576271186440678,0.0,0.97010446,0.84315014,0.8851849,0.23,1.890738,0.2499999999999999,1.728813559322034,0.0,2.91031338,2.52945042,2.6555547,0.6900000000000001
DB00337,359,1,train,36.0,3.0,0.944425,0.5,0.2857142857142857,0.0,0.7739991,0.9251488,0.85748416,0.8493975903614458,33.9993,1.5,0.8571428571428571,0.0,2.3219973,2.7754464,2.57245248,2.548192771084337
DB00852,396,1,train,10.0,6.0,0.092763,0.125,0.5128205128205128,1.0,0.86446697,0.90059114,0.7907826,0.6578947368421053,0.92763,0.75,3.0769230769230766,6.0,5.18680182,5.40354684,4.7446956,3.947368421052632
DB00915,44,1,train,7.0,2.0,0.153215,0.0,0.0697674418604651,0.0,0.81417215,0.82996005,0.82737666,0.1075268817204301,1.072505,0.0,0.1395348837209302,0.0,1.6283443,1.6599201,1.65475332,0.2150537634408602
DB00530,85,1,train,5.0,0.0,0.0,0.0,0.4754098360655737,0.0,0.89772207,0.8548314,0.0,0.1610738255033557,0.0,0.0,0.0,0.0,0.0,0.0,0.0,0.0
DB00424,259,1,train,15.0,7.0,0.517447,0.8,0.1774193548387097,0.0,0.86567175,0.83906,0.7635394,0.2448979591836734,7.761705,5.6000000000000005,1.2419354838709675,0.0,6.05970225,5.87342,5.3447758,1.714285714285714
DB00182,76,1,train,9.0,2.0,0.127706,0.5555555555555556,0.6,0.0,0.9772001,0.7677922,0.8779175,1.0,1.1493539999999998,1.1111111111111112,1.2,0.0,1.9544002,1.5355844,1.755835,2.0
DB00338,314,1,train,8.0,2.0,0.430743,0.5,0.7446808510638298,0.0,0.9547297,0.98795,0.85337883,0.8873239436619719,3.445944,1.0,1.4893617021276595,0.0,1.9094594,1.9759,1.70675766,1.7746478873239435
DB00907,396,1,train,10.0,1.0,0.204518,0.0769230769230769,0.1509433962264151,0.0,0.815478,0.79788417,0.7269758,0.2025316455696202,2.04518,0.0769230769230769,0.1509433962264151,0.0,0.815478,0.79788417,0.7269758,0.2025316455696202
DB08799,347,1,train,32.0,3.0,0.494446,1.0,0.5,0.0,0.94027025,0.99706984,0.8481066,0.3260869565217391,15.822272,3.0,1.5,0.0,2.82081075,2.99120952,2.5443198,0.9782608695652172
DB00169,93,1,train,3.0,7.0,0.474148,1.0,0.5641025641025641,0.0,0.89333063,0.65928876,0.883524,0.6808510638297872,1.422444,7.0,3.948717948717949,0.0,6.25331441,4.61502132,6.184668,4.76595744680851
DB01115,146,1,train,7.0,2.0,0.13895,0.3529411764705882,0.492063492063492,0.0,0.95570475,0.91953486,0.75853896,0.5581395348837209,0.97265,0.7058823529411764,0.984126984126984,0.0,1.9114095,1.83906972,1.51707792,1.1162790697674418
DB00484,124,1,train,68.0,2.0,0.188469,0.6666666666666666,0.2222222222222222,0.0,0.94115365,0.9026108,0.84333754,0.3846153846153846,12.815892,1.3333333333333333,0.4444444444444444,0.0,1.8823073,1.8052216,1.68667508,0.7692307692307692
DB00909,162,1,train,4.0,10.0,0.282058,0.1372549019607843,0.2295081967213114,0.0,0.9002697,0.9109501,0.7717281,0.2352941176470588,1.128232,1.372549019607843,2.2950819672131137,0.0,9.002697,9.109501,7.717281,2.352941176470588
DB00035,58,1,train,1.0,7.0,0.583018,0.0,0.1025641025641025,0.0,0.8225155,0.6251518,0.88883734,0.0585585585585585,0.583018,0.0,0.7179487179487175,0.0,5.7576085,4.3760626,6.22186138,0.4099099099099095
DB00282,24,1,train,16.0,7.0,0.251363,0.0,0.0625,0.0,0.80071795,0.6894741,0.84103644,0.0703125,4.021808,0.0,0.4375,0.0,5.60502565,4.8263187,5.88725508,0.4921875
DB00630,341,1,train,4.0,4.0,0.303915,0.25,0.875,0.0,0.9951212,0.9826821,0.7118263,0.475,1.21566,1.0,3.5,0.0,3.9804848,3.9307284,2.8473052,1.9
DB00691,124,1,train,68.0,1.0,0.384394,1.0,0.7368421052631579,0.0,0.9204581,0.9111409,0.9014981,0.6964285714285714,26.138792,1.0,0.7368421052631579,0.0,0.9204581,0.9111409,0.9014981,0.6964285714285714
DB00800,124,1,train,68.0,1.0,0.271532,0.75,0.2272727272727272,0.0,0.9205098,0.86015517,0.8338011,0.211864406779661,18.464176,0.75,0.2272727272727272,0.0,0.9205098,0.86015517,0.8338011,0.211864406779661
DB01261,41,1,train,11.0,3.0,0.544787,0.0,0.3214285714285714,0.0,0.9116145,0.8351418,0.8825818,0.1342281879194631,5.992657,0.0,0.9642857142857142,0.0,2.7348435,2.5054254,2.6477454,0.4026845637583892
DB01261,40,1,train,12.0,3.0,0.891319,0.0,0.28,0.0,0.94521916,0.82013375,0.87630314,0.1184210526315789,10.695828,0.0,0.8400000000000001,0.0,2.83565748,2.46040125,2.62890942,0.3552631578947367
DB01225,278,1,train,3.0,3.0,0.685456,0.0,0.037037037037037,0.0,0.8145876,0.85938746,0.7837155,0.0348837209302325,2.056368,0.0,0.111111111111111,0.0,2.4437628,2.57816238,2.3511465,0.1046511627906975
DB00873,362,1,train,37.0,3.0,0.944425,0.0,0.2580645161290322,0.0,0.8639344,0.25968295,0.0,0.5760869565217391,34.943725,0.0,0.7741935483870965,0.0,2.5918032,0.7790488500000001,0.0,1.7282608695652173
DB01177,239,1,train,11.0,3.0,0.370803,1.0,0.4523809523809524,0.0,0.92641264,0.9973546,0.887109,0.7946428571428571,4.078833,3.0,1.3571428571428572,0.0,2.77923792,2.9920638,2.661327,2.383928571428571
DB00945,117,1,train,20.0,16.0,0.28758,0.0666666666666666,0.28125,0.0,0.8478766,0.78284305,0.8088957,0.2745098039215686,5.7516,1.0666666666666655,4.5,0.0,13.5660256,12.5254888,12.9423312,4.3921568627450975
DB00541,252,1,train,3.0,11.0,0.399734,0.0,0.2711864406779661,0.0,0.89261705,0.8299247,0.7049333,0.1759656652360515,1.199202,0.0,2.983050847457627,0.0,9.81878755,9.1291717,7.754266299999999,1.9356223175965663
DB00563,19,1,train,8.0,20.0,0.302671,0.0,0.2909090909090909,0.0,0.9009966,0.8967478,0.7023848,0.152,2.421368,0.0,5.818181818181818,0.0,18.019932,17.934956,14.047696,3.04
DB00381,88,1,train,4.0,4.0,0.365233,0.0,0.1538461538461538,0.0,0.83771753,0.88284177,0.8317341,0.1753246753246753,1.460932,0.0,0.6153846153846152,0.0,3.35087012,3.53136708,3.3269364,0.7012987012987012
DB00989,259,1,train,15.0,14.0,0.517447,0.0,0.1739130434782608,0.0,0.8483618,0.8836037,0.8597396,0.2352941176470588,7.761705,0.0,2.4347826086956514,0.0,11.8770652,12.3704518,12.0363544,3.294117647058823
DB00305,65,1,train,5.0,1.0,0.130349,0.0,0.25,0.0,0.7894201,0.8572462,0.8832548,0.1875,0.651745,0.0,0.25,0.0,0.7894201,0.8572462,0.8832548,0.1875
DB00387,259,1,train,15.0,7.0,0.517447,0.8,0.8333333333333334,0.0,0.9645966,0.9251827,0.89786226,0.953846153846154,7.761705,5.6000000000000005,5.833333333333334,0.0,6.7521762,6.4762789000000005,6.28503582,6.676923076923078
DB00759,314,1,train,8.0,6.0,0.16603,0.0,0.2083333333333333,0.0,0.82039595,0.82624304,0.8262086,0.1386861313868613,1.32824,0.0,1.2499999999999998,0.0,4.9223757,4.95745824,4.957251599999999,0.8321167883211679
DB00604,18,1,train,13.0,1.0,0.100938,0.3333333333333333,0.3508771929824561,0.0,0.8151935,0.79617816,0.82624924,0.3333333333333333,1.312194,0.3333333333333333,0.3508771929824561,0.0,0.8151935,0.79617816,0.82624924,0.3333333333333333
DB01268,367,1,train,0.0,0.0,0.0,0.0,0.0,0.0,0.0,0.0,0.0,0.0,0.0,0.0,0.0,0.0,0.0,0.0,0.0,0.0
DB00989,136,1,train,12.0,14.0,0.555551,0.0,0.1739130434782608,0.0,0.8483618,0.8836037,0.8334999,0.2352941176470588,6.666612000000001,0.0,2.4347826086956514,0.0,11.8770652,12.3704518,11.6689986,3.294117647058823
DB00989,342,1,train,4.0,14.0,0.598796,0.5,0.3448275862068966,0.0,0.9759848,0.8558266,0.8794025,0.2083333333333333,2.395184,7.0,4.827586206896552,0.0,13.6637872,11.9815724,12.311635,2.916666666666666
DB01106,347,1,train,32.0,4.0,0.548052,0.5,0.55,0.0,0.9399164,0.9007708,0.92880625,0.2671755725190839,17.537664,2.0,2.2,0.0,3.7596656,3.6030832,3.715225,1.0687022900763357
DB00318,396,1,train,10.0,2.0,0.070374,1.0,0.6451612903225806,1.0,0.9742391,0.853931,0.85203755,0.6578947368421053,0.70374,2.0,1.2903225806451613,2.0,1.9484782,1.707862,1.7040751,1.3157894736842106
DB01399,89,1,train,22.0,2.0,0.043037,0.6666666666666666,0.3260869565217391,0.0,0.85134995,0.93247885,0.8868454,0.5172413793103449,0.946814,1.3333333333333333,0.6521739130434782,0.0,1.7026999,1.8649577,1.7736908,1.0344827586206895
DB00747,14,1,train,0.0,6.0,0.233764,0.0,0.0,0.0,0.0,0.0,0.0,0.0,0.0,0.0,0.0,0.0,0.0,0.0,0.0,0.0
DB00909,293,1,train,3.0,10.0,0.656311,0.1372549019607843,0.15,0.0,0.9247292,0.9109501,0.9071015,0.2352941176470588,1.968933,1.372549019607843,1.5,0.0,9.247292,9.109501,9.071015,2.352941176470588
DB00396,199,1,train,12.0,0.0,0.0,0.02,0.1403508771929824,0.0,0.7493657,0.7365223,0.6976452,0.1294117647058823,0.0,0.0,0.0,0.0,0.0,0.0,0.0,0.0
DB00706,174,1,train,13.0,2.0,0.081461,1.0,0.5,0.0,0.90337956,0.927989,0.7703657,0.2803030303030303,1.058993,2.0,1.0,0.0,1.80675912,1.855978,1.5407314,0.5606060606060606
DB01219,198,1,train,0.0,12.0,0.374917,0.0,0.0,0.0,0.0,0.0,0.0,0.0,0.0,0.0,0.0,0.0,0.0,0.0,0.0,0.0
DB00575,81,1,train,3.0,10.0,0.125371,0.3,0.1894736842105263,0.0,0.8636223,0.80353725,0.66649294,0.1348314606741573,0.376113,3.0,1.8947368421052628,0.0,8.636223,8.0353725,6.6649294,1.348314606741573
DB00987,331,1,train,10.0,7.0,0.551177,0.0,0.2909090909090909,0.0,0.90779185,0.8883547,0.9340694,0.1603053435114503,5.51177,0.0,2.036363636363636,0.0,6.35454295,6.218482900000001,6.5384858,1.122137404580152
DB01170,124,1,train,68.0,1.0,0.271532,1.0,0.282051282051282,0.0,0.90221477,0.91073525,0.96799695,0.3174603174603174,18.464176,1.0,0.282051282051282,0.0,0.90221477,0.91073525,0.96799695,0.3174603174603174
DB00598,21,1,train,5.0,4.0,0.274656,0.4,0.3928571428571428,0.0,0.86251307,0.86998737,0.8918102,0.3296703296703296,1.37328,1.6,1.5714285714285712,0.0,3.45005228,3.47994948,3.5672408,1.3186813186813184
DB00635,355,1,train,3.0,22.0,0.362753,1.0,0.5,0.0,0.8909983,0.9295207,0.9588356,0.7108433734939759,1.088259,22.0,11.0,0.0,19.6019626,20.4494554,21.0943832,15.638554216867467
DB06718,11,1,train,2.0,0.0,0.0,0.1666666666666666,0.28,0.0,0.830293,0.82593477,0.7569739,0.39,0.0,0.0,0.0,0.0,0.0,0.0,0.0,0.0
DB00590,405,1,train,54.0,4.0,0.271532,0.8571428571428571,0.5555555555555556,0.0,0.87376696,0.92711425,0.8639394,0.6509433962264151,14.662728,3.4285714285714284,2.2222222222222223,0.0,3.49506784,3.708457,3.4557576,2.60377358490566
DB00938,183,1,train,27.0,1.0,0.38905,1.0,0.5454545454545454,0.0,0.9340395,0.8678791,0.8503485,0.3333333333333333,10.50435,1.0,0.5454545454545454,0.0,0.9340395,0.8678791,0.8503485,0.3333333333333333
DB00210,351,1,train,10.0,0.0,0.0,0.0,0.3333333333333333,0.0,0.8362652,0.71858984,0.86494535,0.1603053435114503,0.0,0.0,0.0,0.0,0.0,0.0,0.0,0.0
DB00413,134,1,train,14.0,9.0,0.534972,0.4285714285714285,0.2307692307692307,0.0,0.88445437,0.87155557,0.8766889,0.1470588235294117,7.489608,3.857142857142856,2.076923076923076,0.0,7.960089330000001,7.844000129999999,7.890200099999999,1.3235294117647052
DB00819,69,1,train,10.0,6.0,0.179778,0.625,0.3448275862068966,0.0,0.9104296,0.91931397,0.8251331,0.217391304347826,1.79778,3.75,2.0689655172413794,0.0,5.4625776,5.51588382,4.9507986,1.304347826086956
DB00458,133,1,train,9.0,2.0,0.267834,0.4838709677419355,0.6265060240963856,0.0,0.95026267,0.8852132,0.8682329,0.7647058823529411,2.4105060000000003,0.967741935483871,1.2530120481927711,0.0,1.90052534,1.7704264,1.7364658,1.5294117647058822
DB00695,251,1,train,4.0,9.0,0.260579,0.1666666666666666,0.6578947368421053,0.0,0.96968037,0.9260969,0.88915545,0.3695652173913043,1.042316,1.4999999999999991,5.921052631578948,0.0,8.72712333,8.3348721,8.00239905,3.326086956521739
DB00563,20,1,train,4.0,20.0,0.418393,0.0,0.1964285714285714,0.0,0.86313844,0.83140993,0.7953063,0.145,1.673572,0.0,3.928571428571428,0.0,17.2627688,16.628198599999997,15.906126,2.9
DB00380,195,1,train,1.0,4.0,0.413916,0.0,0.0,0.0,0.75878537,0.79923904,0.56817317,0.07,0.413916,0.0,0.0,0.0,3.03514148,3.19695616,2.27269268,0.28
DB00398,85,1,train,5.0,3.0,0.336462,0.0,0.4754098360655737,0.0,0.8646098,0.89429134,0.8357991,0.1610738255033557,1.68231,0.0,1.4262295081967211,0.0,2.5938294,2.68287402,2.5073973,0.4832214765100671
DB00661,174,1,train,13.0,6.0,0.129576,0.1142857142857142,0.21875,0.0,0.73825115,0.8649357,0.8291145,0.2803030303030303,1.684488,0.6857142857142852,1.3125,0.0,4.4295069,5.189614199999999,4.974686999999999,1.6818181818181817
DB00651,183,1,train,27.0,2.0,0.38905,0.25,0.4166666666666667,0.0,0.9313549,0.9098119,0.92486703,0.4310344827586206,10.50435,0.5,0.8333333333333334,0.0,1.8627098,1.8196238,1.84973406,0.8620689655172412
DB00387,134,1,train,14.0,7.0,0.48438,0.8,0.8333333333333334,0.0,0.9617435,0.8836037,0.8766889,0.953846153846154,6.78132,5.6000000000000005,5.833333333333334,0.0,6.7322045,6.1852259,6.1368223,6.676923076923078
DB00433,210,1,train,2.0,4.0,0.17153,0.1111111111111111,0.171875,0.0,0.85830796,0.89036477,0.88879406,0.1949152542372881,0.34306,0.4444444444444444,0.6875,0.0,3.43323184,3.56145908,3.55517624,0.7796610169491524
DB01181,277,1,train,4.0,4.0,0.205777,0.0,0.2857142857142857,0.0,0.91784036,0.8426436,0.74327314,0.0408163265306122,0.823108,0.0,1.1428571428571428,0.0,3.67136144,3.3705744,2.97309256,0.1632653061224488
DB00927,18,1,train,13.0,3.0,0.430743,1.0,0.5,0.0,0.9784372,0.8083002,0.8822381,0.2444444444444444,5.599659,3.0,1.5,0.0,2.9353116,2.4249006,2.6467143,0.7333333333333332
DB00603,360,1,train,6.0,2.0,0.139148,0.0,0.1075268817204301,0.0,0.81870455,0.88908947,0.7838549,0.1322314049586777,0.834888,0.0,0.2150537634408602,0.0,1.6374091,1.77817894,1.5677098,0.2644628099173554
DB01037,370,1,train,12.0,11.0,0.764516,0.0,0.2857142857142857,0.0,0.93939716,0.89169663,0.89800316,0.28,9.174192,0.0,3.142857142857143,0.0,10.33336876,9.80866293,9.87803476,3.08
DB00663,362,1,train,37.0,3.0,0.998501,1.0,0.3823529411764705,0.0,0.8915292,0.8877556,0.91173905,0.7471264367816092,36.944537,3.0,1.1470588235294117,0.0,2.6745876,2.6632668,2.73521715,2.2413793103448274
DB01262,324,1,train,1.0,1.0,0.037438,0.0714285714285714,0.8636363636363636,0.0,0.83051956,0.743827,0.7504612,0.6071428571428571,0.037438,0.0714285714285714,0.8636363636363636,0.0,0.83051956,0.743827,0.7504612,0.6071428571428571
DB00186,160,1,train,1.0,2.0,0.125569,0.0,0.1794871794871795,0.0,0.7485453,0.71380985,0.81415594,0.1975308641975308,0.125569,0.0,0.358974358974359,0.0,1.4970906,1.4276197,1.62831188,0.3950617283950616
DB00481,3,1,train,10.0,2.0,0.252701,0.5,0.1702127659574468,0.0,0.83385766,0.8312949,0.88788575,0.1470588235294117,2.52701,1.0,0.3404255319148936,0.0,1.66771532,1.6625898,1.7757715,0.2941176470588234
DB01241,260,1,train,0.0,2.0,0.230616,0.0,0.0,0.0,0.0,0.0,0.0,0.0,0.0,0.0,0.0,0.0,0.0,0.0,0.0,0.0
DB01065,296,1,train,0.0,5.0,0.95818,0.0,0.0,0.0,0.0,0.0,0.0,0.0,0.0,0.0,0.0,0.0,0.0,0.0,0.0,0.0
DB00635,208,1,train,10.0,22.0,0.276707,1.0,0.417910447761194,0.0,0.8773569,0.9295207,0.8765129,0.4455445544554455,2.76707,22.0,9.194029850746269,0.0,19.3018518,20.4494554,19.2832838,9.801980198019802
DB00993,244,1,train,4.0,6.0,0.266093,0.0,0.0746268656716417,0.0,0.8499823,0.90549654,0.79121786,0.0786516853932584,1.064372,0.0,0.4477611940298502,0.0,5.0998938,5.43297924,4.74730716,0.4719101123595504
DB00536,200,1,train,1.0,2.0,0.14634,0.0,0.025,0.0,0.63029504,0.60313106,0.68658054,0.0,0.14634,0.0,0.05,0.0,1.26059008,1.20626212,1.37316108,0.0
DB00187,405,1,train,54.0,1.0,0.271532,0.5,0.6060606060606061,0.0,0.89144933,0.90891314,0.0,0.7619047619047619,14.662728,0.5,0.6060606060606061,0.0,0.89144933,0.90891314,0.0,0.7619047619047619
DB00437,305,1,train,1.0,0.0,0.0,0.0,0.0476190476190476,0.0,0.78021663,0.7409247,0.48199618,0.1346153846153846,0.0,0.0,0.0,0.0,0.0,0.0,0.0,0.0
DB01234,316,1,train,10.0,17.0,0.206047,0.1052631578947368,0.1046511627906976,0.0,0.8376868,0.8213078,0.7805519,0.248,2.06047,1.7894736842105254,1.7790697674418592,0.0,14.2406756,13.9622326,13.2693823,4.216
DB01219,373,1,train,1.0,12.0,0.29204,0.0,0.1612903225806451,0.0,0.84127784,0.79697275,0.85967034,0.1195652173913043,0.29204,0.0,1.935483870967741,0.0,10.09533408,9.563673,10.31604408,1.4347826086956514
DB06268,145,1,train,5.0,0.0,0.0,1.0,0.1666666666666666,0.0,0.66100526,0.881965,0.9951666,0.2222222222222222,0.0,0.0,0.0,0.0,0.0,0.0,0.0,0.0
DB00433,394,1,train,1.0,4.0,0.143296,0.0,0.0,0.0,0.37845406,0.55487484,0.42550194,0.021505376344086,0.143296,0.0,0.0,0.0,1.51381624,2.21949936,1.70200776,0.086021505376344
DB00323,259,1,train,15.0,7.0,0.517447,1.0,0.5,0.0,0.9435791,0.90381527,0.8131242,0.3493975903614458,7.761705,7.0,3.5,0.0,6.6050537,6.32670689,5.6918694,2.4457831325301207
DB00276,331,1,train,10.0,1.0,0.598628,0.25,0.3,0.0,0.8707633,0.79564816,0.7869973,0.2533333333333333,5.986280000000001,0.25,0.3,0.0,0.8707633,0.79564816,0.7869973,0.2533333333333333
DB00153,130,1,train,8.0,6.0,0.401042,0.037037037037037,0.5454545454545454,0.0,0.6380423,0.91424996,0.883524,0.6808510638297872,3.208336,0.222222222222222,3.2727272727272725,0.0,3.8282538,5.48549976,5.301144,4.085106382978723
DB00589,390,1,train,9.0,6.0,0.997595,0.9333333333333332,0.3265306122448979,0.0,0.79503286,0.852681,0.84428847,0.2673267326732673,8.978355,5.6,1.9591836734693877,0.0,4.77019716,5.116086,5.06573082,1.6039603960396036
DB00554,392,1,train,20.0,3.0,0.776582,1.0,0.6666666666666666,0.0,0.99011445,0.9112581,0.91354334,0.6891891891891891,15.53164,3.0,2.0,0.0,2.97034335,2.7337743,2.74063002,2.0675675675675675
DB00494,134,1,train,14.0,8.0,0.534972,1.0,0.5,0.0,0.9435791,0.90381527,0.8623575,0.3493975903614458,7.489608,8.0,4.0,0.0,7.5486328,7.23052216,6.89886,2.7951807228915664
DB00697,117,1,train,20.0,3.0,0.077779,0.3,0.1833333333333333,0.0,0.84597534,0.92966545,0.85075146,0.1529411764705882,1.55558,0.8999999999999999,0.5499999999999998,0.0,2.53792602,2.78899635,2.55225438,0.4588235294117646
DB00653,240,1,train,0.0,2.0,0.075832,0.0,0.0,0.0,0.0,0.0,0.0,0.0,0.0,0.0,0.0,0.0,0.0,0.0,0.0,0.0
DB00035,171,1,train,0.0,7.0,0.474376,0.0,0.0,0.0,0.0,0.0,0.0,0.0,0.0,0.0,0.0,0.0,0.0,0.0,0.0,0.0
DB00887,177,1,train,3.0,7.0,0.3638,0.125,0.3888888888888889,0.0,0.9719908,0.9036307,0.81974775,0.2127659574468085,1.0914,0.875,2.7222222222222223,0.0,6.8039356,6.3254149,5.73823425,1.4893617021276595
DB00635,175,1,train,0.0,22.0,0.42204,0.0,0.0,0.0,0.0,0.0,0.0,0.0,0.0,0.0,0.0,0.0,0.0,0.0,0.0,0.0
DB00537,89,1,train,22.0,2.0,0.23056,0.0833333333333333,0.0757575757575757,0.0,0.77369153,0.7787881,0.7209128,0.2017543859649122,5.07232,0.1666666666666666,0.1515151515151514,0.0,1.54738306,1.5575762,1.4418256,0.4035087719298244
DB00448,314,1,train,8.0,2.0,0.430743,0.5,0.7446808510638298,0.0,0.99811447,0.8108305,0.8994435,0.6904761904761905,3.445944,1.0,1.4893617021276595,0.0,1.99622894,1.621661,1.798887,1.380952380952381
DB00956,99,1,train,58.0,1.0,0.204518,0.6666666666666666,0.6333333333333333,0.0,0.91190493,0.8681736,0.8215859,0.782608695652174,11.862044,0.6666666666666666,0.6333333333333333,0.0,0.91190493,0.8681736,0.8215859,0.782608695652174
DB01189,405,1,train,54.0,2.0,0.271532,0.0,0.1481481481481481,0.0,0.7802414,0.86274457,0.8116666,0.0777777777777777,14.662728,0.0,0.2962962962962962,0.0,1.5604828,1.72548914,1.6233332,0.1555555555555554
DB00663,358,1,train,36.0,3.0,0.998501,1.0,0.3823529411764705,0.0,0.90511644,0.9188131,0.91173905,0.7471264367816092,35.946036,3.0,1.1470588235294117,0.0,2.71534932,2.7564393000000003,2.73521715,2.2413793103448274
DB00408,149,1,train,16.0,0.0,0.0,0.6888888888888889,0.5588235294117647,0.0,0.98499596,0.87243384,0.8906056,0.5411764705882353,0.0,0.0,0.0,0.0,0.0,0.0,0.0,0.0
DB00153,282,1,train,3.0,6.0,0.425664,0.037037037037037,0.631578947368421,0.0,0.6380423,0.91424996,0.883524,0.7391304347826086,1.276992,0.222222222222222,3.789473684210526,0.0,3.8282538,5.48549976,5.301144,4.434782608695652
DB00541,274,1,train,4.0,11.0,0.235591,0.0,0.2711864406779661,0.0,0.89261705,0.8967478,0.7049333,0.1759656652360515,0.942364,0.0,2.983050847457627,0.0,9.81878755,9.8642258,7.754266299999999,1.9356223175965663
DB01068,0,1,train,2.0,7.0,0.225034,0.3809523809523809,0.1904761904761904,0.0,0.84538436,0.81467617,0.77856714,0.2183908045977011,0.450068,2.666666666666666,1.3333333333333328,0.0,5.91769052,5.70273319,5.4499699800000005,1.5287356321839076
DB00996,385,1,train,4.0,12.0,0.782577,0.125,0.1875,0.0,0.9472614,0.8393383,0.9071015,0.1607142857142857,3.130308,1.5,2.25,0.0,11.3671368,10.0720596,10.885218,1.9285714285714284
DB00537,131,1,train,5.0,2.0,0.090447,0.2727272727272727,0.4545454545454545,0.0,0.8212098,0.893863,0.8953887,0.4183673469387755,0.452235,0.5454545454545454,0.909090909090909,0.0,1.6424196,1.787726,1.7907774,0.836734693877551
DB00647,99,1,train,58.0,0.0,0.0,0.5625,0.4285714285714285,0.0,0.9431238,0.9298786,0.8983468,0.5581395348837209,0.0,0.0,0.0,0.0,0.0,0.0,0.0,0.0
DB00674,354,1,train,6.0,7.0,0.642964,0.5,0.4666666666666667,0.0,0.9759848,0.76751757,0.89117604,0.2260869565217391,3.857784,3.5,3.2666666666666666,0.0,6.8318936,5.37262299,6.23823228,1.5826086956521737
DB01029,405,1,train,54.0,5.0,0.271532,0.5,0.5106382978723404,0.0,0.9622456,0.9213728,0.90274787,0.5877192982456141,14.662728,2.5,2.553191489361702,0.0,4.811228,4.606864,4.51373935,2.93859649122807
DB00586,302,1,train,1.0,7.0,0.19615,1.0,0.3846153846153846,0.0,0.8924964,0.804513,0.7767482,0.2891566265060241,0.19615,7.0,2.692307692307692,0.0,6.2474748,5.631591,5.4372374,2.0240963855421685
DB00331,6,1,train,3.0,6.0,0.322984,0.0,0.0833333333333333,0.0,0.7608742,0.8160205,0.75631857,0.0467289719626168,0.968952,0.0,0.4999999999999998,0.0,4.5652452,4.896123,4.53791142,0.2803738317757008
DB00122,392,1,train,20.0,5.0,0.776582,0.0333333333333333,0.087719298245614,0.0,0.6248834,0.71989536,0.8164584,0.0961538461538461,15.53164,0.1666666666666665,0.43859649122807,0.0,3.124417,3.5994768,4.082292,0.4807692307692305
DB00449,68,1,train,10.0,3.0,0.626537,0.3,0.3387096774193548,0.0,0.905524,0.86206514,0.7727799,0.3333333333333333,6.26537,0.8999999999999999,1.0161290322580645,0.0,2.716572,2.58619542,2.3183397,1.0
DB00140,89,1,train,22.0,0.0,0.0,0.0,0.0754716981132075,0.0,0.618094,0.7996789,0.725047,0.1428571428571428,0.0,0.0,0.0,0.0,0.0,0.0,0.0,0.0
DB01351,228,1,train,6.0,1.0,0.203291,0.0909090909090909,0.1538461538461538,0.0,0.9062593,0.84662026,0.0,0.1525423728813559,1.219746,0.0909090909090909,0.1538461538461538,0.0,0.9062593,0.84662026,0.0,0.1525423728813559
DB00388,334,1,train,10.0,4.0,0.476518,0.375,0.3013698630136986,0.0,0.88821703,0.83171463,0.8385108,0.5813953488372093,4.76518,1.5,1.2054794520547945,0.0,3.55286812,3.32685852,3.3540432,2.3255813953488373
DB00564,8,1,train,7.0,5.0,0.189859,0.2702702702702703,0.3454545454545454,0.0,0.92219746,0.81977576,0.85089636,0.3375,1.329013,1.351351351351351,1.727272727272727,0.0,4.6109873,4.0988788,4.2544818,1.6875
DB00997,280,1,train,32.0,13.0,0.399542,0.5,0.4035087719298245,0.0,0.9454798,0.89861375,0.9056767,0.2344827586206896,12.785344,6.5,5.245614035087718,0.0,12.2912374,11.68197875,11.7737971,3.048275862068965
DB01017,351,1,train,10.0,0.0,0.0,0.0,0.3947368421052631,0.0,0.91291434,0.9090799,0.8216491,0.6285714285714286,0.0,0.0,0.0,0.0,0.0,0.0,0.0,0.0
DB00392,344,1,train,9.0,7.0,0.997595,0.1111111111111111,0.1666666666666666,0.0,0.93939716,0.9071313,0.89408064,0.3333333333333333,8.978355,0.7777777777777777,1.1666666666666663,0.0,6.575780119999999,6.3499191,6.25856448,2.333333333333333
DB00950,347,1,train,32.0,3.0,0.548052,1.0,0.3157894736842105,0.0,0.96058714,1.0000001,0.8169432,0.8636363636363636,17.537664,3.0,0.9473684210526316,0.0,2.88176142,3.0000003,2.4508296,2.590909090909091
DB06201,365,1,train,5.0,0.0,0.0,0.0333333333333333,0.303030303030303,0.0,0.93554664,0.8719177,0.7674941,0.1973684210526315,0.0,0.0,0.0,0.0,0.0,0.0,0.0,0.0
DB00268,312,1,train,12.0,7.0,0.542604,0.5294117647058824,0.5,0.0,0.97908425,0.926803,0.8640535,0.2688172043010752,6.511248,3.7058823529411766,3.5,0.0,6.85358975,6.487621000000001,6.0483745,1.8817204301075263
DB00499,144,1,train,7.0,0.0,0.0,0.3333333333333333,0.4,0.0,0.9290741,0.88869137,0.8492211,0.3125,0.0,0.0,0.0,0.0,0.0,0.0,0.0,0.0
DB00788,376,1,train,15.0,9.0,0.145467,0.6666666666666666,0.6326530612244898,0.0,0.9722893,0.94433886,0.90236974,0.4477611940298507,2.182005,6.0,5.6938775510204085,0.0,8.750603700000001,8.49904974,8.12132766,4.029850746268656
DB00211,118,1,train,4.0,2.0,0.158512,0.6,0.3043478260869565,0.0,0.92208886,0.8377884,0.7597158,0.2592592592592592,0.634048,1.2,0.608695652173913,0.0,1.84417772,1.6755768,1.5194316,0.5185185185185184
DB00945,107,1,train,7.0,16.0,0.512669,0.0,0.1125,0.0,0.8226887,0.89993966,0.78172004,0.1157894736842105,3.5886830000000005,0.0,1.8,0.0,13.1630192,14.39903456,12.50752064,1.852631578947368
DB00427,347,1,train,32.0,4.0,0.548052,1.0,0.5882352941176471,0.0,0.8145875,0.99706984,0.91806746,0.2888888888888888,17.537664,4.0,2.3529411764705883,0.0,3.25835,3.98827936,3.67226984,1.1555555555555552
DB01440,361,1,train,2.0,1.0,0.447688,0.0,0.0208333333333333,0.0,0.5443466,0.7881883,0.73395866,0.0588235294117647,0.895376,0.0,0.0208333333333333,0.0,0.5443466,0.7881883,0.73395866,0.0588235294117647
DB00758,328,1,train,7.0,2.0,0.288836,0.0,0.171875,0.0,0.82970387,0.8877261,0.671177,0.2179487179487179,2.021852,0.0,0.34375,0.0,1.65940774,1.7754522,1.342354,0.4358974358974358
DB00401,405,1,train,54.0,1.0,0.271532,0.7142857142857143,0.6363636363636364,0.0,0.9426168,0.92213404,0.8803779,0.7974683544303798,14.662728,0.7142857142857143,0.6363636363636364,0.0,0.9426168,0.92213404,0.8803779,0.7974683544303798
DB00977,48,1,train,6.0,4.0,0.283197,0.3333333333333333,0.4107142857142857,0.5,0.8851513,0.9154024,0.84299934,0.4939759036144578,1.699182,1.3333333333333333,1.6428571428571428,2.0,3.5406052,3.6616096,3.37199736,1.9759036144578312
DB00996,127,1,train,5.0,12.0,0.350658,0.1428571428571428,0.4210526315789473,0.0,0.9648917,0.8954926,0.86928844,0.196078431372549,1.7532900000000002,1.7142857142857135,5.052631578947367,0.0,11.5787004,10.7459112,10.43146128,2.352941176470588
DB01104,243,1,train,9.0,3.0,0.210082,0.0833333333333333,0.6153846153846154,0.0,0.9326968,0.9056746,0.8344472,0.3033707865168539,1.890738,0.2499999999999999,1.8461538461538465,0.0,2.7980904,2.7170238,2.5033416,0.9101123595505616
DB00191,332,1,train,5.0,2.0,0.223479,0.5,0.5,0.0,0.94922805,0.8983952,0.74103683,0.4878048780487805,1.117395,1.0,1.0,0.0,1.8984561,1.7967904,1.48207366,0.975609756097561
DB08835,359,1,train,36.0,3.0,0.944425,0.0,0.3333333333333333,0.0,0.8304944,0.8849722,0.0,0.1797752808988764,33.9993,0.0,1.0,0.0,2.4914832,2.6549166,0.0,0.5393258426966292
DB01070,310,1,train,3.0,6.0,0.559837,1.0,0.631578947368421,0.0,0.554062,0.8701512,0.8306088,0.7391304347826086,1.6795110000000002,6.0,3.789473684210526,0.0,3.3243720000000003,5.2209072,4.9836528,4.434782608695652
DB00588,359,1,train,36.0,3.0,0.944425,0.75,0.5208333333333334,0.0,0.92227674,0.82557976,0.89617467,0.7614678899082569,33.9993,2.25,1.5625,0.0,2.76683022,2.47673928,2.68852401,2.2844036697247705
DB00226,124,1,train,68.0,1.0,0.271532,1.0,0.2105263157894736,0.0,0.88008034,0.9111409,0.96799695,0.3174603174603174,18.464176,1.0,0.2105263157894736,0.0,0.88008034,0.9111409,0.96799695,0.3174603174603174
DB00661,117,1,train,20.0,6.0,0.251933,0.1698113207547169,0.16,0.0,0.71304166,0.877087,0.8049992,0.2,5.03866,1.0188679245283012,0.96,0.0,4.27824996,5.262522,4.8299952,1.2000000000000002
DB00590,124,1,train,68.0,4.0,0.271532,0.8571428571428571,0.5555555555555556,0.0,0.87376696,0.9122755,0.8770732,0.6509433962264151,18.464176,3.4285714285714284,2.2222222222222223,0.0,3.49506784,3.649102,3.5082928,2.60377358490566
DB00457,174,1,train,13.0,6.0,0.147666,0.625,0.4193548387096774,0.0,0.8524089,0.8649357,0.8184248,0.6509433962264151,1.919658,3.75,2.516129032258064,0.0,5.1144534,5.189614199999999,4.9105488,3.9056603773584895
DB00421,316,1,train,10.0,5.0,0.226037,0.1578947368421052,0.1794871794871795,0.0,0.92406136,0.8277327,0.87858593,0.3103448275862069,2.26037,0.789473684210526,0.8974358974358975,0.0,4.6203068,4.1386635,4.39292965,1.5517241379310345
DB00216,380,1,train,0.0,3.0,0.939359,0.0,0.0,0.0,0.0,0.0,0.0,0.0,0.0,0.0,0.0,0.0,0.0,0.0,0.0,0.0
DB00285,49,1,train,4.0,4.0,0.136941,0.5,0.4406779661016949,0.0,0.929981,0.8771856,0.8280135,0.1809523809523809,0.547764,2.0,1.7627118644067796,0.0,3.719924,3.5087424,3.312054,0.7238095238095236
DB00627,80,1,train,7.0,0.0,0.0,0.0,0.1632653061224489,0.0,0.74951375,0.84678113,0.83656603,0.1587301587301587,0.0,0.0,0.0,0.0,0.0,0.0,0.0,0.0
DB01296,181,1,train,16.0,4.0,0.453417,0.0,0.1153846153846153,0.0,0.7753581,0.86031616,0.85654384,0.0666666666666666,7.254672,0.0,0.4615384615384612,0.0,3.1014324,3.44126464,3.42617536,0.2666666666666664
DB01551,396,1,train,10.0,0.0,0.0,0.0,0.6785714285714286,0.0,0.86049056,0.8185729,0.7765045,0.68,0.0,0.0,0.0,0.0,0.0,0.0,0.0,0.0
DB00635,106,1,train,4.0,22.0,0.28471,1.0,0.6349206349206349,0.0,0.8973089,0.9295207,0.89477754,0.4455445544554455,1.13884,22.0,13.968253968253968,0.0,19.7407958,20.4494554,19.68510588,9.801980198019802
DB01194,69,1,train,10.0,3.0,0.626537,0.8,0.6190476190476191,0.0,0.9326043,0.75664485,0.8845833,0.5555555555555556,6.26537,2.4000000000000004,1.8571428571428568,0.0,2.7978129000000003,2.2699345500000003,2.6537499,1.6666666666666667
DB00714,259,1,train,15.0,6.0,0.517447,0.9333333333333332,0.3265306122448979,0.0,0.92155147,0.926803,0.8495749,0.2736842105263158,7.761705,5.6,1.9591836734693877,0.0,5.529308820000001,5.560818,5.0974494,1.642105263157895
DB00122,128,1,train,21.0,5.0,0.640926,0.0333333333333333,0.087719298245614,0.0,0.6248834,0.7199886,0.8164584,0.0961538461538461,13.459446,0.1666666666666665,0.43859649122807,0.0,3.124417,3.599943,4.082292,0.4807692307692305
DB08901,331,1,train,10.0,2.0,0.598628,0.25,0.3265306122448979,0.0,0.9127783,0.92712677,0.0,0.4697986577181208,5.986280000000001,0.5,0.6530612244897958,0.0,1.8255566,1.85425354,0.0,0.9395973154362416
DB00394,358,1,train,36.0,5.0,0.998501,1.0,0.5625,0.0,0.8878928,0.8505606,0.94487643,0.5925925925925926,35.946036,5.0,2.8125,0.0,4.439464,4.252803,4.72438215,2.962962962962963
DB00440,131,1,train,5.0,2.0,0.160317,0.0,0.2459016393442623,0.0,0.8852806,0.87354636,0.9252387,0.1234567901234567,0.801585,0.0,0.4918032786885246,0.0,1.7705612,1.74709272,1.8504774,0.2469135802469134
DB01223,322,1,train,21.0,2.0,0.38905,0.2,0.6744186046511628,0.0,0.9224514,0.96066046,0.8245203,0.4430379746835443,8.17005,0.4,1.3488372093023255,0.0,1.8449028,1.92132092,1.6490406,0.8860759493670886
DB01234,358,1,train,36.0,17.0,0.998501,0.4,0.5,0.0,0.8851836,0.99999976,0.9330202,1.0,35.946036,6.800000000000001,8.5,0.0,15.0481212,16.99999592,15.8613434,17.0
DB00851,114,1,train,2.0,2.0,0.195604,0.0,0.6190476190476191,0.0,0.8354949,0.7544271,0.71468,0.2372881355932203,0.391208,0.0,1.238095238095238,0.0,1.6709898,1.5088542,1.42936,0.4745762711864406
DB00583,194,1,train,0.0,1.0,0.527565,0.0,0.0,0.0,0.0,0.0,0.0,0.0,0.0,0.0,0.0,0.0,0.0,0.0,0.0,0.0
DB00502,46,1,train,0.0,2.0,0.442155,0.0,0.0,0.0,0.0,0.0,0.0,0.0,0.0,0.0,0.0,0.0,0.0,0.0,0.0,0.0
DB00262,19,1,train,8.0,4.0,0.221632,0.0,0.2571428571428571,0.0,0.91800994,0.8961969,0.86545825,0.0789473684210526,1.773056,0.0,1.0285714285714285,0.0,3.67203976,3.5847876,3.461833,0.3157894736842104
DB01106,371,1,train,22.0,4.0,0.74957,0.5,0.5,0.0,0.9399164,0.9042463,0.9160448,0.2575757575757575,16.49054,2.0,2.0,0.0,3.7596656,3.6169852,3.6641792,1.03030303030303
DB00991,181,1,train,16.0,3.0,0.434151,1.0,0.7407407407407407,0.0,0.9625457,0.92639935,0.97459346,0.3571428571428571,6.946416,3.0,2.2222222222222223,0.0,2.8876371,2.77919805,2.92378038,1.0714285714285712
DB08803,347,1,train,32.0,2.0,0.471213,0.0,0.1428571428571428,0.0,0.68473697,0.88844836,0.91173905,0.2558139534883721,15.078816,0.0,0.2857142857142856,0.0,1.36947394,1.77689672,1.8234781,0.5116279069767442
DB01120,43,1,train,14.0,0.0,0.0,0.5,0.9,0.0,0.99720573,0.92544216,0.89701486,0.6133333333333333,0.0,0.0,0.0,0.0,0.0,0.0,0.0,0.0
DB00945,350,1,train,3.0,16.0,0.394272,0.0606060606060606,0.2857142857142857,0.0,0.8153106,0.86628777,0.88281244,0.2295081967213114,1.182816,0.9696969696969696,4.571428571428571,0.0,13.0449696,13.86060432,14.12499904,3.6721311475409824
DB00620,208,1,train,10.0,13.0,0.178418,1.0,0.4418604651162791,0.0,0.9309014,0.8848363,0.76932895,0.8518518518518519,1.78418,13.0,5.744186046511628,0.0,12.1017182,11.5028719,10.00127635,11.074074074074074
DB00373,69,1,train,10.0,4.0,0.626537,0.6666666666666666,0.5,0.0,0.8841315,0.8491448,0.8588558,0.1818181818181818,6.26537,2.6666666666666665,2.0,0.0,3.536526,3.3965792,3.4354232,0.7272727272727272
DB00575,67,1,train,1.0,10.0,0.303474,0.0,0.125,0.0,0.8730657,0.7349195,0.6580212,0.0434782608695652,0.303474,0.0,1.25,0.0,8.730656999999999,7.349195,6.580212,0.434782608695652
DB08835,358,1,train,36.0,3.0,0.998501,0.0,0.3333333333333333,0.0,0.8304944,0.9002207,0.0,0.1797752808988764,35.946036,0.0,1.0,0.0,2.4914832,2.7006621,0.0,0.5393258426966292
DB00434,149,1,train,16.0,10.0,0.252296,0.25,0.2537313432835821,0.0,0.8584951,0.86820334,0.86605114,0.4268292682926829,4.036736,2.5,2.537313432835821,0.0,8.584951,8.6820334,8.6605114,4.2682926829268295
DB01248,144,1,train,7.0,4.0,0.208901,0.125,0.2545454545454545,0.0,0.89140815,0.83912706,0.84019893,0.1685714285714285,1.462307,0.5,1.018181818181818,0.0,3.5656326,3.35650824,3.36079572,0.674285714285714
DB00696,289,1,train,7.0,1.0,0.753918,0.6190476190476191,0.8222222222222222,0.0,0.9131297,0.89816964,0.8089987,0.7446808510638298,5.277426,0.6190476190476191,0.8222222222222222,0.0,0.9131297,0.89816964,0.8089987,0.7446808510638298
DB00669,289,1,train,7.0,2.0,0.946602,1.0,0.5333333333333333,0.0,0.9180576,0.89816964,0.8540597,0.3571428571428571,6.626214,2.0,1.0666666666666669,0.0,1.8361152,1.79633928,1.7081194,0.7142857142857142
DB00788,99,1,train,58.0,9.0,0.327594,0.6666666666666666,0.5208333333333334,0.0,0.95482373,0.9413089,0.88903975,0.5833333333333334,19.000452,6.0,4.6875,0.0,8.59341357,8.4717801,8.00135775,5.25
DB01229,172,1,train,2.0,1.0,0.378286,0.0,0.4210526315789473,0.0,0.8968191,0.8581438,0.8514135,0.2107142857142857,0.756572,0.0,0.4210526315789473,0.0,0.8968191,0.8581438,0.8514135,0.2107142857142857
DB00860,196,1,train,11.0,13.0,0.277487,0.2,0.4523809523809524,0.0,0.88326204,0.99999976,0.88083225,0.5051546391752577,3.052357,2.6,5.880952380952381,0.0,11.48240652,12.99999688,11.45081925,6.56701030927835
DB05271,136,1,train,12.0,7.0,0.555551,0.5,0.3902439024390244,0.0,0.9755847,0.76943386,0.80688053,0.2736842105263158,6.666612000000001,3.5,2.731707317073171,0.0,6.8290929,5.38603702,5.64816371,1.9157894736842107
DB00741,38,1,train,5.0,4.0,0.195026,0.6666666666666666,0.6376811594202898,0.0,0.92775106,0.99999976,0.87721825,0.3904761904761905,0.97513,2.6666666666666665,2.550724637681159,0.0,3.71100424,3.99999904,3.508873,1.561904761904762
DB01410,358,1,train,36.0,3.0,0.998501,1.0,0.4545454545454545,0.0,0.8862188,0.8929568,0.87043226,0.3636363636363636,35.946036,3.0,1.363636363636363,0.0,2.6586564,2.6788704,2.61129678,1.0909090909090908
DB00888,245,1,train,6.0,1.0,0.102349,0.0,0.2777777777777778,0.0,0.8977033,0.9819596,0.8059578,0.3333333333333333,0.6140939999999999,0.0,0.2777777777777778,0.0,0.8977033,0.9819596,0.8059578,0.3333333333333333
DB00214,124,1,train,68.0,5.0,0.384394,0.4,0.3902439024390244,0.0,0.9728829,0.89754635,0.8805765,0.25,26.138792,2.0,1.951219512195122,0.0,4.8644145,4.48773175,4.4028825,1.25
DB00949,0,1,train,2.0,0.0,0.0,0.0,0.1904761904761904,0.0,0.9220963,0.8508462,0.80237234,0.1473684210526315,0.0,0.0,0.0,0.0,0.0,0.0,0.0,0.0
DB00575,76,1,train,9.0,10.0,0.182756,0.6,0.208955223880597,0.0,0.83054787,0.82306397,0.700004,0.1511627906976744,1.644804,6.0,2.08955223880597,0.0,8.3054787,8.2306397,7.000039999999999,1.5116279069767442
DB04861,405,1,train,54.0,3.0,0.271532,1.0,0.5238095238095238,0.0,0.93392974,0.9122755,0.9444946,0.1932773109243697,14.662728,3.0,1.5714285714285716,0.0,2.80178922,2.7368265000000003,2.8334838,0.5798319327731091
DB00554,73,1,train,28.0,3.0,0.776582,1.0,0.6666666666666666,0.0,0.993439,0.9149071,0.91354334,0.6891891891891891,21.744296,3.0,2.0,0.0,2.980317,2.7447213,2.74063002,2.0675675675675675
DB01035,404,1,train,4.0,1.0,0.240112,0.2,0.1842105263157894,0.0,0.831579,0.85909474,0.78573203,0.2659574468085106,0.960448,0.2,0.1842105263157894,0.0,0.831579,0.85909474,0.78573203,0.2659574468085106
DB01013,38,1,train,5.0,1.0,0.158324,0.6666666666666666,0.4107142857142857,0.0,0.92775106,0.99999976,0.8762628,0.6597938144329897,0.79162,0.6666666666666666,0.4107142857142857,0.0,0.92775106,0.99999976,0.8762628,0.6597938144329897
DB01193,124,1,train,68.0,1.0,0.271532,1.0,0.6578947368421053,0.0,0.9051073,0.89589787,0.84768796,0.4302325581395348,18.464176,1.0,0.6578947368421053,0.0,0.9051073,0.89589787,0.84768796,0.4302325581395348
DB00178,221,1,train,5.0,2.0,0.16287,0.5,0.7058823529411765,0.0,0.9281427,0.7790653,0.8729074,0.9431818181818182,0.8143499999999999,1.0,1.411764705882353,0.0,1.8562854,1.5581306,1.7458148,1.8863636363636365
DB08906,347,1,train,32.0,3.0,0.548052,0.3333333333333333,0.4181818181818181,0.0,0.9275812,0.8151831,0.82250077,0.5752212389380531,17.537664,1.0,1.2545454545454544,0.0,2.7827436,2.4455493,2.46750231,1.7256637168141593
DB00270,405,1,train,54.0,0.0,0.0,0.7142857142857143,0.6363636363636364,0.0,0.9740546,0.78964365,0.873019,0.5494505494505495,0.0,0.0,0.0,0.0,0.0,0.0,0.0,0.0
DB00180,322,1,train,21.0,1.0,0.38905,0.5,0.5135135135135135,0.0,0.93149304,0.91718125,0.90518373,0.5740740740740741,8.17005,0.5,0.5135135135135135,0.0,0.93149304,0.91718125,0.90518373,0.5740740740740741
DB00806,308,1,train,2.0,2.0,0.370725,0.0,0.0983606557377049,0.0,0.82915056,0.61146766,0.7488262,0.1333333333333333,0.74145,0.0,0.1967213114754098,0.0,1.65830112,1.22293532,1.4976524,0.2666666666666666
DB00804,316,1,train,10.0,1.0,0.24538,0.0,0.0444444444444444,0.0,0.79784447,0.86979747,0.7865895,0.1612903225806451,2.4538,0.0,0.0444444444444444,0.0,0.79784447,0.86979747,0.7865895,0.1612903225806451
DB00915,32,1,train,0.0,2.0,0.153215,0.0,0.0,0.0,0.0,0.0,0.0,0.0,0.0,0.0,0.0,0.0,0.0,0.0,0.0,0.0
DB00413,344,1,train,9.0,9.0,0.997595,0.5,0.2368421052631578,0.0,0.9690101,0.87155557,0.90129733,0.1818181818181818,8.978355,4.5,2.1315789473684204,0.0,8.7210909,7.844000129999999,8.11167597,1.6363636363636362
DB00427,359,1,train,36.0,4.0,0.944425,1.0,0.5882352941176471,0.0,0.8145875,0.99706984,0.99999994,0.2888888888888888,33.9993,4.0,2.3529411764705883,0.0,3.25835,3.98827936,3.99999976,1.1555555555555552
DB00945,36,1,train,7.0,16.0,0.367839,0.0,0.1194029850746268,0.0,0.8476431,0.8687529,0.76578367,0.2345679012345679,2.574873,0.0,1.9104477611940287,0.0,13.5622896,13.9000464,12.25253872,3.753086419753086
DB01133,341,1,train,4.0,1.0,0.220587,0.0666666666666666,0.7777777777777778,0.0,0.9000864,1.0,0.8431301,0.2941176470588235,0.882348,0.0666666666666666,0.7777777777777778,0.0,0.9000864,1.0,0.8431301,0.2941176470588235
DB01192,99,1,train,58.0,0.0,0.0,0.6666666666666666,0.8148148148148148,0.5,0.9635545,0.68970764,0.8671726,0.7887323943661971,0.0,0.0,0.0,0.0,0.0,0.0,0.0,0.0
DB00333,99,1,train,58.0,0.0,0.0,0.5625,0.4285714285714285,0.0,0.9727909,0.908263,0.884545,0.5581395348837209,0.0,0.0,0.0,0.0,0.0,0.0,0.0,0.0
DB00668,334,1,train,10.0,4.0,0.476518,0.375,0.3387096774193548,0.0,0.8692127,0.86206514,0.7706028,0.5813953488372093,4.76518,1.5,1.3548387096774193,0.0,3.4768508,3.44826056,3.0824112,2.3255813953488373
DB01217,140,1,train,1.0,0.0,0.0,0.0,0.282051282051282,0.0,0.8955912,0.90691787,0.8737389,0.0930232558139534,0.0,0.0,0.0,0.0,0.0,0.0,0.0,0.0
DB00939,392,1,train,20.0,2.0,0.776582,0.4,0.6896551724137931,0.0,0.94579154,0.89837,0.8008834,0.5692307692307692,15.53164,0.8,1.3793103448275863,0.0,1.89158308,1.79674,1.6017668,1.1384615384615384
DB01099,27,1,train,4.0,1.0,0.516451,0.0,0.1224489795918367,0.0,0.79522693,0.88650584,0.92490166,0.064516129032258,2.065804,0.0,0.1224489795918367,0.0,0.79522693,0.88650584,0.92490166,0.064516129032258
DB01395,153,1,train,6.0,1.0,0.142771,0.75,0.4444444444444444,1.0,0.8616522,0.9293369,0.895488,0.3495145631067961,0.8566260000000001,0.75,0.4444444444444444,1.0,0.8616522,0.9293369,0.895488,0.3495145631067961
DB00364,163,1,train,14.0,2.0,0.068205,0.0,0.2222222222222222,0.0,0.8246342,0.77088636,0.7919572,0.0413533834586466,0.95487,0.0,0.4444444444444444,0.0,1.6492684,1.54177272,1.5839144,0.0827067669172932
DB01234,183,1,train,27.0,17.0,0.458311,0.4,0.4418604651162791,0.0,0.9309014,0.9999999,0.9056564,0.8518518518518519,12.374397,6.800000000000001,7.511627906976744,0.0,15.8253238,16.9999983,15.3961588,14.48148148148148
DB00750,99,1,train,58.0,0.0,0.0,0.3333333333333333,0.6363636363636364,0.5,0.74643284,0.91892,0.70426404,0.2875,0.0,0.0,0.0,0.0,0.0,0.0,0.0,0.0
DB01095,80,1,train,7.0,0.0,0.0,1.0,0.5918367346938775,0.0,0.9984642,0.9508669,0.8683999,0.4452554744525547,0.0,0.0,0.0,0.0,0.0,0.0,0.0,0.0
DB00555,199,1,train,12.0,2.0,0.189807,0.3962264150943396,0.3269230769230769,0.0,0.9274759,0.9234648,0.90021026,0.1666666666666666,2.277684,0.7924528301886792,0.6538461538461539,0.0,1.8549518,1.8469296,1.80042052,0.3333333333333332
DB04868,399,1,train,4.0,0.0,0.0,0.1333333333333333,0.3877551020408163,0.0,0.9197389,0.85869986,0.72233886,0.3454545454545454,0.0,0.0,0.0,0.0,0.0,0.0,0.0,0.0
DB00424,390,1,train,9.0,7.0,0.755165,0.3333333333333333,0.1774193548387097,0.0,0.86567175,0.83906,0.74584514,0.21875,6.796485,2.333333333333333,1.2419354838709675,0.0,6.05970225,5.87342,5.22091598,1.53125
DB01246,347,1,train,32.0,2.0,0.494446,1.0,0.4444444444444444,0.0,0.92223084,0.9549931,0.9682553,0.8,15.822272,2.0,0.8888888888888888,0.0,1.84446168,1.9099862,1.9365106,1.6
DB00989,354,1,train,6.0,14.0,0.568937,0.6666666666666666,0.3448275862068966,0.0,0.9759848,0.8837457,0.95241237,0.131578947368421,3.413622,9.333333333333332,4.827586206896552,0.0,13.6637872,12.3724398,13.33377318,1.8421052631578936
DB00273,353,1,train,1.0,5.0,0.263361,0.0,0.1578947368421052,0.0,0.7362233,0.74062735,0.7782694,0.0379746835443038,0.263361,0.0,0.789473684210526,0.0,3.6811165,3.70313675,3.891347,0.189873417721519
DB00909,273,1,train,2.0,10.0,0.579638,0.1372549019607843,0.1212121212121212,0.0,0.9247292,0.9109501,0.9071015,0.2352941176470588,1.159276,1.372549019607843,1.212121212121212,0.0,9.247292,9.109501,9.071015,2.352941176470588
DB00796,124,1,train,68.0,1.0,0.271532,1.0,0.4838709677419355,0.0,0.9622456,0.922787,0.9311229,0.4358974358974359,18.464176,1.0,0.4838709677419355,0.0,0.9622456,0.922787,0.9311229,0.4358974358974359
DB01189,99,1,train,58.0,2.0,0.057637,0.2575757575757575,0.2068965517241379,0.3333333333333333,0.8890972,0.8758804,0.8116666,0.0833333333333333,3.342946,0.515151515151515,0.4137931034482758,0.6666666666666666,1.7781944,1.7517608,1.6233332,0.1666666666666666
DB01064,28,1,train,11.0,2.0,0.0,0.5,0.0961538461538461,0.0,0.90849817,0.8141458,0.86179984,0.323943661971831,0.0,1.0,0.1923076923076922,0.0,1.81699634,1.6282916,1.72359968,0.647887323943662
DB00991,73,1,train,28.0,3.0,0.640926,1.0,0.6923076923076923,0.0,0.96879804,0.92639935,0.97459346,0.3571428571428571,17.945928,3.0,2.0769230769230766,0.0,2.90639412,2.77919805,2.92378038,1.0714285714285712
DB00434,200,1,train,1.0,10.0,0.228001,0.0,0.025,0.0,0.63029504,0.60313106,0.68658054,0.0,0.228001,0.0,0.25,0.0,6.3029504,6.0313106,6.8658054,0.0
DB01356,149,1,train,16.0,0.0,0.0,0.0,0.2121212121212121,0.0,0.8766426,0.7779199,0.82045585,0.0,0.0,0.0,0.0,0.0,0.0,0.0,0.0,0.0
DB01050,375,1,train,1.0,8.0,0.131929,0.0,0.0259740259740259,0.0,0.70100987,0.6105414,0.8137369,0.09,0.131929,0.0,0.2077922077922072,0.0,5.60807896,4.8843312,6.5098952,0.72
DB00380,209,1,train,2.0,4.0,0.413916,0.0,0.0,0.0,0.61853033,0.77845967,0.7155917,0.1209677419354838,0.827832,0.0,0.0,0.0,2.47412132,3.11383868,2.8623668,0.4838709677419352
DB00997,345,1,train,5.0,13.0,0.598628,0.25,0.4523809523809524,0.0,0.83986473,0.91194624,0.887109,0.7142857142857143,2.9931400000000004,3.25,5.880952380952381,0.0,10.91824149,11.85530112,11.532417,9.285714285714286
DB00966,405,1,train,54.0,1.0,0.271532,0.5,0.4893617021276595,0.0,0.9965783,0.8978578,0.81992793,0.4335664335664335,14.662728,0.5,0.4893617021276595,0.0,0.9965783,0.8978578,0.81992793,0.4335664335664335
DB00203,269,1,train,4.0,2.0,0.342198,0.0,0.1886792452830188,0.0,0.74942595,0.702724,0.7193959,0.188235294117647,1.368792,0.0,0.3773584905660376,0.0,1.4988519,1.405448,1.4387918,0.376470588235294
DB00860,355,1,train,3.0,13.0,0.953982,1.0,0.5,0.0,0.8909983,0.9295207,0.9588356,0.7108433734939759,2.861946,13.0,6.5,0.0,11.5829779,12.0837691,12.4648628,9.240963855421686
DB01068,149,1,train,16.0,7.0,0.255557,0.1707317073170731,0.1568627450980392,0.0,0.8517963,0.87100077,0.80821145,0.2647058823529412,4.088912,1.1951219512195117,1.0980392156862746,0.0,5.962574099999999,6.09700539,5.6574801500000005,1.8529411764705883
DB00765,138,1,train,4.0,0.0,0.0,0.0,0.0384615384615384,0.0,0.8920585,0.84048927,0.82440656,0.238095238095238,0.0,0.0,0.0,0.0,0.0,0.0,0.0,0.0
DB06287,85,1,train,5.0,1.0,0.335419,0.0,0.3283582089552239,0.0,0.84921014,0.89429134,0.0,0.1037344398340249,1.677095,0.0,0.3283582089552239,0.0,0.84921014,0.89429134,0.0,0.1037344398340249
DB00440,183,1,train,27.0,2.0,0.160317,0.0,0.3214285714285714,0.0,0.9248989,0.9071965,0.8224888,0.1512605042016806,4.328558999999999,0.0,0.6428571428571428,0.0,1.8497978,1.814393,1.6449776,0.3025210084033612
DB00989,391,1,train,3.0,14.0,0.568937,0.6666666666666666,0.3448275862068966,0.0,0.9290007,0.8837457,0.95241237,0.131578947368421,1.706811,9.333333333333332,4.827586206896552,0.0,13.0060098,12.3724398,13.33377318,1.8421052631578936
DB00222,318,1,train,12.0,2.0,0.891319,0.6666666666666666,0.5714285714285714,0.0,0.9524824,0.8498899,0.89974564,0.4220183486238532,10.695828,1.3333333333333333,1.1428571428571428,0.0,1.9049648,1.6997798,1.79949128,0.8440366972477064
DB00663,347,1,train,32.0,3.0,0.494446,1.0,0.3666666666666666,0.0,0.90511644,0.9188131,0.91173905,0.7471264367816092,15.822272,3.0,1.0999999999999996,0.0,2.71534932,2.7564393000000003,2.73521715,2.2413793103448274
DB00421,405,1,train,54.0,5.0,0.271532,0.238095238095238,0.2058823529411764,0.0,0.9372203,0.87391555,0.874709,0.1414141414141414,14.662728,1.19047619047619,1.029411764705882,0.0,4.6861015,4.36957775,4.373545,0.7070707070707071
DB01186,364,1,train,10.0,6.0,0.575251,0.7777777777777778,0.3902439024390244,0.0,0.7898225,0.828538,0.8179465,0.35,5.752509999999999,4.666666666666667,2.341463414634146,0.0,4.738935,4.971228,4.907679,2.1
DB01037,369,1,train,5.0,11.0,0.667457,0.0,0.1525423728813559,0.0,0.86311674,0.9016507,0.86046517,0.2121212121212121,3.337285,0.0,1.6779661016949148,0.0,9.49428414,9.9181577,9.46511687,2.333333333333333
DB00232,196,1,train,11.0,0.0,0.0,0.5,0.75,0.0,0.9856367,0.96580064,0.7950128,0.515625,0.0,0.0,0.0,0.0,0.0,0.0,0.0,0.0
DB01237,371,1,train,22.0,0.0,0.0,1.0,0.2777777777777778,0.0,0.8263588,0.95514673,0.97595936,0.5616438356164384,0.0,0.0,0.0,0.0,0.0,0.0,0.0,0.0
DB00283,371,1,train,22.0,2.0,0.74957,1.0,0.4761904761904761,0.0,0.9758403,0.99224603,0.9160448,0.3611111111111111,16.49054,2.0,0.9523809523809522,0.0,1.9516806,1.98449206,1.8320896,0.7222222222222222
DB00491,40,1,train,12.0,1.0,0.510678,0.3333333333333333,0.4705882352941176,0.0,0.7954691,0.90083176,0.90383756,0.1492537313432835,6.128136,0.3333333333333333,0.4705882352941176,0.0,0.7954691,0.90083176,0.90383756,0.1492537313432835
DB00332,183,1,train,27.0,1.0,0.082318,0.0,0.28125,0.0,0.9097091,0.8926398,0.82926464,0.2987012987012987,2.222586,0.0,0.28125,0.0,0.9097091,0.8926398,0.82926464,0.2987012987012987
DB00190,134,1,train,14.0,2.0,0.464046,0.0,0.3448275862068966,0.0,0.9441184,0.8348041,0.8395817,0.5490196078431373,6.496644,0.0,0.6896551724137931,0.0,1.8882368,1.6696082,1.6791634,1.0980392156862746
DB00242,105,1,train,3.0,4.0,0.396785,0.2,0.4242424242424242,0.0,0.78274894,0.88377,0.8103006,0.5211267605633803,1.190355,0.8,1.6969696969696968,0.0,3.13099576,3.53508,3.2412024,2.084507042253521
DB00537,255,1,train,2.0,2.0,0.23056,0.0,0.0344827586206896,0.0,0.699084,0.85825896,0.79879475,0.0909090909090909,0.46112,0.0,0.0689655172413792,0.0,1.398168,1.71651792,1.5975895,0.1818181818181818
DB01233,117,1,train,20.0,1.0,0.0,0.0952380952380952,0.180327868852459,0.0,0.9174275,0.92966545,0.85363024,0.188235294117647,0.0,0.0952380952380952,0.180327868852459,0.0,0.9174275,0.92966545,0.85363024,0.188235294117647
DB00796,405,1,train,54.0,1.0,0.271532,1.0,0.4838709677419355,0.0,0.9622456,0.922787,0.9311229,0.4358974358974359,14.662728,1.0,0.4838709677419355,0.0,0.9622456,0.922787,0.9311229,0.4358974358974359
DB00966,124,1,train,68.0,1.0,0.271532,0.5,0.4722222222222222,0.0,0.9965783,0.8978578,0.82143897,0.4335664335664335,18.464176,0.5,0.4722222222222222,0.0,0.9965783,0.8978578,0.82143897,0.4335664335664335
DB00945,356,1,train,3.0,16.0,0.406636,0.0,0.1125,0.0,0.8153479,0.85748374,0.7655223,0.1157894736842105,1.219908,0.0,1.8,0.0,13.0455664,13.71973984,12.2483568,1.852631578947368
DB00950,359,1,train,36.0,3.0,0.94294,1.0,0.3157894736842105,1.0,0.9399164,1.0000001,0.84595937,0.8636363636363636,33.94584,3.0,0.9473684210526316,3.0,2.8197492,3.0000003,2.53787811,2.590909090909091
DB04861,124,1,train,68.0,3.0,0.271532,0.6666666666666666,0.4722222222222222,0.0,0.8981656,0.9122755,0.9146352,0.1932773109243697,18.464176,2.0,1.4166666666666663,0.0,2.6944968,2.7368265000000003,2.7439056,0.5798319327731091
DB00668,322,1,train,21.0,4.0,0.38905,0.3333333333333333,0.3846153846153846,0.0,0.89367306,0.8800346,0.832207,0.7045454545454546,8.17005,1.3333333333333333,1.5384615384615383,0.0,3.57469224,3.5201384,3.328828,2.8181818181818183
DB00924,99,1,train,58.0,3.0,0.133868,0.2727272727272727,0.282051282051282,0.0,0.777355,0.79055655,0.8099365,0.6266666666666667,7.764343999999999,0.8181818181818181,0.846153846153846,0.0,2.332065,2.3716696500000003,2.4298095,1.88
DB00982,331,1,train,10.0,0.0,0.0,0.0,0.1967213114754098,0.0,0.7962961,0.8732616,0.5703515,0.0945945945945946,0.0,0.0,0.0,0.0,0.0,0.0,0.0,0.0
DB00541,280,1,train,32.0,11.0,0.305996,0.1428571428571428,0.5833333333333334,0.0,0.942924,0.9214649,0.893204,0.913793103448276,9.791872,1.5714285714285707,6.416666666666667,0.0,10.372164,10.1361139,9.825244,10.051724137931036
DB00884,130,1,train,8.0,3.0,0.294445,0.25,0.6666666666666666,0.0,0.93061906,0.9826821,0.7690644,0.4423076923076923,2.35556,0.75,2.0,0.0,2.79185718,2.9480463,2.3071932,1.3269230769230769
DB01219,36,1,train,7.0,12.0,0.348986,0.0,0.0535714285714285,0.0,0.8183434,0.8801223,0.7937926,0.1967213114754098,2.442902,0.0,0.642857142857142,0.0,9.820120800000002,10.5614676,9.5255112,2.360655737704917
DB00434,22,1,train,1.0,10.0,0.252296,0.0,0.025,0.0,0.63029504,0.60313106,0.68658054,0.0,0.252296,0.0,0.25,0.0,6.3029504,6.0313106,6.8658054,0.0
DB00014,24,1,train,16.0,3.0,0.510791,0.0,0.1052631578947368,0.3333333333333333,0.8975628,0.9335108,0.67715275,0.1685082872928177,8.172656,0.0,0.3157894736842104,1.0,2.6926884,2.8005324,2.03145825,0.5055248618784531
DB01174,212,1,train,4.0,6.0,0.129698,0.05,0.131578947368421,0.0,0.72002447,0.817928,0.7634273,0.2022471910112359,0.518792,0.3,0.7894736842105259,0.0,4.32014682,4.907568,4.5805638,1.2134831460674154
DB00457,146,1,train,7.0,6.0,0.188077,0.0,0.1388888888888889,0.0,0.84118354,0.8415117,0.75823444,0.2689075630252101,1.316539,0.0,0.8333333333333334,0.0,5.04710124,5.0490702,4.54940664,1.6134453781512603
DB00909,313,1,train,4.0,10.0,0.965242,0.2682926829268293,0.1551724137931034,0.0,0.94273245,0.9109501,0.9071015,0.2352941176470588,3.860968,2.682926829268293,1.551724137931034,0.0,9.4273245,9.109501,9.071015,2.352941176470588
DB00736,18,1,train,13.0,2.0,0.430743,1.0,0.7222222222222222,0.0,0.9602187,0.8741681,0.8980464,0.8873239436619719,5.599659,2.0,1.4444444444444444,0.0,1.9204374,1.7483362,1.7960928,1.7746478873239435
DB01403,99,1,train,58.0,0.0,0.0,0.6,0.4444444444444444,0.5,0.93185514,0.8908182,0.88535434,0.5172413793103449,0.0,0.0,0.0,0.0,0.0,0.0,0.0,0.0
DB00853,280,1,train,32.0,2.0,0.325317,0.0,0.4782608695652174,0.0,0.85153496,0.7966607,0.87255555,0.1518987341772152,10.410144,0.0,0.9565217391304348,0.0,1.70306992,1.5933214,1.7451111,0.3037974683544304
DB00999,405,1,train,54.0,5.0,0.271532,0.5,0.7142857142857143,0.0,0.93110853,0.8443742,0.86322844,0.5789473684210527,14.662728,2.5,3.571428571428572,0.0,4.65554265,4.221871,4.3161422,2.8947368421052637
DB00657,67,1,train,1.0,2.0,0.1863,0.0,0.125,0.0,0.8730657,0.7349195,0.6580212,0.0434782608695652,0.1863,0.0,0.25,0.0,1.7461314,1.469839,1.3160424,0.0869565217391304
DB01620,358,1,train,36.0,3.0,0.94294,0.3333333333333333,0.5333333333333333,0.0,0.9758403,0.88844836,0.90421176,0.6825396825396826,33.94584,1.0,1.6,0.0,2.9275209,2.6653450800000003,2.71263528,2.0476190476190474
DB00909,184,1,train,2.0,10.0,0.337214,0.2682926829268293,0.1551724137931034,0.0,0.94273245,0.88939357,0.9071015,0.2077922077922078,0.674428,2.682926829268293,1.551724137931034,0.0,9.4273245,8.8939357,9.071015,2.077922077922078
DB01069,359,1,train,36.0,4.0,0.94294,0.0795454545454545,0.3404255319148936,0.0,0.9483939,0.90989697,0.89413625,0.8,33.94584,0.318181818181818,1.3617021276595744,0.0,3.7935756,3.63958788,3.576545,3.2
DB00441,85,1,train,5.0,2.0,0.335419,0.3333333333333333,0.4,0.0,0.93562824,0.78996015,0.8786464,0.2210526315789473,1.677095,0.6666666666666666,0.8,0.0,1.87125648,1.5799203,1.7572928,0.4421052631578946
DB00449,334,1,train,10.0,3.0,0.476518,0.3,0.3387096774193548,0.0,0.905524,0.86206514,0.7825259,0.3333333333333333,4.76518,0.8999999999999999,1.0161290322580645,0.0,2.716572,2.58619542,2.3475777,1.0
DB00717,168,1,train,5.0,4.0,0.219469,0.6666666666666666,0.5227272727272727,0.3333333333333333,0.87065107,0.8050875,0.8294522,0.5164835164835165,1.097345,2.6666666666666665,2.090909090909091,1.3333333333333333,3.48260428,3.22035,3.3178088,2.065934065934066
DB00290,113,1,train,2.0,3.0,0.225236,0.0,0.2,0.0,0.90784746,0.710512,0.8199841,0.1389645776566757,0.450472,0.0,0.6000000000000001,0.0,2.72354238,2.131536,2.4599523,0.4168937329700271
DB00434,366,1,train,0.0,10.0,0.32873,0.0,0.0,0.0,0.0,0.0,0.0,0.0,0.0,0.0,0.0,0.0,0.0,0.0,0.0,0.0
DB00794,52,1,train,0.0,13.0,0.672814,0.0,0.0,0.0,0.0,0.0,0.0,0.0,0.0,0.0,0.0,0.0,0.0,0.0,0.0,0.0
DB00834,6,1,train,3.0,0.0,0.0,0.25,0.1494252873563218,0.0,0.6655922,0.8160205,0.8542845,0.2384615384615384,0.0,0.0,0.0,0.0,0.0,0.0,0.0,0.0
DB00460,407,1,train,0.0,1.0,0.214464,0.0,0.0,0.0,0.0,0.0,0.0,0.0,0.0,0.0,0.0,0.0,0.0,0.0,0.0,0.0
DB00734,149,1,train,16.0,4.0,0.261064,0.8,0.7346938775510204,0.0,0.88622713,0.91602314,0.8871216,0.7777777777777778,4.177024,3.2,2.938775510204082,0.0,3.54490852,3.66409256,3.5484864,3.111111111111111
DB00987,224,1,train,11.0,7.0,0.472558,0.0,0.2909090909090909,0.0,0.9164607,0.8893016,0.89606375,0.2916666666666667,5.198138,0.0,2.036363636363636,0.0,6.4152249,6.225111200000001,6.272446250000001,2.041666666666667
DB00586,376,1,train,15.0,7.0,0.19615,1.0,0.4864864864864865,0.0,0.993439,0.85818624,0.86058694,0.3205128205128205,2.94225,7.0,3.4054054054054057,0.0,6.954072999999999,6.00730368,6.02410858,2.243589743589744
DB00745,44,1,train,7.0,3.0,0.171534,0.0,0.0779220779220779,0.0,0.6702606,0.81786984,0.84902275,0.2266666666666666,1.200738,0.0,0.2337662337662337,0.0,2.0107818,2.45360952,2.54706825,0.6799999999999998
DB00784,128,1,train,21.0,2.0,0.640926,1.0,0.4545454545454545,0.0,0.69783986,0.93861485,0.9070913,0.4305555555555556,13.459446,2.0,0.909090909090909,0.0,1.39567972,1.8772297,1.8141826,0.8611111111111112
DB00788,243,1,train,9.0,9.0,0.327594,0.0,0.0921052631578947,0.0,0.82324934,0.84315014,0.8851849,0.3150684931506849,2.948346,0.0,0.8289473684210523,0.0,7.409244060000001,7.58835126,7.966664100000001,2.835616438356164
DB01204,239,1,train,11.0,6.0,0.368182,1.0,0.4680851063829787,0.0,0.85093653,0.9157712,0.8200642,0.2024539877300613,4.050002,6.0,2.808510638297872,0.0,5.10561918,5.4946272,4.9203852,1.2147239263803675
DB00843,408,1,train,5.0,8.0,0.803456,0.1794871794871795,0.4545454545454545,0.0,0.9344021,0.86180466,0.90646344,0.2260869565217391,4.01728,1.435897435897436,3.636363636363636,0.0,7.4752168,6.89443728,7.25170752,1.8086956521739128
DB01084,358,1,train,36.0,3.0,0.998501,1.0,0.5294117647058824,0.0,0.95464355,0.8788483,0.8261181,0.2844036697247706,35.946036,3.0,1.5882352941176472,0.0,2.86393065,2.6365449,2.4783543,0.8532110091743118
DB00860,271,1,train,8.0,13.0,0.398806,0.5,0.609375,0.0,0.88815504,0.9999999,0.84913594,0.6904761904761905,3.190448,6.5,7.921875,0.0,11.54601552,12.9999987,11.03876722,8.976190476190476
DB00927,163,1,train,14.0,3.0,0.164217,1.0,0.5,0.0,0.9784372,0.85664064,0.8822381,0.2444444444444444,2.299038,3.0,1.5,0.0,2.9353116,2.56992192,2.6467143,0.7333333333333332
DB00759,66,1,train,0.0,6.0,0.065456,0.0,0.0,0.0,0.0,0.0,0.0,0.0,0.0,0.0,0.0,0.0,0.0,0.0,0.0,0.0
DB05271,312,1,train,12.0,7.0,0.542604,0.7142857142857143,0.3902439024390244,0.0,0.9755847,0.74253994,0.80688053,0.2736842105263158,6.511248,5.0,2.731707317073171,0.0,6.8290929,5.19777958,5.64816371,1.9157894736842107
DB08800,347,1,train,32.0,3.0,0.494446,1.0,0.4,0.0,0.89936805,0.9949534,0.8972486,0.5405405405405406,15.822272,3.0,1.2000000000000002,0.0,2.69810415,2.9848602,2.6917458,1.6216216216216215
DB00912,318,1,train,12.0,2.0,0.592596,0.6666666666666666,0.3666666666666666,0.0,0.88335764,0.99845624,1.0000001,0.2764227642276423,7.111152000000001,1.3333333333333333,0.7333333333333332,0.0,1.76671528,1.99691248,2.0000002,0.5528455284552846
DB00620,371,1,train,22.0,13.0,0.749555,1.0,0.5,0.0,0.8773569,0.8535798,0.8344381,0.4455445544554455,16.490209999999998,13.0,6.5,0.0,11.4056397,11.0965374,10.8476953,5.792079207920791
DB00502,149,1,train,16.0,2.0,0.442155,0.5714285714285714,0.430379746835443,0.0,0.9586023,0.91602314,0.8843164,0.2950819672131147,7.07448,1.1428571428571428,0.860759493670886,0.0,1.9172046,1.83204628,1.7686328,0.5901639344262294
DB00887,188,1,train,11.0,7.0,0.3638,0.1428571428571428,0.6578947368421053,0.0,0.9588807,0.92419195,0.8251767,0.3695652173913043,4.0018,0.9999999999999996,4.605263157894737,0.0,6.7121649,6.46934365,5.7762369,2.5869565217391304
DB00996,273,1,train,2.0,12.0,0.579638,0.0,0.1186440677966101,0.0,0.9390334,0.8143187,0.9071015,0.054054054054054,1.159276,0.0,1.4237288135593211,0.0,11.2684008,9.7718244,10.885218,0.648648648648648
DB00958,54,1,train,2.0,3.0,0.406313,0.0,0.4482758620689655,0.0,0.847063,0.92615783,0.773592,0.091743119266055,0.812626,0.0,1.3448275862068966,0.0,2.541189,2.77847349,2.320776,0.275229357798165
DB00682,36,1,train,7.0,4.0,0.370725,0.0,0.171875,0.0,0.86704004,0.8687529,0.76578367,0.2345679012345679,2.595075,0.0,0.6875,0.0,3.46816016,3.4750116,3.06313468,0.9382716049382716
DB00624,24,1,train,16.0,1.0,0.244616,0.4,0.282051282051282,0.0,0.92355597,0.8494685,0.78005904,0.4761904761904761,3.913856,0.4,0.282051282051282,0.0,0.92355597,0.8494685,0.78005904,0.4761904761904761
DB00392,390,1,train,9.0,7.0,0.997595,0.3333333333333333,0.1666666666666666,0.0,0.92155147,0.9071313,0.89408064,0.3333333333333333,8.978355,2.333333333333333,1.1666666666666663,0.0,6.4508602900000005,6.3499191,6.25856448,2.333333333333333
DB00937,332,1,train,5.0,0.0,0.0,0.6666666666666666,0.5,0.0,0.915339,0.89598584,0.83066297,0.3584905660377358,0.0,0.0,0.0,0.0,0.0,0.0,0.0,0.0
DB01579,332,1,train,5.0,2.0,0.223479,0.25,0.3043478260869565,0.0,0.94922805,0.8983952,0.8830989,0.2962962962962963,1.117395,0.5,0.608695652173913,0.0,1.8984561,1.7967904,1.7661978,0.5925925925925926
DB00977,351,1,train,10.0,4.0,0.142771,0.25,0.3064516129032258,1.0,0.8815255,0.93267953,0.85131645,0.2897196261682243,1.42771,1.0,1.2258064516129032,4.0,3.526102,3.73071812,3.4052658,1.158878504672897
DB01037,259,1,train,15.0,11.0,0.482619,0.0,0.2857142857142857,0.0,0.93939716,0.89169663,0.89800316,0.28,7.239285000000001,0.0,3.142857142857143,0.0,10.33336876,9.80866293,9.87803476,3.08
DB00177,124,1,train,68.0,0.0,0.0,1.0,0.5357142857142857,0.0,0.9326714,0.92231417,0.8727514,0.4838709677419355,0.0,0.0,0.0,0.0,0.0,0.0,0.0,0.0
DB00605,376,1,train,15.0,5.0,0.089522,0.2857142857142857,0.76,0.0,0.96337926,0.91777956,0.87568015,0.3258426966292135,1.34283,1.4285714285714284,3.8,0.0,4.8168963,4.5888978,4.37840075,1.6292134831460676
DB00399,3,1,train,10.0,6.0,0.303915,1.0,0.7777777777777778,0.0,0.9480796,1.0,0.8266542,0.5178571428571429,3.03915,6.0,4.666666666666667,0.0,5.688477600000001,6.0,4.9599252,3.1071428571428577
DB00544,280,1,train,32.0,2.0,0.399542,1.0,0.425,0.0,0.92191184,0.90439403,0.9037146,0.1272727272727272,12.785344,2.0,0.85,0.0,1.84382368,1.80878806,1.8074292,0.2545454545454544
DB00835,371,1,train,22.0,4.0,0.74957,0.8571428571428571,0.5882352941176471,1.0,0.89564866,0.9099112,0.91806746,0.8,16.49054,3.4285714285714284,2.3529411764705883,4.0,3.58259464,3.6396448,3.67226984,3.2
DB01009,89,1,train,22.0,5.0,0.14574,0.6666666666666666,0.4590163934426229,0.0,0.87168276,0.91559917,0.8956543,0.3766233766233766,3.20628,3.333333333333333,2.295081967213114,0.0,4.3584138,4.57799585,4.4782715,1.883116883116883
DB00620,106,1,train,4.0,13.0,0.219885,1.0,0.5223880597014925,0.0,0.8773569,0.9132921,0.7561719,0.8518518518518519,0.87954,13.0,6.791044776119403,0.0,11.4056397,11.8727973,9.8302347,11.074074074074074
DB00242,44,1,train,7.0,4.0,0.236805,0.0,0.2432432432432432,0.0,0.831036,0.8196934,0.8168589,0.1171171171171171,1.657635,0.0,0.9729729729729728,0.0,3.324144,3.2787736,3.2674356,0.4684684684684684
DB00328,99,1,train,58.0,10.0,0.146914,0.4,0.4761904761904761,0.0,0.86068946,0.8417474,0.9306223,0.3333333333333333,8.521011999999999,4.0,4.761904761904761,0.0,8.6068946,8.417474,9.306223,3.333333333333333
DB00550,279,1,train,3.0,0.0,0.0,1.0,0.2195121951219512,0.0,0.7764908,0.92357063,0.8256046,0.1395348837209302,0.0,0.0,0.0,0.0,0.0,0.0,0.0,0.0
DB00331,41,1,train,11.0,6.0,0.544787,0.0,0.217391304347826,0.0,0.9082117,0.8671,0.9206743,0.0617283950617283,5.992657,0.0,1.304347826086956,0.0,5.4492702,5.2026,5.5240458,0.3703703703703698
DB01577,267,1,train,7.0,3.0,0.255168,0.4166666666666667,0.6341463414634146,0.0,0.8953318,0.88444614,0.67492414,0.4878048780487805,1.786176,1.25,1.902439024390244,0.0,2.6859954,2.65333842,2.02477242,1.4634146341463414
DB00612,21,1,train,5.0,1.0,0.274656,1.0,0.6,0.0,0.9118389,0.7483904,0.894358,0.647887323943662,1.37328,1.0,0.6,0.0,0.9118389,0.7483904,0.894358,0.647887323943662
DB00839,318,1,train,12.0,2.0,0.592596,0.6666666666666666,0.9,0.0,0.98871803,0.99226725,0.92676246,0.4814814814814814,7.111152000000001,1.3333333333333333,1.8,0.0,1.97743606,1.9845345,1.85352492,0.9629629629629628
DB00583,363,1,train,0.0,1.0,0.527565,0.0,0.0,0.0,0.0,0.0,0.0,0.0,0.0,0.0,0.0,0.0,0.0,0.0,0.0,0.0
DB00876,124,1,train,68.0,1.0,0.271532,1.0,0.4782608695652174,0.0,0.9965783,0.8978578,0.873335,0.3185185185185185,18.464176,1.0,0.4782608695652174,0.0,0.9965783,0.8978578,0.873335,0.3185185185185185
DB01019,167,1,train,0.0,0.0,0.0,0.0,0.0,0.0,0.0,0.0,0.0,0.0,0.0,0.0,0.0,0.0,0.0,0.0,0.0,0.0
DB01173,136,1,train,12.0,8.0,0.555551,0.1111111111111111,0.2191780821917808,0.0,0.86567175,0.9071313,0.89786226,0.3333333333333333,6.666612000000001,0.8888888888888888,1.7534246575342465,0.0,6.925374,7.2570504,7.18289808,2.6666666666666665
DB00515,20,1,train,4.0,6.0,0.185226,0.0,0.4482758620689655,0.0,0.86313844,0.92615783,0.85578793,0.0,0.740904,0.0,2.689655172413793,0.0,5.178830639999999,5.556946979999999,5.13472758,0.0
DB00975,328,1,train,7.0,0.0,0.0,0.0,0.1794871794871795,0.3333333333333333,0.8452041,0.8918132,0.8215116,0.0748299319727891,0.0,0.0,0.0,0.0,0.0,0.0,0.0,0.0
DB00382,37,1,train,10.0,7.0,0.519935,0.4,0.4666666666666667,0.0,0.9344021,0.91352874,0.90646344,0.1910112359550561,5.199350000000001,2.8000000000000003,3.2666666666666666,0.0,6.5408147,6.394701179999999,6.3452440800000005,1.3370786516853927
DB00494,344,1,train,9.0,8.0,0.764516,1.0,0.5,0.0,0.9435791,0.90381527,0.85180104,0.3493975903614458,6.880644,8.0,4.0,0.0,7.5486328,7.23052216,6.81440832,2.7951807228915664
DB01005,265,1,train,2.0,4.0,0.329523,0.0,0.1724137931034483,0.0,0.91613626,0.80878836,0.35810062,0.0217391304347826,0.659046,0.0,0.6896551724137931,0.0,3.66454504,3.23515344,1.43240248,0.0869565217391304
DB00241,117,1,train,20.0,1.0,0.28758,0.0425531914893617,0.2058823529411764,0.0,0.911037,0.8756191,0.8411287,0.1285714285714285,5.7516,0.0425531914893617,0.2058823529411764,0.0,0.911037,0.8756191,0.8411287,0.1285714285714285
DB01185,231,1,train,1.0,2.0,0.244616,0.4,0.282051282051282,0.0,0.92355597,0.7970576,0.7363255,0.4761904761904761,0.244616,0.8,0.564102564102564,0.0,1.84711194,1.5941152,1.472651,0.9523809523809522
DB01124,40,1,train,12.0,3.0,0.891319,0.6666666666666666,0.7142857142857143,0.0,0.9524824,0.9119417,0.93329906,0.6666666666666666,10.695828,2.0,2.142857142857143,0.0,2.8574472,2.7358251,2.79989718,2.0
DB01223,183,1,train,27.0,2.0,0.38905,0.2,0.6744186046511628,0.0,0.9224514,0.96066046,0.8245203,0.4430379746835443,10.50435,0.4,1.3488372093023255,0.0,1.8449028,1.92132092,1.6490406,0.8860759493670886
DB00989,9,1,train,7.0,14.0,0.419075,0.6666666666666666,0.3448275862068966,0.0,0.9759848,0.8837457,0.95241237,0.2083333333333333,2.933525,9.333333333333332,4.827586206896552,0.0,13.6637872,12.3724398,13.33377318,2.916666666666666
DB00325,405,1,train,54.0,1.0,0.271532,0.0,0.1818181818181818,0.0,0.9371955,0.7783882,0.8228949,0.0294117647058823,14.662728,0.0,0.1818181818181818,0.0,0.9371955,0.7783882,0.8228949,0.0294117647058823
DB01241,84,1,train,2.0,2.0,0.289174,0.2,0.4848484848484848,0.0,0.8282802,0.87288463,0.86221755,0.2465753424657534,0.578348,0.4,0.9696969696969696,0.0,1.6565604,1.74576926,1.7244351,0.4931506849315068
DB00341,347,1,train,32.0,2.0,0.471213,1.0,0.55,0.0,0.96058714,0.83815944,0.8579932,0.8117647058823529,15.078816,2.0,1.1,0.0,1.92117428,1.67631888,1.7159864,1.623529411764706
DB00945,392,1,train,20.0,16.0,0.776582,0.0909090909090909,0.3541666666666667,0.0,0.8770615,0.8780837,0.88281244,0.5172413793103449,15.53164,1.4545454545454544,5.666666666666667,0.0,14.032984,14.0493392,14.12499904,8.275862068965518
DB00328,73,1,train,28.0,10.0,0.776582,0.4,0.4918032786885246,0.0,0.86068946,0.8417474,0.9306223,0.4069767441860465,21.744296,4.0,4.918032786885246,0.0,8.6068946,8.417474,9.306223,4.069767441860465
DB00859,205,1,train,0.0,0.0,0.0,0.0,0.0,0.0,0.0,0.0,0.0,0.0,0.0,0.0,0.0,0.0,0.0,0.0,0.0,0.0
DB00672,41,1,train,11.0,3.0,0.544787,0.5,0.9,0.0,0.98871803,0.99226725,0.90891933,0.6666666666666666,5.992657,1.5,2.7,0.0,2.96615409,2.97680175,2.7267579900000003,2.0
DB00843,391,1,train,3.0,8.0,0.568937,0.1794871794871795,0.3448275862068966,0.0,0.9344021,0.86180466,0.90646344,0.1792452830188679,1.706811,1.435897435897436,2.7586206896551726,0.0,7.4752168,6.89443728,7.25170752,1.4339622641509433
DB01076,79,1,train,2.0,2.0,0.599422,0.3333333333333333,0.6,0.0,0.996179,0.87413967,0.9854858,0.2658227848101265,1.198844,0.6666666666666666,1.2,0.0,1.992358,1.74827934,1.9709716,0.531645569620253
DB00668,183,1,train,27.0,4.0,0.38905,0.3333333333333333,0.3846153846153846,0.0,0.89367306,0.8800346,0.832207,0.7045454545454546,10.50435,1.3333333333333333,1.5384615384615383,0.0,3.57469224,3.5201384,3.328828,2.8181818181818183
DB00764,362,1,train,37.0,3.0,0.998501,0.6666666666666666,0.5625,0.0,0.6182899,0.8877556,0.8954213,0.7241379310344828,36.944537,2.0,1.6875,0.0,1.8548697,2.6632668,2.6862639,2.1724137931034484
DB00163,220,1,train,0.0,10.0,0.586847,0.0,0.0,0.0,0.0,0.0,0.0,0.0,0.0,0.0,0.0,0.0,0.0,0.0,0.0,0.0
DB01101,85,1,train,5.0,3.0,0.466247,0.3333333333333333,0.4,0.0,0.93562824,0.78996015,0.8786464,0.2210526315789473,2.331235,1.0,1.2000000000000002,0.0,2.80688472,2.36988045,2.6359392,0.663157894736842
DB00682,13,1,train,1.0,4.0,0.32565,0.0,0.0789473684210526,0.0,0.7344237,0.8687529,0.76578367,0.2345679012345679,0.32565,0.0,0.3157894736842104,0.0,2.9376948,3.4750116,3.06313468,0.9382716049382716
DB00381,146,1,train,7.0,4.0,0.188214,0.125,0.54,0.0,0.9762738,0.8981225,0.8834127,0.5824175824175825,1.317498,0.5,2.16,0.0,3.9050952,3.59249,3.5336508,2.32967032967033
DB00327,396,1,train,10.0,1.0,0.204518,1.0,0.6785714285714286,0.0,0.9742391,0.8562505,0.85203755,0.782608695652174,2.04518,1.0,0.6785714285714286,0.0,0.9742391,0.8562505,0.85203755,0.782608695652174
DB01204,19,1,train,8.0,6.0,0.302671,1.0,0.3061224489795918,0.0,0.85093653,0.9007664,0.9359343,0.1455696202531645,2.421368,6.0,1.8367346938775508,0.0,5.10561918,5.404598399999999,5.6156058,0.873417721518987
DB00490,291,1,train,0.0,2.0,0.622906,0.0,0.0,0.0,0.0,0.0,0.0,0.0,0.0,0.0,0.0,0.0,0.0,0.0,0.0,0.0
DB01219,328,1,train,7.0,12.0,0.288836,0.0,0.0535714285714285,0.0,0.81267464,0.85560834,0.77261776,0.1967213114754098,2.021852,0.0,0.642857142857142,0.0,9.75209568,10.26730008,9.27141312,2.360655737704917
DB00501,163,1,train,14.0,3.0,0.079541,1.0,0.3846153846153846,0.0,0.9551051,0.9276167,0.87248707,0.2771084337349397,1.113574,3.0,1.1538461538461535,0.0,2.8653153,2.7828501,2.61746121,0.8313253012048192
DB00635,165,1,train,0.0,22.0,0.339355,0.0,0.0,0.0,0.0,0.0,0.0,0.0,0.0,0.0,0.0,0.0,0.0,0.0,0.0,0.0
DB00555,0,1,train,2.0,2.0,0.089572,0.3809523809523809,0.1403508771929824,0.0,0.9220963,0.8508462,0.80237234,0.2183908045977011,0.179144,0.7619047619047618,0.2807017543859648,0.0,1.8441926,1.7016924,1.60474468,0.4367816091954022
DB00307,280,1,train,32.0,1.0,0.129862,0.0,0.2653061224489796,0.0,0.8957392,0.7806481,0.8298917,0.2475247524752475,4.155584,0.0,0.2653061224489796,0.0,0.8957392,0.7806481,0.8298917,0.2475247524752475
DB01246,359,1,train,36.0,2.0,0.94294,1.0,0.4444444444444444,0.0,0.92223084,0.9549931,0.9682553,0.8,33.94584,2.0,0.8888888888888888,0.0,1.84446168,1.9099862,1.9365106,1.6
DB00604,298,1,train,7.0,1.0,0.100938,0.0,0.1617647058823529,0.0,0.8151935,0.77242696,0.73791206,0.1804511278195488,0.706566,0.0,0.1617647058823529,0.0,0.8151935,0.77242696,0.73791206,0.1804511278195488
DB00727,146,1,train,7.0,1.0,0.095691,0.0,0.125,0.0,0.84107107,0.77521074,0.887992,0.0927835051546391,0.669837,0.0,0.125,0.0,0.84107107,0.77521074,0.887992,0.0927835051546391
DB00366,89,1,train,22.0,1.0,0.106043,0.4285714285714285,0.52,0.0,0.8790168,0.89914435,0.8356899,0.4736842105263157,2.332946,0.4285714285714285,0.52,0.0,0.8790168,0.89914435,0.8356899,0.4736842105263157
DB00519,94,1,train,13.0,3.0,0.384394,1.0,0.75,0.0,0.9563627,1.0000001,0.8747977,0.717391304347826,4.997122,3.0,2.25,0.0,2.8690881,3.0000003,2.6243931,2.152173913043478
DB01235,134,1,train,14.0,8.0,0.48438,0.4285714285714285,0.3448275862068966,0.0,0.9347576,0.8449334,0.8395817,0.5490196078431373,6.78132,3.428571428571428,2.7586206896551726,0.0,7.4780608,6.7594672,6.7166536,4.392156862745098
DB00590,311,1,train,4.0,4.0,0.081461,0.8571428571428571,0.5555555555555556,0.0,0.868598,0.90461755,0.8184248,0.6509433962264151,0.325844,3.4285714285714284,2.2222222222222223,0.0,3.474392,3.6184702,3.2736992,2.60377358490566
DB01067,43,1,train,14.0,2.0,0.510678,1.0,0.7058823529411765,0.0,0.8910826,0.78742814,0.8727716,0.5684210526315789,7.149492,2.0,1.411764705882353,0.0,1.7821652,1.57485628,1.7455432,1.136842105263158
DB00241,89,1,train,22.0,1.0,0.28758,0.8,0.1666666666666666,0.0,0.9090673,0.90929204,0.83877337,0.1388888888888889,6.32676,0.8,0.1666666666666666,0.0,0.9090673,0.90929204,0.83877337,0.1388888888888889
DB00214,129,1,train,3.0,5.0,0.284176,0.25,0.3902439024390244,0.0,0.9728829,0.87817466,0.8805765,0.23,0.852528,1.25,1.951219512195122,0.0,4.8644145,4.3908733,4.4028825,1.15
DB00881,124,1,train,68.0,2.0,0.384394,1.0,0.6875,0.0,0.9688097,0.89143634,0.88023067,0.6964285714285714,26.138792,2.0,1.375,0.0,1.9376194,1.78287268,1.76046134,1.3928571428571428
DB01620,371,1,train,22.0,3.0,0.74957,0.3333333333333333,0.5333333333333333,0.0,0.9758403,0.8922979,0.90421176,0.6825396825396826,16.49054,1.0,1.6,0.0,2.9275209,2.6768937,2.71263528,2.0476190476190474
DB00457,99,1,train,58.0,6.0,0.057637,0.7142857142857143,0.4193548387096774,0.0,0.82917917,0.8450569,0.8184248,0.6509433962264151,3.342946,4.285714285714286,2.516129032258064,0.0,4.97507502,5.0703414,4.9105488,3.9056603773584895
DB00847,203,1,train,0.0,1.0,0.375342,0.0,0.0,0.0,0.0,0.0,0.0,0.0,0.0,0.0,0.0,0.0,0.0,0.0,0.0,0.0
DB00654,334,1,train,10.0,2.0,0.476518,1.0,0.4827586206896552,0.0,0.8864913,0.8899895,0.8845833,0.5779816513761468,4.76518,2.0,0.9655172413793104,0.0,1.7729826,1.779979,1.7691666,1.1559633027522935
DB00605,392,1,train,20.0,5.0,0.569526,0.2857142857142857,0.76,0.0,0.96337926,0.92103696,0.8581745,0.3269230769230769,11.39052,1.4285714285714284,3.8,0.0,4.8168963,4.6051848,4.2908725,1.6346153846153846
DB00883,124,1,train,68.0,3.0,0.177248,1.0,0.1944444444444444,0.0,0.86228174,0.9083988,0.93002695,0.088235294117647,12.052864,3.0,0.5833333333333331,0.0,2.58684522,2.7251964,2.79008085,0.264705882352941
DB01050,128,1,train,21.0,8.0,0.569526,0.25,0.5,0.0,0.8612133,0.94172573,0.8864913,0.4032258064516129,11.960046,2.0,4.0,0.0,6.8897064,7.53380584,7.0919304,3.225806451612903
DB01216,8,1,train,7.0,4.0,0.328582,0.0,0.1612903225806451,0.0,0.81687856,0.80939937,0.73773044,0.24,2.300074,0.0,0.6451612903225804,0.0,3.26751424,3.23759748,2.95092176,0.96
DB00136,94,1,train,13.0,6.0,0.551875,0.0357142857142857,0.4666666666666667,0.0,0.88856655,0.86335325,0.8000023,0.4727272727272727,7.174375,0.2142857142857142,2.8,0.0,5.331399299999999,5.1801195,4.8000138,2.8363636363636364
DB00494,136,1,train,12.0,8.0,0.555551,0.0,0.2272727272727272,0.0,0.9083415,0.83612424,0.85180104,0.1944444444444444,6.666612000000001,0.0,1.8181818181818177,0.0,7.266732,6.68899392,6.81440832,1.5555555555555551
DB00831,149,1,train,16.0,0.0,0.0,0.2,0.4693877551020408,0.0,0.88275045,0.9934724,0.9931022,0.6078431372549019,0.0,0.0,0.0,0.0,0.0,0.0,0.0,0.0
DB00776,386,1,train,3.0,6.0,0.819887,0.0,0.1944444444444444,0.0,0.9450351,0.87481844,0.87609833,0.2375,2.459661,0.0,1.1666666666666663,0.0,5.6702106,5.24891064,5.25658998,1.4249999999999998
DB01167,340,1,train,0.0,2.0,0.208508,0.0,0.0,0.0,0.0,0.0,0.0,0.0,0.0,0.0,0.0,0.0,0.0,0.0,0.0,0.0
DB00764,322,1,train,21.0,3.0,0.38905,0.5,0.5135135135135135,0.0,0.6379218,0.86551523,0.87866545,0.4067796610169492,8.17005,1.5,1.5405405405405403,0.0,1.9137654,2.59654569,2.63599635,1.2203389830508475
DB01085,124,1,train,68.0,0.0,0.0,0.1351351351351351,0.1707317073170731,0.0,0.9225494,0.86313295,0.8358893,0.1358024691358024,0.0,0.0,0.0,0.0,0.0,0.0,0.0,0.0
DB00268,135,1,train,14.0,7.0,0.555551,0.5294117647058824,0.2903225806451613,0.0,0.9755847,0.87996083,0.8640535,0.2688172043010752,7.777714,3.7058823529411766,2.032258064516129,0.0,6.8290929,6.15972581,6.0483745,1.8817204301075263
DB01101,65,1,train,5.0,3.0,0.411015,1.0,0.425,0.0,0.8977733,0.7298729,0.89639544,0.1756756756756756,2.055075,3.0,1.275,0.0,2.6933199,2.1896187,2.68918632,0.5270270270270268
DB01259,24,1,train,16.0,1.0,0.241727,0.0,0.1851851851851851,0.0,0.9405725,0.84188795,0.8869623,0.2090395480225988,3.867632,0.0,0.1851851851851851,0.0,0.9405725,0.84188795,0.8869623,0.2090395480225988
DB00419,383,1,train,0.0,4.0,0.603708,0.0,0.0,0.0,0.0,0.0,0.0,0.0,0.0,0.0,0.0,0.0,0.0,0.0,0.0,0.0
DB01579,267,1,train,7.0,2.0,0.255168,0.2,0.375,0.0,0.94922805,0.8983952,0.8830989,0.2962962962962963,1.786176,0.4,0.75,0.0,1.8984561,1.7967904,1.7661978,0.5925925925925926
DB00741,358,1,train,36.0,4.0,0.471213,0.5,0.6376811594202898,1.0,0.90550476,0.99999976,0.8836902,0.5106382978723404,16.963668,2.0,2.550724637681159,4.0,3.62201904,3.99999904,3.5347608,2.042553191489361
DB01197,405,1,train,54.0,4.0,0.270297,0.4,0.68,0.0,0.9376862,1.0000001,0.90809387,0.3658536585365853,14.596038,1.6,2.72,0.0,3.7507448,4.0000004,3.63237548,1.4634146341463412
DB01105,297,1,train,5.0,2.0,0.255168,0.5,0.3076923076923077,0.0,0.9100889,0.8358363,0.8830989,0.1976744186046511,1.27584,1.0,0.6153846153846154,0.0,1.8201778,1.6716726,1.7661978,0.3953488372093022
DB00434,359,1,train,36.0,10.0,0.94294,0.3636363636363636,0.375,0.0,0.8940226,0.8934249,0.8185427,0.5,33.94584,3.636363636363636,3.75,0.0,8.940226,8.934249,8.185426999999999,5.0
DB00860,229,1,train,1.0,13.0,0.366319,0.5,0.32,0.0,0.7977659,0.73477995,0.79635745,0.5157894736842106,0.366319,6.5,4.16,0.0,10.3709567,9.55213935,10.35264685,6.705263157894738
DB00721,99,1,train,58.0,0.0,0.0,0.0689655172413793,0.5172413793103449,0.0,0.87744653,0.906903,0.8627666,0.6271186440677966,0.0,0.0,0.0,0.0,0.0,0.0,0.0,0.0
DB01023,124,1,train,68.0,2.0,0.271532,0.3846153846153846,0.5789473684210527,0.0,0.9762738,0.908818,0.7687064,0.5824175824175825,18.464176,0.7692307692307692,1.1578947368421053,0.0,1.9525476,1.817636,1.5374128,1.164835164835165
DB00399,280,1,train,32.0,6.0,0.208968,0.5,0.6363636363636364,0.0,0.9480796,1.0,0.8266542,0.4693877551020408,6.686976,3.0,3.8181818181818175,0.0,5.688477600000001,6.0,4.9599252,2.816326530612245
DB00222,43,1,train,14.0,2.0,0.592596,0.6666666666666666,0.7058823529411765,0.0,0.95370656,0.8498899,0.89974564,0.5041322314049587,8.296344,1.3333333333333333,1.411764705882353,0.0,1.90741312,1.6997798,1.79949128,1.008264462809917
DB00993,147,1,train,3.0,6.0,0.379231,0.0,0.0588235294117647,0.0,0.86076975,0.80709004,0.83908343,0.0683760683760683,1.137693,0.0,0.3529411764705882,0.0,5.1646185,4.84254024,5.03450058,0.4102564102564098
DB00586,99,1,train,58.0,7.0,0.146914,1.0,0.4864864864864865,0.0,0.98254085,0.8542499,0.88576955,0.5217391304347826,8.521011999999999,7.0,3.4054054054054057,0.0,6.87778595,5.9797493,6.20038685,3.652173913043478
DB01088,405,1,train,54.0,3.0,0.404717,0.0,0.0967741935483871,0.0,0.81579626,0.85510904,0.8379346,0.1641791044776119,21.854718,0.0,0.2903225806451612,0.0,2.4473887800000003,2.56532712,2.5138038,0.4925373134328357
DB00635,222,1,train,6.0,22.0,0.289316,1.0,0.5362318840579711,1.0,0.893782,0.9295207,0.92796224,0.5106382978723404,1.735896,22.0,11.797101449275363,22.0,19.663204,20.4494554,20.41516928,11.234042553191488
DB00376,135,1,train,14.0,5.0,0.555551,0.8,0.8333333333333334,0.0,0.9617435,0.87996083,0.8361019,0.953846153846154,7.777714,4.0,4.166666666666667,0.0,4.8087175,4.3998041500000005,4.180509499999999,4.76923076923077
DB00482,376,1,train,15.0,9.0,0.142341,0.1428571428571428,0.4423076923076923,0.0,0.94953823,0.93078953,0.88903975,0.2551020408163265,2.135115,1.2857142857142851,3.980769230769231,0.0,8.545844070000001,8.37710577,8.00135775,2.295918367346938
DB01234,156,1,train,5.0,17.0,0.364205,0.2,0.4418604651162791,0.0,0.9309014,0.9295207,0.8765129,0.8518518518518519,1.821025,3.4000000000000004,7.511627906976744,0.0,15.8253238,15.8018519,14.9007193,14.48148148148148
DB00122,99,1,train,58.0,5.0,0.146914,0.0666666666666666,0.087719298245614,0.0,0.5831057,0.78295714,0.83405864,0.2105263157894736,8.521011999999999,0.333333333333333,0.43859649122807,0.0,2.9155285,3.9147857,4.1702932,1.052631578947368
DB00368,95,1,train,2.0,0.0,0.0,0.25,0.475,0.0,0.81096095,0.90975535,0.78998405,0.3541666666666667,0.0,0.0,0.0,0.0,0.0,0.0,0.0,0.0
DB00682,382,1,train,9.0,4.0,0.324812,0.0,0.1325301204819277,0.0,0.8804152,0.85075843,0.829583,0.3173076923076923,2.923308,0.0,0.5301204819277108,0.0,3.5216608,3.40303372,3.318332,1.2692307692307692
DB01235,364,1,train,10.0,8.0,0.574146,0.7142857142857143,0.2666666666666666,0.0,0.92413,0.8449334,0.81718135,0.2297297297297297,5.74146,5.714285714285714,2.133333333333333,0.0,7.39304,6.7594672,6.5374508,1.8378378378378373
DB00575,7,1,train,4.0,10.0,0.303474,0.0,0.1111111111111111,0.0,0.7980805,0.77158123,0.6577592,0.1764705882352941,1.213896,0.0,1.1111111111111112,0.0,7.980805,7.7158123,6.577592,1.7647058823529411
DB00695,78,1,train,3.0,9.0,0.265387,0.0,0.0253164556962025,0.0,0.8385072,0.7001294,0.7581977,0.1130434782608695,0.7961609999999999,0.0,0.2278481012658225,0.0,7.5465648,6.3011646,6.8237793,1.0173913043478255
DB01577,332,1,train,5.0,3.0,0.223479,0.4166666666666667,0.3555555555555555,0.0,0.8953318,0.88444614,0.67492414,0.4878048780487805,1.117395,1.25,1.0666666666666664,0.0,2.6859954,2.65333842,2.02477242,1.4634146341463414
DB00852,371,1,train,22.0,6.0,0.749555,0.1363636363636363,0.0769230769230769,1.0,0.9398663,0.9021074,0.8089472,0.3076923076923077,16.490209999999998,0.8181818181818178,0.4615384615384614,6.0,5.6391978,5.4126444,4.8536832,1.8461538461538465
DB01327,321,1,train,0.0,0.0,0.0,0.0,0.0,0.0,0.0,0.0,0.0,0.0,0.0,0.0,0.0,0.0,0.0,0.0,0.0,0.0
DB00492,124,1,train,68.0,3.0,0.384394,1.0,0.5652173913043478,0.0,0.9688097,1.0000001,0.9311229,0.4626865671641791,26.138792,3.0,1.6956521739130437,0.0,2.9064291,3.0000003,2.7933687,1.388059701492537
DB00945,103,1,train,3.0,16.0,0.370578,0.0689655172413793,0.2857142857142857,0.0,0.78940505,0.86628777,0.88281244,0.2394366197183098,1.111734,1.1034482758620687,4.571428571428571,0.0,12.6304808,13.86060432,14.12499904,3.8309859154929566
DB00193,392,1,train,20.0,4.0,0.776582,0.0333333333333333,0.1333333333333333,0.0,0.8682239,0.86626834,0.88365555,0.2195121951219512,15.53164,0.1333333333333332,0.5333333333333332,0.0,3.4728956,3.46507336,3.5346222,0.8780487804878048
DB01165,314,1,train,8.0,1.0,0.0,0.0,0.2083333333333333,0.0,0.82039595,0.82624304,0.8262086,0.1386861313868613,0.0,0.0,0.2083333333333333,0.0,0.82039595,0.82624304,0.8262086,0.1386861313868613
DB00835,359,1,train,36.0,4.0,0.944425,0.8571428571428571,0.5882352941176471,0.0,0.87819475,0.9099112,0.91806746,0.6825396825396826,33.9993,3.4285714285714284,2.3529411764705883,0.0,3.512779,3.6396448,3.67226984,2.7301587301587302
DB00302,60,1,train,0.0,4.0,0.386371,0.0,0.0,0.0,0.0,0.0,0.0,0.0,0.0,0.0,0.0,0.0,0.0,0.0,0.0,0.0
DB00712,4,1,train,0.0,6.0,0.225634,0.0,0.0,0.0,0.0,0.0,0.0,0.0,0.0,0.0,0.0,0.0,0.0,0.0,0.0,0.0
DB00373,334,1,train,10.0,4.0,0.476518,0.6666666666666666,0.5,0.0,0.8841315,0.8491448,0.8588558,0.1818181818181818,4.76518,2.6666666666666665,2.0,0.0,3.536526,3.3965792,3.4354232,0.7272727272727272
DB01176,89,1,train,22.0,0.0,0.0,0.3333333333333333,0.52,0.0,0.9539749,1.0,0.99943554,0.4835164835164835,0.0,0.0,0.0,0.0,0.0,0.0,0.0,0.0
DB00909,385,1,train,4.0,10.0,0.789669,0.2682926829268293,0.1551724137931034,0.0,0.94273245,0.9109501,0.9071015,0.2352941176470588,3.158676,2.682926829268293,1.551724137931034,0.0,9.4273245,9.109501,9.071015,2.352941176470588
DB00635,359,1,train,36.0,22.0,0.944425,1.0,0.6349206349206349,0.0,0.87960887,0.9295207,0.89477754,0.5760869565217391,33.9993,22.0,13.968253968253968,0.0,19.35139514,20.4494554,19.68510588,12.673913043478262
DB00654,68,1,train,10.0,2.0,0.626537,1.0,0.4827586206896552,0.0,0.8864913,0.80662143,0.8845833,0.5779816513761468,6.26537,2.0,0.9655172413793104,0.0,1.7729826,1.61324286,1.7691666,1.1559633027522935
DB00741,222,1,train,6.0,4.0,0.129661,0.5,0.5362318840579711,1.0,0.9272375,0.99999976,0.87721825,0.5106382978723404,0.7779659999999999,2.0,2.1449275362318843,4.0,3.70895,3.99999904,3.508873,2.042553191489361
DB00544,12,1,train,5.0,2.0,0.14567,0.0,0.1020408163265306,0.0,0.770675,0.79911685,0.7785338,0.0851063829787234,0.7283499999999999,0.0,0.2040816326530612,0.0,1.54135,1.5982337,1.5570676,0.1702127659574468
